frame,time_s,Gx,Gy,Bx,By,theta1_rad,theta2_rad,theta1_deg,theta2_deg,omega1_rad_s,omega2_rad_s,p1,p2,theta1_interpolated,theta2_rel_interpolated
74,1.2332098218584495,1273.0,240.0,1192.0,479.0,1.7946465734530772,-0.32676304374486015,102.82567437647621,-18.72214330742918,-4.920621025365307,-3.380212302626873,-0.0542241950282258,0.002678198923696859,False,False
75,1.249874819451131,1278.0,271.0,1185.0,506.0,1.7063240407803975,-0.3768326243527169,97.76516601842535,-21.590918958249446,-5.789415720630878,-2.937211309526484,-0.06590236556204257,0.00430068346188722,False,False
76,1.2665398170438131,1282.0,308.0,1178.0,538.0,1.6016853753583813,-0.42466028254977345,91.76981211586231,-24.33124191693506,-6.68693500095322,-2.393425114408881,-0.07812235700614417,0.005570398712080821,False,False
77,1.283204814636495,1280.0,350.0,1168.0,578.0,1.4834485293937856,-0.45660547189249395,84.99533985915257,-26.161566442019243,-7.661710531802221,-1.1697369361803336,-0.09208562431541109,0.007080872007506605,False,False
78,1.2998698122291763,1272.0,398.0,1159.0,624.0,1.3463206002217676,-0.4636476090008061,77.13848826422705,-26.56505117707799,-8.638555866977292,0.9093020924721529,-0.1060964084788056,0.008272522120120699,False,False
79,1.3165348098218583,1256.0,449.0,1152.0,678.0,1.1955255039389392,-0.4262984375283544,68.4985656759521,-24.425101283396092,-9.45021798044344,3.6913107217165706,-0.11590947897743069,0.007888719916739454,False,False
80,1.33319980741454,1230.0,501.0,1146.0,738.0,1.0313448804329512,-0.34061624041831295,59.091708871232626,-19.515873009582698,-10.50702778301233,7.103641918465651,-0.12357725652625212,0.005321460532076957,False,False
81,1.349864805007222,1191.0,554.0,1144.0,799.0,0.8453263185186561,-0.18953408658734539,48.43363036245052,-10.859503235321995,-11.77216101076344,11.68787211086821,-0.12402287442701736,0.00023011843043333965,False,False
82,1.3665298025999035,1137.0,603.0,1149.0,848.0,0.638978810622881,0.048940480764067804,36.61078904698017,2.8040829951222754,-13.1586951739281,16.938721095033614,-0.11432298829407281,-0.006961114997985504,False,False
83,1.3831948001925851,1066.0,644.0,1153.0,865.0,0.40674707172597097,0.37503340595633455,23.304890539203114,21.48783133771444,-14.063110327710021,19.736943306149175,-0.1067986155303013,-0.012431843732580022,False,False
84,1.3998597977852671,986.0,668.0,1138.0,846.0,0.1702554111090685,0.7067727061318146,9.754916495814376,40.49509313639298,-13.727898046175422,17.10431537516483,-0.11921071198021913,-0.009519018196546436,False,False
85,1.416524795377949,908.0,673.0,1099.0,811.0,-0.050803704058221655,0.9451201550595241,-2.9108378261677537,54.151396017660666,-12.807126278247164,10.951367154929912,-0.1366946200892796,-0.004154392526747749,False,False
86,1.4331897929706303,836.0,662.0,1047.0,777.0,-0.25660604608324805,1.071781720678776,-14.702443438109622,61.40856915416314,-11.933146198911357,4.694352838314405,-0.1418829541787918,-0.0013850836713993325,False,False
87,1.4498547905633123,772.0,639.0,987.0,748.0,-0.4485354094141741,1.1015829125589363,-25.699185921604627,63.116051673355855,-11.371642173377364,-1.0312831154376951,-0.13880242460968484,-0.0025338014443573266,False,False
88,1.4665197881559942,715.0,605.0,925.0,729.0,-0.635622824971596,1.0374090594064918,-36.41850523305508,59.43916073262847,-10.82111707975062,-6.166443374640711,-0.12994981276681797,-0.006908609342187233,False,False
89,1.483184785748676,668.0,565.0,858.0,717.0,-0.8092031895825182,0.8960553845713439,-46.36392753160292,51.34019174590991,-9.996248748085037,-10.726080293318752,-0.11723174656519557,-0.01392431980499245,False,False
90,1.4998497833413575,632.0,521.0,784.0,709.0,-0.9687977476169652,0.6799088548723576,-55.50802214023241,38.95590783775889,-9.014362295100401,-14.524983929201234,-0.1062621841313862,-0.02251054215235045,False,False
91,1.5165147809340394,606.0,478.0,703.0,700.0,-1.1096518414773355,0.4119377401435855,-63.578367245571194,23.602293932384274,-7.770017286739751,-17.29805592359009,-0.09758664166985385,-0.0308063512154761,False,False
92,1.5331797785267212,590.0,439.0,615.0,680.0,-1.2277723863741932,0.10336473422294937,-70.3461759419467,5.922363021466461,-6.2006652539863225,-19.20098907620238,-0.09061166510274546,-0.03763499195708942,False,False
93,1.549844776119403,580.0,409.0,525.0,646.0,-1.3163199845387512,-0.22803113332045924,-75.41957960279622,-13.065221536847313,-4.303565085239079,-20.435560326581903,-0.08363539347222526,-0.041467823763353916,False,False
94,1.5665097737120846,575.0,390.0,442.0,594.0,-1.3712101899451101,-0.5777523930722284,-78.56455670918676,-33.10277372662207,-2.3362000078627574,-21.922735696775923,-0.07898592274277984,-0.042832118585372614,False,False
95,1.5831747713047664,573.0,382.0,375.0,521.0,-1.3941855195528623,-0.9587158085439954,-79.88094612863293,-54.930369582043205,-0.5095715795207241,-23.652132967212903,-0.07662574303136616,-0.04192359549515506,False,False
96,1.5998397688974482,574.0,384.0,338.0,433.0,-1.3881942082371341,-1.3660778709930146,-79.53766927649272,-78.27049649411668,0.8704700389192013,-24.50642340360939,-0.06982216205190786,-0.03900882230962481,False,False
97,1.61650476649013,576.0,392.0,340.0,343.0,-1.365172757346682,-1.7755147825967785,-78.21863730220213,-101.72950350588332,1.2820696637399465,-23.922754846208548,-0.056383569242228045,-0.03700904794985752,False,False
98,1.6331697640828116,577.0,399.0,378.0,265.0,-1.3454628325173812,-2.1634231748377744,-77.08934179496308,-123.95501721899767,1.1197066824250044,-22.723932585450967,-0.03735076040207163,-0.03630742621729802,False,False
99,1.6498347616754934,579.0,405.0,441.0,207.0,-1.3278529390124376,-2.5329033462623816,-76.08036921945498,-145.12467165539783,0.793097348735607,-21.577071211123396,-0.01566124181798474,-0.03593039701494668,False,False
100,1.6664997592681752,580.0,408.0,518.0,174.0,-1.3190289017024988,-2.882586854418765,-75.57478912332951,-165.16006083808708,0.4271845634091278,-20.982577124261496,0.004712931433789576,-0.03583592301111295,False,False
101,1.683164756860857,580.0,410.0,602.0,168.0,-1.3136148795707496,3.050932766389048,-75.26458850498986,174.8055710922652,0.32441258624657365,-21.189067773544423,0.027671936977916874,-0.03656191088078314,False,False
102,1.6998297544535386,580.0,412.0,686.0,191.0,-1.3082162317648292,2.694366925886247,-74.95526877063305,154.37585331291982,0.2647862230894944,-21.529899291813763,0.04929721784526904,-0.037347660761134285,False,False
103,1.7164947520462204,581.0,413.0,760.0,242.0,-1.3047895560300262,2.333341326651537,-74.75893471326896,133.69061018058946,0.36785783839013675,-20.65361993180801,0.06411029351708517,-0.03634601859510186,False,False
104,1.7331597496389022,582.0,416.0,810.0,310.0,-1.2959555317823874,2.0059818729987553,-74.25278240776302,114.93429510257658,0.8761281157699585,-22.878641164385797,0.08484204494585607,-0.04192493455956725,False,False
105,1.749824747231584,584.0,423.0,836.0,423.0,-1.2755882101496516,1.5707963267948966,-73.08582083822176,90.0,1.9384049197305444,-23.380288261963983,0.09709160846356557,-0.04603127662068211,False,False
106,1.7664897448242656,589.0,438.0,829.0,524.0,-1.231348505140484,1.226716977795086,-70.55107245429268,70.28570548470195,3.511608325042417,-20.557351112923158,0.09517378968338526,-0.04405910097552617,False,False
107,1.7831547424169474,599.0,462.0,796.0,623.0,-1.1585463215831053,0.8856199131773426,-66.37981459711817,50.74228327780413,5.193348698165117,-20.46984437325449,0.09399755410829762,-0.04274358549854552,False,False
108,1.7998197400096292,615.0,494.0,747.0,712.0,-1.0582542180347263,0.5444571633893712,-60.63350034530703,31.19509758787565,7.072996277581407,-21.577387444226645,0.08855017229859534,-0.037603258916242534,False,False
109,1.816484737602311,642.0,534.0,684.0,784.0,-0.9228033897052224,0.16644569354854338,-52.8727395504754,9.536635758459411,9.381208459026713,-24.86955044026601,0.0766314131093278,-0.02822090012215294,False,False
110,1.8331497351949928,685.0,580.0,616.0,816.0,-0.7455785852624736,-0.28444483304685253,-42.71850623087453,-16.297488437887974,11.66081512304164,-29.456200933714513,0.05564913154605078,-0.01603546447280913,False,False
111,1.8498147327876744,745.0,625.0,573.0,787.0,-0.5341484777968324,-0.8153293417512567,-30.604453411095857,-46.71493019552655,12.36819146886502,-29.983391936274785,0.05631234776064921,-0.012209340715465616,False,False
112,1.866479730380356,810.0,654.0,583.0,721.0,-0.3333468231535526,-1.2837911419237478,-19.099366080792393,-73.55581420851122,11.182379001099331,-24.903014788122732,0.08889249943029442,-0.02120049222920281,False,False
113,1.883144727973038,869.0,669.0,628.0,651.0,-0.16143983952928123,-1.6453467047404242,-9.24982145029709,-94.27142201738391,9.831899582567816,-18.960322472722112,0.11454553058150624,-0.02958996910891271,False,False
114,1.89980972556572,924.0,673.0,693.0,590.0,-0.005649657403584373,-1.9157385986525257,-0.3237015249202234,-109.76373635309642,9.184992844138776,-14.330433677487065,0.12771506538059538,-0.034518554858319256,False,False
115,1.9164747231584012,977.0,669.0,766.0,539.0,0.1446959277434596,-2.1229799902152395,8.290465972430153,-121.63779343005803,8.938439335440211,-11.002886271970254,0.13223407743437024,-0.037633018042957204,False,False
116,1.9331397207510832,1028.0,658.0,839.0,495.0,0.29226848261129845,-2.282464745122391,16.74575053832009,-130.77559678291615,8.697353618357518,-8.44913805970117,0.12950845248872936,-0.038523754253351736,False,False
117,1.949804718343765,1075.0,640.0,908.0,456.0,0.4345786819687224,-2.404589721065552,24.899524343165844,-137.772842477596,8.449368507823161,-6.97745822286015,0.1249503700897025,-0.038402754651395095,False,False
118,1.9664697159364464,1118.0,616.0,978.0001410174873,422.59617510277485,0.5738858942964037,-2.515023394096392,32.88123966527481,-144.10022585839084,8.065986881328296,-6.626684007403412,0.12013096256154071,-0.037767000029346305,False,True
119,1.9831347135291284,1155.0,589.0,1033.0,374.0,0.7034179858885984,-2.6254570671272313,40.302881825009585,-150.4276092391856,7.425645512597537,-6.425408005760971,0.11131933567127324,-0.03493114850833319,False,False
120,1.9997997111218104,1185.0,560.0,1087.0,336.0,0.8213826234794999,-2.729182211992406,47.06175769075854,-156.3706222693432,6.666165844966876,-7.389332916322985,0.10358669803269419,-0.03270561735781065,False,False
121,2.016464708714492,1209.0,532.0,1144.0,297.0,0.92560126140618,-2.871743497651324,53.03304579055936,-164.5387822595581,5.877805047171702,-9.272299790494799,0.0958376287565174,-0.031136323121345823,False,False
122,2.033129706307174,1227.0,505.0,1202.0,264.0,1.0172898374022372,-3.038227919366844,58.28641422469795,-174.07763697853355,5.181462790834384,-10.714879102195425,0.08469546679043624,-0.028693375862455295,False,False
123,2.049794703899856,1241.0,480.0,1262.0,240.0,1.0982993912778327,3.0543149406403316,62.927919762007235,174.99935540244155,4.703351142604845,-11.761621858151614,0.07189091301159088,-0.025895919966396445,False,False
124,2.066459701492537,1253.0,456.0,1321.0,227.0,1.1740525083403293,2.852942587908489,67.26825365464875,163.46156948028727,4.254967519553276,-12.926112796081838,0.05648857304078317,-0.023589784118526747,False,False
125,2.083124699085219,1261.0,434.0,1379.0,227.0,1.2401174382184177,2.623487663381466,71.05349531049094,150.31477071639603,3.751602155011355,-14.189713166798185,0.03708808802463574,-0.021946188029688483,False,False
126,2.0997896966779006,1267.0,414.0,1431.0,242.0,1.2990933901042574,2.379999516377415,74.43256844631617,136.3639275316029,3.434126427342214,-15.065766856852406,0.018621074144221744,-0.020432646351034568,False,False
127,2.1164546942705824,1272.0,395.0,1474.0,271.0,1.3545768555076636,2.1213457265787645,77.61153684669146,121.54415702107632,3.0580461279832605,-16.03354517380683,-0.0006031819872154842,-0.020160608872985975,False,False
128,2.133119691863264,1276.0,379.0,1503.0,315.0,1.4010180528265581,1.8456015329301312,80.2724214485984,105.74517849977154,2.5884803866357515,-17.287275473672082,-0.01966232815807746,-0.02186057474857623,False,False
129,2.149784689455946,1278.0,365.0,1512.0,371.0,1.440850894331641,1.545160918273219,82.55467515285318,88.53119928561418,1.8764629575570382,-17.57586472733766,-0.0345002489610674,-0.02389867230747599,False,False
130,2.166449687048628,1279.0,357.0,1503.0,429.0,1.4635605541674486,1.2597980461893556,83.85584281562271,72.18111108547723,0.8494990353484582,-16.942887897384082,-0.04411364887292964,-0.02621333606365466,False,False
131,2.1831146846413096,1279.0,355.0,1476.0,487.0,1.4691646930897762,0.9804545462272519,84.17693632367707,56.175907503235806,-0.3456634132800147,-16.006679972062557,-0.050619393107755956,-0.028347441502956514,False,False
132,2.199779682233991,1278.0,361.0,1437.0,540.0,1.4520395942670703,0.7262954797868606,83.19574043739158,41.6136656712163,-1.7944258764977121,-14.395046224405519,-0.057244712101691575,-0.02899906581211378,False,False
133,2.216444679826673,1276.0,376.0,1392.0,588.0,1.4093564872656155,0.5006677248747361,80.75017854970292,28.68614757373944,-3.1907571297735515,-12.835181818104274,-0.06483454996685757,-0.028367813970467733,False,False
134,2.2331096774193546,1271.0,398.0,1343.0,632.0,1.3456916744940532,0.2984989315861793,77.10245347440183,17.102728969052375,-4.622454055284663,-11.336109828265421,-0.07500324709926613,-0.02695477640733761,False,False
135,2.2497746750120364,1263.0,429.0,1293.0,672.0,1.255290115858413,0.12283523887789499,71.9228257031752,7.037940763184669,-5.983244580953411,-9.441700976959453,-0.08615221173017064,-0.02446789942576424,False,False
136,2.2664396726047182,1249.0,465.0,1245.0,712.0,1.146270161418023,-0.016192916517521822,65.67644243103233,-0.9277857744616792,-7.1407234574306315,-6.9653107201090165,-0.09619666083297068,-0.021208893331617216,False,False
137,2.2831046701974,1227.0,505.0,1200.0,751.0,1.0172898374022372,-0.10931853388790005,58.28641422469795,-6.26349061433454,-8.367592583217544,-4.269502540624899,-0.10810730717470014,-0.019099797315752752,False,False
138,2.299769667790082,1196.0,548.0,1157.0,792.0,0.8673783409062982,-0.15849541564044822,49.697118174990415,-9.081118388369461,-9.417098615467747,-1.2353526399637076,-0.116989700849858,-0.018137350430564803,False,False
139,2.316434665382764,1155.0,589.0,1118.0,833.0,0.7034179858885984,-0.15049283143011463,40.302881825009585,-8.622604087919314,-10.521549739017809,2.6597773336206387,-0.12262361282987293,-0.018153680995992124,False,False
140,2.333099662975445,1101.0,627.0,1084.0,870.0,0.5166951387622772,-0.06984504991674083,29.60445074600491,-4.001826580109811,-11.53160653275509,6.51248204503969,-0.12287547940086964,-0.020407595430015208,False,False
141,2.349764660568127,1037.0,655.0,1053.0,895.0,0.3190695956723733,0.06656816377582381,18.281341202972627,3.8140748342903543,-12.107537217677226,9.014432330558236,-0.1190518256249335,-0.02309189022484462,False,False
142,2.3664296581608086,966.0,671.0,1020.0,901.0,0.1131509815904845,0.2306059362595526,6.4830736928972374,13.212746878335242,-12.369731864005264,9.46630128224757,-0.12004259025068753,-0.02416149475265135,False,False
143,2.3830946557534904,893.0,672.0,981.0,891.0,-0.09321350779916102,0.3820799399363353,-5.340740590501709,21.891567994964007,-11.895989314853008,6.935018757919295,-0.12488358411503879,-0.022881029631860138,False,False
144,2.3997596533461723,827.0,659.0,932.0,870.0,-0.28334228499870323,0.46175007807140983,-16.234317088018635,26.456330663328046,-11.038561895827481,2.5040989574022205,-0.128625755644803,-0.02236135710451109,False,False
145,2.416424650938854,768.0,637.0,874.0,848.0,-0.46112872264042926,0.46554154613022614,-26.420729619555328,26.67356578125688,-10.26531067099502,-1.8543664519156096,-0.12889141319120898,-0.02340713035418825,False,False
146,2.433089648531536,718.0,607.0,811.0,827.0,-0.625485040239229,0.39994405315716103,-35.83765295427829,22.915106287261175,-9.311547641422003,-6.221593448458293,-0.12419581570734699,-0.026487698599809522,False,False
147,2.4497546461242177,678.0,574.0,739.0,805.0,-0.7714825606973085,0.2581758664478214,-44.20269469590114,14.792387519593365,-8.196774636644655,-9.869006583623332,-0.1166904967742687,-0.030722790006183942,False,False
148,2.466419643716899,647.0,541.0,664.0,780.0,-0.8986834994141027,0.07101011124067928,-51.49077163447568,4.068579676845409,-7.133021557562685,-12.639400525418068,-0.11049152420842509,-0.034837882591093584,False,False
149,2.483084641309581,624.0,509.0,585.0,746.0,-1.009226134867964,-0.1630952922102408,-57.82439810223515,-9.34467190209969,-5.841033852929851,-15.260766884373368,-0.10447388034626262,-0.038783730149805296,False,False
150,2.499749638902262,609.0,483.0,507.0,701.0,-1.0933651296097988,-0.437631175540433,-62.64520739341571,-25.074419341815677,-4.326355534014819,-17.084043041552434,-0.09723923467898038,-0.0404445273267266,False,False
151,2.5164146364949445,599.0,464.0,438.0,643.0,-1.1534235439868479,-0.7325063645317282,-66.08630106146845,-41.96952315413941,-2.97041204494068,-18.252909315495685,-0.09093705106566632,-0.0400842098285547,False,False
152,2.5330796340876263,594.0,451.0,385.0,572.0,-1.1923689487662197,-1.0460005551447893,-68.31770838675507,-59.93141717813756,-1.728805515170606,-19.13102841440832,-0.08323206573677683,-0.03829839771352839,False,False
153,2.549744631680308,591.0,445.0,355.0,493.0,-1.2110446234839143,-1.37014344947501,-69.38774572763815,-78.50343698241423,-0.9041221192216256,-19.383344915805935,-0.07386735354494205,-0.03604498501084818,False,False
154,2.56640962927299,590.0,441.0,352.0,412.0,-1.2225033346468572,-1.6920473478648423,-70.04428151593423,-96.9471717689597,-0.5300920566848148,-18.809924964922004,-0.06154149316052994,-0.03368645515854657,False,False
155,2.583074626865672,589.0,439.0,371.0,340.0,-1.2287125891810187,-1.9970781579929193,-70.40004559466415,-114.42414981075488,-0.3446145870390893,-17.62302237942322,-0.04580928386171241,-0.03092027940950316,False,False
156,2.599739624458353,589.0,437.0,407.0,281.0,-1.233989337173676,-2.279422598922567,-70.70238098419755,-130.6012946450045,-0.26520965433824273,-16.62789765132902,-0.03061591466674768,-0.02884336548300886,False,False
157,2.616404622051035,588.0,436.0,454.0,236.0,-1.237552025683224,-2.5512859066544213,-70.90650799951439,-146.17791478250606,-0.027695795519235844,-15.977969522190165,-0.01367538545605674,-0.027319455928268118,False,False
158,2.6330696196437167,588.0,437.0,510.0,209.0,-1.234912437904987,-2.8119682461690507,-70.7552707601671,-161.1139126302907,0.18612425559137336,-15.350476404807864,0.002586164651665352,-0.026228169675851502,False,False
159,2.6497346172363985,589.0,438.0,570.0,197.0,-1.231348505140484,-3.0629172113197027,-70.55107245429268,-175.49222920659867,0.45112843361950894,-14.703251899952534,0.017950268338566715,-0.025500531747672413,False,False
160,2.6663996148290803,590.0,442.0,629.0,201.0,-1.219876329384468,2.9811577459759273,-69.89376520164068,170.80775690715421,0.9042471368745453,-14.412203804542742,0.03418782524686352,-0.026074281740151643,False,False
161,2.683064612421762,593.0,448.0,689.0,222.0,-1.2012099524220767,2.7399094124439944,-68.82426058289542,156.98524558121005,1.3549790182301322,-14.37245827082171,0.049423325539465476,-0.027654526276897913,False,False
162,2.699729610014444,596.0,457.0,744.0,258.0,-1.174714885230589,2.5021237810076022,-67.30620505490764,143.36113247105146,1.9200455692548175,-13.985863824185458,0.06292163290504413,-0.029315459994792886,False,False
163,2.7163946076071257,602.0,469.0,792.0,308.0,-1.1372148428431348,2.2737606385207423,-65.15761089454482,130.27688821020973,2.628671445744672,-13.634666787204424,0.07522135943214084,-0.03161250348722489,False,False
164,2.733059605199807,610.0,485.0,822.1189348354559,375.4073109907799,-1.0871012786000178,2.047680402636047,-62.2863151670565,117.32344486269457,3.4653462805557176,-13.566172729840616,0.08681724128885653,-0.03455352596202529,False,True
165,2.749724602792489,622.0,505.0,864.0,443.0,-1.021714867996596,1.8216001667513495,-58.53994980197097,104.37000151517931,4.3906055352596915,-12.880319069253574,0.09398711510590815,-0.03578344730273359,False,False
166,2.7663896003851707,638.0,529.0,890.0,517.0,-0.9407624172489815,1.6183794300718801,-53.901716032892,92.72631099390628,5.362328483013869,-12.675792503977732,0.1001756912675434,-0.03635807807312971,False,False
167,2.7830545979778525,660.0,556.0,908.0,599.0,-0.8429884854754056,1.3991160636231041,-48.29968239586604,80.16344549456103,6.213947659143923,-14.011756235933035,0.10442458677356348,-0.036627657347608554,False,False
168,2.7997195955705343,688.0,583.0,919.0,686.0,-0.733651571687613,1.1513676621897433,-42.03513869083978,65.96850771131658,7.25219963131795,-15.981501855306874,0.10469363903827798,-0.034661817059682826,False,False
169,2.816384593163216,725.0,612.0,918.0,776.0,-0.6012727066802825,0.8664526837308465,-34.45038842918769,49.64408192556103,8.630562468286318,-18.820749175813262,0.09893375976271628,-0.02923735954896407,False,False
170,2.833049590755898,773.0,639.0,899.0,857.0,-0.44599496617265016,0.5240721827749459,-25.553629245772772,30.027124233213083,10.259256275853009,-23.15319821962646,0.08219249105813557,-0.02051461663205016,False,False
171,2.84971458834858,835.0,662.0,858.0,904.0,-0.25933174440068485,0.09475669854491622,-14.85861444792466,5.429158907217128,11.77240191515377,-27.56865992222629,0.058721318908263084,-0.01084333352633983,False,False
172,2.866379585941261,907.0,673.0,817.0,889.0,-0.05362086702041634,-0.3947911196997615,-3.072249374102082,-22.619864948040426,11.774471625041553,-27.31619422078336,0.059129367151361856,-0.010235523636719333,False,False
173,2.883044583533943,973.0,670.0,803.0,830.0,0.1331113381721391,-0.8156919233162234,7.626717882602221,-46.73570458892839,10.377719759875847,-22.556582892082588,0.08345543630521515,-0.018682246244982666,False,False
174,2.8997095811266247,1028.0,658.0,811.0,756.0,0.29226848261129845,-1.14660191889113,16.74575053832009,-65.69545073406329,8.932487739536816,-17.27039663683138,0.10151609013233007,-0.025646393732178006,False,False
175,2.9163745787193065,1074.0,641.0,837.0,684.0,0.43083111152422066,-1.3913141600711287,24.684804373267927,-79.71642934886472,7.954739613163188,-12.972023832654486,0.10763947586883545,-0.02865679662098451,False,False
176,2.9330395763119883,1113.0,619.0,868.0,617.0,0.5573999156188487,-1.5789594107779275,31.936662665908248,-90.46771026003852,7.3312799904329236,-10.02036699377652,0.10707121622735863,-0.030017775401174042,False,False
177,2.94970457390467,1147.0,595.0,903.0,557.0,0.6751826383079026,-1.7252929437292777,38.685115575550796,-98.85200409938945,6.720621106182872,-8.071738108007366,0.10154137426912374,-0.030067723035003338,False,False
178,2.966369571497352,1175.0,570.0,936.0,502.0,0.7813981847305769,-1.847990403055329,44.770818104245905,-105.88205067575026,6.070317024525128,-7.005205409721157,0.09410537449443528,-0.029340297580417327,False,False
179,2.9830345690900337,1198.0,545.0,968.0,451.0,0.8775062755089559,-1.9587764063077708,50.277406082907206,-112.22962109123779,5.54834881891021,-6.242159546514472,0.08723601838693353,-0.028038265088605272,False,False
180,2.999699566682715,1217.0,520.0,1005.8047896327558,408.6376045608955,0.9663246241515698,-2.056041550686924,55.36632260345049,-117.80250335789387,4.920412632481938,-5.836493155082508,0.07905513602024716,-0.0260113156641746,False,True
181,3.016364564275397,1232.0,498.0,1032.6176179918018,366.65440340560747,1.0415036048595787,-2.153306695066074,59.673760906114836,-123.37538562454978,4.035256035241808,-5.836493155082394,0.06836526054319698,-0.023201027940605464,False,True
182,3.0330295618680787,1241.0,479.0,1048.0,323.0,1.1008196883778887,-2.2505718394452296,63.0723221489595,-128.948267891206,3.1083580284560455,-6.17321171675394,0.057745479131129804,-0.02052797979997046,False,False
183,3.0496945594607605,1248.0,465.0,1074.0,290.0,1.145105162982405,-2.359059811863718,65.60969293753207,-135.16417083871704,2.3536482774641883,-6.868090957015511,0.049798017609923195,-0.018958554060468476,False,False
184,3.0663595570534423,1253.0,454.0,1101.0,259.0,1.1792667741338096,-2.4794852779751957,67.56700907787462,-142.06404179280045,1.5915471834798396,-7.284948663201249,0.040207280407959574,-0.01698755400607499,False,False
185,3.083024554646124,1256.0,448.0,1129.0,236.0,1.1981514229450672,-2.6018671157338322,68.64901975234642,-149.0760045854251,0.6455437441364822,-7.749158596603706,0.027999573626030692,-0.014914888609338987,False,False
186,3.099689552238806,1256.0,447.0,1159.0,220.0,1.20078274401782,-2.73776469669062,68.79978334435899,-156.86236242028647,-0.10987168954067528,-8.194360510529918,0.017462728754747203,-0.013746910465756058,False,False
187,3.116354549831488,1255.0,449.0,1190.0,211.0,1.1944894000616684,-2.8749851120969288,68.43920129664734,-164.7245130860999,-0.834773356129098,-8.445579470329335,0.006440388786394805,-0.012785012524797714,False,False
188,3.133019547424169,1252.0,456.0,1222.0,212.0,1.1729597520771688,-3.019255819774297,67.20564333273317,-172.99061574337875,-1.6713374763380813,-8.84908735420197,-0.005949335810773969,-0.012390104799072148,False,False
189,3.149684545016851,1247.0,467.0,1254.0,220.0,1.138783730022203,3.113260156172251,65.24750150843761,178.37666747490954,-2.315457326596281,-9.164347290758428,-0.01642908453200112,-0.01266990491454045,False,False
190,3.1663495426095327,1241.0,481.0,1286.0,238.0,1.0957855705297999,2.958481836327309,62.78388844269253,169.5085229876684,-2.9615331788885975,-9.800598347704522,-0.026870314046608976,-0.013944914509204999,False,False
191,3.1830145402022145,1231.0,498.0,1317.0,266.0,1.0400758434285515,2.786606260429575,59.591956201965424,159.6607778873478,-3.5783465939211823,-10.76212095959852,-0.037477656372891,-0.016331681441714034,False,False
192,3.1996795377948963,1219.0,517.0,1346.0,306.0,0.9765192957828446,2.599780396559586,55.950434261444286,148.95644438371176,-4.095961979923295,-11.617493424453073,-0.047969881160219247,-0.019141783350662675,False,False
193,3.216344535387578,1204.0,538.0,1370.0,357.0,0.9035574503582757,2.3993952605265605,51.77002845313059,137.47522181186451,-4.472301349656824,-13.162657843706029,-0.0577978654500504,-0.023586380385695396,False,False
194,3.23300953298026,1186.0,558.0,1389.0,422.0,0.8274575133312875,2.1610690740022793,47.40982324027282,123.82013717657559,-4.624775556840433,-15.24629666905173,-0.06818355540520916,-0.02961420954567183,False,False
195,3.2496745305729418,1167.0,578.0,1396.0,502.0,0.7494137033153967,1.8912362659524442,42.93824230924146,108.35985610115637,-4.635058598264418,-17.584944173964573,-0.08056176039550544,-0.03637147186523475,False,False
196,3.266339528165623,1146.0,595.0,1386.0,594.0,0.6729710325672582,1.57496296934916,38.558399900664966,90.2387310330989,-4.348695517835576,-20.34872647464738,-0.09447925048225414,-0.043616263420538606,False,False
197,3.283004525758305,1127.0,610.0,1349.0,693.0,0.6044717026433267,1.2130133105241727,34.63367739654951,69.50054318622706,-3.96238674028314,-22.975094220923097,-0.11023256596017339,-0.04992420950173812,False,False
198,3.2996695233509867,1108.0,622.0,1280.0,786.0,0.5409047015910725,0.8092031895825182,30.99155651995168,46.36392753160292,-3.7700151645513973,-24.57831944265115,-0.12380406587938939,-0.053924116951462084,False,False
199,3.3163345209436685,1089.0,633.0,1180.0,852.0,0.47881711536008087,0.3938180418362781,27.434199868761297,22.56411169332522,-4.025131990538508,-24.278527046948625,-0.12853145464912352,-0.05464471183567806,False,False
200,3.3329995185363503,1066.0,644.0,1066.0,884.0,0.40674707172597097,0.0,23.304890539203114,0.0,-4.873485124561704,-21.94042054303054,-0.12561509482078942,-0.05217796455823465,False,False
201,3.349664516129032,1036.0,655.0,956.0,883.0,0.3163838796224981,-0.33745606922778154,18.12746100834423,-19.334808537826415,-6.048081365435254,-18.394327961114186,-0.12172349789385692,-0.04718638581540807,False,False
202,3.366329513721714,998.0,665.0,858.0,864.0,0.20516454893532657,-0.6130828623819369,11.75506275969946,-35.12706050628485,-7.117597589881569,-15.008102937074682,-0.12051376522957635,-0.041612235706939435,False,False
203,3.382994511314396,954.0,672.0,773.0,835.0,0.0791543862203861,-0.8376760678619269,4.535212260376604,-47.99530328760275,-8.023013222861543,-11.503411029793028,-0.12085591732214704,-0.03567685908885644,False,False
204,3.399659508907077,904.0,672.0,700.0,804.0,-0.06224244315475248,-0.9964914966201949,-3.5662292993502582,-57.094757077012105,-8.61348904060685,-7.863568796091386,-0.12043031542894601,-0.0302444736915011,False,False
205,3.416324506499759,853.0,665.0,637.0,775.0,-0.2079331620322151,-1.0997687779754177,-11.913692605255816,-63.01210941825152,-8.857103707319157,-4.708085996578916,-0.11776276621019971,-0.026305180333064414,False,False
206,3.4329895040924407,802.0,651.0,581.0,749.0,-0.35744966707596615,-1.1534119802184475,-20.48035731180924,-66.08563850634384,-8.959419152290035,-1.7230986034861644,-0.1132615503548296,-0.023523252309398127,False,False
207,3.4496545016851226,754.0,629.0,533.0,726.0,-0.5065505592416966,-1.157199646133517,-29.02320915454079,-66.30265577748288,-8.886476826543964,1.1649703206740014,-0.10537029427166485,-0.021225500806820938,False,False
208,3.4663194992778044,710.0,601.0,494.0,707.0,-0.6536358969195218,-1.1145835250392888,-37.45057823173673,-63.86093189956516,-8.664496739868742,3.3987775168633334,-0.09571115095326566,-0.019672513228326752,False,False
209,3.482984496870486,672.0,568.0,464.0,689.0,-0.7953381938651205,-1.0439184078603376,-45.569521794029065,-59.81211892641385,-8.193765177412601,4.4407704781114035,-0.08583063341110259,-0.018489023702862418,False,False
210,3.499649494463168,641.0,533.0,444.0,669.0,-0.9267340508326838,-0.9665726663845327,-53.097949843775076,-55.38053437654026,-7.585772828182929,5.020356033299777,-0.0760751916410641,-0.016309811935825976,False,False
211,3.51631449205585,617.0,497.0,432.0,651.0,-1.0481719657057196,-0.8765899654416449,-60.055829838868995,-50.22490538332494,-6.878128591564462,4.729956638910608,-0.06861045757501642,-0.014170681545641783,False,False
212,3.532979489648531,599.0,463.0,425.0,629.0,-1.1559820436738364,-0.8089232343826652,-66.23289229541842,-46.3478872801986,-5.947234373036441,3.527712424895185,-0.061663523647956124,-0.012335564603855386,False,False
213,3.549644487241213,587.0,433.0,421.0,608.0,-1.24639325872525,-0.7590113273045463,-71.4130733385141,-43.48814565717325,-4.912759868832161,2.551184668203973,-0.05253403125050509,-0.009893448781743135,False,False
214,3.5663094848338948,579.0,408.0,419.0,589.0,-1.31972430644886,-0.7238922616744501,-75.61463288034936,-41.47597141612579,-3.9254346362509906,1.4982064166044893,-0.04381835040445633,-0.008107916872728972,False,False
215,3.582974482426577,574.0,388.0,417.0,571.0,-1.3772279762519564,-0.7090761146524328,-78.90935046658068,-40.627068723118875,-2.9911968500910504,0.5115306337219181,-0.03517382291369092,-0.006835235767008863,False,False
216,3.5996394800192584,572.0,373.0,414.0,558.0,-1.4194208830608703,-0.7068429481153328,-81.32682595212023,-40.49911770559319,-2.024610417825201,-0.11955351881272236,-0.024996976030119644,-0.005234161769240654,False,False
217,3.61630447761194,571.0,364.0,411.0,549.0,-1.4447082317303062,-0.7130608328588534,-82.77568430595467,-40.85537625889571,-1.018324597670805,-0.696615242104258,-0.014125250113624185,-0.0036778518841405314,False,False
218,3.632969475204622,570.0,361.0,408.0,542.0,-1.4533616369983757,-0.7300611307807172,-83.27148790623133,-41.82942158028353,-0.0934961281261053,-1.2140436903396221,-0.004128680034157384,-0.0023041553293563746,False,False
219,3.649634472797304,570.0,363.0,403.0,541.0,-1.4478244572305994,-0.7535249032126965,-82.95423087513251,-43.17379671209136,0.9354629783859636,-1.6602772460354345,0.007223291079569406,-0.0004760061959555922,False,False
220,3.666299470389985,572.0,372.0,399.0,545.0,-1.4221826604326866,-0.7853981633974483,-81.48506413948004,-45.0,1.9537682821790483,-2.002485790002538,0.018549540324309013,0.0017365566920188387,False,False
221,3.682964467982667,574.0,386.0,396.0,552.0,-1.3827053697922562,-0.8202677449522381,-79.22318199917207,-46.99787985647668,2.8100407127377736,-2.370658607642781,0.027697553571951382,0.0037549636607784294,False,False
222,3.6996294655753488,578.0,405.0,394.0,562.0,-1.328524017006461,-0.8644122033763201,-76.11881915623661,-49.52717101306731,3.824496902151786,-3.0871671175369784,0.03759447795235403,0.005954585614000532,False,False
223,3.716294463168031,586.0,430.0,393.0,576.0,-1.255234906457097,-0.9231630101161596,-71.91966243749035,-52.89334428224887,4.912176613199833,-3.9320033456058354,0.04772326665221766,0.00852962887071341,False,False
224,3.732959460760712,598.0,460.0,396.0,591.0,-1.164801194138858,-0.995465855954191,-66.73819239595501,-57.0359921955531,5.836639522839448,-4.349597275729366,0.057129485106083906,0.011458492790436911,False,False
225,3.749624458353394,615.0,493.0,404.0,609.0,-1.0606997392621569,-1.0681350663744893,-60.77361839034845,-61.19963125318429,6.653709220247183,-4.305650774453625,0.06703803802300921,0.014489727577870658,False,False
226,3.766289455946076,638.0,528.0,421.0,628.0,-0.9430330978632075,-1.13897317553659,-54.03181644870932,-65.25835593685967,7.423354102648812,-4.155291362690377,0.07718193461947088,0.01680778666417826,False,False
227,3.782954453538758,668.0,563.0,445.0,648.0,-0.8132793827616228,-1.2066309074867423,-46.597476197245626,-69.13485842903081,8.023171319613446,-2.943924059246342,0.0889539946997249,0.019301224709825898,False,False
228,3.799619451131439,704.0,596.0,479.0,674.0,-0.6756208364091477,-1.2370941502573463,-38.71022247734279,-70.88027367006885,8.215660844737492,-0.35399352199033274,0.09924607163275487,0.022228238101606897,False,False
229,3.816284448724121,744.0,623.0,521.0,705.0,-0.5394514463619454,-1.2184295098703264,-30.90829112876738,-69.81086854976319,8.256228594555667,2.48456557491852,0.10707311941655613,0.025340033904995854,False,False
230,3.832949446316803,788.0,645.0,571.0,741.0,-0.4004407771033459,-1.154283591607591,-22.94356647296065,-66.1355781603173,8.382692623959528,5.555054324172829,0.11556490818065787,0.029555937831001286,False,False
231,3.8496144439094846,835.0,661.0,632.0,782.0,-0.2600563415649913,-1.0332795759912121,-14.900130807286567,-59.20255876136368,8.104690663545563,9.082422688435372,0.1202172438042421,0.03455994244678237,False,False
232,3.8662794415021664,880.0,670.0,703.0,825.0,-0.13031147630851087,-0.8515664871306055,-7.466297614596689,-48.79116568736522,7.632484745150404,12.406930792853927,0.12370662011353514,0.040014856410338896,False,False
233,3.882944439094848,924.0,672.0,787.0,864.0,-0.005665661756767072,-0.6197566324002528,-0.32461850681142884,-35.5094393617753,7.145322536098863,15.334581881233362,0.12832099142994327,0.04537106932502502,False,False
234,3.89960943668753,964.0,670.0,885.0,893.0,0.10784208941753437,-0.3404649468595299,6.178896577497158,-19.507204527196915,6.32553978839687,17.704902323871806,0.12955654158858873,0.04896280183417321,False,False
235,3.916274434280212,998.0,665.0,991.0,901.0,0.20516454893532657,-0.029652323188272874,11.75506275969946,-1.6989529714459408,5.476407462244552,19.309952695736115,0.12847148423147137,0.05047574568580433,False,False
236,3.932939431872893,1027.0,657.0,1098.0,884.0,0.29037072376723255,0.303135683518947,16.637016966021488,17.36839528544909,4.897413928172301,19.820038564004676,0.12481718655529936,0.049938296531034654,False,False
237,3.949604429465575,1053.0,648.0,1194.0,841.0,0.3683953315820397,0.6309494667237168,21.1074976919734,36.15074152929895,4.7425429085345385,18.901531225856615,0.11779061743963076,0.04732834995858455,False,False
238,3.966269427058257,1079.0,637.0,1272.0,780.0,0.448439656075069,0.9331236282727466,25.693699659399623,53.46404566396268,4.796968856272276,17.43403161533547,0.10917027581715058,0.04371960085407463,False,False
239,3.9829344246509386,1104.0,624.0,1328.0,708.0,0.5282782804659338,1.2120256565243244,30.26811587912641,69.44395478041653,4.917794292049127,15.479003158039518,0.099394083637974,0.03896085629816623,False,False
240,3.999599422243621,1129.0,608.0,1366.0,637.0,0.6123497161516773,1.4490387290044358,35.08505432152505,83.02380352295519,5.124983790533289,13.154326992188999,0.0914576752800402,0.03374516087644249,False,False
241,4.016264419836302,1153.0,589.0,1391.0,570.0,0.6990939655294748,1.6504593118406838,40.05513370790316,94.5643528265374,5.071961986155255,11.431338107136753,0.0836674048004169,0.029197067127683527,False,False
242,4.032929417428984,1175.0,570.0,1405.0,509.0,0.7813981847305769,1.8300451730775587,44.770818104245905,104.85386473563238,4.874343296397974,9.609394370750465,0.0752018397044888,0.024398252820379027,False,False
243,4.049594415021666,1194.0,549.0,1414.0,456.0,0.8615558041302287,1.9707403799520578,49.36351139166192,112.91510628726118,4.581217153853846,7.766462085759372,0.06724744968568874,0.01996734039736585,False,False
244,4.066259412614348,1210.0,529.0,1417.0,411.0,0.9340901304116308,2.088901317003224,53.519422157411114,119.685229283604,4.13240047668118,6.27239704309568,0.058736566653583275,0.016198236388481262,False,False
245,4.0829244102070295,1223.0,510.0,1418.0,374.0,0.9992886921220068,2.179799343199124,57.25502457373891,124.89330255069866,3.516598685824288,4.817207432735927,0.04891933316814277,0.012622286392778067,False,False
246,4.099589407799711,1232.0,494.0,1418.0,344.0,1.0512983476790103,2.2494588175432093,60.234958331084336,128.8844964337146,2.8563602637374075,3.864748344542363,0.03946691195658113,0.010016780915165892,False,False
247,4.116254405392393,1240.0,481.0,1416.0,321.0,1.0944911659600385,2.3086113869153615,62.70972452386276,132.27368900609375,2.131963195482925,2.936884496636935,0.029376476514163682,0.0074613668371200665,False,False
248,4.132919402985074,1244.0,472.0,1415.0,304.0,1.1223566707198276,2.347345163676087,64.30630034060037,134.49297093908524,1.4060828795431988,1.8701261756842769,0.019235255633555524,0.00475968937731398,False,False
249,4.149584400577756,1247.0,466.0,1414.0,294.0,1.1413559015654338,2.37094268334694,65.39487608204838,135.84500922320203,0.6825231187722167,1.238713740822618,0.009687628157805474,0.002866056361545913,False,False
250,4.166249398170438,1248.0,465.0,1412.0,290.0,1.145105162982405,2.3886314866937495,65.60969293753207,136.8585029996111,-0.18994932218971172,0.4396968846801883,-0.0018532808348227451,0.0005506862559261019,False,False
251,4.182914395763119,1246.0,468.0,1411.0,293.0,1.1350248915713876,2.3855977783963502,65.0321359293344,136.6846843178963,-0.948917501974357,-0.44379752016220664,-0.01203532590098444,-0.0017388842035041979,False,False
252,4.199579393355801,1243.0,475.0,1410.0,302.0,1.1134777472102924,2.373839717483468,63.79757549688453,136.01099705233042,-1.7107336597244966,-1.2330833275289024,-0.022107428978231723,-0.003822348643675577,False,False
253,4.216244390948483,1237.0,486.0,1410.0,317.0,1.0780061469293307,2.344499117026656,61.76520250821036,134.32990447777547,-2.43496250405752,-2.107059677371467,-0.031779046344757325,-0.005995074543937351,False,False
254,4.232909388541165,1229.0,500.0,1409.0,338.0,1.0323204586735144,2.3036114285814033,59.1476053870017,131.98721249581666,-3.210729738626913,-3.4126096319884027,-0.04247632196308863,-0.008940322085570164,False,False
255,4.249574386133847,1217.0,518.0,1409.0,369.0,0.970992540199392,2.230756854422961,55.63377449211209,127.81295287831504,-3.915856226366593,-4.688472054498675,-0.0524839549719087,-0.011944388387140807,False,False
256,4.266239383726528,1203.0,538.0,1406.0,406.0,0.9018049895021436,2.1473446775782565,51.669619842312336,123.03378718511463,-4.546637668938491,-5.668557038722383,-0.0614156605294493,-0.01445424672898782,False,False
257,4.28290438131921,1184.0,560.0,1400.0,450.0,0.8194531285840778,2.0418238756143756,46.95120577665882,116.98789058174849,-5.12089579051236,-7.605582141577088,-0.07099984548656091,-0.018733555821183783,False,False
258,4.299569378911892,1161.0,581.0,1391.0,504.0,0.7311255574596136,1.8938506614175956,41.89040873658542,108.50964992728768,-5.43233823985236,-9.769507204914703,-0.07900279250149583,-0.023767953224273775,False,False
259,4.316234376504574,1136.0,602.0,1375.0,567.0,0.638393321204532,1.7162062475111934,36.57724297435921,98.33137475637572,-5.6633831868879305,-11.947983341824283,-0.08765763179271946,-0.02921156456633453,False,False
260,4.332899374097256,1108.0,621.0,1347.0,639.0,0.5423650231077696,1.4956244341597873,31.075226779590565,85.69296781399768,-5.66222495398336,-14.730440210612755,-0.09708257647161224,-0.035929623603604036,False,False
261,4.3495643716899375,1079.0,636.0,1304.0,717.0,0.4496713907498209,1.2252407462131845,25.764272857742824,70.20112364547508,-5.4088701306865925,-17.455980907672142,-0.10691012747123346,-0.0425015406937361,False,False
262,4.366229369282619,1051.0,649.0,1239.0,794.0,0.36208740769372844,0.913816674551273,20.74608027568341,52.357838700467845,-5.048236242294834,-19.747667863795186,-0.11680431336280106,-0.04785178719152953,False,False
263,4.382894366875301,1024.0,658.0,1152.0,859.0,0.28141370109955594,0.567051071390732,16.12381737016061,32.48963315906048,-4.6908136477725435,-21.470132780386848,-0.12486352029160512,-0.05145623285125554,False,False
264,4.399559364467982,998.0,664.0,1045.0,898.0,0.20574261139803554,0.1982172523518861,11.788183299107622,11.357011986442664,-4.606774819067079,-21.659742001339055,-0.12731498039712505,-0.05212782899039001,False,False
265,4.416224362060664,971.0,669.0,934.0,906.0,0.12786991855999988,-0.15486802523009655,7.326406660169546,-8.873284227210082,-4.983598954875109,-19.913702104675167,-0.12358546678251175,-0.04973291646400213,False,False
266,4.432889359653346,940.0,672.0,832.0,887.0,0.039639282226265005,-0.4655063429197079,2.2711635744929226,-26.671548785868872,-5.703942069521734,-17.423285007860386,-0.11964806321874782,-0.046154107413051274,False,False
267,4.449554357246027,904.0,672.0,742.0,851.0,-0.06224244315475248,-0.7355860306553021,-3.5662292993502582,-42.145975025329605,-6.395553057149831,-14.595718194136907,-0.11548729338601725,-0.041350238582427354,False,False
268,4.466219354838709,865.0,667.0,667.0,808.0,-0.1735244703762764,-0.9519815600572117,-9.942219794803519,-54.54452556555814,-6.982563271545961,-11.591632041017192,-0.11228389716681983,-0.03612589012846243,False,False
269,4.482884352431391,823.0,658.0,605.0,763.0,-0.2949712433768762,-1.1219350707729137,-16.900607323221244,-64.28214444299927,-7.341731009622501,-8.794542267164047,-0.1091196764161346,-0.03134614551992826,False,False
270,4.499549350024073,782.0,643.0,554.0,720.0,-0.4182243295792291,-1.2451036114792646,-23.962488974578186,-71.33918199425847,-7.40768879017749,-6.026264204918107,-0.10377127994641216,-0.026765040381733603,False,False
271,4.516214347616755,743.0,623.0,510.0,682.0,-0.541869475088164,-1.3227904277085605,-31.046833969521096,-75.79030868800554,-7.248299705118656,-3.8737524710780917,-0.09746181689197782,-0.023520855216922355,False,False
272,4.5328793452094365,708.0,600.0,472.0,647.0,-0.6598101238529064,-1.3742157626895912,-37.80433537677566,-78.73676334246508,-7.008361583688114,-1.787869737237429,-0.08993575469102703,-0.02043832011338161,False,False
273,4.549544342802118,677.0,573.0,441.0,618.0,-0.7754581329297761,-1.382380117442742,-44.43047820597093,-79.20454641226819,-6.693140862041506,0.14711314479882276,-0.08125861374800933,-0.017799478215206724,False,False
274,4.5662093403948,651.0,545.0,416.0,593.0,-0.8828924765597103,-1.3693124822817426,-50.586012670724365,-78.45582606932616,-6.104038836308451,1.151594486835961,-0.07112594814070895,-0.015749369431174894,False,False
275,4.582874337987482,630.0,518.0,396.0,572.0,-0.9789057179552093,-1.3439974787410107,-56.087166180057224,-77.0053832080835,-5.563416559477179,2.1844877748137606,-0.061173322327383726,-0.01333042316383817,False,False
276,4.599539335580164,613.0,491.0,382.0,556.0,-1.0683211237012569,-1.2965035152647124,-61.21029155275556,-74.28417954854312,-4.972261040209165,2.8488364854146084,-0.05154979958373256,-0.01103528280704735,False,False
277,4.6162043331728455,600.0,467.0,372.0,543.0,-1.144631154485752,-1.2490457723982544,-65.58253425122051,-71.56505117707799,-4.173985346713849,2.724110419417798,-0.04202672058149265,-0.008975927552593741,False,False
278,4.632869330765527,592.0,446.0,367.0,532.0,-1.2074400352110077,-1.2057089281011195,-69.18121803271825,-69.08203290143658,-3.3184448829418116,2.478171919694887,-0.03234803458449805,-0.0066617245669754795,False,False
279,4.649534328358209,586.0,430.0,364.0,525.0,-1.255234906457097,-1.1664483142463205,-71.91966243749035,-66.83256542646374,-2.413904880824461,2.1765312729032757,-0.022331282274986694,-0.004175979454449073,False,False
280,4.66619932595089,582.0,419.0,364.0,521.0,-1.2878954732668113,-1.1331651512544636,-73.79097507219203,-64.92558065818433,-1.4280920085577407,1.5560995109236728,-0.012374446488297686,-0.0019744102170478495,False,False
281,4.682864323543572,580.0,414.0,364.0,520.0,-1.3028332062265804,-1.1145835250392888,-74.64684412628026,-63.86093189956516,-0.44817687121445005,0.9475620539362808,-0.0024115455161330063,0.0001732959709245484,False,False
282,4.699529321136254,580.0,414.0,365.0,523.0,-1.3028332062265804,-1.1015829125589363,-74.64684412628026,-63.116051673355855,0.4481768712144216,0.6683474729768477,0.007617777761562063,0.002583578685511754,False,False
283,4.716194318728936,582.0,419.0,368.0,530.0,-1.2878954732668113,-1.092307506982824,-73.79097507219203,-62.58461008057252,1.4021267292993542,0.16760124804670795,0.017645536211155482,0.004802126425041044,False,False
284,4.732859316321617,585.0,430.0,371.0,540.0,-1.2561003290897648,-1.0959967637684762,-71.9692475018373,-62.79598892393039,2.3057564021685337,-0.16748325699109046,0.02758703782993954,0.007187499864484215,False,False
285,4.749524313914299,591.0,445.0,376.0,555.0,-1.2110446234839143,-1.0978897231319673,-69.38774572763815,-62.9044475062482,3.157200956941537,-0.11111019346913054,0.038154928899582406,0.010109864712217953,False,False
286,4.766189311506981,599.0,465.0,385.0,574.0,-1.150870836395678,-1.0997000659818472,-65.94004169016341,-63.008172511018,4.094385160963917,-0.6130128128501156,0.04794085729610954,0.012378162095440695,False,False
287,4.782854309099663,612.0,489.0,396.0,594.0,-1.0745787857819626,-1.1183214372328298,-61.56882917959906,-64.07509849244555,4.926347698451853,-0.6167572231739769,0.05807769027650683,0.015105455367658357,False,False
288,4.7995193066923445,628.0,516.0,413.0,620.0,-0.9866756913248507,-1.1202565812607763,-56.53235286106672,-64.18597407799683,5.697764015094709,-0.33889621298385464,0.0684091304909208,0.01796173576767576,False,False
289,4.816184304285026,650.0,545.0,434.0,647.0,-0.884672338591518,-1.1296168463799159,-50.687991253262524,-64.72227776444704,6.337161383324403,0.28090500988014355,0.07820722600392734,0.020665502900523852,False,False
290,4.832849301877708,677.0,573.0,463.0,679.0,-0.7754581329297761,-1.1108940186339262,-44.43047820597093,-63.649538754051406,6.813311934563242,1.745192009229413,0.0885320407054028,0.024104700565520255,False,False
291,4.84951429947039,709.0,600.0,500.0,714.0,-0.6575846846161446,-1.0714496051147666,-37.6768271009464,-61.38954033403479,7.196946281496725,3.3888375585912627,0.0979888486825441,0.02742402318822604,False,False
292,4.866179297063072,745.0,624.0,545.0,753.0,-0.5355839480181697,-0.9979440791220989,-30.686699796395192,-57.17798392376576,7.370495594080571,5.262353611753383,0.10538264786045731,0.030648582169661178,False,False
293,4.8828442946557535,784.0,644.0,599.0,792.0,-0.4119261019516955,-0.8960553845713439,-23.601627113107813,-51.34019174590991,7.38141808401816,7.633891316381323,0.11223608705286543,0.0344916956855265,False,False
294,4.899509292248435,825.0,658.0,665.0,832.0,-0.28956131881668845,-0.7435065183015194,-16.590641478438318,-42.59978553914336,7.236451404659313,10.191876829462558,0.11835748670766025,0.03876458202669594,False,False
295,4.916174289841117,866.0,667.0,741.0,868.0,-0.1707352114752828,-0.5563601789155386,-9.782407031807287,-31.87709014100373,6.989638049231761,12.09245813569737,0.122059871770278,0.041922082988078924,False,False
296,4.932839287433798,906.0,672.0,827.0,895.0,-0.056596716288365455,-0.3404649468595299,-3.2427529776226622,-19.507204527196915,6.655478677663392,13.651777419088717,0.12422466454996778,0.044299606957379195,False,False
297,4.94950428502648,944.0,671.0,920.0,907.0,0.051091860807521976,-0.10134650326566776,2.9273479917408713,-5.806726905531577,6.219852240096332,14.775720246617311,0.12383157111255572,0.045427149990445954,False,False
298,4.966169282619162,979.0,668.0,1015.0,903.0,0.15071092892771837,0.1520097378205026,8.635100154054372,8.709516422004967,5.94090965762189,15.155735617165874,0.12223873290986847,0.04539730798399397,False,False
299,4.982834280211844,1013.0,661.0,1107.0,881.0,0.24910235109274495,0.4037940918851321,14.272513384400336,23.13569725733583,5.724144606775754,14.821476095891512,0.11791572254447594,0.043890166607963674,False,False
300,4.999499277804525,1044.0,651.0,1188.0,842.0,0.34149664111187994,0.6460094647365517,19.566316253604477,37.0136158549098,5.523487666741063,13.929062542410747,0.11101474237600145,0.04109685389339707,False,False
301,5.016164275397207,1074.0,639.0,1257.0,794.0,0.4332001684316349,0.8680496793602973,24.82054133548908,49.7355830350294,5.530527498356424,12.714477541864426,0.10533175639451425,0.03818941712586678,False,False
302,5.032829272989889,1103.0,624.0,1313.0,739.0,0.5258290960046206,1.0697829399913072,30.127787946244137,61.29404745659892,5.473139734433023,11.154327837309552,0.09810850984950983,0.0344320030384728,False,False
303,5.049494270582571,1129.0,606.0,1356.0,684.0,0.6156198894291098,1.2398233724737917,35.272421448598394,71.0366465844245,5.318346846234137,9.478620454415022,0.09013552409396655,0.030361887054209846,False,False
304,5.0661592681752525,1154.0,588.0,1389.0,632.0,0.7030895707836982,1.3857053141008449,40.284065025570456,79.3950661468285,5.093858340636491,8.167331861029538,0.08295127732128918,0.026929863673259266,False,False
305,5.082824265767934,1175.0,568.0,1413.0,582.0,0.7853981633974483,1.512040504079174,45.0,86.63353933657021,4.7636408751404815,6.682573179345923,0.07451446749503493,0.02310608572095962,False,False
306,5.099489263360616,1193.0,548.0,1432.0,539.0,0.8618616982169317,1.6084354459942851,49.381037831808015,92.15656267471479,4.291412934872607,5.415944991958895,0.06540701744173068,0.019594732434566192,False,False
307,5.116154260953298,1208.0,530.0,1445.0,501.0,0.9284309358551595,1.6925539245853576,53.1951741938819,96.97619647704481,3.770069531398871,4.4471901600404635,0.056536346404156765,0.01653438638653594,False,False
308,5.13281925854598,1220.0,513.0,1454.0,469.0,0.9875180975469421,1.7566602726168294,56.58061918222811,100.64921965924495,3.263378716175552,3.2081981196541847,0.04738109205905739,0.013179311291108081,False,False
309,5.149484256138662,1229.0,498.0,1461.0,444.0,1.0371993327533087,1.7994831524671209,59.427144280549676,103.10278994126246,2.599690205934319,2.4783609045130106,0.037601133281998704,0.010407365660456863,False,False
310,5.166149253731343,1236.0,487.0,1465.0,424.0,1.07416575959417,1.8392640296318465,61.54516452221016,105.3820663081296,1.8702468643887293,2.029227355310013,0.02762251732189816,0.007895940177823767,False,False
311,5.182814251324025,1240.0,479.0,1466.0,410.0,1.0995346517388265,1.8671172904496116,62.99869497302156,106.97794059866463,1.0656409285110158,1.4390566971710541,0.01640061159143573,0.0049761506449489245,False,False
312,5.199479248916706,1242.0,476.0,1468.0,402.0,1.1096835666107687,1.887227782420023,63.58018496182141,108.13018691250093,0.30449793993368957,0.8828157069501685,0.0057804363558753725,0.002220640570005867,False,False
313,5.216144246509388,1242.0,476.0,1467.0,400.0,1.1096835666107687,1.896541533711824,63.58018496182141,108.66382555295566,-0.41914745361175676,0.23917232511394104,-0.00455908084330587,-0.0005630879140755348,False,False
314,5.23280924410207,1239.0,480.0,1465.0,404.0,1.0957133839999316,1.8951993948645431,62.77975245919338,108.5869266614859,-1.181127596360703,-0.4381739001941014,-0.015412434118327706,-0.0034518036485800775,False,False
315,5.249474241694752,1235.0,488.0,1462.0,415.0,1.070316589510765,1.8819371997280039,61.324623321803024,107.82705885308329,-1.9456788125256281,-1.072697496339515,-0.0261612572280691,-0.006229723253475369,False,False
316,5.266139239287433,1228.0,500.0,1457.0,432.0,1.0308639185461896,1.8594463924762006,59.06415178501454,106.53843051971272,-2.6023059373264843,-1.8324570208330897,-0.035814420392926344,-0.008905657688312656,False,False
317,5.282804236880115,1219.0,514.0,1450.0,455.0,0.9835817451488319,1.8208614160462515,56.3550828031402,104.32767421766489,-3.3120512645486926,-3.007316855934164,-0.047016966973236006,-0.012417873211758107,False,False
318,5.299469234472797,1206.0,532.0,1442.0,487.0,0.9204732658451042,1.7592125361470512,52.739233287547904,100.79545358773181,-3.956871618277841,-4.099313446769997,-0.05726940971541492,-0.01568670218463546,False,False
319,5.316134232065479,1191.0,551.0,1428.0,524.0,0.8516992331625295,1.684231318602113,48.798771474741585,96.49934627965457,-4.41412341896913,-5.400932247465789,-0.06578592313175805,-0.018980538955771356,False,False
320,5.3327992296581606,1172.0,571.0,1410.0,569.0,0.7733505535432623,1.5791994903425437,44.30972280213492,90.48146580583835,-5.00354483559731,-6.931694143167761,-0.07680290699685,-0.023218322542654768,False,False
321,5.349464227250842,1149.0,592.0,1386.0,620.0,0.6849311078823201,1.4531979861839204,39.24366173887662,83.26211140524916,-5.325127583909765,-8.67111718333831,-0.08543882074144153,-0.027386448097370737,False,False
322,5.366129224843524,1124.0,611.0,1353.0,677.0,0.5958640768101029,1.2901911963701507,34.140496764678005,73.92251031694406,-5.534095326818036,-10.608100053293583,-0.0942809973784996,-0.032085945446627975,False,False
323,5.382794222436206,1095.0,628.0,1307.0,736.0,0.5004797372841318,1.0996300624817865,28.67537667819698,63.00416160591338,-5.718568214715926,-12.45763933207536,-0.10354313803941907,-0.03678752252020723,False,False
324,5.399459220028888,1065.0,643.0,1247.0,795.0,0.40526422574644766,0.8749781374110849,23.219929722908486,50.13255443987297,-5.577870232281054,-14.441457202094512,-0.11032938394582405,-0.04100169541068194,False,False
325,5.41612421762157,1035.0,654.0,1173.0,848.0,0.3145693492976212,0.6182963634663426,18.023496078930282,35.42577211490818,-5.552260614459489,-15.679909870374445,-0.11686193307539906,-0.04418236784732661,False,False
326,5.432789215214251,1003.0,663.0,1085.0,886.0,0.22020740619862886,0.3523668169245701,12.616954992704397,20.189131450236815,-5.60154388559911,-16.16061974881677,-0.12093517635303312,-0.04583942904649713,False,False
327,5.449454212806933,971.0,669.0,990.0,907.0,0.12786991855999988,0.07966298504578714,7.326406660169546,4.5643528265373945,-5.672248450850311,-15.979395430912405,-0.12160450231032309,-0.045900717373836816,False,False
328,5.466119210399614,937.0,672.0,894.0,908.0,0.031151392641607028,-0.18022635585275398,1.7848433243189714,-10.326209547385707,-5.878980051699841,-14.912913394014481,-0.11959620294721647,-0.044349544838043056,False,False
329,5.482784207992296,902.0,671.0,804.0,892.0,-0.06807645825799948,-0.4173843465764492,-3.90049374238189,-23.91436149365617,-6.1408908666078625,-13.476734642236124,-0.11649374819011223,-0.04196795531258811,False,False
330,5.499449205584978,865.0,667.0,723.0,862.0,-0.1735244703762764,-0.629405856592904,-9.942219794803519,-36.062299183589744,-6.458621597258095,-11.481415482153011,-0.11264112683126216,-0.038654364104461145,False,False
331,5.51611420317766,827.0,659.0,654.0,827.0,-0.28334228499870323,-0.8000598693177746,-16.234317088018635,-45.840053869696675,-6.6972511348070904,-9.287012723002931,-0.10821652172452821,-0.03498387843847287,False,False
332,5.532779200770341,789.0,646.0,595.0,788.0,-0.3967438184545673,-0.9389419459370044,-22.73174634535125,-53.79741070999107,-6.885929730745714,-7.101842586327848,-0.10398044439620663,-0.03149845233397616,False,False
333,5.549444198363023,752.0,628.0,544.0,751.0,-0.5128502897712041,-1.0367642485272845,-29.384157125951287,-59.40221579066578,-6.745086820608902,-5.269775111741296,-0.09727046965986527,-0.028178258385370192,False,False
334,5.566109195955705,719.0,608.0,503.0,714.0,-0.6215575297103215,-1.1145835250392888,-35.612623176978694,-63.86093189956516,-6.449372415231625,-3.95661681677916,-0.09012497638061773,-0.025412619976661704,False,False
335,5.582774193548387,689.0,585.0,468.0,679.0,-0.7278078413194911,-1.1686382679808633,-41.700317604133964,-66.95804053278196,-6.16759480788987,-2.4566215894318475,-0.08253844703291165,-0.022510825371538916,False,False
336,5.599439191141069,664.0,560.0,440.0,648.0,-0.8271234349625646,-1.1964627107873127,-47.390681959718385,-68.55226367289465,-5.665514847439791,-1.5059501621281015,-0.07372950574885366,-0.019919826356231483,False,False
337,5.61610418873375,643.0,536.0,417.0,619.0,-0.9166394239072654,-1.21883157963399,-52.51957032518948,-69.83390545029093,-5.08984573570012,-1.065164786941068,-0.06543415452830981,-0.017773834104552095,False,False
338,5.632769186326432,626.0,513.0,399.0,593.0,-0.996767968827693,-1.2319646480076782,-57.11059776765441,-70.58637484016,-4.436699391137594,-0.6702773167507985,-0.056267219715228516,-0.015310961332838656,False,False
339,5.649434183919114,614.0,492.0,386.0,570.0,-1.064514593252787,-1.241171919374154,-60.9921934234702,-71.11391263029071,-3.686772149301717,-0.631073387810261,-0.04701783833788699,-0.01299442423522146,False,False
340,5.666099181511796,604.0,475.0,376.0,550.0,-1.119648066813452,-1.2529983209850046,-64.15110876839242,-71.79151552941917,-2.854830777770239,-0.7874135425254281,-0.0373908755836496,-0.01063518995721855,False,False
341,5.682764179104478,598.0,462.0,368.0,534.0,-1.159666089330897,-1.267416408955416,-66.4439725631015,-72.61761111877209,-2.026098694129942,-0.8260759033333898,-0.02741462434590394,-0.008024915968404702,False,False
342,5.699429176697159,594.0,453.0,363.0,522.0,-1.1871779265338744,-1.2805314268658525,-68.02028472148311,-73.36904629327859,-1.1986204799324156,-0.9931897426056366,-0.01786972012934669,-0.005615009680184769,False,False
343,5.716094174289841,592.0,449.0,361.0,513.0,-1.1996161041561226,-1.3005194182946131,-68.732939804072,-74.51427384309024,-0.37318270083969196,-1.2371311143712092,-0.008593963346300963,-0.003332512897941368,False,False
344,5.732759171882522,592.0,449.0,360.0,508.0,-1.1996161041561226,-1.3217650009515085,-68.732939804072,-75.73155606262668,0.4824272693889,-1.3044724490537192,0.0016345074807674383,-0.0006563839564434385,False,False
345,5.749424169475204,595.0,454.0,361.0,508.0,-1.183536805590102,-1.3439974787410107,-67.81166385870827,-77.0053832080835,1.3859155968183146,-1.15576865528476,0.013162008365309445,0.0025174098494717403,False,False
346,5.766089167067886,599.0,464.0,365.0,514.0,-1.1534235439868479,-1.3602867646675405,-66.08630106146845,-77.9386905429555,2.2167709206634427,-1.0290194478925514,0.023737761264409067,0.005365157284227615,False,False
347,5.782754164660568,606.0,478.0,370.0,524.0,-1.1096518414773355,-1.378294691984917,-63.578367245571194,-78.97046877601952,2.855365727562834,-0.6393802311961281,0.03281108706743322,0.007946403827169792,False,False
348,5.799419162253249,615.0,494.0,380.0,539.0,-1.0582542180347263,-1.3815973046949284,-60.63350034530703,-79.15969454566944,3.5733675117825676,-0.19915061346796392,0.04297459159816173,0.01078415358779736,False,False
349,5.816084159845931,627.0,515.0,393.0,559.0,-0.9905515195140878,-1.3849323809729637,-56.754421458427835,-79.35078034075505,4.366886702412106,0.3937176169799841,0.05446884721868425,0.013909688801522473,False,False
350,5.832749157438613,644.0,537.0,410.0,585.0,-0.9127059052683024,-1.368474698416593,-52.294196308540855,-78.40782458970894,4.903333578136561,1.6517801942609367,0.06468963750869097,0.017277533446386044,False,False
351,5.849414155031295,664.0,560.0,432.0,617.0,-0.8271234349625646,-1.3298785550509673,-47.390681959718385,-76.19642846937674,5.372168000171765,3.1449668895949117,0.07458775865698129,0.020828513185228346,False,False
352,5.866079152623977,688.0,583.0,461.0,655.0,-0.733651571687613,-1.2636529671282661,-42.03513869083978,-72.4019817856334,5.813638386411029,4.655376304660194,0.08411347225688426,0.02442219834969861,False,False
353,5.882744150216658,716.0,605.0,496.0,697.0,-0.6333548955340399,-1.174714885230589,-36.28856244804964,-67.30620505490764,6.131379516131355,6.392070718706577,0.0927879612680825,0.028172515298386925,False,False
354,5.89940914780934,747.0,625.0,541.0,743.0,-0.5292927219353178,-1.0506052808492732,-30.326239093885164,-60.19524852681989,6.265489358632447,8.459251140888455,0.10052283083074745,0.032290344579621405,False,False
355,5.916074145402022,780.0,642.0,595.0,791.0,-0.4245261653768735,-0.8927680854329957,-24.323557568967665,-51.151843379285566,6.307325431455839,10.466364831389,0.10761364337645439,0.03636015250320804,False,False
356,5.932739142994704,815.0,655.0,662.0,836.0,-0.3190695956723733,-0.7017613914108175,-18.281341202972627,-40.20796595306806,6.231606165098543,12.308876377836214,0.11351479752708454,0.04000823775844905,False,False
357,5.949404140587386,850.0,664.0,740.0,874.0,-0.21682676189705682,-0.4825132950224769,-12.423258342189367,-27.64597536373868,5.999932172538072,13.796606335194724,0.1169070396919363,0.04257800624105088,False,False
358,5.966069138180068,884.0,670.0,827.0,901.0,-0.11909188524916606,-0.24192056868440487,-6.823462399033519,-13.86102756302115,5.825615936630643,14.60291092940463,0.11865591043328548,0.04393024882523635,False,False
359,5.982734135772749,918.0,672.0,919.0,910.0,-0.022659010777379824,0.004201655946871886,-1.2982656854853105,0.2407371527218027,5.785228268013826,14.730031966623642,0.11892433410281614,0.044152066259607256,False,False
360,5.99939913336543,952.0,671.0,1011.0,903.0,0.07372974506995397,0.2490313258433882,4.224403217083851,14.268443937373329,5.71864103097559,14.2875556383309,0.11595770735248569,0.04289661908178668,False,False
361,6.016064130958112,985.0,667.0,1096.0,880.0,0.1679432672518542,0.4804058165830436,9.622440411168897,27.525225743744333,5.716480719056472,13.181143565390812,0.11092212091582962,0.04037832524581507,False,False
362,6.032729128550794,1018.0,659.0,1171.0,845.0,0.2642600199133301,0.6883587774154488,15.140983835076906,39.44005273669047,5.855105011540356,11.711081934235267,0.10647585356901564,0.037527798911653816,False,False
363,6.049394126143476,1051.0,648.0,1235.0,803.0,0.36309388909629264,0.8707361210665053,20.80374741220875,49.889504806703044,5.9061736785741505,10.218768849464254,0.1013745336700826,0.034403676587241916,False,False
364,6.066059123736157,1083.0,635.0,1289.0,759.0,0.46111276018412783,1.0289502939684376,26.419815038178594,58.95450917313684,5.802529041230473,8.773739649358845,0.09507592782726995,0.031050348255495255,False,False
365,6.082724121328839,1112.0,618.0,1332.0,713.0,0.5564921541034369,1.1631648213372696,31.88465176227075,66.644435140714,5.676877530686037,7.199533433666829,0.08867695543039641,0.027612171876632514,False,False
366,6.099389118921521,1139.0,599.0,1367.0,670.0,0.6503230609497923,1.2689107086494193,37.260766712452096,72.70322818456617,5.480388950682787,5.491671307571323,0.08154953993456307,0.024041221529503,False,False
367,6.116054116514203,1163.0,579.0,1395.0,632.0,0.7391534914436141,1.3462021995782214,42.35037547207829,77.13170440706021,5.016279409026481,4.496726731925719,0.0733240966805734,0.021209354554957382,False,False
368,6.132719114106885,1183.0,560.0,1418.0,596.0,0.8175156295010836,1.418786588974394,46.84019525639278,81.29048357799503,4.4678288953312375,3.5852856389616363,0.06421385575481528,0.01822142759493634,False,False
369,6.1493841116995664,1199.0,541.0,1436.0,566.0,0.8880662070140327,1.4656997526629671,50.882445590095344,83.97840986095666,3.9913360494396457,2.656339946984758,0.05600023683706651,0.015516554920214327,False,False
370,6.166049109292248,1213.0,524.0,1449.0,539.0,0.9505468408120752,1.5073223866180898,54.46232220802562,86.36321111880311,3.3626147466309853,2.1408377402299266,0.04699075940802047,0.013030251489168993,False,False
371,6.18271410688493,1222.0,509.0,1459.0,517.0,1.0001421403294761,1.5370538642374747,57.30392355405991,88.06669930508153,2.5998351172665544,1.651225018680293,0.036376214961057106,0.010155817089894305,False,False
372,6.199379104477612,1229.0,498.0,1466.0,500.0,1.0371993327533087,1.5623577085406521,59.427144280549676,89.51650278910974,1.9151335505520102,1.5187070121921806,0.02767876023408762,0.008035106802890374,False,False
373,6.216044102070294,1234.0,490.0,1471.0,486.0,1.063973532348703,1.587672361641818,60.961192917206645,90.96692557164431,1.1091038758113783,1.5237376120929866,0.017863260388852404,0.005756560787405076,False,False
374,6.232709099662976,1236.0,487.0,1472.0,477.0,1.07416575959417,1.6131438758154724,61.54516452221016,92.42633583160236,0.3057974412772104,1.1447075474972053,0.0069562664965444505,0.0028172703866468627,False,False
375,6.249374097255657,1236.0,487.0,1472.0,474.0,1.07416575959417,1.6258254586885539,61.54516452221016,93.15293700777532,-0.4960039703838106,0.7604403640756345,-0.003924815703759384,-8.782246508360855e-05,False,False
376,6.266039094848338,1233.0,492.0,1469.0,476.0,1.0576339496493572,1.6384893494888653,60.597961584659984,93.87852450284771,-1.2991853376263407,0.4973953001016298,-0.014484624892888289,-0.002716268282118573,False,False
377,6.28270409244102,1228.0,500.0,1465.0,483.0,1.0308639185461896,1.642403641646163,59.06415178501454,94.10279692324202,-1.9144426723546033,-0.26814285236287105,-0.024076758718734985,-0.005604559348692717,False,False
378,6.299369090033702,1221.0,511.0,1459.0,497.0,0.9938255845971237,1.6295521495106193,56.942011569536945,93.3664606634298,-2.6473962471773973,-0.8885452117586965,-0.034645269074759996,-0.008512017373637985,False,False
379,6.316034087626384,1211.0,526.0,1449.0,516.0,0.9426262143740173,1.6127884340162661,54.00850374202516,92.4059705166453,-3.3589457602517534,-1.3830866348854443,-0.04453758388184061,-0.011005984321642487,False,False
380,6.332699085219065,1198.0,543.0,1435.0,540.0,0.8818719385800352,1.5834538786289485,50.527540151656176,90.72522429905925,-3.994489852495164,-2.5197787751143323,-0.05505141372637505,-0.014322271806898476,False,False
381,6.349364082811747,1181.0,562.0,1419.0,572.0,0.8094898868223697,1.5288042195735272,46.38035407344446,87.5940294833547,-4.522844371325313,-4.048184076318762,-0.06517655561527029,-0.018086658955427867,False,False
382,6.366029080404429,1161.0,581.0,1397.0,610.0,0.7311255574596136,1.448527922855778,41.89040873658542,82.99453648648777,-4.963085809253538,-5.601402502837345,-0.07440683247404534,-0.02184798137949818,False,False
383,6.382694077997111,1137.0,600.0,1369.0,654.0,0.6440702606954027,1.3421095011226725,36.902507647737245,76.89721005873756,-5.311983061590141,-7.184544619615508,-0.08287696231295502,-0.025635293501277606,False,False
384,6.399359075589793,1111.0,618.0,1333.0,702.0,0.5540771875920811,1.2090670852749643,31.746284373504633,69.27444113443946,-5.527736383668925,-8.855436083850464,-0.09049554542023881,-0.029521613707133083,False,False
385,6.4160240731824745,1082.0,634.0,1288.0,753.0,0.45983083364175814,1.0469578590836397,26.34636605765501,59.98626665354493,-5.730072789799143,-10.55913519476178,-0.09876891507406597,-0.033701799148627004,False,False
386,6.432689070775156,1051.0,648.0,1230.0,803.0,0.36309388909629264,0.8571311600719476,20.80374741220875,49.10999796127478,-5.76303052409183,-12.33239736644407,-0.10595721316316803,-0.03772743810768109,False,False
387,6.449354068367838,1019.0,658.0,1160.0,849.0,0.2677490540206739,0.6359191142360691,15.3408907640049,36.43548135742442,-5.672949165967023,-13.78414663120509,-0.11143358624289929,-0.04092618259336104,False,False
388,6.46601906596052,987.0,666.0,1079.0,885.0,0.17401452070779921,0.3977056192195359,9.970297610548762,22.786853469916405,-5.560012874842837,-14.680456502958123,-0.11483052404937695,-0.04287995959488807,False,False
389,6.482684063553202,955.0,670.0,990.0,907.0,0.08243385167160246,0.14661956967353545,4.723111789790267,8.400682536317898,-5.4766597060566,-15.19705662181434,-0.11660791401131551,-0.04390662631391966,False,False
390,6.499349061145884,923.0,671.0,897.0,909.0,-0.00852252092694699,-0.10881220481724505,-0.48830447992598475,-6.234480095541226,-5.455158805512877,-14.841881571598151,-0.11503735438912299,-0.043176290300022666,False,False
391,6.516014058738565,891.0,670.0,809.0,896.0,-0.09938656505153563,-0.3480602716495644,-5.694430717755399,-19.942384581696977,-5.650081062531863,-13.44202612274023,-0.11170654624295268,-0.04094416900253791,False,False
392,6.532679056331246,857.0,665.0,730.0,869.0,-0.1968396955380381,-0.5568348707696853,-11.278083794969685,-31.904287980815578,-5.892812762087717,-11.978194877630585,-0.10869827566635401,-0.03857076337555826,False,False
393,6.549344053923928,823.0,657.0,659.0,834.0,-0.2957939860401633,-0.7472934492503273,-16.94774700545295,-42.81676069981752,-5.997724326234352,-10.314366143973984,-0.10364285857400182,-0.03533971651732194,False,False
394,6.56600905151661,789.0,646.0,601.0,795.0,-0.3967438184545673,-0.9006126446884143,-22.73174634535125,-51.601303516761334,-6.134217310873348,-8.343871955109307,-0.0988271935378142,-0.031891782144734836,False,False
395,6.582674049109292,756.0,630.0,550.0,755.0,-0.5002474194775461,-1.0253946613414127,-28.66206584837389,-58.7507864301093,-6.066739536919057,-6.640337775436819,-0.09287761755815552,-0.02857892429193516,False,False
396,6.5993390467019735,726.0,612.0,508.0,717.0,-0.5989482180109346,-1.1219350707729137,-34.31720503890807,-64.28214444299927,-5.802851013479618,-5.016698363432738,-0.08506349197687307,-0.025076069042244506,False,False
397,6.616004044294655,699.0,592.0,475.0,681.0,-0.6936564158182041,-1.1926011936410443,-39.74358505855477,-68.33101503789607,-5.53441053349362,-3.6954262975843903,-0.07817296595540346,-0.02226892136088786,False,False
398,6.632669041887337,675.0,571.0,447.0,648.0,-0.7834100944461025,-1.2451036114792646,-44.88609203970689,-71.33918199425847,-5.138165370102602,-2.757556196416772,-0.07079077290756143,-0.019814667868716985,False,False
399,6.649334039480019,655.0,550.0,424.0,618.0,-0.864911442865326,-1.2845105283909855,-49.55577532875361,-73.59703201692277,-4.653140081457067,-1.9368092486677142,-0.06257509709362358,-0.017261062366082172,False,False
400,6.665999037072701,638.0,530.0,406.0,592.0,-0.9384992309578891,-1.3096574544123287,-53.77204501016054,-75.03784474567345,-3.95609195948121,-1.3910204209871608,-0.05251988356089689,-0.014480894257170552,False,False
401,6.682664034665383,626.0,513.0,393.0,570.0,-0.996767968827693,-1.3308732323252317,-57.11059776765441,-76.25341927916966,-3.332406632599543,-0.9086834151797802,-0.043473374892289224,-0.011888589659931063,False,False
402,6.699329032258064,616.0,497.0,382.0,552.0,-1.0495683279781063,-1.3399438682652896,-60.13583550374805,-76.77312843603465,-2.635955938978565,-0.51561528460104,-0.03378032493967617,-0.009173133068155917,False,False
403,6.715994029850746,610.0,486.0,376.0,539.0,-1.0846243675826759,-1.3480586872784857,-62.144398619533355,-77.23807331700331,-1.8026859339485917,-0.6364421158004916,-0.0240100402638193,-0.006801815671371962,False,False
404,6.732659027443428,606.0,478.0,371.0,528.0,-1.1096518414773355,-1.3611564809206842,-63.578367245571194,-77.98852161363456,-1.050816210323255,-0.7603385336717565,-0.015237673127792712,-0.004640521821958535,False,False
405,6.74932402503611,604.0,475.0,369.0,522.0,-1.119648066813452,-1.373400766945016,-64.15110876839242,-78.69006752597979,-0.2245442825313475,-0.5896057844055349,-0.004613258022932026,-0.0017208999828446998,False,False
406,6.765989022628792,604.0,476.0,370.0,521.0,-1.1171359013330058,-1.380808038876181,-64.0071722889244,-79.11447294534128,0.5625343639202072,-0.5151277070891638,0.005229983167255058,0.0009030954720195839,False,False
407,6.782654020221473,607.0,481.0,371.0,524.0,-1.1008987991723915,-1.3905699709421426,-63.07685486359844,-79.6737904526143,1.2768413350906727,-0.16993338845429662,0.01504258837493238,0.0037272607455406757,False,False
408,6.799319017814154,612.0,489.0,376.0,533.0,-1.0745787857819626,-1.3864719178951976,-61.56882917959906,-79.43898930880363,2.0294902994139044,0.3922659670055282,0.025985274961745363,0.007012042274162761,False,False
409,6.815984015406836,619.0,502.0,384.0,548.0,-1.033255897264185,-1.3774957481504624,-59.20120207024078,-78.92469266623726,2.7538276565650293,0.662907267132141,0.03564512423010128,0.009643630880245195,False,False
410,6.832649012999518,629.0,517.0,395.0,566.0,-0.982793723247329,-1.3643772218733408,-56.309932474020215,-78.17305647712674,3.3809496398371124,1.2771986450785562,0.04513889893229341,0.012484137900215488,False,False
411,6.8493140105922,642.0,535.0,409.0,591.0,-0.9205688620464573,-1.334926723459239,-52.744710546422915,-76.48566721344199,4.012501963493694,2.4315665247775087,0.05625986134672431,0.01621332740492515,False,False
412,6.8659790081848815,659.0,554.0,429.0,622.0,-0.8490570521228222,-1.2833331213096146,-48.64738565245687,-73.5295715603914,4.592302905413067,3.408789011896147,0.06617855023325327,0.019501700373264118,False,False
413,6.882644005777563,679.0,575.0,454.0,657.0,-0.7675074283193083,-1.2213118021048206,-43.97493638763592,-69.97601173012303,5.019093095930206,4.6119501090477115,0.07484192622172374,0.022690103162073594,False,False
414,6.899309003370245,702.0,595.0,486.0,697.0,-0.6817707034005767,-1.1296168463799159,-39.06258390051848,-64.72227776444704,5.362225920175671,6.1401907055153515,0.08359021929667633,0.026359186983330972,False,False
415,6.915974000962927,729.0,614.0,527.0,739.0,-0.5887844642170212,-1.0166592754527823,-33.73486484250676,-58.25028568627265,5.710092862784808,7.559081733630592,0.09224349666198275,0.0299714431244092,False,False
416,6.932638998555609,759.0,631.0,576.0,783.0,-0.4914533357759799,-0.8776726885922428,-28.158201967589356,-50.286940850235304,5.839933388544699,9.17341573464978,0.0991466840657342,0.033433384673671296,False,False
417,6.9493039961482905,790.0,646.0,635.0,826.0,-0.3941395124939822,-0.7109093731835666,-22.58253060524896,-40.73210669970919,5.870368376822855,10.616089768784718,0.1047390670531696,0.03645135677103925,False,False
418,6.965968993740972,823.0,657.0,704.0,863.0,-0.2957939860401633,-0.523838467711257,-16.94774700545295,-30.013733346455073,5.919587322430382,11.675933843453208,0.1095609927025969,0.03887933412700453,False,False
419,6.982633991333654,857.0,665.0,782.0,890.0,-0.1968396955380381,-0.3217505543966422,-11.278083794969685,-18.43494882292201,5.977473442332619,12.4383689685003,0.11344478925663923,0.04072218850512491,False,False
420,6.999298988926336,892.0,670.0,866.0,907.0,-0.09656482498657823,-0.1092676898773683,-5.532756921150369,-6.260577467117551,5.905782297396713,12.668803313740113,0.11364157508254405,0.041031818229572796,False,False
421,7.015963986519018,926.0,671.0,950.0,909.0,0.0,0.10050059905462982,0.0,5.75826016436676,5.802696015174217,12.53708878376176,0.11174713264925173,0.04037376938444345,False,False
422,7.0326289841117,960.0,669.0,1033.0,898.0,0.09683900526130702,0.3085934189238865,5.548466293718066,17.681100489851246,5.8387930623907405,12.016587026836305,0.10980501023219946,0.03927101339194869,False,False
423,7.049293981704381,994.0,664.0,1109.0,874.0,0.19460694465781786,0.5010133868035894,11.150156592828946,28.70595254340109,5.830949903587689,10.946560919136687,0.10540339985572611,0.036953766730757356,False,False
424,7.065958979297062,1027.0,656.0,1177.0,844.0,0.291184537473976,0.6734422416549913,16.683645056727787,38.585398192660286,5.815529704049341,9.767118099622849,0.10070229093973054,0.03440178308903327,False,False
425,7.082623976889744,1059.0,644.0,1236.0,807.0,0.38843852169411636,0.8265513860388912,22.255887893373735,47.3579059707169,5.747646394182372,8.620261875178358,0.09575011637934641,0.03181545229761652,False,False
426,7.099288974482426,1089.0,630.0,1285.0,767.0,0.48275356411924697,0.9607555284512624,27.659741768931024,55.04723692411842,5.6314904705769955,7.297677440386337,0.08997812659205222,0.028884507659293193,False,False
427,7.115953972075108,1117.0,613.0,1327.0,728.0,0.5761360719648687,1.0697829399913072,33.010165348832444,61.29404745659892,5.386680752128109,6.1385561800747155,0.08346509256293208,0.026061409677099988,False,False
428,7.1326189696677895,1142.0,596.0,1361.0,690.0,0.6622916076527677,1.165353576378236,37.946513925437806,66.76984156694934,5.006399568275828,4.900962500890955,0.07517505819865149,0.02277366192944782,False,False
429,7.149283967260471,1163.0,577.0,1388.0,656.0,0.7429993454715086,1.233131996549647,42.57072667650004,70.65325898483556,4.5988150449146765,3.953898841018713,0.06755830842941818,0.020076310655399162,False,False
430,7.165948964853153,1182.0,560.0,1410.0,624.0,0.8155700909581517,1.2971370057128062,46.728724109002755,74.32047587758075,4.057860851653597,3.487755681413205,0.059654251759177476,0.01776625030500278,False,False
431,7.182613962445835,1196.0,543.0,1427.0,595.0,0.8782478281199985,1.3493788766188746,50.31989391780685,77.31371459436575,3.4034058819252913,3.0064911722338366,0.050316811173545084,0.015093161323745323,False,False
432,7.199278960038517,1207.0,529.0,1441.0,570.0,0.9290055926165598,1.3973433420081949,53.22809960097879,80.06187602777511,2.80491771854658,2.565507359968592,0.04173585566356262,0.012600512697824941,False,False
433,7.215943957631199,1216.0,517.0,1450.0,549.0,0.971735722174497,1.434887224574646,55.6763556826958,82.21298204536755,2.0881218188985926,2.2892941091889725,0.032199322215947124,0.010044582526838824,False,False
434,7.23260895522388,1221.0,509.0,1457.0,532.0,0.9986026827869026,1.4736455036453482,57.21571913413086,84.43366785730902,1.3046308852034478,2.0552309548503445,0.021917035926532873,0.007320275221698125,False,False
435,7.249273952816562,1224.0,504.0,1461.0,520.0,1.0152190632970046,1.5033880624046143,58.167767608143144,86.13779094613483,0.6162215555454509,1.6496175072132928,0.012301326898828957,0.0046050634793018495,False,False
436,7.265938950409244,1225.0,503.0,1462.0,513.0,1.0191413442663497,1.5286272472184568,58.3924977537511,87.58388971431869,-0.07256381537822065,1.2598264985542755,0.002725757638132731,0.001944265185922815,False,False
437,7.282603948001926,1224.0,505.0,1460.0,511.0,1.0128005116798169,1.545378073535821,58.029194807943746,88.54364136566032,-0.8061576888843227,0.7588673382294928,-0.0076885150692842606,-0.0009838282328793072,False,False
438,7.299268945594608,1220.0,511.0,1457.0,515.0,0.9922721123771914,1.5539202919479753,56.853004167744004,89.0330744283557,-1.6591012710262873,0.5094400677347721,-0.01882511735179393,-0.003740158554711626,False,False
439,7.315933943187289,1213.0,521.0,1450.0,523.0,0.9575026743044801,1.5623577085406521,54.86086211013617,89.51650278910974,-2.3258027991875387,0.12656716538390356,-0.028032633240452822,-0.006065246941936965,False,False
440,7.33259894077997,1204.0,533.0,1441.0,536.0,0.914753116278168,1.5581387749608446,52.41149285917887,89.27477570094075,-2.9251663590565435,-0.8856234982905562,-0.0380130140843844,-0.009196952958766894,False,False
441,7.349263938372652,1192.0,548.0,1429.0,557.0,0.8600068936407399,1.5328398816065822,49.274765357770676,87.82525588538995,-3.5792063404053103,-1.7686700129828523,-0.04820725594423261,-0.012211946897483287,False,False
442,7.365928935965334,1177.0,565.0,1414.0,582.0,0.7954581861850362,1.4991890119436302,45.57639684753422,85.89720307675798,-4.11501141296797,-2.9047360718470827,-0.05747392739842116,-0.01526340909878594,False,False
443,7.382593933558016,1158.0,582.0,1394.0,614.0,0.7228535830588011,1.4360250423171654,41.41645951517861,82.27817419986903,-4.61048527466275,-4.467040744751898,-0.06733943683353008,-0.01907973595079747,False,False
444,7.3992589311506975,1136.0,600.0,1368.0,652.0,0.6417907341783368,1.350302565428225,36.77190039902121,77.366638064725,-5.018792190956155,-5.968524476330458,-0.07610865721520843,-0.02270880145268379,False,False
445,7.415923928743379,1111.0,617.0,1336.0,695.0,0.5555772634978919,1.2370941502573463,31.832232391856856,70.88027367006885,-5.230022154882279,-7.69084294332049,-0.08341605474523893,-0.026474626009214422,False,False
446,7.432588926336061,1084.0,632.0,1295.0,741.0,0.46747412093676544,1.0939668071559656,26.784294161264892,62.679680977438856,-5.395296570707252,-9.32028204669416,-0.09061145569910746,-0.03027265336883902,False,False
447,7.449253923928743,1055.0,646.0,1244.0,788.0,0.3757520547726105,0.9264491945147977,21.529006881839123,53.08162877899257,-5.452866553341801,-11.136314024392732,-0.09768226131668817,-0.03428144628178067,False,False
448,7.465918921521425,1025.0,656.0,1182.0,834.0,0.2857301049674529,0.7227935143402592,16.371129094465047,41.413017831125394,-5.434897578213269,-12.643086303618702,-0.10391369454151966,-0.037766013189558675,False,False
449,7.482583919114107,994.0,664.0,1109.0,872.0,0.19460694465781786,0.5050551888870511,11.150156592828946,28.937530744410626,-5.328002234238928,-13.907732823830543,-0.1084810093895094,-0.04041668506827596,False,False
450,7.499248916706788,964.0,669.0,1025.0,899.0,0.10814781615266286,0.25924884628266204,6.196413429104334,14.853864735632376,-5.157023961757336,-14.651077712340907,-0.11047045282585738,-0.04176854045255833,False,False
451,7.51591391429947,934.0,671.0,938.0,910.0,0.022723360841641064,0.01673483927434091,1.3019526725788753,0.9588356612495073,-5.2024001860162015,-14.33896973277922,-0.11054654929403476,-0.04157694372100476,False,False
452,7.532578911892152,903.0,671.0,851.0,905.0,-0.0652481569995919,-0.21866894587394195,-3.738444017083596,-12.528807709151511,-5.2875444192465375,-13.79841607343883,-0.10927921484952643,-0.04072942029258418,False,False
453,7.549243909484834,872.0,668.0,769.0,885.0,-0.15351046919424227,-0.44316630201901835,-8.795501995903122,-25.391558728109725,-5.330678347065739,-12.77109884885158,-0.10521785396818795,-0.03859081552997038,False,False
454,7.565908907077516,841.0,662.0,696.0,855.0,-0.24291964064201502,-0.6443296090179702,-13.918270169622083,-36.91736721204416,-5.531585528911164,-11.059668488437183,-0.1009101403171451,-0.035612128178493796,False,False
455,7.582573904670197,809.0,652.0,634.0,818.0,-0.33787818824027843,-0.8117849994903502,-19.35899417569472,-46.51185434282675,-5.750347105086798,-9.187437024550832,-0.09699393152673916,-0.032494847839642724,False,False
456,7.599238902262878,777.0,640.0,581.0,780.0,-0.4345786819687224,-0.9505468408120752,-24.899524343165844,-54.46232220802562,-5.7430111414808,-7.5217743326833215,-0.09154495956367605,-0.029251163916568793,False,False
457,7.61590389985556,747.0,625.0,537.0,742.0,-0.5292927219353178,-1.0624857017840694,-30.326239093885164,-60.87594650522258,-5.5411998494758645,-5.922459896920941,-0.08434774032510388,-0.02578564277163211,False,False
458,7.632568897448242,720.0,608.0,500.0,707.0,-0.6192668462728905,-1.1479424006619559,-35.48137668381338,-65.77225468204583,-5.353070066176722,-4.413648087826459,-0.07781953014191026,-0.022716289188233728,False,False
459,7.649233895040924,695.0,589.0,470.0,674.0,-0.707710521467902,-1.209592571301215,-40.548825997113426,-69.30454926593673,-5.044086719512364,-3.151993264288876,-0.0706097787998581,-0.01990358794411873,False,False
460,7.665898892633606,674.0,570.0,446.0,645.0,-0.7873862323487941,-1.2529983209850046,-45.11390796029312,-71.79151552941917,-4.533875449327688,-2.332541346239168,-0.06215576196913638,-0.0172861753799321,False,False
461,7.682563890226287,656.0,552.0,426.0,619.0,-0.8588245683650322,-1.2873361631410276,-49.20702310946098,-73.7589289625457,-3.9958790559966317,-1.5793715837889977,-0.053465826607926384,-0.014631541198034902,False,False
462,7.699228887818969,642.0,535.0,410.0,598.0,-0.9205688620464573,-1.3056387682685937,-52.744710546422915,-74.80759099044973,-3.4163967820487002,-0.9428494020974085,-0.044548505613418325,-0.012006330441496238,False,False
463,7.715893885411651,631.0,520.0,398.0,580.0,-0.9726930566620071,-1.3187613291734601,-55.73120690841245,-75.55945834670194,-2.775836618190546,-0.75710974202957,-0.03620324020508882,-0.009866947925582141,False,False
464,7.732558883004333,623.0,508.0,390.0,565.0,-1.013087483166104,-1.3308732323252317,-58.0456370629486,-76.25341927916966,-2.0043500146137383,-0.514150635735632,-0.02605636122385781,-0.007129698274453765,False,False
465,7.749223880597015,618.0,500.0,384.0,556.0,-1.0394980329988666,-1.33589796738708,-59.55885010298583,-76.54131539138498,-1.2819661529176933,-0.24347125346992016,-0.01640433088126626,-0.004441454418060497,False,False
466,7.765888878189696,615.0,495.0,382.0,550.0,-1.05581540887065,-1.3389881280311573,-60.49376687316762,-76.71836855430803,-0.5308218310529647,-0.3648581352555311,-0.007626173063430965,-0.0022967400538708707,False,False
467,7.782553875782378,614.0,495.0,380.0,548.0,-1.0571903220721477,-1.3480586872784857,-60.57254359681026,-77.23807331700331,0.18743119696839727,0.0,0.002286633894068878,0.000589539806326473,False,False
468,7.79921887337506,616.0,497.0,383.0,552.0,-1.0495683279781063,-1.3389881280311573,-60.13583550374805,-76.71836855430803,0.9052145646812662,0.39399837132327775,0.012283294067835623,0.003521559557516252,False,False
469,7.815883870967742,620.0,504.0,387.0,560.0,-1.0270195249896001,-1.334926723459239,-58.843884259434674,-76.48566721344199,1.7003884288091022,0.3951535033196478,0.021980879302207813,0.00599535903413971,False,False
470,7.832548868560424,627.0,514.0,395.0,572.0,-0.992894389832651,-1.3258176636680326,-56.88865803962798,-75.96375653207353,2.3530480171723447,1.0323225363001711,0.03191014577891996,0.009065096753527355,False,False
471,7.8492138661531055,636.0,527.0,405.0,591.0,-0.9485924459063164,-1.3005194182946131,-54.35034362842377,-74.51427384309024,3.0104580865301074,1.70737963513443,0.04198938646335577,0.012195219588339242,False,False
472,7.865878863745786,648.0,543.0,420.0,614.0,-0.892555836302867,-1.2689107086494193,-51.13968239992386,-72.70322818456617,3.644435298241387,2.376466475595862,0.05171809586519663,0.015188120198832263,False,False
473,7.882543861338468,664.0,560.0,439.0,642.0,-0.8271234349625646,-1.2213118021048206,-47.390681959718385,-69.97601173012303,4.109508882055753,3.503278133512481,0.06075554247290921,0.01844280341595516,False,False
474,7.89920885893115,682.0,578.0,464.0,675.0,-0.7555859250497396,-1.1521464653264586,-43.29188456483823,-66.01312984412192,4.598274160755931,4.49631619076456,0.06971529690773975,0.021607171836961783,False,False
475,7.915873856523832,704.0,597.0,495.0,711.0,-0.6738629793235874,-1.0714496051147666,-38.609504685353016,-61.38954033403479,5.074992960350404,5.742303165985504,0.07929716472707715,0.025172904626181523,False,False
476,7.932538854116514,730.0,614.0,534.0,751.0,-0.5864364341155065,-0.9607555284512624,-33.60033262752029,-55.04723692411842,5.39818891072076,7.070179899439495,0.08746314707195546,0.02857502229383565,False,False
477,7.949203851709195,758.0,631.0,581.0,791.0,-0.49394136891958124,-0.8358005431067935,-28.30075576600638,-47.887843634761296,5.580428559252775,8.207263126619068,0.0934678496196629,0.03128293391161059,False,False
478,7.965868849301877,788.0,645.0,637.0,829.0,-0.4004407771033459,-0.6872074879560368,-22.94356647296065,-39.374088709668264,5.595593599365392,9.641442438277977,0.098628295417656,0.03409283833055134,False,False
479,7.982533846894559,819.0,656.0,702.0,863.0,-0.3074402611934813,-0.5144513130590278,-17.615029418786143,-29.475889003245747,5.75824282014322,10.487344980604234,0.10394747662697033,0.03641857535436112,False,False
480,7.999198844487241,853.0,664.0,774.0,889.0,-0.2085185716318178,-0.33766433024524956,-11.947234104599495,-19.346741015164433,5.810029463635084,11.017685210453692,0.10675442853593906,0.0377394137700181,False,False
481,8.015863842079922,886.0,669.0,851.0,905.0,-0.11379200714370806,-0.14723191804075808,-6.519801751656986,-8.435767513351482,5.659611643938645,11.636107504440929,0.10722969587968087,0.03845051694764057,False,False
482,8.032528839672604,919.0,671.0,931.0,910.0,-0.01988374278831507,0.05016707685413893,-1.139254542694141,2.8743617742505996,5.717489527186304,11.494196721175854,0.1073986675265372,0.03836245851752728,False,False
483,8.049193837265285,953.0,670.0,1009.0,903.0,0.07677189126977804,0.23586960333565749,4.398705354995532,13.514332786558018,5.649623041929663,11.1190052792291,0.10497034579929646,0.0373104405961794,False,False
484,8.065858834857968,985.0,666.0,1083.0,885.0,0.16841816599831944,0.42076346927687347,9.64965010503741,24.10797096284733,5.647517139808235,10.426146230311929,0.10204671921436917,0.035766884190505964,False,False
485,8.082523832450649,1018.0,658.0,1150.0,858.0,0.26500361034884445,0.583373006993856,15.183588428718172,33.424811182603804,5.681154070813187,9.260309556105994,0.09818556025303535,0.03353552696527201,False,False
486,8.099188830043332,1049.0,648.0,1209.0,827.0,0.3577710038258315,0.729409542196857,20.498768551378973,41.792088304449436,5.46372915226718,8.445947845063529,0.09249407261031316,0.031143156532555026,False,False
487,8.115853827636013,1078.0,636.0,1261.0,792.0,0.4471096766880407,0.8648764080056549,25.6174974536835,49.55376797915863,5.3921902638837995,7.32287220883893,0.08775922638218016,0.028691672216101527,False,False
488,8.132518825228695,1106.0,621.0,1303.0,755.0,0.5374926793596432,0.9734808376604899,30.796062046485968,55.776343434806115,5.174858113946417,6.197816590139155,0.0815780989288934,0.025989284718546352,False,False
489,8.149183822821376,1130.0,605.0,1339.0,719.0,0.6195876727108155,1.0714496051147666,35.499758684662694,61.38954033403479,4.717840370589453,5.360505654811163,0.07339060483367288,0.02309309321555229,False,False
490,8.165848820414059,1151.0,589.0,1369.0,686.0,0.6947382761967031,1.1521464653264586,39.80557109226519,66.01312984412192,4.308189201988522,4.453247696083622,0.06567748970626645,0.02029869757654581,False,False
491,8.18251381800674,1168.0,572.0,1392.0,654.0,0.7631795980707292,1.219876329384468,43.72696997994329,69.89376520164068,3.8665068856553617,3.8283015037238783,0.05845203380160377,0.017933952214036267,False,False
492,8.199178815599423,1184.0,558.0,1411.0,626.0,0.8236089320797707,1.2797437360136907,47.18931577744774,73.32391493188865,3.3319227975998515,2.9946811483831652,0.04947611502733301,0.014937219671208837,False,False
493,8.215843813192103,1195.0,544.0,1425.0,603.0,0.8742325688727366,1.3196890376417834,50.08983650928787,75.61261212655542,2.734599380873089,2.4873918126646686,0.04073156150199189,0.012351678468842955,False,False
494,8.232508810784786,1204.0,533.0,1436.0,582.0,0.914753116278168,1.3626484931539147,52.41149285917887,78.07400761758056,2.0709515531353127,2.3298624537609385,0.03216035317498586,0.010109088371241148,False,False
495,8.249173808377467,1210.0,525.0,1444.0,566.0,0.9432573741678592,1.3973433420081949,54.04466653441065,80.06187602777511,1.401645127154314,1.9159450443390824,0.02275298176706743,0.007408787570816284,False,False
496,8.265838805970148,1214.0,520.0,1448.0,554.0,0.9614699416178073,1.4265069322571542,55.08816978339002,81.73282666448937,0.6652938924524285,1.5202370138188144,0.012577796477303206,0.004549511819521036,False,False
497,8.28250380356283,1215.0,519.0,1450.0,548.0,0.965431616400149,1.4480128343593874,55.315157028221606,82.96502408956886,-0.11902993958638675,1.1626400870057978,0.0019291921364309643,0.0016400450388132449,False,False
498,8.299168801155512,1213.0,521.0,1449.0,546.0,0.9575026743044801,1.4652577207593702,54.86086211013617,83.95308329847042,-0.7344015685464882,0.7690570953702718,-0.006753126898168437,-0.0007932023181421309,False,False
499,8.315833798748194,1210.0,526.0,1446.0,549.0,0.9409540156563702,1.4736455036453482,53.9126938129968,84.43366785730902,-1.40261095700696,0.2516586887974199,-0.016399872537250094,-0.003537161159954464,False,False
500,8.332498796340875,1203.0,534.0,1439.0,557.0,0.9107536578605012,1.4736455036453482,52.18234077150849,84.43366785730902,-2.1223999483830056,-0.5028709655804278,-0.027289309128581383,-0.0067524031367930705,False,False
501,8.349163793933558,1194.0,545.0,1430.0,572.0,0.8702144355953476,1.4568848167836885,49.859614430972414,83.47335123839555,-2.7310400866598563,-1.1287268755653486,-0.036404552899152294,-0.009395709602943857,False,False
502,8.365828791526239,1182.0,558.0,1418.0,590.0,0.8197281049210943,1.4360250423171654,46.96696076023583,82.27817419986903,-3.3293509428194525,-1.6833186049518645,-0.045127616320556396,-0.01179585637645946,False,False
503,8.382493789118922,1168.0,574.0,1401.0,614.0,0.7592471847007884,1.4007798157852047,43.501659290544865,80.25877147160516,-3.8702566033224244,-2.8464197873352077,-0.05470407703910718,-0.015043445063833757,False,False
504,8.399158786711602,1150.0,590.0,1381.0,644.0,0.690732470966237,1.341153884509762,39.57605535900805,76.8424572599852,-4.379044503266666,-4.353784716656719,-0.06479984681130586,-0.01888001960899577,False,False
505,8.415823784304285,1128.0,606.0,1355.0,680.0,0.6132936524904166,1.2556681921409223,35.13913788986384,71.94448787849697,-4.744693138749405,-5.722104739906285,-0.07292708737061138,-0.02224853803035786,False,False
506,8.432488781896966,1104.0,621.0,1321.0,718.0,0.5325918714956919,1.1504361610785447,30.515266439677035,65.91513662903316,-4.9490247417208675,-7.170985634978251,-0.07956908465936208,-0.025495781187885085,False,False
507,8.449153779489649,1078.0,635.0,1280.0,760.0,0.4483426816766143,1.0166592754527823,25.688143435647348,58.25028568627265,-5.165219928813821,-8.703976512302575,-0.08710037601490701,-0.029162710439289048,False,False
508,8.46581877708233,1050.0,648.0,1229.0,802.0,0.36043511613698337,0.8603326658299877,20.65141094295682,49.293430729297306,-5.336103781665944,-10.080461327454486,-0.09414666114850667,-0.03259723052626651,False,False
509,8.482483774675012,1020.0,658.0,1169.0,842.0,0.2704903683250876,0.6806775479424769,15.497956503966646,38.99995070641768,-5.3109198811561145,-11.564012970976705,-0.0996107771080019,-0.03574640325687972,False,False
510,8.499148772267693,990.0,664.0,1099.0,876.0,0.18342218206819788,0.47490416918385475,10.509316901587908,27.210004567401686,-5.125164731765095,-12.797865586675925,-0.10277285501036153,-0.037981089437527316,False,False
511,8.515813769860376,961.0,669.0,1021.0,900.0,0.09966865249116202,0.2541247495556341,5.710593137499642,14.560275619356876,-5.077066195271933,-13.24464213928411,-0.10490766880243321,-0.03909777964957392,False,False
512,8.532478767453057,931.0,671.0,939.0,910.0,0.014203590224012191,0.033460310449650164,0.8138057737691741,1.9171345699624402,-5.123722526625684,-13.301045175377112,-0.10617164346976185,-0.03954264758478894,False,False
513,8.549143765045738,901.0,670.0,856.0,905.0,-0.07110499465240203,-0.18919902209996817,-4.074016095882924,-10.840305454330565,-5.129104404926837,-12.906361700579282,-0.10465439884944264,-0.03877187748886843,False,False
514,8.56580876263842,871.0,667.0,778.0,889.0,-0.15674943489742663,-0.39670866289121387,-8.981081060683207,-22.729732079944693,-5.17543449655577,-11.861728422245392,-0.10096906312727547,-0.036769789155136304,False,False
515,8.582473760231101,841.0,661.0,708.0,862.0,-0.24360220150477047,-0.5845503733034975,-13.95737802631878,-33.492269303087156,-5.245983590029416,-10.694349521763684,-0.0970916492518396,-0.0345025254213842,False,False
516,8.599138757823784,811.0,653.0,646.0,829.0,-0.3315980426956037,-0.7531512809621944,-18.99916834125697,-43.15238973400541,-5.385838033907353,-9.016396219495391,-0.0927181692417337,-0.03153849914964833,False,False
517,8.615803755416465,781.0,641.0,594.0,794.0,-0.4231121572440504,-0.8850668158886104,-24.24254087075973,-50.71059313749964,-5.364289041483447,-7.442315204426677,-0.08731754218369037,-0.028480630571299487,False,False
518,8.632468753009148,753.0,628.0,550.0,758.0,-0.5103897706211453,-1.0012036108936881,-29.243179763241805,-57.364741337466626,-5.275610146025471,-5.991527465143008,-0.08171128214878039,-0.025512283181963823,False,False
519,8.649133750601829,726.0,612.0,514.0,724.0,-0.5989482180109346,-1.0847643974548002,-34.31720503890807,-62.152421740211835,-5.07628885417323,-4.465324576155012,-0.07489455829354327,-0.022366863765634536,False,False
520,8.665798748194511,703.0,595.0,484.0,693.0,-0.6795824536902532,-1.1500328575180232,-38.93720642759622,-65.89202903715268,-4.638111125711713,-3.512523253698191,-0.06686403939735362,-0.019574589210265156,False,False
521,8.682463745787192,683.0,578.0,458.0,665.0,-0.753536439500088,-1.2018367805890402,-43.17445769267014,-68.86017519134235,-4.188421454355556,-2.7344456952142764,-0.059188940388507076,-0.017064335595037207,False,False
522,8.699128743379875,666.0,562.0,438.0,640.0,-0.8191825205981966,-1.241171919374154,-46.93570108116529,-71.11391263029071,-3.6975703444817114,-1.8111651965817828,-0.050534737138135756,-0.014169321018608277,False,False
523,8.715793740972556,652.0,547.0,423.0,620.0,-0.8767764412792075,-1.2622029078710102,-50.23558966179844,-72.31889951014875,-3.1089374160045047,-1.4199538241133496,-0.042248678885912605,-0.011884481676790255,False,False
524,8.732458738565239,642.0,534.0,411.0,601.0,-0.9228033897052224,-1.2884989734952939,-52.8727395504754,-73.82555308821927,-2.526669553957859,-1.062851750779032,-0.034083896828179465,-0.009562955882069008,False,False
525,8.74912373615792,634.0,523.0,402.0,588.0,-0.9609903253476285,-1.2976277516072299,-55.06068979532297,-74.3485935461446,-1.8699360532176819,-0.6024308994507237,-0.024679881812845236,-0.006824093416530796,False,False
526,8.765788733750602,629.0,516.0,398.0,578.0,-0.9851283493559041,-1.3085779924735028,-56.44369669678262,-74.97599613243372,-1.1440641062506103,-0.7241900039301754,-0.01621184014750764,-0.00479868625502383,False,False
527,8.782453731343283,626.0,512.0,394.0,571.0,-0.9991219765007097,-1.3217650009515085,-57.24547247225968,-75.73155606262668,-0.4198508600730726,-0.5475479897191917,-0.006827111206330061,-0.0022427752989978332,False,False
528,8.799118728935964,626.0,512.0,393.0,570.0,-0.9991219765007097,-1.326827764334597,-57.24547247225968,-76.02163103715102,0.373425951808219,-0.12159205826424113,0.004177767847247178,0.0009530903290613402,False,False
529,8.815783726528647,628.0,516.0,396.0,574.0,-0.9866756913248507,-1.3258176636680326,-56.53235286106672,-75.96375653207353,1.0268580811224446,0.2732400546010467,0.013373546120588513,0.0036462216632887562,False,False
530,8.832448724121328,633.0,522.0,401.0,582.0,-0.9648968016008477,-1.3177206746302943,-55.28451439740051,-75.49983323344743,1.6130381837526073,0.879512530388638,0.022388642364601804,0.0064723582534609286,False,False
531,8.84911372171401,640.0,531.0,409.0,596.0,-0.9329131364265676,-1.2965035152647124,-53.451985369554706,-74.28417954854312,2.3417850038632047,1.464445635513016,0.03306329810019936,0.009687912291574046,False,False
532,8.865778719306691,650.0,544.0,422.0,615.0,-0.8868451186969318,-1.2689107086494193,-50.81248238311273,-72.70322818456617,2.9359154793304043,2.019882653544073,0.04197141180321289,0.012395109269138211,False,False
533,8.882443716899374,662.0,558.0,437.0,638.0,-0.8350590876358501,-1.2291808361470895,-47.84536136557936,-70.42687416958981,3.4022980444410607,3.0575604098618214,0.050776743224490155,0.015537740989323819,False,False
534,8.899108714492055,678.0,573.0,458.0,667.0,-0.7734465412565402,-1.1670022349097644,-44.315222492990856,-66.86430274266417,3.9398532905687738,4.110779805348898,0.06053067498940295,0.01896947619896954,False,False
535,8.915773712084738,696.0,590.0,484.0,700.0,-0.7037437964301532,-1.0921685650267206,-40.32154939396155,-62.576649292890494,4.389729409391325,5.07225263152452,0.0689671169612886,0.022004362918840142,False,False
536,8.932438709677418,718.0,606.0,518.0,735.0,-0.627136881176479,-0.9979440791220989,-35.93229646840965,-57.17798392376576,4.813001823482654,6.080722856169928,0.07732575315587173,0.025116567386066692,False,False
537,8.949103707270101,743.0,622.0,558.0,772.0,-0.5433264688263294,-0.8894981015070477,-31.130313561494965,-50.96448710125312,5.0189602659703105,7.178092867981491,0.08340021966641645,0.027763977018337042,False,False
538,8.965768704862782,769.0,636.0,605.0,809.0,-0.4598549596761572,-0.7586982783921826,-26.347748377602464,-43.47020927571364,5.2484597213835595,8.384558761836615,0.09033917190469132,0.03079234987266942,False,False
539,8.982433702455465,799.0,648.0,662.0,844.0,-0.3683953315820397,-0.6100407983436342,-21.1074976919734,-34.952763075881585,5.435516563557114,9.304395074080162,0.09597387862659962,0.03322318776838353,False,False
540,8.999098700048146,829.0,658.0,726.0,872.0,-0.27868921878283415,-0.44858283537036436,-15.967716032054426,-25.701903228733702,5.48150101278759,10.03944623413986,0.09936127792651153,0.034889313379072404,False,False
541,9.015763697640828,861.0,665.0,796.0,895.0,-0.18569692921726325,-0.2754261036960354,-10.63965031268877,-15.780753309515392,5.54099741697444,10.704811033840656,0.1026048762515244,0.036407271382287415,False,False
542,9.03242869523351,893.0,669.0,871.0,908.0,-0.09400780155296372,-0.09179153515222487,-5.386250270288207,-5.2592675592492215,5.4862302485235634,10.915179789784247,0.10276873073021625,0.036659987893756504,False,False
543,9.049093692826192,925.0,671.0,946.0,908.0,-0.002840901448176723,0.0883767861448488,-0.16277166299312978,5.063616853030085,5.471008979914063,10.742383319047008,0.10186914795290916,0.03624017590532916,False,False
544,9.065758690418871,957.0,669.0,1020.0,900.0,0.08834090140664337,0.2662520491509254,5.061560808981983,15.255118703057777,5.489011436011609,10.304422884054247,0.10026343729565215,0.035341295311558114,False,False
545,9.082423688011554,989.0,665.0,1089.0,882.0,0.18010782328648636,0.4318231512583066,10.319418131603717,24.741644063140335,5.487882763288049,9.514581567721734,0.09720597538944455,0.03370489696357136,False,False
546,9.099088685604237,1020.0,657.0,1152.0,857.0,0.2712520074848837,0.583373006993856,15.541595213334853,33.424811182603804,5.360422225999955,8.658205240493885,0.09245021673147072,0.03154087071023842,False,False
547,9.115753683196916,1049.0,647.0,1207.0,827.0,0.35877067027057225,0.7204010902378455,20.556045219583467,41.275942027251716,5.236051089351053,7.741188565112452,0.08765165933467106,0.02930434183068109,False,False
548,9.1324186807896,1077.0,635.0,1256.0,795.0,0.44576956508327203,0.8413867845980396,25.540714714653756,48.20791169555057,5.098085425710069,6.8612213761599605,0.08298319185274675,0.027167073506153973,False,False
549,9.14908367838228,1103.0,622.0,1297.0,761.0,0.5286898329640626,0.9490855656709769,30.291696100317253,54.37859730973331,4.8370273702869895,5.778115528636135,0.07633034858238347,0.024369667964682117,False,False
550,9.165748675974964,1126.0,607.0,1331.0,729.0,0.6069876640464079,1.0339713473479513,34.77783136636388,59.24219434049287,4.488886593941359,4.8547397640786585,0.06927218563186133,0.02170876316948435,False,False
551,9.182413673567645,1146.0,592.0,1360.0,698.0,0.6783044015277808,1.1108940186339262,38.86397943268899,63.649538754051406,4.080759108084987,4.173998809592035,0.06222667987260319,0.01929481638921791,False,False
552,9.199078671160327,1163.0,577.0,1382.0,669.0,0.7429993454715086,1.1730907075753607,42.57072667650004,67.2131465300836,3.5760565041781547,3.4641085342061615,0.053965194176161836,0.016589887354238563,False,False
553,9.215743668753008,1177.0,564.0,1400.0,644.0,0.7974943475946281,1.2263527394005975,45.693060302711245,70.26483616196114,2.9708494821103244,2.957926749151966,0.04507616066146464,0.01392405013586042,False,False
554,9.232408666345693,1187.0,552.0,1414.0,622.0,0.8420177444066888,1.2716783918832588,48.24406302962854,72.8618047528943,2.3681211772153894,2.5560982123707845,0.036520319262259834,0.011435264494451473,False,False
555,9.249073663938372,1195.0,543.0,1425.0,604.0,0.876423815029578,1.3115474805122347,50.21538566594915,75.14613526436763,1.8219328347375132,1.9614390484954356,0.028067186295342533,0.008775378470185655,False,False
556,9.265738661531056,1201.0,536.0,1432.0,591.0,0.9027427570165434,1.3370531459259951,51.72334996305192,76.6075022462489,1.217879712844173,1.409491669749741,0.019056075926303283,0.006035346081635674,False,False
557,9.282403659123736,1204.0,532.0,1436.0,582.0,0.9170157399950302,1.3585258310788055,52.541131648781274,77.83779648031816,0.4282323744456562,1.1648638780192186,0.008682199941237322,0.0032612035642275643,False,False
558,9.299068656716418,1204.0,532.0,1437.0,578.0,0.9170157399950302,1.3758780533719766,52.541131648781274,78.83200558288968,-0.30799812510405644,1.0179461256075228,-0.0007610585277276626,0.000832394062119522,False,False
559,9.3157336543091,1202.0,535.0,1435.0,577.0,0.906750163968212,1.3924539705442618,51.95295746817391,79.78173567842005,-0.9102691848651503,0.6440231544241897,-0.009235196058547218,-0.0015427869685238037,False,False
560,9.33239865190178,1197.0,540.0,1431.0,581.0,0.8866764724460914,1.3973433420081949,50.80281966470886,80.06187602777511,-1.579191888851966,-0.10173540551920723,-0.019557326403813104,-0.004697231524940107,False,False
561,9.349063649494465,1190.0,549.0,1424.0,592.0,0.8541157059160052,1.3890631299681213,48.93722516482409,79.5874548244055,-2.2508769615064743,-0.7678590542700476,-0.02962926579371714,-0.007669596268714633,False,False
562,9.365728647087144,1180.0,560.0,1413.0,607.0,0.8116547541562379,1.371750603426336,46.50439183488084,78.59552012085298,-2.849509360837107,-1.2859566931086874,-0.03834063632309837,-0.0101231138201032,False,False
563,9.382393644679826,1167.0,573.0,1399.0,626.0,0.7591415726386588,1.3462021995782214,43.495608165119165,77.13170440706021,-3.332519622008995,-2.204530543237297,-0.04668249962223518,-0.012875831656630279,False,False
564,9.399058642272507,1152.0,587.0,1381.0,651.0,0.700581891199549,1.2982736110342539,40.140385569027586,74.38559856547181,-3.828964088158468,-3.4342924706123767,-0.05603376064583451,-0.016259168404343768,False,False
565,9.41572363986519,1133.0,602.0,1357.0,681.0,0.6315222180154059,1.2317372480675732,36.1835577610234,70.57334578333047,-4.305349173228542,-4.602669154919681,-0.06499516062446851,-0.019528029971469983,False,False
566,9.432388637457873,1111.0,616.0,1327.0,714.0,0.5570846239845249,1.1448666702609547,31.918597785945707,65.59602831114839,-4.6152722486628335,-5.889559931830945,-0.0723974475152329,-0.022671671090912546,False,False
567,9.449053635050554,1087.0,630.0,1291.0,751.0,0.47769521618833183,1.0354382438957448,27.369919781180855,59.32624132166375,-4.8363296842704315,-7.20899319106843,-0.07908466067566927,-0.02578823905957568,False,False
568,9.465718632643236,1061.0,642.0,1248.0,789.0,0.39588977889296006,0.9045909619113205,22.682813482933952,51.82924430319807,-5.03049569300056,-8.665665484688816,-0.08622050717962121,-0.029229359283200654,False,False
569,9.482383630235915,1033.0,653.0,1194.0,827.0,0.3100288189606406,0.7466116550131146,17.76334285387018,42.777696767528894,-5.066829190133195,-10.16600603404936,-0.09206165944319333,-0.03244274406647217,False,False
570,9.499048627828598,1005.0,661.0,1132.0,861.0,0.22701238638077045,0.5657580297420903,13.006851636811277,32.415547329858676,-5.008149525063873,-11.194556339764063,-0.09576487678822795,-0.034633210838502515,False,False
571,9.51571362542128,976.0,666.0,1063.0,888.0,0.1431072194026718,0.3734971461064775,8.19943968962578,21.39981013208223,-5.103327343204954,-11.792036474371798,-0.09995343279050703,-0.036458125794954735,False,False
572,9.532378623013962,946.0,670.0,987.0,905.0,0.05691851060241509,0.17272951082565158,3.2611904336890136,9.896671967669098,-5.062785847579438,-12.209946454922829,-0.10158540082673899,-0.0373703426401717,False,False
573,9.549043620606644,917.0,670.0,909.0,909.0,-0.02563540852167748,-0.033460310449650164,-1.4688007143858246,-1.9171345699624402,-4.867735845713948,-12.380818028937142,-0.10003413141791534,-0.03713270982956305,False,False
574,9.565708618199324,889.0,669.0,832.0,902.0,-0.10532310169884464,-0.23992309446966495,-6.034569212570949,-13.746580720830345,-4.886040340564717,-11.785825907375965,-0.09795515899839842,-0.03603172860151006,False,False
575,9.582373615792008,860.0,665.0,761.0,883.0,-0.188487109548193,-0.42628183119802276,-10.79951586973146,-24.42414981075489,-5.037637084293694,-10.85915054029067,-0.09610878648366228,-0.03462601835540842,False,False
576,9.599038613384687,831.0,658.0,695.0,856.0,-0.2732275214639621,-0.601858529694696,-15.654783826705142,-34.48395361545521,-5.128940772365833,-9.539848649532246,-0.09221814646428901,-0.03223619371048832,False,False
577,9.61570361097737,802.0,649.0,639.0,826.0,-0.3594346807971526,-0.7442449407560053,-20.59409022030878,-42.6420940292831,-5.066822206277594,-8.242768539840085,-0.08689867680049233,-0.02950094080390986,False,False
578,9.632368608570053,775.0,638.0,590.0,792.0,-0.4421046812042968,-0.8765899654416449,-25.33073233598294,-50.22490538332494,-4.949731970540816,-7.088049001797231,-0.08149579430708873,-0.026850424862436797,False,False
579,9.649033606162734,749.0,625.0,549.0,759.0,-0.5244092235441183,-0.9804895798595247,-30.046435246810503,-56.17791478250605,-4.871498496655388,-5.5774306389356525,-0.07587207895632071,-0.023887961841237315,False,False
580,9.665698603755416,725.0,610.0,515.0,727.0,-0.6044717026433267,-1.0624857017840694,-34.63367739654951,-60.87594650522258,-4.589776095151315,-4.355702399450934,-0.06882163627537961,-0.020957506787577934,False,False
581,9.682363601348095,704.0,595.0,486.0,699.0,-0.677386438697402,-1.1256651198620995,-38.8113840367584,-64.49586051318624,-4.171462218489911,-3.34839418664626,-0.06079872053031886,-0.01806313768761325,False,False
582,9.69902859894078,686.0,580.0,464.0,673.0,-0.7435065183015194,-1.1740876639036828,-42.59978553914336,-67.27026792005532,-3.7187713384532337,-2.401554749523825,-0.05253374269612293,-0.015198052771878169,False,False
583,9.71569359653346,671.0,566.0,446.0,652.0,-0.8013330695035248,-1.2057089281011195,-45.913002866815425,-69.08203290143658,-3.230270388003113,-2.012729227753539,-0.04548421603836171,-0.013188990992793418,False,False
584,9.732358594126143,659.0,553.0,431.0,631.0,-0.8511714147810849,-1.241171919374154,-48.76852970913538,-71.11391263029071,-2.74971849762316,-1.4577301809810024,-0.037972913788484566,-0.010840513187823062,False,False
585,9.749023591718824,649.0,542.0,420.0,617.0,-0.8929811737904108,-1.2542950680147809,-51.16405244282882,-71.86581366132148,-2.1491744755964497,-0.8322470231690886,-0.02877569347383952,-0.008022524550681361,False,False
586,9.765688589311509,642.0,534.0,414.0,605.0,-0.9228033897052224,-1.2689107086494193,-52.8727395504754,-72.70322818456617,-1.3838741472656224,-0.9065545976878866,-0.0196830362934989,-0.005822943529349023,False,False
587,9.782353586904188,639.0,529.0,408.0,597.0,-0.9391056924559273,-1.2845105283909855,-53.80679269443531,-73.59703201692277,-0.656360853341063,-0.6732030381139111,-0.010087278400330463,-0.0031778199926412952,False,False
588,9.79901858449687,637.0,528.0,407.0,594.0,-0.9446798937869377,-1.2913485626685244,-54.12617090485841,-73.98882252119154,-0.049706721643353546,-0.29154639088847034,-0.001506697648334155,-0.0006515623001906158,False,False
589,9.815683582089552,638.0,529.0,409.0,594.0,-0.9407624172489815,-1.294227768195608,-53.901716032892,-74.15378884624418,0.5890907174105529,0.12038404161717153,0.00755764222005777,0.002020239223788492,False,False
590,9.832348579682234,642.0,533.0,412.0,600.0,-0.9250455030119004,-1.2873361631410276,-53.00120318013817,-73.7589289625457,1.1965315797289513,0.8793974509313784,0.01729740023846159,0.0051758751932564915,False,False
591,9.849013577274915,647.0,540.0,419.0,612.0,-0.9008820254574808,-1.2649174553900444,-51.61673789791083,-72.47443162627712,1.8589770967659156,1.4663070334108852,0.027178059965700448,0.008208562557752461,False,False
592,9.865678574867596,656.0,550.0,430.0,628.0,-0.8630858053269945,-1.2384641567771786,-49.45117400288657,-70.95876926156065,2.5089153988053177,1.821077924006886,0.03617118760553336,0.010774969117195311,False,False
593,9.88234357246028,667.0,562.0,443.0,648.0,-0.8172598872948087,-1.204220936950718,-46.82554230732987,-68.99677728856575,2.9895054619015013,2.818772119762343,0.0450420589932149,0.013905150739201065,False,False
594,9.89900857005296,681.0,575.0,463.0,674.0,-0.7634456026752018,-1.1445144955968738,-43.74221092111061,-65.57585018924512,3.4702971748243208,3.8128409005737467,0.05395776471030407,0.01709039747549666,False,False
595,9.915673567645642,697.0,590.0,487.0,703.0,-0.7015948991661376,-1.0771389680920471,-40.198426650126244,-61.71551682075095,3.9713841681561384,4.503252657506209,0.062205336529111456,0.019823680088550347,False,False
596,9.932338565238323,717.0,605.0,517.0,735.0,-0.6310793874713293,-0.9944211062037129,-36.15818543980833,-56.97613244420336,4.3262827595789695,5.629789789690676,0.0700574588359397,0.022894837767720753,False,False
597,9.949003562831006,739.0,619.0,554.0,769.0,-0.5573999156188487,-0.8894981015070477,-31.936662665908248,-50.96448710125312,4.643691839008422,6.7164320990821125,0.07749939650964952,0.0258876485342249,False,False
598,9.965668560423689,764.0,633.0,598.0,804.0,-0.4763051608348581,-0.7705624566784743,-27.290275476137243,-44.149976618908916,4.9441611278785675,7.608131530193873,0.08422400832546416,0.028532861705731695,False,False
599,9.98233355801637,791.0,645.0,650.0,836.0,-0.3926110490309944,-0.6359191142360691,-22.494956099679808,-36.43548135742442,5.12184861587296,8.418997028477975,0.08931359157032419,0.030703946512404212,False,False
600,9.99899855560905,820.0,655.0,708.0,865.0,-0.3055939711276601,-0.4899573262537283,-17.50924479025766,-28.072486935852957,5.255735221497456,9.067416182263742,0.09338556485788384,0.03245414682262773,False,False
601,10.015663553201732,850.0,663.0,772.0,888.0,-0.21743741940294756,-0.3337021765375503,-12.458246440004892,-19.119726329931154,5.236851073604964,10.014778289782726,0.09654817180992126,0.03418694918853965,False,False
602,10.032328550794414,880.0,668.0,843.0,903.0,-0.13104975005794064,-0.15616481407278227,-7.508597584564314,-8.947584754815628,5.242375903932715,10.39023705521788,0.09805953807227591,0.03495716372007842,False,False
603,10.048993548387095,911.0,670.0,914.0,908.0,-0.042709055765004146,0.012604374487651676,-2.447048642323615,0.7221774615448104,5.298598480330218,10.115257633817237,0.09780257632281053,0.034650812219478265,False,False
604,10.065658545979778,942.0,670.0,985.0,905.0,0.045552511780640466,0.18097667416105903,2.6099666712506613,10.36919961974298,5.3091584592549195,9.829396474106943,0.0967481539879887,0.034064132897432,False,False
605,10.08232354357246,973.0,667.0,1053.0,893.0,0.13424517012030426,0.34021811164468324,7.69168166790918,19.493061911150996,5.277560929209503,9.321962786722793,0.09434515680275034,0.03288683775665964,False,False
606,10.09898854116514,1003.0,661.0,1116.0,872.0,0.22145359214164725,0.4916776489606526,12.688356187727882,28.17105416636024,5.192498640070968,8.575711135246934,0.09048243759999551,0.031080274649064422,False,False
607,10.115653538757824,1032.0,653.0,1173.0,848.0,0.3073111247938763,0.6260465224935314,17.607630448107262,35.86982351772131,5.12165690502959,7.7477497322446425,0.08664026507902489,0.02920491055271692,False,False
608,10.132318536350503,1060.0,643.0,1223.0,818.0,0.3921583921273681,0.7499101102337746,22.46902076953456,42.96668433058561,4.920467841786454,7.002700685265722,0.08156513986047802,0.027095653354977288,False,False
609,10.148983533943186,1085.0,631.0,1266.0,787.0,0.4713102942703454,0.8594465026179657,27.004090702759655,49.242657317288696,4.639378070770764,6.04883387886548,0.0749825001657128,0.024432999266106408,False,False
610,10.165648531535869,1108.0,618.0,1303.0,757.0,0.5467888408892474,0.9515177142934359,31.328692867804172,54.51794916094877,4.379121687803911,5.063622095122469,0.06870677918076804,0.0218668388604867,False,False
611,10.18231352912855,1129.0,605.0,1333.0,728.0,0.6172663990409716,1.0282170026689061,35.366759500285795,58.912494676520026,3.9996763336675905,4.33166709189959,0.061833448381475406,0.019438806323561274,False,False
612,10.198978526721232,1146.0,591.0,1358.0,700.0,0.6800980338334002,1.0958921576110419,38.9667469937993,62.78999543259832,3.5304412642489176,3.8333351173432675,0.05458442087220905,0.017152556976422668,False,False
613,10.215643524313911,1161.0,579.0,1379.0,675.0,0.7349359893805925,1.1559820436738364,42.10873040377944,66.23289229541842,3.098708227161371,3.1141480575098512,0.047135419965505874,0.014605482826609359,False,False
614,10.232308521906596,1173.0,567.0,1394.0,653.0,0.7833779641255333,1.19968669737435,44.88425110794387,68.73698449753869,2.5440182354940752,2.5117977350829506,0.038579206901655706,0.011930388487661075,False,False
615,10.248973519499277,1182.0,558.0,1406.0,635.0,0.8197281049210943,1.2397002500907646,46.96696076023583,71.02959219151346,1.8804219187707467,2.1599671439655594,0.029416383072334032,0.009327467386502399,False,False
616,10.26563851709196,1188.0,551.0,1415.0,621.0,0.8460524176246135,1.2716783918832588,48.475232776730095,72.8618047528943,1.2733860149121448,1.723275245093987,0.02068831930315741,0.006751863834151806,False,False
617,10.28230351468464,1192.0,547.0,1420.0,611.0,0.8621700546672264,1.2971370057128062,49.398705354995535,74.32047587758075,0.6042946405565779,1.440463627177678,0.011661366734395788,0.004260169571062844,False,False
618,10.298968512277323,1193.0,546.0,1423.0,605.0,0.866193555084904,1.3196890376417834,49.62923494779759,75.61261212655542,-2.1316282072803006e-14,0.9219244656871979,0.0027209770547521124,0.0015749911725275274,False,False
619,10.315633509870004,1192.0,547.0,1422.0,604.0,0.8621700546672264,1.3278647437154307,49.398705354995535,76.08104557911489,-0.6042946405564322,0.5209754213177575,-0.005843952619023827,-0.0008827642087002102,False,False
620,10.332298507462689,1188.0,551.0,1419.0,606.0,0.8460524176246135,1.3370531459259951,48.475232776730095,76.6075022462489,-1.2733860149122727,-1.1368683772161603e-13,-0.015535127924422928,-0.0036869593918056175,False,False
621,10.348963505055368,1182.0,558.0,1412.0,615.0,0.8197281049210943,1.3278647437154307,46.96696076023583,76.08104557911489,-1.9407890723808308,-0.552500712442793,-0.025262168716316067,-0.006510926616927396,False,False
622,10.36562850264805,1173.0,568.0,1402.0,627.0,0.7813659271863549,1.3186382998403725,44.768969883104525,75.55240928515973,-2.5440182354943133,-1.0437655787591211,-0.03398080080901719,-0.008959032289987234,False,False
623,10.382293500240731,1161.0,579.0,1389.0,644.0,0.7349359893805925,1.2930760420007403,42.10873040377944,74.08779979612359,-3.0383410735513827,-2.0481403190983656,-0.042771429146863646,-0.011960813030777754,False,False
624,10.398958497833412,1146.0,591.0,1372.0,666.0,0.6800980338334002,1.2503737928658778,38.9667469937993,71.6411411449798,-3.4808107719415844,-3.201273652475379,-0.05131278084228255,-0.015088914939818832,False,False
625,10.415623495426097,1129.0,604.0,1349.0,693.0,0.6189205831106102,1.1863776065766947,35.46153726601386,67.97442976567662,-3.926568192887224,-4.183750221783384,-0.05948709338772606,-0.018018870137003165,False,False
626,10.432288493018776,1109.0,618.0,1321.0,723.0,0.5492255348694699,1.110929418117079,31.468305148835853,63.651566995033,-4.313367883982881,-5.266159683492901,-0.06725607856176158,-0.02098255386085418,False,False
627,10.44895349061146,1086.0,630.0,1287.0,756.0,0.47515605230475727,1.0108565296805083,27.224436407159985,57.91781284393396,-4.5215454837278095,-6.643604818379231,-0.07391929623434255,-0.024115570183286986,False,False
628,10.46561848820414,1062.0,642.0,1247.0,792.0,0.39852244566642026,0.8894981015070477,22.833654177917545,50.96448710125312,-4.765095420784558,-7.835509051530835,-0.0808207069057505,-0.02718300768424954,False,False
629,10.482283485796822,1035.0,652.0,1197.0,826.0,0.3163354448722171,0.7496990507181244,18.124685901571358,42.954591511112774,-4.876504108377593,-9.080944317023523,-0.08655176626107772,-0.03004449602318139,False,False
630,10.498948483389505,1008.0,660.0,1139.0,857.0,0.23598858721278057,0.5868302711420823,13.521150060547274,33.62289782695906,-4.85911086064547,-10.047549234094276,-0.09025981699582011,-0.032146940000283786,False,False
631,10.515613480982186,980.0,666.0,1076.0,884.0,0.15438130328175567,0.41481428312106017,8.845397113773766,23.76710770458157,-4.855658293801055,-10.868172704821632,-0.0937183032214467,-0.03397177888548278,False,False
632,10.532278478574868,952.0,669.0,1005.0,901.0,0.07414951965862071,0.22459412721667524,4.248454529361296,12.868295592939786,-4.8028583990024485,-11.56717691170229,-0.09614348647938477,-0.03535206591962755,False,False
633,10.54894347616755,924.0,670.0,931.0,909.0,-0.005697944032979155,0.02928033234577806,-0.3264681449914567,1.6776394661534724,-4.79012410439663,-11.65221395594017,-0.09667291127629496,-0.035624030218498845,False,False
634,10.56560847376023,896.0,669.0,857.0,905.0,-0.08550529367820464,-0.16377410783361504,-4.899092453787765,-9.383565172386575,-4.7980211871586365,-11.246203632580091,-0.09534656827373042,-0.034917733765456496,False,False
635,10.582273471352911,868.0,666.0,787.0,891.0,-0.1656159671002406,-0.34555558058171215,-9.48909593482128,-19.798876354524932,-4.82594982402562,-10.568857910274687,-0.0930161627807386,-0.033644675035053584,False,False
636,10.598938468945594,840.0,661.0,722.0,869.0,-0.246354178077785,-0.5160340910978656,-14.11505466927139,-29.566575504777145,-4.819048466041858,-9.5642332522076,-0.08905877146249218,-0.031589689352407684,False,False
637,10.615603466538277,813.0,653.0,665.0,842.0,-0.3262348292714582,-0.6643314288295015,-18.691878847425524,-38.06338706982606,-4.767778896603441,-8.434691750954812,-0.08429188816160357,-0.029177349532877494,False,False
638,10.632268464130956,787.0,643.0,615.0,811.0,-0.40526422574644766,-0.7971623265472071,-23.219929722908486,-45.67403689798451,-4.692405125124912,-7.2647315965480175,-0.07929048930323633,-0.026649323040697184,False,False
639,10.64893346172364,762.0,632.0,573.0,780.0,-0.4826326694996465,-0.9064648979653952,-27.65281501746208,-51.93661293017395,-4.564527808249084,-5.9497017117500945,-0.07349270199499953,-0.023824912344236258,False,False
640,10.66559845931632,739.0,619.0,537.0,750.0,-0.5573999156188487,-0.995465855954191,-31.936662665908248,-57.0359921955531,-4.38534767565705,-4.681092899983469,-0.0674186866077096,-0.021035799011889046,False,False
641,10.682263456909002,718.0,605.0,508.0,722.0,-0.628796286415433,-1.0624857017840694,-36.02737338510361,-60.87594650522258,-4.1422497712807065,-3.573887977559707,-0.06118260947549916,-0.018446618573350594,False,False
642,10.698928454501685,699.0,591.0,483.0,697.0,-0.6954610805522156,-1.1145835250392888,-39.84698473124973,-63.86093189956516,-3.6808512758712304,-2.7915505953355932,-0.05327800145514143,-0.01580825300258682,False,False
643,10.715593452094366,684.0,578.0,464.0,675.0,-0.7514790417182616,-1.1555280696863057,-43.05657748299191,-66.2068815019242,-3.115892605678468,-2.2946243846917014,-0.044940685956380906,-0.013326641431498417,False,False
644,10.732258449687048,671.0,567.0,448.0,656.0,-0.7993137660975882,-1.191063344733282,-45.79730530409887,-68.24290278595248,-2.689417731868133,-1.5778414656917903,-0.03759854691038893,-0.010856706346660907,False,False
645,10.74892344727973,661.0,556.0,437.0,641.0,-0.8411173217728586,-1.2081175181410788,-48.19247261293202,-69.22003494530348,-2.151302909481082,-0.9075446066917721,-0.029026886048068756,-0.008143393027994335,False,False
646,10.765588444872412,654.0,548.0,429.0,630.0,-0.8710166817128503,-1.2213118021048206,-49.905579747636075,-69.97601173012303,-1.437392995559101,-0.9512708944715769,-0.020469605706190223,-0.006057889512264486,False,False
647,10.782253442465093,650.0,543.0,423.0,621.0,-0.88902562339432,-1.2398233724737917,-50.937416099481524,-71.0366465844245,-0.7775778428507216,-0.7924683742656953,-0.011929776055455421,-0.0037513566748501774,False,False
648,10.798918440057776,648.0,541.0,421.0,617.0,-0.8969333474713092,-1.2477247692036484,-51.390495314646984,-71.48936326930377,-0.17147094137351004,-0.07800721744285966,-0.002332443174091054,-0.0006619672339178448,False,False
649,10.815583437650456,648.0,542.0,422.0,619.0,-0.8947407490447299,-1.2424233526555866,-51.264868678636965,-71.18561447565901,0.5399512171480154,0.1186916666340494,0.006953708232854922,0.0018695042430234223,False,False
650,10.83224843524314,652.0,546.0,425.0,623.0,-0.8789367760034331,-1.2437687765262002,-50.35936772383213,-71.26270158510133,1.0688306375205165,0.633409949006932,0.014982368046133461,0.004360403791200008,False,False
651,10.84891343283582,657.0,551.0,432.0,633.0,-0.8591166290422023,-1.2213118021048206,-49.22375695362456,-69.97601173012303,1.6117324401713127,1.465085728420263,0.024161107461434937,0.007451359012070676,False,False
652,10.865578430428505,665.0,560.0,442.0,648.0,-0.8252177415324231,-1.1949374762518046,-47.28149376912547,-68.46487417124244,2.211775466356155,2.0751679198783677,0.033336315136155384,0.010316344831907714,False,False
653,10.882243428021184,675.0,570.0,457.0,667.0,-0.7853981633974483,-1.1521464653264586,-45.0,-66.01312984412192,2.6906221060812463,2.9143202759255473,0.04175741207603487,0.013225332214645254,False,False
654,10.898908425613866,688.0,582.0,475.0,691.0,-0.735539319691105,-1.0978031954866005,-42.14329868422412,-62.89948983735748,3.240676276709422,3.653455037269964,0.050752571701124974,0.016190940915165004,False,False
655,10.915573423206547,704.0,595.0,499.0,718.0,-0.677386438697402,-1.0303768265243125,-38.8113840367584,-59.03624346792648,3.744775677516838,4.286733911500278,0.058892484607685966,0.01886040854035286,False,False
656,10.932238420799228,723.0,609.0,528.0,747.0,-0.6107259643892086,-0.9549263748553701,-34.99202019855866,-54.713251024940284,4.094862190866909,5.305583642478837,0.06635470832547376,0.02171991262449001,False,False
657,10.948903418391913,744.0,622.0,564.0,779.0,-0.5409047015910725,-0.8535417492649328,-30.99155651995168,-48.90433987109418,4.3747177197516915,6.328373761664466,0.07314156755178336,0.024478392801324005,False,False
658,10.965568415984592,768.0,634.0,606.0,810.0,-0.46491664385256176,-0.7440017078479142,-26.6377615181386,-42.62815781021078,4.63882337827231,7.0580684002585485,0.07886996280146616,0.02669906941720075,False,False
659,10.982233413577276,793.0,646.0,655.0,840.0,-0.3862927407275034,-0.6182963634663426,-22.13294370022731,-35.42577211490818,4.861440110520801,7.903944112573754,0.08456445391025597,0.029036711328979625,False,False
660,10.998898411169955,821.0,655.0,711.0,866.0,-0.3028848683749714,-0.48056328863045333,-17.35402463626132,-27.534248227452196,4.964416288629568,8.698572793504695,0.08867539430080908,0.030903369062598093,False,False
661,11.015563408762638,849.0,662.0,772.0,888.0,-0.22082876972934834,-0.32837297413931005,-12.65255650055797,-18.81438552434099,5.059697648222699,9.235938262000332,0.09187656964626889,0.032294859779639556,False,False
662,11.03222840635532,879.0,667.0,838.0,902.0,-0.13424517012030426,-0.17272951082565158,-7.69168166790918,-9.896671967669098,5.1693821895406735,9.475588889626692,0.09415370201232526,0.03314780554777519,False,False
663,11.048893403948002,909.0,669.0,906.0,908.0,-0.04853328624065318,-0.012551642069567633,-2.780752467489777,-0.7191561165450754,5.0531028522458,9.599804233002715,0.0931455787845362,0.03298006240181843,False,False
664,11.065558401540684,938.0,670.0,973.0,906.0,0.03417472361619509,0.14723191804075808,1.9580674292340414,8.435767513351482,5.0597673617916525,9.396855577696783,0.09238398142769454,0.03255991276108608,False,False
665,11.082223399133364,968.0,667.0,1039.0,896.0,0.12010873556691289,0.3006455090926114,6.88172363063695,17.22571880056865,5.014773744457477,8.932682913914846,0.09003136141556997,0.03145766695624329,False,False
666,11.098888396726046,996.0,662.0,1099.0,878.0,0.20131710837464076,0.44495819655390045,11.534620653644716,25.494226722291028,4.9110530238928805,8.204411863272185,0.08605596095258791,0.02966434437647139,False,False
667,11.115553394318727,1024.0,655.0,1154.0,856.0,0.28379410920832787,0.5740985169942165,16.26020470831196,32.893422048488176,4.914668185402622,7.462046955312417,0.08343308272064602,0.028209001976023086,False,False
668,11.13221839191141,1051.0,646.0,1204.0,830.0,0.36512297533176974,0.6936681856474233,20.920005489769675,39.74425942009462,4.7047772806452475,6.872166053006254,0.07875401195770082,0.026361103519842412,False,False
669,11.148883389504093,1075.0,635.0,1247.0,801.0,0.4406043133204504,0.8031477784539459,25.24476758852157,46.01697803071917,4.451109860983735,5.973595215909313,0.07264100450531663,0.02386941300734064,False,False
670,11.165548387096774,1098.0,624.0,1283.0,773.0,0.5134784455678824,0.8927680854329957,29.42014780197763,51.151843379285566,4.231898876933563,5.110503564709234,0.06721524321609554,0.021637644863637215,False,False
671,11.182213384689456,1118.0,611.0,1315.0,745.0,0.5816534825135913,0.9734808376604899,33.326289687115214,55.776343434806115,3.8323746263484253,4.453605281197724,0.06026866387024918,0.019237567100101022,False,False
672,11.198878382282135,1135.0,599.0,1340.0,719.0,0.64121147341258,1.0412067280128203,36.73871120190583,59.65675111576043,3.315924786486832,3.784855776898098,0.051899619510800035,0.016493658726701364,False,False
673,11.215543379874818,1149.0,588.0,1361.0,696.0,0.6921732396822176,1.0996300624817865,39.65860532568822,63.00416160591338,2.86954327668294,3.3926456624398043,0.04523509203488655,0.014446095053851339,False,False
674,11.2322083774675,1161.0,578.0,1378.0,674.0,0.7368533370086201,1.154283591607591,42.21858633072484,66.1355781603173,2.4326367725946376,2.720069015808008,0.03784172044851962,0.01194810503893207,False,False
