frame,time_s,Gx,Gy,Bx,By,theta1_rad,theta2_rad,theta1_deg,theta2_deg,omega1_rad_s,omega2_rad_s,p1,p2,theta1_interpolated,theta2_rel_interpolated
63,1.0498964839710443,1283.0,235.0,1224.0,479.0,1.7858112085424032,-0.23724934845386772,102.31944525663661,-13.593386358635243,-4.306748957292385,-2.4344432542281496,-0.04904877467823889,0.002020402640919715,False,False
64,1.0665615075261403,1287.0,263.0,1218.0,505.0,1.7063240407803975,-0.2777538075309399,97.76516601842535,-15.914120915211837,-5.268480028041537,-2.3465907633281002,-0.061180443669940146,0.0029382709515201793,False,False
65,1.0832265310812363,1290.0,297.0,1212.0,536.0,1.6102125210086726,-0.3154613291439348,92.25838157291734,-18.07460275953478,-6.1756341784823405,-1.8463462328646738,-0.07323543543028427,0.0038912818489269946,False,False
66,1.099891554636332,1290.0,336.0,1206.0,574.0,1.5004898626762722,-0.3392926144540447,85.97173633351487,-19.44003482817619,-7.1215836392457845,-0.7150090496818873,-0.08625842772495389,0.004992402561110557,False,False
67,1.1165565781914282,1284.0,381.0,1200.0,619.0,1.3728498028134386,-0.3392926144540447,78.65849960657732,-19.44003482817619,-8.051637081728181,1.0923400725689447,-0.09873407061070365,0.00559028902451208,False,False
68,1.1332216017465242,1270.0,429.0,1195.0,669.0,1.2321284194281008,-0.3028848683749714,70.59575825135508,-17.35402463626132,-8.989116708515787,3.411077405385849,-0.10926527547127729,0.004771526042832256,False,False
69,1.14988662530162,1248.0,481.0,1192.0,725.0,1.0732421194395954,-0.225601243836024,61.49224383956422,-12.925999124705953,-10.056843629671729,6.552915108568994,-0.11691283275049696,0.002325371824075299,False,False
70,1.166551648856716,1213.0,533.0,1192.0,781.0,0.8969333474713092,-0.08447589909727816,51.390495314646984,-4.84011248884704,-11.259208036696837,10.713154360160022,-0.1178090501160575,-0.002246173240310439,False,False
71,1.183216672411812,1164.0,584.0,1196.0,826.0,0.6979721851530369,0.131468695686869,39.99086042679268,7.532601400947363,-12.661064376208083,15.261613802084833,-0.11218279223804475,-0.009003358538717723,False,False
72,1.199881695966908,1098.0,628.0,1196.0,845.0,0.47493947534711933,0.4241944079037666,27.212027461547546,24.304549265936718,-13.631965892584372,17.994742932430363,-0.10730231505582906,-0.01395820763049882,False,False
73,1.216546719522004,1021.0,657.0,1178.0,832.0,0.24361811974866845,0.7312343253605684,13.958290074511394,41.89664067825663,-13.575478764413077,15.88054698635205,-0.11955545795056892,-0.012247416131798531,False,False
74,1.2332117430770997,943.0,667.0,1136.0,804.0,0.022468128585825472,0.9534937870944942,1.2873289415250384,54.63116979246,-12.637674517518494,10.036193811589175,-0.13450532422400438,-0.00762624577209179,False,False
75,1.2498767666321955,872.0,662.0,1080.0,777.0,-0.1775961672834879,1.0657411379078454,-10.175510843043208,61.06246925558937,-11.841057634145848,3.828079540431766,-0.14041665668359576,-0.005964699163230827,False,False
76,1.2665417901872915,805.0,644.0,1017.0,757.0,-0.37219488019475216,1.081083858518645,-21.32519579153661,61.941542392836574,-11.404504622769322,-2.1084663253345575,-0.13994499728629586,-0.007992276164961133,False,False
77,1.2832068137423875,746.0,614.0,948.0,745.0,-0.5577088436287925,0.995465855954191,-31.9543629370514,57.0359921955531,-10.732201390966418,-7.643939551104026,-0.13137355813730978,-0.013679600500471727,False,False
78,1.2998718372974836,697.0,577.0,875.0,741.0,-0.7298996581517315,0.8263109931728877,-41.82016988013577,47.344132474069845,-9.92818438467635,-12.052673910580175,-0.12169960303366362,-0.021065899244252864,False,False
79,1.3165368608525796,658.0,536.0,793.0,736.0,-0.8886156968887283,0.5937496667107711,-50.913929040800575,34.01934998982646,-8.79915169908109,-15.927674937694182,-0.11196687060101172,-0.029761864179813403,False,False
80,1.3332018844076754,630.0,497.0,700.0,727.0,-1.023175798811829,0.29544083714372,-58.62365497184444,16.927513064147043,-7.382542332600259,-18.92954473147207,-0.10557358872690907,-0.038386719193426226,False,False
81,1.3498669079627714,611.0,462.0,602.0,704.0,-1.13467618062728,-0.037172950963676905,-65.01215626396701,-2.129853202265453,-5.636620435938013,-21.06072992733118,-0.10028512136983915,-0.044415266372533756,False,False
82,1.3665319315178674,600.0,437.0,504.0,660.0,-1.2110446234839143,-0.4065142835092599,-69.38774572763815,-23.29155275686519,-3.617118374637741,-23.150665153931538,-0.09683752108648645,-0.047785396292091054,False,False
83,1.3831969550729633,595.0,422.0,420.0,589.0,-1.255234906457097,-0.808785711176491,-71.91966243749035,-46.34000778089971,-1.6961839226866076,-24.64854597629141,-0.0936891874722754,-0.04713212029748839,False,False
84,1.3998619786280593,593.0,418.0,366.0,499.0,-1.2675785135346083,-1.2280514820967818,-72.62689902699955,-70.36216694893118,-0.26524655526414165,-25.61658997804269,-0.08727671290447903,-0.04463289768351716,False,False
85,1.416527002183155,594.0,419.0,355.0,397.0,-1.2640755866398672,-1.6625878619471215,-72.42619609998802,-95.25926755924922,0.1849946520596788,-25.255273358339736,-0.074165547586271,-0.04258564172310837,False,False
86,1.433192025738251,594.0,420.0,383.0,305.0,-1.2614126330663256,-2.0698109329110173,-72.27362009918481,-118.59143084583687,-0.1850709464667375,-23.64232576178067,-0.05586970695889059,-0.04080958989554425,False,False
87,1.4498570492933471,593.0,417.0,440.0,232.0,-1.2702440100043313,-2.4505876933817783,-72.7796207250217,-140.40833215747537,-0.6905659442960115,-22.22645422337679,-0.036199860145472725,-0.03883404013657601,False,False
88,1.466522072848443,592.0,412.0,514.0,185.0,-1.2844292285224057,-2.8106196992686883,-73.59237387757818,-161.03664658442452,-0.9555729714422014,-21.727775960840674,-0.01483890811994904,-0.03725905366095601,False,False
89,1.483187096403539,590.0,406.0,598.0,165.0,-1.3020933021597256,3.108409817423295,-74.60445074600491,178.0987635353856,-1.2417754769080602,-22.078118826935793,0.006402935443390212,-0.036505461748575385,False,False
90,1.499852119958635,587.0,398.0,683.0,174.0,-1.3258176636680326,2.7367008673047097,-75.96375653207353,156.80140948635182,-1.4647700632379994,-22.396255894864524,0.026623710212651898,-0.035351169479686195,False,False
91,1.5165171435137308,586.0,389.0,759.0,214.0,-1.350914157373047,2.3619415533555483,-77.4016797019475,135.32928246384665,-1.4440738192928038,-22.895664952025143,0.045619337913835344,-0.035125874249313176,False,False
92,1.5331821670688268,584.0,381.0,814.0,283.0,-1.3739487120956562,1.9735872758345447,-78.72146247051614,113.07822140604085,-1.0361287312910648,-23.08326313015378,0.061546663218523895,-0.03610481764456162,False,False
93,1.5498471906239226,583.0,377.0,822.617937831342,371.7805407055407,-1.3854483767992019,1.592575305770569,-79.38034472384487,91.24784357741018,-0.08225360917884217,-22.86297218868728,0.07306011185602011,-0.038792035053886356,False,True
94,1.5665122141790186,584.0,380.0,821.0,469.0,-1.3766902287645697,1.211563335706593,-78.87853980510965,69.41746574877949,1.281310145865561,-21.888826956162063,0.07677453599411459,-0.04097341138155547,False,False
95,1.583177237734115,586.0,392.0,780.0,558.0,-1.3427422492747352,0.8630196721348418,-76.93346385734544,49.44738485009049,3.009005421993116,-20.397188944863615,0.07643249217531489,-0.040705982295677526,False,False
96,1.5998422612892105,592.0,415.0,722.0,636.0,-1.2763999362947176,0.5317240672588056,-73.13232932045446,30.46554491945988,4.93173653141411,-20.20183523552754,0.07576066331311873,-0.03831917771994774,False,False
97,1.6165072848443065,604.0,448.0,652.0,698.0,-1.178367238347649,0.18969155202238064,-67.51546947380662,10.868525340168706,6.992915206351796,-21.85228733794733,0.07086616346450407,-0.032708894029649896,False,False
98,1.6331723083994023,626.0,491.0,577.0,737.0,-1.0433257430294363,-0.19661369918042707,-59.77816173293736,-11.265135157493244,9.350060134152113,-25.394299964340576,0.058836595203929816,-0.02304648911158051,False,False
99,1.6498373319544983,663.0,542.0,515.0,734.0,-0.8667292935932318,-0.6567016621194341,-49.6599305032474,-37.62623363866979,11.30767012919453,-28.797766438588184,0.045478580146550984,-0.012886932614832564,False,False
100,1.6665023555095944,714.0,592.0,498.0,687.0,-0.6664405649168711,-1.1564446112468796,-38.184231666051076,-66.25939546509342,11.492160336047855,-27.674525220760245,0.060031291118463545,-0.013986326812957466,False,False
101,1.6831673790646902,769.0,627.0,528.0,625.0,-0.48369504819487874,-1.5790948914795662,-27.7136848329435,-90.47547273244788,10.31509791060716,-22.04643177299434,0.09271294067236918,-0.022162752672780624,False,False
102,1.6998324026197862,822.0,649.0,590.0,572.0,-0.32263786561009344,-1.8912532208524087,-18.4857880105674,-108.36082754536639,9.432668036732327,-16.652172586866186,0.11495796410449254,-0.028380582757063705,False,False
103,1.7164974261748822,875.0,662.0,666.0,530.0,-0.16930377815578745,-2.1341125882868646,-9.700391943945801,-122.27564431457762,9.090220507858808,-12.675466619505187,0.1268760573062178,-0.03311210477590751,False,False
104,1.733162449729978,928.0,667.0,744.0,498.0,-0.019660387841127475,-2.313727120424182,-1.1264572468869243,-132.5667989452628,9.05098472477349,-9.214019816485433,0.1304428400437806,-0.03540882575559024,False,False
105,1.749827473285074,982.0,664.0,821.0,473.0,0.13236596911453966,-2.441216302844563,7.584011381422129,-139.8713910315241,9.124741042387898,-6.465772878420751,0.12921596538199762,-0.036300648414514164,False,False
106,1.76649249684017,1035.0,653.0,891.0,448.0,0.2844676609699641,-2.529231635065748,16.29879638153732,-144.9142981002398,9.108325520555958,-4.528554819788553,0.12519663540467338,-0.03604838348049626,False,False
107,1.783157520395266,1085.0,633.0,959.8396200264685,428.6011786463712,0.4359468878096343,-2.5921532483292022,24.977916763355243,-148.5194409803901,8.708492743370025,-3.775669026535013,0.11855919738469316,-0.03485872683563225,False,True
108,1.799822543950362,1128.0,609.0,1015.9399201706864,397.13556835910543,0.5747221343652509,-2.655074861592654,32.92915269187949,-152.12458386054027,8.153712857344516,-3.77566902653507,0.11182252208525496,-0.03311710316157318,False,True
109,1.8164875675054577,1166.0,581.0,1065.0,357.0,0.707710521467902,-2.7179964748561076,40.548825997113426,-155.72972674069055,7.577777291856773,-4.553877592147558,0.10680005075739568,-0.0316622569871139,False,False
110,1.8331525910605535,1196.0,551.0,1116.0,321.0,0.8272898084933772,-2.8068558162729786,47.40021446085664,-160.8209919741893,6.706444693171324,-6.108222683027179,0.09948870619190192,-0.029836812569311585,False,False
111,1.8498176146156495,1220.0,523.0,1167.0,286.0,0.931236639033198,-2.921583824640946,53.35592914454994,-167.3944226456154,5.861308947811242,-7.569134211412631,0.09033372642191244,-0.027509651714178088,False,False
112,1.8664826381707456,1238.0,496.0,1218.0,254.0,1.022647511851316,-3.0591354161227273,58.59338635863525,-175.27554830282912,5.16452192941113,-8.846932489616734,0.08013351510809459,-0.025112040711511942,False,False
113,1.8831476617258416,1252.0,471.0,1270.0,231.0,1.1033703982420908,3.066732805879026,63.21846705894067,175.71084667118097,4.497413307279473,-9.914871571014032,0.06732140971255765,-0.022587293515525145,False,False
114,1.8998126852809376,1263.0,449.0,1322.0,216.0,1.1725465092569456,2.893586754503457,67.18196626322029,165.79030868800555,3.8911119689999154,-10.823798722440984,0.05279024919047668,-0.02040333357673891,False,False
115,1.9164777088360332,1271.0,429.0,1372.0,212.0,1.2330613434798887,2.7059750845488337,70.64921086212877,155.04095181220427,3.4711881650172316,-12.093316910881015,0.03846770304900803,-0.01954612428082012,False,False
116,1.9331427323911292,1276.0,410.0,1420.0,221.0,1.2882413743253092,2.4905159321453136,73.81079374297306,142.6960517220166,2.9674060586643236,-13.18211663240578,0.02061067163127143,-0.019010252032798075,False,False
117,1.9498077559462248,1280.0,395.0,1462.0,243.0,1.331965127210239,2.2666145161787083,76.3159802477525,129.86744556012704,2.356341490229198,-13.683508902396568,0.0020560017369853113,-0.018780266102851207,False,False
118,1.9664727795013213,1283.0,383.0,1495.0,277.0,1.366778347202348,2.0344439357957027,78.3106308245608,116.56505117707799,1.9054011527916614,-14.481116681177582,-0.014090440296247338,-0.01982653676903576,False,False
119,1.9831378030564173,1285.0,373.0,1516.0,323.0,1.3954722373966006,1.7839582149868665,79.9546696305033,102.21327654643942,1.2910322532542367,-15.059287854221452,-0.03000907142156987,-0.021803926990789518,False,False
120,1.999802826611513,1286.0,368.0,1521.0,377.0,1.4098085130240892,1.5325171621685603,80.77607771789467,87.80676542362446,0.4301306739859072,-14.920344548981177,-0.04337178470083317,-0.024087898313691545,False,False
121,2.016467850166609,1286.0,368.0,1512.0,434.0,1.4098085130240892,1.2866624282690307,80.77607771789467,73.72032679786948,-0.6114051607554387,-14.348889246142846,-0.05421370676365625,-0.02650547213601792,False,False
122,2.033132873721705,1284.0,375.0,1490.0,492.0,1.3894303502126963,1.0542680076156912,79.6084949945714,60.40510731204524,-1.7214489606624568,-13.527190155826872,-0.06294367820691782,-0.028446995273639447,False,False
123,2.049797897276801,1282.0,388.0,1459.0,548.0,1.3524325380674178,0.8358005431067935,77.48867650742909,47.887843634761296,-2.954759342939518,-12.149060735329385,-0.07073043815496863,-0.029190294848602995,False,False
124,2.066462920831897,1276.0,409.0,1421.0,600.0,1.2909480821132426,0.6493392409625774,73.96587667559685,37.20439797938407,-4.331288075554227,-10.500297931817329,-0.08046052449758373,-0.029331219582819847,False,False
125,2.083127944386993,1267.0,437.0,1380.0,651.0,1.2080705024613843,0.48582511836827574,69.21734114528604,27.83572886394585,-5.627885350746823,-8.73240377412884,-0.09017186256214416,-0.028782621539363798,False,False
126,2.099792967942089,1252.0,471.0,1337.0,698.0,1.1033703982420908,0.35828781178564584,63.21846705894067,20.528379466295103,-6.852655467599401,-6.717630031988222,-0.0998131813162047,-0.028013840110150977,False,False
127,2.116457991497185,1230.0,509.0,1293.0,744.0,0.9796711728963814,0.2619261929332691,56.13102351759382,15.007265399005647,-7.987556760860421,-4.657737026861582,-0.10896686955664668,-0.02771249372930263,False,False
128,2.1331230150522806,1199.0,549.0,1248.0,787.0,0.8371447551072836,0.20304521725346514,47.96486130916022,11.633633998940438,-9.05657345439485,-2.251918812684835,-0.11644529488349459,-0.02780201239408004,False,False
129,2.149788038607377,1158.0,588.0,1203.0,826.0,0.6778151530044859,0.18686963281815536,38.83594755717118,10.706841279639681,-10.07436900792544,0.4687580719230482,-0.12154858502757573,-0.028369355634326646,False,False
130,2.1664530621624727,1106.0,623.0,1158.0,857.0,0.5013655614676703,0.21866894587394195,28.72613066530436,12.528807709151511,-10.896531737514417,2.6912330932081545,-0.12445079532335743,-0.02975865261037929,False,False
131,2.1831180857175685,1045.0,649.0,1110.0,878.0,0.3146332368554324,0.27656855859928864,18.02715656635626,15.84621115375583,-11.321893446296933,3.4144883647797997,-0.1269228860537825,-0.03131279838880614,False,False
132,2.1997831092726643,979.0,664.0,1056.0,887.0,0.12400631952602391,0.33247400392925547,7.105038741791901,19.049357222962286,-11.381068369498115,2.599982155681232,-0.1304957643473554,-0.03211646319016327,False,False
133,2.2164481328277605,912.0,666.0,996.0,887.0,-0.06469830806425636,0.36322608633380205,-3.7069399937191085,20.811321755981325,-11.02982057178898,0.282269585958943,-0.13371903687889106,-0.032466317652551514,False,False
134,2.2331131563828563,849.0,657.0,928.0,879.0,-0.24361811974866845,0.34188206252704473,-13.958290074511394,19.588399274027378,-10.350470076315222,-3.177384388704695,-0.13496886426385882,-0.03375121645794837,False,False
135,2.249778179937952,793.0,638.0,853.0,866.0,-0.4096799633204712,0.25732371497108864,-23.472932849337372,14.743562836470735,-9.584388207987832,-6.839790887847926,-0.13457211922231707,-0.03640883821077417,False,False
136,2.2664432034930484,745.0,612.0,772.0,848.0,-0.5630662302432717,0.11391151001120803,-32.261318579280946,6.526648761604445,-8.649619392359273,-10.24638313233919,-0.1317468393855995,-0.039640898562100985,False,False
137,2.283108227048144,706.0,584.0,686.0,821.0,-0.6979721851530369,-0.08418871753885106,-39.99086042679268,-4.823658197595177,-7.6227707042438055,-12.833665101791041,-0.12744225339553025,-0.04238419586942025,False,False
138,2.29977325060324,675.0,555.0,601.0,783.0,-0.8171335369259062,-0.31383515242790877,-46.81830296445183,-17.981429696964042,-6.49401437779774,-14.698743084150976,-0.12150171736446533,-0.04378864601924166,False,False
139,2.3164382741583363,652.0,529.0,522.0,730.0,-0.9144179902992996,-0.5740985169942165,-52.39229155498452,-32.893422048488176,-5.319151475894355,-16.356894611584153,-0.11551711211006395,-0.04440633712722528,False,False
140,2.333103297713432,635.0,506.0,453.0,663.0,-0.9944211062037129,-0.8590112204084543,-56.97613244420336,-49.217717483786565,-4.356642142618565,-17.000266242394787,-0.10845610653625946,-0.043215939173331025,False,False
141,2.349768321268528,623.0,486.0,405.0,586.0,-1.0596250781550225,-1.140718191739034,-60.71204484450279,-65.35833800044166,-3.5696778290989677,-17.080605452329507,-0.09944567713449365,-0.0408617870750724,False,False
142,2.366433344823624,614.0,469.0,377.0,503.0,-1.1133986364157895,-1.4283086048052016,-63.793042782245585,-81.83605489755706,-3.0015262458264793,-16.789686507233,-0.08903261029273907,-0.038053284283476776,False,False
143,2.38309836837872,607.0,454.0,369.0,423.0,-1.159666089330897,-1.7003192339904631,-66.4439725631015,-97.4211159325706,-2.6648689604430302,-15.71466415063719,-0.0767477165551115,-0.034348104954119385,False,False
144,2.399763391933816,601.0,440.0,379.0,351.0,-1.202218844409844,-1.952079101266787,-68.88206583577904,-111.84589377827773,-2.443331000129305,-14.591849904563787,-0.06486742961077266,-0.030798801747975557,False,False
145,2.416428415488912,596.0,427.0,401.0,289.0,-1.2411024266709996,-2.1866662787344233,-71.10993099169302,-125.28674897505974,-2.121061314386374,-13.636877473716936,-0.05208204839464405,-0.027372830390092178,False,False
146,2.433093439044008,593.0,416.0,433.0,239.0,-1.272913917941948,-2.40659686990169,-72.93259518153562,-137.8878436347613,-1.7491310207129658,-12.996767223892903,-0.039403327881676976,-0.0246344439708815,False,False
147,2.449758462599104,590.0,407.0,471.0,200.0,-1.2994010459932608,-2.6198491425869697,-74.45019583029841,-150.10629883120077,-1.3233795490241533,-12.517167362498014,-0.026326558618238655,-0.022460437435157073,False,False
148,2.4664234861542,588.0,401.0,513.0,173.0,-1.3170222206555873,-2.823794647779901,-75.45981476851259,-161.79151552941917,-0.7722356824715959,-11.907381412656605,-0.011922487088084608,-0.020504472416571867,False,False
149,2.483088509709296,588.0,398.0,558.0,159.0,-1.3251396976702106,-3.016722726029842,-75.92491194174495,-172.8454801627105,-0.2638893063477141,-11.384567660365633,0.0012844705834933906,-0.01934469377275576,False,False
150,2.4997535332643914,587.0,398.0,602.0,155.0,-1.3258176636680326,3.079942482950534,-75.96375653207353,176.4677054161091,0.3245054134322345,-11.037198737949836,0.014897295444348233,-0.019177255907650584,False,False
151,2.5164185568194872,588.0,402.0,647.0,164.0,-1.3143239169530019,2.8985922272493307,-75.30521335450992,166.07710115081187,0.9766846943390846,-10.586744830541306,0.028563802102128208,-0.01962201674623503,False,False
152,2.5330835803745835,591.0,409.0,690.0,184.0,-1.2932647167939073,2.7270857790050074,-74.09861006547257,156.25050550713325,1.6672557208491057,-10.083209361096124,0.04146548647272972,-0.02071893233744732,False,False
153,2.5497486039296797,594.0,421.0,730.0,213.0,-1.2587542052323633,2.5625183842220625,-72.12130340415867,146.82148834060726,2.38830747093256,-9.50532748896444,0.0534102865401308,-0.02233754842168289,False,False
154,2.566413627484775,600.0,436.0,766.0,251.0,-1.2136623162741031,2.4102727660000243,-69.5377284765778,138.09845696712446,3.2368201725011545,-8.818405585952064,0.06513878148104175,-0.024480045866626346,False,False
155,2.5830786510398718,608.0,457.0,800.0,296.0,-1.150870836395678,2.2686005106055034,-65.94004169016341,129.9812346589189,4.172917308887065,-8.463022283153691,0.07762956567205734,-0.02763328599050864,False,False
156,2.599743674594967,621.0,481.0,824.3955596286589,354.2157533081649,-1.0745787857819626,2.128199834607905,-61.56882917959906,121.9368684834728,5.042810548472243,-8.424871140051152,0.08913101920976955,-0.030918801547426655,False,True
157,2.616408698150063,638.0,509.0,866.0,408.0,-0.982793723247329,1.9877991586103052,-56.309932474020215,113.89250230802661,5.880933178005371,-6.198131844857471,0.09179994401993571,-0.02961585784451646,False,False
158,2.633073721705159,660.0,539.0,895.0,453.0,-0.8785670059071521,1.9216158082236225,-50.33818145792508,110.10047565683416,6.636671868588795,-5.806359350017203,0.09893005405837656,-0.03045183738007716,False,False
159,2.649738745260255,689.0,569.0,931.0,514.0,-0.7615931372123783,1.7942729279355296,-43.63607246839708,102.80426606528675,7.221226383002236,-8.472180030863342,0.11127775109009809,-0.03423086529436699,False,False
160,2.666403768815351,723.0,597.0,971.0,580.0,-0.6378831903683291,1.6392376486689226,-36.5480146304453,93.9213988876781,7.61921459355557,-10.316799757418892,0.11493829535880916,-0.03386139054380494,False,False
161,2.683068792370447,762.0,622.0,1010.0,652.0,-0.5076443558665084,1.4504135059943373,-29.08587908478816,83.10257244224826,8.176621179974202,-13.069743173541497,0.11595936751032287,-0.032466555994924116,False,False
162,2.699733815925543,808.0,643.0,1042.0,733.0,-0.3653560212375951,1.2036224929766774,-20.933358036606272,68.96248897457819,9.1096893823808,-16.538330522930437,0.11103820522036933,-0.02819927271520402,False,False
163,2.716398839480638,863.0,659.0,1058.0,814.0,-0.20401797959254858,0.8991901705411564,-11.689369175439193,51.519801751656985,10.28575274446096,-20.885878688223443,0.09457595420187562,-0.020459114993853833,False,False
164,2.733063863035735,927.0,666.0,1046.0,880.0,-0.022531397700922474,0.5074951723604256,-1.2909539947936242,29.077331499516657,11.38138412276173,-25.70241299357201,0.0660416463642078,-0.01166821059132682,False,False
165,2.7497288865908307,997.0,661.0,1007.0,896.0,0.17532408939829594,0.0425275346197842,10.045330369496698,2.436648246810131,11.558856210456163,-27.17067064315313,0.05259292013740653,-0.008800827457962263,False,False
166,2.7663939101459265,1061.0,643.0,971.0,857.0,0.36272582433351225,-0.3981045601913719,20.782658854713947,-22.809711103877454,10.389008839824303,-23.66246127357715,0.07047602935913608,-0.015719665268269557,False,False
167,2.7830589337010223,1112.0,619.0,953.0,791.0,0.521590243457837,-0.7461434143716278,29.884919585335158,-42.750868554975206,8.77963792036958,-18.34461780216145,0.08913485330113229,-0.022736486207788537,False,False
168,2.7997239572561186,1151.0,592.0,949.0,719.0,0.6553515698298583,-1.009531535755878,37.548879048523936,-57.84189628417217,7.436923596718739,-14.38365765669846,0.09516615770536233,-0.02686663333220788,False,False
169,2.8163889808112144,1182.0,566.0,954.0,648.0,0.7694632572913719,-1.2255514016862603,44.086997133184575,-70.21892289296495,6.416128278843928,-11.824609211340317,0.09425593552687007,-0.02887176989781088,False,False
170,2.83305400436631,1206.0,540.0,963.0,581.0,0.8692014276287591,-1.4036463178294554,49.80157334987376,-80.42300994070635,5.531477679425784,-9.993978472651634,0.08867341302589347,-0.02880180579424669,False,False
171,2.8497190279214064,1224.0,516.0,977.0,519.0,0.9538276689356088,-1.5586511749979846,54.65029981281192,-89.30413406049121,4.67607280346558,-9.255249794506312,0.08161727516125206,-0.028224962943231496,False,False
172,2.866384051476502,1238.0,495.0,992.0,460.0,1.0250551544589548,-1.712124229496942,58.731334118628816,-98.09749235226275,3.880455075167834,-8.01035255912609,0.07151967971225273,-0.025397550977775882,False,False
173,2.883049075031598,1248.0,477.0,1010.0,415.0,1.0831634193999347,-1.8256366031628974,62.06069245457497,-104.60127228583394,2.9926812234474873,-8.636454829039963,0.06410131020530734,-0.02431505755217043,False,False
174,2.8997140985866943,1255.0,464.0,1037.0621151454097,364.26496487703633,1.1248013606222464,-1.999977675813895,64.44637075422723,-114.59027994451976,2.159878354830269,-10.461495723340022,0.06069337288571096,-0.024962623375611732,False,True
175,2.91637912214179,1259.0,454.0,1053.0,312.0,1.155152266718712,-2.174318748464891,66.18534957795258,-124.5792876032055,1.2887985307474992,-9.406160080631366,0.046062757728267546,-0.020226256817693862,False,False
176,2.933044145696886,1261.0,450.0,1078.0,282.0,1.1677570763676062,-2.313485434427341,66.9075519724,-132.5529513576764,0.41130030008371676,-8.965430929901231,0.032772185787208585,-0.01658956987506026,False,False
177,2.949709169251982,1262.0,450.0,1108.0,255.0,1.1688609250969382,-2.473136983721672,66.9707978458116,-141.70031132496638,-0.34406264472362835,-9.642898897960436,0.0235808909413142,-0.015482526243332441,False,False
178,2.966374192807078,1260.0,454.0,1139.0,236.0,1.1562894522101106,-2.634883708975179,66.25050550713324,-150.96771603205443,-1.0562021381486275,-9.98285109290316,0.013215640042713389,-0.014292891211898917,False,False
179,2.9830392163621737,1256.0,461.0,1174.0,226.0,1.1336576580745592,-2.8058658809421657,64.95379922035721,-160.7642728577428,-1.701371562394037,-10.108916724070468,0.0024167013225384545,-0.013369661850935117,False,False
180,2.99970423991727,1251.0,472.0,1209.0,227.0,1.0995826578835761,-2.971814379621455,63.00144552250641,-170.2724214485984,-2.4604659349883846,-10.313778654459043,-0.00976755812513283,-0.012788976537322277,False,False
181,3.016369263472366,1243.0,487.0,1245.0,238.0,1.0516502125483738,3.1335606978002115,60.25511870305778,179.5398028320213,-3.1516065408218417,-11.158046278431812,-0.020529170180444603,-0.014000583928476773,False,False
182,3.0330342870274616,1232.0,504.0,1282.0,260.0,0.9945394634051961,2.9394727194402996,56.98291381232332,168.4193808177719,-3.6632910128841765,-11.93871793349615,-0.03036590654665923,-0.016000065115564375,False,False
183,3.0496993105825574,1219.0,523.0,1317.0,295.0,0.9295525505106026,2.735642666641496,53.259437979878804,156.74077905447172,-4.054253053466212,-12.926675947795161,-0.039566885772774806,-0.018980354680050982,False,False
184,3.0663643341376536,1203.0,542.0,1349.0,343.0,0.8594110181365272,2.508626001122094,49.24062420626406,143.7336822410769,-4.384944070534264,-14.417967865353262,-0.04978729629036877,-0.023503435259744302,False,False
185,3.083029357692749,1185.0,562.0,1375.0,407.0,0.7834021580641405,2.2550911184560465,44.88563731851586,129.20720350496785,-4.496454323407807,-16.37807912644007,-0.060176763492259575,-0.029440613390472794,False,False
186,3.099694381247845,1166.0,580.0,1391.0,487.0,0.7095439837085223,1.9627438522634093,40.65387564539757,112.45693899994212,-4.265171942597583,-19.03196817700359,-0.07154827575844232,-0.036886856927572244,False,False
187,3.116359404802941,1147.0,595.0,1387.0,583.0,0.641243776284294,1.6207547225168393,36.740562020121196,92.86240522611175,-3.9280903019722047,-21.652433660875317,-0.08755030256793223,-0.044179608743025935,False,False
188,3.1330244283580373,1129.0,608.0,1354.0,685.0,0.5786205488906985,1.2410672182961153,33.15251539098013,71.10791370040863,-3.547774419943103,-24.17048600133478,-0.10585568704396407,-0.050476808190002546,False,False
189,3.149689451913133,1112.0,618.0,1285.0,781.0,0.5229962877312557,0.8151512854161134,29.96547998801059,46.704728319007266,-3.1840223034423225,-26.075402121515594,-0.120829656642953,-0.0545575730199159,False,False
190,3.1663544754682293,1096.0,626.0,1183.0,849.0,0.47249693551706384,0.3719728371687995,27.072080237992765,21.312473663279206,-3.3324341070491954,-25.4566781285738,-0.12381467991726897,-0.05437558935506719,False,False
191,3.183019499023325,1077.0,636.0,1069.0,876.0,0.4119261019516955,-0.033320995878247196,23.601627113107813,-1.9091524329963763,-4.362395229462821,-22.737906852077003,-0.12059697974660613,-0.051771370839301396,False,False
192,3.199684522578421,1049.0,647.0,958.0,871.0,0.32709809700579284,-0.38588266939807375,18.74134044519272,-22.109448343751673,-5.706534437424557,-19.340535511660846,-0.1176515917045938,-0.04721317053948069,False,False
193,3.216349546133517,1013.0,657.0,860.0,847.0,0.22172704031640122,-0.6779419556182457,12.70402361405684,-38.84321281177085,-6.848803972218118,-15.998057521214037,-0.11621879869905273,-0.04131434260102321,False,False
194,3.233014569688613,970.0,664.0,776.0,812.0,0.09882713796329295,-0.9190986802516996,5.662377906653801,-52.660475334466334,-7.750676195268763,-12.712016601599544,-0.11647464757025269,-0.035080246726185066,False,False
195,3.249679593243709,922.0,666.0,705.0,776.0,-0.036603362407747274,-1.1016340678150942,-2.097218181951734,-63.118982653633616,-8.40662221745892,-9.004624197639373,-0.11688302186967538,-0.028755461938333296,False,False
196,3.266344616798805,871.0,660.0,642.0,744.0,-0.18136597658220027,-1.219223228968595,-10.391505005428598,-69.8563453042129,-8.768420495111956,-5.880390241998839,-0.11678271384574318,-0.024672734251678628,False,False
197,3.283009640353901,820.0,648.0,588.0,713.0,-0.32885523059180216,-1.2976277516072299,-18.842016783711742,-74.3485935461446,-8.846659725864198,-2.745421765421497,-0.11303271449969476,-0.021139327594230258,False,False
198,3.2996746639089967,772.0,627.0,539.0,689.0,-0.47622556201308874,-1.3107282657474382,-27.285714799595645,-75.09919771582999,-8.732900681665457,0.3935554958227385,-0.10567240345960911,-0.0185826090069792,False,False
199,3.3163396874640925,728.0,601.0,497.0,669.0,-0.6199232217203362,-1.2845105283909855,-35.51898422672803,-73.59703201692277,-8.500840763548393,2.714378091800654,-0.09669372482881763,-0.017333286061475953,False,False
200,3.3330047110191887,690.0,569.0,463.0,652.0,-0.7595589851383976,-1.220257916072854,-43.5195241396702,-69.91562850840356,-8.179784855424398,4.540808977441884,-0.0864378186480391,-0.016299119291308624,False,False
201,3.3496697345742845,657.0,535.0,439.0,637.0,-0.892555836302867,-1.1331651512544636,-51.13968239992386,-64.92558065818433,-7.722249786619685,5.804377404378442,-0.07570193793097793,-0.01470788210158525,False,False
202,3.3663347581293803,631.0,499.0,426.0,623.0,-1.0169419343230988,-1.0267977437395888,-58.26648084658371,-58.83117712983388,-7.076685692507056,5.827270650873629,-0.06720292507035192,-0.013278458347302935,False,False
203,3.382999781684477,612.0,464.0,418.0,606.0,-1.1284221038181517,-0.9389419459370044,-64.6538240580533,-53.79741070999107,-6.274808946190369,5.3864830698923925,-0.05918296998570369,-0.011031102647049058,False,False
204,3.3996648052395724,598.0,432.0,418.0,591.0,-1.2260816121070797,-0.8472660092618284,-70.24930171233176,-48.54476645559488,-5.3135432575075825,4.784297865478493,-0.050229939844363136,-0.008035630220935662,False,False
205,3.416329828794668,589.0,405.0,421.0,575.0,-1.3055227509129177,-0.779481072691421,-74.80094368561923,-44.66097567554855,-4.272213772718338,3.3507296955599486,-0.042606387463788475,-0.006406162617712041,False,False
206,3.4329948523497644,584.0,383.0,422.0,562.0,-1.368474698416593,-0.7355860306553021,-78.40782458970894,-42.145975025329605,-3.4172808628621567,2.700194469443659,-0.034541893686247285,-0.004433907167374117,False,False
207,3.44965987590486,581.0,365.0,426.0,553.0,-1.4194208830608703,-0.689483463818185,-81.32682595212023,-39.504492520843,-2.4637655803294436,2.1717052397168572,-0.024743962186268575,-0.002318143069144526,False,False
208,3.466324899459956,579.0,354.0,429.0,546.0,-1.4505921212774409,-0.6632029927060933,-83.11280634412662,-37.99873244250467,-1.3600987302182048,1.2316885935334767,-0.013739184934027409,-0.0010471684420329322,False,False
209,3.4829899230150523,578.0,349.0,431.0,543.0,-1.4647530378135563,-0.6484312249706304,-83.92416709568306,-37.15237249531512,-0.4248693825513641,0.6893237974840076,-0.0036332374643836575,0.0002222025659826116,False,False
210,3.499654946570148,578.0,349.0,432.0,545.0,-1.4647530378135563,-0.6402277980617741,-83.92416709568306,-36.6823507558936,0.507907490409174,0.31922183893800593,0.006907956377657106,0.0016774947950842175,False,False
211,3.516319970125244,579.0,355.0,433.0,552.0,-1.4478244572305994,-0.6377915460402239,-82.95423087513251,-36.54276379722856,1.4428904622517038,-0.19593816294116095,0.017159505333154173,0.002931590652640034,False,False
212,3.53298499368034,581.0,366.0,433.0,562.0,-1.41666143073186,-0.6467584262632903,-81.16872097990039,-37.05652818940959,2.4627083066143385,-0.6117723212909141,0.02860254518047202,0.004760264462547157,False,False
213,3.549650017235436,584.0,384.0,434.0,578.0,-1.3657422733524827,-0.6581819463295603,-78.25126816569966,-37.71104767638987,3.437382737364935,-0.9541456905295718,0.03955486371325437,0.006946673678822302,False,False
214,3.566315040790532,590.0,406.0,436.0,597.0,-1.3020933021597256,-0.678560147078626,-74.60445074600491,-38.878632573381665,4.376409774812778,-1.9006785709135556,0.0483254423462177,0.008417962784763883,False,False
215,3.582980064345628,599.0,434.0,438.0,617.0,-1.219876329384468,-0.721531652639439,-69.89376520164068,-41.340718481339195,5.473896713769889,-2.854560716298465,0.05854834678820031,0.010909794221598813,False,False
216,3.599645087900724,613.0,467.0,444.0,640.0,-1.119648066813452,-0.7737027902317594,-64.15110876839242,-44.32990447777547,6.507141524253942,-3.6790327078845166,0.068022538481413,0.013813857919268138,False,False
217,3.61631011145582,634.0,503.0,454.0,663.0,-1.002992995828397,-0.844153986113171,-57.46726554214973,-48.366460663429805,7.286867154171528,-4.257624229000612,0.07509574153219747,0.01635003786268079,False,False
218,3.6329751350109154,661.0,539.0,471.0,685.0,-0.8767764412792075,-0.9156096063618447,-50.23558966179844,-52.46056612616835,8.018463213861601,-4.159602195454681,0.08417726617082814,0.019200858281277725,False,False
219,3.649640158566012,696.0,575.0,498.0,707.0,-0.7357372391590465,-0.982793723247329,-42.15463863442065,-56.309932474020215,8.500375902354701,-3.0317889667798,0.09405140773611222,0.021882267283523424,False,False
220,3.666305182121108,736.0,606.0,534.0,731.0,-0.5934585119993803,-1.0166592754527823,-34.00266805367841,-58.25028568627265,8.72952009992651,-1.2318232658957413,0.10281128292042287,0.024028505637067217,False,False
221,3.6829702056762033,782.0,632.0,580.0,755.0,-0.4447819229791353,-1.0238504507310606,-25.484126990417302,-58.662309679456804,8.793719057325964,1.2280982450486135,0.11065695291146349,0.02626333017456548,False,False
222,3.6996352292313,830.0,650.0,635.0,782.0,-0.3003634415449125,-0.9757267030893555,-17.209557520547897,-55.90502204523445,8.68137575703139,4.271328250619945,0.11685697118233725,0.029543344181582994,False,False
223,3.7163002527863953,880.0,662.0,698.0,812.0,-0.15543126001600002,-0.8814868789148153,-8.905555203317306,-50.50547785797835,8.420260725466425,7.42044558259056,0.12094490722542432,0.033350597206464314,False,False
224,3.732965276341491,928.0,666.0,771.0,842.0,-0.01971575488502442,-0.7284029022430063,-1.129629544826335,-41.734412083604546,7.88985802645851,10.649406827315033,0.12280115365216798,0.037860384836535074,False,False
225,3.7496302998965874,973.0,663.0,855.0,866.0,0.10753807969858878,-0.5265416476648016,6.161478103670617,-30.16861414905755,7.326466735880534,13.329384211439674,0.12463896411053962,0.042150559731846574,False,False
226,3.766295323451683,1014.0,657.0,948.0,883.0,0.22447572657312903,-0.28413389852586585,12.861511735772956,-16.279673202130517,6.507301041985082,15.543550615126946,0.12396223538522186,0.0452151117200947,False,False
227,3.782960347006779,1048.0,647.0,1046.0,883.0,0.3244267299881505,-0.008474373402970617,18.588282389551363,-0.4855458300081336,5.624065719404459,17.257296018978195,0.12216257447840562,0.04693350558560735,False,False
228,3.799625370561875,1077.0,636.0,1145.0,863.0,0.4119261019516955,0.2910525907812059,23.601627113107813,16.676085068111348,4.896668068521993,18.175487737373373,0.118978458998315,0.047010347119611356,False,False
229,3.816290394116971,1101.0,624.0,1235.0,821.0,0.4876329073949619,0.5973154891344067,27.939307545425027,34.223656565193885,4.31985669803392,18.132212171532956,0.11187702480030212,0.04507465789319315,False,False
230,3.832955417672067,1122.0,612.0,1308.0,761.0,0.5559071292064428,0.895400076670389,31.851132304762913,51.30264536890362,3.998589527071802,17.323689768191798,0.10241432744206677,0.041974492289098005,False,False
231,3.849620441227163,1141.0,599.0,1361.0,691.0,0.6209060847065856,1.174714885230589,35.575298127679744,67.30620505490764,3.948642737585846,15.988832130148694,0.0928220127661234,0.03834155839545548,False,False
232,3.866285464782259,1160.0,585.0,1397.0,619.0,0.6875155776714965,1.4283086048052016,39.39174095007549,81.83605489755706,3.975481769152161,14.398962055051356,0.0833867300791325,0.03423076948191278,False,False
233,3.8829504883373542,1177.0,569.0,1415.0,549.0,0.7534090793581332,1.654632968863311,43.16716049405794,94.80348575906908,3.8965342393877087,12.65931262326501,0.07333393437932094,0.02956707404465385,False,False
234,3.8996155118924505,1193.0,553.0,1423.0,487.0,0.8173872474367634,1.8502440909212687,46.83283950594206,106.01117747880845,3.6581456510232115,11.395452447957837,0.06379881249489053,0.025621588787402096,False,False
235,3.9162805354475463,1207.0,538.0,1421.0,431.0,0.8753352462426811,2.0344439357957027,50.15301526875028,116.56505117707799,3.3652908651167195,10.268902287056449,0.0545476190107282,0.021964525201845185,False,False
236,3.9329455590026425,1219.0,523.0,1413.0,384.0,0.9295525505106026,2.192507087918816,53.259437979878804,125.62140269026669,2.9656349059542144,8.857116693212902,0.0449917580128338,0.018081601160576926,False,False
237,3.9496105825577374,1228.0,510.0,1402.0,345.0,0.9741799973697632,2.329652052440948,55.816402335353075,133.47923033885624,2.3719448137260812,7.822574849460807,0.03442507728583749,0.015027843738836923,False,False
238,3.9662756061128346,1235.0,500.0,1388.0,314.0,1.0086095828948674,2.4532338761743446,57.789072276326245,140.55994726330954,1.787874249198282,6.718802312547382,0.024587750534892518,0.012216900588881552,False,False
239,3.9829406296679295,1239.0,492.0,1373.0,291.0,1.0337699303226424,2.5535900500422257,59.230653995020596,146.30993247402023,1.1758296062171212,5.631286746166097,0.015287049237919072,0.00981705250326003,False,False
240,3.999605653223026,1242.0,488.0,1358.0,276.0,1.0478000390636408,2.640924928715057,60.03452001198941,151.31385242626055,0.42094476178244733,4.9437117521068785,0.004773068148186049,0.008414848039815676,False,False
241,4.016270676778122,1242.0,488.0,1342.0,266.0,1.0478000390636408,2.718364195639159,60.03452001198941,155.75079558959862,-0.42094476178246154,4.013992088911209,-0.006448132157197627,0.006995055486844385,False,False
242,4.032935700333218,1239.0,492.0,1327.0,263.0,1.0337699303226424,2.774711474138402,59.230653995020596,158.97925683465348,-1.1041278072155727,2.9671104169126465,-0.015119745975495924,0.005682764364102202,False,False
243,4.0496007238883145,1235.0,499.0,1313.0,267.0,1.0109994072334723,2.8172581256159956,57.92599912470595,161.41700039673367,-1.905629916956613,2.0070224774775625,-0.024785722545233427,0.004888389630924565,False,False
244,4.06626574744341,1227.0,511.0,1300.0,275.0,0.970255195415889,2.8416056278639434,55.59152774797138,162.81200951722636,-2.866922148430291,0.9170850985107108,-0.035867460737355014,0.004353410653723616,False,False
245,4.082930770998506,1216.0,527.0,1288.0,289.0,0.9154447569650382,2.8478246151534137,52.451120951476064,163.16833124175852,-3.628683716823229,-0.4245257310542456,-0.04377634637251908,0.003489392895862795,False,False
246,4.099595794553602,1201.0,545.0,1278.0,308.0,0.8493109961861823,2.827456165248415,48.661935575519806,162.00130502697846,-4.440699796376531,-2.0905364867345497,-0.05145662187802191,0.00220486065341565,False,False
247,4.116260818108698,1181.0,566.0,1270.0,332.0,0.7674360235495911,2.7781469355649797,43.970845195694025,159.1760942750764,-5.277286916720538,-3.950065689514645,-0.058859068591017215,0.0006306465158870851,False,False
248,4.132925841663794,1156.0,588.0,1264.0,362.0,0.6734187746378882,2.6958002897285396,38.58405363162252,154.45797901158986,-5.9242804536959035,-6.007354396897995,-0.06366805000818021,-0.001774504945260779,False,False
249,4.14959086521889,1126.0,609.0,1260.0,397.0,0.569979476933914,2.577921530508746,32.657418437387534,147.70402361405684,-6.407546147644904,-8.14668339293064,-0.0668473083051823,-0.0050111255037740745,False,False
250,4.166255888773986,1092.0,628.0,1256.0,440.0,0.4598549596761572,2.4242709484503444,26.347748377602464,138.90049374238188,-6.911891742489482,-10.478130960242538,-0.07112952074839582,-0.009196768312964352,False,False
251,4.182920912329082,1053.0,645.0,1251.0,492.0,0.3396057995361947,2.2286849319771065,19.457979011589845,127.69424046668917,-7.125887845912445,-13.267915507145062,-0.07330260681056588,-0.01534501140754102,False,False
252,4.199585935884178,1013.0,656.0,1240.0,557.0,0.2223487820699473,1.9820506995431493,12.739646792482093,113.56313986477485,-6.7943143673644775,-16.17485919476826,-0.07291709529206968,-0.023443679404950526,False,False
253,4.216250959439273,975.0,663.0,1218.0,634.0,0.1131509815904845,1.6895761130147675,6.4830736928972374,96.80558044186478,-6.2485722134909505,-19.20844536970776,-0.07587670229927237,-0.03269971695563776,False,False
254,4.23291598299437,940.0,666.0,1176.0,721.0,0.01408357582286019,1.3418323104572378,0.8069294551023745,76.88132820348773,-5.34147284294199,-22.69581204734311,-0.08309852908417595,-0.042993537958670405,False,False
255,4.249581006549466,912.0,665.0,1105.0,808.0,-0.06488055990258587,0.9331236282727466,-3.71738225486389,53.46404566396268,-3.9015350775825457,-26.06774530730479,-0.09398505264091826,-0.05147612201942925,False,False
256,4.266246030104561,894.0,663.0,1003.0,876.0,-0.11595477211503263,0.472993131308296,-6.643719056592616,27.100510162642525,-2.382499921846083,-28.62405432365324,-0.10721358491835922,-0.05540510860209956,False,False
257,4.2829110536596575,884.0,662.0,879.0,901.0,-0.14428939453774245,-0.020917450819302335,-8.267173335510636,-1.1984816501184898,-1.364686562364295,-29.502980931932825,-0.11277927813659024,-0.05484869804543163,False,False
258,4.299576077214754,878.0,661.0,761.0,870.0,-0.16143983952928123,-0.5103426130441365,-9.24982145029709,-29.240477833107136,-1.4605864572253262,-27.717703201192762,-0.10334073005596518,-0.051858761826496305,False,False
259,4.316241100769849,867.0,659.0,672.0,800.0,-0.19297080996556967,-0.9447498043013652,-11.056412980248188,-54.1301764822787,-2.5064118067819194,-24.496969613967394,-0.08933027736131693,-0.04786123297304372,False,False
260,4.332906124324945,849.0,655.0,616.0,713.0,-0.24497866312686414,-1.326827764334597,-14.036243467926479,-76.02163103715102,-3.756811285984271,-21.661697415544495,-0.07923805976524592,-0.04279981726583711,False,False
261,4.349571147880041,824.0,648.0,585.0,625.0,-0.3181855071115238,-1.6667351996481834,-18.230686659720156,-95.49689250573556,-4.709166418282672,-19.385709811276115,-0.0714807076168829,-0.036526080191010946,False,False
262,4.366236171435137,796.0,638.0,575.0,544.0,-0.40193540169795844,-1.97295438560893,-23.0292021541884,-113.04195946721805,-5.421893875609655,-17.20858913360007,-0.0661337523983313,-0.02939473112819946,False,False
263,4.382901194990233,765.0,623.0,578.0,475.0,-0.4988974854120578,-2.2402982861710212,-28.584720323800468,-128.35963664799104,-5.746259813802006,-15.251464151609184,-0.0616019429421337,-0.02285206296485248,False,False
264,4.399566218545329,736.0,606.0,590.0,418.0,-0.5934585119993803,-2.481286404281467,-34.00266805367841,-142.16723872851978,-5.670750005190797,-13.582685033468806,-0.0552797287471915,-0.017399977371771534,False,False
265,4.416231242100425,709.0,586.0,606.0,372.0,-0.6879038502351864,-2.693009818219429,-39.41398732927564,-154.2980967712663,-5.401596080693881,-11.461327643500226,-0.05006427701064031,-0.012117638136033443,False,False
266,4.432896265655521,686.0,566.0,620.0,335.0,-0.7734939638391385,-2.8632929945846817,-44.31793960682735,-164.05460409907712,-4.890685850963752,-9.465429398193237,-0.04425070547653001,-0.008205740095298503,False,False
267,4.449561289210616,667.0,546.0,635.0,307.0,-0.8509106400489562,-3.0084930259794094,-48.75358841758075,-172.3739530831621,-4.412681977948566,-8.10083146380805,-0.03910749833473009,-0.005817380056832525,False,False
268,4.466226312765713,651.0,527.0,649.0,286.0,-0.9205688620464573,-3.133294088905124,-52.744710546422915,-179.52452726755214,-3.7234012515071058,-6.467343546344068,-0.032711228137142,-0.0037290411567745246,False,False
269,4.482891336320809,640.0,511.0,660.0,269.0,-0.9750117791718377,3.0591354161227273,-55.864059922087726,175.27554830282912,-2.9629731841958176,-5.082215115455142,-0.025678428186664173,-0.0025785614462544484,False,False
270,4.499556359875904,631.0,498.0,670.0,258.0,-1.019324897861939,2.980500749052213,-58.40301460009281,170.77011375627228,-2.195021995978877,-3.8337391998949215,-0.018549726154787706,-0.0018377811439518384,False,False
271,4.5162213834310005,626.0,489.0,677.0,250.0,-1.0481719657057196,2.9313567079820473,-60.055829838868995,167.95436761473422,-1.2823745635911195,-2.57614519167862,-0.00998626124616524,-0.001584270680837079,False,False
272,4.532886406986097,623.0,485.0,683.0,247.0,-1.0620665024793434,2.894637708450868,-60.85192815428696,165.8505239136548,-0.4168772017539233,-1.7234795418163458,-0.001205201771931621,-0.0020056926849084007,False,False
273,4.549551430541192,623.0,485.0,688.0,248.0,-1.0620665024793434,2.8739130536598534,-60.85192815428696,164.66308866226407,0.4168772017539233,-0.7068229389659564,0.006712007035086712,-0.0021666132985872486,False,False
274,4.566216454096288,626.0,489.0,692.0,251.0,-1.0481719657057196,2.8710792665965696,-60.055829838868995,164.50072462349917,1.2823745635911195,0.41585007794810736,0.01467189391656892,-0.0022897243833194447,False,False
275,4.582881477651385,631.0,498.0,693.0,259.0,-1.019324897861939,2.8877733563486427,-58.40301460009281,165.45722550910554,2.195021995978877,1.5027805196873487,0.023221347596973915,-0.0026290758868902455,False,False
276,4.59954650120648,640.0,511.0,694.0,270.0,-0.9750117791718377,2.9211670121140245,-55.864059922087726,167.37054104697464,3.013990539886933,2.7401757855907363,0.030215616576282578,-0.0025283739617515772,False,False
277,4.616211524761576,652.0,527.0,692.0,283.0,-0.9188684511778349,2.97910354437259,-52.64728418021268,170.69005982501398,3.8422162742537864,4.078894396069245,0.037134035711984176,-0.0022069903270626875,False,False
278,4.6328765483166725,668.0,547.0,689.0,299.0,-0.8469505297434107,3.057116754492515,-48.52669081066673,175.15988751115296,4.779755201447784,5.477541979678222,0.045307361146602956,-0.001990574841648201,False,False
279,4.649541571871768,690.0,569.0,685.0,320.0,-0.7595589851383976,-3.121515030576269,-43.5195241396702,-178.84963693867033,5.496341723354046,7.132786226786834,0.050399764327808405,-0.0006483155414518851,False,False
280,4.666206595426864,716.0,591.0,678.0,345.0,-0.6637572011703081,-2.9883324517213388,-38.0304862484746,-171.21883726561455,6.038345967622828,8.937001119529782,0.053584864955972436,0.0016991292121655618,False,False
281,4.68287161898196,747.0,612.0,669.0,375.0,-0.5583006295698879,-2.8236443622385017,-31.988269773851346,-161.78290480217515,6.533511167197583,10.722129586585652,0.0571761736910751,0.00458772852722617,False,False
282,4.699536642537056,782.0,631.0,661.0,415.0,-0.44599496617265016,-2.6309633674788566,-25.553629245772772,-150.74309701006516,6.856755960770457,12.646403254232041,0.059723243151851485,0.008631141096205483,False,False
283,4.716201666092152,820.0,647.0,654.0,465.0,-0.32976463037432135,-2.4021391460004646,-18.894121553140206,-137.63243486898648,6.893944497760723,15.32102606570868,0.05991885343900829,0.015291019718528608,False,False
284,4.732866689647248,859.0,657.0,650.0,529.0,-0.21621947128723296,-2.1203128469322987,-12.388463153308534,-121.48497737658886,6.5832258311322,18.10113510762585,0.06087091570492015,0.02385206374001954,False,False
285,4.749531713202344,896.0,663.0,659.0,608.0,-0.11034540328565434,-1.7988274601153558,-6.322325896937001,-103.0652215368473,5.809306136303927,20.638059347482567,0.06291665473859774,0.03301800008848895,False,False
286,4.76619673675744,927.0,665.0,690.0,698.0,-0.02259502408669883,-1.4324453566177713,-1.2945995181642804,-82.0730733173104,4.665832105407288,23.57452344281171,0.06932627746331319,0.04272902567300009,False,False
287,4.782861760312536,951.0,665.0,749.0,791.0,0.045167000595819184,-1.013087483166104,2.587878507405314,-58.0456370629486,3.305996037426711,26.741688680049492,0.08338949934473092,0.051007775244771576,False,False
288,4.799526783867631,966.0,664.0,844.0,867.0,0.08759397958684158,-0.5411436131056458,5.018765341081109,-31.00524514141381,1.6183314674597329,29.387497878771455,0.09777957324200595,0.05450216802388409,False,False
289,4.816191807422728,970.0,663.0,962.0,901.0,0.09910606464615596,-0.033600794415993215,5.6783592283754345,-1.9251837083231549,0.34539660328874655,30.258659543409408,0.10268791292661068,0.05281714967560618,False,False
290,4.832856830977824,970.0,663.0,1078.0,877.0,0.09910606464615596,0.46737893496746485,5.6783592283754345,26.77884040695511,0.2529853925665453,28.729962508720405,0.09109021860912103,0.049856430925086785,False,False
291,4.849521854532919,973.0,663.0,1165.0,808.0,0.10753807969858878,0.9239702094736986,6.161478103670617,52.93959339866152,1.283856269885665,25.279030786259682,0.07250210308084298,0.04607273933072114,False,False
292,4.866186878088016,985.0,661.0,1221.0,724.0,0.14189705460416394,1.3099302219735,8.13010235415598,75.05347317571665,2.7458565593921627,22.115628717477648,0.06196011773465634,0.04131544982310004,False,False
293,4.882851901643112,1005.0,658.0,1248.0,636.0,0.19905760818095822,1.6610851564987565,11.405160828737714,95.1731688792066,3.812850474032728,20.13670741141391,0.05369324926207981,0.035759969594782844,False,False
294,4.899516925198207,1029.0,652.0,1252.0,555.0,0.2689795405277878,1.9810876286400503,15.41139244761032,113.50795996665543,4.593303589362049,18.151045715588793,0.04764417982366724,0.02888471111923244,False,False
295,4.916181948753303,1057.0,643.0,1244.0,487.0,0.3521526332058082,2.2660603652985705,20.176859627111337,129.8356950534817,5.081211519751632,16.525375608906415,0.0437368371136197,0.02261902324611101,False,False
296,4.932846972308399,1085.0,631.0,1224.0,432.0,0.43833655985795783,2.5318791761985158,25.114834886144564,145.06599103323467,5.168207226614983,15.127911831478855,0.03825348502153525,0.017372316070552944,False,False
297,4.949511995863495,1112.0,617.0,1200.0,391.0,0.5244092235441183,2.770274379320586,30.046435246810503,158.72503002829328,5.03287120827412,13.722631875440356,0.033242990247874415,0.013116483853483516,False,False
298,4.966177019418591,1136.0,601.0,1173.0,360.0,0.6060823943292657,2.989255143082769,34.72596323225062,171.2717035864177,4.708913120388269,12.609005731191019,0.027395630414700757,0.010317615436985271,False,False
299,4.982842042973687,1158.0,586.0,1146.0,341.0,0.681357519684459,-3.0926521728257255,39.03891021742141,-177.19591700487774,4.238157874718048,11.23754281935635,0.021944565933857508,0.007974015714232794,False,False
300,4.999507066528783,1175.0,570.0,1121.0,331.0,0.7473403959540473,-2.91938233252488,42.81945054780274,-167.26828643873353,3.6626038998535257,10.310787501770278,0.015391466444505363,0.007209631660216745,False,False
301,5.016172090083879,1189.0,556.0,1095.0,329.0,0.8034322802125518,-2.748993139648541,46.03327878075134,-157.50570481227874,3.0033644697529986,9.733825546695925,0.007341087912350636,0.007588660099180439,False,False
302,5.032837113638975,1200.0,545.0,1071.0,333.0,0.8474426752199932,-2.594953468491108,48.55488866938136,-148.67988177737473,2.2878121104006297,8.44620761011572,0.0014248861184317958,0.007255025214447043,False,False
303,5.049502137194071,1207.0,536.0,1052.0,342.0,0.8796851656314724,-2.4674806421009254,50.40224729095014,-141.37622682261343,1.5644953432474153,8.228354465460598,-0.007360526690015568,0.009028582168950148,False,False
304,5.066167160749167,1212.0,531.0,1036.6172280722876,367.64491989281925,0.8995873787141042,-2.320702026517949,51.542560103555005,-132.96643162693573,0.7829517456203945,8.807585245692053,-0.019276368510564218,0.012483950096859153,False,True
305,5.082832184304262,1213.0,529.0,1015.6120268007678,393.05152843017834,0.9057809841980077,-2.1739234109349788,51.897427557751755,-124.5566364312584,-0.052867746650324676,8.807585245692053,-0.029507385344836167,0.015219891067561428,False,True
306,5.099497207859359,1211.0,531.0,991.0,423.0,0.8978252942276385,-2.0271447953520054,51.441600099335034,-116.1468412355809,-0.8483248942185035,7.1053020364561235,-0.033132922501696936,0.014858701542060624,False,False
307,5.116162231414455,1207.0,537.0,975.0,448.0,0.8775062755089559,-1.9371033593277487,50.277406082907206,-110.98784697009377,-1.631446695409604,6.224176553670986,-0.03925635892725764,0.0157059031751428,False,False
308,5.13282725496955,1199.0,546.0,959.0,485.0,0.8434490990118707,-1.8196926975960028,48.326073607492084,-104.26071158302656,-2.40349759473488,7.334660965366197,-0.05069991581215093,0.019535568312676672,False,False
309,5.149492278524646,1188.0,558.0,943.0,528.0,0.7973975874472096,-1.692638763814814,45.6875163546391,-96.9810574068298,-3.123623569936921,8.079847610095158,-0.05920158209823684,0.021958148047961094,False,False
310,5.166157302079743,1173.0,572.0,928.0,577.0,0.7393385782713655,-1.5503909961083586,42.36098016615192,-88.83086067209258,-3.786032433414473,8.81140233419137,-0.06524204057132679,0.023239741002950426,False,False
311,5.182822325634838,1155.0,588.0,913.0,630.0,0.6712089480807923,-1.398954308909365,38.457439896444995,-80.15417763214744,-4.5405268772489045,9.73706818049618,-0.07070302139537492,0.02377345399270969,False,False
312,5.199487349189934,1131.0,605.0,900.0,688.0,0.5880026035475675,-1.2258540549372676,33.690067525979785,-70.2362636469036,-5.2783101767074765,11.267636940454963,-0.07329832480632822,0.023420254037621692,False,False
313,5.216152372745031,1103.0,622.0,893.0,750.0,0.49528262122891853,-1.023403438863441,28.37760386259358,-58.636697786049936,-6.16246921316127,13.474364671666194,-0.07287692543135614,0.021965369544618196,False,False
314,5.232817396300126,1067.0,639.0,895.0,814.0,0.38260721435780015,-0.7767528456507375,21.921778593959143,-44.50465978056393,-7.221576010297455,16.519081821194845,-0.06641149543783466,0.01873832753974329,False,False
315,5.249482419855222,1024.0,653.0,913.0,870.0,0.25458715259587955,-0.4728216635459161,14.586769361996959,-27.0906857835356,-8.42149565372472,20.040194921573743,-0.05359684885205024,0.013584257110105531,False,False
316,5.266147443410318,971.0,663.0,945.0,901.0,0.10191836748087388,-0.10881220481724505,5.839492311517449,-6.234480095541226,-9.416120691991068,22.640037931075312,-0.042186127782418995,0.008445783691095034,False,False
317,5.282812466965414,914.0,665.0,980.0,893.0,-0.05925259366343235,0.28177186727335213,-3.3949235421182786,16.14433878028348,-9.27899530451106,21.962511253921434,-0.0452459259030463,0.008809062320152085,False,False
318,5.29947749052051,862.0,658.0,1000.0,850.0,-0.2073509831537258,0.6231993299340659,-11.88033621259672,35.706691400602885,-8.30353593143272,18.293857749148174,-0.060790711447545644,0.012864787333412193,False,False
319,5.316142514075606,818.0,646.0,1005.0,797.0,-0.336009837439261,0.8915070078796207,-19.25194556014653,51.07958895783849,-7.236246185403633,14.300516958951562,-0.0724780047363269,0.01643401503816811,False,False
320,5.332807537630702,781.0,631.0,999.0,742.0,-0.4485354094141741,1.0998362338760201,-25.699185921604627,63.01597435665929,-6.364796809406634,11.1118527305739,-0.07683155566743147,0.01851461435636115,False,False
321,5.349472561185798,750.0,614.0,985.0,689.0,-0.5481488149435806,1.261865582871155,-31.406613641364757,72.2995722113328,-5.61317585117393,8.539517907095615,-0.0751232663059281,0.018955456694402906,False,False
322,5.366137584740894,724.0,597.0,968.0,643.0,-0.635622824971596,1.384458768017848,-36.41850523305508,79.3236443173042,-5.089208036582466,6.494240380375345,-0.07134840105150837,0.01835179887074027,False,False
323,5.382802608295989,701.0,579.0,949.0,602.0,-0.7177723585564402,1.4783189206939793,-41.12532679643486,84.70143493010006,-4.672645133227913,4.993088482459939,-0.06660143924073646,0.017510058142995527,False,False
324,5.399467631851086,682.0,561.0,933.0,566.0,-0.7913623073912894,1.5508786423635927,-45.3417202792554,88.85880074441286,-4.113295570334763,3.6077969616060273,-0.05843990185014349,0.01557883734809088,False,False
325,5.416132655406182,666.0,545.0,918.0,538.0,-0.854868693693844,1.5985669633883177,-48.98036818651919,91.59114027119459,-3.5225307033051543,2.5075444052139346,-0.049333665867920075,0.013217185515558588,False,False
326,5.432797678961277,654.0,530.0,905.0,514.0,-0.9087684216795472,1.6344552155202705,-52.068595117003156,93.64738565245686,-2.997799286438262,1.7898367036136733,-0.041428243159772615,0.011190223015222562,False,False
327,5.4494627025163735,644.0,517.0,895.0,495.0,-0.9547854851377295,1.6582223050393081,-54.70517863874269,95.00913957320734,-2.3374485306826642,0.9501585168259226,-0.031210412466875476,0.008250320313855267,False,False
328,5.46612772607147,637.0,508.0,888.0,484.0,-0.9866756913248507,1.6661240436482272,-56.53235286106672,95.46187584631397,-1.6333805214930877,0.3554809541817576,-0.02095748095750579,0.005342152167390387,False,False
329,5.482792749626565,633.0,501.0,884.0,476.0,-1.009226134867964,1.6700705019889663,-57.82439810223515,95.68799125326252,-0.9795727689537372,-0.11849485116272263,-0.011602434861315541,0.002676175147917321,False,False
330,5.499457773181661,631.0,498.0,882.0,475.0,-1.019324897861939,1.662174604676656,-58.40301460009281,95.23558966179846,-0.30299276087390226,-0.71170173524456,-0.0016027448748948746,-0.00032449135974424047,False,False
331,5.516122796736757,631.0,498.0,882.0,479.0,-1.019324897861939,1.64634944962486,-58.40301460009281,94.32887506719041,0.3740618020594546,-0.9578329867809998,0.007358856633443912,-0.0027280046078550346,False,False
332,5.532787820291853,633.0,502.0,885.0,487.0,-1.0068574003771733,1.6302499861035535,-57.68867961312577,93.40644375499473,1.0960432937233513,-1.3146620872344101,0.017150252790327766,-0.005396247168160947,False,False
333,5.549452843846949,638.0,509.0,890.0,501.0,-0.982793723247329,1.6025317003233546,-56.309932474020215,91.81830296445185,1.7972310190980068,-1.9028443685666616,0.027231599420724367,-0.00826192751196716,False,False
334,5.566117867402045,646.0,519.0,898.0,520.0,-0.9469556058427397,1.5668280936558632,-54.25655960104291,89.77263698900944,2.5235555039916697,-2.2661849268500873,0.03680875219805175,-0.010577112838752074,False,False
335,5.582782890957141,656.0,533.0,907.0,544.0,-0.8986834994141027,1.5269996499510334,-51.49077163447568,87.4906352601483,3.1754615803562807,-2.871295652110348,0.04585302051762719,-0.012771573721666356,False,False
336,5.599447914512237,670.0,548.0,920.0,573.0,-0.8411173217728586,1.4711276743037347,-48.19247261293202,84.28940686250037,3.6971254819093105,-3.954254390058054,0.05387251288724445,-0.014953297526366005,False,False
337,5.6161129380673325,686.0,565.0,934.0,609.0,-0.7754581329297761,1.3952041648447164,-44.43047820597093,79.93931020467704,4.305215958088247,-5.343081407926434,0.06242650877155554,-0.017107765018722472,False,False
338,5.632777961622429,707.0,583.0,949.0,652.0,-0.697624271070228,1.2930425192639567,-39.97092641821455,74.08587908478816,4.921703386024468,-6.769766520542021,0.0691047584157359,-0.01815251308455977,False,False
339,5.649442985177525,731.0,602.0,962.0,700.0,-0.6114175272111867,1.169567527790048,-35.03164382952617,67.01128319791937,5.470147130663614,-8.47702682902218,0.07254210305641544,-0.018229186555779136,False,False
340,5.66610800873262,760.0,620.0,972.0,753.0,-0.5153040095055307,1.0105028156982916,-29.524744910836162,57.89754652559818,6.17417514985512,-11.014852729846211,0.07369756744014361,-0.01790578156040789,False,False
341,5.682773032287717,795.0,637.0,974.0,810.0,-0.4056319785999404,0.8024419673924458,-23.24100040931751,45.97653803576157,7.040949008863551,-13.790718016297546,0.06983271891207178,-0.015357158217900905,False,False
342,5.699438055842813,837.0,651.0,966.0,861.0,-0.2806288473396453,0.5508575345317163,-16.078848562182756,31.561811841649348,7.9968694984643145,-16.695515063606535,0.06062681015758241,-0.01083147897873276,False,False
343,5.716103079397908,886.0,661.0,945.0,896.0,-0.13909594148207133,0.24597966379353,-7.96961039432136,14.093596581416215,8.759657800030713,-19.69382576619671,0.04694130734472972,-0.006990121250005421,False,False
344,5.732768102953004,939.0,664.0,914.0,900.0,0.011330959804536168,-0.10553860603552644,0.6492161746323026,-6.046916701529582,8.946827466781961,-20.542438228259584,0.04216352893380697,-0.005919594494709867,False,False
345,5.749433126508101,991.0,660.0,892.0,871.0,0.15910223947253563,-0.4387007701125834,9.115886832856024,-25.135702596589994,8.290462485308387,-18.13600757395284,0.05192361553018252,-0.008483798391576432,False,False
346,5.766098150063196,1035.0,649.0,882.0,827.0,0.2876524650051419,-0.7100125928661706,16.48127221132924,-40.680724972372,7.162736207840321,-14.532684638718024,0.061510226082040625,-0.012074644758759088,False,False
347,5.782763173618292,1072.0,637.0,883.0,780.0,0.3978365747177277,-0.9230758337586088,22.79435666726683,-52.88834944488788,6.269961200615226,-11.24366261318687,0.0673635978369741,-0.014117621426096114,False,False
348,5.7994281971733885,1103.0,621.0,891.0,733.0,0.4966305672007265,-1.0847643974548002,28.45483547778984,-62.152421740211835,5.516996220093395,-8.524128050895456,0.06760318728846487,-0.014754371523754022,False,False
349,5.816093220728484,1129.0,606.0,903.0,692.0,0.5817183186401903,-1.2071854232682653,33.33000452352931,-69.16662984298549,4.798389855889074,-6.181586079875387,0.06293134050261512,-0.0139694419960367,False,False
350,5.83275824428358,1150.0,590.0,917.0,657.0,0.6565611271505744,-1.2907969527127494,37.61818157808012,-73.95721759878823,4.2420072340090975,-4.361980742477726,0.05701830001570182,-0.012573458395498852,False,False
351,5.849423267838676,1168.0,575.0,929.0,628.0,0.7231046195914909,-1.3525704469087987,41.43084284900533,-77.49657810199776,3.6851158423170354,-3.1247709843839857,0.049920420836608664,-0.011190706824004613,False,False
352,5.866088291393772,1183.0,562.0,941.0,605.0,0.7793862117815151,-1.3949457168308288,44.65554054577017,-79.92450222425774,3.0732814602103673,-1.8932947870353019,0.04102165326862884,-0.008961356160083127,False,False
353,5.882753314948868,1194.0,550.0,951.0,588.0,0.8255372354431803,-1.415674051354166,47.29979942179199,-81.11214830878028,2.52991851261476,-0.8810798098610348,0.0326619940525696,-0.006666091675392807,False,False
354,5.899418338503964,1203.0,540.0,959.0,576.0,0.8637085149919133,-1.4243121484013355,49.48685263854842,-81.60707481260751,1.9297317887144985,0.0,0.023542452835536985,-0.0041645247615631036,False,False
355,5.91608336205906,1209.0,533.0,966.0,571.0,0.8898552868710694,-1.415674051354166,50.984952315115414,-81.11214830878028,1.2097759319690056,0.6200360444603348,0.01339434812155946,-0.0016035545521401481,False,False
356,5.932748385614156,1212.0,529.0,969.0,570.0,0.9040304037972154,-1.4036463178294554,51.79712668908804,-80.42300994070635,0.5447640769680184,0.9590256850592596,0.004530144338711533,0.00043646012666403696,False,False
357,5.949413409169252,1213.0,528.0,970.0,574.0,0.908012299220354,-1.3837096800912592,52.025272491296334,-79.28072474062647,-0.11958214982227844,1.5984265589002007,-0.004923040698170362,0.0029898711455077216,False,False
358,5.966078432724348,1211.0,530.0,970.0,584.0,0.9000447251101008,-1.3503706853191277,51.568764121821125,-77.37054104697461,-0.9041910328645777,2.1820468150482384,-0.015533722857914954,0.005593576758262572,False,False
359,5.982743456279444,1206.0,536.0,969.0,599.0,0.8778755694983656,-1.3109819569490586,50.29856506989994,-75.11373315098244,-1.6345104577120146,2.423106651009107,-0.024550795523889297,0.0072492542205126855,False,False
360,5.99940847983454,1199.0,545.0,964.0,618.0,0.8455664145524581,-1.269608426487973,48.447386851865204,-72.74320447200628,-2.233518873816749,3.0546634178231216,-0.032442659396702586,0.009016306245293391,False,False
361,6.016073503389635,1189.0,556.0,959.0,643.0,0.8034322802125518,-1.2091698813272338,46.03327878075134,-69.2803309143851,-2.889197886502206,4.056212095690398,-0.040942077611544586,0.010985497791054174,False,False
362,6.032738526944732,1175.0,569.0,952.0,673.0,0.7492693128846728,-1.134414686249685,42.929969346958906,-64.9971737397644,-3.5553856836281916,5.029105863847576,-0.0484577028081271,0.012184726551847117,False,False
363,6.049403550499828,1158.0,584.0,946.0,708.0,0.6849311078823201,-1.0415495459630517,39.24366173887662,-59.67639313745001,-4.247479919006299,6.483164651645552,-0.05511918267578016,0.013238027368764551,False,False
364,6.066068574054923,1136.0,600.0,941.0,749.0,0.6077006070846008,-0.9183305029872152,34.81867999348556,-52.61646201929347,-4.963483196393307,8.290464053417736,-0.05933568923838002,0.013433934751744828,False,False
365,6.082733597610019,1110.0,617.0,940.0,794.0,0.5194979791158862,-0.765227988497287,29.765041668915664,-43.84433410618005,-5.805723347680091,10.388636466963817,-0.06120402312346026,0.012368721195700098,False,False
366,6.099398621165115,1077.0,634.0,945.0,839.0,0.41419557439768495,-0.5720767601326571,23.731658305984244,-32.7775839131192,-6.686962756290471,13.032533474956153,-0.0579686650984136,0.010149515103413555,False,False
367,6.116063644720211,1038.0,648.0,959.0,878.0,0.2966211954246274,-0.3308530338118463,16.995142611956354,-18.956482476517916,-7.640068813060686,16.039410975735336,-0.05057727792959013,0.007095085834334356,False,False
368,6.132728668275307,991.0,659.0,982.0,899.0,0.1595517209332598,-0.037482436691661486,9.141640223524895,-2.147585428298503,-8.474570578248626,18.25899965259623,-0.04459907686883152,0.003907160505720226,False,False
369,6.149393691830403,940.0,664.0,1005.0,892.0,0.014163358812957385,0.2777202847941562,0.8115006837118777,15.912200203876404,-8.444375750018425,17.88421570676269,-0.04632888855108879,0.003785035311276986,False,False
370,6.166058715385499,892.0,662.0,1017.0,862.0,-0.12189972063101338,0.5585993153435624,-6.984339515980875,32.005383208083494,-7.795605329614353,14.876789998550862,-0.05714032529347168,0.005521050997367667,False,False
371,6.182723738940595,849.0,654.0,1016.0,825.0,-0.24566453407555666,0.7735643962942974,-14.075540978577193,44.3219750892487,-7.067195124753544,11.658468150304884,-0.06616021952947951,0.007757810218214043,False,False
372,6.1993887624956905,811.0,643.0,1007.0,784.0,-0.35744966707596615,0.9471766080259001,-20.48035731180924,54.26922209340117,-6.3128462308628635,8.633197987010703,-0.06955994965389017,0.009296772065934315,False,False
373,6.216053786050787,779.0,629.0,992.0,748.0,-0.4560719963496107,1.0613092919129736,-26.13100054493858,60.80854318463126,-5.7215385035953865,5.779420959390336,-0.0687888615587346,0.00887046218085073,False,False
374,6.232718809605883,750.0,614.0,974.0,717.0,-0.5481488149435806,1.1398049808720108,-31.406613641364757,65.30601487195574,-5.319011359279461,3.599714395265437,-0.06627268409441864,0.008190993765839257,False,False
375,6.249383833160978,725.0,597.0,954.0,691.0,-0.6333548955340399,1.1812879422904083,-36.28856244804964,67.68281348293395,-4.787323162094527,1.514698393423032,-0.05960537038961205,0.00638260856061967,False,False
376,6.266048856716075,704.0,581.0,934.0,673.0,-0.707710521467902,1.1902899496825317,-40.548825997113426,68.19859051364818,-4.382805802422514,-0.2879395319703235,-0.053165762201027436,0.00413298439999572,False,False
377,6.282713880271171,685.0,564.0,915.0,661.0,-0.7794340194036072,1.1716909041249517,-44.65827972074461,67.13294370022732,-3.820833668399068,-1.6328754187835557,-0.0446234163190436,0.0018674149399144214,False,False
378,6.299378903826266,671.0,550.0,897.0,655.0,-0.8350590876358501,1.135866135049403,-47.84536136557936,65.08033563016758,-3.2226506892779305,-3.065067440915641,-0.035395782861215745,-0.001114640609347504,False,False
379,6.316043927381362,659.0,536.0,878.0,656.0,-0.8868451186969318,1.0695320619233142,-50.81248238311273,61.27967320213052,-2.632588600288525,-4.2939329796046195,-0.026814915220102646,-0.0040848330630398385,False,False
380,6.332708950936459,651.0,526.0,861.0,663.0,-0.9228033897052224,0.9927491465511741,-52.8727395504754,56.88033621259672,-1.8526024582336404,-4.941636354818343,-0.017118043263155795,-0.0063864359678965765,False,False
381,6.349373974491554,645.0,519.0,841.0,673.0,-0.9485924459063164,0.9048270894157867,-54.35034362842377,51.84277341263094,-1.1938495265094353,-5.796200158435795,-0.009257635858395865,-0.008808952743877644,False,False
382,6.36603899804665,642.0,515.0,821.0,689.0,-0.9625944506662611,0.7995615222104057,-55.1525994058907,45.81150068371188,-0.4201015592223065,-6.734288911988983,-0.0009198863019910962,-0.011242343051262304,False,False
383,6.3827040216017465,642.0,515.0,799.0,709.0,-0.9625944506662611,0.6803729227255462,-55.1525994058907,38.98249696715429,0.4692116027264852,-7.651048713231376,0.007535716556293984,-0.013181934426966847,False,False
384,6.399369045156842,646.0,519.0,775.0,732.0,-0.9469556058427397,0.5445517081560367,-54.25655960104291,31.200514603980633,1.3787867327959162,-8.503236736666622,0.01460968948938852,-0.014168142026769838,False,False
385,6.416034068711938,652.0,528.0,748.0,757.0,-0.9166394239072654,0.3969596417033319,-52.51957032518948,22.744112106626265,2.2241631989235984,-9.425407382670755,0.019262644913369563,-0.014244557491797712,False,False
386,6.432699092267034,662.0,540.0,719.0,783.0,-0.8728241416418597,0.23040243605886154,-50.00913957320733,13.20108717570558,3.2816022754558567,-10.574681592976958,0.024386305687913806,-0.013209277083884835,False,False
387,6.44936411582213,678.0,557.0,689.0,804.0,-0.807263465469411,0.04450500603413473,-46.25278952650211,2.5499490129601816,4.413913461505356,-12.231848192230473,0.027397207139352956,-0.011351281848958268,False,False
388,6.466029139377226,699.0,577.0,656.0,817.0,-0.7257081980295763,-0.1772856404328955,-41.58001690513889,-10.157718965078773,5.404330323849084,-14.135368534085842,0.026327862415816305,-0.009006740299768433,False,False
389,6.482694162932322,727.0,598.0,627.0,818.0,-0.627136881176479,-0.4266274931268761,-35.93229646840965,-24.443954780416536,6.271010016166107,-15.396342373152038,0.026967692235056323,-0.006125724076342744,False,False
390,6.499359186487418,760.0,619.0,608.0,803.0,-0.5166951387622772,-0.690446457054692,-29.60445074600491,-39.559667968994496,6.80155366488558,-15.527843630422126,0.03276335790693981,-0.004532188884204504,False,False
391,6.516024210042514,797.0,637.0,605.0,776.0,-0.4004407771033459,-0.9441712528485336,-22.94356647296065,-54.09702792580028,6.733463514437938,-13.80105172078163,0.04336936327601055,-0.004657791286452169,False,False
392,6.53268923359761,833.0,650.0,616.0,747.0,-0.29226848261129845,-1.1504361610785447,-16.74575053832009,-65.91513662903316,6.375152626415757,-11.05456605808024,0.05404522173900878,-0.005199846340511054,False,False
393,6.5493542571527055,869.0,658.0,638.0,719.0,-0.18795663973024676,-1.3126204603470752,-10.769122188004067,-75.20761248040664,6.133412657220767,-8.354716997295895,0.06299089140765844,-0.005583959837819124,False,False
394,6.566019280707802,904.0,663.0,666.0,697.0,-0.08784154979988501,-1.4288992721907328,-5.032950069421652,-81.86989764584403,5.9792174573266585,-5.3757490568510775,0.06892626957652079,-0.004713254692940398,False,False
395,6.582684304262898,939.0,664.0,699.0,683.0,0.011330959804536168,-1.4917944296644936,0.6492161746323026,-85.47352472090122,5.786574193374372,-2.640481522176742,0.07000915908841372,-0.0032262329540187784,False,False
396,6.599349327817993,972.0,662.0,731.0,675.0,0.10502524067190212,-1.5169066457184734,6.01750303284571,-86.91234871501494,5.582488360433493,-0.009794611427764721,0.06810720621656029,-0.0009535815887211234,False,False
397,6.61601435137309,1004.0,656.0,763.0,675.0,0.19739555984988075,-1.492120884524806,11.309932474020213,-85.49222920659865,5.479356921682724,2.745877896220918,0.06577956657324456,0.0025601920766538354,False,False
398,6.632679374928185,1035.0,649.0,796.0,684.0,0.2876524650051419,-1.4253864060785997,16.48127221132924,-81.66862524362428,5.16121761908572,5.170327056640986,0.06055959684426046,0.006430566210076946,False,False
399,6.649344398483281,1062.0,639.0,828.0,699.0,0.3694191862399583,-1.319793640151862,21.166160242706944,-75.6186054089094,4.670487722612606,7.146262016202513,0.05420734597715667,0.010396864238769446,False,False
400,6.666009422038377,1086.0,629.0,863.0,719.0,0.44332004082739573,-1.1872011564167917,25.40036731297712,-68.02161569573286,4.238442534202214,9.110116297710874,0.04992302246187433,0.014732842858962421,False,False
401,6.682674445593473,1107.0,618.0,902.0,745.0,0.5106866755787584,-1.016153034769835,29.260191164229543,-58.22128023172195,3.5129577100658995,11.16787566436642,0.04446883328498571,0.019585734382108064,False,False
402,6.699339469148569,1122.0,609.0,948.0,773.0,0.5604070868000021,-0.8149753344026918,32.10896088286171,-46.694647068537165,2.6034139888780192,12.707038346712807,0.03986230820871252,0.02336810161489264,False,False
403,6.716004492703665,1133.0,602.0,999.0,801.0,0.5974585864753968,-0.5926268480428776,34.23185543889217,-33.955017218997654,1.656547392404491,14.362258698585151,0.03773164094891031,0.02655709256937508,False,False
404,6.732669516258761,1138.0,598.0,1059.0,824.0,0.6156198894291098,-0.3362805753700938,35.272421448598394,-19.267457700937356,0.495721572986465,15.899994134409326,0.03633323830276951,0.02810735139377366,False,False
405,6.749334539813857,1138.0,599.0,1123.0,838.0,0.6139810098565729,-0.06267929449123805,35.178520565961826,-3.5912590372055306,-0.7339540244929523,17.34774457842525,0.03545382806477265,0.027757597695382986,False,False
406,6.765999563368953,1131.0,603.0,1188.0,834.0,0.5911571672160444,0.24192056868440487,33.87081071038882,13.86102756302115,-1.9874258179616113,18.96164393355002,0.03425191844422973,0.026262194833960837,False,False
407,6.7826645869240485,1118.0,611.0,1246.0,811.0,0.5477400137159024,0.5693131911006619,31.38319105635903,32.61924307119283,-2.795433044984687,19.527350639404744,0.029994956250896466,0.02418395138601285,False,False
408,6.799329610479145,1103.0,620.0,1288.0,769.0,0.497985252133318,0.8927680854329957,28.532453206997296,51.151843379285566,-3.019207764548538,18.44435311020277,0.0190659583687776,0.02235943605500635,False,False
409,6.815994634034241,1087.0,628.0,1308.0,718.0,0.4471096766880407,1.1840643491807454,25.6174974536835,67.84188987996131,-2.860199935099846,16.45678244476926,0.005117833508014043,0.021160239020087117,False,False
410,6.832659657589336,1073.0,635.0,1311.0,666.0,0.4026546535518728,1.4412734195993302,23.070412249824653,82.5788840674294,-2.5207221374151043,14.457810156531536,-0.006666140450820493,0.02049988421527593,False,False
411,6.849324681144433,1060.0,640.0,1301.0,617.0,0.36309388909629264,1.6659438428081483,20.80374741220875,95.45155109871274,-2.346346389269062,12.607104536022916,-0.01766631811188142,0.01949807069273318,False,False
412,6.865989704699529,1047.0,644.0,1281.0,574.0,0.3244508178607049,1.8614688077080965,18.58966252298618,106.65430637692333,-2.2634658703522277,10.946792863731275,-0.026400151677225654,0.018450229920973032,False,False
413,6.882654728254624,1035.0,649.0,1255.0,540.0,0.2876524650051419,2.0308009646618235,16.48127221132924,116.35632430621872,-2.3223247153789313,9.393231622181133,-0.03362119959027335,0.01735480797310144,False,False
414,6.8993197518097205,1021.0,652.0,1224.0,512.0,0.24704762569196256,2.174545660192333,14.154786290877178,124.59228868750995,-2.4575378887495765,7.879345906561468,-0.03901507444046459,0.01627836684417084,False,False
415,6.915984775364817,1007.0,656.0,1193.0,492.0,0.20574261139803554,2.2934199349250197,11.788183299107622,131.40328292237155,-2.625135946235991,6.384636119417507,-0.042385367693389554,0.015166629737421307,False,False
416,6.932649798919912,991.0,659.0,1162.0,477.0,0.1595517209332598,2.387345882833952,9.141640223524895,136.78484332431898,-2.9281325322678593,4.865313264717088,-0.045478912258311036,0.014183375015334537,False,False
417,6.949314822475008,973.0,661.0,1131.0,468.0,0.10814781615266286,2.4555810552438806,6.196413429104334,140.6944307177554,-3.1691157879945577,3.3226974326325376,-0.046308953443872425,0.012969177986619892,False,False
418,6.965979846030105,954.0,663.0,1104.0,463.0,0.053924942421746405,2.498091544796509,3.0896716112520415,143.13010235415598,-3.414740985308374,1.7077990016492208,-0.04595724651921244,0.011511187676568405,False,False
419,6.9826448695852,933.0,664.0,1080.0,462.0,-0.005665661756767072,2.512502076423586,-0.32461850681142884,143.95576499692731,-3.6604028874126713,0.2644423001988798,-0.04536130198470322,0.010209087960720786,False,False
420,6.999309893140296,911.0,663.0,1059.0,462.0,-0.06807645825799948,2.5069054191200633,-3.90049374238189,143.63510015405438,-3.8350230525271836,-1.2008811223718112,-0.04346007109989801,0.008572172533896904,False,False
421,7.015974916695392,888.0,661.0,1043.0,465.0,-0.1334871607661723,2.472476652041195,-7.648250931085982,141.66247710659627,-4.029885805913237,-2.8284913700944116,-0.04117792980772926,0.006546060148452676,False,False
422,7.032639940250488,864.0,657.0,1031.0,470.0,-0.20239274201777993,2.4126316685040483,-11.59624992169887,138.23361212488788,-3.983339355801771,-3.9137514636731794,-0.03748692416518788,0.004620626100233366,False,False
423,7.049304963805584,842.0,652.0,1021.0,478.0,-0.2662520491509254,2.3420311313793873,-15.255118703057777,134.1884993162881,-3.8765411957162277,-5.0881464206009355,-0.032907388250042406,0.0022678021570546984,False,False
424,7.06596998736068,820.0,645.0,1016.0,489.0,-0.3315980426956037,2.2430435086018603,-18.99916834125697,128.51692630710275,-3.8370021776522316,-6.392358449090636,-0.029106695230690288,-0.00029362834104791104,False,False
425,7.082635010915776,799.0,638.0,1012.0,505.0,-0.3941395124939822,2.1289735231259623,-22.58253060524896,121.9811975702152,-3.5451966204423524,-7.329683173798514,-0.023643344580771827,-0.003038121615296428,False,False
426,7.099300034470872,781.0,630.0,1009.0,526.0,-0.449759613069839,1.9987448231163787,-25.769327624338715,114.51964268819076,-3.183551065282341,-8.34764418086263,-0.017754803763101294,-0.00622003735784519,False,False
427,7.115965058025968,765.0,622.0,1005.0,553.0,-0.5002474194775461,1.8507461493186879,-28.66206584837389,106.03994330604968,-2.8797306811111927,-9.48000782949083,-0.013238002188062169,-0.009544586621369838,False,False
428,7.132630081581064,751.0,614.0,1000.0,586.0,-0.5457411723359418,1.6827757155544567,-31.26866588137118,96.41594636837749,-2.280508145123852,-10.573144929777811,-0.006600338186189554,-0.013485632767481477,False,False
429,7.14929510513616,742.0,608.0,990.0,626.0,-0.5762568633897006,1.4983427307063082,-33.01708618767669,85.84871473357832,-1.4789227624152197,-11.326813355028321,-8.924667092313418e-05,-0.017006280935869006,False,False
430,7.165960128691256,736.0,605.0,975.0,670.0,-0.5950337376795751,1.3052524928230154,-34.0929218369342,74.78545903768855,-0.8680320165199262,-12.277512843393083,0.002453019146025706,-0.020052430899618973,False,False
431,7.182625152246351,733.0,603.0,953.0,718.0,-0.6051884113934649,1.089132649240035,-34.67474178307253,62.40270413135627,-0.11744598855257493,-13.543037379557404,0.004045817718441703,-0.023089052816933825,False,False
432,7.199290175801448,735.0,604.0,922.0,767.0,-0.5989482180109346,0.8538624189472799,-34.31720503890807,48.922712890510475,0.9851166021252915,-14.933793896910402,0.0062466408415929745,-0.025131765504018307,False,False
433,7.215955199356543,743.0,609.0,880.0,813.0,-0.572354428635598,0.5913885951221187,-32.793493146441435,33.884070552668426,2.0898709157334707,-16.391851292126148,0.004188894636184982,-0.025286846607730024,False,False
434,7.232620222911639,756.0,617.0,830.0,850.0,-0.5292927219353178,0.30752124315746393,-30.326239093885164,17.61966934353903,3.1856654647249325,-18.113795188177733,-0.0009720207081724067,-0.023939063723282358,False,False
435,7.249285246466735,776.0,627.0,773.0,870.0,-0.4661760486190028,-0.012345051844224488,-26.70992009595433,-0.7073193685442566,4.400999107278956,-20.152586650866965,-0.00577725376670387,-0.021441113738953403,False,False
436,7.265950270021831,803.0,639.0,718.0,862.0,-0.38260721435780015,-0.3641654193081543,-21.921778593959143,-20.865141570969183,5.111965849179377,-21.04167787582503,-0.006708717544277112,-0.019165880177617303,False,False
437,7.282615293576927,832.0,649.0,677.0,828.0,-0.2957939860401633,-0.7136651667229491,-16.94774700545295,-40.89000203872523,4.973903934568603,-19.858242986326104,0.001090901272930156,-0.018999751520477656,False,False
438,7.299280317132023,859.0,656.0,656.0,779.0,-0.21682676189705682,-1.026041593568053,-12.423258342189367,-58.787852916326784,4.436986822465235,-17.452872312263707,0.014587933015548178,-0.01976321658034216,False,False
439,7.315945340687119,883.0,660.0,653.0,725.0,-0.14790900622009714,-1.2953702230988613,-8.474561808385808,-74.21924669048461,3.7776725300813183,-14.727403490537881,0.02622299963652659,-0.020064644071450758,False,False
440,7.332610364242215,903.0,662.0,662.0,675.0,-0.09091675850257036,-1.5169066457184734,-5.209146549207424,-86.91234871501494,3.245036842182384,-12.363296842179125,0.0337315011657651,-0.01958369226503573,False,False
441,7.349275387797311,921.0,663.0,681.0,630.0,-0.03975177539584801,-1.7074394892859837,-2.277608958334078,-97.82907651005961,2.898241194321017,-10.608881525517063,0.03872776533845979,-0.019044481360000125,False,False
442,7.3659404113524065,937.0,663.0,704.0,591.0,0.005681757040847447,-1.8705011667503995,0.3255406986592984,-107.17182242909412,2.6405523276222955,-8.822350233207658,0.04092340890509301,-0.01767850818771809,False,False
443,7.382605434907503,952.0,663.0,730.0,561.0,0.04825795808072906,-2.0014888381814044,2.7649773259450217,-114.67686317033706,2.472506638484827,-7.263938639938715,0.04115524335774067,-0.01615065155182907,False,False
444,7.399270458462599,966.0,662.0,755.0,535.0,0.08809051978181041,-2.112608583825104,5.047214998611426,-121.04355561628826,2.3148741357322504,-5.871857495171298,0.0395977136697441,-0.014508451669701838,False,False
445,7.415935482017694,979.0,660.0,780.0,516.0,0.12541282207884918,-2.1971981251197983,7.185625401943166,-125.89017932342183,2.3259927314871516,-4.4635460143158525,0.038385686169604555,-0.012841131291338083,False,False
446,7.432600505572791,993.0,658.0,803.0,501.0,0.1656159671002406,-2.261378782760759,9.48909593482128,-129.56746013262293,2.243268533040116,-3.391885672728449,0.03577959530634646,-0.01135802040077016,False,False
447,7.449265529127887,1005.0,656.0,823.0,490.0,0.20018106796588866,-2.310249834384225,11.469530332866904,-132.36756513101352,2.0914408969047917,-2.2430538306823564,0.0314610144931474,-0.009375821742238059,False,False
448,7.465930552682982,1017.0,653.0,839.0,482.0,0.23532379072225867,-2.3361398726080984,13.48306002740526,-133.85095505267384,2.0272394404784544,-1.0336291748761823,0.02758895032836542,-0.007369049603759511,False,False
449,7.4825955762380785,1028.0,650.0,852.0,478.0,0.2677490540206739,-2.3447007434773144,15.3408907640049,-134.3414568224364,1.8640572554674764,-0.34379911676739994,0.023715648578402065,-0.005870558019239083,False,False
450,7.499260599793175,1038.0,647.0,862.0,474.0,0.2974529068630858,-2.347598713366394,17.042796167152776,-134.50749826623667,1.6202047419085552,0.3447553100791083,0.01877103536027764,-0.004088198592719197,False,False
451,7.51592562334827,1046.0,644.0,868.0,474.0,0.3217505543966422,-2.333210032750893,18.43494882292201,-133.68308759420674,1.430381511401281,1.2024091634340266,0.013960898686720615,-0.0020969943622782027,False,False
452,7.532590646903366,1054.0,642.0,871.0,476.0,0.3451275900236375,-2.3075223593034115,19.774354301875807,-132.2112923201558,1.1606512769827813,1.8904813888942726,0.00868007253987093,-0.00013459019350843754,False,False
453,7.549255670458463,1059.0,640.0,870.0,481.0,0.36043511613698337,-2.270200198998104,20.65141094295682,-130.072890052351,0.9188245263418366,2.675554659265231,0.0035469301626262382,0.0019393981806032834,False,False
454,7.565920694013558,1064.0,638.0,867.0,489.0,0.3757520547726105,-2.218345996464209,21.529006881839123,-127.10186309714223,0.6497705584865212,3.342367572639091,-0.0014427764308159053,0.003888465960150097,False,False
455,7.582585717568654,1066.0,637.0,862.0,501.0,0.38209199946215416,-2.158798930342464,21.892258954896356,-123.69006752597979,0.2693714181469211,3.882700915481223,-0.0072300271276987535,0.0059035085116067604,False,False
456,7.59925074112375,1067.0,637.0,853.0,515.0,0.38473021682958675,-2.0889353920364337,22.043417675488357,-119.6871816391937,-1.0658141036401503e-14,4.549077368570352,-0.011726279352873811,0.007771522467735787,False,False
457,7.615915764678846,1066.0,637.0,843.0,533.0,0.38209199946215416,-2.0071779673401084,21.892258954896356,-115.00282626023561,-0.348850232169335,5.270502269968119,-0.01689002729183956,0.00984022654730021,False,False
458,7.632580788233942,1063.0,638.0,833.0,556.0,0.37310302215698116,-1.9132693030840227,21.37722849317106,-109.62225613865084,-0.7297018079786977,6.159336429096584,-0.022169488453099122,0.012094226135942807,False,False
459,7.649245811789038,1058.0,640.0,820.0,584.0,0.3577710038258315,-1.8018869939907938,20.498768551378973,-103.2405199151872,-1.1090584795516403,7.0771760224653235,-0.02643616787776286,0.014112918132898727,False,False
460,7.665910835344134,1051.0,643.0,808.0,617.0,0.33613805078556785,-1.6773866928481354,19.259291643767163,-96.10717811160511,-1.458435152972772,8.167396903864983,-0.02928078362549644,0.016004366192474296,False,False
461,7.68257585889923,1042.0,646.0,799.0,656.0,0.3091612914700892,-1.5296672704173446,17.713637190050008,-87.64347865421065,-1.8644427468219469,9.410819076650796,-0.03092888433702505,0.017698373133663133,False,False
462,7.699240882454326,1030.0,649.0,792.0,699.0,0.2739960861997357,-1.363723649677865,15.698819342347555,-78.13560954871888,-2.381479670186799,10.686912791254827,-0.03140017724369297,0.018780124767738167,False,False
463,7.715905906009421,1015.0,653.0,791.0,747.0,0.22978646187080273,-1.1734719636223254,13.165794454440812,-67.23499089248851,-3.0690984379277886,12.598272354230403,-0.030544957610905244,0.019842208504756754,False,False
464,7.732570929564518,995.0,657.0,799.0,799.0,0.17170289067778488,-0.943822638604333,9.83785096603324,-54.07705380092945,-3.8190693880394617,14.730075804644798,-0.025326639208535742,0.01965096827969365,False,False
465,7.749235953119614,971.0,661.0,819.0,848.0,0.10249669925035063,-0.6825178431167961,5.8726282810668,-39.10539185296446,-4.555023501393356,16.924358212810148,-0.01626347706107808,0.018333989037463236,False,False
466,7.765900976674709,942.0,663.0,853.0,886.0,0.01988374278831507,-0.37973298206161465,1.139254542694141,-21.75709721404752,-5.29359398518042,18.966079881190467,-0.0072164584858518885,0.01639018858198749,False,False
467,7.782566000229806,909.0,662.0,897.0,900.0,-0.07393903765794034,-0.050377507181057816,-4.23639479905884,-2.88641854386461,-5.635365873297426,19.812096583699258,-0.0037200550506562152,0.015349108966352339,False,False
468,7.799231023784901,876.0,659.0,942.0,888.0,-0.1679432672518542,0.28060513042474605,-9.622440411168897,16.07748968305596,-5.2554175172841,18.28438748467329,-0.01002116911731045,0.0156884603512844,False,False
469,7.815896047339997,848.0,653.0,975.0,856.0,-0.24910235109274495,0.5590419890640936,-14.272513384400336,32.03074654397129,-4.453657442483878,15.58517865803401,-0.018983288935696806,0.016523404931942307,False,False
470,7.832561070895093,825.0,647.0,998.0,815.0,-0.3163838796224981,0.8000598693177746,-18.12746100834423,45.840053869696675,-3.548585695571913,13.191627846925599,-0.024283524653654787,0.017422826383773585,False,False
471,7.849226094450189,808.0,641.0,1013.0,773.0,-0.367376879500708,0.9987195666622396,-21.04914468607678,57.222416086880806,-2.744793250635274,10.912107341180672,-0.0262033110402222,0.016810069361576994,False,False
472,7.865891118005285,795.0,635.0,1020.0,732.0,-0.4078679679739101,1.1637609210708033,-23.369113163482076,66.67858913961435,-2.1290003018192554,9.164980104284837,-0.0259985530904965,0.015663027306823507,False,False
473,7.882556141560381,785.0,631.0,1023.0,696.0,-0.43833655985795783,1.304188785302032,-25.114834886144564,74.72451308609989,-1.6356717185247778,7.83499213073685,-0.02435091904418828,0.014302813387743639,False,False
474,7.899221165115477,777.0,628.0,1022.0,664.0,-0.46238498340914935,1.4249015778962413,-26.492708059570848,81.64084663498613,-1.1003343705423525,6.669110156100487,-0.02023885412839638,0.012517723352985885,False,False
475,7.915886188670573,773.0,626.0,1021.0,637.0,-0.47501075626509687,1.5264705409879191,-27.216111557307478,87.4603195496593,-0.6826002973326375,5.100096971407879,-0.015318571353251344,0.00964854229074825,False,False
476,7.932551212225669,770.0,624.0,1019.0,618.0,-0.4851360834766776,1.594888050219818,-27.796250072720017,91.38035407344445,-0.3787018688612971,3.984508568166575,-0.010997750789428152,0.007413181963540777,False,False
477,7.9492162357807645,769.0,624.0,1017.0,602.0,-0.4876329073949619,1.6592743992758723,-27.939307545425027,95.0694201326125,-8.881784197001252e-15,3.0231438572864135,-0.005407261235953986,0.005164658348618597,False,False
478,7.965881259335861,770.0,624.0,1017.0,593.0,-0.4851360834766776,1.6956495774040632,-27.796250072720017,97.15356431839442,0.26449983721100345,1.4495656588171641,0.0005004366779931073,0.0019789133241216988,False,False
479,7.982546282890957,772.0,625.0,1019.0,591.0,-0.47881711536008087,1.7075884909735668,-27.434199868761297,97.83761367789845,0.5688571274739527,0.3582027211072045,0.006260841469821499,-0.00046658065309432566,False,False
480,7.999211306446052,776.0,627.0,1023.0,593.0,-0.4661760486190028,1.7075884909735668,-26.70992009595433,97.83761367789845,0.9114136318074024,-0.5976087208423451,0.012231812743302347,-0.0027179130117846737,False,False
481,8.015876330001149,782.0,629.0,1029.0,600.0,-0.448439656075069,1.6876701641544303,-25.693699659399623,96.69637761619968,1.1374690115801087,-1.6994558828921527,0.016865944636919067,-0.004903873412940431,False,False
482,8.032541353556244,788.0,633.0,1037.0,613.0,-0.4282641528766548,1.6509455463350764,-24.537728476577794,94.59221201091977,1.406983502625371,-3.024627046985188,0.021999181460794832,-0.007415937552688198,False,False
483,8.049206377111341,797.0,636.0,1046.0,632.0,-0.40154482964930105,1.5868592021876455,-23.006824024204555,90.92033496684905,1.7169550735397099,-4.345513534052998,0.026733162543606942,-0.009710084273549538,False,False
484,8.065871400666436,807.0,640.0,1054.0,656.0,-0.3710379593894927,1.5061093755271147,-21.258909112164368,86.29371070278766,1.9101875613478043,-5.715601452077067,0.028963471375892988,-0.011655804302132828,False,False
485,8.082536424221532,818.0,644.0,1062.0,687.0,-0.33787818824027843,1.3963579365268435,-19.35899417569472,80.00541645258463,2.257541764059445,-7.175588481840805,0.0313751220596113,-0.01346463671738761,False,False
486,8.099201447776629,832.0,649.0,1068.0,723.0,-0.2957939860401633,1.2669466733840062,-16.94774700545295,72.59069725304315,2.745991023052161,-8.677132011743197,0.03327120009478212,-0.014751152975872192,False,False
487,8.115866471331724,849.0,653.0,1069.0,763.0,-0.246354178077785,1.1071487177940904,-14.11505466927139,63.43494882292201,3.1358990489939425,-10.459516281037622,0.030853919192570942,-0.015649062399168575,False,False
488,8.13253149488682,868.0,657.0,1063.0,806.0,-0.19127432300439295,0.9183305029872152,-10.959211437373789,52.61646201929347,3.7132515811796636,-12.342165683473354,0.027267874870092152,-0.01565955663432398,False,False
489,8.149196518441917,892.0,660.0,1049.0,848.0,-0.12259132794506862,0.6957837541221173,-7.023965696156619,39.86547256496552,4.286795384921426,-14.250664259707037,0.020322353184459685,-0.014726653322242857,False,False
490,8.165861541997012,918.0,662.0,1022.0,881.0,-0.04839523087320666,0.4433551918596499,-2.772842477595963,25.40238131877081,4.788815428052521,-16.20969854036821,0.011508162310498796,-0.013832251633978509,False,False
491,8.182526565552108,948.0,662.0,985.0,898.0,0.037020115873930025,0.15551373812965635,2.1210963966614536,8.910280851132013,5.1301025243971745,-17.36250196343383,0.005980299125782587,-0.01293618207722775,False,False
492,8.199191589107205,978.0,660.0,946.0,895.0,0.12259132794506862,-0.13533781653240926,7.023965696156619,-7.754285695822908,4.912305889885183,-16.813823351703718,0.0065510908626507935,-0.013129337186082448,False,False
493,8.2158566126623,1005.0,655.0,912.0,872.0,0.20074750260348004,-0.40489178628508343,11.501984646970913,-23.19859051364819,4.190295352592388,-14.916990728335804,0.010855419108558771,-0.014172881668015619,False,False
494,8.232521636217395,1026.0,650.0,886.0,841.0,0.2622540694525861,-0.6325218202501238,15.026051339763953,-36.240830750264585,3.36015986213527,-12.573127360473222,0.01516415071447516,-0.014576726828177355,False,False
495,8.249186659772493,1043.0,645.0,868.0,807.0,0.3127417891062253,-0.823954713532103,17.918784593157177,-47.20912759530028,2.6250422419160744,-10.370452143651278,0.017704298716148415,-0.014091610872729119,False,False
496,8.265851683327588,1055.0,640.0,856.0,774.0,0.3497468510418957,-0.9781694787520191,20.039018462691303,-56.04498278100235,1.9218988099399912,-8.607985503987834,0.016649803799903152,-0.013188071920624414,False,False
497,8.282516706882683,1064.0,637.0,848.0,744.0,0.37679876698254466,-1.1108592759038567,21.588979073833162,-63.647548142249654,1.3514612958375345,-6.987290337678246,0.014582537117403713,-0.011568421971432792,False,False
498,8.29918173043778,1070.0,635.0,844.0,720.0,0.3947911196997615,-1.211056194879424,22.619864948040426,-69.38840871976394,0.7305876803864759,-5.24509656828468,0.009516559291615526,-0.009044643535962368,False,False
499,8.315846753992876,1072.0,634.0,840.0,702.0,0.4011492887879534,-1.2856785916223006,22.984161202224367,-73.66395711028154,0.3030498742449623,-3.6829622900207823,0.005097095393352277,-0.006407066795369716,False,False
500,8.332511777547971,1073.0,633.0,837.0,690.0,0.40489178628508343,-1.3338095015108722,23.19859051364819,-76.42165511102118,2.4868995751603507e-14,-2.22095101471416,0.0012186188668993213,-0.003794213488177292,False,False
501,8.349176801103068,1072.0,634.0,834.0,685.0,0.4011492887879534,-1.35970299357215,22.984161202224367,-77.9052429229879,-0.46120149300500834,-0.8975129278422855,-0.005069903778435286,-0.0012472236777968963,False,False
502,8.365841824658164,1068.0,635.0,830.0,685.0,0.3895199187959362,-1.363723649677865,22.31784738328569,-78.13560954871888,-0.8102448235214368,0.4804180851687079,-0.010171060098230864,0.0013034024559914472,False,False
503,8.382506848213259,1063.0,637.0,825.0,692.0,0.3741437906491958,-1.3436906361608894,21.436860135225153,-76.98780242326764,-1.1933096770774387,2.0353155859444314,-0.015537254943760567,0.004051096082840406,False,False
504,8.399171871768356,1055.0,640.0,821.0,706.0,0.3497468510418957,-1.295886485314224,20.039018462691303,-74.24882633654697,-1.571952061133807,3.229252761838893,-0.01997031317141567,0.005902654560395824,False,False
505,8.415836895323451,1046.0,644.0,816.0,724.0,0.3217505543966422,-1.2360594894780819,18.43494882292201,-70.82099197418928,-1.9206917368823522,4.500796244981416,-0.023240267721803255,0.007607148893744752,False,False
506,8.432501918878547,1034.0,648.0,813.0,748.0,0.2857301049674529,-1.1458747344356208,16.371129094465047,-65.6537861338351,-2.3033838210897786,6.298039385128959,-0.025232006192192395,0.009710141260320828,False,False
507,8.449166942433644,1020.0,651.0,812.0,777.0,0.24497866312686414,-1.0261455400698787,14.036243467926479,-58.79380861217655,-2.8014024714018815,8.09529860385112,-0.02633036623416591,0.011114541031352395,False,False
508,8.46583196598874,1002.0,655.0,816.0,810.0,0.19235922862101976,-0.8760580505981934,11.021371950376542,-50.19442890773481,-3.4070353410154333,9.959157201885205,-0.025820528733899627,0.011627644602942865,False,False
509,8.482496989543835,981.0,659.0,827.0,844.0,0.13142201470473505,-0.6942063613532516,7.529926777687562,-39.77509461667506,-3.887923498135893,11.8753747984224,-0.02099305603986158,0.011631591716746171,False,False
510,8.499162013098932,957.0,661.0,845.0,876.0,0.06277455526732523,-0.48025124911557443,3.5967170776284667,-27.516369680208324,-4.4558703025966215,13.78059864202794,-0.015624034705050437,0.011017057591720315,False,False
511,8.515827036654027,929.0,662.0,873.0,896.0,-0.01709235239771683,-0.2348983594078165,-0.9793196543394874,-13.458684608615021,-4.873776722290319,14.91316192825434,-0.011652125875505029,0.0098533388358109,False,False
512,8.532492060209123,900.0,661.0,904.0,899.0,-0.09966865249116202,0.016805140515041995,-5.710593137499642,0.9628636256362129,-4.890946308891319,14.793685236191891,-0.011426130950691116,0.009323592999043211,False,False
513,8.54915708376422,872.0,657.0,933.0,888.0,-0.18010782328648636,0.2581758664478214,-10.319418131603717,14.792387519593365,-4.504471051173077,13.6869890788048,-0.014263185982384068,0.009990924955577556,False,False
514,8.565822107319315,848.0,652.0,957.0,865.0,-0.24980288483326013,0.472993131308296,-14.31265101113837,27.100510162642525,-3.927100879465442,11.660657111838987,-0.019197733637491932,0.01025095363257195,False,False
515,8.58248713087441,827.0,647.0,972.0,839.0,-0.31099828060554097,0.6468261173211981,-17.81888891452278,37.060406601338485,-3.2892781579767973,9.285603090543987,-0.02258939227130948,0.009650245321070162,False,False
516,8.599152154429508,811.0,641.0,982.0,813.0,-0.3594346807971526,0.7824827197626731,-20.59409022030878,44.8329573843191,-2.7166642982652682,7.5543980448857155,-0.0228284671495567,0.009196515584179556,False,False
517,8.615817177984603,797.0,636.0,988.0,788.0,-0.40154482964930105,0.898614560046386,-23.006824024204555,51.4868216996632,-2.177552156935006,6.00992260294197,-0.021290500501304013,0.008355803093742039,False,False
518,8.632482201539698,787.0,632.0,991.0,768.0,-0.4320125967726937,0.982793723247329,-24.7524984915624,56.309932474020215,-1.6733774708122233,4.288472363813753,-0.018227484071857654,0.00647274817632359,False,False
519,8.649147225094794,779.0,628.0,991.0,752.0,-0.45731857958460426,1.0415495459630517,-26.202424503115477,59.67639313745001,-1.253346016123336,2.805630121813806,-0.014628635173227126,0.004497328116162014,False,False
520,8.66581224864989,774.0,625.0,991.0,742.0,-0.47378667853545564,1.0763055073811572,-27.14597706960308,61.667763039626976,-0.7594975738063159,1.4227209640984029,-0.009169056078931767,0.0023789135043113243,False,False
521,8.682477272204986,771.0,624.0,989.0,738.0,-0.4826326694996465,1.0889689027211122,-27.65281501746208,62.39332214691204,-0.3801573387503634,0.1646060546119088,-0.004638300553378913,0.0002822136716317275,False,False
522,8.699142295760081,770.0,623.0,988.0,739.0,-0.48645734054528994,1.0817918349359934,-27.871952526403334,61.98210645354543,-0.11475144433487117,-1.1346951035664006,-0.0014094407261363805,-0.001939442522946244,False,False
523,8.715807319315179,770.0,623.0,985.0,746.0,-0.48645734054528994,1.0511494614635384,-27.871952526403334,60.22642777931012,0.3045954203685586,-2.4993763947312573,0.0034437124205934453,-0.004236682159964496,False,False
524,8.732472342870274,773.0,625.0,981.0,759.0,-0.4763051608348581,0.9984875019535027,-27.290275476137243,57.20911975849624,0.8742490181412457,-3.5699950086852823,0.009542154122086328,-0.0058237380531997295,False,False
525,8.74913736642537,779.0,628.0,977.0,775.0,-0.45731857958460426,0.9321613596409117,-26.202424503115477,53.408911732600714,1.3289079345051036,-4.752136029517374,0.01339895703141549,-0.007331634622739372,False,False
526,8.765802389980466,787.0,632.0,970.0,796.0,-0.4320125967726937,0.8400985842156415,-24.7524984915624,48.134103250472016,1.7516787707065955,-6.400571811794748,0.015186315565542556,-0.009242180835602829,False,False
527,8.782467413535562,798.0,636.0,959.0,820.0,-0.3989350436350302,0.7188299996216245,-22.857294300154564,41.18592516570965,2.177552156935006,-7.733131526023385,0.015452783885695811,-0.010081783393070518,False,False
528,8.799132437090657,811.0,641.0,946.0,846.0,-0.3594346807971526,0.5823529461439831,-20.59409022030878,33.36636600105956,2.800508268073356,-8.981461588595266,0.01681634522194807,-0.009933957870310777,False,False
529,8.815797460645754,829.0,647.0,928.0,869.0,-0.3055939711276601,0.41947746175536094,-17.50924479025766,24.034288159442582,3.3719440819758697,-10.723407618092324,0.014785775107283756,-0.010033443599954284,False,False
530,8.83246248420085,849.0,652.0,903.0,888.0,-0.24704762569196256,0.22494126505117096,-14.154786290877178,12.888185125765702,3.848929306386686,-12.087635936352171,0.01160845297887867,-0.009394751082842406,False,False
531,8.849127507755945,873.0,657.0,877.0,898.0,-0.17730897602199822,0.016595986545909314,-10.15905599584681,0.9508799859365008,4.252154925690988,-12.993953991733633,0.010012427015795397,-0.008499148985228567,False,False
532,8.865792531311042,898.0,661.0,849.0,893.0,-0.10532310169884464,-0.208147833640982,-6.034569212570949,-11.925992382419444,4.379837744524419,-13.277078235647764,0.010071277370623424,-0.008377926345759852,False,False
533,8.882457554866138,924.0,662.0,826.0,878.0,-0.03132877766200028,-0.4259296565339419,-1.795006737336347,-24.403971688851616,4.185347379013696,-12.099283635482948,0.01438819469089285,-0.007984472264711048,False,False
534,8.899122578421233,947.0,662.0,811.0,856.0,0.03417472361619509,-0.6114175272111867,1.9580674292340414,-35.03164382952617,3.6832728691753784,-10.162001240119935,0.018285568311796327,-0.007701113336545273,False,False
535,8.91578760197633,967.0,660.0,802.0,832.0,0.09143488058730807,-0.7646296366009722,5.238832757935414,-43.810051067857565,3.2682970841995598,-8.422319593708153,0.021748680040017808,-0.007355383119569288,False,False
536,8.932452625531425,985.0,658.0,799.0,808.0,0.1431072194026718,-0.8921338360465839,8.19943968962578,-51.115503566285405,2.759891132970062,-6.615261061923434,0.0225862829699208,-0.00667708557309948,False,False
537,8.94911764908652,999.0,656.0,800.0,788.0,0.18342218206819788,-0.9851165994410915,10.509316901587908,-56.44302347625422,2.350622922312552,-4.661984668147284,0.022684781128328398,-0.004942935482065853,False,False
538,8.965782672641618,1012.0,653.0,804.0,773.0,0.22145359214164725,-1.047518004662921,12.688356187727882,-60.01836063115067,2.034002718320001,-2.769306154027504,0.02211170748610871,-0.002745827254803735,False,False
539,8.982447696196713,1022.0,650.0,810.0,764.0,0.251215588492064,-1.0774177040173745,14.39359296849052,-61.73148721287088,1.5996162552246531,-1.0656045492498833,0.01867609649187166,-0.0005610073464116401,False,False
540,8.999112719751809,1030.0,648.0,817.0,761.0,0.2747688772865118,-1.0830346544902552,15.743097010065153,-62.05331476870095,1.2484213723739739,0.5568115000955913,0.015617011991425369,0.001817695603861577,False,False
541,9.015777743306906,1036.0,646.0,826.0,764.0,0.2928255316466591,-1.0588591504876925,16.77766709702809,-60.66816042175248,0.8128641101463625,2.072400265042802,0.011395820158252643,0.004120543783114306,False,False
542,9.032442766862,1039.0,645.0,835.0,772.0,0.3018616763718752,-1.0139614560252115,17.295400052852376,-58.09571201918443,0.46058128213448946,3.6983256397411424,0.008681635879848859,0.006699531549492318,False,False
543,9.049107790417096,1041.0,644.0,847.0,787.0,0.30817672747827307,-0.9355937826862817,17.657225828658394,-53.60557508660385,0.08181981036730157,5.177750600130025,0.006459065861098968,0.008931824861653498,False,False
544,9.065772813972194,1040.0,645.0,861.0,805.0,0.3045887345059646,-0.8413867845980396,17.451648974422515,-48.20791169555057,-0.4605812821345232,6.444978084688842,0.003102502373705472,0.010387156950748284,False,False
545,9.082437837527287,1036.0,646.0,877.0,827.0,0.2928255316466591,-0.7207823594994651,16.77766709702809,-41.297787146800594,-0.9772231355472183,8.08726893754249,0.0021191737295930685,0.012119414902778531,False,False
546,9.099102861082384,1029.0,648.0,899.0,850.0,0.27201784136100554,-0.5718377299169601,15.585474262244778,-32.76388849058367,-1.53914854366242,9.626098195468671,0.0022269911608371294,0.013086509315916296,False,False
547,9.11576788463748,1019.0,652.0,926.0,872.0,0.2415256381768075,-0.39994405315716103,13.83839971173486,-22.915106287261175,-2.1212311147542025,10.989255910244651,0.0030298435092492165,0.01319359789593625,False,False
548,9.132432908192577,1005.0,654.0,956.0,889.0,0.20131710837464076,-0.20556531272254144,11.534620653644716,-11.778024833288551,-2.78357287417377,12.251624348287692,0.00298227207374379,0.012537236071942105,False,False
549,9.149097931747672,987.0,658.0,989.0,896.0,0.14874902314594313,0.008403163547646988,8.522691232956337,0.48146580583835247,-3.211562650869829,13.028848622958208,0.0031761505119216812,0.011817354686666177,False,False
550,9.16576295530277,968.0,660.0,1022.0,892.0,0.09427557392381448,0.22868682567222423,5.401592497008168,13.102789941262454,-3.2634318116337306,12.870790900511338,0.002063853296318509,0.011369998415501462,False,False
551,9.182427978857865,949.0,661.0,1050.0,877.0,0.039978687123290044,0.4373872306071295,2.2906100426385296,25.060442326703782,-3.1704453245771687,11.79188058607724,-0.002980190714997985,0.01054671440954037,False,False
552,9.19909300241296,931.0,662.0,1070.0,856.0,-0.011395518104626436,0.6217107611239197,-0.652915092760014,35.62140269026669,-2.9120711773575185,10.26487141058783,-0.008356157499630278,0.009828098972162056,False,False
553,9.215758025968055,915.0,661.0,1084.0,832.0,-0.0570807824062646,0.7795158783020714,-3.2704879231835653,44.66296989014219,-2.478612861698445,8.445314319943805,-0.011660929297082255,0.008975358256637388,False,False
554,9.232423049523153,902.0,661.0,1091.0,810.0,-0.09400780155296372,0.9031934852680342,-5.386250270288207,51.74917478956966,-2.145690584000669,6.50991034008382,-0.014578483462467815,0.007298403831593504,False,False
555,9.249088073078248,890.0,659.0,1094.0,791.0,-0.12859675065490359,0.9964914966201949,-7.3680510716221805,57.094757077012105,-1.895765890851425,4.899848812968685,-0.0161927698687315,0.005687481627848681,False,False
556,9.265753096633343,880.0,658.0,1092.0,775.0,-0.15719376800493437,1.066505677037088,-9.006539472441334,61.106274120967576,-1.6293727383562597,3.5410562140849606,-0.01592321252626441,0.0042296469858121195,False,False
557,9.28241812018844,871.0,657.0,1089.0,764.0,-0.18290382078438075,1.1145150670554833,-10.479616987762203,63.857009546019135,-1.4740491023716142,2.0967615112808744,-0.01612454346693339,0.0022754008100925836,False,False
558,9.299083143743536,863.0,655.0,1085.0,758.0,-0.2063238940297175,1.13639083698692,-11.821488340607255,65.11039883668964,-1.2210840352414705,0.4407103711423588,-0.014569876713895554,-0.00015361037136428675,False,False
559,9.315748167298633,857.0,654.0,1077.0,758.0,-0.22360260920448222,1.1292039644876055,-12.811485795529926,64.69862137458028,-1.035778950373488,-0.9872505239574139,-0.013337369013378739,-0.0024220642904145147,False,False
560,9.332413190853728,851.0,653.0,1069.0,763.0,-0.2408464552414116,1.103485730513856,-13.799485396019369,63.225075111354464,-0.7860857664604719,-2.41812856228114,-0.011372792941442434,-0.004710573405862251,False,False
561,9.349078214408824,848.0,652.0,1060.0,774.0,-0.24980288483326013,1.0486076255882735,-14.31265101113837,60.080791311442496,-0.4552605967429537,-3.8597720707700773,-0.008963454941193914,-0.006996063819482176,False,False
562,9.36574323796392,846.0,651.0,1048.0,788.0,-0.2560203123782683,0.9748393455604878,-14.66888336889572,55.85418020391118,-0.18654121683212832,-5.097917800379719,-0.007856647687434307,-0.008913360111827726,False,False
563,9.382408261519016,846.0,651.0,1033.0,806.0,-0.2560203123782683,0.8786937851377298,-14.66888336889572,50.345445372767095,0.10399135016970806,-6.207050159718619,-0.007339442964585605,-0.010459740660020827,False,False
564,9.399073285074111,847.0,652.0,1016.0,827.0,-0.25255427577805956,0.7679580713217461,-14.470294100065887,44.000756329742714,0.4348830997309756,-7.524848924415664,-0.007614076877941624,-0.012108590297149155,False,False
565,9.415738308629209,851.0,652.0,994.0,849.0,-0.2415256381768075,0.6278902159898708,-13.83839971173486,35.97545937377728,0.8686356331228984,-8.852416760268852,-0.008157602442979858,-0.013282931146304735,False,False
566,9.432403332184304,857.0,654.0,967.0,869.0,-0.22360260920448222,0.4729066036629292,-12.811485795529926,27.0955524937518,1.2404593991191106,-9.855220823733816,-0.009687529855863705,-0.013712225931153923,False,False
567,9.4490683557394,865.0,656.0,936.0,886.0,-0.20018106796588866,0.29941524165349015,-11.469530332866904,17.155229668634632,1.7397707813772572,-11.173281675152907,-0.010976268799899831,-0.014074144063219782,False,False
568,9.465733379294496,877.0,658.0,901.0,896.0,-0.1656159671002406,0.10050059905462982,-9.48909593482128,5.75826016436676,2.1477412580402415,-12.261696786077437,-0.012639322651385797,-0.014144141283001831,False,False
569,9.482398402849592,890.0,659.0,864.0,896.0,-0.12859675065490359,-0.1092676898773683,-7.3680510716221805,-6.260577467117551,2.2334466359320775,-12.509194880563996,-0.013815786557375441,-0.014038714098245933,False,False
570,9.499063426404687,903.0,661.0,829.0,887.0,-0.09117508550652748,-0.3164314556251264,-5.223947596268426,-18.130186912500935,2.2311479966365875,-11.87479566714012,-0.010783625815703853,-0.013146165253518124,False,False
571,9.515728449959784,916.0,661.0,801.0,869.0,-0.05423248281719458,-0.5050551888870511,-3.107292377941006,-28.937530744410626,2.0518125251168655,-10.848973136500376,-0.007029542822739616,-0.012470489656054209,False,False
572,9.53239347351488,927.0,662.0,778.0,847.0,-0.022788077383098737,-0.6780282413619009,-1.3056606572690832,-38.848156620714434,1.6271348983665535,-9.48219743419088,-0.0048343612589124944,-0.011963183687112525,False,False
573,9.549058497069977,935.0,662.0,761.0,824.0,0.0,-0.8210972760767723,0.0,-47.04540848888723,1.2819800066916456,-7.8828024160437735,-0.0019961244676479466,-0.010598611179479328,False,False
574,9.565723520625072,942.0,662.0,750.0,802.0,0.019940376634259002,-0.9407624172489815,1.1424994230443224,-53.901716032892,1.0253427936423802,-6.279005539825562,0.0006973727580990245,-0.008798076407478792,False,False
575,9.582388544180168,947.0,662.0,742.0,785.0,0.03417472361619509,-1.0303768265243125,1.9580674292340414,-59.03624346792648,0.6867843888366085,-4.37872325259184,0.0014075215759907188,-0.00638709836486488,False,False
576,9.599053567735265,950.0,661.0,737.0,773.0,0.042830932668727326,-1.0867054695403617,2.4540316745270756,-62.26363697844516,0.4307993498175058,-2.805245227331511,0.0013221194673664347,-0.00418833063731987,False,False
577,9.61571859129036,952.0,661.0,735.0,765.0,0.04853328624065318,-1.1238757821069176,2.780752467489777,-64.3933390116909,0.17108747410628022,-1.5070364038010666,0.0001677445509291884,-0.0023566682798335545,False,False
578,9.632383614845455,952.0,661.0,734.0,762.0,0.04853328624065318,-1.1369350638758247,2.780752467489777,-65.14158074052142,0.0,0.11223450660861545,0.00013850453600485935,0.0001917384381699824,False,False
579,9.64904863840055,952.0,661.0,735.0,766.0,0.04853328624065318,-1.120135000714263,2.780752467489777,-64.17900802581072,-0.1710874741062527,1.7856968417017924,0.00020738114233350216,0.0028307891257522834,False,False
580,9.665713661955648,950.0,661.0,738.0,775.0,0.042830932668727326,-1.0774177040173745,2.4540316745270756,-61.73148721287088,-0.42787208919044684,3.1855203905963663,-0.0006655360814230536,0.004830315402185202,False,False
581,9.682378685510743,947.0,661.0,743.0,788.0,0.034272289350799415,-1.0139614560252115,1.9636575340519626,-58.09571201918443,-0.6013449431788852,4.603878717493558,0.00020802029432219222,0.006879724001768715,False,False
582,9.69904370906584,943.0,662.0,751.0,807.0,0.022788077383098737,-0.9239702094736986,1.3056606572690832,-52.93959339866152,-0.8573148793744931,6.238132769694289,0.0015085883476146245,0.00901232169353852,False,False
583,9.715708732620936,937.0,662.0,764.0,828.0,0.005697944032979155,-0.8060441969316666,0.3264681449914567,-46.182930585196274,-1.1110733833698752,7.614346494265874,0.0036509741924911146,0.010497487192783237,False,False
584,9.732373756176033,930.0,662.0,781.0,850.0,-0.014244050827500474,-0.6701836821064823,-0.816123995585605,-38.398696483238666,-1.3670203471137763,8.920310602417771,0.006532462856929291,0.011682345976704055,False,False
585,9.749038779731126,921.0,662.0,805.0,870.0,-0.03986490853691107,-0.5087298243155532,-2.2840910098400498,-29.148071845713044,-1.7120712061742442,10.136544691095423,0.008802451003760339,0.01230242439062857,False,False
586,9.765703803286224,910.0,661.0,832.0,887.0,-0.07130746478529032,-0.3323321700177181,-4.085616779974877,-19.041230738439364,-1.8878886064938816,10.988346374519097,0.011823747314499328,0.012783697645711797,False,False
587,9.78236882684132,899.0,660.0,865.0,897.0,-0.10278832473015115,-0.14248772198969495,-5.889337190257847,-8.163945102442934,-1.8883173230130428,11.225570188613233,0.013790447799244938,0.012982475251502652,False,False
588,9.799033850396414,888.0,659.0,898.0,898.0,-0.13424517012030426,0.041816613207517075,-7.69168166790918,2.3959154503217444,-1.8008620220841047,10.713474310444667,0.012661304545910336,0.012481283816294722,False,False
589,9.81569887395151,878.0,658.0,929.0,892.0,-0.16281114076516415,0.21459288149122355,-9.328391223554254,12.295266422998148,-1.4754558187484275,9.62681493924947,0.011382779611367973,0.011942782267315212,False,False
590,9.832363897506609,871.0,656.0,956.0,880.0,-0.18342218206819788,0.36267880865381774,-10.509316901587908,20.779965054696515,-1.1212083522466836,8.3643968568241,0.00978979609032197,0.011143685994156688,False,False
591,9.849028921061702,865.0,656.0,979.0,868.0,-0.20018106796588866,0.49337862277752215,-11.469530332866904,28.268512787129126,-0.6871190996462708,6.863482872600571,0.008945899361194812,0.009990579549983782,False,False
592,9.865693944616796,863.0,655.0,998.0,856.0,-0.2063238940297175,0.5914390161375552,-11.821488340607255,33.8869594640517,-0.18430295173368094,5.052284429934957,0.009335137449737992,0.008208628053963597,False,False
593,9.882358968171896,863.0,655.0,1011.0,845.0,-0.2063238940297175,0.6617715008413478,-11.821488340607255,37.91671400024744,0.017440198321963862,3.8919888528727142,0.008471264241700575,0.006685976708306161,False,False
594,9.89902399172699,863.0,656.0,1023.0,838.0,-0.20574261139803554,0.7211591879561585,-11.788183299107622,41.31937782696955,0.3515431386329597,2.57257122722865,0.009359317199082874,0.005087804034444598,False,False
595,9.915689015282084,867.0,656.0,1032.0,834.0,-0.19460694465781786,0.7475154210391892,-11.150156592828946,42.82947874649028,0.6852312730956323,0.96549495365025,0.01022390882827109,0.00297247554501013,False,False
596,9.932354038837182,871.0,657.0,1037.0,834.0,-0.18290382078438075,0.7533391802459658,-10.479616987762203,43.163155569939036,0.8698150789205252,-0.17465290240591003,0.010271677876843095,0.0013946243939005059,False,False
597,9.949019062392278,877.0,658.0,1041.0,837.0,-0.1656159671002406,0.7416942315740709,-9.48909593482128,42.49594915839299,1.206186747699192,-1.3146832294938804,0.012056932486255358,0.000193017326288244,False,False
598,9.965684085947371,885.0,659.0,1043.0,843.0,-0.1427015596598817,0.7095207262719612,-8.176197098445545,40.652543092440325,1.3755785040236521,-2.3979183248222853,0.01159894714591571,-0.001123333413863024,False,False
599,9.98234910950247,893.0,660.0,1041.0,850.0,-0.11976787075736416,0.6617715008413478,-6.862193515665276,37.91671400024744,1.4529228109388508,-3.5428005770291975,0.009468703214395089,-0.002666286363608239,False,False
600,9.999014133057566,902.0,660.0,1037.0,861.0,-0.09427557392381448,0.5914390161375552,-5.401592497008168,33.8869594640517,1.709968044798137,-4.556268069893122,0.009283207952820444,-0.0034385223546617378,False,False
601,10.01567915661266,913.0,661.0,1031.0,872.0,-0.06277455526732523,0.5099108714251631,-3.5967170776284667,29.215740860499814,1.8859062535863171,-5.40001555139736,0.008106829483778284,-0.004021218664693595,False,False
602,10.032344180167758,924.0,661.0,1020.0,881.0,-0.03141822964637596,0.41145624341370224,-1.8001319585101434,23.574706201912615,1.968900619645877,-6.398254497235371,0.005039751396009685,-0.005089822553753278,False,False
603,10.049009203722854,936.0,662.0,1006.0,891.0,0.0028489951407619143,0.29665674760929417,0.16323539741893758,16.99717960209023,2.142118687490255,-7.184035923886427,0.003557097758290155,-0.0055412249121865684,False,False
604,10.065674227277947,949.0,661.0,990.0,897.0,0.039978687123290044,0.17201198762928016,2.2906100426385296,9.85556091681428,2.145577707828123,-7.520664444877752,0.001698211796412618,-0.0058648839951731205,False,False
605,10.082339250833046,961.0,660.0,972.0,899.0,0.07436120122125121,0.04599264736156945,4.260582989500757,2.635184582451431,1.9785515097338449,-7.561035642359116,-0.0006769620319534361,-0.006423546852088388,False,False
606,10.09900427438814,972.0,659.0,953.0,896.0,0.10592390215266248,-0.07999768653239922,6.0689925429042555,-4.583529809117021,1.808164004835016,-7.080126064632509,-0.0007860781309574696,-0.006261101248105104,False,False
607,10.115669297943237,982.0,658.0,937.0,892.0,0.1346273926853528,-0.18998828791871572,7.713581407721125,-10.885527054658738,1.5516540995772967,-6.296084811564469,-0.0006622315598859563,-0.0059276178524577845,False,False
608,10.132334321498334,990.0,657.0,922.0,885.0,0.15764060639029986,-0.28984648991161976,9.032141426047218,-16.606980578617005,1.1270137636888684,-5.388473825444407,-0.0022004716281191026,-0.005869564998510657,False,False
609,10.14899934505343,995.0,656.0,909.0,878.0,0.17219081452293902,-0.36958637437281977,9.865806943084367,-21.17573941710458,0.7048194383281219,-3.9791693673766986,-0.002595078078493674,-0.004815183978235818,False,False
610,10.165664368608525,998.0,655.0,900.0,873.0,0.18113227147395433,-0.4224723923857155,10.378114689075458,-24.205885044496355,0.35261402347801596,-2.709745158461942,-0.0030228922053263507,-0.003676102681468913,False,False
611,10.182329392163622,999.0,655.0,893.0,869.0,0.18394345653717517,-0.4599023081609703,10.53918372862823,-26.350461245948594,-3.6415315207705135e-14,-1.627185690287206,-0.004272899936945646,-0.00277984064166835,False,False
612,10.198994415718715,998.0,655.0,888.0,868.0,0.18113227147395433,-0.47670656810002165,10.378114689075458,-27.313274418297002,-0.43706711477640336,-0.39276341566676365,-0.006352599124501121,-0.0018065350410818135,False,False
613,10.215659439273812,994.0,656.0,885.0,869.0,0.16937598901136058,-0.472993131308296,9.70452932120517,-27.100510162642525,-0.7894337864104948,0.7850820756235635,-0.00756711488149317,-0.0007340915408282512,False,False
614,10.23232446282891,989.0,657.0,885.0,872.0,0.1548204061825135,-0.45053974553412024,8.870555856759141,-25.814025922003168,-1.0425606723905467,1.681381552373864,-0.00817964398147664,5.768878073664956e-05,False,False
615,10.248989486384003,982.0,658.0,885.0,877.0,0.1346273926853528,-0.41695260495747566,7.713581407721125,-23.88962452104884,-1.3818140453151142,2.7533437009598174,-0.009158589458894018,0.0008396870265941774,False,False
616,10.2656545099391,973.0,659.0,889.0,883.0,0.10876447895463631,-0.35877067027057225,6.231745605040125,-20.556045219583467,-1.6372506856988776,3.72919872920329,-0.00904422495286687,0.001572205435687729,False,False
617,10.282319533494196,963.0,660.0,894.0,889.0,0.08005775019981454,-0.2926582356298651,4.586971203761996,-16.768081741336445,-1.8926465261635392,4.421963561386747,-0.009568291026224588,0.0017669244858764957,False,False
618,10.298984557049293,951.0,661.0,901.0,894.0,0.045682481074662766,-0.21138641644999373,2.6174133632644336,-12.111549508979438,-2.145540014713479,5.377227437756574,-0.009100491959063255,0.0023733871519118705,False,False
619,10.315649580604388,938.0,662.0,911.0,899.0,0.008546800432611483,-0.11343499180721633,0.48969559312922417,-6.499346279654567,-2.225163522657216,5.711996216159264,-0.008531948261432241,0.002506673557508195,False,False
620,10.332314604159484,925.0,662.0,920.0,900.0,-0.02848232396338017,-0.021005313472176913,-1.6319169538260112,-1.203515809305026,-2.2252215075356006,5.291830237487261,-0.009773310581827257,0.0017346006142142543,False,False
621,10.34897962771458,912.0,661.0,927.0,899.0,-0.06561993724416365,0.0629419593073733,-3.759745456003899,3.6063086225966603,-2.229399812160717,5.011021155514072,-0.010881552804269081,0.0013013587814738074,False,False
622,10.365644651269676,899.0,660.0,934.0,898.0,-0.10278832473015115,0.1460122577112754,-5.889337190257847,8.36588612403259,-2.058959972341543,4.427464573695829,-0.011030016779028413,0.0010117754636229607,False,False
623,10.382309674824771,888.0,659.0,938.0,893.0,-0.13424517012030426,0.21050956212735614,-7.69168166790918,12.061309457044501,-1.7166313197682541,3.243694540452452,-0.010919360891550876,0.00023690205115746085,False,False
624,10.398974698379869,879.0,658.0,939.0,889.0,-0.16000372748885835,0.2541247495556341,-9.167538291472937,14.560275619356876,-1.475455818748447,2.153846075731849,-0.011526458735211841,-0.0007552570001676871,False,False
625,10.415639721934964,871.0,656.0,938.0,887.0,-0.18342218206819788,0.2822973532996027,-10.509316901587908,16.174446911780738,-1.2054390545624525,1.0358616059415908,-0.011667374515913025,-0.001766645308485758,False,False
626,10.43230474549006,865.0,656.0,933.0,885.0,-0.20018106796588866,0.28865006568130397,-11.469530332866904,16.538430519712723,-0.854037702169304,-0.20615781252422494,-0.011016738220386738,-0.0028278362788156782,False,False
627,10.448969769045156,861.0,655.0,926.0,885.0,-0.21188729891538077,0.2754261036960354,-12.140247960278224,15.780753309515392,-0.6194921265846398,-1.2194452189219191,-0.01109543195964141,-0.00388046805602379,False,False
628,10.465634792600252,858.0,654.0,917.0,887.0,-0.22082876972934834,0.24800589908633625,-12.65255650055797,14.209691311994467,-0.26827057232792484,-2.0960303699100677,-0.00941213389081038,-0.004366566663666084,False,False
629,10.482299816155347,858.0,654.0,907.0,889.0,-0.22082876972934834,0.20556531272254144,-12.65255650055797,11.778024833288551,0.0,-2.9180732221699373,-0.008723011123367711,-0.004985158477469196,False,False
630,10.498964839710444,858.0,654.0,894.0,891.0,-0.22082876972934834,0.15074638112042166,-12.65255650055797,8.637131415070755,0.26827057232793905,-3.7874007666529224,-0.008313621004249662,-0.005649596368192231,False,False
631,10.51562986326554,861.0,655.0,880.0,894.0,-0.21188729891538077,0.07933106674482007,-12.140247960278224,4.545335308748828,0.5187951530802453,-4.397825724084555,-0.007502096541222226,-0.0058814983744509795,False,False
632,10.532294886820637,864.0,655.0,865.0,895.0,-0.20353730283664428,0.004166642554263516,-11.661828426015836,0.23873103309890856,0.6860702162959837,-4.760333310213696,-0.006923622835794034,-0.005928280214573388,False,False
633,10.548959910375732,869.0,656.0,850.0,895.0,-0.18902054628533635,-0.07933106674482007,-10.830079543407003,-4.545335308748828,0.955126527532749,-5.038719262311702,-0.004791694347214012,-0.005490912408844102,False,False
634,10.565624933930827,875.0,657.0,836.0,893.0,-0.17170289067778488,-0.16377410783361504,-9.83785096603324,-9.383565172386575,1.123735938392561,-5.244327505236583,-0.0035086360695608682,-0.00526984550135929,False,False
635,10.582289957485925,882.0,658.0,822.0,889.0,-0.1515663745192956,-0.2541247495556341,-8.68411357605482,-14.560275619356876,1.1238424126327002,-5.0983446900670515,-0.0029406192171620577,-0.005039375327097601,False,False
636,10.59895498104102,888.0,659.0,810.0,884.0,-0.13424517012030426,-0.3337021765375503,-7.69168166790918,-19.119726329931154,1.1236448283375364,-4.424109874965097,-0.0005293048034930876,-0.0039419324842065485,False,False
637,10.615620004596115,895.0,660.0,802.0,879.0,-0.11411523945568337,-0.4015805401088795,-6.538321598935427,-23.008870082822874,1.1140226702446507,-3.7863772351173566,0.0016693100415130693,-0.002960986953263936,False,False
638,10.632285028151212,901.0,660.0,795.0,874.0,-0.09711474203922794,-0.4599023081609703,-5.564264847349471,-26.350461245948594,0.943500993844931,-3.104545530226005,0.0019809415597899886,-0.00240757549867938,False,False
639,10.648950051706308,906.0,661.0,791.0,869.0,-0.08266830688231812,-0.5050551888870511,-4.7365450838491245,-28.937530744410626,0.8595993397391992,-2.135763163566594,0.004090971277945284,-0.0010744192814757668,False,False
640,10.665615075261403,911.0,661.0,790.0,867.0,-0.0684642555498316,-0.5310873950188547,-3.922712890510474,-30.429066287177555,0.7677014194267078,-1.0177396638518985,0.006375568367899139,0.0005169484757355119,False,False
641,10.6822800988165,915.0,661.0,793.0,865.0,-0.0570807824062646,-0.5389764998291462,-3.2704879231835653,-30.88107869694361,0.5979880329386971,1.1368683772161603e-13,0.00729536878855774,0.00173977039656388,False,False
642,10.698945122371596,918.0,661.0,797.0,867.0,-0.04853328624065318,-0.5310873950188547,-2.780752467489777,-30.429066287177555,0.4311943092593409,1.0785953603781309,0.008397464359940092,0.0030967164817177696,False,False
643,10.715610145926693,920.0,662.0,805.0,871.0,-0.042709055765004146,-0.5030268656549053,-2.447048642323615,-28.821316383720337,0.26007697124109264,1.9671023984694784,0.008959188484793053,0.004125568936551353,False,False
644,10.732275169481788,921.0,662.0,814.0,875.0,-0.03986490853691107,-0.46552377940730005,-2.2840910098400498,-26.672547823017435,0.17068502400450303,2.6466383993461022,0.009996582778539133,0.005031846343314742,False,False
645,10.748940193036884,922.0,662.0,826.0,880.0,-0.037020115873930025,-0.41481428312106017,-2.1210963966614536,-23.76710770458157,0.0853521944801392,3.438452445565872,0.011534564484874596,0.006134633594126115,False,False
646,10.76560521659198,922.0,662.0,840.0,886.0,-0.037020115873930025,-0.35091999741042856,-2.1210963966614536,-20.106234798359335,-0.0031705545578313288,4.216059795124124,0.013127433171392793,0.007192702966080287,False,False
647,10.782270240147076,922.0,661.0,857.0,892.0,-0.03712579060670796,-0.27429281153018426,-2.127151112850802,-15.715820451456882,-0.17434169161497026,4.581534030050989,0.012494438960272847,0.007270581242786712,False,False
648,10.798935263702171,920.0,661.0,873.0,895.0,-0.042830932668727326,-0.1982172523518861,-2.4540316745270756,-11.357011986442664,-0.25672602380866216,4.840388737888588,0.012568856668377149,0.007436443077992903,False,False
649,10.815600287257269,919.0,661.0,892.0,899.0,-0.045682481074662766,-0.11296242686470927,-2.6174133632644336,-6.47227030290307,-0.25659638108531113,5.194049719146051,0.01388449767990301,0.008032804323130286,False,False
650,10.832265310812364,917.0,661.0,911.0,900.0,-0.051383302138605355,-0.025099330520065605,-2.944046349987624,-1.4380857074036568,-0.25652534226144663,4.894367631090745,0.012934456242972753,0.00751945353311743,False,False
651,10.84893033436746,916.0,661.0,928.0,900.0,-0.05423248281719458,0.05016707685413893,-3.107292377941006,2.8743617742505996,-0.08548384792766295,4.4061422363130305,0.013344941829965404,0.007248196637096452,False,False
652,10.865595357922556,916.0,661.0,945.0,898.0,-0.05423248281719458,0.12175759779046096,-3.107292377941006,6.976196477044811,2.220446049250313e-16,3.9246748399260696,0.012686768057320415,0.006704809838533966,False,False
653,10.882260381477652,916.0,661.0,959.0,896.0,-0.05423248281719458,0.18097667416105903,-3.107292377941006,10.36919961974298,-2.220446049250313e-16,3.3018435470386294,0.010542380050232145,0.005640781466599539,False,False
654,10.898925405032749,916.0,661.0,971.0,894.0,-0.05423248281719458,0.23180819876373931,-3.107292377941006,13.28163144569197,0.25652534226150125,2.437490108902125,0.010807363075083055,0.0049721660013270575,False,False
655,10.915590428587842,919.0,661.0,981.0,892.0,-0.045682481074662766,0.26221833432139385,-2.6174133632644336,15.02400386756629,0.4310697261478271,1.58488024457165,0.010217878872637719,0.004056329746489518,False,False
656,10.93225545214294,921.0,662.0,988.0,891.0,-0.03986490853691107,0.2846323319793205,-2.2840910098400498,16.308231335381596,0.5136153327148115,0.6373177110206143,0.008249321569864358,0.0026871112195001705,False,False
657,10.948920475698037,925.0,661.0,992.0,891.0,-0.028563657838759995,0.28346016365386906,-1.6365770416167182,16.24107103745431,0.5960860030613463,-0.03516851691131251,0.007162271671771141,0.0018025353934671094,False,False
658,10.96558549925313,928.0,661.0,995.0,891.0,-0.01999733397315053,0.28346016365386906,-1.1457628381751033,16.24107103745431,0.6855506157558721,-0.5162943348401541,0.00674593351251844,0.0012659873995022352,False,False
659,10.982250522808226,933.0,661.0,996.0,892.0,-0.0057142235191971315,0.2662520491509254,-0.32740089084438817,15.255118703057777,0.7714227767918209,-1.2763975931172808,0.005374510851338166,0.000259139313994859,False,False
660,10.998915546363325,937.0,661.0,994.0,893.0,0.0057142235191971315,0.2409177717439294,0.32740089084438817,13.803571530623273,0.6857296535538495,-1.5499278320522762,0.003417068604842881,-0.00045840205079882923,False,False
661,11.015580569918418,941.0,661.0,992.0,895.0,0.01714117813860865,0.21459288149122355,0.982117163224188,12.295266422998148,0.6855506157558904,-1.7984102268054585,0.0025736654952486712,-0.0008652363109622006,False,False
662,11.032245593473514,945.0,661.0,988.0,896.0,0.028563657838759995,0.18097667416105903,1.6365770416167182,10.36919961974298,0.6851928204355155,-2.1454991523609124,0.001396640338443036,-0.001441712837431546,False,False
663,11.04891061702861,949.0,661.0,983.0,897.0,0.039978687123290044,0.1430832936681563,2.2906100426385296,8.198068846016293,0.6846568270486181,-2.4018834785650824,0.0005085392142133612,-0.0018673313608623269,False,False
