frame,time_s,Gx,Gy,Bx,By,theta1_rad,theta2_rad,theta1_deg,theta2_deg,omega1_rad_s,omega2_rad_s,p1,p2,theta1_interpolated,theta2_rel_interpolated
97,1.6165033131978768,1271.0,268.0,1210.0,511.0,1.705192535102866,-0.24594671703550294,97.7003355186077,-14.091708871232624,-5.077064557568377,-1.5947980070542362,-0.05999559466978263,0.003463828605976761,False,False
98,1.633168295808164,1274.0,301.0,1207.0,543.0,1.612671274891278,-0.27009415389191765,92.39925779325203,-15.47525508916384,-6.040665001752721,-0.8395263821233909,-0.0728492212625726,0.004653243097570486,False,False
99,1.6498332784184515,1274.0,340.0,1206.0,582.0,1.5038573806853044,-0.27392810215343,86.1646809028667,-15.694924143420016,-6.981886998009571,0.4926515117735235,-0.08551044841593282,0.005552736799653656,False,False
100,1.6664982610287389,1268.0,384.0,1205.0,627.0,1.3799652240736346,-0.2536740961386427,79.06618321424422,-14.534455080540122,-7.883445190398909,2.43706655417994,-0.09667941975141948,0.005788949344763642,False,False
101,1.6831632436390265,1255.0,432.0,1207.0,678.0,1.2411024266709996,-0.19270075866238556,71.10993099169302,-11.040940180323732,-8.895984340405029,4.956381519284994,-0.10630739251739349,0.004478557049922536,False,False
102,1.6998282262493136,1233.0,484.0,1211.0,732.0,1.083462375405158,-0.08847807248097564,62.07782137193436,-5.069420132612497,-10.000110806418864,8.094322833926556,-0.11167878551047743,0.0010768971810319328,False,False
103,1.716493208859601,1199.0,537.0,1218.0,783.0,0.9077990812911673,0.07708273987648959,52.01305600383741,4.416515668227626,-11.427504448251579,12.661988123266914,-0.11137939856637555,-0.003669891230006661,False,False
104,1.7331581914698884,1148.0,590.0,1227.0,818.0,0.7025840495869695,0.33354555129084107,40.2551007945435,19.11075236432952,-12.802200157328974,16.71291812035044,-0.10500618678928517,-0.010651401924654073,False,False
105,1.7498231740801755,1082.0,634.0,1221.0,823.0,0.4811021953005591,0.6341237195620788,27.565125305200706,36.33261282004452,-13.201452556130645,17.097018595432612,-0.10557746813384826,-0.013629500578930358,False,False
106,1.766488156690463,1009.0,662.0,1193.0,807.0,0.2625800950300676,0.9033885864521287,15.044731229366954,51.76035326399627,-12.84367723387976,13.626156199226457,-0.12082809478598708,-0.010524954224464974,False,False
107,1.7831531393007505,935.0,674.0,1145.0,784.0,0.05302287979105606,1.0882830317724197,3.0379872296570167,62.35402463626132,-12.171131473242685,7.9092086269236646,-0.13523446676597747,-0.006880424594565084,False,False
108,1.799818121911038,865.0,670.0,1085.0,764.0,-0.1430832936681563,1.1670022349097644,-8.198068846016293,66.86430274266417,-11.61669812477296,1.6767434807012478,-0.14030299595263948,-0.006966969535066453,False,False
109,1.8164831045213252,799.0,653.0,1019.0,753.0,-0.33416126468554264,1.1441688336680205,-19.146030143235592,65.55604521958347,-11.12621585039815,-4.077852333527382,-0.13697448994471612,-0.010339518714711237,False,False
110,1.8331480871316128,741.0,626.0,948.0,750.0,-0.5139196809985338,1.031087558458655,-29.445428729925595,59.076965408129475,-10.494758728295789,-8.918844246620246,-0.12878966074330248,-0.016125237729125132,False,False
111,1.8498130697419,691.0,592.0,872.0,752.0,-0.6839512080979647,0.8469040651204465,-39.18751761688727,48.52402858387421,-9.697732114920361,-13.465925753469875,-0.1200763704207089,-0.02427622828152334,False,False
112,1.866478052352188,652.0,554.0,785.0,756.0,-0.8371447551072836,0.582268721432652,-47.96486130916022,33.36154028056958,-8.450555091776554,-17.2138040389736,-0.1116187430786531,-0.03359177836468151,False,False
113,1.883143034962475,624.0,518.0,689.0,750.0,-0.9656079154014316,0.2731685751876667,-55.32525821692747,15.651406453855401,-6.854677298877167,-19.964315861642127,-0.10499181078861103,-0.04144235085028345,False,False
114,1.8998080175727623,605.0,488.0,585.0,728.0,-1.0656109110771188,-0.08314123188844123,-61.055007807809375,-4.763641690726178,-4.965377701138998,-22.4949068825808,-0.10156534723890667,-0.047477219057646944,False,False
115,1.9164730001830497,595.0,467.0,484.0,682.0,-1.1311037814874119,-0.47658588884881886,-64.80747287051639,-27.306360006528283,-2.9869049205122735,-24.060198643865874,-0.09911091354650856,-0.0488839791868589,False,False
116,1.933137982793337,590.0,456.0,403.0,609.0,-1.1651643481949563,-0.8850668158886104,-66.75899959068249,-50.71059313749964,-1.2106250743960842,-25.23659356422727,-0.09439912282730585,-0.04693343974432971,False,False
117,1.9498029654036244,589.0,454.0,357.0,514.0,-1.171453873112189,-1.3177206746302943,-67.1193628235823,-75.49983323344743,-0.07778970531446561,-25.83632253291784,-0.0848711180812029,-0.044390762629165394,False,False
118,1.966467948013912,590.0,455.0,353.0,413.0,-1.1677570763676062,-1.7461905473383192,-66.9075519724,-100.04934858812489,-0.07796693488705841,-24.644636227094516,-0.06870314488201151,-0.04231658263803017,False,False
119,1.9831329306241992,589.0,453.0,387.0,324.0,-1.1740525083403293,-2.139125542953072,-67.26825365464875,-122.56286545984172,-0.566153787134553,-23.009696384124233,-0.04992035358420636,-0.04036749577383794,False,False
120,1.9997979132344863,587.0,449.0,446.0,255.0,-1.1866269624022971,-2.513102927557154,-67.98871680208065,-143.9901912309964,-0.9905845857134281,-22.12152179670649,-0.029654242745029334,-0.03857855540390035,False,False
121,2.016462895844774,585.0,442.0,522.0,210.0,-1.2070686581301957,-2.8764350950634903,-69.15993969337984,-164.80759099044974,-1.365181653346447,-21.834632211203356,-0.00960004558370368,-0.036860600316845495,False,False
122,2.033127878455061,581.0,434.0,605.0,193.0,-1.2321284194281008,3.0423348474189824,-70.59575825135508,174.31294662268496,-1.633790637400331,-21.866364477248638,0.010512826847862103,-0.03508116480941284,False,False
123,2.049792861065349,578.0,424.0,687.0,206.0,-1.2615228432524495,2.677945044588987,-72.27993467770905,153.434948822922,-1.764768198702832,-22.218082834961805,0.029404644594377145,-0.033911080095907944,False,False
124,2.066457843675636,575.0,414.0,759.0,249.0,-1.2909480821132426,2.3018069192618573,-73.96587667559685,131.88382172771466,-1.5801827907905235,-21.179737636013726,0.04330299436161052,-0.0315138412406705,False,False
125,2.083122826285924,573.0,406.0,804.0,308.0,-1.3141902807116486,1.9720251257997454,-75.29755656189037,112.98871680208065,-1.0461931575393137,-23.46077717676168,0.06346074415226541,-0.03668068067990953,False,False
126,2.099787808896211,572.0,402.0,827.0,415.0,-1.3258176636680326,1.519860031912737,-75.96375653207353,87.08156527921845,-2.1316282072803006e-14,-23.62936800606107,0.07420979349632266,-0.0403677821850745,False,False
127,2.1164527915064983,573.0,406.0,809.0,502.0,-1.3141902807116486,1.1844591119735821,-75.29755656189037,67.86450812189965,1.580887018058391,-20.370959248719657,0.0728158249956212,-0.0389553359955778,False,False
128,2.1331177741167857,577.0,420.0,767.0,590.0,-1.273126754338488,0.8408966686431651,-72.94478980878414,48.179830119864235,3.371996988436649,-20.151296969510554,0.0753372822204767,-0.040148660450569834,False,False
129,2.149782756727073,585.0,444.0,710.0,666.0,-1.2018017383631723,0.5128170848303211,-68.85816741969536,29.38225462297971,5.206849011284973,-20.118932861979886,0.07299044924794873,-0.03682090444907208,False,False
130,2.1664477393373605,600.0,477.0,643.0,727.0,-1.0995826578835761,0.17033333607829737,-63.00144552250641,9.759381267669877,7.273423094657581,-21.94679849988904,0.06737968945815329,-0.030416019212775584,False,False
131,2.183112721947648,625.0,520.0,571.0,763.0,-0.95937879958371,-0.21866894587394195,-54.96835617047384,-12.528807709151511,9.605429719510763,-25.84276012849253,0.054567170567035,-0.02087486756434705,False,False
132,2.199777704557935,666.0,569.0,513.0,754.0,-0.7794340194036072,-0.6910049602080149,-44.65827972074461,-39.59166784252465,11.282721083468754,-28.469805974510592,0.04453847737326792,-0.011737468251144738,False,False
133,2.2164426871682226,720.0,613.0,502.0,706.0,-0.583326098278251,-1.1675665888408906,-33.42212351117726,-66.8966378410693,11.171024178500419,-26.39640817998162,0.06399341802699922,-0.014500987420440595,False,False
134,2.23310766977851,775.0,643.0,535.0,643.0,-0.40710417205598876,-1.5707963267948966,-23.32535088097586,-90.0,10.029154502757208,-21.20756983182733,0.0947839750478026,-0.02319233785762065,False,False
135,2.2497726523887973,828.0,662.0,595.0,589.0,-0.24905472750958255,-1.8744141537486052,-14.26978475407984,-107.39602006938087,9.190623840862163,-16.193402371832832,0.11502384415314307,-0.02931002283753932,False,False
136,2.2664376349990847,880.0,672.0,668.0,545.0,-0.10078099908466776,-2.1105218646508574,-5.774325902663275,-120.9239954145749,8.896052390807295,-12.151481181982945,0.12548604894237547,-0.03317230590501824,False,False
137,2.283102617609372,933.0,674.0,744.0,512.0,0.04745038927643542,-2.279422598922567,2.7187070417925696,-130.6012946450045,8.913410536996903,-8.645073386748692,0.12821595147756693,-0.03484707352357173,False,False
138,2.2997676002196594,986.0,668.0,817.0,484.0,0.1963026641101435,-2.3986618599605083,11.24731416068544,-137.43320105473722,8.918830951190998,-6.076853386731898,0.12585311280677258,-0.03539749366075738,False,False
139,2.316432582829947,1037.0,653.0,885.0,457.0,0.34471471468781695,-2.4819639109528726,19.75069828766824,-142.20605700138327,8.805617218090728,-4.040582449842304,0.12004123899144264,-0.03439235918564732,False,False
140,2.3330975654402346,1085.0,633.0,948.4069459123294,436.8384910972525,0.48979357973480536,-2.5333343324846154,28.063104951408715,-145.1493653469601,8.59699557495972,-3.08253676184637,0.11493201791576961,-0.033294635988014756,False,True
141,2.349762548050522,1128.0,606.0,1001.6596033301539,403.0835044425763,0.6312522782026634,-2.5847047540163586,36.1680913490307,-148.09267369253695,8.042387702505437,-3.0825367618465975,0.1082088437174051,-0.031598556175846844,False,True
142,2.3664275306608094,1163.0,577.0,1044.0,362.0,0.7578460821496896,-2.6360751755481044,43.42138202770189,-151.03598203811396,7.28087480178343,-3.615553098562316,0.10032060147792254,-0.02932487719460681,False,False
143,2.3830925132710967,1192.0,547.0,1088.0,324.0,0.8739235821214641,-2.7052110130445817,50.0721328725145,-154.9971737397644,6.587059350343996,-4.966695124932812,0.09513204535825866,-0.02807476284629364,False,False
144,2.399757495881384,1214.0,517.0,1133.0,288.0,0.9773925412025167,-2.8016149513233133,56.00046753847063,-160.5207125315754,5.7262733302522335,-6.4918403053956695,0.0869888614737829,-0.02619963144855517,False,False
145,2.4164224784916715,1230.0,490.0,1177.0,253.0,1.0647800730622758,-2.921583824640946,61.00740429609984,-167.3944226456154,4.9002646554127125,-7.839859965862956,0.07687167981863302,-0.024074893688597533,False,False
146,2.433087461101959,1243.0,466.0,1224.0,225.0,1.140718191739034,-3.0629172113197027,65.35833800044166,-175.49222920659867,4.153692301193093,-9.23042839558633,0.06543621463425779,-0.02241180917109173,False,False
147,2.449752443712246,1251.0,445.0,1272.0,206.0,1.2032224929980107,3.053951625142745,68.93957066399526,174.97853895779818,3.567077471442481,-10.074627319381023,0.052656943788299534,-0.0204470666834025,False,False
148,2.4664174263225336,1258.0,426.0,1319.0,194.0,1.2596087598013077,2.8844811176946634,72.1702657743228,165.2685941290827,2.9886233774729405,-10.774767667637718,0.03837287210888508,-0.018937687557648988,False,False
149,2.483082408932821,1262.0,411.0,1365.0,196.0,1.3028332062265804,2.6948289935206047,74.64684412628026,154.40232783821813,2.4318242563998993,-11.46679615241112,0.022972111630414398,-0.01816955543323875,False,False
150,2.4997473915431083,1266.0,398.0,1408.0,207.0,1.3406613776896663,2.502293200743381,76.8142386978123,143.3708395068778,1.9044568640873294,-11.859905088714868,0.007742341364249816,-0.017773487354531797,False,False
151,2.516412374153396,1268.0,389.0,1445.0,231.0,1.3663086872706962,2.2995387693944176,78.28372129267076,131.7538663130072,1.2770610570241487,-12.450314664988525,-0.008752244079360877,-0.01877396800407867,False,False
152,2.533077356763683,1269.0,383.0,1475.0,266.0,1.383225778304832,2.087324645974102,79.25299921056535,119.59489268795477,0.6718108511360512,-12.973955300675698,-0.024271330098710363,-0.020483152421655423,False,False
153,2.5497423393739704,1269.0,381.0,1495.0,312.0,1.3887001195738649,1.8671172904496116,79.56665586089522,106.97794059866463,0.0,-13.194026006302636,-0.03845595269789946,-0.02254032218847392,False,False
154,2.566407321984258,1269.0,383.0,1503.0,365.0,1.383225778304832,1.6475682180646747,79.25299921056535,94.39870535499554,-0.7706929506879732,-13.363973586592238,-0.051755899248612056,-0.02527316215231515,False,False
155,2.583072304594545,1267.0,390.0,1500.0,425.0,1.3630129503316926,1.421696515599813,78.09488947568049,81.45721009232429,-1.7224174779924866,-13.319717621965822,-0.06467032997002743,-0.028400494502474567,False,False
156,2.5997372872048325,1264.0,403.0,1485.0,488.0,1.3258176636680326,1.2036224929766774,75.96375653207353,68.96248897457819,-2.654277891823071,-12.957623686886336,-0.07460809118393479,-0.030786214456664462,False,False
157,2.61640226981512,1260.0,421.0,1458.0,551.0,1.274545960511489,0.9898193687745949,73.026104332756,56.71247231108751,-3.6482704351053457,-12.190835703905634,-0.082922802119765,-0.03232252777486612,False,False
158,2.6330672524254077,1252.0,445.0,1422.0,611.0,1.204220936950718,0.7973023629557582,68.99677728856575,45.682060393172655,-4.761210939957529,-11.044374190448877,-0.09138690382521741,-0.03322383643138487,False,False
159,2.6497322350356947,1239.0,474.0,1378.0,668.0,1.1158549654748857,0.6217107611239197,63.93378007042714,35.62140269026669,-6.018032476435195,-9.28715912550797,-0.10026383331424635,-0.03326116233473396,False,False
160,2.666397217645982,1219.0,509.0,1332.0,722.0,1.0036401238148456,0.48776167230464157,57.50434324457804,27.946685231299057,-7.1946344164999125,-7.422064303974366,-0.10897087846841258,-0.033227482387270524,False,False
161,2.6830622002562694,1192.0,546.0,1280.0,770.0,0.8760580505981934,0.3743336160075839,50.19442890773481,21.44773632710535,-8.199959225350632,-5.6509639120440625,-0.1163053715718199,-0.033258609425720835,False,False
162,2.6997271828665568,1156.0,584.0,1227.0,814.0,0.730335768023778,0.29941524165349015,41.84515713520802,17.155229668634632,-9.267991897796996,-3.2756127034265887,-0.12283975202627626,-0.033243574364782834,False,False
163,2.716392165476844,1109.0,619.0,1172.0,851.0,0.5671562029800511,0.2651575585263029,32.49565675542197,15.192409009550273,-9.983783001447442,-1.5116702185755457,-0.12653934999868588,-0.03387857868584265,False,False
164,2.7330571480871315,1055.0,647.0,1114.0,879.0,0.3975766278157694,0.2490313258433882,22.779462806887118,14.268443937373329,-10.43752353775648,-0.574875061697071,-0.12920298962608767,-0.03487401992995859,False,False
165,2.749722130697419,994.0,666.0,1052.0,897.0,0.2192739064776973,0.24599699271376327,12.563469398518377,14.0945894554091,-10.75579877767224,-0.5528175460700027,-0.13303361913100953,-0.03624610913248648,False,False
166,2.7663871133077067,930.0,674.0,984.0,904.0,0.03908622863644851,0.2306059362595526,2.2394759379518785,13.212746878335242,-10.62242905482751,-1.905222284076217,-0.13573312622715758,-0.037493562723627964,False,False
167,2.783052095917994,868.0,670.0,911.0,903.0,-0.1347712844777311,0.18249600024803592,-7.721825800130975,10.456250592230882,-10.054328769853946,-4.382308225644067,-0.13633162239454208,-0.03885025655590172,False,False
168,2.799717078528281,812.0,657.0,832.0,893.0,-0.2960241995790034,0.08454375551299814,-16.960937269615254,4.84400037508068,-9.377331057529206,-6.993277894977666,-0.13572022814154155,-0.040532740312005704,False,False
169,2.816382061138569,762.0,637.0,750.0,874.0,-0.44731740248699436,-0.05058970876938464,-25.629399265259533,-2.89857679928171,-8.619927947656256,-9.39786702783175,-0.13362116024868492,-0.0421585243928354,False,False
170,2.833047043748856,720.0,613.0,666.0,845.0,-0.583326098278251,-0.22868682567222423,-33.42212351117726,-13.102789941262454,-7.748306171012571,-11.552003061614073,-0.1300964724320165,-0.043591916383222545,False,False
171,2.849712026359144,686.0,586.0,585.0,803.0,-0.705568177685211,-0.43561756904095966,-40.426078740099136,-24.95904818779574,-6.838028238852061,-12.872836027942526,-0.12415742433306426,-0.04362968144940256,False,False
172,2.866377008969431,658.0,561.0,512.0,750.0,-0.8112373416564991,-0.6577380027737101,-46.480475860329804,-37.685611584297625,-5.873798546162252,-14.04953621810472,-0.11724569106793918,-0.04306042320011165,False,False
173,2.8830419915797183,638.0,536.0,450.0,684.0,-0.9013416789414581,-0.903888122555586,-51.64307410258122,-51.78897457443879,-5.0063532709698215,-14.821222316080366,-0.10973886153446386,-0.04175738724705703,False,False
174,2.8997069741900057,622.0,514.0,402.0,612.0,-0.9780989220598338,-1.151728827095076,-56.04094018032373,-65.98920093610039,-4.394194807973374,-14.455976427117037,-0.10035792238458374,-0.03890664889800224,False,False
175,2.916371956800293,609.0,493.0,374.0,537.0,-1.0478000390636408,-1.3857053141008449,-60.03452001198941,-79.3950661468285,-3.909767695931194,-13.95321429181405,-0.09092028523190536,-0.03594825163649271,False,False
176,2.9330369394105804,599.0,474.0,360.0,463.0,-1.1084113433857472,-1.616788974156466,-63.50729194042915,-92.63518458245143,-3.4100483140812763,-13.331542833486651,-0.07983778403554628,-0.03255547947719154,False,False
177,2.949701922020868,591.0,457.0,361.0,396.0,-1.1614568307724493,-1.8300451730775587,-66.54657448990163,-104.85386473563238,-2.960018532619017,-12.587205815227037,-0.06854125002672187,-0.029129784103361794,False,False
178,2.966366904631155,585.0,442.0,372.0,335.0,-1.2070686581301957,-2.0363201062021967,-69.15993969337984,-116.67254782301744,-2.520588869645877,-11.779798311357126,-0.0568739305503316,-0.025713999283909297,False,False
179,2.9830318872414425,581.0,429.0,391.0,284.0,-1.2454679701331142,-2.2226654411004736,-71.3600582073531,-127.3493490446406,-1.9570598603041915,-10.931766893477686,-0.04395199328526873,-0.022269670882038232,False,False
180,2.99969686985173,578.0,420.0,417.0,244.0,-1.2722973952087173,-2.4006755165612406,-72.89727103094764,-137.54857507934784,-1.422659691116472,-10.345906250218263,-0.03189904971899181,-0.01967444309328896,False,False
181,3.0163618524620173,576.0,413.0,446.0,212.0,-1.2928851681587399,-2.5674941365955766,-74.07686353055752,-147.1065779515118,-0.8856712229681278,-9.719918095536798,-0.020119754384450475,-0.01745399618948483,False,False
182,3.0330268350723046,575.0,410.0,478.0,191.0,-1.3018167862671088,-2.7246400486323177,-74.58860755238969,-156.11037547895117,-0.26797562041425493,-9.269165341858866,-0.007756151798550735,-0.015964912768138075,False,False
183,3.049691817682592,575.0,410.0,512.0,178.0,-1.3018167862671088,-2.8764350950634903,-74.58860755238969,-164.80759099044974,0.4546766820123622,-8.549204798349876,0.005654271336154766,-0.014610939057480449,False,False
184,3.0663568002928794,577.0,415.0,545.0,174.0,-1.2866624282690307,-3.009584747224889,-73.72032679786948,-172.43650410293284,1.2606895866730454,-7.709609628328337,0.019216133888167557,-0.013798145037383646,False,False
185,3.0830217829031668,580.0,424.0,578.0,180.0,-1.2597980461893556,-3.1333961158398806,-72.18111108547723,-179.53037298031035,1.9610714559577218,-7.145663258313903,0.03092082405950885,-0.014127466816840762,False,False
186,3.099686765513454,584.0,437.0,610.0,193.0,-1.2212999848468977,3.035435852077157,-69.97533465111863,173.91766330671794,2.7947993089477947,-6.358879081666032,0.04328348594705803,-0.014901276104206891,False,False
187,3.116351748123741,591.0,455.0,641.0,213.0,-1.1666474824236412,2.9378479727059363,-66.84397692243753,168.32628968711523,3.69039069663161,-5.397384576136062,0.05514347716552776,-0.016141010215135386,False,False
188,3.133016730734029,601.0,477.0,671.0,239.0,-1.0982993912778327,2.8555412118724752,-62.927919762007235,163.61045966596524,4.553208616656679,-4.49572167112251,0.06570192629465771,-0.017963633274639117,False,False
189,3.149681713344316,615.0,503.0,701.0,270.0,-1.0148891975884538,2.7880057257660367,-58.14886769523709,159.7409613447019,5.486193372920592,-3.0126547501799905,0.07473699356596786,-0.019362245004831698,False,False
190,3.166346695954604,635.0,532.0,729.0,301.0,-0.9154447569650382,2.755129533827375,-52.451120951476064,157.85729430015456,6.526841855682598,-1.20857260564253,0.0830522710566657,-0.020565196249799116,False,False
191,3.1830116785648914,662.0,564.0,758.0,333.0,-0.7973497855383564,2.7477240428534317,-45.684777507009144,157.43299092212538,7.551389691800885,0.4237285128540407,0.09084637403185464,-0.022078530723795526,False,False
192,3.199676661175179,697.0,596.0,788.0,363.0,-0.6637572011703081,2.7692523904237665,-38.0304862484746,158.66647437779628,8.315602424380616,2.125637051350111,0.09476435601663703,-0.02251993635170126,False,False
193,3.216341643785466,739.0,625.0,818.0,389.0,-0.5201910459456235,2.818571451846495,-29.80475147318012,161.4922484468651,8.983017656864762,4.896463649999305,0.09382655692744804,-0.020557330199947564,False,False
194,3.233006626395753,789.0,649.0,841.0,404.0,-0.3643535350912012,2.9324513535820453,-20.87591981139757,168.01708618767668,9.520173960610922,4.9421136099288105,0.10011348394756675,-0.022438668480566325,False,False
195,3.249671609006041,844.0,666.0,881.6813339868396,429.9552646870254,-0.20288397894463991,2.9832919265815487,-11.624395724348926,170.93003644857498,9.759005276547947,3.0507426373261524,0.10905198445323713,-0.026797900797876,False,True
196,3.2663365916163283,902.0,674.0,927.6371653429316,436.3453435062145,-0.03908622863644851,3.03413249958105,-2.2394759379518785,173.84298670947317,9.693625010524995,3.0507426373260387,0.10826780578266972,-0.026540711491417616,False,True
197,3.283001574226616,959.0,672.0,973.0,425.0,0.12020420551745581,3.084973072580553,6.887193655873381,176.75593697037147,9.47657480784952,4.692493188569756,0.10044632532904378,-0.02261256519380707,False,False
198,3.299666556836903,1014.0,661.0,1002.0,416.0,0.27676768011935093,-3.0926521728257255,15.85761997646563,-177.19591700487774,9.110822738719063,4.396655354264681,0.09708830856973374,-0.021629274952198935,False,False
199,3.3163315394471904,1064.0,644.0,1042.0,400.0,0.42386761052977934,-3.0516718645545406,24.28582515565129,-174.8479182977938,8.482315704600158,1.4853204352582452,0.09887572947876222,-0.023773801435449764,False,False
200,3.3329965220574778,1107.0,621.0,1083.0,378.0,0.5594829675436092,-3.0431464943771602,32.056012749703626,-174.3594505678432,7.839074407458622,-0.10083319996221007,0.09593208854989665,-0.023222889760921232,False,False
201,3.349661504667765,1144.0,595.0,1123.0,353.0,0.6851436878918729,-3.0550326316023604,39.25584167623284,-175.04047606556048,7.072856543978691,-1.9622085339990463,0.09161019703675596,-0.022536819455858483,False,False
202,3.3663264872780525,1173.0,568.0,1165.0,326.0,0.7952210301645335,-3.1085468365708633,45.5628088084733,-178.10661415425372,6.314973803134009,-3.9712403206259523,0.08647313390971223,-0.021781879423639416,False,False
203,3.38299146988834,1197.0,541.0,1208.0,301.0,0.8956215451191699,3.0957913738082192,51.31533457631407,177.37577997221794,5.512264899535033,-5.637984948541941,0.07814518095778573,-0.02028514311595038,False,False
204,3.3996564524986272,1215.0,517.0,1252.0,280.0,0.978944627552631,2.986724628359697,56.08939553577204,171.12671577278994,4.6710120807040525,-7.0955991688835525,0.06684510211584005,-0.018612359846514943,False,False
205,3.4163214351089146,1229.0,495.0,1296.0,264.0,1.0513062153139205,2.8592953002901904,60.235409113359445,163.82555308821927,4.032863208970607,-8.423337436834686,0.055698863855398933,-0.017501512367173754,False,False
206,3.432986417719202,1239.0,475.0,1340.0,258.0,1.1133598180469568,2.7059750845488337,63.790818653543894,155.04095181220427,3.5039971372548493,-9.626640892042417,0.04343784133813689,-0.016696894928071,False,False
207,3.4496514003294894,1247.0,457.0,1382.0,261.0,1.1680943180316181,2.538439694167456,66.92687449642385,145.44188102427466,2.989555033702743,-10.494478228275113,0.029611505583435564,-0.015974100850566546,False,False
208,3.4663163829397767,1253.0,442.0,1421.0,274.0,1.2130015833452634,2.356194490192345,69.49987126836996,135.0,2.428789044060103,-11.495524217852733,0.01397918007758164,-0.016331735819717325,False,False
209,3.482981365550064,1258.0,430.0,1456.0,299.0,1.2490457723982544,2.155294271794148,71.56505117707799,123.48926538252684,1.9504631657333036,-12.621175760284189,-0.001760103120713126,-0.017612363877181465,False,False
210,3.4996463481603515,1261.0,420.0,1481.0,336.0,1.2780104528231666,1.93553114105931,73.22460512037065,110.89776549883887,1.3950961153445363,-13.189269580987343,-0.017255622796682205,-0.01890669228298156,False,False
211,3.516311330770639,1263.0,414.0,1496.0,380.0,1.2955442774020467,1.7156963753750583,74.22921926746322,98.30216123488387,0.686462183292214,-13.36366213646852,-0.03168581645206356,-0.020772300558415575,False,False
212,3.532976313380926,1263.0,412.0,1498.0,431.0,1.3008902135175358,1.4901207468313007,74.53551884442732,85.37762975831576,-0.10288906575045331,-13.480238195613083,-0.04472456564667783,-0.02336106285090682,False,False
213,3.5496412959912136,1262.0,415.0,1488.0,486.0,1.2921149884190066,1.2664005051502099,74.03273548200433,72.5594041183425,-1.0291754232225827,-13.139679125327461,-0.05568277672711269,-0.025825431391940528,False,False
214,3.566306278601501,1260.0,424.0,1465.0,541.0,1.266587832455657,1.0521756985746242,72.57013718233218,60.28522683455503,-2.0815783279259605,-12.279321096489412,-0.06478822797986875,-0.02765557258565686,False,False
215,3.5829712612117883,1255.0,439.0,1434.0,594.0,1.2227360551453321,0.8571311600719476,70.05761541830302,49.10999796127478,-3.184514797354545,-11.127448553646559,-0.07297050398016239,-0.028774451639007433,False,False
216,3.599636243822076,1247.0,460.0,1397.0,645.0,1.1604480650154223,0.681298225287849,66.48877646950666,39.03551289874689,-4.286708556946692,-9.737874940384586,-0.08066892761553728,-0.029125425327834915,False,False
217,3.616301226432364,1234.0,486.0,1356.0,693.0,1.079860208031555,0.532568126986614,61.87143238432718,30.513905979520267,-5.5146586297143365,-7.816832519529385,-0.08919420894302714,-0.02881559152499947,False,False
218,3.632966209042651,1215.0,518.0,1313.0,737.0,0.9766446846837022,0.42076346927687347,55.95761851626121,24.10797096284733,-6.712103520060236,-5.812680778910703,-0.09809789790374024,-0.028649852231206148,False,False
219,3.649631191652938,1188.0,552.0,1268.0,779.0,0.8561460311510559,0.3388316787872185,49.05355423183141,19.413625159840002,-7.680443587782097,-4.154403254276417,-0.10555559011027432,-0.02901468042327191,False,False
220,3.6662961742632256,1154.0,587.0,1221.0,818.0,0.7206557670243379,0.2822973532996027,41.29053393225769,16.174446911780738,-8.530110948288286,-2.298632595587833,-0.11089961589621078,-0.029285618267778646,False,False
221,3.682961156873513,1111.0,619.0,1173.0,850.0,0.5718377299169601,0.26221833432139385,32.76388849058367,15.02400386756629,-9.353383239685277,-0.44830403148739606,-0.11551186054066741,-0.030015384869599784,False,False
222,3.6996261394838,1059.0,646.0,1122.0,876.0,0.4089078289509254,0.26735539552188037,23.428692808745403,15.318335793454574,-9.989088341331438,0.7436806605022639,-0.11944816406278831,-0.03119846005699524,False,False
223,3.716291122094088,1001.0,665.0,1068.0,892.0,0.2389017629151297,0.28700518487114873,13.68806273327194,16.444185791488767,-10.170846279268336,0.7109876983817003,-0.1217512038474717,-0.032140475659356,False,False
224,3.732956104704375,941.0,673.0,1009.0,900.0,0.06991387619909521,0.2910525907812059,4.005770035608293,16.676085068111348,-10.024570334450381,-0.48861603986551927,-0.12386352633722622,-0.032946711429255204,False,False
225,3.7496210873146634,882.0,672.0,945.0,899.0,-0.09521681768331093,0.2707196292562142,-5.455521791920341,15.511092187727439,-9.753873568977792,-2.4611381209695082,-0.1265414489164948,-0.03410885627101977,False,False
226,3.76628606992495,826.0,661.0,875.0,892.0,-0.2551823906208184,0.20902294280626463,-14.620873988631656,11.976132444203355,-9.169539681209935,-5.195265281744128,-0.12711952184750477,-0.03579571304657819,False,False
227,3.782951052535237,777.0,644.0,800.0,879.0,-0.4008372563467054,0.09756161810402565,-22.966283060269692,5.589868959827794,-8.369828331048112,-7.915410293213313,-0.12493769470700357,-0.03765993831626348,False,False
228,3.7996160351455246,735.0,622.0,722.0,859.0,-0.5341484777968324,-0.054797406973115484,-30.604453411095857,-3.1396601478202646,-7.584725603516645,-10.062943160661575,-0.12184829932792729,-0.03928735905709323,False,False
229,3.816281017755812,700.0,598.0,644.0,829.0,-0.6536358969195218,-0.23783592745745075,-37.45057823173673,-13.62699485989154,-6.701731152679237,-11.873469892393132,-0.11742240691953007,-0.040413124091266586,False,False
230,3.8329460003660993,672.0,574.0,568.0,789.0,-0.7575169440332737,-0.45053974553412024,-43.402523802754374,-25.814025922003168,-5.6880341083892105,-13.499881745802782,-0.11164501518314116,-0.04086519645040383,False,False
231,3.8496109829763863,651.0,552.0,499.0,737.0,-0.8432178759255752,-0.6877865165269237,-48.31282550052136,-39.40726460299757,-4.738313163143527,-14.304109509636987,-0.10420497899598044,-0.03980642353021545,False,False
232,3.866275965586674,635.0,532.0,443.0,676.0,-0.9154447569650382,-0.9272952180016122,-52.451120951476064,-53.13010235415598,-3.99944671334309,-14.427010297541528,-0.09615726837099753,-0.037777101050853176,False,False
233,3.8829409481969615,623.0,514.0,402.0,608.0,-0.9765192957828446,-1.1686382679808633,-55.950434261444286,-66.95804053278196,-3.4337530051827763,-14.146103005020677,-0.08748240072157984,-0.035233377405748716,False,False
234,3.899605930807249,613.0,498.0,377.0,539.0,-1.0298916252038242,-1.3987843391656165,-59.00844348004833,-80.14443908318573,-2.854978950063039,-13.325851470172779,-0.07563948405443674,-0.031508629720298456,False,False
235,3.916270913417536,606.0,485.0,368.0,475.0,-1.0716756448939186,-1.6127884340162661,-61.40249145938227,-92.4059705166453,-2.394000140080788,-12.632575842376127,-0.06475727745116164,-0.02831839295669789,False,False
236,3.932935896027824,600.0,473.0,368.0,414.0,-1.1096835666107687,-1.8198276526382848,-63.58018496182141,-104.26844393737333,-2.013445999243288,-12.030668296402723,-0.05451537810801482,-0.025565560116475212,False,False
237,3.949600878638111,595.0,464.0,380.0,362.0,-1.138783730022203,-2.0137701899156415,-65.24750150843761,-115.38053279142451,-1.485590091834041,-11.210316615723286,-0.041717290243100454,-0.022277988210458576,False,False
238,3.9662658612483983,593.0,457.0,398.0,317.0,-1.1591982327036268,-2.193467115551964,-66.41716635294169,-125.676408221862,-0.9924268722982177,-10.362271365790434,-0.029498085156035216,-0.019368181575729438,False,False
239,3.9829308438586857,591.0,453.0,422.0,283.0,-1.1718612831598665,-2.3591443341435894,-67.14270569984544,-135.16901360862852,-0.41288730073582514,-9.938881948202493,-0.01724748454243183,-0.01748656962575758,False,False
240,3.999595826468973,590.0,453.0,451.0,257.0,-1.1729597520771688,-2.524729705216951,-67.20564333273317,-144.65635652023974,0.18989465094042401,-9.397996761691275,-0.004387739625292777,-0.015919818303429825,False,False
241,4.01626080907926,592.0,455.0,483.0,240.0,-1.165532101048449,-2.672379239353833,-66.78007027709151,-153.11605167335586,0.870856147194111,-8.581164506719688,0.008823820845742155,-0.014477109563627074,False,False
242,4.032925791689548,595.0,462.0,516.0,232.0,-1.1439341469790647,-2.810739619777947,-65.5425986627984,-161.0435175234821,1.5617884235301815,-8.010651643144115,0.021574875554030426,-0.01417674227245718,False,False
243,4.049590774299835,599.0,472.0,550.0,233.0,-1.1134777472102924,-2.939373980013967,-63.79757549688453,-168.4137234653715,2.2424828192484654,-7.118213680959798,0.033255480018199335,-0.01401848523153813,False,False
244,4.066255756910123,606.0,486.0,583.0,241.0,-1.069192272605776,-3.047989434196955,-61.26020470831195,-174.6369305799533,3.002743488386976,-6.067173254984141,0.04453689249977998,-0.01427674182827756,False,False
245,4.08292073952041,616.0,503.0,616.0,256.0,-1.0133964111760478,3.141592653589793,-58.06333733409175,180.0,3.816152563753512,-4.990977850348827,0.055224819263837495,-0.015154325415480202,False,False
246,4.099585722130698,630.0,524.0,648.0,277.0,-0.9420000403794636,3.0688467548138494,-53.97262661489639,175.83196702325253,4.739658440247993,-3.6263307358650536,0.06550741496413501,-0.016238544735283363,False,False
247,4.116250704740985,649.0,548.0,679.0,301.0,-0.8554237602051795,3.0207271762851082,-49.01217115496777,173.0749182616073,5.7162075447829,-1.6674883559597902,0.07379993692033818,-0.016776863268195007,False,False
248,4.1329156873512725,674.0,575.0,706.0,327.0,-0.7514790417182616,3.0132694259039985,-43.05657748299191,172.64762064010765,6.612578901786982,0.37268629539209996,0.07967888005472377,-0.016993487605684164,False,False
249,4.149580669961559,706.0,601.0,733.0,353.0,-0.6350267353903137,3.0331487975487095,-36.384351815835885,173.78662473472164,7.389555445693803,2.4110448443884707,0.08330779093278012,-0.016856232334586843,False,False
250,4.166245652571847,744.0,627.0,756.0,377.0,-0.5051854157177778,3.0936294667127164,-28.94499219219063,177.25191181994626,8.12101658396047,4.572926893366116,0.08560327082264668,-0.01611248225501781,False,False
251,4.182910635182134,789.0,649.0,778.0,399.0,-0.3643535350912012,-3.0976210153187576,-20.87591981139757,-177.48061070879373,8.723918094691125,6.7492844517447566,0.08609258675891701,-0.014757939802105824,False,False
252,4.199575617792422,840.0,665.0,796.0,419.0,-0.21441752903457936,-2.9646024244264506,-12.285219467305186,-169.8592068538872,9.168857823674895,8.867202310691027,0.08494702018603438,-0.012678763718748478,False,False
253,4.216240600402709,895.0,673.0,812.0,438.0,-0.058755822715722696,-2.8020774706996283,-3.3664606634298013,-160.5472129397813,9.448498550931838,10.801159777481644,0.08258270767494251,-0.010141646414189385,False,False
254,4.232905583012997,952.0,673.0,824.0,458.0,0.10050059905462982,-2.6046001447011156,5.75826016436676,-149.23259561053743,9.457802625098964,12.782958157926032,0.07734890979967007,-0.0063030664100331805,False,False
255,4.2495705656232845,1007.0,663.0,834.0,483.0,0.2564724098418947,-2.3760219198798787,14.694786645490082,-136.13602803968809,9.176522461659243,14.616415876330052,0.07004833728599527,-0.0013379565001405934,False,False
256,4.266235548233571,1058.0,646.0,846.0,517.0,0.40635377354755564,-2.117435511893582,23.28235621348973,-121.32011822262528,8.790851438380805,16.661600006141953,0.0626544463691952,0.004936618773686514,False,False
257,4.282900530843859,1104.0,623.0,865.0,562.0,0.5494711825423659,-1.820691371156039,31.482379723740006,-104.31793136312795,8.065445203711933,18.854612105288084,0.05401671757763626,0.013226024099017776,False,False
258,4.299565513454146,1141.0,597.0,897.0,617.0,0.6751747816757266,-1.4890119461769007,38.68466542368593,-85.3141001604973,6.8432115937660996,20.627870906902785,0.045614915721577415,0.022676459218023852,False,False
259,4.316230496064434,1169.0,573.0,951.0,675.0,0.7775551869596226,-1.1331651512544636,44.55063055129204,-64.92558065818433,5.36687004716466,22.1752957451896,0.04119983587713094,0.032008591195473016,False,False
260,4.332895478674721,1188.0,553.0,1025.0,728.0,0.8540523736910705,-0.7499101102337746,48.933596495628166,-42.96668433058561,3.7111562361378496,23.630674843505517,0.04270281545538992,0.039965967003698054,False,False
261,4.349560461285009,1199.0,540.0,1118.0,765.0,0.9012478952382146,-0.34555558058171215,51.63770069219826,-19.798876354524932,1.7149711020751432,24.88970779865872,0.046938269909470906,0.044313479716069554,False,False
262,4.366225443895296,1201.0,537.0,1220.0,775.0,0.9112123008775277,0.07966298504578714,52.20861908068726,4.5643528265373945,-0.5322697506308565,26.47409183265313,0.052068391536344114,0.04405022537395856,False,False
263,4.382890426505584,1195.0,545.0,1317.0,750.0,0.8835073629617195,0.5368249794469454,50.621243066439476,30.757805659507135,-2.4813590150811358,28.08696643441567,0.05645868935908997,0.04032073241857578,False,False
264,4.39955540911587,1182.0,560.0,1382.0,684.0,0.8285086912051183,1.01580059945631,47.470051295960864,58.20108717570559,-3.4740236100154256,28.143817981413576,0.048405487417173654,0.03687342646738749,False,False
265,4.416220391726158,1166.0,575.0,1405.0,598.0,0.7677182768644524,1.4748574539416097,43.98701711938915,84.50310749426444,-3.2359146931903062,26.147551620627723,0.025787290960627443,0.03659285018576927,False,False
266,4.432885374336445,1154.0,587.0,1383.0,512.0,0.7206557670243379,1.8872975855750123,41.29053393225769,108.13418633867852,-2.3602730012158553,23.37403902732916,0.0013837426273065855,0.03688418447921946,False,False
267,4.449550356946733,1145.0,594.0,1333.0,441.0,0.6890504598228672,2.2539133617868434,39.479683219398986,129.13972301852914,-1.4816703621144711,21.481242781567573,-0.017657691602183157,0.03666911794305437,False,False
268,4.46621533955702,1140.0,598.0,1266.0,387.0,0.6712717453867054,2.6032666603793815,38.46103791703861,149.1561925868552,-0.8329911744268514,20.758304161258536,-0.0342481747491845,0.03642945055858574,False,False
269,4.482880322167308,1137.0,600.0,1185.0,358.0,0.661286892950175,2.9457869175197007,37.8889480133645,168.78115771873118,-0.416521306595417,20.684953227081905,-0.04954091112398662,0.036232876719258525,False,False
270,4.499545304777595,1136.0,601.0,1099.0,358.0,0.6573891047242515,-2.99048987515235,37.665621198583295,-171.34244852283413,-0.35048135740729336,19.99914065918773,-0.061701298591654734,0.03517236977100185,False,False
271,4.516210287387882,1134.0,603.0,1020.0,379.0,0.6496053614973298,-2.670827727047777,37.21964556286715,-153.02715656635627,-0.6497752059772424,21.610873920432766,-0.07775003451217251,0.03901880835988515,False,False
272,4.532875269998169,1130.0,606.0,941.0,447.0,0.6357321197078386,-2.270200198998104,36.42476736016478,-130.072890052351,-1.3166843496962812,22.770153476556743,-0.0887577907563328,0.04310347908859086,False,False
273,4.549540252608457,1121.0,612.0,890.0,530.0,0.6057203179154769,-1.9118993036069936,34.70521778187929,-109.54376095068194,-2.287705722451861,21.59896667083541,-0.08546208373037084,0.04299489746541583,False,False
274,4.566205235218744,1107.0,621.0,863.0,626.0,0.5594829675436092,-1.5503073910588083,32.056012749703626,-88.82607045560738,-3.59101450551454,21.94684114528002,-0.0807950914792567,0.0435450428174171,False,False
275,4.582870217829032,1084.0,634.0,858.0,727.0,0.4860319293400963,-1.18041185153333,27.847578259788165,-67.63261718008293,-5.152992014528017,23.123021731486062,-0.07011619445694033,0.041118519534064174,False,False
276,4.599535200439319,1052.0,649.0,880.0,823.0,0.3877339229174924,-0.7796178809537866,22.215517357223103,-44.66881421158462,-6.806638640597258,25.76244203839218,-0.04983278924628377,0.03523825855668784,False,False
277,4.616200183049607,1008.0,663.0,931.0,894.0,0.25916690017996796,-0.3217505543966422,14.849169569800459,-18.43494882292201,-8.701089654295611,29.387937564469837,-0.025491300712044543,0.026323782551360385,False,False
278,4.632865165659894,951.0,673.0,998.0,905.0,0.09772690735871874,0.19988105597440972,5.599339336520571,11.452340911951845,-9.622383841255221,30.693415684436786,-0.017141994376198413,0.021007532944803745,False,False
279,4.649530148270181,894.0,673.0,1046.0,853.0,-0.0615468185880888,0.7012599228662774,-3.5263729475548127,40.17923392190735,-8.591102100128985,27.165012681796668,-0.04033456412835301,0.026017160665891888,False,False
280,4.666195130880469,849.0,667.0,1064.0,775.0,-0.1886142268449946,1.1052899838751888,-10.806799154341304,63.328451214131135,-6.849682254771726,22.055414060376222,-0.06376948815492059,0.03153100409035604,False,False
281,4.682860113490756,814.0,658.0,1058.0,691.0,-0.28984648991161976,1.4363661064239954,-16.606980578617005,82.29771573373378,-5.46014137243654,18.54654414500817,-0.07603873426570518,0.034459393016887566,False,False
282,4.699525096101044,787.0,648.0,1034.0,610.0,-0.3706005488877246,1.7234456551901618,-21.233847336498354,98.74616226255522,-4.271379726643952,16.76395799964331,-0.0796139754967932,0.035646928735497,False,False
283,4.716190078711331,767.0,639.0,995.0,536.0,-0.43221142764453174,1.9951082435112835,-24.763890661355624,114.31128202495546,-3.3577216595974324,16.264311835129206,-0.08131136599265436,0.036115174027225215,False,False
284,4.732855061321619,751.0,631.0,943.0,471.0,-0.4825132950224769,2.2655346029916,-27.64597536373868,129.8055710922652,-2.6083041499342823,16.294265092804665,-0.08122990136887254,0.03574582661547554,False,False
285,4.749520043931906,740.0,624.0,875.6378636127611,427.1768053440702,-0.5191461142465229,2.538195532349288,-29.74488129694222,145.42789158257543,-1.9692645787877083,16.36130896346532,-0.07755296437339781,0.034393937176612904,False,True
286,4.7661850265421934,731.0,619.0,811.0,386.0,-0.5481488149435806,2.8108564617069765,-31.406613641364757,161.05021207288564,-1.5506795283440127,16.763037017967008,-0.07266016025473146,0.03360898496669306,False,False
287,4.78285000915248,724.0,615.0,735.0,369.0,-0.5708302089944864,3.0969069731493333,-32.7061617939548,177.43969910609135,-1.4066898187776147,17.30322404658068,-0.066288996704205,0.0335542620347615,False,False
288,4.799514991762768,717.0,610.0,658.0,375.0,-0.5950337376795751,-2.895612989796263,-34.0929218369342,-165.90640341858378,-1.4532459592398226,17.981686104357323,-0.05709109924036525,0.03390057184532675,False,False
289,4.816179974373055,710.0,605.0,583.0,400.0,-0.6192668462728905,-2.5869493615647317,-35.48137668381338,-148.22128023172195,-1.5725559655858312,19.112835619798375,-0.043441952681805535,0.03464766305440006,False,False
290,4.832844956983343,702.0,599.0,517.0,447.0,-0.6474469733199584,-2.2585828433218205,-37.095979029752826,-129.40726460299757,-1.743763968545462,20.321694052188917,-0.02396446941553241,0.034947932163566425,False,False
291,4.84950993959363,694.0,592.0,467.0,512.0,-0.677386438697402,-1.909628005582115,-38.8113840367584,-109.41362515984001,-2.2213751739246064,22.147158535056207,-0.0029499394781196467,0.035413301238938884,False,False
292,4.866174922203918,682.0,582.0,444.0,594.0,-0.7214853306087143,-1.5204188196138388,-41.3380644244802,-87.11358145613539,-2.7606716423125164,24.24380246650756,0.021838357574521107,0.035095544587638076,False,False
293,4.882839904814205,670.0,570.0,455.0,679.0,-0.7693995285211048,-1.1015829125589363,-44.083345743614714,-63.116051673355855,-2.935255222154524,25.78387481282624,0.04421807731178933,0.034938063807136925,False,False
294,4.899504887424492,657.0,558.0,510.0,747.0,-0.819317285076635,-0.6610431688506869,-46.943422517008095,-37.874983651098205,-2.5809877422545497,25.79091357321039,0.052132689016934575,0.035692323284576395,False,False
295,4.916169870034779,649.0,548.0,591.0,783.0,-0.8554237602051795,-0.24197266015698368,-49.01217115496777,-13.864012184548537,-1.3224926714602958,23.518728643757868,0.04700478734803491,0.036628369565353015,False,False
296,4.932834852645067,647.0,546.0,677.0,789.0,-0.86339591982087,0.12283523887789499,-49.46894225455147,7.037940763184669,0.4225634644670322,20.578304774802348,0.04243970167323621,0.03592104229014442,False,False
297,4.949499835255354,652.0,552.0,759.0,777.0,-0.8413397346310093,0.44390152228556834,-48.2052159310135,25.433683746395523,2.1605124266692926,17.937750984697544,0.04294798537849621,0.03264256301691912,False,False
298,4.966164817865642,664.0,565.0,830.0,754.0,-0.7913861157813615,0.7206998553331919,-45.343084399523526,41.29306000628089,3.8349137163514087,15.604249931944679,0.0497915879608044,0.027396687564473266,False,False
299,4.982829800475929,684.0,584.0,890.0,727.0,-0.7135221938411134,0.9639906298104417,-40.88181029601122,55.23259457829643,5.164099883375222,13.88984724521788,0.058143788195095275,0.02192307900499412,False,False
300,4.999494783086217,710.0,605.0,943.0,700.0,-0.6192668462728905,1.1836479809353995,-35.48137668381338,67.81803373677971,6.135875202941849,11.931137471791459,0.0658453960726454,0.015748503682988593,False,False
301,5.016159765696504,743.0,626.0,988.0,678.0,-0.5090136867292754,1.361655026787149,-29.16433596398172,78.0170861876767,6.929143987160799,9.930480837166215,0.0749032411625035,0.010244563048369931,False,False
302,5.032824748306791,781.0,646.0,1030.0,660.0,-0.388318718172466,1.5146305618617322,-22.249023657212366,86.7819387162058,7.350045051663413,7.731364995169656,0.0813922343962288,0.005339034444835805,False,False
303,5.049489730917078,823.0,660.0,1070.0,648.0,-0.26403694078767653,1.6193411531837247,-15.128202342679488,92.78141366927515,7.523998964514374,4.736117054175594,0.08700983690377567,0.0004943588442707075,False,False
304,5.066154713527366,867.0,670.0,1112.0,645.0,-0.13754409436556142,1.6724851785579737,-7.8806961040957955,95.82634202955579,7.670492512417679,1.8635601439729044,0.09212906994906103,-0.0027839697007903566,False,False
305,5.082819696137654,913.0,674.0,1156.0,647.0,-0.00837969212410946,1.6814535479687922,-0.4801209923304881,96.3401917459099,7.650136520535058,-1.078313037657722,0.0937510195481638,-0.004825019623722017,False,False
306,5.099484678747941,958.0,672.0,1201.0,656.0,0.11743468979652093,1.6365450425159527,6.728512093768681,93.76712391922196,7.419193311566716,-4.307449605744665,0.08978245442873366,-0.006100258957775442,False,False
307,5.116149661358229,1001.0,665.0,1244.0,673.0,0.2389017629151297,1.5378864024199408,13.68806273327194,88.11440022922032,7.39707542691735,-7.457511535212319,0.08366957913072506,-0.006219800388048775,False,False
308,5.132814643968516,1044.0,652.0,1282.0,696.0,0.36397895650964407,1.3879864424152935,20.854458039578347,79.52576517177418,7.601118387873348,-10.799908752004455,0.0742956976975223,-0.005474168149579163,False,False
309,5.149479626578803,1086.0,633.0,1308.0,725.0,0.4922467744204197,1.1779258193302489,28.203662653218338,67.49017802711278,7.6695109952649325,-13.89739165017238,0.05825056379572209,-0.00425199216978913,False,False
310,5.16614460918909,1125.0,609.0,1316.0,753.0,0.61960349124064,0.9247868620583448,35.50066501965974,52.9863841450902,7.619443505845782,-15.730287113743515,0.04369569622942473,-0.003012414516140264,False,False
311,5.182809591799378,1161.0,581.0,1305.0,769.0,0.7462025614703935,0.6536358969195218,42.75425743410493,37.45057823173673,7.151480401954423,-15.950599842995047,0.03510096588386022,-0.003869791593035306,False,False
312,5.199474574409665,1189.0,552.0,1279.0,769.0,0.8579620843134036,0.393153924044015,49.15760641340532,22.526060546729,6.082571532705597,-14.488484528815093,0.03168354476565491,-0.006899704216967065,False,False
313,5.216139557019953,1209.0,526.0,1249.0,758.0,0.9489344591071279,0.1707352114752828,54.36993954136803,9.782407031807287,4.944809421987525,-12.302141816752368,0.03156008781460422,-0.009454289855913999,False,False
314,5.23280453963024,1224.0,504.0,1220.0,741.0,1.022772410370619,-0.01687603484692138,58.60054251665874,-0.9669255716443013,3.8548868581157194,-10.428794049106727,0.02968537913927117,-0.011405372545679488,False,False
315,5.249469522240528,1234.0,487.0,1192.0,722.0,1.0774177040173745,-0.1768561314739792,61.73148721287088,-10.133109914469811,2.7546117753520285,-8.752405895007797,0.024661211190330032,-0.012137257666998717,False,False
316,5.266134504850815,1240.0,475.0,1167.0,704.0,1.1145835250392888,-0.3085934189238865,63.86093189956516,-17.681100489851246,1.7479541813330002,-7.493898058396809,0.017705858284801455,-0.011958258145626613,False,False
317,5.282799487461102,1243.0,468.0,1143.0,688.0,1.1356769560883606,-0.4266274931268761,65.06949647412719,-24.443954780416536,0.8188031973919152,-7.018738205731864,0.009793593754039424,-0.011967796233310797,False,False
318,5.299464470071389,1244.0,466.0,1118.0,675.0,1.1418742071308574,-0.5425277192132486,65.4245728034453,-31.084548579777728,-0.07536175982402682,-6.335561753991755,0.0014386754574229129,-0.010795455318080465,False,False
319,5.316129452681677,1243.0,469.0,1097.0,666.0,1.1331651512544636,-0.6377915460402239,64.92558065818433,-36.54276379722856,-1.0046914953681423,-5.564432135468081,-0.008624614652334975,-0.008850261775254234,False,False
320,5.332794435291964,1239.0,477.0,1075.0,661.0,1.1083878745328308,-0.7279900487606487,63.50594727420703,-41.710757321508176,-1.9711339492457043,-4.945888405847938,-0.019785363713369402,-0.0067507711851569376,False,False
321,5.349459417902252,1232.0,490.0,1055.0,661.0,1.0674673252810092,-0.802637834591978,61.16137250672043,-45.98776039963981,-2.7977216107946568,-3.95986633571394,-0.030298229023565278,-0.0040564350214915765,False,False
322,5.366124400512539,1222.0,506.0,1035.0,667.0,1.015139910548195,-0.8599722560081204,58.163232489699496,-49.272780767609255,-3.55634533037885,-3.0114241352841304,-0.04042425595690714,-0.0016458908897144776,False,False
323,5.382789383122827,1209.0,526.0,1015.0,679.0,0.9489344591071279,-0.9030084962853976,54.36993954136803,-51.738575701608156,-4.300730494126462,-1.995539851898826,-0.050650421308246756,0.0005087113877412443,False,False
324,5.3994543657331135,1192.0,548.0,995.0,696.0,0.8717967127558954,-0.9264835298681808,49.950272234291745,-53.08359604982951,-5.0242429935410335,-0.5336948781043986,-0.060899864472313575,0.00280854214811956,False,False
325,5.416119348343401,1170.0,572.0,974.0,721.0,0.7814766148726883,-0.9207965280110149,44.7753118203755,-52.75775484533084,-5.65273518954217,1.1995810517604468,-0.0694789025981751,0.00448245382953644,False,False
326,5.432784330953688,1144.0,596.0,954.0,751.0,0.6833912454873363,-0.8865015351337469,39.15543412261314,-50.792796495032164,-6.174625208395135,3.457195018081535,-0.07531929156198731,0.005887862166742058,False,False
327,5.449449313563976,1112.0,618.0,935.0,788.0,0.575676571426794,-0.8055683382976097,32.983837907316776,-46.15566589381995,-6.779327108325759,5.9722473474470235,-0.07901221178840556,0.006008931273875058,False,False
328,5.466114296174263,1075.0,639.0,919.0,829.0,0.4574365087479398,-0.6874467387546709,26.209181346456113,-39.38779677067513,-7.592162431207898,8.715746306854868,-0.08080043166059195,0.0045910165991021965,False,False
329,5.482779278784551,1030.0,657.0,910.0,869.0,0.3226300616456797,-0.5150728170187818,18.48534087634302,-29.51149855709032,-8.343292165014207,11.952136587110374,-0.07552720240509189,0.0020878500338350862,False,False
330,5.499444261394838,980.0,669.0,911.0,901.0,0.17935487106292297,-0.2890824419947265,10.276277147018543,-16.56320385763326,-9.009532697027062,14.82352292529879,-0.06648819430487254,-0.0010701111652762878,False,False
331,5.516109244005126,924.0,674.0,919.0,912.0,0.022342650200136066,-0.021005313472176913,1.2801395596049208,-1.203515809305026,-9.424736973524777,16.36158682268865,-0.06131124023122386,-0.002963283697282812,False,False
332,5.532774226615413,868.0,670.0,928.0,899.0,-0.1347712844777311,0.25624867775891386,-7.721825800130975,14.68196774139361,-9.124357480149914,15.107084725783835,-0.06545889973254033,-0.0018880874477309774,False,False
333,5.5494392092257,817.0,658.0,927.0,868.0,-0.28177186727335213,0.4825132950224769,-16.14433878028348,27.64597536373868,-8.358972194587363,11.869812462403871,-0.07384532971555159,0.0004662616573352929,False,False
334,5.566104191835988,773.0,642.0,918.0,832.0,-0.4133755370030784,0.6518691143055769,-23.68467362423038,37.34934904464059,-7.426376026014246,8.21043253996018,-0.07754564676907899,0.0022180986202024206,False,False
335,5.582769174446275,737.0,622.0,903.0,798.0,-0.5292927219353178,0.7561667260252279,-30.326239093885164,43.32516200947079,-6.650207911120459,4.9681429652718805,-0.0765401303220575,0.002341453578731301,False,False
336,5.599434157056563,706.0,601.0,883.0,767.0,-0.6350267353903137,0.8174571465489309,-36.384351815835885,46.836844430060964,-6.068572473756083,2.527705140414895,-0.07305611418641367,0.0019664053726963213,False,False
337,5.61609913966685,679.0,580.0,861.0,743.0,-0.7315580314241459,0.840415050443126,-41.91518766950241,48.15223542966531,-5.471368206945453,0.0723108419729499,-0.06675019183605506,0.00014467317716081299,False,False
338,5.632764122277138,658.0,558.0,838.0,726.0,-0.8173872474367634,0.8198672643969563,-46.83283950594206,46.97493401088198,-4.80283936399147,-1.6506734009946058,-0.05823404260443402,-0.0017727541519266241,False,False
339,5.649429104887425,641.0,538.0,815.0,712.0,-0.8916365003859895,0.7853981633974483,-51.087008331932,45.0,-4.113779929101838,-3.179726999323492,-0.04908049287630856,-0.003999930101272378,False,False
340,5.666094087497712,628.0,520.0,790.0,707.0,-0.9544993893988254,0.7138870740985805,-54.68878656036681,40.90271639479173,-3.347214820344572,-4.475630027731029,-0.0394037567164766,-0.006575248237651989,False,False
341,5.682759070107999,618.0,506.0,765.0,705.0,-1.003199053933867,0.6362255702330131,-57.47907180192763,36.45303999265579,-2.5245064382244777,-5.39167976935849,-0.029584687048875524,-0.008642611630534328,False,False
342,5.699424052718287,612.0,495.0,738.0,708.0,-1.0386411011839636,0.5341825749053843,-59.509751526661404,30.606407031509484,-1.6332118967194802,-6.208302254054445,-0.019883627769410012,-0.01059522678473273,False,False
343,5.716089035328574,609.0,489.0,712.0,714.0,-1.0576339496493572,0.42930307202656315,-60.597961584659984,24.597254159122862,-0.7600497329382812,-6.831630592730477,-0.011151271887959922,-0.011879997552923738,False,False
344,5.732754017938862,608.0,487.0,683.0,724.0,-1.063973532348703,0.3064845648498623,-60.961192917206645,17.56027205180069,0.11609899141491908,-7.766055496027207,-0.003657758227621509,-0.013191465893192781,False,False
345,5.749419000549149,610.0,490.0,652.0,734.0,-1.0537643743033551,0.1704607124429239,-60.376251248826186,9.766679395772696,1.139147060165154,-8.348831112565847,0.004586415826855792,-0.012992489123380139,False,False
346,5.766083983159437,614.0,499.0,621.0,747.0,-1.0260058004522774,0.028218314235589993,-58.78580212185722,1.6167903106732364,2.2471778813735988,-9.131386215419298,0.012607608852900859,-0.011955747480215679,False,False
347,5.782748965769724,623.0,513.0,590.0,758.0,-0.9788660136727263,-0.1338880725326448,-56.084891292242354,-7.67122148326199,3.420810943555253,-10.693692287598992,0.018428965213832364,-0.010813948700906632,False,False
348,5.799413948380011,637.0,532.0,558.0,764.0,-0.9119902906774204,-0.3282020777896108,-52.25319461272534,-18.804593884769034,4.605140213505006,-12.28229003094225,0.02253465687127093,-0.008366931164506246,False,False
349,5.816078930990298,656.0,556.0,531.0,763.0,-0.8253768505207384,-0.543256372092952,-47.290610042638534,-31.126297314514783,5.596173928379603,-13.362219719022136,0.026134991952536157,-0.005180220580744556,False,False
350,5.832743913600586,681.0,581.0,514.0,752.0,-0.7254700082762404,-0.7735643962942974,-41.56636963754948,-44.3219750892487,6.370854358639846,-14.09635767585874,0.031494742872852415,-0.0031887297789314345,False,False
351,5.849408896210873,712.0,606.0,510.0,732.0,-0.613036496321926,-1.013087483166104,-35.12440392673358,-58.0456370629486,6.683182458308531,-13.066400942771793,0.04202060749897113,-0.0021121069440843826,False,False
352,5.866073878821161,745.0,627.0,523.0,711.0,-0.502719769378062,-1.2090670852749643,-28.80372106315303,-69.27444113443946,6.632300890063782,-10.760980933722237,0.05403526167608322,-0.0018181750883021833,False,False
353,5.882738861431448,780.0,645.0,547.0,692.0,-0.3919821383237133,-1.371750603426336,-22.458922170462014,-78.59552012085298,6.629106890526177,-8.22347732015308,0.06582937116647969,-0.0019208694990556566,False,False
354,5.899403844041736,817.0,658.0,578.0,679.0,-0.28177186727335213,-1.4831552983478484,-16.14433878028348,-84.97853895779815,6.612393461982544,-5.218919122697201,0.07448329546922995,-0.0010769535820096942,False,False
355,5.916068826652023,855.0,668.0,616.0,674.0,-0.17159129421107344,-1.545696996274831,-9.831456959482104,-88.56191429259634,6.607419096534711,-2.5044846383833885,0.07900260774439281,-3.904691319069845e-05,False,False
356,5.93273380926231,894.0,673.0,654.0,674.0,-0.0615468185880888,-1.566629684240633,-3.5263729475548127,-89.7612689669011,6.655522068576254,0.36686873311526824,0.08127551788675291,0.002061682278386971,False,False
357,5.949398791872598,934.0,674.0,693.0,683.0,0.0502370248593409,-1.5334692741595803,2.8783694997340317,-87.8613174223337,6.553826307830576,3.5128863093865164,0.07980685027110392,0.005723531623531286,False,False
358,5.966063774482885,972.0,670.0,734.0,699.0,0.15689198431359236,-1.449545305724951,8.989248540601558,-83.0528282310403,6.34925719032991,6.230177832989824,0.07673113648174777,0.009900641572130043,False,False
359,5.982728757093173,1009.0,663.0,777.0,721.0,0.2618575461895208,-1.3258176636680326,15.003332230311553,-75.96375653207353,6.027691832454181,8.807787830210486,0.07304889372683812,0.014712962492055937,False,False
360,5.99939373970346,1042.0,653.0,824.0,749.0,0.35779474344963313,-1.1559820436738364,20.500128731630035,-66.23289229541842,5.495315622260427,11.47868578745502,0.0691898408067197,0.020638107483580144,False,False
361,6.016058722313748,1071.0,641.0,878.0,781.0,0.44501622475554137,-0.9432334655942491,25.497551493337784,-54.04329667404862,4.779019277873459,13.806310665033777,0.06653230930381968,0.02643476483237082,False,False
362,6.0327237049240345,1094.0,629.0,942.0,811.0,0.5170792897696126,-0.6958181893838117,29.626460977420926,-39.86744556012703,3.8050296279076896,15.68778414311467,0.0644642175415554,0.031176969561298545,False,False
363,6.049388687534322,1111.0,619.0,1014.0,836.0,0.5718377299169601,-0.4203601657163518,32.76388849058367,-24.08486337096684,2.6594995692088084,17.458964494010075,0.06379247683148757,0.034601467973513274,False,False
364,6.066053670144609,1121.0,612.0,1094.0,848.0,0.6057203179154769,-0.11391151001120803,34.70521778187929,-6.526648761604445,1.38481628114614,19.227560630258893,0.06437097749356241,0.03626722029237872,False,False
365,6.082718652754897,1125.0,610.0,1177.0,842.0,0.6179936084044455,0.2204937613666717,35.408425527635245,12.633361935275012,0.18428665926134258,20.673568714785972,0.06483312377093427,0.03587606234548754,False,False
366,6.099383635365184,1123.0,611.0,1252.0,810.0,0.6118625858592743,0.5751378162377683,35.05714381169739,32.95296950879483,-0.7843365268812654,21.508473762719348,0.06100193144167891,0.03417104298470023,False,False
367,6.116048617975472,1117.0,615.0,1309.0,756.0,0.5918516992422657,0.9373704438257521,33.910604464227966,53.70737027152041,-1.130952597902187,20.81529001966615,0.050505919906195,0.03206650489642199,False,False
368,6.132713600585759,1112.0,619.0,1340.0,690.0,0.5741679751050758,1.2689107086494193,32.897401705093365,72.70322818456617,-0.9006040321498752,19.00469678792612,0.03694785342492331,0.03019554509012807,False,False
369,6.149378583196047,1108.0,621.0,1348.0,621.0,0.5618345981732011,1.5707963267948966,32.190751259752936,90.0,-0.5554028855375677,16.86031399894881,0.022715104361627436,0.027832237021684508,False,False
370,6.1660435658063335,1106.0,622.0,1339.0,560.0,0.5556564162467016,1.830864387842355,31.836767510300508,104.90080228417001,-0.29996720723108083,15.130248304204912,0.010811442869416045,0.025561215556201337,False,False
371,6.182708548416621,1105.0,623.0,1317.0,506.0,0.5518367015888763,2.075086976552705,31.617913981462863,118.89372587903242,-0.11460301961152908,13.671647288132476,0.0007352953201430086,0.023338394055881177,False,False
372,6.199373531026908,1105.0,623.0,1289.0,463.0,0.5518367015888763,2.2865399164637767,31.617913981462863,131.0090869015702,-0.11439511380722678,12.34798190344165,-0.008010983823292394,0.021156249708798567,False,False
373,6.216038513637196,1104.0,624.0,1253.0,430.0,0.5480239164242775,2.4866447839387007,31.39945748334126,142.47425126790802,-0.29975035066194167,11.470593111334694,-0.017199353379862347,0.019949947436510032,False,False
374,6.232703496247483,1102.0,625.0,1214.0,406.0,0.5418460328264589,2.668854385923927,31.04549082686316,152.91409244842004,-0.5565906466731825,10.381562760040154,-0.024786591618216232,0.01870042553477563,False,False
375,6.249368478857771,1098.0,627.0,1173.0,392.0,0.5294727695285627,2.8326619096660517,30.33655506108958,162.29957221133282,-0.9291905451091846,9.308415307230618,-0.03177138707902006,0.01794216344971396,False,False
376,6.266033461468058,1092.0,630.0,1132.0,386.0,0.5108761442746833,2.97910354437259,29.271046920855888,170.69005982501398,-1.3033569012442232,8.422223900637817,-0.037517502027869284,0.017733537802195085,False,False
377,6.2826984440783455,1084.0,634.0,1091.0,386.0,0.4860319293400963,3.1133743393542033,27.847578259788165,178.38320968932678,-1.6782130609648505,7.540467355103843,-0.04202933879183555,0.01767931740969382,False,False
378,6.2993634266886325,1074.0,639.0,1052.0,392.0,0.4549413613200109,-3.052758248114505,26.066219929572863,-174.91016349071214,-2.1276366896484635,6.55598042982875,-0.046055472467297284,0.01772273809052747,False,False
379,6.31602840929892,1061.0,645.0,1014.0,401.0,0.4151178724720938,-2.9513003681124226,23.78450209310091,-169.09705516824806,-2.651247035243946,5.85100567988394,-0.05107185564989121,0.01848141512669642,False,False
380,6.332693391909207,1045.0,652.0,978.0582111542778,422.5314903823735,0.36657538984417876,-2.8577444322985874,21.003222711434262,-163.73669489771848,-3.0387886508103072,5.613923398640864,-0.05544183429265541,0.01953374961526,False,True
381,6.349358374519495,1027.0,658.0,938.9141212234722,435.78866374514814,0.31383515242790877,-2.764188496484752,17.981429696964042,-158.37633462718887,-3.3034231891221433,5.613923398640708,-0.0586961449337621,0.020414833126348494,False,True
382,6.366023357129783,1007.0,663.0,896.0,445.0,0.2564724098418947,-2.6706325606709167,14.694786645490082,-153.01597435665929,-3.4443823853226556,5.708444818579906,-0.06033392500021861,0.020801890321336503,False,False
383,6.38268833974007,987.0,668.0,855.0,461.0,0.19903400731874443,-2.5739262292179137,11.403808598939994,-147.47510971220896,-3.59110505620186,6.037260240086255,-0.06230136280634443,0.02131241701272202,False,False
384,6.399353322350358,965.0,672.0,813.0,481.0,0.13678100321525632,-2.4694108868412825,7.8369742017995305,-141.4868216996632,-3.7903799328052457,6.795022742860283,-0.06543009567355476,0.022311830662015992,False,False
385,6.4160183049606445,942.0,673.0,769.0,503.0,0.07270077598558129,-2.3474483575253675,4.165447631299856,-134.4988835111207,-3.7686293083491904,7.976777751933611,-0.06564157965237162,0.022917969265374614,False,False
386,6.432683287570932,920.0,674.0,725.0,531.0,0.011172719438739298,-2.20354516179708,0.6401496695235357,-126.2538377374448,-3.7765385901345603,9.502409550788329,-0.06480316773693746,0.02367749322493454,False,False
387,6.449348270181219,897.0,673.0,681.0,566.0,-0.05317112387776182,-2.030733377685937,-3.0464809901630283,-116.35245185775037,-3.868445845785736,11.301934450428696,-0.06187571087889385,0.024333037993931363,False,False
388,6.466013252791507,874.0,671.0,641.0,610.0,-0.11776244605897614,-1.8268520796390741,-6.747291144316347,-104.6709139580163,-4.079489930879367,13.174533125037946,-0.05573211766195761,0.024353437891204307,False,False
389,6.482678235401794,849.0,666.0,609.0,661.0,-0.18914038139165562,-1.5916266468311138,-10.8369455892366,-91.19348942398204,-4.388678288761138,15.244262845853953,-0.04515684916005289,0.023629102948340513,False,False
390,6.499343218012082,823.0,660.0,590.0,720.0,-0.26403694078767653,-1.3187613291734601,-15.128202342679488,-75.55945834670194,-4.832655381905532,17.84966870181983,-0.030037819035237643,0.02266406909726538,False,False
391,6.516008200622369,794.0,650.0,593.0,780.0,-0.35021261719358976,-0.99669780980068,-20.065704897423423,-57.106577951511824,-5.346641030609944,20.43472371314894,-0.011674288276115476,0.020898014390598997,False,False
392,6.5326731832326566,764.0,637.0,621.0,830.0,-0.44224030038480416,-0.6376726985221499,-25.338502742647034,-36.53595433603732,-5.488847261115765,21.640337796073695,0.002735586862071135,0.01929141309764688,False,False
393,6.549338165842944,736.0,621.0,671.0,851.0,-0.53315570550763,-0.2754261036960354,-30.54757174890702,-15.780753309515392,-5.055080702586412,20.88030986189193,0.004620317709982322,0.019622306917086003,False,False
394,6.566003148453231,713.0,606.0,727.0,846.0,-0.6107259643892086,0.0582673029695334,-34.99202019855866,3.3384705437643523,-3.9561888593830545,18.622012495276927,-0.0003028802438304959,0.02162395849253506,False,False
395,6.582668131063518,698.0,594.0,780.0,822.0,-0.665015342596889,0.3452449251086363,-38.10257244224825,19.781077107035046,-2.5966909684682875,16.1323204121725,-0.0035199078892882395,0.023027439680648288,False,False
396,6.599333113673806,689.0,587.0,826.0,789.0,-0.6972735840568359,0.5959569812344089,-39.95083353241714,34.14581979608883,-1.3912395573954868,14.15127285341216,-0.00424145913480287,0.022924001708702377,False,False
397,6.615998096284093,685.0,584.0,865.0,753.0,-0.7113853086583695,0.8169063571397286,-40.75937579373595,46.805286521513175,-0.3038353880711604,12.641603256308148,-0.0019430844103022163,0.021554189002517196,False,False
398,6.632663078894381,686.0,585.0,898.0,716.0,-0.7074004069740266,1.0173011780994627,-40.53105774544853,58.28706399878571,0.7816813450847135,11.403849293978784,0.003796598072293612,0.019088594975559158,False,False
399,6.649328061504668,692.0,590.0,924.0,681.0,-0.6853318966131249,1.1969962574887183,-39.266625241628134,68.58283364705832,1.7476658133803582,10.071845438103935,0.01118515570204631,0.015447653749713153,False,False
400,6.665993044114956,702.0,598.0,946.0,652.0,-0.6491507661968687,1.3529954362584777,-37.193599170764244,77.52092819807237,2.4741522547032204,9.058638307953068,0.017749232457711695,0.012079190934270944,False,False
401,6.6826580267252425,715.0,608.0,965.0,626.0,-0.6028684880134617,1.4989203572385617,-34.54181996460461,85.88181029601122,3.102601313159891,8.099689430383656,0.024384601755447412,0.008678851605657421,False,False
402,6.69932300933553,732.0,619.0,981.0,606.0,-0.5457411723359418,1.6229578032706127,-31.26866588137118,92.98863245522946,3.685858806170641,6.617706772593884,0.032736160491752236,0.004493339580183549,False,False
403,6.715987991945817,752.0,631.0,999.0,594.0,-0.4800189421958455,1.7194882938090792,-27.503059474156174,98.51942215741111,4.126083706182415,5.2577574157946145,0.04018539968590311,0.0010151341728993728,False,False
404,6.732652974556105,775.0,642.0,1017.0,586.0,-0.4082189459117015,1.7981986750772652,-23.389222718019727,103.02919480794374,4.428226547342415,3.739190889337678,0.04673526553445035,-0.0022436083366637154,False,False
405,6.749317957166392,800.0,652.0,1039.0,585.0,-0.3324263053840973,1.8441153961037955,-19.04662429763581,105.66002913184354,4.591560605542213,1.7596506040980557,0.052726863424215294,-0.005577403665943456,False,False
406,6.76598293977668,826.0,661.0,1064.0,591.0,-0.2551823906208184,1.856847768512215,-14.620873988631656,106.38954033403479,4.728225276790257,0.06576588033151154,0.0575724299263062,-0.007885562014878774,False,False
407,6.782647922386968,854.0,667.0,1091.0,600.0,-0.17483472135363146,1.8463073706079451,-10.017291645908854,105.7856200197316,4.791453591179668,-1.9423062382784266,0.06123087037204653,-0.010165821950350826,False,False
408,6.799312904997255,882.0,671.0,1122.0,617.0,-0.09548340907079783,1.7921107691426879,-5.470796353277877,102.68038349181982,4.8265621595573105,-4.095288570152427,0.06307213403061636,-0.011933010152575658,False,False
409,6.815977887607542,911.0,674.0,1154.0,640.0,-0.013965572440644275,1.7098115449965492,-0.8001683593331333,97.96498529104491,4.873163056291769,-6.025374022524858,0.062466521518216474,-0.0127317385658849,False,False
410,6.832642870217829,940.0,674.0,1184.0,669.0,0.06693894610959225,1.591285262530985,3.8353190971332976,91.17392954439264,4.960731734355502,-8.497913127876117,0.05922468319804101,-0.013761326993948214,False,False
411,6.849307852828117,970.0,670.0,1211.0,705.0,0.15137544373402623,1.4265763959969702,8.673174047879765,81.73680664361002,5.078197892100127,-10.931380203158163,0.051497966527527875,-0.013817833498498047,False,False
412,6.865972835438404,1000.0,665.0,1229.0,747.0,0.23619510523648543,1.226942740546846,13.532982671698946,70.29864073754906,5.323055292641207,-13.246168854442175,0.04110470076838699,-0.01305083111097003,False,False
413,6.882637818048692,1032.0,656.0,1234.0,790.0,0.3287926915049544,0.9850820487725499,18.83843355798076,56.44104386876742,5.706656457946236,-15.742164912729944,0.02867160118311312,-0.012049240265376848,False,False
414,6.899302800658979,1065.0,644.0,1219.0,826.0,0.42639776650560146,0.702256931509007,24.4307924145757,40.23635830927382,5.721500719067766,-17.17463196669052,0.015544353883167689,-0.011265637246255771,False,False
415,6.9159677832692665,1095.0,629.0,1190.0,846.0,0.5194901114809761,0.4126521626465833,29.764590886640566,23.64322732659522,5.380220177943013,-17.118087608569112,0.009754902803847235,-0.011680035129152132,False,False
416,6.9326327658795535,1121.0,612.0,1152.0,846.0,0.6057203179154769,0.13171166687264657,34.70521778187929,7.546522624435707,4.619030627700171,-15.953933476279264,0.009745542418361952,-0.013761773541941351,False,False
417,6.949297748489841,1141.0,598.0,1113.0,832.0,0.6734422416549913,-0.11909188524916606,38.585398192660286,-6.823462399033519,3.565837750694474,-13.844622168599688,0.011590809613659506,-0.015432514760643081,False,False
418,6.965962731100128,1155.0,586.0,1078.0,811.0,0.724569566128337,-0.32972910849878123,41.51477810277892,-18.89208629959137,2.535611212364717,-11.7387079526099,0.011900867322757844,-0.01594283680699292,False,False
419,6.982627713710416,1164.0,578.0,1047.0,787.0,0.7579540751760058,-0.5103426130441365,43.427569572326654,-29.240477833107136,1.5314799570959963,-10.234884910453028,0.008672963214915959,-0.01598704398929229,False,False
420,6.999292696320703,1169.0,574.0,1019.0,763.0,0.7756137398343547,-0.670857466600767,44.43939382486638,-38.437301491062534,0.6472648273007522,-8.775756004943464,0.004323547210565765,-0.014728737913344897,False,False
421,7.015957678930991,1170.0,573.0,995.0,742.0,0.7795273893584405,-0.8028382554731506,44.66362942508988,-45.99924367025729,-0.2348121291103844,-7.373166085441689,-0.002584608758978025,-0.012587201109941923,False,False
422,7.032622661541278,1167.0,576.0,974.0,724.0,0.7677874597377374,-0.9166048357940607,43.99098100604297,-52.51758857228153,-0.999845864449771,-6.216343199979747,-0.009884466986911759,-0.010247726559292339,False,False
423,7.0492876441515655,1161.0,581.0,954.0,711.0,0.7462025614703935,-1.0100287581276308,42.75425743410493,-57.87038502755309,-1.6487631142897854,-4.84114198557965,-0.017184081272195298,-0.007272396234328401,False,False
424,7.065952626761852,1152.0,589.0,936.0,705.0,0.712834242481493,-1.0779599298012958,40.84239358659468,-61.76255446183274,-2.2998562826699853,-3.56959277822407,-0.025500298363300766,-0.004450345363891613,False,False
425,7.08261760937214,1140.0,599.0,918.0,704.0,0.669548431556682,-1.129003161277453,38.36229930780174,-64.68711619812586,-2.8455065419180947,-2.4620241231183755,-0.0328895868307402,-0.002096579480268727,False,False
426,7.099282591982427,1125.0,610.0,900.0,708.0,0.6179936084044455,-1.1600191081970486,35.408425527635245,-66.46419905422049,-3.4171057352221226,-0.7196221849925664,-0.04120210472866983,0.0010788407913059274,False,False
427,7.115947574592715,1106.0,622.0,883.0,721.0,0.5556564162467016,-1.1529881436752072,31.836767510300508,-66.06135446121276,-3.8855842795661193,1.1466985899515123,-0.04792092172442917,0.0037120185556326346,False,False
428,7.132612557203002,1085.0,634.0,865.0,740.0,0.488487219504895,-1.1217996840754838,27.98825602371111,-64.27438735663432,-4.25015185875608,2.6430772393282425,-0.052193855713860704,0.005066288281111275,False,False
429,7.14927753981329,1061.0,646.0,848.0,764.0,0.41399900261219985,-1.0648944712131028,23.720395572304596,-61.01395882732633,-4.712347692443322,4.751451959861445,-0.05605827129889168,0.0066973376116614015,False,False
430,7.165942522423577,1033.0,656.0,833.0,795.0,0.3314248348085038,-0.9634339555060725,18.989244260347768,-55.200699490092695,-5.253448017070875,7.3334303130788605,-0.05753136748207344,0.007828886917785622,False,False
431,7.1826075050338645,1001.0,665.0,824.0,830.0,0.2389017629151297,-0.8204714939306736,13.68806273327194,-47.009553813021135,-5.745585480424294,9.474976548501825,-0.054869996395656526,0.006954223296008866,False,False
432,7.199272487644152,966.0,671.0,820.0,864.0,0.13992467057411775,-0.6476333166787369,8.01709307365533,-37.10665571775113,-6.246186237004174,11.651776982829427,-0.04920996090835046,0.005435608643450081,False,False
433,7.215937470254439,927.0,674.0,826.0,893.0,0.030716592874548504,-0.4321181723350779,1.7599311327332465,-24.75854752570673,-6.804214161937557,14.146763722449046,-0.04144940933075778,0.004178210615409544,False,False
434,7.232602452864727,885.0,672.0,843.0,908.0,-0.0868595507966036,-0.17612217382581954,-4.976685671047574,-10.091057238888915,-7.0256903142558045,15.104295302702589,-0.036318227334966306,0.0028283038496120516,False,False
435,7.249267435475014,844.0,665.0,861.0,903.0,-0.20344942095012633,0.07130746478529032,-11.65679316482271,4.085616779974877,-6.727706193188141,14.137799926565283,-0.03739979858206325,0.0028922272555023665,False,False
436,7.265932418085302,807.0,655.0,876.0,882.0,-0.31109376422980917,0.2950902060220442,-17.824359723205962,16.907423380709083,-6.03280633859096,12.220843744878643,-0.040623974667926034,0.004599491432445445,False,False
437,7.282597400695589,776.0,643.0,886.0,855.0,-0.40452264639782665,0.478627761768176,-23.17744035605844,27.423350707109506,-5.182353211394048,9.755764154235106,-0.04289331944917625,0.005866655135774888,False,False
438,7.299262383305876,751.0,630.0,891.0,826.0,-0.48382141652630206,0.6202494859828215,-27.720925204998167,35.53767779197438,-4.5419934226383845,7.46164121145854,-0.04438814997554205,0.006037114161037542,False,False
439,7.315927365916163,729.0,617.0,891.0,799.0,-0.5559071292064428,0.7273240038344944,-31.851132304762913,41.67259575827343,-3.925642722095935,5.472203388216034,-0.04279657640540695,0.005693015297363919,False,False
440,7.332592348526451,712.0,605.0,889.0,776.0,-0.6146629519221655,0.802637834591978,-35.21759296819271,45.98776039963981,-3.1543999205658473,3.8202078723390613,-0.03656551506668954,0.004942857177111057,False,False
441,7.349257331136738,699.0,595.0,884.0,756.0,-0.6610431688506869,0.8546513993549225,-37.874983651098205,48.967918137986906,-2.478569407077419,2.31131062452269,-0.029820255525523077,0.0035003991619928197,False,False
442,7.365922313747026,689.0,587.0,880.0,745.0,-0.6972735840568359,0.8796737373212627,-39.95083353241714,50.40159249700817,-1.8695033826723417,1.0149537313151065,-0.02282817216975951,0.0017716750897802144,False,False
443,7.382587296357313,682.0,581.0,874.0,737.0,-0.7233536515749034,0.8884797719201485,-41.44511133061864,50.906141113770495,-1.2620773510007517,-0.24846358748854058,-0.015363696172322906,-0.0002544686851738226,False,False
444,7.399252278967601,678.0,577.0,867.0,736.0,-0.7393385782713655,0.871392454591689,-42.36098016615192,49.927109947649015,-0.7196750497758195,-1.5598500439804113,-0.008575464830524555,-0.0025704697929086326,False,False
445,7.415917261577888,676.0,575.0,861.0,742.0,-0.7473403959540473,0.8364900242049703,-42.81945054780274,47.927347991740874,-0.12001918291154823,-2.3251123038720145,-0.0013647175461406155,-0.0039670238320756715,False,False
446,7.432582244188175,677.0,576.0,855.0,751.0,-0.7433388134636091,0.7938965423697064,-42.59017675972718,45.486921247813115,0.599855656575329,-3.235797514815239,0.006961667722575072,-0.005461864460194364,False,False
447,7.449247226798462,681.0,580.0,847.0,766.0,-0.727347227783026,0.7286410055753549,-41.67392639250792,41.748054399636125,1.3820965339122395,-4.53645653787839,0.01515513064184991,-0.007230127810681512,False,False
448,7.46591220940875,689.0,587.0,838.0,786.0,-0.6972735840568359,0.6426966037375667,-39.95083353241714,36.82380290155446,2.1083818001704238,-5.73021149928746,0.021417681616748067,-0.008205619399928902,False,False
449,7.482577192019037,700.0,596.0,827.0,809.0,-0.6570749357116535,0.5376532555975676,-37.64762064010765,30.805262387209126,2.784337781313422,-7.055197474980659,0.025461099927423396,-0.00869545131143889,False,False
450,7.499242174629325,715.0,607.0,813.0,834.0,-0.6044717026433267,0.4075471172721732,-34.63367739654951,23.350729772418738,3.52906126877982,-8.485246754922692,0.028284360909491504,-0.008353175781742866,False,False
451,7.515907157239612,734.0,620.0,796.0,858.0,-0.5394514463619454,0.2548402763680008,-30.90829112876738,14.601272285833936,4.37648782678491,-10.018312643365192,0.030341487850381835,-0.0070451990757637445,False,False
452,7.5325721398499,759.0,634.0,777.0,878.0,-0.458603515588316,0.07363710529996562,-26.27604591307257,4.219095349248455,5.223390542780438,-11.762629543100061,0.03044683458602568,-0.0053174105227587615,False,False
453,7.549237122460187,789.0,648.0,756.0,887.0,-0.3653560212375951,-0.13720775720602765,-20.933358036606272,-7.861425404361093,5.837587093566417,-13.01775291511617,0.029584353700789975,-0.0035694110717079224,False,False
454,7.565902105070474,823.0,660.0,739.0,883.0,-0.26403694078767653,-0.3602441466108803,-15.128202342679488,-20.6404691950955,6.14515284818893,-13.139229403137957,0.032029713112869396,-0.002363753659257714,False,False
455,7.582567087680761,859.0,668.0,730.0,867.0,-0.16053829053234211,-0.5751378162377683,-9.198166497748225,-32.95296950879483,6.0753175366226975,-12.125307918862045,0.03768008759025184,-0.002457536914520893,False,False
456,7.599232070291049,894.0,673.0,731.0,843.0,-0.0615468185880888,-0.7643802378353226,-3.5263729475548127,-43.79576157117007,5.738226312004302,-10.006001613995501,0.04493862927769408,-0.0027186512862040317,False,False
457,7.615897052901336,927.0,674.0,741.0,819.0,0.030716592874548504,-0.9086375020292555,1.7599311327332465,-52.06109397358612,5.369987853276364,-7.502435372770108,0.0509722309583186,-0.002409111044904424,False,False
458,7.632562035511624,958.0,672.0,757.0,797.0,0.11743468979652093,-1.014436147879358,6.728512093768681,-58.122909858996266,5.050032705713365,-5.448416610500491,0.054007580895167266,-0.0022616905780812714,False,False
459,7.649227018121912,987.0,668.0,776.0,778.0,0.19903400731874443,-1.0902330381644434,11.403808598939994,-62.46575177254781,4.757675153589143,-3.062052166775711,0.05524982403905685,-0.0008912843881477475,False,False
460,7.665892000732199,1014.0,662.0,799.0,767.0,0.2760078371964399,-1.1164942401015805,15.814084183889943,-63.97040780848655,4.421230082218812,-0.5633931732524715,0.053610316856147484,0.001611967186078538,False,False
461,7.6825569833424865,1038.0,654.0,823.0,761.0,0.34639345219125584,-1.1090109130344556,19.846882861525618,-63.54164475082428,4.063862812963546,1.231663805107587,0.050044145569468915,0.0036403788589081973,False,False
462,7.699221965952773,1060.0,646.0,849.0,760.0,0.41145624341370224,-1.075442928313905,23.574706201912615,-61.618340899577106,3.5924292300472676,3.264250307953681,0.044725233604049355,0.006564960546500376,False,False
463,7.715886948563061,1078.0,638.0,877.0,767.0,0.46612899348610676,-1.000213563799107,26.707224035434958,-57.30801581742793,3.169011598329197,5.4212620206940585,0.040517337963355646,0.01034637985615708,False,False
464,7.732551931173348,1094.0,629.0,907.0,779.0,0.5170792897696126,-0.894752453712551,29.626460977420926,-51.265539306703715,2.7567567081607347,6.710619871269667,0.03711974853040472,0.012897012817213546,False,False
465,7.749216913783636,1107.0,622.0,939.0,793.0,0.5580115986906896,-0.7765488368811906,31.97170952432433,-44.492970939085225,2.012607415431111,8.090135039000184,0.0307702615654621,0.01536752769290207,False,False
466,7.765881896393923,1115.0,617.0,975.0,811.0,0.5841594249286032,-0.6251085342329235,33.46986961119821,-35.81608074915565,1.2685033579064502,9.835758624437444,0.02689792482956832,0.018276273352863002,False,False
467,7.782546879004211,1120.0,614.0,1016.0,830.0,0.6002907714918932,-0.4487233440107211,34.3941276871376,-25.709953780811265,0.4839893008148515,11.252440334082728,0.024318904807310138,0.020015403973763835,False,False
468,7.799211861614498,1120.0,614.0,1061.0,845.0,0.6002907714918932,-0.2500650892513549,34.3941276871376,-14.327674217664883,-0.368682291235622,12.588220269326195,0.022768610684424147,0.020706802352228548,False,False
469,7.8158768442247855,1116.0,616.0,1109.0,856.0,0.5880026035475675,-0.029158400245143854,33.690067525979785,-1.6706532713999678,-1.312441734882782,13.967934790088917,0.021388884729605363,0.0203482585258907,False,False
470,7.832541826835072,1107.0,623.0,1158.0,856.0,0.5565471341142204,0.21548569150556338,31.88780188484623,12.346420668726836,-2.2414181252141816,15.181171553450206,0.019628046515532446,0.018999794302566014,False,False
471,7.84920680944536,1093.0,630.0,1202.0,841.0,0.5132962153894124,0.476829519638931,29.409706781851387,27.320319022561147,-2.787267388328006,15.39925852599214,0.01652219840793643,0.017162387517007712,False,False
472,7.865871792055647,1077.0,638.0,1235.0,815.0,0.4636476090008061,0.7287424425995209,26.56505117707799,41.7538663130072,-3.131968057801849,14.797166853682857,0.008676551599161142,0.015355170916342392,False,False
473,7.882536774665935,1059.0,646.0,1256.0,781.0,0.4089078289509254,0.9700185762352215,23.428692808745403,55.57797046756728,-3.175906870908742,13.544773824696556,-0.0010933496479786364,0.014311027407552242,False,False
474,7.899201757276222,1042.0,653.0,1263.0,744.0,0.35779474344963313,1.1801892830972098,20.500128731630035,67.61986494804043,-2.931904108229121,11.613286161866966,-0.009822773019427442,0.013289460289695658,False,False
475,7.91586673988651,1026.0,658.0,1261.0,709.0,0.31118756699358885,1.3570890001068276,17.8297342256772,77.75547212975015,-2.8784067617595364,9.992734490130736,-0.018674866365796863,0.012335409382260517,False,False
476,7.932531722496797,1009.0,663.0,1252.0,677.0,0.2618575461895208,1.513246776111706,15.003332230311553,86.70265363297896,-2.8573442813541083,8.38452847339358,-0.026215062226119218,0.01137809128017045,False,False
477,7.949196705107084,993.0,667.0,1236.0,651.0,0.21595238147284848,1.6365450425159527,12.37316003419337,93.76712391922196,-2.7367845282752716,6.297248130959588,-0.030294490321766995,0.009413445540513451,False,False
478,7.965861687717371,977.0,670.0,1218.0,633.0,0.17064061304589892,1.7231338373019205,9.776986941055023,98.7282964135823,-2.789697237702304,4.548348944365614,-0.03376059459000445,0.007602642754307126,False,False
479,7.982526670327659,960.0,672.0,1200.0,619.0,0.12297186956429715,1.7881413546426952,7.045769124867488,102.45295279383221,-2.938492026984146,2.9572213379977583,-0.03676412984338201,0.005961189191803218,False,False
480,7.999191652937946,942.0,673.0,1180.0,612.0,0.07270077598558129,1.8216979216469291,4.165447631299856,104.37560245812277,-3.019181649251833,1.0943386574804492,-0.037470481676549254,0.0036266770156161542,False,False
481,8.015856635548234,924.0,674.0,1163.0,612.0,0.022342650200136066,1.8246156240360474,1.2801395596049208,104.54277449089449,-3.0214450308240988,-0.7959340616759647,-0.03626167438262621,0.0009161019948051232,False,False
482,8.03252161815852,906.0,673.0,1147.0,618.0,-0.028003881807664284,1.7951694670534,-1.60450423756235,102.8556339729091,-3.025288270484626,-2.6003413955620474,-0.03477618035938079,-0.0019620532252200406,False,False
483,8.04918660076881,888.0,672.0,1131.0,631.0,-0.07849010263733194,1.737946335760338,-4.497151614667772,99.57699005929366,-3.036773753844352,-4.428484938760448,-0.03351242022579827,-0.005140887496996291,False,False
484,8.065851583379096,870.0,670.0,1117.0,651.0,-0.12921944540605343,1.6475682180646747,-7.403728852788015,94.39870535499554,-2.8906306405872906,-6.1121895426771005,-0.031160614494240846,-0.008500686074857065,False,False
485,8.082516565989383,854.0,667.0,1100.0,676.0,-0.17483472135363146,1.5342272708813551,-10.017291645908854,87.90474743537615,-2.6563645069995605,-7.699539719406815,-0.028923073984170492,-0.01195163069823945,False,False
486,8.09918154859967,839.0,664.0,1081.0,708.0,-0.21775598203751562,1.3909428270024184,-12.476498734476209,79.69515353123397,-2.32919201812299,-9.367004903972436,-0.027250417906597497,-0.015712555739665613,False,False
487,8.115846531209959,827.0,661.0,1058.0,745.0,-0.25246661030971224,1.2220253232109897,-14.465271238720549,70.01689347810003,-1.758528254256123,-11.050322761170897,-0.0249424446099469,-0.01943325422138089,False,False
488,8.132511513820246,819.0,658.0,1027.0,785.0,-0.27636766759127296,1.0226359536964604,-15.834700946854403,58.59272412514306,-1.1698237279913837,-12.7512817383564,-0.025510985017118466,-0.02281506190920297,False,False
489,8.149176496430533,814.0,656.0,988.0,826.0,-0.2914567944778671,0.7970255463538322,-16.69924423399362,45.66619997018314,-0.42849751774033784,-14.17132501616895,-0.02680890947767206,-0.02486246627427148,False,False
490,8.16584147904082,814.0,657.0,941.0,864.0,-0.29064947495466065,0.550306183778101,-16.65298823259538,31.530221770435837,0.5339781568325179,-16.02254341217357,-0.028560971168944786,-0.026203538357369698,False,False
491,8.182506461651109,820.0,658.0,883.0,892.0,-0.2736593210820904,0.2629947316809195,-15.679524122419252,15.068488159492212,1.3907287227978875,-17.76025744279093,-0.03314796111767543,-0.026416889083181728,False,False
492,8.199171444261395,830.0,661.0,820.0,901.0,-0.24429653499255283,-0.04164257909858842,-13.997160404743306,-2.3859440303888126,2.0240977724600855,-18.58105711286522,-0.0350646572853624,-0.025233700814497023,False,False
493,8.215836426871682,843.0,665.0,760.0,888.0,-0.2061962127229547,-0.35631125565237476,-11.814172740607033,-20.415131141887972,2.2500100537300893,-18.38505649493348,-0.032234633451318884,-0.024104206974762322,False,False
494,8.23250140948197,856.0,667.0,711.0,856.0,-0.16930377815578745,-0.6544158726530068,-9.700391943945801,-37.49526754938804,2.142964379726715,-17.33227219924167,-0.024197099999078233,-0.023385828808966988,False,False
495,8.249166392092258,868.0,670.0,676.0,812.0,-0.1347712844777311,-0.9339952852466475,-7.721825800130975,-53.51398792975035,1.703772276506914,-15.329680074487623,-0.014308614154182588,-0.022288353376389593,False,False
496,8.265831374702545,876.0,670.0,657.0,764.0,-0.11251710743602975,-1.165353576378236,-6.446755379104556,-66.76984156694934,1.178755367637819,-13.306358406580387,-0.007249906105078623,-0.02081606640331485,False,False
497,8.282496357312832,882.0,671.0,647.0,717.0,-0.09548340907079783,-1.3774957481504624,-5.470796353277877,-78.92469266623726,0.8534685090218863,-11.791049223934152,-0.0006128463523421782,-0.01934549136816177,False,False
498,8.299161339923119,886.0,672.0,645.0,675.0,-0.08407103171347524,-1.5583488369260357,-4.816915296492629,-89.28681136498241,0.5098507100444256,-9.809575971588274,0.003116301885303059,-0.016597098415001683,False,False
499,8.315826322533407,888.0,672.0,650.0,640.0,-0.07849010263733194,-1.7044485741120903,-4.497151614667772,-97.65770969371388,0.4188846326092266,-8.296417595582938,0.006612158056914209,-0.014249205468315668,False,False
500,8.332491305143694,891.0,672.0,658.0,609.0,-0.07010962147717642,-1.8348681468421886,-4.016985413901961,-105.13020077704799,0.41923316451525094,-6.970911928785874,0.009526103004318597,-0.01217423034445092,False,False
501,8.349156287753981,893.0,672.0,666.0,585.0,-0.0645170758447275,-1.936788826254207,-3.6965561524283164,-110.96982555246255,0.34064838310858114,-5.214491216788431,0.009239481707178605,-0.00924039666618775,False,False
502,8.365821270364268,895.0,673.0,675.0,570.0,-0.058755822715722696,-2.008666957740735,-3.3664606634298013,-115.088139125927,0.4242299255368138,-3.7555124344888426,0.009739004024975021,-0.006931314467071689,False,False
503,8.382486252974557,898.0,673.0,683.0,558.0,-0.050377507181057816,-2.0619599250811573,-2.88641854386461,-118.14160123226173,0.502962285841343,-2.2089003392385393,0.00923032501169055,-0.0044781826546421094,False,False
504,8.399151235584844,901.0,673.0,689.0,554.0,-0.041992107221369514,-2.0822895292232766,-2.4059705166453,-119.30640174877685,0.6712765892591687,-0.3341971627626066,0.008685925900263505,-0.0015681094367141274,False,False
505,8.41581621819513,906.0,673.0,693.0,556.0,-0.028003881807664284,-2.0730987048928493,-1.60450423756235,-118.77980630439721,0.8408810088834139,1.1602634034131185,0.008518788495154786,0.0007212438565559883,False,False
506,8.432481200805418,911.0,674.0,694.0,563.0,-0.013965572440644275,-2.0436179903408127,-0.8001683593331333,-117.0906857835356,0.9240084839083782,2.647660364887912,0.007422439235478451,0.00317946261865153,False,False
507,8.449146183415706,917.0,674.0,694.0,576.0,0.002793288824519073,-1.9848522770152353,0.1600436606060017,-113.72365842990432,1.005586221142271,4.0613782049364815,0.00686905869656003,0.005601584877842878,False,False
508,8.465811166025993,923.0,674.0,695.0,594.0,0.0195505813363177,-1.908252396022678,1.1201657975982413,-109.33480853782642,1.0052099288311713,5.5533191426322475,0.00589147409469034,0.008333752622446134,False,False
509,8.48247614863628,929.0,674.0,693.0,619.0,0.03629690079183754,-1.7997603431325555,2.079659224777347,-103.11867179651229,0.9206863349524229,7.269991180937154,0.004974610319078731,0.011627379968278123,False,False
510,8.499141131246569,934.0,674.0,693.0,651.0,0.0502370248593409,-1.6659438428081483,2.8783694997340317,-95.45155109871274,0.7575740817354173,9.000133231256967,0.00496130709084927,0.01501524115169136,False,False
511,8.515806113856856,938.0,673.0,699.0,690.0,0.0615468185880888,-1.4997862155542174,3.5263729475548127,-85.9314203231546,0.5903651926887765,10.447750721410998,0.007526984674900287,0.017867001476067904,False,False
512,8.532471096467143,941.0,673.0,709.0,733.0,0.06991387619909521,-1.3177206746302943,4.005770035608293,-75.49983323344743,0.25103709396737095,11.836082908226821,0.010140766449020205,0.020370572243801326,False,False
513,8.54913607907743,941.0,673.0,726.0,781.0,0.06991387619909521,-1.1052899838751888,4.005770035608293,-63.328451214131135,-0.25618220807522185,13.572609034879857,0.014047061981569782,0.02286295437144553,False,False
514,8.565801061687718,938.0,674.0,756.0,829.0,0.061375332113816884,-0.8653460875452751,3.516547496335453,-49.58067863450251,-0.8412528461147564,15.589882950151306,0.02047189696540257,0.024974831491631707,False,False
515,8.582466044298005,931.0,674.0,799.0,873.0,0.04187494809638128,-0.585679727353805,2.399257793252028,-33.55697652374578,-1.5062305748848672,17.4231731633339,0.027929815611478084,0.025762171380714426,False,False
516,8.599131026908292,920.0,674.0,853.0,903.0,0.011172719438739298,-0.2846323319793205,0.6401496695235357,-16.308231335381596,-2.012594162021993,18.325223378776585,0.03300029753124856,0.024985409049651054,False,False
517,8.61579600951858,907.0,673.0,913.0,912.0,-0.025204745326941735,0.025099330520065605,-1.4441255309358456,1.4380857074036568,-2.098068260548115,18.392017575229985,0.03471362220125326,0.024540600707882543,False,False
518,8.632460992128868,895.0,673.0,972.0,899.0,-0.058755822715722696,0.32837297413931005,-3.3664606634298013,18.81438552434099,-1.7661670510892886,17.131038438934418,0.03053662834166678,0.02389651933681596,False,False
519,8.649125974739155,886.0,672.0,1021.0,871.0,-0.08407103171347524,0.5960762458820978,-4.816915296492629,34.15265315704652,-1.1856637196816755,15.114769082869655,0.024118313976916224,0.022795042598716474,False,False
520,8.665790957349442,881.0,671.0,1060.0,834.0,-0.09827395325600917,0.8321477019883606,-5.63068275763526,47.678551255443246,-0.42613070396385444,13.178548242260288,0.020654235844533273,0.02167792001023844,False,False
521,8.682455939959729,881.0,671.0,1090.0,795.0,-0.09827395325600917,1.0353168004542879,-5.63068275763526,59.31928312501873,0.17526172664080297,11.45521609636112,0.018062889724295133,0.01981342966637487,False,False
522,8.699120922570017,883.0,672.0,1111.0,757.0,-0.09243248600257256,1.2139496560742522,-5.295991337849466,69.55419183441248,0.5935754954363079,9.491931315999409,0.015386231072225812,0.01672508873508049,False,False
523,8.715785905180304,888.0,672.0,1126.0,725.0,-0.07849010263733194,1.3516825410926454,-4.497151614667772,77.44570484612704,1.010401993040845,8.00858566514868,0.01601220509695938,0.014146627766491436,False,False
524,8.732450887790591,895.0,673.0,1139.0,695.0,-0.058755822715722696,1.4808755377596439,-3.3664606634298013,84.84791829779377,1.2628761904486097,6.696538511581544,0.01609201063990923,0.011569388574679571,False,False
525,8.749115870400878,903.0,673.0,1148.0,672.0,-0.03639848313178897,1.5748779367818917,-2.085479464129627,90.23385902587327,1.3438432947247116,5.0106121565541955,0.015728930721974416,0.008381438140591944,False,False
526,8.765780853011167,911.0,674.0,1157.0,655.0,-0.013965572440644275,1.6478790666713863,-0.8001683593331333,94.41651566822763,1.4272802943449026,3.6690865637992616,0.016317304878655226,0.00584209185988317,False,False
527,8.782445835621454,920.0,674.0,1164.0,643.0,0.011172719438739298,1.697168464344605,0.6401496695235357,97.240590129645,1.5917148645671277,2.118051930272024,0.018619350370810802,0.003017716740069498,False,False
528,8.79911081823174,930.0,674.0,1172.0,638.0,0.03908622863644851,1.7184736638427223,2.2394759379518785,98.46128814257136,1.511375688992759,0.37933074842034387,0.01830358898569789,0.0001102385966747449,False,False
529,8.815775800842028,938.0,673.0,1181.0,639.0,0.0615468185880888,1.7098115449965492,3.5263729475548127,97.96498529104491,1.426081143186971,-1.110715706690094,0.017680215276936615,-0.002259878773254254,False,False
530,8.832440783452316,947.0,673.0,1190.0,646.0,0.08661746354058927,1.6814535479687922,4.96281509300405,96.3401917459099,1.4272028546178368,-2.5673061869053555,0.0176142874988014,-0.004498554637132119,False,False
531,8.849105766062603,955.0,672.0,1198.0,659.0,0.10911544009520785,1.6242433190764283,6.2518541971679715,93.06228708540006,1.256647493796156,-4.0576829183209995,0.014589659941966308,-0.006702472032181905,False,False
532,8.86577074867289,962.0,672.0,1206.0,678.0,0.12850148080333645,1.5462111174250366,7.362592511212546,88.59137126466153,1.2679282249215245,-5.548031230895376,0.012690835571740408,-0.008843300628722961,False,False
533,8.882435731283177,970.0,670.0,1212.0,702.0,0.15137544373402623,1.4393276311080276,8.673174047879765,82.46739859905264,1.3610146895687651,-7.153008433500524,0.010049713903195404,-0.01097287880464697,False,False
534,8.899100713893466,978.0,669.0,1212.0,732.0,0.17386405307135588,1.3078015951139772,9.96167645002725,74.9315118405078,1.4299013896149333,-8.742440279121368,0.005300115365452824,-0.01294901791529475,False,False
535,8.915765696503753,987.0,668.0,1207.0,767.0,0.19903400731874443,1.1479424006619559,11.403808598939994,65.77225468204583,1.5255676088104648,-10.096465495649568,-0.0007002326085105114,-0.014330514201770384,False,False
536,8.93243067911404,996.0,666.0,1195.0,802.0,0.2247111684146427,0.9712867512932531,12.875001559612476,55.65063154607626,1.6214131784480807,-11.496869806577756,-0.007926322475638254,-0.015733357526713676,False,False
537,8.949095661724328,1006.0,664.0,1172.0,837.0,0.25307565216460226,0.76475212986323,14.500166766552566,43.817069414803726,1.8027137620801952,-12.927323751201609,-0.015015148400177328,-0.016923934044505644,False,False
538,8.965760644334615,1017.0,661.0,1140.0,866.0,0.28479555540742835,0.5404195002705842,16.317583348929833,30.96375653207352,1.8229692068745695,-13.490082939891956,-0.02061252743352329,-0.017255268230694173,False,False
539,8.982425626944902,1027.0,658.0,1101.0,885.0,0.31383515242790877,0.3151281346539744,17.981429696964042,18.055512121503032,1.556535196960688,-13.551475148410306,-0.025503742536616508,-0.018040442161304744,False,False
540,8.99909060955519,1035.0,656.0,1056.0,892.0,0.33667481938672716,0.08874930488659766,19.290046219188735,5.084960604721819,1.1336193691430978,-12.99791824582013,-0.027540936593661254,-0.018597112269341576,False,False
541,9.015755592165478,1040.0,654.0,1012.0,890.0,0.3516186465748182,-0.11809202841909398,20.146264446839204,-6.766174822553061,0.7116961770781369,-11.877980127888922,-0.026092551700974544,-0.01820839273171163,False,False
542,9.032420574775765,1043.0,653.0,971.0,880.0,0.3603956282163588,-0.30714335966663053,20.649148451763285,-17.598018214366604,0.10711513925646798,-10.479666097364053,-0.02571519608422487,-0.01762698401469647,False,False
543,9.049085557386052,1041.0,653.0,933.0,867.0,0.35518879044083324,-0.46737893496746485,20.350818622616384,-26.77884040695511,-0.6053866674669752,-8.842348561652004,-0.027137243959872166,-0.016458316104380328,False,False
544,9.06575053999634,1036.0,655.0,900.0,853.0,0.34021811164468324,-0.601858529694696,19.493061911150996,-34.48395361545521,-1.2407345083995711,-7.061744916608285,-0.028772512013517725,-0.014459866904726755,False,False
545,9.082415522606627,1027.0,658.0,872.0,841.0,0.31383515242790877,-0.7027466474345994,17.981429696964042,-40.26441696497061,-1.7430075044335016,-5.506745431269078,-0.030779603856234183,-0.01241933720300864,False,False
546,9.099080505216914,1016.0,661.0,846.0,831.0,0.2821237321427154,-0.7853981633974483,16.16449915225692,-45.0,-2.147102229656805,-4.066710359028672,-0.03263403649589042,-0.01034742727523651,False,False
547,9.1157454878272,1002.0,664.0,823.0,825.0,0.2422723097884356,-0.8382899622631684,13.881180843763383,-48.0304768458606,-2.4929436401776037,-2.4652747705534566,-0.03422456273588003,-0.008065387849403846,False,False
548,9.132410470437488,987.0,668.0,803.0,824.0,0.19903400731874443,-0.8675656857591483,11.403808598939994,-49.707852244372226,-2.822420052276005,-1.0535736965107958,-0.03610426559094839,-0.00627672492938217,False,False
549,9.149075453047775,969.0,671.0,784.0,826.0,0.14820114760822192,-0.8734055369251891,8.49130027694645,-50.042451069170916,-3.1227845659957243,0.6090518355772225,-0.03705369730708309,-0.004311526730854205,False,False
550,9.165740435658064,950.0,673.0,770.0,832.0,0.09495170634275632,-0.8472660092618284,5.440332031005506,-48.54476645559488,-3.357466654279704,2.5519837483656005,-0.036033871464540616,-0.002122030808621801,False,False
551,9.18240541826835,929.0,674.0,759.0,843.0,0.03629690079183754,-0.7883480073486928,2.079659224777347,-45.169013608628504,-3.5210633826723985,3.8887120426523225,-0.03428950938216871,-0.0012041936859482506,False,False
552,9.199070400878638,908.0,673.0,750.0,854.0,-0.022405213741150863,-0.7176553721273997,-1.2837241864564621,-41.11862396779054,-3.6950669097131907,5.174864548094003,-0.032032373101072646,-0.00047543647752246697,False,False
553,9.215735383488926,885.0,672.0,747.0,867.0,-0.0868595507966036,-0.6158699519395265,-4.976685671047574,-35.28674897505972,-3.8115961327050734,6.5598858133917375,-0.027907075319072237,0.0004028472582306153,False,False
554,9.232400366099212,863.0,668.0,748.0,879.0,-0.14944558027908514,-0.4990146061161204,-8.562601016875107,-28.591430845836857,-3.762708544384376,7.317652843519099,-0.023331681707391316,0.000894423733748595,False,False
555,9.2490653487095,841.0,664.0,754.0,887.0,-0.212270495716091,-0.3719728371687995,-12.162203519681835,-21.312473663279206,-3.62284438705841,7.4692402232415365,-0.019986649413560008,0.00101680380746837,False,False
556,9.265730331319787,821.0,659.0,762.0,890.0,-0.27019485769930013,-0.2500650892513549,-15.481024992307754,-14.327674217664883,-3.445176150943455,7.398259049939215,-0.017745023322919797,0.001329802192044557,False,False
557,9.282395313930076,802.0,652.0,772.0,890.0,-0.32709809700579284,-0.12538912034151625,-18.74134044519272,-7.184267392426861,-3.0430631131511916,6.749654769888535,-0.015413230374974517,0.001742267862709982,False,False
558,9.299060296540365,787.0,647.0,781.0,886.0,-0.3716200454246513,-0.025099330520065605,-21.29226018529246,-1.4380857074036568,-2.4338713937760996,5.517547451794615,-0.012654024247903559,0.0019099390221429058,False,False
559,9.31572527915065,775.0,642.0,789.0,881.0,-0.4082189459117015,0.05851054432966771,-23.389222718019727,3.35240724710307,-1.9657573256405438,4.607108419445642,-0.01047338405764668,0.002106833136949899,False,False
560,9.332390261760938,766.0,637.0,797.0,877.0,-0.43713866872033735,0.12845543286746772,-25.046200779642785,7.359954158831979,-1.3595942145168767,3.4852017969362565,-0.006925959981903335,0.0021852632956587187,False,False
561,9.349055244371224,761.0,634.0,803.0,872.0,-0.45353417379564503,0.1746721990082397,-25.985594023443237,10.007979801441337,-0.7574659775891259,2.2629192029700884,-0.003229654888236135,0.0018537435448635763,False,False
562,9.365720226981512,758.0,633.0,807.0,870.0,-0.46238498340914935,0.20387845119942585,-26.492708059570848,11.681374787391018,-0.2655511205886132,1.360236341099406,0.00027122888210032387,0.0016383757978787853,False,False
563,9.3823852095918,758.0,633.0,811.0,870.0,-0.46238498340914935,0.22000882894884732,-26.492708059570848,12.6055773543846,0.3787993853505416,0.2685418100740451,0.0053055536918747434,0.0014239655060387945,False,False
564,9.399050192202088,762.0,635.0,813.0,871.0,-0.449759613069839,0.2128289403894617,-25.769327624338715,12.194200042557538,0.8698765809104287,-0.8490750414904555,0.00841450038906854,0.0008011785267917648,False,False
565,9.415715174812377,767.0,638.0,813.0,875.0,-0.43339202722120995,0.19170918734631012,-24.831534034394217,10.984127328826377,1.3239628117782125,-1.5323953304332072,0.012072270705771814,0.0009070477619167018,False,False
566,9.432380157422662,776.0,642.0,815.0,881.0,-0.4056319785999404,0.16175425732195498,-23.24100040931751,9.267836262821115,1.853346722319131,-2.2672559051959666,0.016332946593343084,0.00125826052783355,False,False
567,9.449045140032949,787.0,647.0,815.0,887.0,-0.3716200454246513,0.11614162687999023,-21.29226018529246,6.654425046006596,2.27625044681378,-3.236264290457447,0.01838347912000017,0.0010732828645215863,False,False
568,9.465710122643236,801.0,652.0,814.0,893.0,-0.32976463037432135,0.053889681076423154,-18.894121553140206,3.087651284985066,2.695717728977181,-3.734620378280022,0.021516964409896523,0.0018272437304168573,False,False
569,9.482375105253524,817.0,658.0,815.0,898.0,-0.28177186727335213,-0.008333140440135918,-16.14433878028348,-0.4774537773095774,3.0956007196017916,-4.121731673876207,0.024735859265099934,0.0027446646117726178,False,False
570,9.499040087863811,836.0,663.0,816.0,902.0,-0.2265883660532055,-0.08348749226241442,-12.98255706161405,-4.783480948767463,3.3743836326639967,-4.663700257854719,0.02601127921447428,0.0029984610061863873,False,False
571,9.515705070474098,856.0,667.0,817.0,903.0,-0.16930377815578745,-0.16377410783361504,-9.700391943945801,-9.383565172386575,3.515395286280247,-4.753472599610658,0.027280578640651032,0.003421144744336895,False,False
572,9.532370053084389,877.0,671.0,820.0,902.0,-0.10942036342490255,-0.24192056868440487,-6.269325017034554,-13.86102756302115,3.651989255712235,-4.339755601652549,0.030430009523212755,0.004471479977568341,False,False
573,9.549035035694674,899.0,673.0,827.0,899.0,-0.047583103276983396,-0.3084180111024965,-2.7263109939062655,-17.671050361992016,3.618158076840991,-3.757977672791143,0.03221986950566607,0.0050575756538622845,False,False
574,9.56570001830496,920.0,674.0,835.0,895.0,0.011172719438739298,-0.3671738338182192,0.6401496695235357,-21.037511025421818,3.525265589042688,-2.9608840063408,0.033973857237854344,0.005697556128321376,False,False
575,9.582365000915248,941.0,673.0,847.0,891.0,0.06991387619909521,-0.40710417205598876,4.005770035608293,-23.32535088097586,3.35431343494296,-2.0455899333490795,0.034955649340002656,0.006289098720594458,False,False
576,9.599029983525536,960.0,672.0,860.0,887.0,0.12297186956429715,-0.4353532751523024,7.045769124867488,-24.94390526342458,3.0221074693657757,-0.8475587330907715,0.03450908972279668,0.006967694356484365,False,False
577,9.615694966135823,977.0,670.0,877.0,885.0,0.17064061304589892,-0.4353532751523024,9.776986941055023,-24.94390526342458,2.7896972377023816,0.6162320271058643,0.0356969017022463,0.008581163452672635,False,False
578,9.63235994874611,993.0,667.0,897.0,885.0,0.21595238147284848,-0.41481428312106017,12.37316003419337,-23.76710770458157,2.5540552552797227,1.8097789420655914,0.03595773323111752,0.00986384741458353,False,False
579,9.649024931356395,1007.0,664.0,920.0,885.0,0.255767185875792,-0.37503340595633455,14.654380288620922,-21.48783133771444,2.145541513145357,3.0718413172385315,0.03432007632622855,0.010936607286803016,False,False
580,9.665689913966686,1018.0,661.0,945.0,887.0,0.28746320548528187,-0.3124299188543654,16.470428439608586,-17.90091574396992,1.742215035864045,4.268281215235777,0.03282184303204457,0.012013231071911212,False,False
581,9.682354896576973,1027.0,658.0,972.0,890.0,0.31383515242790877,-0.23277174150088592,17.981429696964042,-13.336838377910954,1.3189821541153428,5.20553242234344,0.030692306817971228,0.012592584181815216,False,False
582,9.69901987918726,1033.0,656.0,1000.0,892.0,0.3314248348085038,-0.13892970426308895,18.989244260347768,-7.960085703275678,0.8701451335519721,5.975732220744623,0.028105066905325774,0.012755470978789547,False,False
583,9.715684861797548,1037.0,655.0,1029.0,893.0,0.3428370594660485,-0.033600794415993215,19.643116568080206,-1.9251837083231549,0.4991135373519793,6.694229061607402,0.026529171161478755,0.012960228094436928,False,False
584,9.732349844407835,1039.0,655.0,1059.0,892.0,0.3480602716495644,0.08418871753885106,19.942384581696977,4.823658197595177,0.18516292362625109,7.103730975955763,0.024775211693443464,0.012722723869032077,False,False
585,9.749014827018122,1039.0,654.0,1087.0,887.0,0.34900853327065123,0.20316631194892554,19.99671597045949,11.64057221391174,-0.15671220023631172,7.247426985881429,0.02163085099414069,0.011872243287858174,False,False
586,9.76567980962841,1037.0,655.0,1113.0,880.0,0.3428370594660485,0.3257452069169275,19.643116568080206,18.663825552955657,-0.5275642607419204,7.308658935229934,0.017556659943638572,0.010754029841642518,False,False
587,9.782344792238698,1033.0,656.0,1136.0,871.0,0.3314248348085038,0.4467636600691884,18.989244260347768,25.59767216178188,-0.7908458281914452,7.026547692071528,0.013268635695772293,0.009424650405586385,False,False
588,9.799009774848985,1028.0,658.0,1154.0,859.0,0.31647819551759065,0.5599397971143883,18.132864911074034,32.08218715606604,-0.896031186866713,6.406925054554897,0.00948391825553127,0.008090257880585913,False,False
589,9.815674757459272,1023.0,660.0,1169.0,848.0,0.30156014651368673,0.6603062493083264,17.278123664580995,37.83276127148024,-0.9505752526439295,5.699685309065753,0.005925427279092711,0.006814875690364645,False,False
590,9.83233974006956,1017.0,661.0,1180.0,836.0,0.28479555540742835,0.7499101102337746,16.317583348929833,42.96668433058561,-1.1105870963631972,4.909950044674805,0.0008592332473321973,0.005129012342361471,False,False
591,9.849004722679847,1010.0,663.0,1185.0,825.0,0.2645443172174816,0.823954713532103,15.157272870731735,47.20912759530028,-1.1135384004434936,3.640267539701778,-0.0034548603169441694,0.003120177359831338,False,False
592,9.865669705290134,1004.0,664.0,1187.0,818.0,0.24768135924887327,0.8712401007256189,14.191096549023976,49.91838071413069,-1.1951152225701565,2.6508913381026318,-0.007514589568538661,0.0013432699590473999,False,False
593,9.88233468790042,996.0,666.0,1186.0,813.0,0.2247111684146427,0.9123088296345804,12.875001559612476,52.2714455505811,-1.2959425381581537,1.882845784738329,-0.011033101438692258,-7.150078737224288e-05,False,False
594,9.898999670510708,989.0,668.0,1181.0,810.0,0.20448763952420046,0.9339952852466475,11.716278707329248,53.51398792975035,-1.27857802765726,0.6506594131900947,-0.014005854640926843,-0.0020179984925683767,False,False
595,9.915664653120997,981.0,669.0,1173.0,811.0,0.18209620722103176,0.9339952852466475,10.433344139104785,53.51398792975035,-1.3453650361404268,-0.6506594131902013,-0.01797359826792803,-0.004337868826045529,False,False
596,9.932329635731284,973.0,670.0,1163.0,817.0,0.15964666966066154,0.9123088296345804,9.147080384875153,52.2714455505811,-1.3481776178234224,-1.8023332075997018,-0.020766637422817025,-0.006309794406010098,False,False
597,9.94899461834157,965.0,671.0,1149.0,825.0,0.13716149410782097,0.8739235821214641,7.858774724086651,50.0721328725145,-1.3496355694572912,-2.8344964991865957,-0.023358161703002155,-0.00812436082179536,False,False
598,9.965659600951858,957.0,672.0,1132.0,836.0,0.11466336307020064,0.8178351598988528,6.569726768698722,46.8585029996111,-1.2664215964740198,-3.8060261729374076,-0.024982239933299344,-0.009673828033746116,False,False
599,9.982324583562146,950.0,673.0,1113.0,849.0,0.09495170634275632,0.7470688621488583,5.440332031005506,42.80389280677028,-1.1754233128360458,-4.879946270253111,-0.027074477194374176,-0.011404099953176273,False,False
600,9.998989566172432,943.0,673.0,1089.0,863.0,0.07548654493392346,0.6551867204330519,4.32506043473846,37.539433873831655,-1.1744325236246016,-5.7478345871497645,-0.030116523858947097,-0.013045473065974051,False,False
601,10.01565454878272,936.0,674.0,1062.0,877.0,0.05580791117643754,0.5554937352655436,3.197557773850848,31.827446576673108,-1.0921198404072612,-6.42086598656153,-0.03182763843938031,-0.014116554879722801,False,False
602,10.032319531393007,930.0,674.0,1032.0,890.0,0.03908622863644851,0.4411794804149806,2.2394759379518785,25.27772223555295,-0.920299204454168,-7.331326652017866,-0.03337852255585888,-0.015305251669299708,False,False
603,10.048984514003296,925.0,674.0,998.0,901.0,0.025134370699456985,0.31114087293310727,1.4400933617961642,17.827058853083276,-0.8374898987436039,-7.806873020475773,-0.03480818291338295,-0.015975069141981702,False,False
604,10.065649496613585,920.0,674.0,963.0,909.0,0.011172719438739298,0.18097667416105903,0.6401496695235357,10.36919961974298,-0.837914451429938,-7.949460838641365,-0.03594736588030284,-0.0162921880065718,False,False
605,10.08231447922387,915.0,674.0,926.0,912.0,-0.002793288824519073,0.04618561965887765,-0.1600436606060017,2.6462410806501344,-0.7542249658234836,-8.081420383230892,-0.035703183253972204,-0.016279445140139466,False,False
606,10.098979461834157,911.0,674.0,890.0,911.0,-0.013965572440644275,-0.0883767861448488,-0.8001683593331333,-5.063616853030085,-0.6724116378191887,-7.973702984615375,-0.03431077970740974,-0.015823667956197378,False,False
607,10.115644444444444,907.0,673.0,855.0,906.0,-0.025204745326941735,-0.2195776234975388,-1.4441255309358456,-12.580871101921586,-0.6730553285215,-7.673812865755303,-0.0329320029500331,-0.015277953054103885,False,False
608,10.132309427054732,903.0,673.0,822.0,899.0,-0.03639848313178897,-0.3441447020696782,-2.085479464129627,-19.718038970379688,-0.7594976840790747,-7.042445488388123,-0.03130176694377403,-0.014407614979030316,False,False
609,10.14897440966502,898.0,672.0,793.0,887.0,-0.05051877672240473,-0.45430208669331623,-2.894512692357537,-26.02959219151346,-0.9275555031731877,-6.341111723254786,-0.030461397609236336,-0.013633500968330057,False,False
610,10.165639392275308,892.0,672.0,766.0,875.0,-0.06731387579270513,-0.5554937352655436,-3.856800985589843,-31.827446576673108,-0.9229660024227924,-5.5762838561758254,-0.0274299023508737,-0.01220274853738243,False,False
611,10.182304374885597,887.0,672.0,744.0,864.0,-0.08128120148293176,-0.6401594336797237,-4.6570697987244785,-36.6784337653331,-0.9288961827116977,-4.594440343658025,-0.024122084364444393,-0.01043481591654614,False,False
612,10.198969357495882,881.0,671.0,725.0,853.0,-0.09827395325600917,-0.7086262721276703,-5.63068275763526,-40.60129464500447,-1.1044364040752548,-3.470197401859103,-0.022810432589337636,-0.008899846936314198,False,False
613,10.215634340106169,874.0,670.0,710.0,844.0,-0.11809202841909398,-0.7558209923922049,-6.766174822553061,-43.30535293146284,-1.1063466089057474,-2.2143599742835924,-0.019338644350915053,-0.00670144180774305,False,False
614,10.232299322716456,868.0,669.0,700.0,838.0,-0.13514844725273756,-0.7824308130563733,-7.743435635328288,-44.8299833491197,-1.0240129053167064,-1.3298953019151618,-0.015976015161232753,-0.00495400750664826,False,False
615,10.248964305326744,862.0,668.0,690.0,835.0,-0.15222234293872042,-0.8001463565520431,-8.72169779798173,-45.84500922320202,-1.0247634726592736,-0.44407839450989073,-0.013664514663712922,-0.0034413649759006014,False,False
616,10.265629287937031,856.0,667.0,685.0,834.0,-0.16930377815578745,-0.7972319305005993,-9.700391943945801,-45.678024910751304,-0.9420946893511077,0.7079971285504456,-0.00961228498673608,-0.0012936056807993526,False,False
617,10.282294270547318,851.0,666.0,683.0,837.0,-0.18362232616928015,-0.7765488368811906,-10.520784313874362,-44.492970939085225,-0.8593692083418993,1.3340287496758307,-0.006851817147965159,-6.091723985624268e-05,False,False
618,10.298959253157609,846.0,665.0,683.0,839.0,-0.19794652398145807,-0.7527687986706527,-11.341500393422685,-43.13047511296158,-0.7770945185355851,1.9561680389638063,-0.004021230135904538,0.0011731743655707095,False,False
619,10.315624235767894,842.0,664.0,686.0,845.0,-0.20952285944517204,-0.7113498241769309,-12.004775557721116,-40.75734268271131,-0.6125798395198752,2.8512119730111785,0.0007337375662080075,0.0031076426307638043,False,False
620,10.33228921837818,839.0,663.0,693.0,852.0,-0.21836378872747883,-0.6577380027737101,-12.511323492570918,-37.685611584297625,-0.4486313450674384,3.388270283243017,0.00459476138087566,0.004455355033770166,False,False
621,10.348954200988468,837.0,662.0,702.0,860.0,-0.22447572657312903,-0.5984188934785372,-12.861511735772956,-34.28687697720896,-0.2657422016581208,3.584248806585702,0.007712831884069385,0.005311024262076532,False,False
622,10.365619183598756,836.0,662.0,713.0,868.0,-0.22722096706638278,-0.5382751147083189,-13.018802429784808,-30.840892289706936,-0.0823655372901122,4.0994186106665875,0.011808787739450372,0.006745885812988152,False,False
623,10.382284166209043,836.0,662.0,729.0,877.0,-0.22722096706638278,-0.4617854137604411,-13.018802429784808,-26.458355249175725,0.10113183094837375,4.266241269770015,0.014857478929874627,0.007611284129269878,False,False
624,10.39894914881933,837.0,663.0,745.0,883.0,-0.22385024665818054,-0.39608144156430747,-12.825674376476206,-22.69379494509236,0.34819858768716117,3.883989763746319,0.016811527778995406,0.007761623670868157,False,False
625,10.415614131429615,840.0,663.0,762.0,889.0,-0.2156155202489179,-0.3323321700177181,-12.353859307780537,-19.041230738439364,0.5950281356245712,4.016299037728179,0.0203561754022211,0.00880169022410974,False,False
626,10.432279114039906,844.0,664.0,782.0,895.0,-0.20401797959254858,-0.26221833432139385,-11.689369175439193,-15.02400386756629,0.8770705528583971,3.875367322287069,0.023402508125128334,0.009495366648465889,False,False
627,10.448944096650193,850.0,666.0,802.0,899.0,-0.1863827892261562,-0.20316631194892554,-10.678947196535141,-11.64057221391174,1.1246222887856003,3.4499410821364185,0.025045758908595273,0.009585717169935495,False,False
628,10.46560907926048,857.0,667.0,822.0,903.0,-0.16653435782104234,-0.14723191804075808,-9.541715847067199,-8.435767513351482,1.28712084890698,3.205128427823795,0.026224064653412614,0.009700746834942094,False,False
629,10.482274061870768,865.0,669.0,842.0,907.0,-0.14348309609740842,-0.09633949292208074,-8.220975837851515,-5.519846344865694,1.62068127066832,2.661910179741757,0.028502166625436066,0.009862774684469926,False,False
630,10.498939044481055,876.0,670.0,862.0,909.0,-0.11251710743602975,-0.05851054432966771,-6.446755379104556,-3.35240724710307,1.8662454101836508,2.137420844292995,0.029775447292819786,0.009769985244580415,False,False
631,10.515604027091342,887.0,672.0,881.0,911.0,-0.08128120148293176,-0.025099330520065605,-4.6570697987244785,-1.4380857074036568,1.948216979205367,1.881028675452755,0.029934169035756533,0.009599948696184142,False,False
632,10.53226900970163,899.0,673.0,900.0,912.0,-0.047583103276983396,0.004184076002074724,-2.7263109939062655,0.23972989608085238,2.0196729458551914,1.7611817038388184,0.030414428504320377,0.009631024416004056,False,False
633,10.548933992311916,911.0,674.0,919.0,912.0,-0.013965572440644275,0.033600794415993215,-0.8001683593331333,1.9251837083231549,2.0979845917736455,1.637317841542768,0.030964805623782697,0.00967762989782606,False,False
634,10.565598974922205,924.0,674.0,938.0,912.0,0.022342650200136066,0.058755822715722696,1.2801395596049208,3.3664606634298013,2.093416034350019,1.7574048683468095,0.03130560467474208,0.009871018412917494,False,False
635,10.582263957532492,936.0,674.0,958.0,912.0,0.05580791117643754,0.09217503755646181,3.197557773850848,5.2812406284451185,2.095183325100373,1.7654539242941971,0.03135358486675682,0.009890579393635475,False,False
636,10.59892894014278,949.0,673.0,977.0,910.0,0.09217503755646181,0.1175983406109762,5.2812406284451185,6.737888594750847,2.01512236641629,1.7761916577404357,0.030414055708573792,0.00964847136609593,False,False
637,10.615593922753067,960.0,672.0,996.0,908.0,0.12297186956429715,0.15137544373402623,7.045769124867488,8.673174047879765,1.8461612874421647,2.048175110870437,0.029244924556475836,0.009558067254927971,False,False
638,10.632258905363354,971.0,671.0,1015.0,905.0,0.153707529058479,0.18586394582193286,8.806792694435307,10.649219659244944,1.8560748163941674,1.8005111112125105,0.028552374262107872,0.009166808051465632,False,False
639,10.64892388797364,982.0,669.0,1032.0,902.0,0.18483477864149442,0.21138641644999373,10.590252723392442,12.111549508979438,1.7042331935532777,1.529699019713215,0.025812062029367453,0.008206799513512896,False,False
640,10.665588870583928,991.0,667.0,1047.0,899.0,0.21050956212735614,0.23684876094692026,12.061309457044501,13.570434385161485,1.5409655022166646,1.4038253471966007,0.02340711251051841,0.007455924108064187,False,False
641,10.682253853194217,1000.0,665.0,1061.0,896.0,0.23619510523648543,0.2581758664478214,13.532982671698946,14.792387519593365,1.3578659158184854,1.4336519920189552,0.021271714513067377,0.0069063898685736156,False,False
642,10.698918835804504,1007.0,664.0,1074.0,893.0,0.255767185875792,0.2846323319793205,14.654380288620922,16.308231335381596,1.1945026553876792,1.228386174208901,0.018604217856195288,0.00601879512343541,False,False
643,10.71558381841479,1014.0,662.0,1084.0,889.0,0.2760078371964399,0.29911793491163785,15.814084183889943,17.138195247105713,1.0547905713832169,0.9149665315530999,0.015871583805177097,0.005025352451965547,False,False
644,10.732248801025078,1019.0,660.0,1093.0,887.0,0.29092331893498385,0.3151281346539744,16.66867833691296,18.055512121503032,0.7914481876188635,0.8777398666354586,0.012536576694309898,0.004097292215265402,False,False
645,10.748913783635366,1023.0,659.0,1100.0,885.0,0.3023867777636638,0.32837297413931005,17.325486146418307,18.81438552434099,0.6079888750107596,0.5572775657176177,0.009246458175923074,0.002947561885416139,False,False
646,10.765578766245651,1026.0,658.0,1104.0,883.0,0.31118756699358885,0.3337021765375503,17.8297342256772,19.119726329931154,0.4227852522699074,0.4395734044255377,0.006600796618184508,0.0021387260351799493,False,False
647,10.78224374885594,1028.0,658.0,1108.0,882.0,0.31647819551759065,0.3430239404207034,18.132864911074034,19.65382405805331,0.1587348948307774,0.2796811764267293,0.002854491186903866,0.0009987873513915434,False,False
648,10.798908731466229,1028.0,658.0,1108.0,882.0,0.31647819551759065,0.3430239404207034,18.132864911074034,19.65382405805331,-1.7763568394002505e-15,-0.2796811764267755,-0.0009179480896910685,-0.00047779986364280435,False,False
649,10.815573714076516,1028.0,658.0,1106.0,883.0,0.31647819551759065,0.3337021765375503,18.132864911074034,19.119726329931154,-0.2636206998257915,-0.39888526237391275,-0.004525592716676676,-0.0015468571317745026,False,False
650,10.832238696686805,1025.0,659.0,1102.0,884.0,0.30769172676097223,0.32972910849878123,17.629437334496238,18.89208629959137,-0.5271762843383048,-0.5181739854251326,-0.008132372728460511,-0.002615681692008379,False,False
651,10.84890367929709,1022.0,660.0,1096.0,886.0,0.29890742829548356,0.3164314556251264,17.12613410644049,18.130186912500935,-0.6869545528181717,-0.7978833702298669,-0.011000019935527825,-0.003618200508878382,False,False
652,10.865568661907377,1017.0,661.0,1088.0,888.0,0.28479555540742835,0.303135683518947,16.317583348929833,17.36839528544909,-0.8478475516598216,-0.9892387151638822,-0.013591020775679844,-0.004473241797224223,False,False
653,10.882233644517664,1012.0,662.0,1079.0,892.0,0.27064869888631304,0.28346016365386906,15.5070281768928,16.24107103745431,-1.0325600108051356,-1.1949947648069648,-0.01652026541847506,-0.005431402604178778,False,False
654,10.898898627127952,1005.0,664.0,1067.0,894.0,0.2503803661591353,0.26330654956916083,14.345738253858634,15.08635400846512,-1.2968491817686214,-1.2463137808442903,-0.019913030473539473,-0.006386732494841843,False,False
655,10.91556360973824,997.0,666.0,1054.0,897.0,0.22742476076163326,0.24192056868440487,13.030478948414036,13.86102756302115,-1.376920927796415,-1.4347707159945875,-0.02150849818124978,-0.006971466006662705,False,False
656,10.932228592348526,989.0,668.0,1040.0,901.0,0.20448763952420046,0.21548569150556338,11.716278707329248,12.346420668726836,-1.5245726535659907,-1.5581258612783406,-0.02371502320876002,-0.007667156844954476,False,False
657,10.948893574958817,979.0,669.0,1024.0,903.0,0.17661080724203432,0.18998828791871572,10.11905387136708,10.885527054658738,-1.688765396047617,-1.7798061606185875,-0.02644577628483787,-0.00858476690975417,False,False
658,10.965558557569102,969.0,671.0,1006.0,906.0,0.14820114760822192,0.15616481407278227,8.49130027694645,8.947584754815628,-1.775462922145151,-1.92246411926553,-0.027972182488176983,-0.00911344349125721,False,False
659,10.982223540179389,958.0,672.0,988.0,909.0,0.11743468979652093,0.12591262568579822,6.728512093768681,7.214262039206761,-1.931130294131739,-1.7828206942491205,-0.029412803571313453,-0.009385936944777868,False,False
660,10.998888522789676,946.0,673.0,969.0,910.0,0.0838366420684145,0.09674346233893974,4.803485759069079,5.542992087504075,-1.9281017994908527,-2.0222667773598557,-0.030161682233825718,-0.009784757432673355,False,False
661,11.015553505399964,935.0,673.0,949.0,912.0,0.05317112387776182,0.05851054432966771,3.0464809901630283,3.35240724710307,-1.9287767120864356,-2.0240984215463156,-0.030176388170255634,-0.009790539499913053,False,False
662,11.032218488010251,923.0,674.0,930.0,913.0,0.0195505813363177,0.02928033234577806,1.1201657975982413,1.6776394661534724,-2.0154779645498033,-1.7554937109130384,-0.030352048532419813,-0.009616103909301812,False,False
663,11.048883470620538,911.0,673.0,911.0,912.0,-0.014004686583516114,0.0,-0.8024094346389614,0.0,-1.9303511540541871,-2.0077864198865054,-0.03014148755082676,-0.009767310597525392,False,False
664,11.065548453230829,900.0,673.0,891.0,912.0,-0.04478795549180923,-0.03763911919938858,-2.566160822700446,-2.1565626747147917,-1.85097976655504,-2.25538467074977,-0.02998655954897464,-0.009930168584078549,False,False
665,11.082213435841114,889.0,672.0,871.0,911.0,-0.07569777782678476,-0.07517189263510927,-4.337163187993752,-4.307032186002318,-1.8556351273700693,-2.023928152523404,-0.0292836060316545,-0.00955019374287918,False,False
666,11.0988784184514,878.0,671.0,853.0,908.0,-0.10663620974912547,-0.10509657413192951,-6.109804761896692,-6.021590139043345,-1.7002175343637882,-1.8955638604452227,-0.02696607117343138,-0.00882061436069463,False,False
667,11.115543401061688,869.0,669.0,836.0,906.0,-0.13236596911453966,-0.13835097017712528,-7.584011381422129,-7.926926682689598,-1.6172258334653447,-1.8841708565503525,-0.025916074407160632,-0.008528577382315546,False,False
668,11.132208383671976,859.0,668.0,819.0,904.0,-0.16053829053234211,-0.16789592325037456,-9.198166497748225,-9.619727799698852,-1.537846100814344,-1.7715166902216088,-0.024577731171937293,-0.008075454551573725,False,False
669,11.148873366282263,851.0,666.0,804.0,901.0,-0.18362232616928015,-0.19739555984988075,-10.520784313874362,-11.309932474020213,-1.304522485171014,-1.6454177465562951,-0.021316843191808616,-0.007093694134505724,False,False
670,11.16553834889255,844.0,664.0,791.0,898.0,-0.20401797959254858,-0.2227376395164109,-11.689369175439193,-12.761926682996691,-1.1247051365861784,-1.3973312693909579,-0.01830826838284694,-0.006079238365939618,False,False
671,11.182203331502835,838.0,663.0,780.0,896.0,-0.2211087092550966,-0.24396856246029966,-12.66859585390224,-13.978368962848982,-0.9426258746350547,-1.3386679437014486,-0.015893974670720276,-0.005381040677454396,False,False
672,11.198868314113126,833.0,662.0,770.0,892.0,-0.23543566721014877,-0.26735539552188037,-13.48947007798811,-15.318335793454574,-0.6957050685171202,-1.7004802212431445,-0.014067811389465373,-0.00518808605242504,False,False
673,11.215533296723413,830.0,661.0,759.0,890.0,-0.24429653499255283,-0.3006455090926114,-13.997160404743306,-17.22571880056865,-0.5320719326672645,-1.5526467567079418,-0.011580884699291517,-0.004396668734355439,False,False
674,11.2321982793337,827.0,660.0,752.0,887.0,-0.2531696062207922,-0.31910505792279287,-14.505549937440385,-18.283373040253704,-0.26621903651920764,-1.3474382943962837,-0.007662238324527788,-0.0031740999707958856,False,False
675,11.248863261943988,827.0,660.0,746.0,885.0,-0.2531696062207922,-0.34555558058171215,-14.505549937440385,-19.798876354524932,0.0,-1.1900886210133557,-0.0038907308913126797,-0.002033115664442656,False,False
676,11.265528244554275,827.0,660.0,743.0,884.0,-0.2531696062207922,-0.35877067027057225,-14.505549937440385,-20.556045219583467,0.18439731721592967,-0.9553081272061572,-0.0008694506022167234,-0.0010299675110124562,False,False
677,11.282193227164562,829.0,661.0,741.0,883.0,-0.24702365005121815,-0.3773959672364249,-14.153412587851403,-21.62319612790464,0.45013028763670526,-0.9551877182116773,0.0023819913722813125,-0.00016645559704704465,False,False
678,11.29885820977485,832.0,662.0,741.0,883.0,-0.23816677938913391,-0.3906070436976868,-13.645951279220736,-22.380135051959574,0.6131204717068943,-0.5606208768663343,0.005660652526870444,0.0010319520671909065,False,False
679,11.315523192385136,836.0,663.0,744.0,883.0,-0.2265883660532055,-0.39608144156430747,-12.98255706161405,-22.69379494509236,0.7769670175670038,-0.16424853222594216,0.008947340553617792,0.0022338476510020077,False,False
680,11.332188174995425,841.0,664.0,749.0,884.0,-0.212270495716091,-0.39608144156430747,-12.162203519681835,-22.69379494509236,0.9420314148676301,0.11626565760849417,0.01186795116717923,0.0032394750283988648,False,False
681,11.348853157605712,847.0,665.0,756.0,885.0,-0.19519049175897804,-0.39220631123986943,-11.183591378872517,-22.4717663324389,1.1231867214595495,0.2805122624125769,0.01460590156983464,0.004095617193428721,False,False
682,11.365518140216,854.0,667.0,764.0,888.0,-0.17483472135363146,-0.3867319776141511,-10.017291645908854,-22.158110120038693,1.2059343467369184,0.8413117669384675,0.0174127075697235,0.00530813694469482,False,False
683,11.382183122826286,861.0,668.0,776.0,891.0,-0.15499674192394097,-0.3641654193081543,-8.880659150520245,-20.865141570969183,1.2741913157735976,1.2354167416599218,0.01951276169830555,0.006202895202359686,False,False
684,11.398848105436574,869.0,669.0,788.0,894.0,-0.13236596911453966,-0.34555558058171215,-7.584011381422129,-19.798876354524932,1.4509625754113973,1.312419172646944,0.021913024080606497,0.006898168183177419,False,False
685,11.41551308804686,878.0,671.0,803.0,897.0,-0.10663620974912547,-0.3204225339290187,-6.109804761896692,-18.358858855020195,1.532697897928633,1.7924294774633083,0.0244497683858182,0.007979853337725315,False,False
686,11.432178070657148,887.0,672.0,820.0,900.0,-0.08128120148293176,-0.2858139684375267,-4.6570697987244785,-16.3759341173556,1.5996419725854667,1.9891345200820485,0.025910159865389797,0.008540782619650874,False,False
687,11.448843053267437,897.0,672.0,837.0,903.0,-0.05332019843747601,-0.2541247495556341,-3.0550223332674222,-14.560275619356876,1.5984811061962174,2.110061515712241,0.026289957721976093,0.008747577523679176,False,False
688,11.465508035877724,906.0,673.0,855.0,906.0,-0.028003881807664284,-0.21548569150556338,-1.60450423756235,-12.346420668726836,1.5997675990541576,2.4421039203406973,0.027394543966810535,0.009332469326897679,False,False
689,11.48217301848801,916.0,674.0,875.0,909.0,0.0,-0.17272951082565158,0.0,-9.896671967669098,1.7617922579158867,2.296911705002863,0.02892279746263905,0.009622363280623367,False,False
690,11.498838001098298,927.0,674.0,894.0,910.0,0.030716592874548504,-0.13892970426308895,1.7599311327332465,-7.960085703275678,1.7628528060824729,2.1544494776138596,0.02847866829188861,0.009385454896797754,False,False
691,11.515502983708586,937.0,673.0,913.0,910.0,0.058755822715722696,-0.10092178466729385,3.3664606634298013,-5.78239232236404,1.6771955894971762,2.3980385199958194,0.02823481798799237,0.009533394799703917,False,False
692,11.532167966318871,947.0,673.0,933.0,910.0,0.08661746354058927,-0.059003163794032726,4.96281509300405,-3.380632263317181,1.67739570037017,2.3977364112515516,0.02825310692480462,0.009545299021569417,False,False
693,11.54883294892916,957.0,672.0,952.0,910.0,0.11466336307020064,-0.021005313472176913,6.569726768698722,-1.203515809305026,1.5993778175507196,2.4004968723103746,0.027321262584296242,0.009303897309319707,False,False
694,11.565497931539449,966.0,671.0,971.0,909.0,0.13992467057411775,0.021005313472176913,8.01709307365533,1.203515809305026,1.514712482005832,2.4004968723104896,0.02630511607475309,0.009039046251845166,False,False
695,11.582162914149736,975.0,670.0,989.0,907.0,0.16514867741462683,0.059003163794032726,9.462322208025617,3.380632263317181,1.4451346141455996,2.2723740743661898,0.02504928599993072,0.00860014051617735,False,False
696,11.598827896760024,983.0,668.0,1006.0,905.0,0.18809095700264034,0.09674346233893974,10.776818000827928,5.542992087504075,1.279170223143801,2.148367262849117,0.02262997687923975,0.007852576893132795,False,False
697,11.61549287937031,990.0,667.0,1021.0,903.0,0.20778337646320408,0.13060816994581406,11.90511052431952,7.483296907822548,1.0987173604789655,2.1558221496774834,0.020461294610488123,0.007279608288193207,False,False
