frame,time_s,Gx,Gy,Bx,By,theta1_rad,theta2_rad,theta1_deg,theta2_deg,theta1_interpolated,theta2_rel_interpolated
0,0.0,1262.0,201.0,1245.0,447.0,1.8854295636503289,-0.06899599822871096,108.02715656635625,-3.9531795017972415,False,False
1,0.0166650010850694,1261.0,201.0,1245.0,448.0,1.88630253773138,-0.064686951267782,108.0771742968248,-3.7062892972123382,False,False
2,0.0333300021701388,1262.0,202.0,1244.0,449.0,1.882752002991117,-0.07274589877594403,107.87374364119314,-4.168032976747495,False,False
3,0.0499950032552083,1263.0,203.0,1245.0,449.0,1.8792143378973931,-0.07304056530311932,107.67105036199202,-4.1849161251184155,False,False
4,0.0666600043402777,1263.0,203.0,1245.0,449.0,1.8792143378973931,-0.07304056530311932,107.67105036199202,-4.1849161251184155,False,False
5,0.0833250054253472,1263.0,203.0,1244.0,450.0,1.8792143378973931,-0.07677189126977804,107.67105036199202,-4.398705354995532,False,False
6,0.0999900065104166,1263.0,203.0,1245.0,450.0,1.8792143378973931,-0.07274589877594403,107.67105036199202,-4.168032976747495,False,False
7,0.1166550075954861,1263.0,204.0,1244.0,450.0,1.8765340150861873,-0.07708273987648959,107.5174791771773,-4.416515668227626,False,False
8,0.1333200086805555,1263.0,205.0,1244.0,451.0,1.8738491494847147,-0.07708273987648959,107.36364770965305,-4.416515668227626,False,False
9,0.149985009765625,1263.0,204.0,1244.0,451.0,1.8765340150861873,-0.07677189126977804,107.5174791771773,-4.398705354995532,False,False
10,0.1666500108506944,1263.0,205.0,1244.0,451.0,1.8738491494847147,-0.07708273987648959,107.36364770965305,-4.416515668227626,False,False
11,0.1833150119357638,1263.0,205.0,1244.0,451.0,1.8738491494847147,-0.07708273987648959,107.36364770965305,-4.416515668227626,False,False
12,0.1999800130208333,1263.0,205.0,1244.0,451.0,1.8738491494847147,-0.07708273987648959,107.36364770965305,-4.416515668227626,False,False
13,0.2166450141059027,1263.0,205.0,1244.0,451.0,1.8738491494847147,-0.07708273987648959,107.36364770965305,-4.416515668227626,False,False
14,0.2333100151909722,1263.0,205.0,1244.0,451.0,1.8738491494847147,-0.07708273987648959,107.36364770965305,-4.416515668227626,False,False
15,0.2499750162760416,1263.0,205.0,1245.0,451.0,1.8738491494847147,-0.07304056530311932,107.36364770965305,-4.1849161251184155,False,False
16,0.2666400173611111,1263.0,205.0,1243.0,451.0,1.8738491494847147,-0.08112239210090098,107.36364770965305,-4.647970691387034,False,False
17,0.2833050184461805,1263.0,205.0,1243.0,451.0,1.8738491494847147,-0.08112239210090098,107.36364770965305,-4.647970691387034,False,False
18,0.29997001953125,1264.0,205.0,1245.0,451.0,1.873011178519711,-0.07708273987648959,107.31563551000383,-4.416515668227626,False,False
19,0.3166350206163194,1263.0,204.0,1244.0,450.0,1.8765340150861873,-0.07708273987648959,107.5174791771773,-4.416515668227626,False,False
20,0.3333000217013889,1263.0,205.0,1244.0,451.0,1.8738491494847147,-0.07708273987648959,107.36364770965305,-4.416515668227626,False,False
21,0.3499650227864583,1263.0,204.0,1245.0,450.0,1.8765340150861873,-0.07304056530311932,107.5174791771773,-4.1849161251184155,False,False
22,0.3666300238715277,1263.0,204.0,1244.0,450.0,1.8765340150861873,-0.07708273987648959,107.5174791771773,-4.416515668227626,False,False
23,0.3832950249565972,1263.0,204.0,1244.0,450.0,1.8765340150861873,-0.07708273987648959,107.5174791771773,-4.416515668227626,False,False
24,0.3999600260416667,1263.0,204.0,1245.0,450.0,1.8765340150861873,-0.07304056530311932,107.5174791771773,-4.1849161251184155,False,False
25,0.4166250271267361,1263.0,203.0,1244.0,449.0,1.8792143378973931,-0.07708273987648959,107.67105036199202,-4.416515668227626,False,False
26,0.4332900282118055,1263.0,203.0,1245.0,449.0,1.8792143378973931,-0.07304056530311932,107.67105036199202,-4.1849161251184155,False,False
27,0.449955029296875,1262.0,202.0,1246.0,448.0,1.882752002991117,-0.06494916896802275,107.87374364119314,-3.7213132647497598,False,False
28,0.4666200303819444,1262.0,202.0,1245.0,448.0,1.882752002991117,-0.06899599822871096,107.87374364119314,-3.9531795017972415,False,False
29,0.4832850314670139,1262.0,201.0,1246.0,447.0,1.8854295636503289,-0.06494916896802275,108.02715656635625,-3.7213132647497598,False,False
30,0.4999500325520833,1262.0,200.0,1246.0,447.0,1.8881024660105792,-0.064686951267782,108.18030259064916,-3.7062892972123382,False,False
31,0.5166150336371528,1261.0,200.0,1246.0,446.0,1.8889818339064204,-0.06090020827798799,108.23068665972015,-3.4893249057963907,False,False
32,0.5332800347222223,1261.0,199.0,1246.0,446.0,1.8916564094767687,-0.060654254227165146,108.38392855188991,-3.4752327767300955,False,False
33,0.5499450358072917,1261.0,199.0,1247.0,445.0,1.8916564094767687,-0.05684924733283777,108.38392855188991,-3.2572219406669563,False,False
34,0.5666100368923611,1260.0,198.0,1247.0,444.0,1.895223056783047,-0.05279641769902074,108.58828238955137,-3.0250119075636897,False,False
35,0.5832750379774306,1261.0,198.0,1247.0,444.0,1.894326238744259,-0.05684924733283777,108.53689850093761,-3.2572219406669563,False,False
36,0.5999400390625,1261.0,197.0,1247.0,443.0,1.8969912963724984,-0.05684924733283777,108.68959505519487,-3.2572219406669563,False,False
37,0.6166050401475694,1260.0,197.0,1247.0,443.0,1.8978944238006894,-0.05279641769902074,108.74134044519272,-3.0250119075636897,False,False
38,0.6332700412326389,1261.0,197.0,1247.0,443.0,1.8969912963724984,-0.05684924733283777,108.68959505519487,-3.2572219406669563,False,False
39,0.6499350423177084,1260.0,196.0,1248.0,442.0,1.900560957169218,-0.04874185130993159,108.89412155314021,-2.792702365713283,False,False
40,0.6666000434027778,1260.0,196.0,1247.0,442.0,1.900560957169218,-0.05279641769902074,108.89412155314021,-3.0250119075636897,False,False
41,0.6832650444878472,1260.0,195.0,1247.0,442.0,1.9032226321789938,-0.05258306161094172,109.0466242976358,-3.0127875041833403,False,False
42,0.6999300455729167,1260.0,195.0,1247.0,441.0,1.9032226321789938,-0.05279641769902074,109.0466242976358,-3.0250119075636897,False,False
43,0.7165950466579861,1260.0,194.0,1248.0,440.0,1.9058794244856845,-0.04874185130993159,109.198847283852,-2.792702365713283,False,False
44,0.7332600477430555,1259.0,194.0,1248.0,440.0,1.9068061642341576,-0.04468568044046011,109.25194556014654,-2.560300893908658,False,False
45,0.749925048828125,1260.0,193.0,1249.0,439.0,1.9085313101099046,-0.04468568044046011,109.35078913787125,-2.560300893908658,False,False
46,0.7665900499131945,1259.0,193.0,1248.0,439.0,1.9094642341616923,-0.04468568044046011,109.40424174864492,-2.560300893908658,False,False
47,0.7832550509982639,1259.0,193.0,1248.0,439.0,1.9094642341616923,-0.04468568044046011,109.40424174864492,-2.560300893908658,False,False
48,0.7999200520833334,1259.0,192.0,1249.0,439.0,1.9121173360329937,-0.0404637315476606,109.55625328848875,-2.318401041031315,False,False
49,0.8165850531684028,1259.0,192.0,1248.0,439.0,1.9121173360329937,-0.04450500603413473,109.55625328848875,-2.5499490129601816,False,False
50,0.8332500542534722,1259.0,193.0,1249.0,439.0,1.9094642341616923,-0.04062803768137312,109.40424174864492,-2.3278150890411546,False,False
51,0.8499150553385417,1259.0,193.0,1249.0,439.0,1.9094642341616923,-0.04062803768137312,109.40424174864492,-2.3278150890411546,False,False
52,0.8665800564236111,1259.0,193.0,1248.0,440.0,1.9094642341616923,-0.04450500603413473,109.40424174864492,-2.5499490129601816,False,False
53,0.8832450575086805,1260.0,194.0,1248.0,440.0,1.9058794244856845,-0.04874185130993159,109.198847283852,-2.792702365713283,False,False
54,0.8999100585937501,1260.0,194.0,1248.0,441.0,1.9058794244856845,-0.04854482638882817,109.198847283852,-2.781413669275159,False,False
55,0.9165750596788196,1260.0,195.0,1247.0,441.0,1.9032226321789938,-0.05279641769902074,109.0466242976358,-3.0250119075636897,False,False
56,0.9332400607638888,1260.0,195.0,1247.0,441.0,1.9032226321789938,-0.05279641769902074,109.0466242976358,-3.0250119075636897,False,False
57,0.9499050618489584,1260.0,195.0,1248.0,441.0,1.9032226321789938,-0.04874185130993159,109.0466242976358,-2.792702365713283,False,False
58,0.9665700629340278,1260.0,194.0,1247.0,440.0,1.9058794244856845,-0.05279641769902074,109.198847283852,-3.0250119075636897,False,False
59,0.9832350640190972,1259.0,193.0,1248.0,439.0,1.9094642341616923,-0.04468568044046011,109.40424174864492,-2.560300893908658,False,False
60,0.9999000651041668,1260.0,193.0,1249.0,440.0,1.9085313101099046,-0.04450500603413473,109.35078913787125,-2.5499490129601816,False,False
61,1.0165650661892365,1261.0,198.0,1247.0,446.0,1.894326238744259,-0.05639176092595928,108.53689850093761,-3.231009900368214,False,False
62,1.0332300672743056,1265.0,208.0,1246.0,456.0,1.864135345454947,-0.07646353481948343,106.80708773573019,-4.381037831808015,False,False
63,1.049895068359375,1269.0,224.0,1244.0,472.0,1.8178199768461147,-0.10046705551512812,104.1534125878514,-5.756338261123382,False,False
64,1.0665600694444446,1273.0,245.0,1240.0,493.0,1.7577008303588069,-0.13228740129383595,100.70883922619991,-7.579509776890266,False,False
65,1.083225070529514,1277.0,272.0,1237.0,519.0,1.6808316575017002,-0.16054949827913623,96.30456004682611,-9.198808654337379,False,False
66,1.0998900716145834,1279.0,305.0,1233.0,551.0,1.587696126182742,-0.1848570320184407,90.96828717954132,-10.591527747971378,False,False
67,1.116555072699653,1277.0,343.0,1230.0,589.0,1.4803918674302312,-0.188781833972315,84.82020602924273,-10.816402335353073,False,False
68,1.1332200737847222,1271.0,386.0,1227.0,633.0,1.3579323875137475,-0.17628845250735992,77.80379466866114,-10.100584305564178,False,False
69,1.1498850748697915,1256.0,434.0,1226.0,682.0,1.2159925778645142,-0.12038282080055934,69.6712426308698,-6.897427557751748,False,False
70,1.1665500759548613,1232.0,485.0,1227.0,733.0,1.056559009024706,-0.020158559284127634,60.536372023640304,-1.1550003680447756,False,False
71,1.1832150770399306,1196.0,537.0,1230.0,780.0,0.8775062755089559,0.13901521820165255,50.277406082907206,7.964985291044913,False,False
72,1.199880078125,1144.0,588.0,1230.0,811.0,0.6712089480807923,0.36807500509724905,38.457439896444995,21.089144336328633,False,False
73,1.2165450792100696,1078.0,629.0,1219.0,817.0,0.45099005716675417,0.6435011087932844,25.839826878018737,36.86989764584402,False,False
74,1.233210080295139,1005.0,656.0,1186.0,802.0,0.2306059362595526,0.8920258563471872,13.212746878335242,51.109316785236885,False,False
75,1.2498750813802084,931.0,665.0,1135.0,784.0,0.019771434615158817,1.042721878368537,1.1328197583674633,59.743562836470744,False,False
76,1.2665400824652775,861.0,659.0,1073.0,769.0,-0.17909477459664214,1.0921685650267206,-10.261374717234386,62.576649292890494,False,False
77,1.2832050835503472,796.0,642.0,1004.0,762.0,-0.36899458843172434,1.047518004662921,-21.141832580304634,60.01836063115067,False,False
78,1.2998700846354168,739.0,614.0,928.0,761.0,-0.5481488149435806,0.9097531579442097,-31.406613641364757,52.1250163489018,False,False
79,1.316535085720486,691.0,579.0,843.0,765.0,-0.7156512023816337,0.6851436878918729,-41.00379349993034,39.25584167623284,False,False
80,1.3332000868055556,655.0,543.0,748.0,764.0,-0.8591166290422023,0.39832013937745453,-49.22375695362456,22.822062881390856,False,False
81,1.349865087890625,628.0,510.0,642.0,750.0,-0.9789057179552093,0.0582673029695334,-56.087166180057224,3.3384705437643523,False,False
82,1.3665300889756944,612.0,483.0,534.0,712.0,-1.066969348353607,-0.32828640904257333,-61.13284053048539,-18.809425709644838,False,False
83,1.383195090060764,603.0,467.0,439.0,644.0,-1.118426435132486,-0.7472934492503273,-64.08111442895358,-42.81676069981752,False,False
84,1.3998600911458334,599.0,459.0,376.0,550.0,-1.143473584649103,-1.1833509708457897,-65.51621038508888,-67.80101631217227,False,False
85,1.4165250922309027,597.0,455.0,357.0,444.0,-1.1559820436738364,-1.6165976065764707,-66.23289229541842,-92.62422002778206,False,False
86,1.4331900933159722,594.0,449.0,378.0,345.0,-1.174714885230589,-2.0195196708056176,-67.30620505490764,-115.70995378081126,False,False
87,1.4498550944010418,591.0,440.0,428.0,263.0,-1.2012099524220767,-2.397347712833788,-68.82426058289542,-137.3579059707169,False,False
88,1.466520095486111,587.0,429.0,497.0,206.0,-1.233989337173676,-2.757997483211688,-70.70238098419755,-158.02161569573283,False,False
89,1.4831850965711806,582.0,415.0,575.0,175.0,-1.2755882101496516,-3.112434253344649,-73.08582083822176,-178.32934672860003,False,False
90,1.49985009765625,577.0,400.0,657.0,171.0,-1.31972430644886,2.805501491724339,-75.61463288034936,160.74339489346127,False,False
91,1.5165150987413194,574.0,385.0,731.0,196.0,-1.362436294067198,2.4484176903456967,-78.06184950549516,140.28400014197732,False,False
92,1.533180099826389,571.0,370.0,788.0,249.0,-1.4051883016863485,2.0794585515702297,-80.51135910778362,119.14419867736142,False,False
93,1.5498451009114584,569.0,357.0,804.8130053473012,322.51483639195425,-1.4419368582095673,1.7160064589738653,-82.61689629976202,98.31992771639173,False,True
94,1.5665101019965275,568.0,351.0,816.0,406.0,-1.4589060606232205,1.3525543663774995,-83.58915997976756,77.49565675542198,False,False
95,1.5831751030815973,568.0,352.0,784.0,488.0,-1.456132963724696,1.0088747645380813,-83.43027323130129,57.804266065286754,False,False
96,1.5998401041666668,570.0,364.0,733.0,561.0,-1.4221826604326866,0.6912330326659397,-81.48506413948004,39.604735431786914,False,False
97,1.616505105251736,574.0,385.0,668.0,623.0,-1.362436294067198,0.3761522681984148,-78.06184950549516,21.551937422042183,False,False
98,1.6331701063368056,582.0,417.0,598.0,671.0,-1.2702440100043313,0.0629090060351253,-72.7796207250217,3.6044205391757043,False,False
99,1.6498351074218751,599.0,459.0,527.0,698.0,-1.143473584649103,-0.29260798353188233,-65.51621038508888,-16.765202508210354,False,False
100,1.6665001085069444,629.0,510.0,469.0,693.0,-0.9773378147955163,-0.7184430027369195,-55.99733194632159,-41.16375187753134,False,False
101,1.683165109592014,673.0,562.0,451.0,651.0,-0.7853981633974483,-1.189513552323006,-45.0,-68.15410622172227,False,False
102,1.6998301106770837,722.0,603.0,482.0,599.0,-0.6051884113934649,-1.5874614505088374,-34.67474178307253,-90.95484125387219,False,False
103,1.7164951117621527,773.0,631.0,541.0,554.0,-0.44089553068171616,-1.8912532208524087,-25.261453114243032,-108.36082754536639,False,False
104,1.7331601128472225,824.0,650.0,614.0,521.0,-0.286849781001648,-2.121653861326613,-16.435281805646373,-121.56181184164936,False,False
105,1.7498251139322918,878.0,661.0,690.0,499.0,-0.13067957641511882,-2.282044970533724,-7.487388197143641,-130.7515454706387,False,False
106,1.766490115017361,934.0,664.0,763.0,482.0,0.028321037544288875,-2.387345882833952,1.6226759227193017,-136.78484332431898,False,False
107,1.7831551161024306,991.0,658.0,829.0,467.0,0.19073639080362878,-2.4381633896753008,10.928390192605818,-139.69647199170544,False,False
108,1.7998201171875,1046.0,642.0,886.0,452.0,0.3531303850260519,-2.4416997838705496,20.232880679822536,-139.89909245378777,False,False
109,1.8164851182725692,1097.0,619.0,931.0,434.0,0.5117726523704554,-2.4102727660000243,29.322413051042943,-138.09845696712446,False,False
110,1.833150119357639,1142.0,589.0,980.1628546463736,414.05504184518725,0.665015342596889,-2.395095607541668,38.10257244224825,-137.22886984245937,False,True
111,1.8498151204427085,1180.0,555.0,1015.5264281513757,382.53132410969397,0.8093935569893181,-2.3799184490833105,46.3748347805694,-136.3592827177942,False,True
112,1.8664801215277775,1209.0,519.0,1035.0,342.0,0.9403330279623939,-2.3647412906249565,53.8771138390024,-135.48969559312923,False,False
113,1.8831451226128475,1232.0,484.0,1045.0,322.0,1.0590236744244412,-2.2846834008934773,60.677586948957064,-130.90271639479175,False,False
114,1.8998101236979168,1249.0,452.0,1055.0,297.0,1.1614568307724493,-2.2449083382837647,66.54657448990163,-128.6237731773866,False,False
115,1.916475124782986,1260.0,423.0,1064.0,271.0,1.2490457723982544,-2.230425069431817,71.56505117707799,-127.79394299861673,False,False
116,1.933140125868056,1267.0,399.0,1072.0,247.0,1.319653358186029,-2.232903702409494,75.61056784432537,-127.93595820719955,False,False
117,1.9498051269531247,1272.0,380.0,1076.0,227.0,1.3750591402174301,-2.2336031622472765,78.78508531534642,-127.97603430384339,False,False
118,1.9664701280381944,1274.0,366.0,1080.0,211.0,1.4149281253965742,-2.2449083382837647,81.06940989958102,-128.6237731773866,False,False
119,1.983135129123264,1275.0,357.0,1084.0,200.0,1.4404848504863856,-2.258802441622316,82.5337023854033,-129.4198466588042,False,False
120,1.9998001302083332,1276.0,354.0,1086.0,193.0,1.449239506127318,-2.2737606385207423,83.03530720471913,-130.27688821020973,False,False
121,2.016465131293403,1275.0,357.0,1089.0,192.0,1.4404848504863856,-2.2964366638039473,82.5337023854033,-131.57612875506933,False,False
122,2.0331301323784725,1274.0,365.0,1092.0,196.0,1.4177176295981941,-2.3191743743184148,81.22923671726784,-132.87890360333856,False,False
123,2.0497951334635416,1271.0,379.0,1094.0,204.0,1.3772831656303102,-2.3505127331514974,78.91251258503429,-134.6744593013407,False,False
124,2.066460134548611,1266.0,399.0,1096.0,216.0,1.3189496397895992,-2.393005050327515,75.57024775024423,-137.10908973725776,False,False
125,2.0831251356336806,1259.0,423.0,1100.0,232.0,1.248150517489714,-2.4473695756988723,71.51375684923026,-140.22394759626843,False,False
126,2.09979013671875,1247.0,454.0,1102.0,250.0,1.154009190822295,-2.5236655043516305,66.11985615342475,-144.5953823021027,False,False
127,2.11645513780382,1230.0,488.0,1104.0,271.0,1.0463871032507783,-2.61552623459303,59.953564753189504,-149.85861444792468,False,False
128,2.133120138888889,1205.0,524.0,1106.0,294.0,0.9221903275761185,-2.7351277170555237,52.837613677898446,-156.7112746165335,False,False
129,2.1497851399739583,1172.0,562.0,1109.0,318.0,0.7793862117815151,-2.888914431357237,44.65554054577017,-165.52260429120582,False,False
130,2.166450141059028,1130.0,597.0,1112.0,346.0,0.6242072489592012,-3.070002063104254,35.764440906834075,-175.89816131232917,False,False
131,2.1831151421440973,1079.0,627.0,1117.0,377.0,0.456023868522138,2.9907472919688534,26.12824302354726,171.35719741999546,False,False
132,2.199780143229167,1022.0,649.0,1123.0,417.0,0.2822028398080832,2.7309925743504584,16.169031687609625,156.47434839184893,False,False
133,2.2164451443142363,962.0,662.0,1127.0,470.0,0.10784208941753437,2.4316810351262683,6.178896577497158,139.32506043473845,False,False
134,2.233110145399306,903.0,663.0,1123.0,542.0,-0.05958846199041373,2.0736395377227574,-3.414167379726432,118.81079374297306,False,False
135,2.249775146484375,851.0,656.0,1098.0,634.0,-0.2085185716318178,1.6596307322701849,-11.947234104599495,95.08983650928788,False,False
136,2.2664401475694445,810.0,646.0,1036.0,737.0,-0.32800605814403433,1.1880033683017819,-18.79336278637585,68.06757905101803,False,False
137,2.283105148654514,782.0,634.0,928.0,826.0,-0.41419557439768495,0.6501345106680229,-23.731658305984244,37.249963577080706,False,False
138,2.2997701497395835,770.0,629.0,787.0,870.0,-0.45099005716675417,0.07042277023580182,-25.839826878018737,4.034927516130957,False,False
139,2.316435150824653,771.0,630.0,648.0,835.0,-0.4472141959393023,-0.5404195002705842,-25.62348596565866,-30.96375653207352,False,False
140,2.3331001519097225,773.0,631.0,558.0,736.0,-0.44089553068171616,-1.1164942401015805,-25.261453114243032,-63.97040780848655,False,False
141,2.349765152994792,765.0,627.0,524.0,616.0,-0.4661760486190028,-1.616407823793773,-26.70992009595433,-92.61334627530924,False,False
142,2.366430154079861,747.0,617.0,537.0,502.0,-0.5244092235441183,-2.071809713598486,-30.046435246810503,-118.7059525434011,False,False
143,2.38309515516493,721.0,601.0,581.0,409.0,-0.6107259643892086,-2.511558744043878,-34.99202019855866,-143.90171603289198,False,False
144,2.39976015625,693.0,579.0,645.0,345.0,-0.7113853086583695,-2.9392710252114895,-40.75937579373595,-168.40782458970895,False,False
145,2.4164251573350697,663.0,552.0,718.0,316.0,-0.8252177415324231,2.9126286372521344,-47.28149376912547,166.88132820348773,False,False
146,2.433090158420139,636.0,520.0,784.0,324.0,-0.9430330978632075,2.494834227326503,-54.03181644870932,142.9434718105904,False,False
147,2.4497551595052083,615.0,488.0,822.5701015055996,370.9032324914344,-1.0506052808492732,2.08442404380634,-60.19524852681989,119.42870042569551,False,True
148,2.466420160590278,599.0,457.0,850.0,431.0,-1.1485822777182133,1.6740138602861767,-65.80891693677664,95.91392904080058,False,False
149,2.4830851616753478,588.0,433.0,831.0,506.0,-1.2225033346468572,1.2789620313912093,-70.04428151593423,73.2791265561946,False,False
150,2.499750162760417,583.0,418.0,781.0,576.0,-1.2667430396560249,0.8972884295691245,-72.5790298998633,51.410840020232456,False,False
151,2.5164151638454864,581.0,414.0,710.0,630.0,-1.2790720811332488,0.5383745133462302,-73.28543194194997,30.8465874121486,False,False
152,2.5330801649305554,584.0,420.0,628.0,667.0,-1.260559878248426,0.17628845250735992,-72.22476084715971,10.100584305564178,False,False
153,2.549745166015625,590.0,439.0,543.0,684.0,-1.2048268280026015,-0.18953408658734539,-69.03149228868342,-10.859503235321995,False,False
154,2.5664101671006945,605.0,470.0,466.0,671.0,-1.108403422279961,-0.6050270653075076,-63.50683809449853,-34.66549733330621,False,False
155,2.583075168185764,628.0,509.0,418.0,625.0,-0.9812360921082923,-1.066126967422197,-56.22068678371525,-61.084575658373296,False,False
156,2.599740169270833,658.0,547.0,420.0,562.0,-0.8450881287653202,-1.5078543674875233,-48.41998309486111,-86.39369137740334,False,False
157,2.616405170355903,690.0,577.0,459.0,500.0,-0.7214853306087143,-1.892546881191539,-41.3380644244802,-108.43494882292202,False,False
158,2.633070171440972,721.0,601.0,524.0,453.0,-0.6107259643892086,-2.2151091237216125,-34.99202019855866,-126.9164039501705,False,False
159,2.6497351725260416,752.0,620.0,602.0,424.0,-0.5079224536703121,-2.4883673780542557,-29.10181291523797,-142.5729486405434,False,False
160,2.666400173611111,785.0,636.0,686.0,407.0,-0.4041488443712555,-2.733542983064962,-23.156023077562477,-156.62047604722338,False,False
161,2.6830651746961807,819.0,648.0,773.0,404.0,-0.30203984576048865,-2.9552550948127445,-17.30560840685835,-169.3236443173042,False,False
162,2.69973017578125,856.0,657.0,855.0,409.0,-0.19405853107987997,-3.1375604173786997,-11.118734809385437,-179.76896988310452,False,False
163,2.71639517686632,894.0,662.0,954.0,421.0,-0.08526286944052945,2.8975905526524883,-4.8852025681173,166.01970942396733,False,False
164,2.733060177951389,933.0,663.0,1026.0,436.0,0.02556261242367693,2.752759443951833,1.4646298052053723,157.7214981532193,False,False
165,2.7497251790364583,971.0,660.0,1109.0,459.0,0.1338650988145823,2.5399390209314676,7.669905186177286,145.52778611996357,False,False
166,2.766390180121528,1009.0,653.0,1190.0,492.0,0.24360220150477047,2.297781485426854,13.95737802631878,131.65318135825981,False,False
167,2.7830551812065973,1046.0,641.0,1264.0,539.0,0.3541133519814871,2.0084275023353295,20.289200537769798,115.07441934181567,False,False
168,2.799720182291667,1083.0,625.0,1323.0,600.0,0.46873015735770185,1.6745886672519394,26.856259747099266,95.9468630539735,False,False
169,2.8163851833767364,1123.0,602.0,1352.0,670.0,0.5998037865955047,1.2821462611135928,34.36622550788792,73.46156948028728,False,False
170,2.833050184461805,1161.0,571.0,1336.0,731.0,0.7391534914436141,0.8301443948520639,42.35037547207829,47.563770211465005,False,False
171,2.849715185546875,1194.0,538.0,1279.0,756.0,0.8717023612654218,0.3717764401637008,49.94486629209684,21.301220943778045,False,False
172,2.8663801866319445,1216.0,508.0,1209.0,744.0,0.9772819680390742,-0.029652323188272874,55.99413216287796,-1.6989529714459408,False,False
173,2.883045187717014,1229.0,487.0,1142.0,709.0,1.0474233972838278,-0.3734971461064775,60.01294002761783,-21.39981013208223,False,False
174,2.8997101888020835,1237.0,474.0,1083.0,663.0,1.0906736559535608,-0.6837093116343713,62.49099731224263,-39.17365797044423,False,False
175,2.916375189887153,1239.0,470.0,1035.0,608.0,1.1033464547487397,-0.9760370693115438,63.217095197824854,-55.92280471986926,False,False
176,2.933040190972222,1236.0,475.0,1000.0,549.0,1.086846938934872,-1.2669466733840062,62.271742577680875,-72.59069725304315,False,False
177,2.949705192057292,1229.0,488.0,982.0,489.0,1.044967230790276,-1.5667477659188684,59.87221205375586,-89.7680345487018,False,False
178,2.966370193142361,1216.0,507.0,981.0,433.0,0.9796391595788523,-1.875860368475826,56.12918928961119,-107.47888206952028,False,False
179,2.9830351942274307,1199.0,531.0,1007.6936148445867,388.8772819047965,0.8960553845713439,-2.2097419855559224,51.34019174590991,-126.60888958521288,False,True
180,2.9997001953125,1176.0,557.0,1035.0,350.0,0.7974457732516343,-2.5436236026360186,45.690277197865086,-145.73889710090543,False,False
181,3.0163651963975697,1149.0,582.0,1077.0,342.0,0.6929207572965309,-2.8501358591119264,39.70143493010006,-163.3007557660064,False,False
182,3.033030197482639,1117.0,605.0,1129.0,354.0,0.5809049309382434,3.093820263924762,33.283400841099905,177.26284369493933,False,False
183,3.0496951985677083,1085.0,624.0,1180.0,392.0,0.47508294279496494,2.7529383086469124,27.220247540806614,157.73174634535127,False,False
184,3.066360199652778,1052.0,639.0,1223.0,458.0,0.37206775885812043,2.3845959420309053,21.317912275461552,136.6272833223936,False,False
185,3.083025200737848,1023.0,649.0,1248.0,550.0,0.28492982706187503,1.9853032013796825,16.32527654803787,113.74949449286676,False,False
186,3.099690201822917,999.0,655.0,1242.0,663.0,0.21466403814247145,1.5378864024199408,12.299343398798937,88.11440022922032,False,False
187,3.1163552029079864,985.0,658.0,1191.0,779.0,0.17401452070779921,1.039708931776042,9.970297610548762,59.57093371282245,False,False
188,3.1330202039930555,980.0,658.0,1090.0,870.0,0.16000372748885835,0.478627761768176,9.167538291472937,27.423350707109506,False,False
189,3.149685205078125,982.0,658.0,960.0,895.0,0.1656159671002406,-0.09256174873423176,9.48909593482128,-5.30339754682187,False,False
190,3.1663502061631945,978.0,659.0,842.0,855.0,0.15394466445834992,-0.6066051085945269,8.820379552021057,-34.75591255354137,False,False
191,3.183015207248264,963.0,661.0,754.0,783.0,0.11097079908773164,-1.0424244363784985,6.3581584369212285,-59.72652066579156,False,False
192,3.1996802083333336,936.0,663.0,697.0,699.0,0.03407771158700778,-1.4212926313082894,1.9525090493996085,-81.43406922700835,False,False
193,3.216345209418403,900.0,662.0,665.0,615.0,-0.06826980705682754,-1.7681918866447774,-3.9115718125286625,-101.30993247402021,False,False
194,3.233010210503472,859.0,658.0,650.0,541.0,-0.18517394616936667,-2.081138939839033,-10.609685591287407,-119.24047783310714,False,False
195,3.2496752115885417,816.0,647.0,648.0,479.0,-0.31099828060554097,-2.356194490192345,-17.81888891452278,-135.0,False,False
196,3.266340212673611,774.0,631.0,649.0,428.0,-0.43833655985795783,-2.589662870298721,-25.114834886144564,-148.37675282985143,False,False
197,3.2830052137586807,736.0,611.0,652.0,388.0,-0.5597969195614243,-2.781348506978913,-32.07400087529405,-159.35953080490452,False,False
198,3.2996702148437502,702.0,587.0,653.0,353.0,-0.677386438697402,-2.9351735486682373,-38.8113840367584,-168.17305647712672,False,False
199,3.31633521592882,674.0,563.0,651.0,324.0,-0.7814141207315954,-3.0456537807365063,-44.77173116984658,-174.50310749426444,False,False
200,3.333000217013889,651.0,539.0,648.0,299.0,-0.8749781374110849,-3.1290933045704317,-50.13255443987297,-179.2838400545296,False,False
201,3.3496652180989583,634.0,517.0,643.0,276.0,-0.953161213940659,3.104265600954477,-54.612114754365884,177.8613174223337,False,False
202,3.366330219184028,621.0,498.0,636.0,256.0,-1.017853396496443,3.079688379180021,-58.31870378230215,176.45314634250036,False,False
203,3.3829952202690974,611.0,482.0,629.0,241.0,-1.0707783140990206,3.0670422756442655,-61.35107819200749,175.7285779826161,False,False
204,3.399660221354167,605.0,470.0,620.0,228.0,-1.108403422279961,3.079688379180021,-63.50683809449853,176.45314634250036,False,False
205,3.4163252224392364,601.0,463.0,611.0,220.0,-1.1309537439791604,3.100463597212241,-64.79887635452492,177.64347865421064,False,False
206,3.432990223524305,600.0,460.0,601.0,216.0,-1.1397594865190286,3.1374943158799447,-65.30340823753819,179.76518254620638,False,False
207,3.449655224609375,600.0,462.0,590.0,218.0,-1.13467618062728,-3.1006319700554776,-65.01215626396701,-177.65312570751271,False,False
208,3.4663202256944445,604.0,468.0,579.0,224.0,-1.114676806445702,-3.039489928826591,-63.86627653045968,-174.14994479428262,False,False
209,3.482985226779514,609.0,478.0,568.0,237.0,-1.0833138346239877,-2.973081514065953,-62.069310612087726,-170.3450229043438,False,False
210,3.499650227864584,617.0,493.0,556.0,255.0,-1.0356626975245804,-2.8906910587377608,-59.33910156729243,-165.62439754187724,False,False
211,3.516315228949653,629.0,510.0,543.0,279.0,-0.9773378147955163,-2.7851961478992626,-55.99733194632159,-159.5799843907224,False,False
212,3.532980230034722,644.0,530.0,531.0,312.0,-0.9070391256245885,-2.6633741268702176,-51.969513751525405,-152.60009673400413,False,False
213,3.549645231119792,663.0,551.0,518.0,353.0,-0.8272898084933772,-2.509500992644154,-47.40021446085664,-143.78381556240066,False,False
214,3.566310232204861,685.0,573.0,507.0,404.0,-0.7395221904803124,-2.3302637043347003,-42.37150037079165,-133.51427541089944,False,False
215,3.5829752332899307,710.0,593.0,501.0,467.0,-0.6491507661968687,-2.1133240460081453,-37.193599170764244,-121.08454857977773,False,False
216,3.599640234375,737.0,611.0,505.0,543.0,-0.5573999156188487,-1.8559140619674928,-31.936662665908248,-106.33604288971847,False,False
217,3.6163052354600698,764.0,626.0,524.0,630.0,-0.469976638417008,-1.554131203080956,-26.927677851040503,-89.04515874612783,False,False
218,3.632970236545139,789.0,637.0,566.0,723.0,-0.3926110490309944,-1.2027213216976476,-22.494956099679808,-68.91085566367137,False,False
219,3.649635237630208,810.0,645.0,639.0,810.0,-0.3289188903937342,-0.8032534085370008,-18.845664221687084,-46.02303018866783,False,False
220,3.666300238715278,828.0,650.0,741.0,873.0,-0.27596048198503426,-0.3719728371687995,-15.81137093013845,-21.312473663279206,False,False
221,3.6829652398003474,844.0,654.0,858.0,895.0,-0.22913976737863878,0.0580260733925736,-13.128741589405461,3.32464910711083,False,False
222,3.699630240885417,864.0,658.0,969.0,877.0,-0.171217697204513,0.4470745408881887,-9.810051427767467,25.615484320642167,False,False
223,3.7162952419704864,891.0,662.0,1063.0,835.0,-0.09374154154424845,0.782499620790254,-5.370994695535706,44.833925741868924,False,False
224,3.732960243055556,924.0,663.0,1137.0,781.0,0.0,1.0648944712131028,0.0,61.01395882732633,False,False
225,3.749625244140625,961.0,661.0,1196.0,726.0,0.10532310169884464,1.3009471708564273,6.034569212570949,74.53878225955809,False,False
226,3.766290245225695,1001.0,654.0,1243.0,675.0,0.22082876972934834,1.4842363048074638,12.65255650055797,85.0404760655605,False,False
227,3.782955246310764,1041.0,643.0,1282.0,631.0,0.33881987575620065,1.62054776887741,19.41294889597722,92.85054765601757,False,False
228,3.7996202473958336,1079.0,627.0,1317.0,593.0,0.456023868522138,1.7126933813990606,26.12824302354726,98.13010235415598,False,False
229,3.816285248480903,1113.0,607.0,1348.0,563.0,0.5682579343933594,1.7558873394889485,32.55878131556152,100.60493385317152,False,False
230,3.832950249565972,1143.0,586.0,1377.0,538.0,0.6725197108699842,1.7731179551732004,38.53254107220849,101.59217541029108,False,False
231,3.8496152506510417,1169.0,563.0,1404.0,522.0,0.7713145875745882,1.7435258376205482,44.19307054489763,99.8966719676691,False,False
232,3.8662802517361112,1191.0,541.0,1426.0,510.0,0.8597077635523233,1.701953937496467,49.257626466179026,97.51477754421987,False,False
233,3.8829452528211807,1208.0,518.0,1444.0,505.0,0.9409540156563702,1.6258254586885539,53.9126938129968,93.15293700777532,False,False
234,3.8996102539062494,1222.0,498.0,1458.0,506.0,1.0103892399948946,1.536910996890779,57.8910391171383,88.05851360908562,False,False
235,3.91627525499132,1232.0,481.0,1466.0,510.0,1.0664587209645284,1.4474934097137262,61.1035837361874,82.93526324959738,False,False
236,3.932940256076389,1240.0,467.0,1469.0,519.0,1.1122248163273891,1.3475084761238982,63.72578784527257,77.20654854000443,False,False
237,3.9496052571614575,1244.0,457.0,1468.0,531.0,1.1427570699000569,1.2517267311225233,65.47515711400966,71.71865879702737,False,False
238,3.966270258246528,1247.0,453.0,1463.0,546.0,1.1566007523972117,1.164229500200355,66.26834169401576,66.70543674610558,False,False
239,3.982935259331597,1247.0,452.0,1455.0,563.0,1.1591982327036268,1.0805894995483416,66.41716635294169,61.91321771027375,False,False
240,3.999600260416667,1244.0,458.0,1444.0,583.0,1.1401735552785595,1.0121970114513341,65.32713262988753,57.9946167919165,False,False
241,4.0162652615017365,1239.0,468.0,1432.0,604.0,1.1084193651407466,0.9569475411898851,63.5077515531349,54.82905532560192,False,False
242,4.032930262586806,1231.0,484.0,1417.0,628.0,1.0576339496493572,0.9119902906774204,60.597961584659984,52.25319461272534,False,False
243,4.049595263671876,1219.0,504.0,1400.0,654.0,0.9914481098493233,0.8787813554126517,56.80579230058905,50.35046277993092,False,False
244,4.066260264756945,1202.0,527.0,1380.0,683.0,0.9102514140066148,0.8511714147810849,52.153564318394416,48.76852970913538,False,False
245,4.082925265842014,1180.0,552.0,1354.0,711.0,0.8155700909581517,0.8304127791719753,46.728724109002755,47.57914750028342,False,False
246,4.099590266927083,1153.0,578.0,1324.0,740.0,0.7089346285779649,0.8124186125847132,40.618962168191985,46.548157698977974,False,False
247,4.116255268012153,1121.0,602.0,1288.0,770.0,0.5951058779200777,0.782413097636874,34.09705516824806,44.82896833035009,False,False
248,4.132920269097222,1083.0,625.0,1244.0,797.0,0.46873015735770185,0.7523771375132036,26.856259747099266,43.10803458164053,False,False
249,4.149585270182292,1042.0,642.0,1192.0,824.0,0.34244966789577785,0.6893094478800814,19.620920666084753,39.49452214202166,False,False
250,4.166250271267361,998.0,655.0,1134.0,849.0,0.21188729891538077,0.6114175272111867,12.140247960278224,35.03164382952617,False,False
251,4.182915272352431,954.0,662.0,1066.0,869.0,0.08526286944052945,0.4959557546841608,4.8852025681173,28.416171568628023,False,False
252,4.1995802734375,910.0,663.0,990.0,885.0,-0.03975177539584801,0.34587455983724136,-2.277608958334078,19.81715251961898,False,False
253,4.21624527452257,868.0,659.0,909.0,893.0,-0.1595517209332598,0.17345298478670165,-9.141640223524895,9.938123972224881,False,False
254,4.232910275607639,830.0,651.0,825.0,889.0,-0.26973289038847575,-0.021005313472176913,-15.454556215124509,-1.203515809305026,False,False
255,4.249575276692709,795.0,640.0,740.0,873.0,-0.3736751644048783,-0.23180819876373931,-21.410009829256694,-13.28163144569197,False,False
256,4.266240277777778,765.0,626.0,660.0,842.0,-0.46744987204615696,-0.45247488956206683,-26.782904802175153,-25.924901507554456,False,False
257,4.282905278862847,737.0,612.0,588.0,800.0,-0.5559071292064428,-0.6701836821064823,-31.851132304762913,-38.398696483238666,False,False
258,4.2995702799479165,713.0,595.0,528.0,750.0,-0.638978810622881,-0.8734055369251891,-36.61078904698017,-50.042451069170916,False,False
259,4.316235281032986,690.0,578.0,479.0,695.0,-0.7196249120138116,-1.0645029752076398,-41.231470290864614,-60.991527758517066,False,False
260,4.332900282118056,671.0,560.0,444.0,640.0,-0.7933661222589699,-1.2319646480076782,-45.45653041409905,-70.58637484016,False,False
261,4.349565283203125,654.0,542.0,418.0,588.0,-0.8630858053269945,-1.378294691984917,-49.45117400288657,-78.97046877601952,False,False
262,4.366230284288195,640.0,525.0,400.0,539.0,-0.9250455030119004,-1.5125290238253633,-53.00120318013817,-86.66152945623566,False,False
263,4.382895285373264,628.0,509.0,388.0,496.0,-0.9812360921082923,-1.624910111023975,-56.22068678371525,-93.10049144980779,False,False
264,4.399560286458334,618.0,494.0,382.0,459.0,-1.0318198269657504,-1.7180282448356547,-59.11892130305639,-98.4357675133515,False,False
265,4.416225287543403,612.0,483.0,378.0,427.0,-1.066969348353607,-1.805694686202713,-61.13284053048539,-103.45868460861502,False,False
266,4.432890288628473,607.0,475.0,378.0,402.0,-1.0933651296097988,-1.8793897457187831,-62.64520739341571,-107.68110048985125,False,False
267,4.449555289713542,604.0,470.0,381.0,384.0,-1.1096518414773355,-1.9388713318921456,-63.578367245571194,-111.08914433632863,False,False
268,4.466220290798612,604.0,469.0,384.0,370.0,-1.1121612071423084,-1.9936502529278373,-63.72214330742918,-114.22774531795417,False,False
269,4.48288529188368,605.0,471.0,390.0,364.0,-1.1058955856179586,-2.032581740555338,-63.363149638057614,-116.45835524917574,False,False
270,4.49955029296875,609.0,478.0,397.0,364.0,-1.0833138346239877,-2.064174949572419,-62.069310612087726,-118.26851278712914,False,False
271,4.516215294053819,615.0,488.0,405.0,368.0,-1.0506052808492732,-2.0899424410414196,-60.19524852681989,-119.74488129694222,False,False
272,4.532880295138889,623.0,502.0,414.0,380.0,-1.005357986351268,-2.099168217211295,-57.60276951769868,-120.27347933420845,False,False
273,4.549545296223958,634.0,518.0,424.0,399.0,-0.9508731050745604,-2.086345334253876,-54.48101577327197,-119.5387822595581,False,False
274,4.566210297309028,649.0,537.0,434.0,423.0,-0.8828924765597103,-2.0583364472174157,-50.586012670724365,-117.93399124351026,False,False
275,4.5828752983940975,668.0,557.0,447.0,456.0,-0.8053158478287521,-1.9994674138071424,-46.14119925558714,-114.56104408508696,False,False
276,4.599540299479167,690.0,578.0,462.0,496.0,-0.7196249120138116,-1.916041251903533,-41.231470290864614,-109.78107710703506,False,False
277,4.6162053005642365,716.0,598.0,480.0,545.0,-0.627136881176479,-1.7917074213779323,-35.93229646840965,-102.65727336722328,False,False
278,4.632870301649306,744.0,616.0,504.0,601.0,-0.53315570550763,-1.633215136790854,-30.54757174890702,-93.57633437499736,False,False
279,4.649535302734376,774.0,631.0,537.0,663.0,-0.43833655985795783,-1.436586879465718,-25.114834886144564,-82.31036509725475,False,False
280,4.666200303819445,805.0,643.0,583.0,731.0,-0.34416832290797733,-1.1934003595584717,-19.719392344722788,-68.37680387209537,False,False
281,4.682865304904514,835.0,652.0,647.0,798.0,-0.255301765097988,-0.9104900774865703,-14.627713642355058,-52.16723872851977,False,False
282,4.699530305989583,862.0,658.0,730.0,855.0,-0.17680859674395283,-0.5903417805676446,-10.130386375059006,-33.824092496764194,False,False
283,4.716195307074653,885.0,661.0,828.0,892.0,-0.11097079908773164,-0.24192056868440487,-6.3581584369212285,-13.86102756302115,False,False
284,4.732860308159722,907.0,663.0,934.0,900.0,-0.04825795808072906,0.11343499180721633,-2.7649773259450217,6.499346279654567,False,False
285,4.749525309244792,930.0,663.0,1034.0,880.0,0.017043803994997424,0.446920544687979,0.9765380357615641,25.6066609883091,False,False
286,4.766190310329861,955.0,662.0,1120.0,839.0,0.08809051978181041,0.7503248328642229,5.047214998611426,42.99044618697886,False,False
287,4.782855311414931,984.0,658.0,1188.0,787.0,0.171217697204513,1.0069269680141963,9.810051427767467,57.69266554511789,False,False
288,4.7995203125,1015.0,651.0,1242.0,733.0,0.26151747201900644,1.2241492138227328,14.98384741561967,70.13858344630036,False,False
289,4.81618531358507,1047.0,641.0,1284.0,681.0,0.35677665496721434,1.4035956686761837,20.44179655841656,80.42010795798797,False,False
290,4.832850314670139,1078.0,627.0,1318.0,634.0,0.4534698433947945,1.5416379265497528,25.981908162980115,88.32934672860004,False,False
291,4.849515315755209,1107.0,611.0,1346.0,593.0,0.5477400137159024,1.6459682194300058,31.38319105635903,94.30703218600232,False,False
292,4.866180316840278,1133.0,594.0,1369.0,560.0,0.6361106805276362,1.7138796204630529,36.44645729742819,98.1980688460163,False,False
293,4.882845317925347,1155.0,576.0,1389.0,531.0,0.7169568415234222,1.7607846147136124,41.078601112321905,100.88552705465874,False,False
294,4.899510319010417,1174.0,558.0,1407.0,509.0,0.7914343073911649,1.778076243477903,45.345845575373204,101.8762644037596,False,False
295,4.916175320095486,1189.0,542.0,1422.0,492.0,0.8538394852714744,1.7821827432448905,48.921398887678095,102.11154950897945,False,False
296,4.932840321180556,1201.0,527.0,1434.0,482.0,0.9085047191421288,1.761580412731201,52.053486074562194,100.93112292241145,False,False
297,4.949505322265625,1210.0,515.0,1445.0,478.0,0.9512086540840812,1.7269611408676788,54.500241315337306,98.94758475481562,False,False
298,4.966170323350695,1216.0,506.0,1452.0,477.0,0.9820038339961245,1.6930647307340152,56.264675153643445,97.00546351351223,False,False
299,4.982835324435764,1220.0,501.0,1456.0,482.0,1.0001421403294761,1.6511315330771494,57.30392355405991,94.60286826628595,False,False
300,4.999500325520834,1221.0,500.0,1457.0,492.0,1.0040671092713902,1.6046816566990143,57.52880770915151,91.94148639091439,False,False
301,5.016165326605903,1220.0,502.0,1456.0,507.0,0.9977532371534953,1.549613055215937,57.1670494844108,88.78628794224619,False,False
302,5.032830327690973,1216.0,507.0,1451.0,526.0,0.9796391595788523,1.4901207468313007,56.12918928961119,85.37762975831576,False,False
303,5.049495328776042,1209.0,517.0,1443.0,550.0,0.9449270652630992,1.4306946023982663,54.14033278725849,81.97276248956804,False,False
304,5.066160329861111,1200.0,530.0,1430.0,578.0,0.9000447251101008,1.3650537153968612,51.568764121821125,78.21181670089238,False,False
305,5.08282533094618,1186.0,545.0,1413.0,610.0,0.8417899243234076,1.2919149342893808,48.231009900368214,74.0212732247026,False,False
306,5.09949033203125,1170.0,562.0,1391.0,646.0,0.7753381406098605,1.2075702404610946,44.42360315246579,69.18867824401867,False,False
307,5.116155333116319,1150.0,580.0,1361.0,685.0,0.6987470010790141,1.1090462487234867,40.03525410925069,63.54366933667195,False,False
308,5.132820334201389,1126.0,598.0,1325.0,725.0,0.6132936524904166,1.0027675648437602,35.13913788986384,57.45434929815856,False,False
309,5.1494853352864585,1099.0,616.0,1281.0,766.0,0.5209097808482157,0.8814868789148153,29.8459319496874,50.50547785797835,False,False
310,5.166150336371528,1068.0,632.0,1229.0,805.0,0.4216875191969008,0.7494854667828843,24.160915123324298,42.94235405305172,False,False
311,5.1828153374565975,1035.0,645.0,1167.0,841.0,0.3208520820418212,0.5926974047350627,18.383470148981587,33.95905981967627,False,False
312,5.199480338541667,1000.0,655.0,1097.0,871.0,0.21743741940294756,0.42208365861726244,12.458246440004892,24.18361224020978,False,False
313,5.2161453396267365,964.0,661.0,1021.0,891.0,0.11379200714370806,0.2429315830794659,6.519801751656986,13.91895442088512,False,False
314,5.232810340711806,927.0,663.0,942.0,901.0,0.00852252092694699,0.0629419593073733,0.48830447992598475,3.6063086225966603,False,False
315,5.249475341796876,890.0,662.0,860.0,899.0,-0.09656482498657823,-0.12591262568579822,-5.532756921150369,-7.214262039206761,False,False
316,5.266140342881944,853.0,657.0,783.0,885.0,-0.20239274201777993,-0.29788240885294875,-11.59624992169887,-17.067404818464393,False,False
317,5.282805343967014,818.0,648.0,710.0,862.0,-0.30474234681961304,-0.46737893496746485,-17.460450311675814,-26.77884040695511,False,False
318,5.299470345052083,784.0,635.0,645.0,831.0,-0.4078679679739101,-0.6168629483728425,-23.369113163482076,-35.34364347976027,False,False
319,5.316135346137153,752.0,620.0,588.0,797.0,-0.5079224536703121,-0.7472934492503273,-29.10181291523797,-42.81676069981752,False,False
320,5.332800347222222,723.0,602.0,539.0,758.0,-0.6044717026433267,-0.8675656857591483,-34.63367739654951,-49.707852244372226,False,False
321,5.349465348307292,696.0,583.0,498.0,720.0,-0.697624271070228,-0.9655143372054246,-39.97092641821455,-55.31989658124182,False,False
322,5.366130349392361,674.0,563.0,465.0,683.0,-0.7814141207315954,-1.0495915433002148,-44.77173116984658,-60.137165643724906,False,False
323,5.382795350477431,654.0,542.0,437.0,647.0,-0.8630858053269945,-1.120135000714263,-49.45117400288657,-64.17900802581072,False,False
324,5.3994603515625,639.0,524.0,416.0,615.0,-0.9289815570439169,-1.1833509708457897,-53.22672246410817,-67.80101631217227,False,False
325,5.41612535264757,626.0,506.0,399.0,584.0,-0.9913604918639647,-1.2398233724737917,-56.800772159818564,-71.0366465844245,False,False
326,5.432790353732639,617.0,492.0,385.0,558.0,-1.0380763856300046,-1.2936356194613072,-59.47739570879416,-74.11986122292473,False,False
327,5.449455354817709,610.0,480.0,377.0,536.0,-1.0770448913962982,-1.334926723459239,-61.710126623134,-76.48566721344199,False,False
328,5.466120355902778,606.0,472.0,370.0,520.0,-1.1021299393552437,-1.37014344947501,-63.147394000064835,-78.50343698241423,False,False
329,5.482785356987847,604.0,468.0,366.0,508.0,-1.114676806445702,-1.4042852524030336,-63.86627653045968,-80.45961819515738,False,False
330,5.499450358072917,603.0,467.0,366.0,503.0,-1.118426435132486,-1.420049945674475,-64.08111442895358,-81.36286858492926,False,False
331,5.516115359157986,605.0,470.0,366.0,501.0,-1.108403422279961,-1.4418093530231155,-63.50683809449853,-82.6095907907123,False,False
332,5.532780360243056,608.0,477.0,369.0,506.0,-1.0871012786000178,-1.4500477050728726,-62.2863151670565,-83.08161359330633,False,False
333,5.549445361328125,614.0,487.0,376.0,518.0,-1.0544337822553889,-1.4412734195993302,-60.414605499250214,-82.5788840674294,False,False
334,5.566110362413195,622.0,500.0,384.0,534.0,-1.0116019505278189,-1.4288992721907328,-57.960522312445924,-81.86989764584403,False,False
335,5.582775363498264,634.0,517.0,397.0,556.0,-0.953161213940659,-1.407701034584656,-54.612114754365884,-80.65532809790032,False,False
336,5.599440364583334,648.0,535.0,414.0,584.0,-0.88902562339432,-1.3643772218733408,-50.937416099481524,-78.17305647712674,False,False
337,5.616105365668403,665.0,554.0,434.0,618.0,-0.8172598872948087,-1.3005194182946131,-46.82554230732987,-74.51427384309024,False,False
338,5.632770366753473,686.0,574.0,462.0,657.0,-0.735539319691105,-1.215945283682916,-42.14329868422412,-69.6685328738687,False,False
339,5.649435367838542,710.0,593.0,496.0,700.0,-0.6491507661968687,-1.1071487177940904,-37.193599170764244,-63.43494882292201,False,False
340,5.666100368923611,737.0,611.0,539.0,745.0,-0.5573999156188487,-0.9758332788110025,-31.936662665908248,-55.91112838428339,False,False
341,5.68276537000868,767.0,627.0,592.0,788.0,-0.46111276018412783,-0.8270407424960368,-26.419815038178594,-47.38594403038881,False,False
342,5.69943037109375,798.0,641.0,655.0,830.0,-0.3647348142644133,-0.6477204930362879,-20.897765498838858,-37.11165055511212,False,False
343,5.71609537217882,830.0,651.0,726.0,865.0,-0.26973289038847575,-0.45236989166241065,-15.454556215124509,-25.918885571046417,False,False
344,5.732760373263889,863.0,658.0,806.0,890.0,-0.17401452070779921,-0.2409177717439294,-9.970297610548762,-13.803571530623273,False,False
345,5.749425374348959,896.0,662.0,889.0,901.0,-0.0796035107982065,-0.02928033234577806,-4.560945203161308,-1.6776394661534724,False,False
346,5.766090375434028,929.0,663.0,973.0,898.0,0.014203590224012191,0.18509101269405182,0.8138057737691741,10.604933853171515,False,False
347,5.7827553765190975,962.0,661.0,1052.0,883.0,0.10814781615266286,0.3851575063634742,6.196413429104334,22.06789956241022,False,False
348,5.799420377604167,995.0,655.0,1124.0,857.0,0.20353730283664428,0.5683292161581751,11.661828426015836,32.5628654598417,False,False
349,5.816085378689237,1027.0,647.0,1188.0,826.0,0.2974529068630858,0.7325063645317282,17.042796167152776,41.96952315413941,False,False
350,5.832750379774306,1059.0,636.0,1242.0,789.0,0.39369822396002424,0.8744477460319461,22.557246634705653,50.10216525235819,False,False
351,5.849415380859376,1088.0,622.0,1288.0,753.0,0.48527273612889804,0.9909141944010833,27.80407969295152,56.77520119878806,False,False
352,5.866080381944444,1115.0,606.0,1326.0,717.0,0.5745858869407695,1.086513748409813,32.921346289487175,62.25265216682125,False,False
353,5.882745383029514,1139.0,589.0,1357.0,683.0,0.6582979798395173,1.1636921547389079,37.7176959067925,66.67464911902414,False,False
354,5.899410384114583,1159.0,573.0,1383.0,651.0,0.7311255574596136,1.2357132291041089,41.89040873658542,70.801152716148,False,False
355,5.916075385199653,1176.0,556.0,1404.0,623.0,0.7994817392203085,1.2849823583573698,45.80692945510238,73.6240658826444,False,False
356,5.932740386284722,1189.0,542.0,1419.0,598.0,0.8538394852714744,1.331965127210239,48.921398887678095,76.3159802477525,False,False
357,5.949405387369792,1200.0,529.0,1431.0,577.0,0.902272000756982,1.3659196097577881,51.69637761619969,78.26142879327767,False,False
358,5.966070388454861,1207.0,520.0,1440.0,559.0,0.9346856462672604,1.4049517552685251,53.553542702571804,80.4978059963834,False,False
359,5.982735389539931,1212.0,514.0,1446.0,546.0,0.9568153169383237,1.434887224574646,54.821479434038174,82.21298204536755,False,False
360,5.999400390625,1214.0,511.0,1449.0,538.0,0.9670469933974603,1.4564042957222372,55.40771131249006,83.44581940960724,False,False
361,6.01606539171007,1213.0,511.0,1449.0,533.0,0.965431616400149,1.47784461778548,55.315157028221606,84.67425937523228,False,False
362,6.03273039279514,1210.0,515.0,1446.0,534.0,0.9512086540840812,1.4904611205126437,54.500241315337306,85.39713173371405,False,False
363,6.049395393880209,1205.0,523.0,1441.0,541.0,0.9244543165534355,1.4946725235743694,52.96733069116285,85.63842735497941,False,False
364,6.066060394965278,1196.0,533.0,1432.0,551.0,0.8862692201187602,1.4946725235743694,50.77948582515591,85.63842735497941,False,False
365,6.082725396050347,1185.0,546.0,1421.0,568.0,0.8377695847999097,1.47784461778548,48.00066141346215,84.67425937523228,False,False
366,6.099390397135417,1171.0,561.0,1406.0,590.0,0.7793620194037316,1.4480128343593874,44.654154424626796,82.96502408956886,False,False
367,6.116055398220486,1153.0,577.0,1387.0,617.0,0.7107894331541568,1.4014925486391092,40.72523464222933,80.29960805605421,False,False
368,6.132720399305556,1132.0,594.0,1363.0,649.0,0.6338203178310761,1.3370531459259951,36.3152291813611,76.6075022462489,False,False
369,6.149385400390625,1108.0,610.0,1332.0,687.0,0.5516549825285468,1.2397002500907646,31.6075022462489,71.02959219151346,False,False
370,6.166050401475695,1082.0,625.0,1295.0,729.0,0.4661921327712862,1.1165824002000913,26.710841649997214,63.975459010052674,False,False
371,6.182715402560764,1053.0,638.0,1248.0,772.0,0.3757520547726105,0.9687266558850535,21.529006881839123,55.503948884035594,False,False
372,6.199380403645834,1022.0,648.0,1191.0,814.0,0.28299629766116285,0.794353147898415,16.214493473812603,45.51308281751046,False,False
373,6.216045404730903,992.0,656.0,1124.0,854.0,0.19460694465781786,0.5880026035475675,11.150156592828946,33.690067525979785,False,False
374,6.232710405815973,961.0,661.0,1047.0,882.0,0.10532310169884464,0.3711096294205465,6.034569212570949,21.26301550246132,False,False
375,6.249375406901042,931.0,663.0,962.0,899.0,0.01988374278831507,0.13060816994581406,1.139254542694141,7.483296907822548,False,False
376,6.266040407986111,902.0,662.0,876.0,900.0,-0.06259617785504099,-0.10881220481724505,-3.586496804744115,-6.234480095541226,False,False
377,6.2827054090711805,872.0,660.0,793.0,886.0,-0.14790900622009714,-0.3362805753700938,-8.474561808385808,-19.267457700937356,False,False
378,6.29937041015625,842.0,654.0,717.0,859.0,-0.23466266044689962,-0.5475622359399975,-13.445180052918865,-31.37300514010846,False,False
379,6.31603541124132,811.0,646.0,651.0,825.0,-0.32532835666178234,-0.729409542196857,-18.639941792646887,-41.792088304449436,False,False
380,6.332700412326389,781.0,634.0,594.0,786.0,-0.4167871359726016,-0.8882784836781006,-23.880143846575244,-50.89460814703555,False,False
381,6.3493654134114585,753.0,620.0,548.0,748.0,-0.5054483408736572,-1.0126356079144385,-28.96005669395034,-58.01974651816175,False,False
382,6.366030414496528,725.0,604.0,509.0,710.0,-0.5966163294251333,-1.1145835250392888,-34.183597664646925,-63.86093189956516,False,False
383,6.382695415581598,700.0,586.0,476.0,675.0,-0.6835474076448526,-1.1926011936410443,-39.16438155515847,-68.33101503789607,False,False
384,6.399360416666667,679.0,568.0,450.0,644.0,-0.7614983325103492,-1.250356387637349,-43.63064055909281,-71.64014389884363,False,False
385,6.416025417751737,661.0,550.0,430.0,616.0,-0.8331705530624796,-1.2924966677897853,-47.73715630506069,-74.05460409907715,False,False
386,6.432690418836806,646.0,533.0,412.0,590.0,-0.8969333474713092,-1.3318598862087332,-51.390495314646984,-76.3099503825345,False,False
387,6.449355419921876,634.0,518.0,400.0,569.0,-0.9508731050745604,-1.356203445303673,-54.48101577327197,-77.70473357700186,False,False
388,6.466020421006944,626.0,506.0,391.0,552.0,-0.9913604918639647,-1.3774957481504624,-56.800772159818564,-78.92469266623726,False,False
389,6.482685422092014,620.0,497.0,383.0,539.0,-1.021714867996596,-1.395402106251474,-58.53994980197097,-79.95065141187513,False,False
390,6.499350423177083,616.0,491.0,379.0,531.0,-1.041914776041772,-1.4035956686761837,-59.697319279511916,-80.42010795798797,False,False
391,6.516015424262153,615.0,489.0,377.0,525.0,-1.0481719657057196,-1.4206738407791344,-60.055829838868995,-81.3986151412851,False,False
392,6.532680425347222,616.0,491.0,378.0,527.0,-1.041914776041772,-1.4206738407791344,-59.697319279511916,-81.3986151412851,False,False
393,6.549345426432292,619.0,496.0,382.0,533.0,-1.0255691712576214,-1.4159283015648,-58.760785111791236,-81.12671577278992,False,False
394,6.566010427517361,624.0,504.0,389.0,546.0,-0.9991219765007097,-1.3939401953209174,-57.24547247225968,-79.86689008553019,False,False
395,6.582675428602431,632.0,515.0,396.0,563.0,-0.9609903253476285,-1.37014344947501,-55.06068979532297,-78.50343698241423,False,False
396,6.5993404296875005,642.0,529.0,410.0,587.0,-0.9127059052683024,-1.3258176636680326,-52.294196308540855,-75.96375653207353,False,False
397,6.61600543077257,656.0,544.0,427.0,616.0,-0.8551451244132628,-1.2661718975503518,-48.99620650006966,-72.54630586770601,False,False
398,6.63267043185764,672.0,561.0,449.0,649.0,-0.7893822060633012,-1.1949374762518046,-45.228268830153425,-68.46487417124244,False,False
399,6.649335432942709,691.0,579.0,477.0,686.0,-0.7156512023816337,-1.1071487177940904,-41.00379349993034,-63.43494882292201,False,False
400,6.666000434027778,713.0,596.0,512.0,725.0,-0.6372970146777943,-1.000213563799107,-36.51442923732449,-57.30801581742793,False,False
401,6.682665435112847,739.0,613.0,556.0,765.0,-0.5496202091621233,-0.8776726885922428,-31.490918320087204,-50.286940850235304,False,False
402,6.699330436197917,767.0,628.0,607.0,804.0,-0.4598549596761572,-0.7378150601204649,-26.347748377602464,-42.27368900609374,False,False
403,6.715995437282986,797.0,641.0,667.0,840.0,-0.367376879500708,-0.5786679855330974,-21.04914468607678,-33.155233310383856,False,False
404,6.732660438368056,829.0,651.0,735.0,869.0,-0.2724631494037917,-0.40710417205598876,-15.610988533679656,-23.32535088097586,False,False
405,6.749325439453125,861.0,658.0,809.0,890.0,-0.17959988579842298,-0.2204937613666717,-10.290315457281208,-12.633361935275012,False,False
406,6.765990440538195,894.0,662.0,886.0,901.0,-0.08526286944052945,-0.033460310449650164,-4.8852025681173,-1.9171345699624402,False,False
407,6.782655441623264,927.0,663.0,963.0,899.0,0.00852252092694699,0.15137544373402623,0.48830447992598475,8.673174047879765,False,False
408,6.799320442708334,959.0,661.0,1038.0,887.0,0.09966865249116202,0.3362805753700938,5.710593137499642,19.267457700937356,False,False
409,6.815985443793403,991.0,656.0,1106.0,866.0,0.1918152606307662,0.5010133868035894,10.9902048803448,28.70595254340109,False,False
410,6.832650444878473,1023.0,648.0,1167.0,839.0,0.2857301049674529,0.6460094647365517,16.371129094465047,37.0136158549098,False,False
411,6.849315445963542,1053.0,637.0,1221.0,808.0,0.37679876698254466,0.7765488368811906,21.588979073833162,44.492970939085225,False,False
412,6.865980447048611,1081.0,625.0,1267.0,775.0,0.4636476090008061,0.8921338360465839,26.56505117707799,51.115503566285405,False,False
413,6.8826454481336805,1107.0,611.0,1305.0,742.0,0.5477400137159024,0.986298381795645,31.38319105635903,56.51073461747316,False,False
414,6.89931044921875,1129.0,596.0,1338.0,710.0,0.6235607321590254,1.0714496051147666,35.7273982227997,61.38954033403479,False,False
415,6.91597545030382,1149.0,580.0,1364.0,681.0,0.69656375792216,1.1316259374696727,39.91016349071213,64.83739020454745,False,False
416,6.932640451388889,1166.0,566.0,1386.0,654.0,0.7592471847007884,1.1902899496825317,43.501659290544865,68.19859051364818,False,False
417,6.949305452473959,1178.0,553.0,1402.0,630.0,0.8095869930562847,1.2397002500907646,46.3859178508122,71.02959219151346,False,False
418,6.965970453559028,1188.0,542.0,1415.0,609.0,0.8519663271732721,1.2837911419237478,48.81407483429036,73.55581420851122,False,False
419,6.982635454644098,1195.0,533.0,1424.0,593.0,0.8844642853328849,1.3145476490359826,50.67607067962891,75.31803225860638,False,False
420,6.999300455729167,1200.0,528.0,1430.0,581.0,0.9045071406185134,1.3443150398608537,51.82444169688689,77.02357811998795,False,False
421,7.015965456814237,1201.0,526.0,1433.0,573.0,0.9107536578605012,1.3709152708204868,52.18234077150849,78.54765908804815,False,False
422,7.032630457899306,1201.0,526.0,1433.0,569.0,0.9107536578605012,1.387531164727341,52.18234077150849,79.49967968174803,False,False
423,7.049295458984376,1198.0,530.0,1431.0,570.0,0.8965006205169903,1.4007798157852047,51.36570188648297,80.25877147160516,False,False
424,7.065960460069444,1192.0,538.0,1425.0,577.0,0.8680378069648046,1.4049517552685251,49.73490279687496,80.4978059963834,False,False
425,7.082625461154514,1183.0,547.0,1416.0,587.0,0.8318294146209716,1.4007798157852047,47.660314732619526,80.25877147160516,False,False
426,7.099290462239583,1171.0,559.0,1404.0,603.0,0.7833779641255333,1.3841530407361171,44.88425110794387,79.30612743437902,False,False
427,7.115955463324653,1157.0,573.0,1388.0,625.0,0.7268791952485897,1.3493788766188746,41.64711010360991,77.31371459436575,False,False
428,7.132620464409722,1139.0,588.0,1367.0,650.0,0.6600426689343954,1.305286668004985,37.817659228491515,74.78741713137951,False,False
429,7.149285465494792,1118.0,603.0,1341.0,681.0,0.5864203263870198,1.2343212676931672,33.59940972266046,70.72139920205598,False,False
430,7.1659504665798615,1095.0,617.0,1311.0,716.0,0.5095922648089258,1.1410340476982082,29.197486046064476,65.37643521383639,False,False
431,7.182615467664931,1068.0,631.0,1271.0,753.0,0.4228539261329407,1.0296527136892508,24.22774531795417,58.9947548585862,False,False
432,7.1992804687500005,1040.0,642.0,1223.0,792.0,0.3370784792141032,0.884174755465111,19.31317422365636,50.659481840162485,False,False
433,7.21594546983507,1011.0,651.0,1167.0,830.0,0.2505072868251046,0.716849019645583,14.353010272351664,41.07242337378254,False,False
434,7.2326104709201395,981.0,658.0,1101.0,862.0,0.16281114076516415,0.5317240672588056,9.328391223554254,30.46554491945988,False,False
435,7.249275472005209,951.0,661.0,1026.0,887.0,0.07699037498926423,0.3204225339290187,4.411223550014411,18.358858855020195,False,False
436,7.265940473090278,922.0,663.0,946.0,900.0,-0.005681757040847447,0.10092178466729385,-0.3255406986592984,5.78239232236404,False,False
437,7.282605474175347,894.0,662.0,865.0,899.0,-0.08526286944052945,-0.12175759779046096,-4.8852025681173,-6.976196477044811,False,False
438,7.299270475260417,865.0,658.0,786.0,884.0,-0.16841816599831944,-0.3362805753700938,-9.64965010503741,-19.267457700937356,False,False
439,7.315935476345486,836.0,652.0,716.0,860.0,-0.25255427577805956,-0.5232783221319756,-14.470294100065887,-29.981639368849336,False,False
440,7.332600477430556,807.0,644.0,653.0,828.0,-0.33787818824027843,-0.6968727446734324,-19.35899417569472,-39.9278671274855,False,False
441,7.349265478515625,779.0,633.0,598.0,793.0,-0.4231121572440504,-0.8469040651204465,-24.24254087075973,-48.52402858387421,False,False
442,7.365930479600695,752.0,620.0,554.0,757.0,-0.5079224536703121,-0.9655143372054246,-29.10181291523797,-55.31989658124182,False,False
443,7.382595480685764,727.0,605.0,515.0,721.0,-0.590353696394245,-1.0701286019201606,-33.8247752233378,-61.31385242626057,False,False
444,7.399260481770834,704.0,589.0,484.0,689.0,-0.6694546478534386,-1.1441688336680205,-38.35692589741878,-65.55604521958347,False,False
445,7.415925482855903,684.0,572.0,460.0,659.0,-0.7435065183015194,-1.2003359795629696,-42.59978553914336,-68.77418562665959,False,False
446,7.432590483940973,667.0,556.0,438.0,633.0,-0.8092979942845474,-1.246427977330937,-46.36935944090719,-71.41506256809053,False,False
447,7.449255485026042,653.0,542.0,422.0,610.0,-0.864911442865326,-1.2845105283909855,-49.55577532875361,-73.59703201692277,False,False
448,7.465920486111111,642.0,529.0,410.0,591.0,-0.9127059052683024,-1.3096574544123287,-52.294196308540855,-75.03784474567345,False,False
449,7.482585487196179,634.0,518.0,400.0,575.0,-0.9508731050745604,-1.3318598862087332,-54.48101577327197,-76.3099503825345,False,False
450,7.49925048828125,628.0,511.0,394.0,564.0,-0.9765826229944627,-1.3480586872784857,-55.95406264339834,-77.23807331700331,False,False
451,7.51591548936632,626.0,507.0,391.0,557.0,-0.9890144828161224,-1.3611564809206842,-56.666355742677695,-77.98852161363456,False,False
452,7.532580490451389,625.0,506.0,389.0,554.0,-0.992894389832651,-1.37014344947501,-56.88865803962798,-78.50343698241423,False,False
453,7.549245491536459,626.0,508.0,392.0,557.0,-0.9866756913248507,-1.3643772218733408,-56.53235286106672,-78.17305647712674,False,False
454,7.565910492621528,630.0,514.0,396.0,565.0,-0.9664908199286669,-1.356203445303673,-55.37584492005105,-77.70473357700186,False,False
455,7.582575493706598,636.0,522.0,403.0,578.0,-0.9384992309578891,-1.334926723459239,-53.77204501016054,-76.48566721344199,False,False
456,7.599240494791667,645.0,533.0,414.0,597.0,-0.8986834994141027,-1.3005194182946131,-51.49077163447568,-74.51427384309024,False,False
457,7.615905495876737,656.0,546.0,430.0,622.0,-0.8509106400489562,-1.24639325872525,-48.75358841758075,-71.4130733385141,False,False
458,7.632570496961806,670.0,560.0,449.0,651.0,-0.7953381938651205,-1.1801892830972098,-45.569521794029065,-67.61986494804043,False,False
459,7.649235498046875,688.0,576.0,473.0,682.0,-0.7275784508693214,-1.1127456742754576,-41.68717449947864,-63.75563080742274,False,False
460,7.665900499131944,707.0,592.0,505.0,718.0,-0.6575846846161446,-1.013087483166104,-37.6768271009464,-58.0456370629486,False,False
461,7.682565500217014,730.0,607.0,542.0,754.0,-0.5801657733912414,-0.9071805800104992,-33.241050233261454,-51.977618490831695,False,False
462,7.699230501302083,756.0,622.0,588.0,790.0,-0.49528262122891853,-0.7853981633974483,-28.37760386259358,-45.0,False,False
463,7.715895502387153,784.0,635.0,641.0,825.0,-0.4078679679739101,-0.6451831929932239,-23.369113163482076,-36.9662739712862,False,False
464,7.7325605034722225,813.0,646.0,702.0,856.0,-0.31995844161986137,-0.4862426330875049,-18.332268324401,-27.85965069524227,False,False
465,7.749225504557292,844.0,654.0,768.0,880.0,-0.22913976737863878,-0.3244030680696465,-13.128741589405461,-18.586926661485904,False,False
466,7.7658905056423615,874.0,659.0,840.0,895.0,-0.1427015596598817,-0.1430832936681563,-8.176197098445545,-8.198068846016293,False,False
467,7.782555506727431,906.0,662.0,913.0,901.0,-0.05123716740341881,0.02928033234577806,-2.935673446421173,1.6776394661534724,False,False
468,7.799220507812499,937.0,662.0,986.0,895.0,0.037020115873930025,0.20727991668300638,2.1210963966614536,11.876264403759608,False,False
469,7.81588550889757,968.0,659.0,1055.0,882.0,0.1257694207605277,0.3719728371687995,7.2060570013832725,21.312473663279206,False,False
470,7.83255050998264,999.0,653.0,1119.0,861.0,0.215880849009154,0.5232783221319756,12.369061525925504,29.981639368849336,False,False
471,7.849215511067708,1028.0,645.0,1175.0,834.0,0.3018616763718752,0.6610431688506869,17.295400052852376,37.874983651098205,False,False
472,7.865880512152778,1056.0,635.0,1225.0,805.0,0.3868757177310281,0.7824483194462039,22.16634582208246,44.830986391371496,False,False
473,7.882545513237847,1082.0,623.0,1266.0,774.0,0.46876265390493227,0.8835888388388599,26.858121662104317,50.62591129033174,False,False
474,7.899210514322917,1105.0,610.0,1302.0,743.0,0.5443448971842162,0.9769594837265746,31.188665208138318,55.97565517281256,False,False
475,7.915875515407986,1126.0,597.0,1333.0,715.0,0.6149374509545243,1.0526913365865693,35.2333206042273,60.314770716396005,False,False
476,7.932540516493056,1144.0,583.0,1357.0,687.0,0.6800980338334002,1.1165824002000913,38.9667469937993,63.975459010052674,False,False
477,7.949205517578125,1158.0,570.0,1376.0,664.0,0.7347316241418779,1.1636921547389079,42.09702113812191,66.67464911902414,False,False
478,7.965870518663195,1170.0,559.0,1392.0,643.0,0.78134960252142,1.2090670852749643,44.76803454870179,69.27444113443946,False,False
479,7.982535519748264,1179.0,550.0,1403.0,626.0,0.8177755089761238,1.2436982297891037,46.855085253494664,71.25865955480728,False,False
480,7.999200520833334,1185.0,544.0,1411.0,613.0,0.8420177444066888,1.2744753631401817,48.24406302962854,73.02205940133538,False,False
481,8.015865521918403,1188.0,540.0,1415.0,605.0,0.8562731646087188,1.2919149342893808,49.0608384423904,74.0212732247026,False,False
482,8.032530523003473,1189.0,539.0,1417.0,599.0,0.8603084372087221,1.313472611823808,49.29204253155537,75.25643716352927,False,False
483,8.049195524088542,1187.0,541.0,1416.0,600.0,0.8522355786476487,1.3186382998403725,48.82950180739981,75.55240928515973,False,False
484,8.065860525173612,1183.0,546.0,1412.0,604.0,0.8339429897862765,1.3227375912726034,47.78141366927516,75.78728138322069,False,False
485,8.082525526258681,1176.0,553.0,1404.0,613.0,0.8056383140392382,1.313472611823808,46.15967520848357,75.25643716352927,False,False
486,8.099190527343751,1166.0,563.0,1394.0,627.0,0.7651580127556583,1.2971370057128062,43.84032479151643,74.32047587758075,False,False
487,8.11585552842882,1153.0,575.0,1379.0,645.0,0.7145231621861777,1.270432885249984,40.9391615576096,72.7904424794521,False,False
488,8.13252052951389,1137.0,588.0,1360.0,667.0,0.6555211366254393,1.2303313799353668,37.558594510256285,70.4927954728031,False,False
489,8.149185530598958,1119.0,601.0,1336.0,695.0,0.5919708366866009,1.1620178304868094,33.91743053697035,66.5787174058425,False,False
490,8.165850531684027,1097.0,614.0,1307.0,726.0,0.5187906219045837,1.0808390005411683,29.724513086099883,61.92751306414704,False,False
491,8.182515532769097,1073.0,627.0,1271.0,759.0,0.4406043133204504,0.982793723247329,25.24476758852157,56.309932474020215,False,False
492,8.199180533854166,1047.0,638.0,1226.0,793.0,0.3597756950578168,0.8571311600719476,20.613628898198613,49.10999796127478,False,False
493,8.215845534939236,1019.0,648.0,1175.0,826.0,0.2747688772865118,0.7196249120138116,15.743097010065153,41.231470290864614,False,False
494,8.232510536024305,991.0,655.0,1116.0,857.0,0.19235922862101976,0.5541370513421143,11.021371950376542,31.749714313727363,False,False
495,8.249175537109375,962.0,659.0,1048.0,880.0,0.10876447895463631,0.3711096294205465,6.231745605040125,21.26301550246132,False,False
496,8.265840538194444,933.0,662.0,975.0,896.0,0.02563540852167748,0.1775961672834879,1.4688007143858246,10.175510843043208,False,False
497,8.282505539279514,904.0,661.0,900.0,900.0,-0.0570807824062646,-0.01673483927434091,-3.2704879231835653,-0.9588356612495073,False,False
498,8.299170540364583,876.0,659.0,825.0,892.0,-0.13706617431018764,-0.21548569150556338,-7.853313301978219,-12.346420668726836,False,False
499,8.315835541449653,848.0,654.0,755.0,875.0,-0.2180514714232421,-0.39832013937745453,-12.493429029169251,-22.822062881390856,False,False
500,8.332500542534722,819.0,647.0,692.0,851.0,-0.3028848683749714,-0.5568348707696853,-17.35402463626132,-31.904287980815578,False,False
501,8.349165543619792,792.0,638.0,635.0,820.0,-0.38366592426060625,-0.7117851063864423,-21.982438203118637,-40.78228251621344,False,False
502,8.365830544704862,766.0,626.0,587.0,788.0,-0.46491664385256176,-0.8352102961395945,-26.6377615181386,-47.8540249746704,False,False
503,8.382495545789931,741.0,613.0,546.0,755.0,-0.5447905263426193,-0.9413904702019925,-31.21419787814278,-53.937700816410256,False,False
504,8.399160546875,718.0,599.0,512.0,724.0,-0.6209060847065856,-1.0253946613414127,-35.575298127679744,-58.7507864301093,False,False
505,8.41582554796007,698.0,584.0,485.0,696.0,-0.6914868425679042,-1.0867054695403617,-39.619277667968106,-62.26363697844516,False,False
506,8.43249054904514,680.0,569.0,461.0,669.0,-0.7575169440332737,-1.1424500316480142,-43.402523802754374,-65.45756511801854,False,False
507,8.44915555013021,666.0,556.0,443.0,646.0,-0.8112373416564991,-1.1872011564167917,-46.480475860329804,-68.02161569573286,False,False
508,8.465820551215279,654.0,543.0,429.0,626.0,-0.8609512862274119,-1.2173940773767766,-49.328875067190424,-69.75154263791208,False,False
509,8.482485552300348,645.0,533.0,417.0,610.0,-0.8986834994141027,-1.2451036114792646,-51.49077163447568,-71.33918199425847,False,False
510,8.499150553385418,639.0,526.0,409.0,597.0,-0.9244941048795197,-1.2713810851414065,-52.969610394321364,-72.84477033136537,False,False
511,8.515815554470487,636.0,521.0,405.0,589.0,-0.9407624172489815,-1.2845105283909855,-53.901716032892,-73.59703201692277,False,False
512,8.532480555555557,634.0,519.0,402.0,584.0,-0.9485924459063164,-1.2976277516072299,-54.35034362842377,-74.3485935461446,False,False
513,8.549145556640624,635.0,520.0,404.0,585.0,-0.9446798937869377,-1.2965035152647124,-54.12617090485841,-74.28417954854312,False,False
514,8.565810557725694,638.0,524.0,408.0,591.0,-0.9306603202742743,-1.2873361631410276,-53.3229085120094,-73.7589289625457,False,False
515,8.582475558810764,644.0,531.0,415.0,603.0,-0.9048270894157867,-1.2661718975503518,-51.84277341263094,-72.54630586770601,False,False
516,8.599140559895833,652.0,541.0,425.0,620.0,-0.868869101835103,-1.2358886369254987,-49.78253248447393,-70.81120284400723,False,False
517,8.615805560980903,662.0,552.0,440.0,641.0,-0.8271234349625646,-1.189513552323006,-47.390681959718385,-68.15410622172227,False,False
518,8.632470562065972,675.0,565.0,458.0,666.0,-0.7754581329297761,-1.135178757753937,-44.43047820597093,-65.04095181220426,False,False
519,8.649135563151042,691.0,579.0,482.0,695.0,-0.7156512023816337,-1.0641041612668274,-41.00379349993034,-60.968677402897534,False,False
520,8.665800564236111,710.0,593.0,512.0,727.0,-0.6491507661968687,-0.9758332788110025,-37.193599170764244,-55.91112838428339,False,False
521,8.68246556532118,732.0,608.0,548.0,761.0,-0.5738858942964037,-0.8771281411474733,-32.88123966527481,-50.25574057990538,False,False
522,8.69913056640625,756.0,621.0,590.0,793.0,-0.4966305672007265,-0.7676485483409506,-28.45483547778984,-43.98302196928083,False,False
523,8.71579556749132,782.0,634.0,639.0,824.0,-0.41419557439768495,-0.6451831929932239,-23.731658305984244,-36.9662739712862,False,False
524,8.73246056857639,810.0,644.0,696.0,852.0,-0.32983663152621534,-0.5013655614676703,-18.89824691526381,-28.72613066530436,False,False
525,8.749125569661459,839.0,652.0,758.0,876.0,-0.24428853211151583,-0.3469776052196545,-13.996701873435942,-19.880352364642647,False,False
526,8.765790570746528,869.0,658.0,825.0,891.0,-0.15719376800493437,-0.18664328605877953,-9.006539472441334,-10.693872565620984,False,False
527,8.782455571831598,899.0,661.0,894.0,899.0,-0.07130746478529032,-0.021005313472176913,-4.085616779974877,-1.203515809305026,False,False
528,8.799120572916667,929.0,661.0,963.0,897.0,0.014284742587396631,0.1430832936681563,0.8184554616886145,8.198068846016293,False,False
529,8.815785574001737,959.0,659.0,1030.0,887.0,0.10023764247243284,0.3018856181454772,5.7431938620116885,17.296771815433825,False,False
530,8.832450575086806,988.0,654.0,1092.0,870.0,0.18446766853292937,0.4487233440107211,10.569218863555076,25.709953780811265,False,False
531,8.849115576171876,1016.0,648.0,1149.0,846.0,0.2665031161805484,0.5914909614909966,15.269503784230062,33.88993571356921,False,False
532,8.865780577256945,1043.0,639.0,1198.0,820.0,0.34803642976892135,0.708171106023464,19.941018542560478,40.57521554825604,False,False
533,8.882445578342015,1068.0,629.0,1242.0,791.0,0.42520501897961815,0.8210972760767723,24.362453015312187,47.04540848888723,False,False
534,8.899110579427084,1091.0,617.0,1279.0,763.0,0.4995756594050681,0.9104900774865703,28.623576831375495,52.16723872851977,False,False
535,8.915775580512154,1111.0,605.0,1310.0,736.0,0.5665090986628748,0.9886143792812577,32.458580409143075,56.643431498761686,False,False
536,8.932440581597223,1128.0,593.0,1336.0,709.0,0.6262614375987547,1.0620665024793434,35.882137246204216,60.85192815428696,False,False
537,8.949105582682291,1143.0,582.0,1356.0,686.0,0.679671426698843,1.1165824002000913,38.942304205479,63.975459010052674,False,False
538,8.96577058376736,1155.0,572.0,1372.0,666.0,0.7244979551194604,1.1620178304868094,41.51067509420361,66.5787174058425,False,False
539,8.98243558485243,1164.0,563.0,1385.0,649.0,0.7610127542247298,1.19968669737435,43.60281897270362,68.73698449753869,False,False
540,8.9991005859375,1171.0,557.0,1393.0,636.0,0.7874265581815006,1.2289142642678519,45.11621846031255,70.41160072597262,False,False
541,9.01576558702257,1175.0,553.0,1399.0,628.0,0.8036517139075441,1.247707085112259,46.04585140535736,71.48835004550263,False,False
542,9.03243058810764,1176.0,552.0,1401.0,623.0,0.8077068350493876,1.26513017608456,46.278192732199265,72.48661962428795,False,False
543,9.049095589192708,1174.0,553.0,1400.0,623.0,0.8016568932025779,1.270432885249984,45.93155659807749,72.7904424794521,False,False
544,9.065760590277778,1170.0,557.0,1396.0,627.0,0.7853981633974483,1.270432885249984,45.0,72.7904424794521,False,False
545,9.082425591362847,1164.0,564.0,1389.0,635.0,0.7590351042765445,1.26513017608456,43.48950797731835,72.48661962428795,False,False
546,9.099090592447917,1155.0,572.0,1378.0,648.0,0.7244979551194604,1.2423344637669318,41.51067509420361,71.18052151749349,False,False
547,9.115755593532986,1143.0,582.0,1363.0,665.0,0.679671426698843,1.21003461883674,38.942304205479,69.32987672406647,False,False
548,9.132420594618056,1128.0,593.0,1344.0,687.0,0.6262614375987547,1.1603304622311306,35.882137246204216,66.48203832630776,False,False
549,9.149085595703124,1110.0,605.0,1321.0,712.0,0.564083721049657,1.1014777010842596,32.31961650818018,63.110023499900535,False,False
550,9.165750596788197,1090.0,617.0,1292.0,741.0,0.4970541993323237,1.0202469270110288,28.47910781099649,58.4558429789237,False,False
551,9.182415597873264,1067.0,628.0,1256.0,772.0,0.4237717179297856,0.9197196053504169,24.28033091438511,52.69605172201657,False,False
552,9.199080598958334,1043.0,639.0,1213.0,802.0,0.34803642976892135,0.806416088959574,19.941018542560478,46.20423842882993,False,False
553,9.215745600043403,1017.0,647.0,1163.0,832.0,0.27002561614486076,0.6681141339945177,15.471328165520145,38.280120110923825,False,False
554,9.232410601128471,989.0,654.0,1107.0,860.0,0.1872835449741793,0.5201910459456235,10.730556699269014,29.80475147318012,False,False
555,9.249075602213544,961.0,658.0,1043.0,881.0,0.10622687041360764,0.3523668169245701,6.086351345582831,20.189131450236815,False,False
556,9.265740603298612,933.0,661.0,975.0,895.0,0.025708620323289116,0.1775961672834879,1.4729954416287203,10.175510843043208,False,False
557,9.282405604383682,905.0,660.0,905.0,900.0,-0.05438757093048783,0.0,-3.116178272285356,0.0,False,False
558,9.299070605468753,878.0,658.0,834.0,893.0,-0.13179638801884203,-0.18509101269405182,-7.551376788548217,-10.604933853171515,False,False
559,9.31573560655382,850.0,654.0,768.0,879.0,-0.21248664442303752,-0.349484524690076,-12.17458792833708,-20.02398826987697,False,False
560,9.33240060763889,823.0,648.0,706.0,858.0,-0.291184537473976,-0.5083106250108272,-16.683645056727787,-29.124053494777428,False,False
561,9.349065608723958,797.0,639.0,652.0,830.0,-0.3694191862399583,-0.6493392409625774,-21.166160242706944,-37.20439797938407,False,False
562,9.365730609809027,771.0,629.0,605.0,802.0,-0.448439656075069,-0.76475212986323,-25.693699659399623,-43.817069414803726,False,False
563,9.382395610894095,748.0,616.0,564.0,772.0,-0.5233729295110688,-0.8675656857591483,-29.987059972382177,-49.707852244372226,False,False
564,9.399060611979166,726.0,604.0,529.0,743.0,-0.5942770310120521,-0.9563326971742573,-34.04956573855572,-54.79382735844757,False,False
565,9.415725613064236,706.0,590.0,502.0,717.0,-0.6632725434084432,-1.0139614560252115,-38.00271740421149,-58.09571201918443,False,False
566,9.432390614149304,689.0,576.0,478.0,693.0,-0.7254700082762404,-1.0645029752076398,-41.56636963754948,-60.991527758517066,False,False
567,9.449055615234377,675.0,564.0,459.0,671.0,-0.7774302045359268,-1.1108592759038567,-44.54346958590096,-63.647548142249654,False,False
568,9.465720616319445,663.0,552.0,445.0,653.0,-0.8252177415324231,-1.1369350638758247,-47.28149376912547,-65.14158074052142,False,False
569,9.482385617404514,654.0,543.0,432.0,637.0,-0.8609512862274119,-1.1702618114091106,-49.328875067190424,-67.05106271907673,False,False
570,9.499050618489584,649.0,537.0,425.0,625.0,-0.8828924765597103,-1.1964627107873127,-50.586012670724365,-68.55226367289465,False,False
571,9.515715619574651,645.0,533.0,420.0,617.0,-0.8986834994141027,-1.2134876437867965,-51.49077163447568,-69.52772048025808,False,False
572,9.532380620659724,644.0,531.0,417.0,613.0,-0.9048270894157867,-1.2241492138227328,-51.84277341263094,-70.13858344630036,False,False
573,9.549045621744792,645.0,532.0,419.0,614.0,-0.9008820254574808,-1.2227360551453321,-51.61673789791083,-70.05761541830302,False,False
574,9.565710622829862,648.0,536.0,424.0,621.0,-0.8868451186969318,-1.2081175181410788,-50.81248238311273,-69.22003494530348,False,False
575,9.582375623914931,654.0,542.0,431.0,632.0,-0.8630858053269945,-1.1872011564167917,-49.45117400288657,-68.02161569573286,False,False
576,9.599040625,661.0,551.0,441.0,648.0,-0.831091981183784,-1.1555280696863057,-47.618062908996855,-66.2068815019242,False,False
577,9.61570562608507,672.0,561.0,457.0,669.0,-0.7893822060633012,-1.1052899838751888,-45.228268830153425,-63.328451214131135,False,False
578,9.63237062717014,684.0,573.0,477.0,692.0,-0.7416014865535852,-1.049052815792073,-42.4906352601483,-60.10629883120079,False,False
579,9.64903562825521,700.0,586.0,501.0,718.0,-0.6835474076448526,-0.9851165994410915,-39.16438155515847,-56.44302347625422,False,False
580,9.66570062934028,719.0,599.0,531.0,747.0,-0.6186052914762864,-0.903888122555586,-35.443472386051326,-51.78897457443879,False,False
581,9.682365630425348,740.0,612.0,567.0,775.0,-0.5486837749302353,-0.8151512854161134,-31.43726459080845,-46.704728319007266,False,False
582,9.699030631510418,764.0,625.0,608.0,805.0,-0.4712616750560702,-0.714090698612158,-27.001305026978446,-40.91438322002513,False,False
583,9.715695632595487,790.0,636.0,656.0,833.0,-0.39107122438537617,-0.5973154891344067,-22.406730646295657,-34.223656565193885,False,False
584,9.732360633680557,817.0,645.0,710.0,857.0,-0.3100288189606406,-0.4674140695328358,-17.76334285387018,-26.780853469265892,False,False
585,9.749025634765625,845.0,652.0,769.0,878.0,-0.22765537889367313,-0.3244030680696465,-13.04369239405911,-18.586926661485904,False,False
586,9.765690635850694,874.0,657.0,832.0,892.0,-0.14351517616925677,-0.1768561314739792,-8.222813890574903,-10.133109914469811,False,False
587,9.782355636935764,903.0,660.0,897.0,898.0,-0.060099456438552475,-0.025204745326941735,-3.4434452049593984,-1.4441255309358456,False,False
588,9.799020638020831,932.0,660.0,963.0,896.0,0.022918622489771296,0.13060816994581406,1.313140340917506,7.483296907822548,False,False
589,9.815685639105904,960.0,658.0,1026.0,887.0,0.1033765647623031,0.28060513042474605,5.923040861440794,16.07748968305596,False,False
590,9.832350640190972,988.0,653.0,1086.0,871.0,0.1849948426657377,0.4224723923857155,10.599423716433462,24.205885044496355,False,False
591,9.849015641276042,1014.0,647.0,1140.0,850.0,0.26171350240120506,0.5554937352655436,14.995079129175986,31.827446576673108,False,False
592,9.865680642361111,1039.0,639.0,1188.0,825.0,0.33721792863407407,0.6753962501245075,19.321164086876237,38.69735463109638,False,False
593,9.88234564344618,1063.0,630.0,1231.0,799.0,0.41092944876869225,0.7824308130563733,23.54452309208345,44.8299833491197,False,False
594,9.89901064453125,1084.0,619.0,1266.0,772.0,0.4791102940603916,0.8717500535547348,27.45099777093223,49.94759885898979,False,False
595,9.91567564561632,1103.0,609.0,1297.0,746.0,0.5409128401417592,0.9559310276476498,30.99202282455738,54.770813389813945,False,False
596,9.93234064670139,1119.0,598.0,1322.0,721.0,0.5967953425725506,1.026041593568053,34.19385436247129,58.787852916326784,False,False
597,9.94900564778646,1133.0,588.0,1342.0,700.0,0.6463829451957958,1.0788543839455869,37.03501470895509,61.8138029092686,False,False
598,9.965670648871528,1144.0,580.0,1359.0,681.0,0.685527040773398,1.1316259374696727,39.277806178408404,64.83739020454745,False,False
599,9.982335649956598,1152.0,572.0,1370.0,665.0,0.7180156675540721,1.1675665888408906,41.13926737511673,66.8966378410693,False,False
600,9.999000651041667,1158.0,567.0,1378.0,653.0,0.7405303366126927,1.1981514229450672,42.42926288930948,68.64901975234642,False,False
601,10.015665652126737,1162.0,564.0,1384.0,646.0,0.7548577639473566,1.2169712146209535,43.250164006866086,69.72731438669014,False,False
602,10.032330653211806,1162.0,564.0,1385.0,642.0,0.7548577639473566,1.2343212676931672,43.250164006866086,70.72139920205598,False,False
603,10.048995654296876,1160.0,565.0,1383.0,642.0,0.748679979881493,1.2383223228656413,42.89620305314894,70.95064277703773,False,False
604,10.065660655381944,1156.0,569.0,1379.0,647.0,0.732386652798156,1.2343212676931672,41.96266417704752,70.72139920205598,False,False
605,10.082325656467017,1149.0,575.0,1371.0,656.0,0.7058120206455085,1.2209407249377986,40.440049912588165,69.954750574579,False,False
606,10.098990657552084,1139.0,583.0,1359.0,670.0,0.6688851533007973,1.194214576314256,38.324296263096755,68.42345505581063,False,False
607,10.115655658637154,1127.0,592.0,1344.0,688.0,0.6256149609868416,1.154283591607591,35.84509686478767,66.1355781603173,False,False
608,10.132320659722222,1112.0,603.0,1323.0,709.0,0.5720295212456403,1.1052547806646704,32.774877324264246,63.32643421874312,False,False
609,10.148985660807291,1095.0,613.0,1298.0,734.0,0.5152147549436424,1.0332795759912121,29.51963100113768,59.20255876136368,False,False
610,10.16565066189236,1075.0,623.0,1268.0,761.0,0.45074509922276823,0.9500568849473122,25.825791821670144,54.43424980482702,False,False
611,10.18231566297743,1053.0,633.0,1231.0,790.0,0.38104170896700795,0.8480028124546374,21.83208174226177,48.586982168874606,False,False
612,10.1989806640625,1029.0,642.0,1188.0,818.0,0.3071796366778726,0.7346953878814758,17.600096734004126,42.094944953335535,False,False
613,10.21564566514757,1004.0,649.0,1138.0,845.0,0.23240949267592748,0.5996843151378045,13.316083049107261,34.359380297589425,False,False
614,10.23231066623264,978.0,655.0,1081.0,869.0,0.1557060874336245,0.44858283537036436,8.921301654441667,25.701903228733702,False,False
615,10.248975667317708,952.0,658.0,1019.0,886.0,0.08051719210961387,0.2858139684375267,4.613295286124928,16.3759341173556,False,False
616,10.265640668402778,925.0,660.0,953.0,896.0,0.0028653216713727084,0.11809202841909398,0.16417083871702723,6.766174822553061,False,False
617,10.282305669487847,899.0,659.0,887.0,898.0,-0.07171587807685639,-0.05016707685413893,-4.109017137878658,-2.8743617742505996,False,False
618,10.298970670572915,872.0,657.0,820.0,890.0,-0.1491725931644352,-0.2195776234975388,-8.546960007344211,-12.580871101921586,False,False
619,10.315635671657986,846.0,652.0,758.0,875.0,-0.2248704167610949,-0.3758588505430919,-12.884125817758624,-21.535125828757558,False,False
620,10.332300672743056,820.0,646.0,702.0,854.0,-0.30101412225799923,-0.5160340910978656,-17.24683877921833,-29.566575504777145,False,False
621,10.348965673828124,795.0,637.0,651.0,829.0,-0.37679876698254466,-0.6435011087932844,-21.588979073833162,-36.86989764584402,False,False
622,10.365630674913197,771.0,628.0,607.0,803.0,-0.4496713907498209,-0.7529611668960438,-25.764272857742824,-43.1414970003889,False,False
623,10.382295675998265,748.0,616.0,569.0,776.0,-0.5233729295110688,-0.8413867845980396,-29.987059972382177,-48.20791169555057,False,False
624,10.398960677083334,728.0,605.0,537.0,750.0,-0.5880026035475675,-0.9214570858323191,-33.690067525979785,-52.79560202061593,False,False
625,10.415625678168404,709.0,592.0,511.0,727.0,-0.6531107621036124,-0.9723774333163594,-37.42049022310974,-55.71312302279104,False,False
626,10.432290679253471,694.0,580.0,489.0,706.0,-0.7074004069740266,-1.0196858582337704,-40.53105774544853,-58.42369610597023,False,False
627,10.448955680338544,680.0,569.0,471.0,686.0,-0.7575169440332737,-1.0604537137507601,-43.402523802754374,-60.75952216689287,False,False
628,10.465620681423612,670.0,559.0,457.0,671.0,-0.7973497855383564,-1.0867054695403617,-45.684777507009144,-62.26363697844516,False,False
629,10.482285682508682,662.0,551.0,446.0,657.0,-0.8291948402413115,-1.1145835250392888,-47.509364739851705,-63.86093189956516,False,False
630,10.498950683593751,657.0,546.0,439.0,647.0,-0.8490570521228222,-1.1369350638758247,-48.64738565245687,-65.14158074052142,False,False
631,10.51561568467882,654.0,542.0,435.0,641.0,-0.8630858053269945,-1.146234946430539,-49.45117400288657,-65.67442476087389,False,False
632,10.532280685763888,654.0,542.0,434.0,639.0,-0.8630858053269945,-1.1555280696863057,-49.45117400288657,-66.2068815019242,False,False
633,10.548945686848958,655.0,544.0,436.0,642.0,-0.8569887538829878,-1.1500328575180232,-49.10183868767084,-65.89202903715268,False,False
634,10.565610687934027,659.0,548.0,442.0,650.0,-0.8411173217728586,-1.1313976951153657,-48.19247261293202,-64.82431288093953,False,False
635,10.582275689019095,666.0,554.0,451.0,662.0,-0.8153293417512567,-1.1052899838751888,-46.71493019552655,-63.328451214131135,False,False
636,10.598940690104168,674.0,563.0,464.0,678.0,-0.7814141207315954,-1.0697829399913072,-44.77173116984658,-61.29404745659892,False,False
637,10.615605691189236,685.0,573.0,481.0,698.0,-0.7395221904803124,-1.0210580998598446,-42.37150037079165,-58.50231975961645,False,False
638,10.632270692274306,699.0,584.0,502.0,720.0,-0.6893094478800814,-0.9665726663845327,-39.49452214202166,-55.38053437654026,False,False
639,10.648935693359377,716.0,596.0,528.0,745.0,-0.6304632988325026,-0.9006126446884143,-36.1228861609976,-51.601303516761334,False,False
640,10.665600694444445,734.0,609.0,560.0,771.0,-0.5675972728610295,-0.8210972760767723,-32.52092819807237,-47.04540848888723,False,False
641,10.682265695529514,756.0,620.0,597.0,797.0,-0.497985252133318,-0.7318778949381332,-28.532453206997296,-41.9335144988741,False,False
642,10.698930696614584,780.0,631.0,639.0,823.0,-0.4228539261329407,-0.6334258829691446,-24.22774531795417,-36.2926297284796,False,False
643,10.715595697699651,805.0,641.0,687.0,847.0,-0.34609200366082565,-0.5201910459456235,-19.82961113299155,-29.80475147318012,False,False
644,10.732260698784724,832.0,649.0,740.0,868.0,-0.26575129806609005,-0.3977056192195359,-15.226427779310116,-22.786853469916405,False,False
645,10.748925699869792,859.0,655.0,798.0,884.0,-0.18675170411839423,-0.260330578761374,-10.700084462859904,-14.915843441224796,False,False
646,10.765590700954862,887.0,658.0,858.0,894.0,-0.10622687041360764,-0.12226840393911868,-6.086351345582831,-7.00546351351223,False,False
647,10.782255702039931,915.0,659.0,921.0,898.0,-0.025856305359259733,0.025099330520065605,-1.4814571708870745,1.4380857074036568,False,False
648,10.798920703125,943.0,658.0,981.0,894.0,0.054700420818193235,0.15964666966066154,3.134103250472018,9.147080384875153,False,False
649,10.81558570421007,969.0,656.0,1041.0,883.0,0.1297025371559121,0.30714335966663053,7.431407971172507,17.598018214366604,False,False
650,10.83225070529514,995.0,651.0,1096.0,867.0,0.2058651484035981,0.4373872306071295,11.795204152360528,25.060442326703782,False,False
651,10.84891570638021,1020.0,645.0,1146.0,846.0,0.2798806853557597,0.5599397971143883,16.03598203811398,32.08218715606604,False,False
652,10.86558070746528,1042.0,637.0,1191.0,824.0,0.3472924437939313,0.6727814411390625,19.898391286176626,38.54753711199749,False,False
653,10.882245708550348,1064.0,628.0,1230.0,799.0,0.41588035496781706,0.7705624566784743,23.828189122058458,44.149976618908916,False,False
654,10.898910709635418,1083.0,619.0,1264.0,773.0,0.476550118778844,0.8658213392168801,27.30431053248584,49.60790854949202,False,False
655,10.915575710720487,1099.0,610.0,1292.0,750.0,0.5295288417495246,0.9432334655942491,30.339767762698624,54.04329667404862,False,False
656,10.932240711805555,1114.0,600.0,1315.0,727.0,0.5815872946062187,1.0072929045340115,33.32249739936796,57.713632163273004,False,False
657,10.948905712890625,1126.0,592.0,1333.0,707.0,0.6232726544683237,1.0636978224025597,35.71089258695062,60.94539590092286,False,False
658,10.965570713975694,1136.0,585.0,1348.0,692.0,0.6585115286896781,1.1033822572620609,37.72993135462658,63.219146530734115,False,False
659,10.982235715060764,1143.0,580.0,1358.0,678.0,0.6832954386342458,1.1431180459636965,39.14994479428262,65.49583951896146,False,False
660,10.998900716145831,1147.0,576.0,1365.0,668.0,0.6995441541690406,1.171453873112189,40.08092761693502,67.1193628235823,False,False
661,11.015565717230904,1149.0,574.0,1369.0,663.0,0.7076861282492217,1.1863776065766947,40.54742836863431,67.97442976567662,False,False
662,11.032230718315972,1149.0,574.0,1369.0,661.0,0.7076861282492217,1.194214576314256,40.54742836863431,68.42345505581063,False,False
663,11.048895719401042,1146.0,577.0,1366.0,664.0,0.6954773743621957,1.194214576314256,39.847918297793775,68.42345505581063,False,False
664,11.065560720486111,1140.0,582.0,1360.0,671.0,0.6729383303860343,1.1863776065766947,38.55652620369997,67.97442976567662,False,False
665,11.08222572157118,1132.0,588.0,1350.0,682.0,0.6440784759346715,1.1636921547389079,36.902978346275034,66.67464911902414,False,False
666,11.09889072265625,1122.0,595.0,1335.0,697.0,0.6088329235837846,1.124192521789088,34.88355694996182,64.41148685868359,False,False
667,11.11555572374132,1109.0,604.0,1318.0,717.0,0.5631878423325354,1.0751445832603679,32.26828643873352,61.60124698717082,False,False
668,11.13222072482639,1094.0,613.0,1296.0,737.0,0.5127038268517807,1.0202469270110288,29.375765418813163,58.4558429789237,False,False
669,11.14888572591146,1076.0,622.0,1267.0,762.0,0.45460392791566173,0.9382745065447728,26.046886419636923,53.75916924973542,False,False
670,11.165550726996528,1056.0,631.0,1234.0,788.0,0.39123557912717416,0.8480028124546374,22.416147479343643,48.586982168874606,False,False
671,11.182215728081598,1034.0,640.0,1195.0,814.0,0.32266213117240267,0.7466116550131146,18.48717832487523,42.777696767528894,False,False
672,11.198880729166667,1011.0,647.0,1149.0,839.0,0.25336421080613875,0.6231993299340659,14.516699958854636,35.706691400602885,False,False
673,11.215545730251735,986.0,652.0,1097.0,862.0,0.17985349979247828,0.4862426330875049,10.304846468766033,27.85965069524227,False,False
674,11.232210731336806,961.0,656.0,1040.0,880.0,0.10683801631882232,0.33905907872732344,6.121367426618335,19.426654216669544,False,False
675,11.248875732421876,936.0,658.0,979.0,892.0,0.03456835658230862,0.1817331968267754,1.9806209368695626,10.412545175594516,False,False
676,11.265540733506946,911.0,659.0,916.0,897.0,-0.037338959523450566,0.021005313472176913,-2.139364792103529,1.203515809305026,False,False
677,11.282205734592017,885.0,658.0,854.0,894.0,-0.11192224263698675,-0.13060816994581406,-6.412672136738494,-7.483296907822548,False,False
678,11.298870735677085,860.0,654.0,793.0,884.0,-0.18446766853292937,-0.28346016365386906,-10.569218863555076,-16.24107103745431,False,False
679,11.315535736762154,835.0,649.0,736.0,867.0,-0.2574693389688943,-0.42628183119802276,-14.751906476940821,-24.42414981075489,False,False
680,11.332200737847222,811.0,642.0,685.0,847.0,-0.3289837013078014,-0.5511104685611261,-18.849377613529523,-31.57630389402977,False,False
681,11.348865738932291,788.0,634.0,640.0,823.0,-0.39852244566642026,-0.6643314288295015,-22.833654177917545,-38.06338706982606,False,False
682,11.36553074001736,765.0,624.0,600.0,799.0,-0.4700169496194693,-0.7559948751934432,-26.929987512808637,-43.31531568210371,False,False
683,11.38219574110243,745.0,614.0,566.0,775.0,-0.533596994041588,-0.8382899622631684,-30.572855719450327,-48.0304768458606,False,False
684,11.3988607421875,726.0,602.0,538.0,752.0,-0.5974585864753968,-0.8973540851399052,-34.23185543889217,-51.414601807339714,False,False
685,11.41552574327257,709.0,591.0,514.0,732.0,-0.6548320685978205,-0.9447498043013652,-37.51911382047632,-54.1301764822787,False,False
686,11.43219074435764,696.0,580.0,496.0,714.0,-0.7030895707836982,-0.9804895798595247,-40.284065025570456,-56.17791478250605,False,False
687,11.448855745442708,684.0,571.0,479.0,697.0,-0.7454194762741583,-1.0196858582337704,-42.70938995736147,-58.42369610597023,False,False
688,11.465520746527778,675.0,563.0,468.0,684.0,-0.779410211013535,-1.041821248170739,-44.656915600476474,-59.691960527234876,False,False
689,11.482185747612847,669.0,557.0,459.0,674.0,-0.8033603032453056,-1.0624857017840694,-46.02915480430598,-60.87594650522258,False,False
690,11.498850748697915,666.0,554.0,454.0,667.0,-0.8153293417512567,-1.081083858518645,-46.71493019552655,-61.941542392836574,False,False
691,11.515515749782988,664.0,552.0,452.0,665.0,-0.8233041494072809,-1.081083858518645,-47.17185301664535,-61.941542392836574,False,False
692,11.532180750868056,665.0,553.0,453.0,665.0,-0.819317285076635,-1.0847643974548002,-46.943422517008095,-62.152421740211835,False,False
693,11.548845751953126,668.0,556.0,457.0,670.0,-0.8073507241196948,-1.075442928313905,-46.25778907888939,-61.618340899577106,False,False
694,11.565510753038197,673.0,561.0,466.0,681.0,-0.7873941687307562,-1.0454294529795805,-45.114362681484145,-59.8986954344003,False,False
695,11.582175754123265,681.0,568.0,478.0,694.0,-0.7574054772906345,-1.015302591529353,-43.39613722884507,-58.172553423326896,False,False
696,11.598840755208334,691.0,577.0,492.0,710.0,-0.7193620559693972,-0.9816349752143809,-41.21640974890017,-56.2435411022132,False,False
697,11.615505756293404,704.0,587.0,512.0,730.0,-0.6729710325672582,-0.930636893115173,-38.558399900664966,-53.32156623466691,False,False
698,11.632170757378471,719.0,597.0,537.0,752.0,-0.621901284943046,-0.8653460875452751,-35.632318900999344,-49.58067863450251,False,False
699,11.648835758463544,736.0,609.0,565.0,775.0,-0.5628110834596712,-0.8002338701164222,-32.246699745424294,-45.850023381091084,False,False
700,11.665500759548612,756.0,620.0,599.0,799.0,-0.497985252133318,-0.7200153013186058,-28.532453206997296,-41.25383795039637,False,False
701,11.682165760633682,779.0,630.0,638.0,823.0,-0.4266274931268761,-0.6309494667237168,-24.443954780416536,-36.15074152929895,False,False
702,11.698830761718751,803.0,639.0,682.0,845.0,-0.3534141764722563,-0.5310873950188547,-20.249140731951965,-30.429066287177555,False,False
703,11.71549576280382,828.0,647.0,731.0,864.0,-0.27829965900511133,-0.4203601657163518,-15.945395900922854,-24.08486337096684,False,False
704,11.732160763888889,854.0,653.0,784.0,880.0,-0.2018899116113415,-0.29911793491163785,-11.567439861599102,-17.138195247105713,False,False
705,11.748825764973958,881.0,656.0,840.0,891.0,-0.12399823394826912,-0.17272951082565158,-7.104575472311627,-9.896671967669098,False,False
706,11.765490766059028,907.0,658.0,899.0,896.0,-0.04895221523642672,-0.033600794415993215,-2.8047553308632542,-1.9251837083231549,False,False
707,11.782155767144095,934.0,658.0,957.0,896.0,0.028810469845266275,0.09633949292208074,1.6507183279226836,5.519846344865694,False,False
708,11.798820768229168,959.0,656.0,1014.0,888.0,0.10110337173629852,0.23277174150088592,5.792796495032159,13.336838377910954,False,False
709,11.815485769314236,984.0,653.0,1068.0,875.0,0.17367119834157382,0.36172924151993224,9.950626687951603,20.72555886556054,False,False
710,11.832150770399306,1007.0,647.0,1118.0,859.0,0.2421755870766324,0.4823370214477118,13.875639040593999,27.635875631864955,False,False
711,11.848815771484375,1029.0,641.0,1163.0,837.0,0.3080527810237764,0.5996843151378045,17.650124219930124,34.359380297589425,False,False
712,11.865480772569445,1050.0,633.0,1203.0,816.0,0.372987721800061,0.6963485807629505,21.370622269343183,39.89783474764181,False,False
713,11.882145773654514,1068.0,625.0,1237.0,793.0,0.42998157733878706,0.7883655137385233,24.6361296498905,45.1700166508803,False,False
714,11.898810774739584,1085.0,617.0,1267.0,769.0,0.4843432307619758,0.8749781374110849,27.750822958392117,50.13255443987297,False,False
715,11.915475775824651,1099.0,609.0,1292.0,748.0,0.5309904993152712,0.9466367923122314,30.42351457230927,54.23829293129312,False,False
716,11.932140776909725,1112.0,601.0,1311.0,730.0,0.5751622177897022,0.9956585105571283,32.95436761473422,57.04703049120517,False,False
717,11.948805777994792,1122.0,595.0,1327.0,712.0,0.6088329235837846,1.0521756985746242,34.88355694996182,60.28522683455503,False,False
718,11.965470779079862,1128.0,590.0,1339.0,700.0,0.6313489292437774,1.0902330381644434,36.17362904577208,62.46575177254781,False,False
719,11.982135780164931,1134.0,586.0,1346.0,689.0,0.6521714117570698,1.118533425146343,37.3666694127687,64.08724450519765,False,False
720,11.99880078125,1136.0,584.0,1351.0,683.0,0.6602819408830309,1.1392737678712728,37.8313685013042,65.27557860899098,False,False
721,12.01546578233507,1136.0,584.0,1353.0,682.0,0.6602819408830309,1.14660191889113,37.8313685013042,65.69545073406329,False,False
722,12.03213078342014,1134.0,586.0,1350.0,682.0,0.6521714117570698,1.1525719972156676,37.3666694127687,66.03751102542182,False,False
723,12.04879578450521,1129.0,589.0,1344.0,688.0,0.6353947432245348,1.1392737678712728,36.4054371115645,65.27557860899098,False,False
724,12.06546078559028,1123.0,594.0,1335.0,698.0,0.6128571475230403,1.1147243304452858,35.11412799749669,63.86899945506142,False,False
725,12.082125786675348,1113.0,600.0,1323.0,711.0,0.5791674920765127,1.0845536937073916,33.18385292716073,62.14034930475773,False,False
726,12.098790787760418,1101.0,608.0,1305.0,728.0,0.5374433185817574,1.039072259536091,30.793233882239633,59.53445508054013,False,False
727,12.115455788845487,1087.0,616.0,1284.0,749.0,0.49080781082499214,0.9769594837265746,28.121216112327367,55.97565517281256,False,False
728,12.132120789930555,1071.0,624.0,1257.0,770.0,0.4390729970049164,0.9053021487624722,25.157029626541945,51.86999230821426,False,False
729,12.148785791015625,1052.0,632.0,1226.0,793.0,0.37943168649977665,0.824184671781782,21.73983424996818,47.222303232471106,False,False
730,12.165450792100694,1032.0,640.0,1188.0,817.0,0.31718437608616024,0.7224185009645038,18.17332607722722,41.39153114743366,False,False
731,12.182115793185764,1010.0,646.0,1146.0,841.0,0.251289939776965,0.6090030164042272,14.397852983316723,34.89330255069866,False,False
732,12.198780794270832,987.0,652.0,1097.0,861.0,0.18269073747202932,0.4844779290370232,10.467408213279798,27.758540601060023,False,False
733,12.215445795355905,964.0,656.0,1044.0,879.0,0.11542666036692471,0.344443587394299,6.613460482314756,19.735163838038854,False,False
734,12.232110796440972,940.0,658.0,988.0,891.0,0.04607687409975,0.20316631194892554,2.6400104190713294,11.64057221391174,False,False
735,12.248775797526042,916.0,658.0,928.0,896.0,-0.023050671644301843,0.050377507181057816,-1.320706200160377,2.88641854386461,False,False
736,12.265440798611111,891.0,657.0,868.0,895.0,-0.0950880947761714,-0.09633949292208074,-5.448146512614592,-5.519846344865694,False,False
737,12.28210579969618,867.0,654.0,811.0,887.0,-0.16467586421108898,-0.23586960333565749,-9.435232006964839,-13.514332786558018,False,False
738,12.29877080078125,843.0,650.0,755.0,873.0,-0.23454062886573201,-0.3758588505430919,-13.438188158350654,-21.535125828757558,False,False
739,12.31543580186632,820.0,644.0,706.0,855.0,-0.30271386974462716,-0.49535339848099147,-17.34422713644008,-28.381659100422894,False,False
740,12.33210080295139,797.0,637.0,662.0,834.0,-0.37148326743227883,-0.6007777505596751,-21.284423383599243,-34.42202953243272,False,False
741,12.34876580403646,776.0,628.0,622.0,812.0,-0.4367998415593642,-0.6968727446734324,-25.026787413334624,-39.9278671274855,False,False
742,12.365430805121528,756.0,619.0,588.0,791.0,-0.4993467216801301,-0.7736340002476896,-28.61045966596522,-44.3259631020155,False,False
743,12.382095806206598,738.0,609.0,559.0,771.0,-0.5579958151150798,-0.8352102961395945,-31.97080519205626,-47.8540249746704,False,False
744,12.398760807291668,721.0,599.0,535.0,751.0,-0.6139810098565729,-0.8856526389030238,-35.178520565961826,-50.74415832376717,False,False
745,12.415425808376735,707.0,589.0,516.0,734.0,-0.6627840275745427,-0.9214570858323191,-37.97472750870367,-52.79560202061593,False,False
746,12.432090809461808,696.0,580.0,501.0,720.0,-0.7030895707836982,-0.9481255380378293,-40.284065025570456,-54.32359177813802,False,False
747,12.448755810546876,687.0,573.0,487.0,706.0,-0.7353398176508509,-0.9839484571451695,-42.13186805931331,-56.37609385282717,False,False
748,12.465420811631946,681.0,567.0,478.0,698.0,-0.759351950749758,-0.9977179882374141,-43.507661942987085,-57.16502987028694,False,False
749,12.482085812717015,677.0,563.0,473.0,690.0,-0.7753784586384483,-1.0139614560252115,-44.425913205342155,-58.09571201918443,False,False
750,12.498750813802085,675.0,562.0,469.0,686.0,-0.7813981847305769,-1.0289502939684376,-44.770818104245905,-58.95450917313684,False,False
751,12.515415814887154,676.0,562.0,470.0,688.0,-0.7793862117815151,-1.0218543055973655,-44.65554054577017,-58.547938988000496,False,False
752,12.532080815972222,678.0,565.0,476.0,693.0,-0.7693995285211048,-1.005991417351594,-44.083345743614714,-57.63906244063011,False,False
753,12.548745817057291,683.0,569.0,482.0,701.0,-0.7513431982108187,-0.9897140279975696,-43.04879422334118,-56.70643672915333,False,False
754,12.56541081814236,690.0,575.0,493.0,713.0,-0.7252299122424386,-0.9597297629638178,-41.5526131481348,-54.98846489091767,False,False
755,12.58207581922743,700.0,583.0,510.0,728.0,-0.6889243882148613,-0.9189272124893197,-39.472459848343824,-52.65065095535941,False,False
756,12.5987408203125,712.0,592.0,529.0,745.0,-0.6463420102414611,-0.8744477460319461,-37.03266930883715,-50.10216525235819,False,False
757,12.61540582139757,726.0,602.0,551.0,764.0,-0.5974585864753968,-0.823954713532103,-34.23185543889217,-47.20912759530028,False,False
758,12.63207082248264,743.0,612.0,579.0,785.0,-0.5413960624601435,-0.7586982783921826,-31.019709423967328,-43.47020927571364,False,False
759,12.648735823567709,763.0,622.0,612.0,806.0,-0.47769521618833183,-0.6872074879560368,-27.369919781180855,-39.374088709668264,False,False
760,12.665400824652778,783.0,631.0,648.0,827.0,-0.4150303799290679,-0.6031529594223374,-23.77948913964666,-34.55811897572533,False,False
761,12.682065825737848,806.0,640.0,690.0,848.0,-0.34437112975195594,-0.5087298243155532,-19.731012320939133,-29.148071845713044,False,False
762,12.698730826822915,830.0,647.0,736.0,865.0,-0.2727879037968565,-0.40710417205598876,-15.629595589780603,-23.32535088097586,False,False
763,12.715395827907988,855.0,652.0,786.0,879.0,-0.19965034746050167,-0.2950902060220442,-11.439122287807178,-16.907423380709083,False,False
764,12.732060828993056,881.0,656.0,838.0,890.0,-0.12399823394826912,-0.1817331968267754,-7.104575472311627,-10.412545175594516,False,False
765,12.748725830078126,906.0,658.0,894.0,895.0,-0.0518267465229602,-0.05058970876938464,-2.969453841659934,-2.89857679928171,False,False
766,12.765390831163195,931.0,657.0,948.0,895.0,0.02022845432496066,0.07130746478529032,1.1590050588934024,4.085616779974877,False,False
767,12.782055832248265,955.0,656.0,1003.0,889.0,0.08961440927533099,0.20316631194892554,5.134527435034483,11.64057221391174,False,False
768,12.798720833333334,979.0,652.0,1055.0,878.0,0.15991312315821926,0.3244030680696465,9.16234704572171,18.586926661485904,False,False
769,12.815385834418404,1001.0,648.0,1103.0,863.0,0.22463059473018246,0.4429738631207448,12.870385027553086,25.380532791424503,False,False
770,12.832050835503471,1022.0,642.0,1147.0,845.0,0.2878497069033385,0.5519297832910718,16.492573339639055,31.623247170148556,False,False
771,12.848715836588545,1042.0,636.0,1186.0,825.0,0.34827681039458597,0.6510767214444798,19.954791337887777,37.30394827798343,False,False
772,12.865380837673612,1059.0,629.0,1220.0,804.0,0.40147104706212555,0.7437555842988599,23.002596593357843,42.61405596961119,False,False
773,12.882045838758682,1075.0,621.0,1249.0,783.0,0.45327184646633434,0.8210972760767723,25.970563774622796,47.04540848888723,False,False
774,12.898710839843751,1089.0,614.0,1274.0,763.0,0.4986527592655069,0.8927680854329957,28.570698548466602,51.151843379285566,False,False
775,12.91537584092882,1100.0,608.0,1294.0,745.0,0.5349550737860964,0.9559310276476498,30.650667957052864,54.770813389813945,False,False
776,12.932040842013889,1110.0,602.0,1310.0,730.0,0.5687278824171357,1.0014831356942346,32.585707353914415,57.38075692880717,False,False
777,12.948705843098958,1117.0,597.0,1321.0,717.0,0.593629553805217,1.039072259536091,34.01246802727315,59.53445508054013,False,False
778,12.965370844184028,1122.0,594.0,1330.0,708.0,0.6104887727428029,1.0694307653272264,34.97843011828385,61.27386933469565,False,False
779,12.982035845269095,1124.0,592.0,1334.0,703.0,0.6185642836684228,1.0845536937073916,35.441122811733656,62.14034930475773,False,False
780,12.998700846354168,1124.0,592.0,1335.0,700.0,0.6185642836684228,1.0977150353880898,35.441122811733656,62.89443863579135,False,False
781,13.015365847439236,1122.0,594.0,1332.0,702.0,0.6104887727428029,1.0957855705297999,34.97843011828385,62.78388844269253,False,False
782,13.032030848524306,1118.0,597.0,1326.0,708.0,0.5960281134216037,1.0805894995483416,34.14989537020263,61.91321771027375,False,False
783,13.048695849609375,1111.0,601.0,1317.0,716.0,0.5727304791067374,1.061639365038245,32.81503925132163,60.82745498164,False,False
784,13.065360850694445,1102.0,607.0,1304.0,730.0,0.5414125486035385,1.0238504507310606,31.020654010404307,58.662309679456804,False,False
785,13.082025851779514,1091.0,613.0,1288.0,746.0,0.5051283408845798,0.9769594837265746,28.94172204513197,55.97565517281256,False,False
786,13.098690852864584,1077.0,620.0,1265.0,763.0,0.45975657805416165,0.9205214012016899,26.34211152588047,52.74199124032562,False,False
787,13.115355853949652,1061.0,627.0,1239.0,784.0,0.4090854330694736,0.8480028124546374,23.438868775162355,48.586982168874606,False,False
788,13.132020855034725,1044.0,635.0,1208.0,805.0,0.35470565201094034,0.7674360235495911,20.323136829662943,43.970845195694025,False,False
789,13.148685856119792,1024.0,641.0,1172.0,826.0,0.2942345651111878,0.6747409422235526,16.85839876773828,38.65980825409009,False,False
790,13.165350857204862,1003.0,647.0,1130.0,847.0,0.23092477469575995,0.5657580297420903,13.231014975076475,32.415547329858676,False,False
791,13.182015858289931,982.0,652.0,1085.0,866.0,0.16847566133702682,0.44858283537036436,9.652944345287017,25.701903228733702,False,False
792,13.198680859375,960.0,655.0,1034.0,881.0,0.10427161192765531,0.3164314556251264,5.974323286480623,18.130186912500935,False,False
793,13.21534586046007,937.0,657.0,979.0,891.0,0.03755458936659671,0.1775961672834879,2.151719472052871,10.175510843043208,False,False
794,13.23201086154514,914.0,658.0,924.0,895.0,-0.028810469845266275,0.04216907957643982,-1.6507183279226836,2.416110285681319,False,False
795,13.24867586263021,891.0,656.0,868.0,893.0,-0.09536204690240899,-0.09674346233893974,-5.46384281323664,-5.542992087504075,False,False
796,13.26534086371528,868.0,654.0,813.0,886.0,-0.16183743123842292,-0.23277174150088592,-9.2726017772003,-13.336838377910954,False,False
797,13.282005864800349,845.0,650.0,762.0,874.0,-0.2289521608325556,-0.3548510431119804,-13.117992526105867,-20.331467126131297,False,False
798,13.298670865885418,823.0,644.0,715.0,858.0,-0.2944845859410477,-0.46737893496746485,-16.87272390607961,-26.77884040695511,False,False
799,13.315335866970486,801.0,637.0,673.0,839.0,-0.36078611933873744,-0.5648049094433026,-20.671521945012906,-32.360937559369894,False,False
800,13.332000868055555,781.0,629.0,636.0,819.0,-0.4225923856655159,-0.6518691143055769,-24.21276015299885,-37.34934904464059,False,False
801,13.348665869140625,762.0,621.0,603.0,800.0,-0.481548509986558,-0.7262954797868606,-27.59069725304315,-41.6136656712163,False,False
802,13.365330870225694,745.0,612.0,575.0,781.0,-0.5365017925963421,-0.7883480073486928,-30.73928841697344,-45.169013608628504,False,False
803,13.381995871310764,729.0,602.0,553.0,765.0,-0.5903778959925269,-0.8237274646460384,-33.826161758185265,-47.19610719322973,False,False
804,13.398660872395832,716.0,594.0,532.0,749.0,-0.6338203178310761,-0.8707361210665053,-36.3152291813611,-49.889504806703044,False,False
805,13.415325873480905,705.0,586.0,518.0,737.0,-0.6725197108699842,-0.8915070078796207,-38.53254107220849,-51.07958895783849,False,False
806,13.431990874565972,697.0,580.0,506.0,725.0,-0.7009222643001701,-0.9214570858323191,-40.15988751115296,-52.79560202061593,False,False
807,13.448655875651042,691.0,575.0,497.0,716.0,-0.7231046195914909,-0.9423066007622575,-41.43084284900533,-53.990191230996395,False,False
808,13.465320876736111,687.0,572.0,491.0,711.0,-0.7372426503375328,-0.9539333784220542,-42.24089234137973,-54.65635652023974,False,False
809,13.48198587782118,686.0,571.0,489.0,708.0,-0.7412501611129136,-0.9631430738004699,-42.470505795162246,-55.1840331960241,False,False
810,13.49865087890625,687.0,571.0,490.0,709.0,-0.7391534914436141,-0.9597297629638178,-42.35037547207829,-54.98846489091767,False,False
811,13.51531587999132,690.0,574.0,495.0,714.0,-0.7271141500357235,-0.9481255380378293,-41.66057202128908,-54.32359177813802,False,False
812,13.53198088107639,695.0,578.0,504.0,722.0,-0.7089346285779649,-0.9247868620583448,-40.618962168191985,-52.9863841450902,False,False
813,13.54864588216146,702.0,583.0,515.0,733.0,-0.6845271066761364,-0.894752453712551,-39.22051417484409,-51.265539306703715,False,False
814,13.565310883246529,711.0,590.0,531.0,747.0,-0.6520479092258958,-0.8535417492649328,-37.35959323897325,-48.90433987109418,False,False
815,13.581975884331598,724.0,599.0,550.0,763.0,-0.6069876640464079,-0.8149753344026918,-34.77783136636388,-46.694647068537165,False,False
816,13.598640885416668,738.0,607.0,573.0,780.0,-0.561025023138945,-0.7617339426183755,-32.144366027090896,-43.64414002389334,False,False
817,13.615305886501735,754.0,617.0,600.0,799.0,-0.507098504392337,-0.702256931509007,-29.054604099077146,-40.23635830927382,False,False
818,13.631970887586808,773.0,626.0,632.0,818.0,-0.44700381953045654,-0.6334258829691446,-25.611432285322678,-36.2926297284796,False,False
819,13.648635888671876,794.0,634.0,669.0,836.0,-0.38263970720936136,-0.5541370513421143,-21.923640297217943,-31.749714313727363,False,False
820,13.665300889756946,815.0,641.0,708.0,854.0,-0.31902080685480905,-0.46552377940730005,-18.27854580963876,-26.672547823017435,False,False
821,13.681965890842015,839.0,648.0,752.0,869.0,-0.24707217018703645,-0.37503340595633455,-14.156192586855193,-21.48783133771444,False,False
822,13.698630891927085,863.0,652.0,800.0,882.0,-0.17701333185480211,-0.26735539552188037,-10.142116832828814,-15.318335793454574,False,False
823,13.715295893012152,887.0,655.0,850.0,890.0,-0.10714622379100813,-0.15616481407278227,-6.139026413988978,-8.947584754815628,False,False
824,13.731960894097222,911.0,657.0,902.0,894.0,-0.03755458936659671,-0.03795644518831435,-2.151719472052871,-2.1747441146100535,False,False
825,13.748625895182292,934.0,656.0,953.0,894.0,0.028977393851561332,0.07966298504578714,1.6602823689828055,4.5643528265373945,False,False
826,13.76529089626736,957.0,655.0,1004.0,888.0,0.09563757729144882,0.19904572336856055,5.47962954165622,11.404479879147022,False,False
827,13.78195589735243,979.0,652.0,1053.0,879.0,0.15991312315821926,0.3151281346539744,9.16234704572171,18.055512121503032,False,False
828,13.7986208984375,1000.0,647.0,1098.0,864.0,0.22244726542594168,0.4241944079037666,12.745289473132855,24.304549265936718,False,False
829,13.81528589952257,1019.0,642.0,1140.0,848.0,0.27949630781565443,0.5310873950188547,16.013958827326324,30.429066287177555,False,False
830,13.83195090060764,1037.0,636.0,1177.0,830.0,0.33461749133337365,0.6251085342329235,19.172170004657712,35.81608074915565,False,False
831,13.848615901692709,1054.0,630.0,1209.0,810.0,0.38697528957178234,0.7109093731835666,22.172050868316028,40.73210669970919,False,False
832,13.865280902777778,1068.0,624.0,1237.0,791.0,0.4311914777717868,0.79135047405204,24.705451838332433,45.34104227885886,False,False
833,13.881945903862848,1081.0,617.0,1261.0,773.0,0.47405035466912626,0.8567056281827387,27.161084599220732,49.08561677997488,False,False
834,13.898610904947915,1091.0,612.0,1279.0,756.0,0.5065341703664665,0.9171604298753748,29.022270141159144,52.54942176826328,False,False
835,13.915275906032988,1099.0,607.0,1294.0,743.0,0.5339358006031244,0.9617933103906694,30.592267905497703,55.10669744930134,False,False
836,13.931940907118056,1106.0,603.0,1306.0,732.0,0.5573670300769891,0.9979440791220989,31.93477846315269,57.17798392376576,False,False
837,13.948605908203126,1110.0,600.0,1312.0,724.0,0.5718619553100124,1.0202469270110288,32.76527650336261,58.4558429789237,False,False
838,13.965270909288195,1111.0,600.0,1316.0,719.0,0.5743048301747018,1.0448475963935648,32.9052429229879,59.865357507739716,False,False
839,13.981935910373265,1111.0,600.0,1316.0,718.0,0.5743048301747018,1.0485039198364328,32.9052429229879,60.074849409550794,False,False
840,13.998600911458334,1108.0,601.0,1313.0,721.0,0.565389334448601,1.0412067280128203,32.3944226456154,59.65675111576043,False,False
841,14.015265912543404,1104.0,604.0,1306.0,727.0,0.55089293276179,1.0238504507310606,31.563840010834802,58.662309679456804,False,False
842,14.031930913628472,1097.0,608.0,1296.0,737.0,0.5274461762577158,0.9956585105571283,30.220439819880443,57.04703049120517,False,False
843,14.048595914713545,1088.0,614.0,1281.0,749.0,0.49610374022982545,0.9604181884786175,28.424650515823547,55.02790876742481,False,False
844,14.065260915798612,1076.0,619.0,1264.0,764.0,0.45843932276173427,0.913816674551273,26.26663835708311,52.357838700467845,False,False
845,14.081925916883682,1063.0,626.0,1241.0,781.0,0.41557025147023524,0.8543577136071252,23.810421500434774,48.95109118413498,False,False
846,14.098590917968751,1047.0,632.0,1214.0,800.0,0.3659207016420874,0.782413097636874,20.96571184055742,44.82896833035009,False,False
847,14.11525591905382,1030.0,638.0,1182.0,819.0,0.3134710747740923,0.6985302406869417,17.960569583985336,40.02283465361934,False,False
848,14.131920920138889,1012.0,644.0,1146.0,839.0,0.2583581464035137,0.6020696709098432,14.802831391744363,34.49605111596441,False,False
849,14.148585921223958,992.0,648.0,1105.0,857.0,0.19910691014724505,0.49565174353452884,11.407985623327646,28.398753012829193,False,False
850,14.165250922309028,971.0,652.0,1060.0,872.0,0.13696693842681784,0.3844187202182019,7.847627504684878,22.02557023432338,False,False
851,14.181915923394095,950.0,655.0,1011.0,885.0,0.07543796587153757,0.25924884628266204,4.322277059491046,14.853864735632376,False,False
852,14.198580924479169,928.0,656.0,959.0,892.0,0.01159368342145021,0.13060816994581406,0.6642691290598891,7.483296907822548,False,False
853,14.215245925564236,906.0,656.0,907.0,894.0,-0.05212664904564618,0.004201655946871886,-2.9866369904751666,0.2407371527218027,False,False
854,14.231910926649306,884.0,655.0,855.0,892.0,-0.11575921772081071,-0.12175759779046096,-6.632514615138462,-6.976196477044811,False,False
855,14.248575927734375,863.0,652.0,805.0,883.0,-0.17701333185480211,-0.24599699271376327,-10.142116832828814,-14.0945894554091,False,False
856,14.265240928819445,841.0,648.0,757.0,872.0,-0.2414846172479526,-0.35877067027057225,-13.836049385639768,-20.556045219583467,False,False
857,14.281905929904514,820.0,642.0,714.0,857.0,-0.30443232243552104,-0.4580506525194391,-17.442687222921197,-26.24436919257727,False,False
858,14.298570930989584,800.0,636.0,674.0,840.0,-0.3644906617227536,-0.5532943253222926,-20.883776588644363,-31.701429669505718,False,False
859,14.315235932074652,781.0,629.0,640.0,822.0,-0.4225923856655159,-0.6309494667237168,-24.21276015299885,-36.15074152929895,False,False
860,14.331900933159725,764.0,621.0,610.0,805.0,-0.4764674194737067,-0.6968727446734324,-27.299572211332805,-39.9278671274855,False,False
861,14.348565934244792,748.0,613.0,584.0,788.0,-0.5276625868351502,-0.7529611668960438,-30.23283923260942,-43.1414970003889,False,False
862,14.365230935329862,734.0,605.0,563.0,773.0,-0.5737404961488314,-0.7942474899137061,-32.872908965069904,-45.50702906091478,False,False
863,14.381895936414931,722.0,597.0,546.0,760.0,-0.6149374509545243,-0.8237274646460384,-35.2333206042273,-47.19610719322973,False,False
864,14.3985609375,712.0,591.0,531.0,748.0,-0.6480568859305144,-0.856285106760933,-37.13092444820949,-49.06152267731057,False,False
865,14.41522593858507,705.0,585.0,520.0,739.0,-0.6742957062779064,-0.8765899654416449,-38.63429811351704,-50.22490538332494,False,False
866,14.43189093967014,700.0,581.0,513.0,733.0,-0.6925484986748982,-0.8882784836781006,-39.680106082193156,-50.89460814703555,False,False
867,14.44855594075521,697.0,579.0,508.0,728.0,-0.7027585198300921,-0.9031934852680342,-40.265097203125045,-51.74917478956966,False,False
868,14.46522094184028,696.0,579.0,508.0,727.0,-0.7049271521319874,-0.903888122555586,-40.389350681339394,-51.78897457443879,False,False
869,14.481885942925349,698.0,580.0,511.0,730.0,-0.6987470010790141,-0.894752453712551,-40.03525410925069,-51.265539306703715,False,False
870,14.498550944010418,701.0,583.0,516.0,735.0,-0.6867297106127611,-0.883009810267973,-39.34671408435159,-50.592735397002436,False,False
871,14.515215945095486,707.0,587.0,525.0,743.0,-0.6662891861763831,-0.8621700546672264,-38.17555830311311,-49.398705354995535,False,False
872,14.531880946180555,715.0,592.0,539.0,755.0,-0.639503414498793,-0.8237274646460384,-36.64084663498614,-47.19610719322973,False,False
873,14.548545947265623,725.0,599.0,555.0,767.0,-0.6046413214839303,-0.7913152541034756,-34.643395840242,-45.33902432445145,False,False
874,14.565210948350694,737.0,607.0,575.0,783.0,-0.5634433585934698,-0.7440017078479142,-32.28292644208202,-42.62815781021078,False,False
875,14.581875949435764,752.0,615.0,599.0,799.0,-0.5148847764042249,-0.6936681856474233,-29.500724623499163,-39.74425942009462,False,False
876,14.598540950520832,769.0,623.0,627.0,815.0,-0.4610802205467936,-0.636801041548249,-26.417950654292454,-36.48601207024965,False,False
877,14.615205951605905,787.0,631.0,659.0,832.0,-0.40451457015812403,-0.567051071390732,-23.176977621609144,-32.48963315906048,False,False
878,14.631870952690972,807.0,638.0,695.0,848.0,-0.34360499788000465,-0.4899573262537283,-19.687116198125864,-28.072486935852957,False,False
879,14.648535953776042,829.0,644.0,735.0,864.0,-0.2779029910370227,-0.4037940918851321,-15.922668500483345,-23.13569725733583,False,False
880,14.665200954861112,851.0,649.0,777.0,876.0,-0.21270916700128598,-0.3151281346539744,-12.187337532917088,-18.055512121503032,False,False
881,14.68186595594618,874.0,653.0,823.0,886.0,-0.14517036533567423,-0.21548569150556338,-8.3176492441064,-12.346420668726836,False,False
882,14.69853095703125,897.0,655.0,871.0,892.0,-0.07832779132565879,-0.1092676898773683,-4.487851861541668,-6.260577467117551,False,False
883,14.71519595811632,919.0,656.0,918.0,894.0,-0.014491739065500022,-0.004201655946871886,-0.8303154862580109,-0.2407371527218027,False,False
884,14.73186095920139,941.0,655.0,967.0,892.0,0.04937843348451706,0.1092676898773683,2.8291758376302907,6.260577467117551,False,False
885,14.74852596028646,963.0,653.0,1014.0,885.0,0.11354460487265479,0.21638584481804565,6.505626645683682,12.39799565444679,False,False
886,14.765190961371529,983.0,650.0,1059.0,875.0,0.17231530101551146,0.3257452069169275,9.872939493715155,18.663825552955657,False,False
887,14.781855962456598,1002.0,646.0,1101.0,863.0,0.22876005713232864,0.428015417287721,13.106985794854017,24.523476977117188,False,False
888,14.798520963541668,1020.0,641.0,1140.0,846.0,0.28309578529949553,0.5295895987820763,16.220193695602788,30.34324888423958,False,False
889,14.815185964626735,1036.0,636.0,1174.0,829.0,0.3318698041976016,0.6207394418475843,19.014739128355583,35.56575019517298,False,False
890,14.831850965711808,1051.0,630.0,1203.0,813.0,0.3788838798881884,0.6931236382026539,21.70844724313481,39.7130591497647,False,False
891,14.848515966796876,1063.0,625.0,1229.0,795.0,0.4167459155173862,0.7734939638391385,23.877782088461792,44.31793960682735,False,False
892,14.865180967881946,1074.0,620.0,1250.0,779.0,0.451929395398412,0.8361009389134209,25.893646994228014,47.90505504666447,False,False
893,14.881845968967015,1083.0,615.0,1267.0,766.0,0.4818985158056962,0.8835888388388599,27.610751109284788,50.62591129033174,False,False
894,14.898510970052085,1090.0,611.0,1280.0,754.0,0.5053987893153012,0.9256131338016726,28.957217598788247,53.0337260287138,False,False
895,14.915175971137153,1095.0,608.0,1289.0,745.0,0.5224034317165288,0.9559310276476498,29.931511840507792,54.770813389813945,False,False
896,14.931840972222222,1098.0,607.0,1295.0,739.0,0.5314287335402805,0.9804545462272519,30.44862354384049,56.175907503235806,False,False
897,14.948505973307292,1099.0,606.0,1298.0,736.0,0.5354195419366259,0.9921283412617993,30.677280021796452,56.844766689616144,False,False
898,14.96517097439236,1098.0,607.0,1296.0,737.0,0.5314287335402805,0.9898193687745949,30.44862354384049,56.71247231108751,False,False
899,14.98183597547743,1094.0,609.0,1291.0,741.0,0.5184230485735473,0.9804545462272519,29.703452685569932,56.175907503235806,False,False
900,14.9985009765625,1089.0,612.0,1282.0,748.0,0.5014392552453256,0.9569475411898851,28.730353007740387,54.82905532560192,False,False
901,15.01516597764757,1081.0,616.0,1270.0,758.0,0.4753810991857257,0.9264491945147977,27.237330643632056,53.08162877899257,False,False
902,15.03183097873264,1071.0,621.0,1255.0,771.0,0.4427901386605123,0.8868451186969318,25.370006155259862,50.81248238311273,False,False
903,15.048495979817709,1060.0,626.0,1235.0,785.0,0.4075706930033112,0.8332657616880934,23.352080562311883,47.7426113574816,False,False
904,15.065160980902778,1046.0,632.0,1211.0,802.0,0.3632014524548333,0.7704738984073634,20.809910338683384,44.14490260373328,False,False
905,15.081825981987848,1031.0,637.0,1183.0,820.0,0.3171422920865217,0.6931236382026539,18.170914841662903,39.7130591497647,False,False
906,15.098490983072915,1014.0,642.0,1150.0,836.0,0.26548498205514215,0.6114175272111867,15.211168995866041,35.03164382952617,False,False
907,15.115155984157989,996.0,647.0,1113.0,854.0,0.21109333322274654,0.5144513130590278,12.094757077012101,29.475889003245747,False,False
908,15.131820985243056,977.0,651.0,1072.0,869.0,0.15463783660063463,0.4109657038594954,8.860095390250013,23.546600355772334,False,False
909,15.148485986328126,957.0,654.0,1027.0,880.0,0.0959146995792633,0.3003634415449125,5.495507479156999,17.209557520547897,False,False
910,15.165150987413195,937.0,656.0,980.0,889.0,0.037663340485049684,0.18249600024803592,2.1579504521575537,10.456250592230882,False,False
911,15.181815988498265,916.0,656.0,931.0,894.0,-0.023184250985462108,0.0629419593073733,-1.3283597326389984,3.6063086225966603,False,False
912,15.198480989583334,895.0,655.0,882.0,893.0,-0.08410346397058681,-0.05456762350389413,-4.818773527945205,-3.126494524832007,False,False
913,15.215145990668404,875.0,653.0,834.0,888.0,-0.1423063873688585,-0.17272951082565158,-8.1535553939894,-9.896671967669098,False,False
914,15.231810991753472,854.0,650.0,788.0,880.0,-0.2036277737787757,-0.2794477641263722,-11.667012029168538,-16.011177478808456,False,False
915,15.248475992838545,834.0,646.0,745.0,868.0,-0.2624593998262764,-0.3812827744718905,-15.037815903582251,-21.845893778277734,False,False
916,15.265140993923612,815.0,641.0,705.0,853.0,-0.31902080685480905,-0.478627761768176,-18.27854580963876,-27.423350707109506,False,False
917,15.281805995008682,796.0,635.0,670.0,839.0,-0.3762420106373734,-0.5532943253222926,-21.55707928503772,-31.701429669505718,False,False
918,15.29847099609375,779.0,628.0,639.0,823.0,-0.42900165770691756,-0.6226707887570673,-24.579984390722363,-35.67640822186198,False,False
919,15.31513599717882,763.0,621.0,613.0,807.0,-0.4790113168254789,-0.6786624907483126,-27.44532679310386,-38.884496433714595,False,False
920,15.331800998263889,748.0,613.0,590.0,794.0,-0.5276625868351502,-0.7176553721273997,-30.23283923260942,-41.11862396779054,False,False
921,15.348465999348958,736.0,606.0,571.0,780.0,-0.5673869679219637,-0.7588557256460511,-32.50887861265315,-43.47923033885623,False,False
922,15.365131000434028,726.0,600.0,555.0,769.0,-0.6006701761245571,-0.7912804484928253,-34.41586597131695,-45.337030109857814,False,False
923,15.381796001519096,718.0,595.0,544.0,761.0,-0.6275389526270375,-0.8089232343826652,-35.955333465589355,-46.3478872801986,False,False
924,15.398461002604169,712.0,590.0,535.0,753.0,-0.6497795651079171,-0.8265513860388912,-37.22962669452974,-47.3579059707169,False,False
925,15.415126003689236,708.0,588.0,530.0,748.0,-0.6622916076527677,-0.8386023429409392,-37.946513925437806,-48.048374940298295,False,False
926,15.431791004774306,707.0,587.0,527.0,747.0,-0.6662891861763831,-0.844153986113171,-38.17555830311311,-48.366460663429805,False,False
927,15.448456005859375,707.0,587.0,528.0,747.0,-0.6662891861763831,-0.8413867845980396,-38.17555830311311,-48.20791169555057,False,False
928,15.465121006944443,710.0,589.0,533.0,751.0,-0.6560432105167285,-0.8296171077931012,-37.58850714082113,-47.53355888839457,False,False
929,15.481786008029514,714.0,592.0,541.0,758.0,-0.6417907341783368,-0.8060441969316666,-36.77190039902121,-46.182930585196274,False,False
930,15.498451009114584,721.0,597.0,552.0,766.0,-0.6172663990409716,-0.7853981633974483,-35.366759500285795,-45.0,False,False
931,15.515116010199652,730.0,602.0,566.0,777.0,-0.5880026035475675,-0.7529611668960438,-33.690067525979785,-43.1414970003889,False,False
932,15.531781011284725,741.0,609.0,585.0,790.0,-0.5507183023978393,-0.7113498241769309,-31.553834428005594,-40.75734268271131,False,False
933,15.548446012369793,754.0,616.0,607.0,804.0,-0.5084893240796899,-0.6636157467843974,-29.134292197226177,-38.022381509168305,False,False
934,15.565111013454862,769.0,623.0,632.0,818.0,-0.4610802205467936,-0.612444766409215,-26.417950654292454,-35.09050030012359,False,False
935,15.581776014539932,786.0,631.0,661.0,834.0,-0.4071525209415093,-0.5519297832910718,-23.328121068060348,-31.623247170148556,False,False
936,15.598441015625,805.0,637.0,693.0,848.0,-0.3500019236909296,-0.487987370663628,-20.053633048950164,-27.95961679471201,False,False
937,15.61510601671007,824.0,643.0,728.0,861.0,-0.29256176640384757,-0.41481428312106017,-16.762554461832746,-23.76710770458157,False,False
938,15.63177101779514,845.0,648.0,767.0,874.0,-0.23026353752513434,-0.3323321700177181,-13.193128875942454,-19.041230738439364,False,False
939,15.64843601888021,867.0,652.0,809.0,883.0,-0.16562418855330002,-0.24599699271376327,-9.489566989383052,-14.0945894554091,False,False
940,15.66510101996528,888.0,654.0,852.0,890.0,-0.10457340254286446,-0.15137544373402623,-5.991614615028764,-8.673174047879765,False,False
941,15.681766021050349,909.0,656.0,898.0,894.0,-0.04345089539153084,-0.04618561965887765,-2.489552921999156,-2.6462410806501344,False,False
942,15.698431022135416,931.0,656.0,943.0,893.0,0.020287071462869892,0.05058970876938464,1.1623635735027378,2.89857679928171,False,False
943,15.715096023220486,951.0,654.0,988.0,889.0,0.07855521528211556,0.15616481407278227,4.500882294406808,8.947584754815628,False,False
944,15.731761024305555,971.0,652.0,1031.0,882.0,0.13696693842681784,0.2551823906208184,7.847627504684878,14.620873988631656,False,False
945,15.748426025390623,989.0,648.0,1072.0,871.0,0.19053852446492456,0.35631125565237476,10.91705328649036,20.415131141887972,False,False
946,15.765091026475694,1006.0,644.0,1110.0,858.0,0.24144260997231717,0.45236989166241065,13.833642546037016,25.918885571046417,False,False
947,15.781756027560764,1022.0,640.0,1144.0,844.0,0.28950367196138826,0.5389764998291462,16.587338556927413,30.88107869694361,False,False
948,15.798421028645834,1036.0,635.0,1175.0,829.0,0.3328202129267492,0.6217107611239197,19.06919353734813,35.62140269026669,False,False
949,15.815086029730905,1049.0,630.0,1201.0,813.0,0.37346042325386286,0.6931236382026539,21.39770606761573,39.7130591497647,False,False
950,15.831751030815973,1060.0,626.0,1224.0,799.0,0.4075706930033112,0.7586982783921826,23.352080562311883,43.47020927571364,False,False
951,15.848416031901042,1069.0,622.0,1242.0,784.0,0.436275047152037,0.8182221908244113,24.996718908682706,46.88067823818664,False,False
952,15.865081032986112,1076.0,618.0,1256.0,773.0,0.45973117993870727,0.85988695361133,26.340656321057345,49.267893300290815,False,False
953,15.88174603407118,1082.0,616.0,1267.0,765.0,0.4779695463586009,0.8927680854329957,27.385637742130378,51.151843379285566,False,False
954,15.89841103515625,1085.0,614.0,1273.0,758.0,0.48841438216698574,0.9171604298753748,27.98408275165794,52.54942176826328,False,False
955,15.91507603624132,1086.0,613.0,1277.0,754.0,0.49236034256893285,0.9348772125588276,28.210169628815258,53.564518642575585,False,False
956,15.93174103732639,1086.0,613.0,1277.0,754.0,0.49236034256893285,0.9348772125588276,28.210169628815258,53.564518642575585,False,False
957,15.94840603841146,1083.0,615.0,1273.0,756.0,0.4818985158056962,0.9323670257390969,27.610751109284788,53.42069553201565,False,False
958,15.965071039496529,1078.0,617.0,1266.0,762.0,0.46625856912516134,0.913816674551273,26.714648172680498,52.357838700467845,False,False
959,15.981736040581598,1072.0,620.0,1255.0,771.0,0.4466779587263357,0.8809150010730908,25.592761836537818,50.472711671250494,False,False
960,15.998401041666668,1063.0,624.0,1241.0,781.0,0.4179278576045177,0.8480028124546374,23.945502381683312,48.586982168874606,False,False
961,16.015066042751737,1053.0,629.0,1223.0,794.0,0.38537646847952817,0.8003224283875333,22.080445167533366,45.85509739626673,False,False
962,16.031731043836807,1041.0,634.0,1201.0,809.0,0.3475275324516101,0.7406519319428327,19.911860874073014,42.436229788535,False,False
963,16.048396044921876,1027.0,638.0,1175.0,824.0,0.30514691428187385,0.6721128273807938,17.483630319791676,38.50922836552432,False,False
964,16.065061046006946,1012.0,643.0,1144.0,839.0,0.25910201777941017,0.5926974047350627,14.84545208208382,33.95905981967627,False,False
965,16.081726047092015,995.0,647.0,1110.0,855.0,0.20824607632465605,0.5050551888870511,11.931621273562007,28.937530744410626,False,False
966,16.098391048177085,977.0,651.0,1073.0,868.0,0.15463783660063463,0.4165127351873055,8.860095390250013,23.864421839682702,False,False
967,16.115056049262154,959.0,653.0,1031.0,879.0,0.1019841331576723,0.3084180111024965,5.84326040723482,17.671050361992016,False,False
968,16.131721050347224,940.0,655.0,988.0,888.0,0.04647813135100294,0.20316631194892554,2.6630007660671433,11.64057221391174,False,False
969,16.148386051432293,921.0,656.0,942.0,893.0,-0.008695433011778563,0.0883767861448488,-0.49821161261364194,5.063616853030085,False,False
970,16.165051052517363,901.0,656.0,896.0,894.0,-0.06656816377582381,-0.021005313472176913,-3.8140748342903543,-1.203515809305026,False,False
971,16.181716053602432,881.0,654.0,851.0,892.0,-0.12471380328629693,-0.12538912034151625,-7.14557457532959,-7.184267392426861,False,False
972,16.198381054687502,862.0,652.0,807.0,884.0,-0.17985349979247828,-0.23277174150088592,-10.304846468766033,-13.336838377910954,False,False
973,16.21504605577257,843.0,648.0,766.0,874.0,-0.23588164326004618,-0.32837297413931005,-13.515022623411147,-18.81438552434099,False,False
974,16.23171105685764,824.0,644.0,728.0,863.0,-0.2917322765645622,-0.4131288322784014,-16.71502819489271,-23.670538484720456,False,False
975,16.24837605794271,807.0,638.0,693.0,849.0,-0.34360499788000465,-0.49535339848099147,-19.687116198125864,-28.381659100422894,False,False
976,16.26504105902778,790.0,632.0,662.0,835.0,-0.3954545428664731,-0.562574559421413,-22.657876295524204,-32.23314791627871,False,False
977,16.28170606011285,774.0,626.0,636.0,822.0,-0.4444192099010989,-0.6134600655737035,-25.463345061871614,-35.14867265719194,False,False
978,16.298371061197916,761.0,620.0,614.0,809.0,-0.48541113767159866,-0.6610431688506869,-27.812009517226365,-37.874983651098205,False,False
979,16.315036062282985,748.0,613.0,594.0,797.0,-0.5276625868351502,-0.6968727446734324,-30.23283923260942,-39.9278671274855,False,False
980,16.331701063368055,737.0,607.0,579.0,788.0,-0.5634433585934698,-0.7176553721273997,-32.28292644208202,-41.11862396779054,False,False
981,16.348366064453124,729.0,603.0,566.0,778.0,-0.5887924927987721,-0.7499101102337746,-33.735324846356555,-42.96668433058561,False,False
982,16.365031065538194,723.0,599.0,557.0,771.0,-0.6093263851770893,-0.7676485483409506,-34.91183021660998,-43.98302196928083,False,False
983,16.381696066623263,719.0,596.0,550.0,767.0,-0.6235607321590254,-0.7795158783020714,-35.7273982227997,-44.66296989014219,False,False
984,16.398361067708333,717.0,595.0,548.0,764.0,-0.6298423111385265,-0.7853981633974483,-36.08730618700321,-45.0,False,False
985,16.415026068793402,717.0,595.0,547.0,764.0,-0.6298423111385265,-0.7883480073486928,-36.08730618700321,-45.169013608628504,False,False
986,16.43169106987847,719.0,596.0,552.0,768.0,-0.6235607321590254,-0.7706499702428534,-35.7273982227997,-44.15499077679798,False,False
987,16.44835607096354,723.0,599.0,559.0,772.0,-0.6093263851770893,-0.7586982783921826,-34.91183021660998,-43.47020927571364,False,False
988,16.46502107204861,729.0,602.0,568.0,780.0,-0.5903778959925269,-0.7352926439455092,-33.826161758185265,-42.129165205093244,False,False
989,16.48168607313368,737.0,607.0,582.0,789.0,-0.5634433585934698,-0.7054502392496215,-32.28292644208202,-40.41932136549749,False,False
990,16.49835107421875,747.0,613.0,598.0,800.0,-0.530130789348603,-0.6727814411390625,-30.37425681961385,-38.54753711199749,False,False
991,16.51501607530382,759.0,619.0,618.0,812.0,-0.49180917598869855,-0.6309494667237168,-28.178590109959174,-36.15074152929895,False,False
992,16.53168107638889,773.0,625.0,642.0,825.0,-0.4482444627141223,-0.5798821323938134,-25.682515903628403,-33.224798801211946,False,False
993,16.54834607747396,789.0,632.0,669.0,838.0,-0.3981045601913719,-0.5274705837654604,-22.809711103877454,-30.22183826706264,False,False
994,16.565011078559028,806.0,638.0,699.0,851.0,-0.34631340224025725,-0.46552377940730005,-19.842296337183168,-26.672547823017435,False,False
995,16.581676079644097,825.0,644.0,731.0,863.0,-0.28897540999256643,-0.4054427504166607,-16.557071375636653,-23.230158433050658,False,False
996,16.598341080729167,844.0,648.0,767.0,874.0,-0.23307446356855432,-0.32837297413931005,-13.354183074753827,-18.81438552434099,False,False
997,16.615006081814236,864.0,652.0,806.0,882.0,-0.1741702750082276,-0.24702365005121815,-9.979221674604322,-14.153412587851403,False,False
998,16.631671082899306,885.0,654.0,846.0,889.0,-0.11321639664893768,-0.1644585463992785,-6.4868216996632055,-9.42278061353508,False,False
999,16.648336083984375,905.0,656.0,888.0,893.0,-0.05501688704567768,-0.07160731485126633,-3.1522354296653035,-4.102796923242021,False,False
1000,16.665001085069445,925.0,656.0,930.0,893.0,0.00289854260719425,0.021093917253554445,0.1660742581310765,1.2085924320268584,False,False
1001,16.681666086154515,944.0,655.0,972.0,891.0,0.05807415956295393,0.11809202841909398,3.3274042417265695,6.766174822553061,False,False
1002,16.698331087239584,963.0,653.0,1013.0,886.0,0.11354460487265479,0.21138641644999373,6.505626645683682,12.111549508979438,False,False
1003,16.714996088324654,981.0,650.0,1052.0,877.0,0.16658339665976332,0.303135683518947,9.544525565558134,17.36839528544909,False,False
1004,16.731661089409723,997.0,647.0,1089.0,866.0,0.21393711999099183,0.3977056192195359,12.257694056667704,22.786853469916405,False,False
1005,16.748326090494793,1012.0,643.0,1122.0,854.0,0.25910201777941017,0.48056328863045333,14.84545208208382,27.534248227452196,False,False
1006,16.764991091579862,1025.0,639.0,1152.0,840.0,0.29871315609018584,0.5635034222608851,17.115003129000232,32.286367836727,False,False
1007,16.78165609266493,1038.0,635.0,1179.0,827.0,0.3383236225092596,0.6334258829691446,19.384515679357836,36.2926297284796,False,False
1008,16.79832109375,1048.0,630.0,1200.0,813.0,0.3707400028834081,0.6931236382026539,21.241837461887254,39.7130591497647,False,False
1009,16.81498609483507,1057.0,627.0,1219.0,800.0,0.3983809629282584,0.7525741359704854,22.825547814146915,43.11932176181337,False,False
1010,16.83165109592014,1064.0,624.0,1234.0,790.0,0.420593291686043,0.7973023629557582,24.098220505125038,45.682060393172655,False,False
1011,16.84831609700521,1069.0,621.0,1245.0,781.0,0.4375097721174529,0.8329812666744317,25.067463438060475,47.72631099390627,False,False
1012,16.86498109809028,1072.0,620.0,1252.0,775.0,0.4466779587263357,0.85988695361133,25.592761836537818,49.267893300290815,False,False
1013,16.88164609917535,1074.0,619.0,1256.0,771.0,0.4532041244652527,0.8749781374110849,25.966683589780637,50.13255443987297,False,False
1014,16.89831110026042,1073.0,619.0,1256.0,770.0,0.45057645805062435,0.8809150010730908,25.81612939425416,50.472711671250494,False,False
1015,16.914976101345488,1071.0,620.0,1253.0,772.0,0.4440422781436014,0.8749781374110849,25.44174846300256,50.13255443987297,False,False
1016,16.931641102430557,1067.0,622.0,1247.0,777.0,0.4309794965988904,0.85988695361133,24.69330621178924,49.267893300290815,False,False
1017,16.948306103515627,1061.0,625.0,1237.0,784.0,0.4114076005496488,0.8361009389134209,23.571919171098923,47.90505504666447,False,False
1018,16.964971104600696,1054.0,628.0,1223.0,794.0,0.38917824644802584,0.794353147898415,22.298270999774104,45.51308281751046,False,False
1019,16.981636105685766,1044.0,632.0,1207.0,805.0,0.3577460804651707,0.7556450413787833,20.497340548001826,43.295271680992734,False,False
1020,16.998301106770835,1033.0,637.0,1185.0,817.0,0.32267051733858276,0.7012599228662774,18.487658816803645,40.17923392190735,False,False
1021,17.014966107855905,1020.0,640.0,1161.0,830.0,0.2839108225598054,0.6384293010557998,16.266891890764448,36.57930446798436,False,False
1022,17.031631108940974,1006.0,644.0,1133.0,844.0,0.24144260997231717,0.5657580297420903,13.833642546037016,32.415547329858676,False,False
1023,17.048296110026044,990.0,648.0,1101.0,858.0,0.1933978655553894,0.4862426330875049,11.08088146316233,27.85965069524227,False,False
1024,17.064961111111113,974.0,651.0,1065.0,870.0,0.1460122577112754,0.3938180418362781,8.36588612403259,22.56411169332522,False,False
1025,17.081626112196183,957.0,653.0,1028.0,881.0,0.096193427558869,0.3018856181454772,5.5114774160206155,17.296771815433825,False,False
1026,17.09829111328125,939.0,655.0,986.0,888.0,0.04357704651991425,0.19904572336856055,2.4967808492363384,11.404479879147022,False,False
1027,17.11495611436632,921.0,655.0,944.0,892.0,-0.008720709153622889,0.09674346233893974,-0.4996598288636958,5.542992087504075,False,False
1028,17.131621115451388,902.0,655.0,902.0,894.0,-0.06386651075800932,0.0,-3.6592815186608023,0.0,False,False
1029,17.148286116536458,884.0,654.0,860.0,891.0,-0.11609368824148429,-0.10092178466729385,-6.651678364344602,-5.78239232236404,False,False
1030,17.164951117621527,866.0,652.0,818.0,885.0,-0.16847566133702682,-0.20316631194892554,-9.652944345287017,-11.64057221391174,False,False
1031,17.181616118706597,847.0,649.0,779.0,878.0,-0.22398804464545774,-0.28865006568130397,-12.833569619572586,-16.538430519712723,False,False
1032,17.198281119791666,830.0,645.0,743.0,867.0,-0.27434085149940174,-0.3734971461064775,-15.718572938940982,-21.39981013208223,False,False
1033,17.214946120876736,813.0,640.0,709.0,856.0,-0.3253935255305215,-0.4487233440107211,-18.643675693781283,-25.709953780811265,False,False
1034,17.231611121961805,797.0,635.0,681.0,845.0,-0.37356945530046554,-0.5046693593726996,-21.403953143717736,-28.915424341626704,False,False
1035,17.248276123046875,783.0,629.0,654.0,832.0,-0.41734867306048257,-0.5660914625079305,-23.91231755175089,-32.434651620092694,False,False
1036,17.264941124131944,770.0,623.0,632.0,820.0,-0.4585062661275467,-0.6110665638310787,-26.27047392941056,-35.01153510908233,False,False
1037,17.281606125217014,758.0,618.0,614.0,810.0,-0.49568792254827315,-0.6435011087932844,-28.400825917623685,-36.86989764584402,False,False
1038,17.298271126302083,748.0,613.0,599.0,800.0,-0.5276625868351502,-0.6727814411390625,-30.23283923260942,-38.54753711199749,False,False
1039,17.314936127387153,740.0,608.0,586.0,792.0,-0.5546551610386272,-0.6968727446734324,-31.779399812662355,-39.9278671274855,False,False
1040,17.331601128472222,733.0,605.0,577.0,787.0,-0.5761360719648687,-0.7086262721276703,-33.010165348832444,-40.60129464500447,False,False
1041,17.34826612955729,730.0,602.0,572.0,782.0,-0.5880026035475675,-0.7204010902378455,-33.690067525979785,-41.275942027251716,False,False
1042,17.36493113064236,728.0,601.0,568.0,780.0,-0.5943416628528385,-0.729409542196857,-34.053268870254946,-41.792088304449436,False,False
1043,17.38159613172743,727.0,601.0,568.0,780.0,-0.5967049155104436,-0.7262954797868606,-34.18867327345879,-41.6136656712163,False,False
1044,17.3982611328125,729.0,602.0,571.0,782.0,-0.5903778959925269,-0.7204010902378455,-33.826161758185265,-41.275942027251716,False,False
1045,17.41492613389757,733.0,604.0,578.0,787.0,-0.5776936904013242,-0.7027466474345994,-33.099410311333116,-40.26441696497061,False,False
1046,17.43159113498264,739.0,608.0,588.0,794.0,-0.5570846239845249,-0.6819116146255717,-31.918597785945707,-39.07065751899672,False,False
1047,17.44825613606771,746.0,612.0,601.0,802.0,-0.5340439123070426,-0.6518691143055769,-30.598462249848186,-37.34934904464059,False,False
1048,17.46492113715278,756.0,617.0,616.0,811.0,-0.5020901990219941,-0.6251085342329235,-28.7676493388438,-35.81608074915565,False,False
1049,17.481586138237848,767.0,622.0,635.0,822.0,-0.4674986811050795,-0.583373006993856,-26.785701355253423,-33.424811182603804,False,False
1050,17.498251139322917,780.0,628.0,658.0,833.0,-0.42638979405837923,-0.5368249794469454,-24.430335626997476,-30.757805659507135,False,False
1051,17.514916140407987,795.0,634.0,682.0,844.0,-0.37997247433340997,-0.4936573587028494,-21.77081911044739,-28.284483179249047,False,False
1052,17.531581141493056,811.0,639.0,711.0,855.0,-0.3317775656522135,-0.4335814839517618,-19.00945424899642,-24.842389105455187,False,False
1053,17.548246142578126,829.0,644.0,741.0,865.0,-0.2779029910370227,-0.37894509813114835,-15.922668500483345,-21.71195479008562,False,False
1054,17.564911143663196,847.0,648.0,775.0,875.0,-0.22463059473018246,-0.30714335966663053,-12.870385027553086,-17.598018214366604,False,False
1055,17.581576144748265,865.0,651.0,811.0,883.0,-0.171818421292884,-0.22868682567222423,-9.844470382682971,-13.102789941262454,False,False
1056,17.598241145833335,885.0,654.0,848.0,889.0,-0.11321639664893768,-0.15616481407278227,-6.4868216996632055,-8.947584754815628,False,False
1057,17.614906146918404,904.0,655.0,887.0,892.0,-0.05807415956295393,-0.07160731485126633,-3.3274042417265695,-4.102796923242021,False,False
1058,17.631571148003474,923.0,655.0,926.0,893.0,-0.0029069685557452083,0.012604374487651676,-0.16655702942144082,0.7221774615448104,False,False
1059,17.648236149088543,941.0,654.0,964.0,891.0,0.04952215901848231,0.09674346233893974,2.8374107041347636,5.542992087504075,False,False
1060,17.664901150173613,958.0,652.0,1003.0,886.0,0.0993782924528644,0.18998828791871572,5.693956732765932,10.885527054658738,False,False
1061,17.681566151258682,975.0,650.0,1039.0,880.0,0.14932266069369737,0.27139528080163583,8.55555824341289,15.54980416970159,False,False
1062,17.69823115234375,990.0,647.0,1074.0,869.0,0.1939591472598931,0.36172924151993224,11.1130405359483,20.72555886556054,False,False
1063,17.71489615342882,1004.0,644.0,1106.0,859.0,0.23577212438532716,0.4429738631207448,13.508747654112724,25.380532791424503,False,False
1064,17.73156115451389,1017.0,640.0,1134.0,847.0,0.2754872919722853,0.5144513130590278,15.784259139500191,29.475889003245747,False,False
1065,17.74822615559896,1028.0,636.0,1159.0,835.0,0.3097029445424562,0.5821819475136389,17.744671625056935,33.35656850123832,False,False
1066,17.76489115668403,1038.0,633.0,1180.0,823.0,0.3402669564646512,0.6418147697509796,19.495860513186237,36.77327753589183,False,False
1067,17.7815561577691,1046.0,630.0,1199.0,813.0,0.36528188736843714,0.6963485807629505,20.929110478784544,39.89783474764181,False,False
1068,17.79822115885417,1052.0,627.0,1213.0,803.0,0.38486364801166234,0.7409171370285529,22.05106271907673,42.451424920652165,False,False
1069,17.81488615993924,1057.0,625.0,1223.0,795.0,0.4006561550883852,0.7734939638391385,22.955906722503435,44.31793960682735,False,False
1070,17.831551161024308,1060.0,624.0,1231.0,789.0,0.40989366838778163,0.8032534085370008,23.48517724775482,46.02303018866783,False,False
1071,17.848216162109377,1061.0,624.0,1234.0,786.0,0.41257802999870086,0.8182221908244113,23.638979838747428,46.88067823818664,False,False
1072,17.864881163194447,1061.0,624.0,1235.0,785.0,0.41257802999870086,0.824184671781782,23.638979838747428,47.222303232471106,False,False
1073,17.881546164279513,1059.0,625.0,1232.0,787.0,0.406044302102105,0.8182221908244113,23.264624805785598,46.88067823818664,False,False
1074,17.898211165364582,1055.0,627.0,1225.0,791.0,0.3929921560456252,0.8033603032453056,22.516791923160984,46.02915480430598,False,False
1075,17.914876166449652,1049.0,629.0,1215.0,798.0,0.3745281874614959,0.7764431788964815,21.458884450228233,44.48691718248954,False,False
1076,17.93154116753472,1042.0,632.0,1202.0,806.0,0.3522683662917276,0.7435065183015194,20.183490644484547,42.59978553914336,False,False
1077,17.94820616861979,1033.0,635.0,1185.0,816.0,0.3245257554126046,0.6985302406869417,18.593956128437075,40.02283465361934,False,False
1078,17.96487116970486,1022.0,639.0,1165.0,827.0,0.2903376007649757,0.6502749255932068,16.635119157787372,37.25800875967439,False,False
1079,17.98153617078993,1010.0,642.0,1142.0,839.0,0.25419826004912466,0.5903417805676446,14.564487460383809,33.824092496764194,False,False
1080,17.998201171875,997.0,646.0,1115.0,851.0,0.21455634647242428,0.5222924069584638,12.293173120616519,29.925150590449206,False,False
1081,18.01486617296007,982.0,648.0,1084.0,862.0,0.1704370896516593,0.4447819229791353,9.765325909532915,25.484126990417302,False,False
1082,18.03153117404514,967.0,651.0,1052.0,873.0,0.1258026953088134,0.365663717176949,7.207963492565249,20.950987715304564,False,False
1083,18.048196175130208,951.0,653.0,1016.0,882.0,0.07878396098914381,0.27656855859928864,4.513988458001263,15.84621115375583,False,False
1084,18.06486117621528,934.0,654.0,977.0,888.0,0.029146262849829484,0.1817331968267754,1.6699578498741725,10.412545175594516,False,False
1085,18.081526177300347,917.0,655.0,939.0,892.0,-0.02034602925744316,0.09256174873423176,-1.1657416063011852,5.30339754682187,False,False
1086,18.098191178385417,900.0,654.0,899.0,894.0,-0.06985698921733603,-0.004166642554263516,-4.002510651644255,-0.23873103309890856,False,False
1087,18.11485617947049,883.0,653.0,859.0,891.0,-0.11931362566141829,-0.10050059905462982,-6.8361671888030635,-5.75826016436676,False,False
1088,18.13152118055556,865.0,651.0,821.0,886.0,-0.171818421292884,-0.18509101269405182,-9.844470382682971,-10.604933853171515,False,False
1089,18.148186181640625,849.0,648.0,785.0,879.0,-0.2189831148865399,-0.27027690850028346,-12.546808267627165,-15.485726156909767,False,False
1090,18.16485118272569,833.0,645.0,751.0,870.0,-0.2659986921763615,-0.349484524690076,-15.240602417705066,-20.02398826987697,False,False
1091,18.181516183810764,817.0,641.0,720.0,861.0,-0.31354654520631076,-0.415268257108591,-17.96489372122948,-23.79311849807581,False,False
1092,18.198181184895837,802.0,636.0,692.0,849.0,-0.35910782467451996,-0.47670656810002165,-20.57536274397392,-27.313274418297002,False,False
1093,18.214846185980903,789.0,631.0,669.0,838.0,-0.39922076957525254,-0.5253668738153162,-22.873665190626713,-30.1013045655997,False,False
1094,18.231511187065973,776.0,627.0,648.0,829.0,-0.43801220047912864,-0.5648049094433026,-25.096250462692165,-32.360937559369894,False,False
1095,18.24817618815104,766.0,622.0,631.0,819.0,-0.4700577776111177,-0.6007777505596751,-26.932326784416084,-34.42202953243272,False,False
1096,18.26484118923611,756.0,617.0,616.0,811.0,-0.5020901990219941,-0.6251085342329235,-28.7676493388438,-35.81608074915565,False,False
1097,18.28150619032118,749.0,613.0,605.0,805.0,-0.5251872632130375,-0.6435011087932844,-30.09101363613333,-36.86989764584402,False,False
1098,18.29817119140625,743.0,610.0,596.0,799.0,-0.5443448971842162,-0.6610431688506869,-31.188665208138318,-37.874983651098205,False,False
1099,18.31483619249132,739.0,608.0,591.0,796.0,-0.5570846239845249,-0.6669082042393105,-31.918597785945707,-38.21102542556121,False,False
1100,18.33150119357639,738.0,607.0,588.0,795.0,-0.561025023138945,-0.6734422416549913,-32.144366027090896,-38.585398192660286,False,False
1101,18.34816619466146,738.0,607.0,589.0,795.0,-0.561025023138945,-0.6701836821064823,-32.144366027090896,-38.398696483238666,False,False
1102,18.36483119574653,740.0,608.0,592.0,797.0,-0.5546551610386272,-0.6643314288295015,-31.779399812662355,-38.06338706982606,False,False
1103,18.3814961968316,744.0,610.0,599.0,801.0,-0.5418937006768411,-0.6493392409625774,-31.048221993508516,-37.20439797938407,False,False
1104,18.398161197916668,749.0,613.0,609.0,807.0,-0.5251872632130375,-0.6251085342329235,-30.09101363613333,-35.81608074915565,False,False
1105,18.414826199001737,757.0,617.0,621.0,814.0,-0.4995756594050681,-0.604223660410364,-28.623576831375495,-34.619465623459746,False,False
1106,18.431491200086807,766.0,622.0,637.0,823.0,-0.4700577776111177,-0.5705827629957897,-26.932326784416084,-32.69198418257207,False,False
1107,18.44815620117188,777.0,627.0,656.0,833.0,-0.4354137785404183,-0.5310873950188547,-24.947371852209862,-30.429066287177555,False,False
1108,18.464821202256942,790.0,632.0,676.0,842.0,-0.3954545428664731,-0.4973427163468224,-22.657876295524204,-28.495638618244982,False,False
1109,18.481486203342016,803.0,636.0,701.0,852.0,-0.35640820419663094,-0.4411794804149806,-20.42068588430379,-25.27772223555295,False,False
1110,18.498151204427085,819.0,641.0,727.0,862.0,-0.3080527810237764,-0.3944697829498962,-17.650124219930124,-22.601453708470693,False,False
1111,18.514816205512155,835.0,646.0,757.0,871.0,-0.2596731966979089,-0.3337021765375503,-14.878178223460644,-19.119726329931154,False,False
1112,18.531481206597224,852.0,649.0,788.0,879.0,-0.20988072266107496,-0.27139528080163583,-12.025279609635332,-15.54980416970159,False,False
1113,18.548146207682294,870.0,652.0,821.0,885.0,-0.15705361614719104,-0.20727991668300638,-8.998509362501723,-11.876264403759608,False,False
1114,18.564811208767363,888.0,654.0,856.0,890.0,-0.10457340254286446,-0.1347712844777311,-5.991614615028764,-7.721825800130975,False,False
1115,18.581476209852436,906.0,655.0,892.0,893.0,-0.05227790446447858,-0.058755822715722696,-2.9953032876027468,-3.3664606634298013,False,False
1116,18.598141210937506,923.0,655.0,928.0,893.0,-0.0029069685557452083,0.021005313472176913,-0.16655702942144082,1.203515809305026,False,False
1117,18.61480621202257,940.0,654.0,964.0,890.0,0.046613440192610024,0.10134650326566776,2.6707533916220334,5.806726905531577,False,False
1118,18.63147121310764,957.0,652.0,999.0,887.0,0.0964737751825869,0.1768561314739792,5.527540151656172,10.133109914469811,False,False
1119,18.64813621419271,972.0,650.0,1034.0,880.0,0.14065789786542357,0.26330654956916083,8.059103902870962,15.08635400846512,False,False
1120,18.66480121527778,986.0,648.0,1065.0,872.0,0.18194172437392217,0.33905907872732344,10.42449292395824,19.426654216669544,False,False
1121,18.68146621636285,999.0,645.0,1094.0,863.0,0.22088693970194284,0.4109657038594954,12.655889394482028,23.546600355772334,False,False
1122,18.69813121744792,1011.0,642.0,1121.0,853.0,0.25702627298105013,0.48056328863045333,14.726520665791556,27.534248227452196,False,False
1123,18.714796218532985,1021.0,639.0,1144.0,842.0,0.28753634410721984,0.5447547332268438,16.474618973965036,31.21214708367322,False,False
1124,18.73146121961805,1030.0,636.0,1165.0,832.0,0.31527515924277766,0.6031529594223374,18.063936009926106,34.55811897572533,False,False
1125,18.748126220703124,1037.0,634.0,1181.0,822.0,0.33653690737546527,0.6536358969195218,19.282144442999265,37.45057823173673,False,False
1126,18.764791221788197,1042.0,631.0,1194.0,814.0,0.35327999106237046,0.6931236382026539,20.241452474293272,39.7130591497647,False,False
1127,18.781456222873263,1047.0,630.0,1204.0,808.0,0.36801381682099915,0.7227935143402592,21.085638506343834,41.413017831125394,False,False
1128,18.798121223958333,1049.0,629.0,1210.0,802.0,0.3745281874614959,0.7494854667828843,21.458884450228233,42.94235405305172,False,False
1129,18.8147862250434,1049.0,629.0,1213.0,800.0,0.3745281874614959,0.7645056813671545,21.458884450228233,43.80294895611125,False,False
1130,18.831451226128472,1049.0,629.0,1213.0,800.0,0.3745281874614959,0.7645056813671545,21.458884450228233,43.80294895611125,False,False
1131,18.84811622721354,1047.0,630.0,1209.0,802.0,0.36801381682099915,0.75546698504364,21.085638506343834,43.28506980447346,False,False
1132,18.86478122829861,1042.0,631.0,1202.0,806.0,0.35327999106237046,0.7406519319428327,20.241452474293272,42.436229788535,False,False
1133,18.88144622938368,1037.0,634.0,1192.0,813.0,0.33653690737546527,0.7136651667229491,19.282144442999265,40.89000203872523,False,False
1134,18.89811123046875,1029.0,636.0,1179.0,820.0,0.3124915597345191,0.6839512080979647,17.9044475062482,39.18751761688727,False,False
1135,18.91477623155382,1021.0,639.0,1162.0,829.0,0.28753634410721984,0.6384293010557998,16.474618973965036,36.57930446798436,False,False
1136,18.93144123263889,1011.0,642.0,1143.0,839.0,0.25702627298105013,0.5903417805676446,14.726520665791556,33.824092496764194,False,False
1137,18.94810623372396,999.0,645.0,1120.0,849.0,0.22088693970194284,0.5353580828991518,12.655889394482028,30.67375867833625,False,False
1138,18.964771234809028,986.0,648.0,1093.0,859.0,0.18194172437392217,0.469318625710637,10.42449292395824,26.889976500099465,False,False
1139,18.981436235894098,973.0,650.0,1065.0,869.0,0.14354858076571683,0.3977056192195359,8.224727832968401,22.786853469916405,False,False
1140,18.998101236979167,958.0,652.0,1033.0,878.0,0.0993782924528644,0.3204225339290187,5.693956732765932,18.358858855020195,False,False
1141,19.01476623806424,943.0,653.0,999.0,884.0,0.05549850524571683,0.23783592745745075,3.1798301198642345,13.62699485989154,False,False
1142,19.031431239149303,927.0,654.0,964.0,890.0,0.008746132666977468,0.15551373812965635,0.5011164888793077,8.910280851132013,False,False
1143,19.048096240234376,911.0,655.0,927.0,892.0,-0.03777272297836603,0.0674082643902822,-2.164217607377198,3.862209053865168,False,False
1144,19.064761241319445,895.0,654.0,891.0,892.0,-0.08434750392097345,-0.016805140515041995,-4.8327559871349415,-0.9628636256362129,False,False
1145,19.081426242404515,879.0,653.0,855.0,890.0,-0.13082739607405697,-0.10092178466729385,-7.49585763972986,-5.78239232236404,False,False
1146,19.098091243489584,863.0,651.0,820.0,886.0,-0.1775231052539547,-0.18097667416105903,-10.171324697108295,-10.36919961974298,False,False
1147,19.114756244574654,848.0,648.0,786.0,879.0,-0.22180865298250585,-0.26221833432139385,-12.708699675379444,-15.02400386756629,False,False
1148,19.131421245659723,833.0,645.0,756.0,871.0,-0.2659986921763615,-0.32837297413931005,-15.240602417705066,-18.81438552434099,False,False
1149,19.148086246744796,818.0,641.0,728.0,862.0,-0.3108020867685448,-0.3867319776141511,-17.807647835696425,-22.158110120038693,False,False
1150,19.164751247829862,805.0,637.0,702.0,853.0,-0.3500019236909296,-0.44495819655390045,-20.053633048950164,-25.494226722291028,False,False
1151,19.18141624891493,793.0,633.0,681.0,844.0,-0.38638237785985297,-0.487987370663628,-22.138079529598595,-27.95961679471201,False,False
1152,19.19808125,782.0,629.0,660.0,835.0,-0.4199735989320315,-0.5346889039760393,-24.062714725725343,-30.635417550302794,False,False
1153,19.21474625108507,772.0,625.0,645.0,828.0,-0.45082779852790555,-0.5590419890640936,-25.830530142823175,-32.03074654397129,False,False
1154,19.23141125217014,764.0,621.0,633.0,821.0,-0.4764674194737067,-0.5798821323938134,-27.299572211332805,-33.224798801211946,False,False
1155,19.24807625325521,757.0,617.0,623.0,816.0,-0.4995756594050681,-0.5926268480428776,-28.623576831375495,-33.955017218997654,False,False
1156,19.26474125434028,753.0,615.0,615.0,811.0,-0.5123894603107377,-0.6134600655737035,-29.357753542791276,-35.14867265719194,False,False
1157,19.28140625542535,749.0,614.0,610.0,809.0,-0.5237543765566434,-0.6192786125014608,-30.008915278201332,-35.48205083905124,False,False
1158,19.29807125651042,748.0,613.0,608.0,808.0,-0.5276625868351502,-0.6226707887570673,-30.23283923260942,-35.67640822186198,False,False
1159,19.314736257595488,749.0,613.0,610.0,808.0,-0.5251872632130375,-0.6192786125014608,-30.09101363613333,-35.48205083905124,False,False
1160,19.33140125868056,751.0,615.0,614.0,810.0,-0.5173730664591111,-0.612444766409215,-29.643293141848517,-35.09050030012359,False,False
1161,19.348066259765627,755.0,617.0,622.0,815.0,-0.5045978149675941,-0.5914909614909966,-28.911325149166384,-33.88993571356921,False,False
1162,19.364731260850697,761.0,619.0,631.0,820.0,-0.48675004488115103,-0.5740985169942165,-27.888723249493356,-32.893422048488176,False,False
1163,19.38139626193577,768.0,623.0,644.0,827.0,-0.4636476090008061,-0.5461665634337878,-26.56505117707799,-31.293038995920195,False,False
1164,19.39806126302084,778.0,627.0,660.0,835.0,-0.43280905965814764,-0.5160340910978656,-24.79813245343772,-29.566575504777145,False,False
1165,19.414726264105905,788.0,631.0,677.0,843.0,-0.40187064744045653,-0.4823370214477118,-23.025492008528037,-27.635875631864955,False,False
1166,19.43139126519097,801.0,635.0,699.0,852.0,-0.36282333298709624,-0.43939863167953086,-20.788245689030315,-25.17568711906047,False,False
1167,19.448056266276044,814.0,640.0,722.0,861.0,-0.32266213117240267,-0.3944697829498962,-18.48717832487523,-22.601453708470693,False,False
1168,19.464721267361117,829.0,643.0,747.0,868.0,-0.27869743145827724,-0.349484524690076,-15.968186583695827,-20.02398826987697,False,False
1169,19.48138626844618,844.0,647.0,775.0,875.0,-0.23374318086890142,-0.29386933503246765,-13.392497753751098,-16.837472625676384,False,False
1170,19.49805126953125,860.0,650.0,805.0,882.0,-0.18659438809664106,-0.23277174150088592,-10.691070918763659,-13.336838377910954,False,False
1171,19.51471627061632,877.0,652.0,836.0,887.0,-0.13696693842681784,-0.17272951082565158,-7.847627504684878,-9.896671967669098,False,False
1172,19.531381271701388,893.0,654.0,868.0,891.0,-0.09013412489377456,-0.10509657413192951,-5.164304946518332,-6.021590139043345,False,False
1173,19.548046272786458,910.0,654.0,902.0,893.0,-0.0407936828678654,-0.033460310449650164,-2.33730585912382,-1.9171345699624402,False,False
1174,19.564711273871527,926.0,654.0,935.0,892.0,0.005830837708949565,0.03779711649456458,0.3340823917485404,2.1656152529028594,False,False
1175,19.5813762749566,942.0,653.0,968.0,890.0,0.05258306161094172,0.1092676898773683,3.0127875041833403,6.260577467117551,False,False
1176,19.598041276041663,957.0,652.0,1001.0,886.0,0.0964737751825869,0.18586394582193286,5.527540151656172,10.649219659244944,False,False
1177,19.614706277126736,970.0,650.0,1031.0,880.0,0.1348694729010004,0.25924884628266204,7.7274515823813505,14.853864735632376,False,False
1178,19.631371278211805,983.0,648.0,1060.0,873.0,0.17331764514654713,0.32972910849878123,9.930369582043207,18.89208629959137,False,False
1179,19.648036279296875,995.0,645.0,1087.0,864.0,0.20945700823607438,0.3977056192195359,12.001002561363986,22.786853469916405,False,False
1180,19.664701280381944,1005.0,642.0,1110.0,855.0,0.23999649794396424,0.45799795159722173,13.75078643010929,26.241349652157766,False,False
1181,19.68136628146701,1014.0,640.0,1132.0,847.0,0.26702345552915424,0.5181049902083273,15.299317032819765,29.685229283604,False,False
1182,19.698031282552083,1022.0,638.0,1150.0,838.0,0.29117621087131335,0.5693131911006619,16.683167977537533,32.61924307119283,False,False
1183,19.714696283637156,1028.0,635.0,1164.0,830.0,0.3105986003710278,0.6090030164042272,17.79598892393038,34.89330255069866,False,False
1184,19.731361284722222,1033.0,634.0,1176.0,824.0,0.3254611125064083,0.6451831929932239,18.64754814224965,36.9662739712862,False,False
1185,19.74802628580729,1036.0,633.0,1185.0,818.0,0.3347368373168147,0.6780282413619009,19.17900802581072,38.848156620714434,False,False
1186,19.76469128689236,1038.0,632.0,1190.0,814.0,0.34124669110708716,0.6958181893838117,19.551995173240577,39.86744556012703,False,False
1187,19.78135628797743,1038.0,632.0,1192.0,813.0,0.34124669110708716,0.7049749875780165,19.551995173240577,40.39209145050798,False,False
1188,19.7980212890625,1037.0,632.0,1190.0,813.0,0.3384776187094693,0.7017613914108175,19.3933390116909,40.20796595306806,False,False
1189,19.81468629014757,1034.0,633.0,1185.0,816.0,0.32918536164184053,0.6898813257218057,18.860931899565163,39.527288328749506,False,False
1190,19.83135129123264,1030.0,635.0,1179.0,820.0,0.31618474916148803,0.6780282413619009,18.11605167335586,38.848156620714434,False,False
1191,19.84801629231771,1024.0,637.0,1167.0,826.0,0.29763649109280677,0.6477204930362879,17.053314768700947,37.11165055511212,False,False
1192,19.86468129340278,1016.0,639.0,1153.0,832.0,0.2734609870902443,0.6173025397004024,15.66816042175249,35.36883020754,False,False
1193,19.881346294487848,1008.0,642.0,1137.0,841.0,0.24852978456332953,0.5751378162377683,14.23970773877438,32.95296950879483,False,False
1194,19.89801129557292,998.0,644.0,1117.0,849.0,0.21866894587394195,0.5259487304013317,12.528807709151511,30.13464249226028,False,False
1195,19.914676296657987,987.0,647.0,1094.0,858.0,0.18534794999569476,0.469318625710637,10.619655276155134,26.889976500099465,False,False
1196,19.931341297743057,975.0,649.0,1069.0,867.0,0.14975787737854046,0.40710417205598876,8.580494322628073,23.32535088097586,False,False
1197,19.94800629882813,961.0,651.0,1041.0,875.0,0.10839697316626025,0.3430239404207034,6.210689074419548,19.65382405805331,False,False
1198,19.9646712999132,948.0,652.0,1011.0,881.0,0.0702653642871569,0.2684677028369498,4.025908819603351,15.382066308129582,False,False
1199,19.981336300998265,933.0,653.0,980.0,887.0,0.026309717252922193,0.1982172523518861,1.507435758774968,11.357011986442664,False,False
1200,19.99800130208333,918.0,654.0,947.0,890.0,-0.017490927470649485,0.12226840393911868,-1.0021563238376476,7.00546351351223,False,False
1201,20.014666303168404,904.0,654.0,913.0,892.0,-0.0582430898944776,0.03779711649456458,-3.337083236754622,2.1656152529028594,False,False
1202,20.031331304253477,889.0,653.0,880.0,891.0,-0.1019841331576723,-0.03779711649456458,-5.84326040723482,-2.1656152529028594,False,False
1203,20.047996305338543,874.0,651.0,847.0,888.0,-0.1460122577112754,-0.11343499180721633,-8.36588612403259,-6.499346279654567,False,False
1204,20.064661306423613,859.0,649.0,814.0,884.0,-0.18998828791871572,-0.18919902209996817,-10.885527054658738,-10.840305454330565,False,False
1205,20.08132630750868,845.0,647.0,785.0,878.0,-0.23092477469575995,-0.2541247495556341,-13.231014975076475,-14.560275619356876,False,False
1206,20.097991308593752,831.0,644.0,757.0,871.0,-0.2723402539884094,-0.3151281346539744,-15.603947145056743,-18.055512121503032,False,False
1207,20.11465630967882,819.0,640.0,732.0,863.0,-0.3089307439237416,-0.3719728371687995,-17.700427788667195,-21.312473663279206,False,False
1208,20.13132131076389,806.0,637.0,709.0,855.0,-0.3472924437939313,-0.41864986146843797,-19.898391286176626,-23.98687015587808,False,False
1209,20.14798631184896,796.0,633.0,689.0,848.0,-0.37836275767335503,-0.4617854137604411,-21.678589139614346,-26.458355249175725,False,False
1210,20.16465131293403,786.0,630.0,672.0,840.0,-0.40829184874020213,-0.4973427163468224,-23.39339974240738,-28.495638618244982,False,False
1211,20.1813163140191,777.0,626.0,658.0,834.0,-0.43662715981354133,-0.5196637125439854,-25.016893478100023,-29.77453749486998,False,False
1212,20.19798131510417,771.0,623.0,647.0,828.0,-0.4559257547595447,-0.5439985830553079,-26.122621519038518,-31.168822870166125,False,False
1213,20.21464631618924,765.0,621.0,638.0,824.0,-0.4739168243794081,-0.5590419890640936,-27.15343387718272,-32.03074654397129,False,False
1214,20.231311317274308,761.0,619.0,633.0,821.0,-0.48675004488115103,-0.5648049094433026,-27.888723249493356,-32.360937559369894,False,False
1215,20.247976318359378,759.0,618.0,630.0,819.0,-0.493164066316705,-0.5705827629957897,-28.256219607457037,-32.69198418257207,False,False
1216,20.264641319444443,759.0,618.0,630.0,819.0,-0.493164066316705,-0.5705827629957897,-28.256219607457037,-32.69198418257207,False,False
1217,20.281306320529517,760.0,618.0,632.0,821.0,-0.4906333444032409,-0.562574559421413,-28.111219922694275,-32.23314791627871,False,False
1218,20.297971321614583,763.0,620.0,638.0,824.0,-0.4803341217165189,-0.549738226935052,-27.521117930479715,-31.497680240383556,False,False
1219,20.31463632269965,767.0,621.0,645.0,827.0,-0.4687955686721307,-0.5346889039760393,-26.86000753934844,-30.635417550302794,False,False
1220,20.33130132378472,773.0,625.0,656.0,833.0,-0.4482444627141223,-0.5123894603107377,-25.682515903628403,-29.357753542791276,False,False
1221,20.34796632486979,781.0,628.0,669.0,839.0,-0.4237717179297856,-0.487987370663628,-24.28033091438511,-27.95961679471201,False,False
1222,20.36463132595486,791.0,631.0,684.0,845.0,-0.3939032176023498,-0.4636476090008061,-22.568991905237922,-26.56505117707799,False,False
1223,20.38129632703993,801.0,635.0,702.0,853.0,-0.36282333298709624,-0.42628183119802276,-20.788245689030315,-24.42414981075489,False,False
1224,20.397961328125,813.0,639.0,723.0,860.0,-0.3263167327071242,-0.3867319776141511,-18.696571568616807,-22.158110120038693,False,False
1225,20.41462632921007,826.0,642.0,745.0,867.0,-0.2878497069033385,-0.34555558058171215,-16.492573339639055,-19.798876354524932,False,False
1226,20.43129133029514,840.0,645.0,770.0,874.0,-0.2463871128997604,-0.29665674760929417,-14.116941695569594,-16.99717960209023,False,False
1227,20.447956331380208,854.0,648.0,797.0,880.0,-0.2048028317810458,-0.2409177717439294,-11.734337893381689,-13.803571530623273,False,False
1228,20.46462133246528,870.0,650.0,824.0,884.0,-0.15796489294847935,-0.19410609803032688,-9.050721677183725,-11.121460194890352,False,False
1229,20.481286333550347,885.0,652.0,854.0,888.0,-0.11387471328858606,-0.13060816994581406,-6.524540464698292,-7.483296907822548,False,False
1230,20.497951334635417,900.0,653.0,884.0,891.0,-0.07006058263845544,-0.0671258882021007,-4.014175695411026,-3.846030090047376,False,False
1231,20.514616335720486,916.0,653.0,914.0,891.0,-0.0233875477790427,-0.008403163547646988,-1.3400077808997086,-0.48146580583835247,False,False
1232,20.53128133680556,930.0,653.0,945.0,891.0,0.017542060057402487,0.0629419593073733,1.0050860052541812,3.6063086225966603,False,False
1233,20.547946337890625,944.0,652.0,976.0,888.0,0.058583912798213844,0.1347712844777311,3.356610950700102,7.721825800130975,False,False
1234,20.56461133897569,958.0,651.0,1004.0,884.0,0.09966865249116202,0.19491827342292004,5.710593137499642,11.16799441711032,False,False
1235,20.581276340060764,970.0,649.0,1032.0,879.0,0.13526365272942542,0.26330654956916083,7.750036422919295,15.08635400846512,False,False
1236,20.597941341145837,982.0,647.0,1058.0,872.0,0.17093453377680898,0.3257452069169275,9.79382735844757,18.663825552955657,False,False
1237,20.614606342230903,992.0,645.0,1081.0,865.0,0.20084779009395082,0.3844187202182019,11.507730696912846,22.02557023432338,False,False
1238,20.631271343315973,1001.0,642.0,1103.0,858.0,0.22856329262776306,0.4411794804149806,13.095712019184427,25.27772223555295,False,False
1239,20.64793634440104,1008.0,641.0,1121.0,850.0,0.24925214138521365,0.49565174353452884,14.281095735970823,28.398753012829193,False,False
1240,20.664601345486112,1015.0,639.0,1136.0,843.0,0.27063233548796395,0.5353580828991518,15.506090623228907,30.67375867833625,False,False
1241,20.68126634657118,1020.0,637.0,1149.0,837.0,0.28638355728132786,0.5728522476727977,16.408569154163143,32.82201607623425,False,False
1242,20.69793134765625,1024.0,636.0,1160.0,831.0,0.2984989315861793,0.6090030164042272,17.102728969052375,34.89330255069866,False,False
1243,20.71459634874132,1026.0,635.0,1165.0,827.0,0.30499234681440474,0.626625073946363,17.47477425625567,35.902972074199724,False,False
1244,20.73126134982639,1026.0,635.0,1169.0,826.0,0.30499234681440474,0.6426628860222918,17.47477425625567,36.82187101877439,False,False
1245,20.74792635091146,1026.0,635.0,1170.0,825.0,0.30499234681440474,0.6485346233296747,17.47477425625567,37.15829678489694,False,False
1246,20.76459135199653,1024.0,636.0,1166.0,826.0,0.2984989315861793,0.6418147697509796,17.102728969052375,36.77327753589183,False,False
1247,20.7812563530816,1021.0,637.0,1161.0,829.0,0.2892039117785202,0.6300339095459151,16.570163563583005,36.098283967108,False,False
1248,20.797921354166668,1016.0,638.0,1152.0,833.0,0.27425600939076983,0.6090030164042272,15.713711844191383,34.89330255069866,False,False
1249,20.814586355251738,1010.0,640.0,1140.0,838.0,0.2556772563480827,0.5809769580203017,14.649227706229574,33.28752768891249,False,False
1250,20.831251356336807,1003.0,642.0,1126.0,845.0,0.23428769483632217,0.5447547332268438,13.423696105970231,31.21214708367322,False,False
1251,20.84791635742188,994.0,644.0,1109.0,852.0,0.2071935171966812,0.5050551888870511,11.871314077841076,28.937530744410626,False,False
1252,20.864581358506943,984.0,646.0,1088.0,859.0,0.17722538494971946,0.4542139265948053,10.154266580200265,26.024540989947322,False,False
1253,20.881246359592016,973.0,648.0,1067.0,867.0,0.1443887437997473,0.4054427504166607,8.272865628921254,23.230158433050658,False,False
1254,20.897911360677085,962.0,650.0,1042.0,874.0,0.11162840895531172,0.3430239404207034,6.395836706899725,19.65382405805331,False,False
1255,20.914576361762155,949.0,652.0,1015.0,879.0,0.07318285329305264,0.28294808572151336,4.193068626416995,16.211731133148547,False,False
1256,20.931241362847224,936.0,652.0,987.0,885.0,0.035176100174711365,0.21548569150556338,2.015442079740359,12.346420668726836,False,False
1257,20.947906363932294,923.0,653.0,957.0,889.0,-0.002923968275248199,0.1430832936681563,-0.1675310416018684,8.198068846016293,False,False
1258,20.964571365017363,909.0,653.0,926.0,890.0,-0.0438315577256377,0.07160731485126633,-2.511363267163078,4.102796923242021,False,False
1259,20.981236366102436,895.0,652.0,896.0,891.0,-0.08483984709534415,0.004184076002074724,-4.860965173098456,0.23972989608085238,False,False
1260,20.997901367187502,881.0,652.0,866.0,890.0,-0.12543763576938427,-0.0629419593073733,-7.187047121684969,-3.6063086225966603,False,False
1261,21.01456636827257,868.0,650.0,836.0,886.0,-0.1637132717018947,-0.1347712844777311,-9.380079518797098,-7.721825800130975,False,False
1262,21.03123136935764,854.0,648.0,808.0,882.0,-0.2048028317810458,-0.19410609803032688,-11.734337893381689,-11.121460194890352,False,False
1263,21.04789637044271,842.0,645.0,782.0,877.0,-0.24074737667243035,-0.25307565216460226,-13.793808612176548,-14.500166766552566,False,False
1264,21.064561371527777,829.0,643.0,757.0,870.0,-0.27869743145827724,-0.30714335966663053,-15.968186583695827,-17.598018214366604,False,False
1265,21.081226372612846,818.0,640.0,734.0,864.0,-0.3116868502389957,-0.35877067027057225,-17.85834104842061,-20.556045219583467,False,False
1266,21.09789137369792,807.0,636.0,715.0,857.0,-0.34555558058171215,-0.3944697829498962,-19.798876354524932,-22.601453708470693,False,False
1267,21.114556374782985,798.0,633.0,697.0,850.0,-0.372987721800061,-0.43561756904095966,-21.370622269343183,-24.95904818779574,False,False
1268,21.13122137586805,790.0,630.0,683.0,845.0,-0.39768128506290173,-0.4617854137604411,-22.785459225443255,-26.458355249175725,False,False
1269,21.147886376953124,783.0,628.0,671.0,840.0,-0.4185169839460571,-0.4860319293400963,-23.9792568346535,-27.847578259788165,False,False
1270,21.164551378038198,777.0,625.0,662.0,835.0,-0.43784688389938153,-0.5010133868035894,-25.086778520389117,-28.70595254340109,False,False
1271,21.181216379123263,773.0,624.0,656.0,833.0,-0.44949154051795476,-0.5103426130441365,-25.753968198512446,-29.240477833107136,False,False
1272,21.197881380208333,770.0,622.0,652.0,831.0,-0.4597816488792372,-0.5139782015977179,-26.34354797834621,-29.448781713273423,False,False
1273,21.214546381293403,769.0,622.0,650.0,829.0,-0.46236060842438853,-0.5217435110028235,-26.491311475818357,-29.893701168799215,False,False
1274,21.231211382378472,769.0,622.0,651.0,830.0,-0.46236060842438853,-0.5160340910978656,-26.491311475818357,-29.566575504777145,False,False
1275,21.24787638346354,772.0,623.0,656.0,832.0,-0.4533386958545628,-0.5066921655280692,-25.974393962431318,-29.031322597102463,False,False
1276,21.26454138454861,775.0,625.0,662.0,835.0,-0.4430584982223467,-0.4936573587028494,-25.385382025544953,-28.284483179249047,False,False
1277,21.28120638563368,780.0,627.0,670.0,839.0,-0.4275807816846266,-0.478627761768176,-24.498574191433754,-27.423350707109506,False,False
1278,21.29787138671875,787.0,629.0,682.0,844.0,-0.4067878780590912,-0.45430208669331623,-23.307228569868307,-26.02959219151346,False,False
1279,21.31453638780382,795.0,632.0,695.0,849.0,-0.3821166816786122,-0.4318231512583066,-21.893673141728428,-24.741644063140335,False,False
1280,21.33120138888889,804.0,635.0,711.0,855.0,-0.35470565201094034,-0.39994405315716103,-20.323136829662943,-22.915106287261175,False,False
1281,21.34786638997396,815.0,639.0,730.0,862.0,-0.32083564156866584,-0.3641654193081543,-18.38252817925659,-20.865141570969183,False,False
1282,21.364531391059028,826.0,641.0,749.0,867.0,-0.2886743865218274,-0.32837297413931005,-16.539824001228926,-18.81438552434099,False,False
1283,21.381196392144098,838.0,644.0,771.0,874.0,-0.25273591232133497,-0.28346016365386906,-14.480701107400915,-16.24107103745431,False,False
1284,21.397861393229167,852.0,647.0,795.0,879.0,-0.21109333322274654,-0.2409177717439294,-12.094757077012101,-13.803571530623273,False,False
1285,21.41452639431424,865.0,649.0,820.0,883.0,-0.17281503416720656,-0.18998828791871572,-9.901572094190055,-10.885527054658738,False,False
1286,21.431191395399303,880.0,651.0,846.0,887.0,-0.12869650127801413,-0.1430832936681563,-7.373766361330215,-8.198068846016293,False,False
1287,21.447856396484376,894.0,652.0,873.0,890.0,-0.08775061215029524,-0.08800737352774077,-5.027739725901319,-5.042451069170913,False,False
1288,21.464521397569445,908.0,652.0,901.0,890.0,-0.046886433471899754,-0.029403288204005115,-2.686394754360771,-1.6846843178962914,False,False
1289,21.481186398654515,922.0,652.0,928.0,890.0,-0.0058650353886236664,0.025204745326941735,-0.3360417744630067,1.4441255309358456,False,False
1290,21.497851399739584,935.0,652.0,957.0,889.0,0.03224688243525392,0.09256174873423176,1.8476102659945959,5.30339754682187,False,False
1291,21.51451640082465,948.0,651.0,983.0,886.0,0.07047134457879563,0.14784936525875556,4.037710620977124,8.471144633014832,False,False
1292,21.531181401909723,960.0,650.0,1009.0,882.0,0.1057981729237937,0.208147833640982,6.061788788728641,11.925992382419444,False,False
1293,21.547846402994796,971.0,648.0,1034.0,877.0,0.1385720460762502,0.2684677028369498,7.939593398661517,15.382066308129582,False,False
1294,21.564511404079862,980.0,646.0,1056.0,871.0,0.1656327044823451,0.3257452069169275,9.490054916175968,18.663825552955657,False,False
1295,21.58117640516493,989.0,644.0,1077.0,865.0,0.19277131535457076,0.37894509813114835,11.044982781002346,21.71195479008562,False,False
1296,21.59784140625,997.0,642.0,1095.0,859.0,0.2170689472392732,0.4241944079037666,12.437134540158297,24.304549265936718,False,False
1297,21.61450640733507,1003.0,641.0,1110.0,853.0,0.23497184919260408,0.4674140695328358,13.462895263120673,26.780853469265892,False,False
1298,21.63117140842014,1008.0,640.0,1123.0,847.0,0.24997862146082248,0.507098504392337,14.322719978203553,29.054604099077146,False,False
1299,21.64783640950521,1012.0,639.0,1135.0,842.0,0.26211984126547283,0.5447547332268438,15.018360631150669,31.21214708367322,False,False
1300,21.66450141059028,1014.0,638.0,1142.0,838.0,0.2685794305188804,0.5693131911006619,15.388467832758984,32.61924307119283,False,False
1301,21.68116641167535,1015.0,637.0,1146.0,836.0,0.2722120718679537,0.5821819475136389,15.596602850545596,33.35656850123832,False,False
1302,21.69783141276042,1015.0,637.0,1148.0,834.0,0.2722120718679537,0.5938368430683221,15.596602850545596,34.02434482718745,False,False
1303,21.714496413845488,1014.0,638.0,1146.0,835.0,0.2685794305188804,0.5903417805676446,15.388467832758984,33.824092496764194,False,False
1304,21.73116141493056,1011.0,639.0,1141.0,837.0,0.25927361500471474,0.5809769580203017,14.855283878869928,33.28752768891249,False,False
1305,21.747826416015627,1007.0,640.0,1135.0,841.0,0.24712304868912946,0.567051071390732,14.15910771029307,32.48963315906048,False,False
1306,21.764491417100697,1002.0,641.0,1124.0,845.0,0.23210383807515567,0.5389764998291462,13.29857033049428,30.88107869694361,False,False
1307,21.78115641818577,996.0,642.0,1112.0,850.0,0.21418610686681364,0.5087298243155532,12.271959953806443,29.148071845713044,False,False
1308,21.79782141927084,988.0,644.0,1097.0,857.0,0.18987690453757688,0.472993131308296,10.879145257011585,27.100510162642525,False,False
1309,21.814486420355905,980.0,646.0,1079.0,862.0,0.1656327044823451,0.4297622790966885,9.490054916175968,24.623564786163612,False,False
1310,21.83115142144097,970.0,648.0,1060.0,868.0,0.13566012923896412,0.388318718172466,7.772752853591941,22.249023657212366,False,False
1311,21.847816422526044,959.0,650.0,1038.0,874.0,0.10288032028065225,0.33905907872732344,5.894608147035543,19.426654216669544,False,False
1312,21.86448142361111,948.0,651.0,1014.0,879.0,0.07047134457879563,0.28177186727335213,4.037710620977124,16.14433878028348,False,False
1313,21.88114642469618,936.0,652.0,989.0,883.0,0.035176100174711365,0.22553382659079477,2.015442079740359,12.92213640108792,False,False
1314,21.89781142578125,924.0,652.0,962.0,887.0,0.0,0.1603144609293133,0.0,9.185342006164586,False,False
1315,21.91447642686632,912.0,652.0,934.0,889.0,-0.035176100174711365,0.09256174873423176,-2.015442079740359,5.30339754682187,False,False
1316,21.93114142795139,899.0,652.0,907.0,890.0,-0.07318285329305264,0.033600794415993215,-4.193068626416995,1.9251837083231549,False,False
1317,21.947806429036454,886.0,651.0,880.0,890.0,-0.11130279887633365,-0.025099330520065605,-6.37718062360736,-1.4380857074036568,False,False
1318,21.964471430121527,873.0,650.0,852.0,887.0,-0.14932266069369737,-0.0883767861448488,-8.55555824341289,-5.063616853030085,False,False
1319,21.9811364312066,861.0,648.0,826.0,884.0,-0.18481041197185444,-0.14723191804075808,-10.588856616061282,-8.435767513351482,False,False
1320,21.997801432291663,849.0,646.0,800.0,880.0,-0.220248723390689,-0.20641910492155582,-12.619322293430773,-11.826943522873268,False,False
1321,22.014466433376736,838.0,644.0,777.0,875.0,-0.25273591232133497,-0.2581758664478214,-14.480701107400915,-14.792387519593365,False,False
1322,22.031131434461805,827.0,641.0,756.0,870.0,-0.28588737280984866,-0.3006455090926114,-16.380139878087455,-17.22571880056865,False,False
1323,22.047796435546875,817.0,639.0,737.0,864.0,-0.3153345104492332,-0.34161549064780716,-18.06733658356502,-19.573125830410195,False,False
1324,22.064461436631944,809.0,636.0,720.0,858.0,-0.34009711950976246,-0.3812827744718905,-19.486129572465757,-21.845893778277734,False,False
1325,22.08112643771701,801.0,634.0,706.0,853.0,-0.3638502066712928,-0.40929219792623106,-20.847081217227828,-23.450715528806185,False,False
1326,22.097791438802084,794.0,631.0,693.0,848.0,-0.38588266939807375,-0.43561756904095966,-22.109448343751673,-24.95904818779574,False,False
1327,22.114456439887157,789.0,629.0,684.0,844.0,-0.40147104706212555,-0.45430208669331623,-23.002596593357843,-26.02959219151346,False,False
1328,22.131121440972223,784.0,628.0,677.0,842.0,-0.41588035496781706,-0.4636476090008061,-23.828189122058458,-26.56505117707799,False,False
1329,22.14778644205729,782.0,626.0,673.0,840.0,-0.42351373073500326,-0.47109626081304934,-24.26554933695566,-26.991827488982,False,False
1330,22.16445144314236,780.0,626.0,671.0,839.0,-0.4287780274460164,-0.472993131308296,-24.567171320601314,-27.100510162642525,False,False
1331,22.18111644422743,780.0,626.0,671.0,839.0,-0.4287780274460164,-0.472993131308296,-24.567171320601314,-27.100510162642525,False,False
1332,22.1977814453125,781.0,626.0,675.0,841.0,-0.4261490242638669,-0.4580506525194391,-24.416540533937688,-26.24436919257727,False,False
1333,22.21444644639757,784.0,628.0,679.0,842.0,-0.41588035496781706,-0.45614305945352746,-23.828189122058458,-26.13507216087211,False,False
1334,22.23111144748264,788.0,629.0,686.0,846.0,-0.4041324849883329,-0.43939863167953086,-23.155085753965572,-25.17568711906047,False,False
1335,22.24777644856771,794.0,631.0,696.0,849.0,-0.38588266939807375,-0.4224723923857155,-22.109448343751673,-24.205885044496355,False,False
1336,22.26444144965278,801.0,634.0,708.0,854.0,-0.3638502066712928,-0.39994405315716103,-20.847081217227828,-22.915106287261175,False,False
1337,22.28110645073785,809.0,636.0,723.0,859.0,-0.34009711950976246,-0.36807500509724905,-19.486129572465757,-21.089144336328633,False,False
1338,22.29777145182292,818.0,639.0,739.0,864.0,-0.3125764998515322,-0.33766433024524956,-17.9093142164644,-19.346741015164433,False,False
1339,22.314436452907987,829.0,642.0,756.0,869.0,-0.27949630781565443,-0.31114087293310727,-16.013958827326324,-17.827058853083276,False,False
1340,22.331101453993057,840.0,644.0,776.0,874.0,-0.24709730402471683,-0.27139528080163583,-14.157632649677245,-15.54980416970159,False,False
1341,22.347766455078126,852.0,646.0,797.0,879.0,-0.21170482927371934,-0.23180819876373931,-12.129793219921758,-13.28163144569197,False,False
1342,22.3644314561632,864.0,648.0,819.0,883.0,-0.17619529818585106,-0.18919902209996817,-10.095246956098316,-10.840305454330565,False,False
1343,22.381096457248265,877.0,650.0,843.0,886.0,-0.13776484671871136,-0.1430832936681563,-7.893344282248869,-8.198068846016293,False,False
1344,22.39776145833333,890.0,651.0,867.0,889.0,-0.09966865249116202,-0.09633949292208074,-5.710593137499642,-5.519846344865694,False,False
1345,22.414426459418404,903.0,652.0,893.0,890.0,-0.06150590172299818,-0.041992107221369514,-3.524028583874214,-2.4059705166453,False,False
1346,22.431091460503477,916.0,652.0,918.0,890.0,-0.023456107846124143,0.008403163547646988,-1.3439359833866091,0.48146580583835247,False,False
1347,22.447756461588543,928.0,652.0,943.0,890.0,0.011729667306521543,0.0629419593073733,0.6720604317562685,3.6063086225966603,False,False
1348,22.464421462673613,940.0,651.0,967.0,887.0,0.04702413184274622,0.11391151001120803,2.6942842898561006,6.526648761604445,False,False
1349,22.48108646375868,951.0,650.0,991.0,885.0,0.07947824460820657,0.16859693960942962,4.553767979158628,9.659893078442336,False,False
1350,22.497751464843752,961.0,649.0,1014.0,881.0,0.1090333187364482,0.22459412721667524,6.247148989903164,12.868295592939786,False,False
1351,22.51441646592882,970.0,647.0,1035.0,876.0,0.13605892243487083,0.27656855859928864,7.795602020615929,15.84621115375583,False,False
1352,22.53108146701389,978.0,646.0,1054.0,872.0,0.15981927050715744,0.3244030680696465,9.156969684919753,18.586926661485904,False,False
1353,22.54774646809896,986.0,645.0,1072.0,866.0,0.18353963370275234,0.3711096294205465,10.516046384544792,21.26301550246132,False,False
1354,22.56441146918403,991.0,643.0,1087.0,861.0,0.19913267448938982,0.41481428312106017,11.409461811394472,23.76710770458157,False,False
1355,22.5810764702691,997.0,642.0,1100.0,857.0,0.2170689472392732,0.4467636600691884,12.437134540158297,25.59767216178188,False,False
1356,22.59774147135417,1000.0,642.0,1110.0,853.0,0.22569533934268585,0.48056328863045333,12.931390400108823,27.534248227452196,False,False
1357,22.61440647243924,1003.0,641.0,1117.0,849.0,0.23497184919260408,0.5013655614676703,13.462895263120673,28.72613066530436,False,False
1358,22.631071473524308,1004.0,640.0,1122.0,847.0,0.23853176104089352,0.5181049902083273,13.666863187466275,29.685229283604,False,False
1359,22.64773647460937,1004.0,640.0,1125.0,845.0,0.23853176104089352,0.5332150139708782,13.666863187466275,30.55096987354055,False,False
1360,22.664401475694444,1003.0,640.0,1124.0,845.0,0.23565993646239627,0.5332150139708782,13.502319759616446,30.55096987354055,False,False
1361,22.681066476779517,1001.0,641.0,1120.0,846.0,0.22923193327699534,0.5259487304013317,13.134022306396323,30.13464249226028,False,False
1362,22.697731477864583,998.0,642.0,1114.0,849.0,0.2199481265001851,0.5107824828143067,12.602099360270145,29.265680514473278,False,False
1363,22.71439647894965,993.0,643.0,1105.0,852.0,0.20491421516218464,0.49194194284930987,11.740719691028842,28.186197090731405,False,False
1364,22.73106148003472,988.0,644.0,1095.0,856.0,0.18987690453757688,0.4674140695328358,10.879145257011585,26.780853469265892,False,False
1365,22.74772648111979,981.0,646.0,1083.0,861.0,0.16853521502460583,0.4429738631207448,9.656356520239735,25.380532791424503,False,False
1366,22.76439148220486,973.0,647.0,1067.0,865.0,0.14481249823893905,0.40710417205598876,8.297144969836873,23.32535088097586,False,False
1367,22.78105648328993,965.0,648.0,1049.0,871.0,0.12106673456794684,0.3602441466108803,6.936612930173944,20.6404691950955,False,False
1368,22.797721484375,955.0,650.0,1030.0,876.0,0.09119180204419663,0.3204225339290187,5.22490538332494,18.358858855020195,False,False
1369,22.81438648546007,945.0,651.0,1008.0,879.0,0.061686343545736294,0.2695890779209262,3.5343671387647557,15.446316367692557,False,False
1370,22.83105148654514,935.0,652.0,986.0,883.0,0.03224688243525392,0.2172934309230211,1.8476102659945959,12.449996507806603,False,False
1371,22.84771648763021,923.0,652.0,963.0,887.0,-0.002932542913183902,0.16859693960942962,-0.16802233216643697,9.659893078442336,False,False
1372,22.86438148871528,912.0,652.0,938.0,888.0,-0.035176100174711365,0.10972698888407616,-2.015442079740359,6.286893361736462,False,False
1373,22.881046489800347,900.0,652.0,913.0,890.0,-0.0702653642871569,0.05456762350389413,-4.025908819603351,3.126494524832007,False,False
1374,22.897711490885417,888.0,651.0,889.0,890.0,-0.10548930852509064,0.004184076002074724,-6.044092162241109,0.23972989608085238,False,False
1375,22.914376491970486,877.0,650.0,863.0,888.0,-0.13776484671871136,-0.058755822715722696,-7.893344282248869,-3.3664606634298013,False,False
1376,22.93104149305556,866.0,649.0,839.0,886.0,-0.16994250454659587,-0.11343499180721633,-9.736988270402748,-6.499346279654567,False,False
1377,22.947706494140625,855.0,647.0,817.0,883.0,-0.20254131203030573,-0.15964666966066154,-11.604762356378805,-9.147080384875153,False,False
1378,22.96437149522569,845.0,645.0,795.0,879.0,-0.2322585011661532,-0.21050956212735614,-13.307431872854888,-12.061309457044501,False,False
1379,22.981036496310765,835.0,643.0,775.0,874.0,-0.26191423507277006,-0.2541247495556341,-15.006580264067047,-14.560275619356876,False,False
1380,22.997701497395838,825.0,641.0,756.0,870.0,-0.2914567944778671,-0.2926582356298651,-16.69924423399362,-16.768081741336445,False,False
1381,23.014366498480904,818.0,639.0,740.0,865.0,-0.3125764998515322,-0.3323321700177181,-17.9093142164644,-19.041230738439364,False,False
1382,23.031031499565973,810.0,637.0,726.0,861.0,-0.3364015206780356,-0.35877067027057225,-19.274387356634332,-20.556045219583467,False,False
1383,23.047696500651043,804.0,635.0,715.0,857.0,-0.35470565201094034,-0.3812827744718905,-20.323136829662943,-21.845893778277734,False,False
1384,23.064361501736112,799.0,633.0,705.0,853.0,-0.3702916786311868,-0.4037940918851321,-21.216150374381616,-23.13569725733583,False,False
1385,23.08102650282118,795.0,632.0,698.0,851.0,-0.3821166816786122,-0.41695260495747566,-21.893673141728428,-23.88962452104884,False,False
1386,23.09769150390625,792.0,631.0,693.0,849.0,-0.39123557912717416,-0.42628183119802276,-22.416147479343643,-24.42414981075489,False,False
1387,23.11435650499132,791.0,630.0,691.0,847.0,-0.39501368813588167,-0.4318231512583066,-22.63261718008294,-24.741644063140335,False,False
1388,23.13102150607639,790.0,630.0,691.0,848.0,-0.39768128506290173,-0.42628183119802276,-22.785459225443255,-24.42414981075489,False,False
1389,23.14768650716146,791.0,630.0,694.0,849.0,-0.39501368813588167,-0.41695260495747566,-22.63261718008294,-23.88962452104884,False,False
1390,23.16435150824653,794.0,631.0,698.0,851.0,-0.38588266939807375,-0.41145624341370224,-22.109448343751673,-23.574706201912615,False,False
1391,23.1810165093316,797.0,633.0,704.0,853.0,-0.37567808845207673,-0.39994405315716103,-21.524768923846427,-22.915106287261175,False,False
1392,23.19768151041667,802.0,634.0,713.0,856.0,-0.3611435471729645,-0.3812827744718905,-20.69200105139462,-21.845893778277734,False,False
1393,23.214346511501734,809.0,636.0,723.0,859.0,-0.34009711950976246,-0.36807500509724905,-19.486129572465757,-21.089144336328633,False,False
1394,23.231011512586807,816.0,638.0,736.0,864.0,-0.3189957404287853,-0.34021811164468324,-18.277109609220123,-19.493061911150996,False,False
1395,23.24767651367188,824.0,640.0,751.0,868.0,-0.2950779485664475,-0.30986207885047,-16.906721080235823,-17.75378934928186,False,False
1396,23.264341514756943,833.0,643.0,766.0,872.0,-0.2675259338121643,-0.2846323319793205,-15.32810691773322,-16.308231335381596,False,False
1397,23.281006515842016,843.0,645.0,783.0,876.0,-0.23792161726015448,-0.2541247495556341,-13.631904523933773,-14.560275619356876,False,False
1398,23.297671516927085,854.0,647.0,803.0,880.0,-0.20539538918976738,-0.21548569150556338,-11.768288932020644,-12.346420668726836,False,False
1399,23.314336518012155,865.0,649.0,823.0,883.0,-0.17281503416720656,-0.1775961672834879,-9.901572094190055,-10.175510843043208,False,False
1400,23.331001519097224,877.0,650.0,844.0,886.0,-0.13776484671871136,-0.13892970426308895,-7.893344282248869,-7.960085703275678,False,False
1401,23.34766652018229,888.0,651.0,866.0,888.0,-0.10548930852509064,-0.09256174873423176,-6.044092162241109,-5.30339754682187,False,False
1402,23.364331521267363,900.0,651.0,888.0,889.0,-0.07047134457879563,-0.050377507181057816,-4.037710620977124,-2.88641854386461,False,False
1403,23.380996522352437,912.0,652.0,910.0,890.0,-0.035176100174711365,-0.008403163547646988,-2.015442079740359,-0.48146580583835247,False,False
1404,23.397661523437502,923.0,652.0,933.0,890.0,-0.002932542913183902,0.041992107221369514,-0.16802233216643697,2.4059705166453,False,False
1405,23.41432652452257,934.0,651.0,956.0,888.0,0.029403288204005115,0.09256174873423176,1.6846843178962914,5.30339754682187,False,False
1406,23.43099152560764,944.0,650.0,977.0,886.0,0.058928743343430255,0.13892970426308895,3.3763682855881973,7.960085703275678,False,False
1407,23.447656526692708,953.0,649.0,998.0,883.0,0.08558920741468638,0.18998828791871572,4.9039003567313415,10.885527054658738,False,False
1408,23.464321527777777,961.0,648.0,1018.0,879.0,0.1093542903151026,0.24192056868440487,6.265539306703713,13.86102756302115,False,False
1409,23.480986528862847,969.0,648.0,1035.0,876.0,0.13274589575389611,0.28177186727335213,7.605779574381843,16.14433878028348,False,False
1410,23.49765152994792,976.0,646.0,1052.0,872.0,0.15399492076547416,0.3244030680696465,8.82325902631319,18.586926661485904,False,False
1411,23.514316531032986,981.0,645.0,1066.0,867.0,0.16903026878869545,0.365663717176949,9.684721011554135,20.950987715304564,False,False
1412,23.53098153211805,986.0,644.0,1078.0,864.0,0.18407845484887617,0.39608144156430747,10.546918562130088,22.69379494509236,False,False
1413,23.547646533203125,990.0,643.0,1088.0,861.0,0.19623681181693256,0.4224723923857155,11.243541102213195,24.205885044496355,False,False
1414,23.564311534288198,992.0,643.0,1095.0,857.0,0.20202515640359237,0.44858283537036436,11.5751888173962,25.701903228733702,False,False
1415,23.580976535373264,993.0,643.0,1100.0,855.0,0.20491421516218464,0.4674140695328358,11.740719691028842,26.780853469265892,False,False
1416,23.597641536458333,994.0,643.0,1103.0,854.0,0.20779980869667178,0.476829519638931,11.906052021945193,27.320319022561147,False,False
1417,23.614306537543403,993.0,642.0,1102.0,853.0,0.205516031003635,0.476829519638931,11.77520119878806,27.320319022561147,False,False
1418,23.630971538628472,991.0,643.0,1099.0,855.0,0.19913267448938982,0.47116626431311,11.409461811394472,26.99583839408662,False,False
1419,23.64763653971354,988.0,644.0,1093.0,857.0,0.18987690453757688,0.45799795159722173,10.879145257011585,26.241349652157766,False,False
1420,23.66430154079861,984.0,644.0,1086.0,859.0,0.17826745829923377,0.4429738631207448,10.213972985070495,25.380532791424503,False,False
1421,23.68096654188368,979.0,645.0,1076.0,862.0,0.16320598923203875,0.4203601657163518,9.35101437425338,24.08486337096684,False,False
1422,23.69763154296875,973.0,646.0,1065.0,866.0,0.14523872971772464,0.39608144156430747,8.321566234666909,22.69379494509236,False,False
1423,23.71429654405382,967.0,647.0,1050.0,869.0,0.12728431608375196,0.35778301627072384,7.29285410980813,20.499456813772937,False,False
1424,23.73096154513889,959.0,648.0,1035.0,874.0,0.10348654877187663,0.3244030680696465,5.9293424810032835,18.586926661485904,False,False
1425,23.74762654622396,950.0,650.0,1019.0,877.0,0.07654631040286224,0.2950902060220442,4.385780523382355,16.907423380709083,False,False
1426,23.76429154730903,941.0,650.0,999.0,880.0,0.050105519451939064,0.24702365005121815,2.870834794906758,14.153412587851403,False,False
1427,23.780956548394094,931.0,651.0,979.0,884.0,0.0205853270846662,0.20316631194892554,1.1794523618477164,11.64057221391174,False,False
1428,23.797621549479167,921.0,651.0,960.0,886.0,-0.008823300438133315,0.1644585463992785,-0.505537876480969,9.42278061353508,False,False
1429,23.81428655056424,911.0,651.0,937.0,888.0,-0.03821667790484597,0.1092676898773683,-2.18965435095854,6.260577467117551,False,False
1430,23.830951551649303,900.0,651.0,915.0,889.0,-0.07047134457879563,0.0629419593073733,-4.037710620977124,3.6063086225966603,False,False
1431,23.847616552734376,889.0,651.0,893.0,889.0,-0.10257985241829468,0.016805140515041995,-5.877392606643136,0.9628636256362129,False,False
1432,23.864281553819445,879.0,650.0,870.0,888.0,-0.13197182221668635,-0.03779711649456458,-7.561428427666961,-2.1656152529028594,False,False
1433,23.880946554904515,869.0,649.0,849.0,886.0,-0.1613080817995706,-0.08418871753885106,-9.242272288466445,-4.823658197595177,False,False
1434,23.897611555989585,859.0,647.0,829.0,884.0,-0.19109191841645315,-0.12591262568579822,-10.948760424321016,-7.214262039206761,False,False
1435,23.91427655707465,850.0,645.0,808.0,880.0,-0.2180348305499306,-0.1768561314739792,-12.49247557736109,-10.133109914469811,False,False
1436,23.930941558159724,841.0,644.0,790.0,877.0,-0.24427194946360012,-0.21548569150556338,-13.99575175769722,-12.346420668726836,False,False
1437,23.947606559244797,833.0,642.0,774.0,874.0,-0.26829599111808605,-0.2490313258433882,-15.372227951345751,-14.268443937373329,False,False
1438,23.964271560329863,825.0,640.0,758.0,870.0,-0.2922931477816065,-0.28346016365386906,-16.74716374847971,-16.24107103745431,False,False
1439,23.98093656141493,818.0,639.0,745.0,866.0,-0.3125764998515322,-0.31114087293310727,-17.9093142164644,-17.827058853083276,False,False
1440,23.9976015625,813.0,637.0,735.0,863.0,-0.3281783813879139,-0.3323321700177181,-18.803236180962152,-19.041230738439364,False,False
1441,24.01426656358507,809.0,636.0,725.0,859.0,-0.34009711950976246,-0.3602441466108803,-19.486129572465757,-20.6404691950955,False,False
1442,24.03093156467014,805.0,634.0,718.0,857.0,-0.35299038782691045,-0.3719728371687995,-20.224859431168078,-21.312473663279206,False,False
1443,24.04759656575521,803.0,634.0,715.0,856.0,-0.35843134215329403,-0.3773959672364249,-20.536603150593304,-21.62319612790464,False,False
1444,24.06426156684028,801.0,633.0,711.0,854.0,-0.36488264849188806,-0.3867319776141511,-20.90623577614074,-22.158110120038693,False,False
1445,24.08092656792535,801.0,633.0,711.0,855.0,-0.36488264849188806,-0.3851575063634742,-20.90623577614074,-22.06789956241022,False,False
1446,24.09759156901042,801.0,633.0,713.0,856.0,-0.36488264849188806,-0.3758588505430919,-20.90623577614074,-21.535125828757558,False,False
1447,24.11425657009549,804.0,634.0,717.0,857.0,-0.3557136145765457,-0.3719728371687995,-20.38088883057931,-21.312473663279206,False,False
1448,24.13092157118056,807.0,635.0,723.0,859.0,-0.34653886443394183,-0.35877067027057225,-19.855214369321057,-20.556045219583467,False,False
1449,24.147586572265627,811.0,636.0,731.0,861.0,-0.33461749133337365,-0.34161549064780716,-19.172170004657712,-19.573125830410195,False,False
1450,24.164251573350697,817.0,638.0,740.0,864.0,-0.31623590441764593,-0.32837297413931005,-18.118982653633616,-18.81438552434099,False,False
1451,24.180916574435766,823.0,640.0,751.0,867.0,-0.2978580429749292,-0.30714335966663053,-17.06600875648974,-17.598018214366604,False,False
1452,24.19758157552084,831.0,641.0,764.0,871.0,-0.27469390540110933,-0.28346016365386906,-15.738801437449453,-16.24107103745431,False,False
1453,24.214246576605905,839.0,643.0,778.0,874.0,-0.2506403153007281,-0.2581758664478214,-14.360632242559952,-14.792387519593365,False,False
1454,24.23091157769097,848.0,645.0,794.0,878.0,-0.2237354003066978,-0.22773899193233446,-12.819094165243769,-13.04848306828667,False,False
1455,24.24757657877604,857.0,647.0,811.0,881.0,-0.19682315006694867,-0.19410609803032688,-11.277135809306206,-11.121460194890352,False,False
1456,24.26424157986111,868.0,648.0,828.0,883.0,-0.16466744549797369,-0.16859693960942962,-9.434749650234401,-9.659893078442336,False,False
1457,24.28090658094618,878.0,649.0,847.0,886.0,-0.13526365272942542,-0.130063287501013,-7.750036422919295,-7.4520774434046775,False,False
1458,24.29757158203125,888.0,650.0,867.0,888.0,-0.1057981729237937,-0.08800737352774077,-6.061788788728641,-5.042451069170913,False,False
1459,24.31423658311632,899.0,651.0,886.0,888.0,-0.07339732590161163,-0.054797406973115484,-4.205357001708586,-3.1396601478202646,False,False
1460,24.33090158420139,909.0,651.0,907.0,889.0,-0.04408905739807184,-0.008403163547646988,-2.526116911619555,-0.48146580583835247,False,False
1461,24.347566585286454,919.0,651.0,927.0,889.0,-0.014704822377851432,0.033600794415993215,-0.8425242607404145,1.9251837083231549,False,False
1462,24.364231586371528,929.0,650.0,947.0,888.0,0.01474819315459485,0.07548654493392346,0.8450092232020165,4.32506043473846,False,False
1463,24.3808965874566,938.0,650.0,966.0,886.0,0.041274480955704525,0.11809202841909398,2.3648535603549616,6.766174822553061,False,False
1464,24.397561588541667,946.0,649.0,986.0,884.0,0.06499707315960288,0.16859693960942962,3.7240579727482874,9.659893078442336,False,False
1465,24.414226589626736,954.0,648.0,1003.0,881.0,0.08878672910254286,0.20727991668300638,5.087104854347065,11.876264403759608,False,False
1466,24.43089159071181,961.0,648.0,1018.0,878.0,0.1093542903151026,0.2429315830794659,6.265539306703713,13.91895442088512,False,False
1467,24.447556591796875,967.0,646.0,1034.0,876.0,0.1276601606237382,0.28346016365386906,7.3143884157023775,16.24107103745431,False,False
1468,24.464221592881945,971.0,646.0,1046.0,871.0,0.1393886986608965,0.3217505543966422,7.9863841450902,18.43494882292201,False,False
1469,24.48088659396701,976.0,645.0,1057.0,868.0,0.15444869667373157,0.34841090277124015,8.849258470701056,19.96247426513494,False,False
1470,24.497551595052084,979.0,644.0,1067.0,866.0,0.16368740227352863,0.3773959672364249,9.378597309733307,21.62319612790464,False,False
1471,24.514216596137157,981.0,644.0,1073.0,863.0,0.1695282114579218,0.3977056192195359,9.713251024940284,22.786853469916405,False,False
1472,24.530881597222223,982.0,644.0,1077.0,861.0,0.17244426781874111,0.4126521626465833,9.880328747237508,23.64322732659522,False,False
1473,24.54754659830729,982.0,644.0,1080.0,861.0,0.17244426781874111,0.4241944079037666,9.880328747237508,24.304549265936718,False,False
1474,24.56421159939236,982.0,644.0,1079.0,860.0,0.17244426781874111,0.42208365861726244,9.880328747237508,24.18361224020978,False,False
1475,24.58087660047743,980.0,644.0,1077.0,861.0,0.1666092411277492,0.4203601657163518,9.546006344497485,24.08486337096684,False,False
1476,24.5975416015625,978.0,645.0,1073.0,863.0,0.16028962916452488,0.4109657038594954,9.183919250844347,23.546600355772334,False,False
1477,24.61420660264757,974.0,645.0,1065.0,865.0,0.14859712184919924,0.39220631123986943,8.513987929750348,22.4717663324389,False,False
1478,24.63087160373264,970.0,646.0,1056.0,867.0,0.1364600525539261,0.3711096294205465,7.818585083473376,21.26301550246132,False,False
1479,24.64753660481771,964.0,647.0,1046.0,870.0,0.11848995915813777,0.3523668169245701,6.788974574438791,20.189131450236815,False,False
1480,24.66420160590278,958.0,648.0,1034.0,873.0,0.10054996836169149,0.3257452069169275,5.761088817298878,18.663825552955657,False,False
1481,24.68086660698785,951.0,648.0,1020.0,876.0,0.07994792414782684,0.29386933503246765,4.580678634502516,16.837472625676384,False,False
1482,24.69753160807292,944.0,649.0,1005.0,880.0,0.05910268361058771,0.2581758664478214,3.386334328783698,14.792387519593365,False,False
1483,24.714196609157987,935.0,650.0,989.0,882.0,0.03243699650140453,0.22868682567222423,1.8585029996110967,13.102789941262454,False,False
1484,24.730861610243057,927.0,650.0,971.0,884.0,0.008849326516257727,0.18586394582193286,0.5070290609147756,10.649219659244944,False,False
1485,24.747526611328126,917.0,650.0,952.0,886.0,-0.020646033534218285,0.14723191804075808,-1.1829305851962746,8.435767513351482,False,False
1486,24.7641916124132,908.0,650.0,933.0,887.0,-0.047162640793001434,0.10509657413192951,-2.702220268130512,6.021590139043345,False,False
1487,24.780856613498266,898.0,650.0,914.0,888.0,-0.07654631040286224,0.0671258882021007,-4.385780523382355,3.846030090047376,False,False
1488,24.79752161458333,889.0,650.0,895.0,888.0,-0.10288032028065225,0.025204745326941735,-5.894608147035543,1.4441255309358456,False,False
1489,24.814186615668405,880.0,649.0,875.0,887.0,-0.12944956473530286,-0.021005313472176913,-7.41691371913839,-1.203515809305026,False,False
1490,24.830851616753478,871.0,648.0,856.0,886.0,-0.15599230680454423,-0.0629419593073733,-8.937700816410258,-3.6063086225966603,False,False
1491,24.847516617838544,862.0,647.0,838.0,884.0,-0.18247129485979577,-0.10092178466729385,-10.45483507775349,-5.78239232236404,False,False
1492,24.864181618923613,854.0,645.0,820.0,882.0,-0.2065907029881676,-0.14248772198969495,-11.836775367862728,-8.163945102442934,False,False
1493,24.880846620008683,845.0,644.0,804.0,879.0,-0.23293105327267816,-0.17272951082565158,-13.3459662700614,-9.896671967669098,False,False
1494,24.897511621093752,838.0,642.0,789.0,876.0,-0.25419826004912466,-0.20641910492155582,-14.564487460383809,-11.826943522873268,False,False
1495,24.91417662217882,832.0,641.0,775.0,873.0,-0.2718843500637625,-0.2409177717439294,-15.577825774311025,-13.803571530623273,False,False
1496,24.93084162326389,826.0,640.0,763.0,870.0,-0.28950367196138826,-0.26735539552188037,-16.587338556927413,-15.318335793454574,False,False
1497,24.94750662434896,821.0,638.0,754.0,867.0,-0.30514691428187385,-0.2846323319793205,-17.483630319791676,-16.308231335381596,False,False
1498,24.96417162543403,817.0,637.0,745.0,865.0,-0.3171422920865217,-0.30587887140485215,-18.170914841662903,-17.52556837372287,False,False
1499,24.9808366265191,814.0,636.0,738.0,863.0,-0.32635881670676264,-0.3230715575912482,-18.69898280418112,-18.510636730696238,False,False
1500,24.99750162760417,813.0,636.0,735.0,862.0,-0.3291169036580351,-0.3323321700177181,-18.857009546019135,-19.041230738439364,False,False
1501,25.01416662868924,811.0,635.0,732.0,860.0,-0.33557455851864815,-0.33766433024524956,-19.227005915084405,-19.346741015164433,False,False
1502,25.03083162977431,811.0,635.0,731.0,860.0,-0.33557455851864815,-0.34161549064780716,-19.227005915084405,-19.573125830410195,False,False
1503,25.04749663085937,811.0,636.0,734.0,862.0,-0.33461749133337365,-0.32837297413931005,-19.172170004657712,-18.81438552434099,False,False
1504,25.064161631944444,813.0,636.0,737.0,862.0,-0.3291169036580351,-0.3244030680696465,-18.857009546019135,-18.586926661485904,False,False
1505,25.080826633029517,817.0,637.0,742.0,864.0,-0.3171422920865217,-0.31910505792279287,-18.170914841662903,-18.283373040253704,False,False
1506,25.097491634114583,820.0,638.0,750.0,866.0,-0.3079265502746362,-0.29788240885294875,-17.642891730759615,-17.067404818464393,False,False
1507,25.11415663519965,825.0,639.0,757.0,868.0,-0.2931341761867796,-0.28865006568130397,-16.795351126546752,-16.538430519712723,False,False
1508,25.13082163628472,831.0,641.0,767.0,871.0,-0.27469390540110933,-0.27139528080163583,-15.738801437449453,-15.54980416970159,False,False
1509,25.14748663736979,838.0,642.0,779.0,874.0,-0.25419826004912466,-0.2490313258433882,-14.564487460383809,-14.268443937373329,False,False
1510,25.16415163845486,845.0,644.0,791.0,876.0,-0.23293105327267816,-0.22868682567222423,-13.3459662700614,-13.102789941262454,False,False
1511,25.18081663953993,853.0,645.0,806.0,879.0,-0.20945700823607438,-0.1982172523518861,-12.001002561363986,-11.357011986442664,False,False
1512,25.197481640625,861.0,646.0,821.0,881.0,-0.1858885878958048,-0.16859693960942962,-10.650631546076257,-9.659893078442336,False,False
1513,25.21414664171007,871.0,648.0,836.0,883.0,-0.15599230680454423,-0.14784936525875556,-8.937700816410258,-8.471144633014832,False,False
1514,25.23081164279514,880.0,649.0,853.0,885.0,-0.12944956473530286,-0.11391151001120803,-7.41691371913839,-6.526648761604445,False,False
1515,25.24747664388021,889.0,649.0,870.0,887.0,-0.10318254725254819,-0.07966298504578714,-5.911924476980199,-4.5643528265373945,False,False
1516,25.26414164496528,898.0,650.0,888.0,888.0,-0.07654631040286224,-0.041992107221369514,-4.385780523382355,-2.4059705166453,False,False
1517,25.280806646050348,907.0,650.0,905.0,888.0,-0.050105519451939064,-0.008403163547646988,-2.870834794906758,-0.48146580583835247,False,False
1518,25.297471647135417,916.0,650.0,923.0,888.0,-0.023594440760694415,0.029403288204005115,-1.3518618755592295,1.6846843178962914,False,False
1519,25.314136648220487,925.0,650.0,941.0,887.0,0.0029498439512444597,0.0674082643902822,0.16901360862850212,3.862209053865168,False,False
1520,25.33080164930556,933.0,649.0,957.0,886.0,0.026620928633211874,0.10092178466729385,1.5252668574020074,5.78239232236404,False,False
1521,25.347466650390626,940.0,648.0,974.0,884.0,0.04744211920911726,0.1430832936681563,2.71823320183895,8.198068846016293,False,False
1522,25.36413165147569,947.0,648.0,989.0,882.0,0.06814358586748447,0.1775961672834879,3.9043398710941823,10.175510843043208,False,False
1523,25.380796652560765,953.0,648.0,1003.0,880.0,0.08584193732817054,0.212270495716091,4.918380714130691,12.162203519681835,False,False
1524,25.397461653645838,958.0,647.0,1017.0,877.0,0.10084720232852999,0.25110728915311337,5.778119069126657,14.387387873444592,False,False
1525,25.414126654730904,963.0,646.0,1028.0,875.0,0.11589620402132372,0.27656855859928864,6.640363352008969,15.84621115375583,False,False
1526,25.430791655815973,966.0,646.0,1037.0,872.0,0.12472237145896253,0.30439582164468676,7.146065495461469,17.440595881657504,False,False
1527,25.447456656901043,969.0,645.0,1046.0,870.0,0.133924080454372,0.32972910849878123,7.673284585205996,18.89208629959137,False,False
1528,25.464121657986112,970.0,645.0,1051.0,868.0,0.13686354006777363,0.34841090277124015,7.841703215103066,19.96247426513494,False,False
1529,25.480786659071185,972.0,645.0,1055.0,867.0,0.14273527737515654,0.35778301627072384,8.178128981225617,20.499456813772937,False,False
1530,25.49745166015625,972.0,645.0,1057.0,866.0,0.14273527737515654,0.3671738338182192,8.178128981225617,21.037511025421818,False,False
1531,25.51411666124132,971.0,645.0,1057.0,866.0,0.1398006216167653,0.3711096294205465,8.009985591946034,21.26301550246132,False,False
1532,25.53078166232639,970.0,645.0,1054.0,867.0,0.13686354006777363,0.36172924151993224,7.841703215103066,20.72555886556054,False,False
1533,25.54744666341146,968.0,645.0,1050.0,868.0,0.13098229074444148,0.3523668169245701,7.504732450611963,20.189131450236815,False,False
1534,25.56411166449653,964.0,646.0,1043.0,870.0,0.1188403445677652,0.33905907872732344,6.809050179613405,19.426654216669544,False,False
1535,25.5807766655816,960.0,646.0,1035.0,872.0,0.10705186150875037,0.3204225339290187,6.133619853470385,18.358858855020195,False,False
1536,25.59744166666667,955.0,647.0,1026.0,874.0,0.0920014479735805,0.303135683518947,5.271294677978583,17.36839528544909,False,False
1537,25.614106667751734,950.0,647.0,1015.0,876.0,0.07722705737398436,0.27656855859928864,4.4247844517439665,15.84621115375583,False,False
1538,25.630771668836807,944.0,648.0,1003.0,878.0,0.059277652551814816,0.25110728915311337,3.3963593106618832,14.387387873444592,False,False
1539,25.64743666992188,937.0,649.0,989.0,881.0,0.03844259002118798,0.2204937613666717,2.2025981617658053,12.633361935275012,False,False
1540,25.664101671006947,929.0,649.0,976.0,882.0,0.01479182050717216,0.19904572336856055,0.8475088863760256,11.404479879147022,False,False
1541,25.680766672092016,922.0,649.0,960.0,884.0,-0.005917090706027325,0.1603144609293133,-0.3390243244514502,9.185342006164586,False,False
1542,25.69743167317709,913.0,650.0,945.0,886.0,-0.03243699650140453,0.1347712844777311,-1.8585029996110967,7.721825800130975,False,False
1543,25.714096674262155,905.0,649.0,928.0,886.0,-0.0561539205213585,0.09674346233893974,-3.2173826489869053,5.542992087504075,False,False
1544,25.730761675347225,896.0,649.0,911.0,887.0,-0.08265151596284895,0.0629419593073733,-4.735583035029397,3.6063086225966603,False,False
1545,25.74742667643229,888.0,649.0,896.0,887.0,-0.10610884448217232,0.033600794415993215,-6.079588957838487,1.9251837083231549,False,False
1546,25.764091677517364,880.0,648.0,878.0,886.0,-0.1298293924133821,-0.008403163547646988,-7.4386762420345836,-0.48146580583835247,False,False
1547,25.780756678602437,871.0,647.0,861.0,885.0,-0.1564490418922685,-0.041992107221369514,-8.963869809292396,-2.4059705166453,False,False
1548,25.797421679687503,864.0,646.0,846.0,884.0,-0.17722538494971946,-0.07548654493392346,-10.154266580200265,-4.32506043473846,False,False
1549,25.81408668077257,857.0,645.0,831.0,882.0,-0.1979712650251952,-0.1092676898773683,-11.34291795080957,-6.260577467117551,False,False
1550,25.83075168185764,850.0,644.0,816.0,880.0,-0.21866894587394195,-0.1430832936681563,-12.528807709151511,-8.198068846016293,False,False
1551,25.847416682942708,844.0,643.0,803.0,878.0,-0.23645614219991717,-0.17272951082565158,-13.547938988000494,-9.896671967669098,False,False
1552,25.864081684027777,838.0,642.0,791.0,875.0,-0.25419826004912466,-0.19904572336856055,-14.564487460383809,-11.404479879147022,False,False
1553,25.880746685112847,833.0,640.0,780.0,873.0,-0.26984915593846925,-0.22366209548092808,-15.461217740441903,-12.814894108109222,False,False
1554,25.89741168619792,830.0,640.0,771.0,871.0,-0.27829965900511133,-0.2500650892513549,-15.945395900922854,-14.327674217664883,False,False
1555,25.914076687282986,826.0,639.0,763.0,869.0,-0.2903376007649757,-0.26735539552188037,-16.635119157787372,-15.318335793454574,False,False
1556,25.93074168836805,824.0,638.0,758.0,868.0,-0.29677887308039663,-0.2794477641263722,-17.004176876155448,-16.011177478808456,False,False
1557,25.947406689453125,822.0,638.0,754.0,867.0,-0.3023624023828033,-0.28865006568130397,-17.324089539970977,-16.538430519712723,False,False
1558,25.964071690538194,822.0,637.0,752.0,866.0,-0.30323415232863316,-0.29665674760929417,-17.374037132657783,-16.99717960209023,False,False
1559,25.980736691623264,822.0,638.0,752.0,866.0,-0.3023624023828033,-0.29788240885294875,-17.324089539970977,-17.067404818464393,False,False
1560,25.997401692708333,822.0,638.0,754.0,866.0,-0.3023624023828033,-0.28984648991161976,-17.324089539970977,-16.606980578617005,False,False
1561,26.014066693793403,824.0,639.0,756.0,867.0,-0.2959260384642084,-0.28984648991161976,-16.955313052025204,-16.606980578617005,False,False
1562,26.030731694878472,827.0,639.0,761.0,868.0,-0.28753634410721984,-0.28060513042474605,-16.474618973965036,-16.07748968305596,False,False
1563,26.047396695963545,831.0,640.0,769.0,871.0,-0.2754872919722853,-0.26221833432139385,-15.784259139500191,-15.02400386756629,False,False
1564,26.06406169704861,835.0,641.0,776.0,872.0,-0.2634293725315244,-0.2500650892513549,-15.093391245835846,-14.327674217664883,False,False
1565,26.08072669813368,840.0,642.0,784.0,874.0,-0.24852978456332953,-0.23684876094692026,-14.23970773877438,-13.570434385161485,False,False
1566,26.09739169921875,846.0,643.0,796.0,876.0,-0.23075487137238676,-0.21138641644999373,-13.221280231721943,-12.111549508979438,False,False
1567,26.11405670030382,852.0,644.0,806.0,878.0,-0.21293834957939714,-0.19410609803032688,-12.200468727380784,-11.121460194890352,False,False
1568,26.13072170138889,859.0,645.0,818.0,880.0,-0.1922082864917018,-0.17272951082565158,-11.012723603415905,-9.896671967669098,False,False
1569,26.14738670247396,867.0,646.0,833.0,882.0,-0.16853521502460583,-0.1430832936681563,-9.656356520239735,-8.198068846016293,False,False
1570,26.16405170355903,874.0,647.0,846.0,883.0,-0.1477254648752984,-0.11809202841909398,-8.464045663962684,-6.766174822553061,False,False
1571,26.180716704644095,883.0,648.0,859.0,885.0,-0.12106673456794684,-0.10092178466729385,-6.936612930173944,-5.78239232236404,False,False
1572,26.197381705729168,891.0,648.0,875.0,886.0,-0.09761164687052468,-0.0671258882021007,-5.592735397002434,-3.846030090047376,False,False
1573,26.21404670681424,899.0,649.0,890.0,887.0,-0.07383005771068216,-0.03779711649456458,-4.230150708029388,-2.1656152529028594,False,False
1574,26.230711707899307,907.0,649.0,905.0,887.0,-0.050253511546339655,-0.008403163547646988,-2.8793141173172137,-0.48146580583835247,False,False
1575,26.247376708984376,915.0,649.0,921.0,887.0,-0.026620928633211874,0.025204745326941735,-1.5252668574020074,1.4441255309358456,False,False
1576,26.26404171006945,922.0,649.0,935.0,886.0,-0.005917090706027325,0.054797406973115484,-0.3390243244514502,3.1396601478202646,False,False
1577,26.280706711154515,929.0,649.0,950.0,885.0,0.01479182050717216,0.08874930488659766,0.8475088863760256,5.084960604721819,False,False
1578,26.297371712239585,935.0,648.0,964.0,885.0,0.03262936472679562,0.12175759779046096,1.8695248870384273,6.976196477044811,False,False
1579,26.31403671332465,941.0,648.0,977.0,883.0,0.05040237970934519,0.1520097378205026,2.887843634761296,8.709516422004967,False,False
1580,26.330701714409724,946.0,647.0,989.0,881.0,0.06538286207884247,0.1817331968267754,3.7461620496036296,10.412545175594516,False,False
1581,26.347366715494797,951.0,647.0,1000.0,880.0,0.08018484730131624,0.20727991668300638,4.59425333126639,11.876264403759608,False,False
1582,26.364031716579863,954.0,646.0,1010.0,877.0,0.08931399299322221,0.23783592745745075,5.117314849972639,13.62699485989154,False,False
1583,26.38069671766493,957.0,646.0,1018.0,875.0,0.09819067544141155,0.260330578761374,5.625911290331744,14.915843441224796,False,False
1584,26.39736171875,959.0,646.0,1025.0,874.0,0.10409993810959935,0.28177186727335213,5.96448710125312,16.14433878028348,False,False
1585,26.41402671983507,961.0,646.0,1030.0,872.0,0.11000191327294075,0.29632096365471494,6.302645368903617,16.977940598664627,False,False
1586,26.43069172092014,961.0,646.0,1033.0,872.0,0.11000191327294075,0.3084180111024965,6.302645368903617,17.671050361992016,False,False
1587,26.44735672200521,961.0,646.0,1035.0,872.0,0.11000191327294075,0.3164314556251264,6.302645368903617,18.130186912500935,False,False
1588,26.46402172309028,960.0,645.0,1034.0,871.0,0.10736992203554742,0.3164314556251264,6.151843379285564,18.130186912500935,False,False
1589,26.48068672417535,959.0,646.0,1032.0,871.0,0.10409993810959935,0.31372933605498354,5.96448710125312,17.975366865392047,False,False
1590,26.49735172526042,957.0,646.0,1028.0,873.0,0.09819067544141155,0.303135683518947,5.625911290331744,17.36839528544909,False,False
1591,26.51401672634549,954.0,646.0,1022.0,874.0,0.08931399299322221,0.28984648991161976,5.117314849972639,16.606980578617005,False,False
1592,26.53068172743056,950.0,647.0,1014.0,875.0,0.07722705737398436,0.2736593210820904,4.4247844517439665,15.679524122419252,False,False
1593,26.547346728515627,946.0,647.0,1006.0,877.0,0.06538286207884247,0.2551823906208184,3.7461620496036296,14.620873988631656,False,False
1594,26.564011729600697,941.0,647.0,997.0,879.0,0.05055213173648485,0.23684876094692026,2.8964237938899275,13.570434385161485,False,False
1595,26.580676730685767,935.0,648.0,986.0,880.0,0.03262936472679562,0.21638584481804565,1.8695248870384273,12.39799565444679,False,False
1596,26.59734173177084,929.0,648.0,976.0,882.0,0.014835706718973952,0.1982172523518861,0.8500233810910856,11.357011986442664,False,False
1597,26.614006732855906,923.0,648.0,963.0,883.0,-0.00296735034107496,0.16859693960942962,-0.17001665088030055,9.659893078442336,False,False
1598,26.63067173394097,916.0,649.0,949.0,884.0,-0.02366422077907286,0.13951326889294935,-1.3558599761066599,7.9935214936397925,False,False
1599,26.64733673502604,908.0,648.0,937.0,885.0,-0.04744211920911726,0.12175759779046096,-2.71823320183895,6.976196477044811,False,False
1600,26.66400173611111,901.0,648.0,923.0,885.0,-0.06814358586748447,0.09256174873423176,-3.9043398710941823,5.30339754682187,False,False
1601,26.68066673719618,893.0,648.0,909.0,886.0,-0.09172997775002499,0.0671258882021007,-5.255740579905379,3.846030090047376,False,False
1602,26.69733173828125,886.0,648.0,895.0,886.0,-0.11228535389352193,0.03779711649456458,-6.433476879231652,2.1656152529028594,False,False
1603,26.71399673936632,879.0,647.0,881.0,885.0,-0.13313632755164762,0.008403163547646988,-7.628149668580709,0.48146580583835247,False,False
1604,26.73066174045139,872.0,646.0,867.0,884.0,-0.15399492076547416,-0.021005313472176913,-8.82325902631319,-1.203515809305026,False,False
1605,26.747326741536455,865.0,646.0,855.0,884.0,-0.17433159956636957,-0.041992107221369514,-9.988464890917669,-2.4059705166453,False,False
1606,26.763991742621528,859.0,644.0,842.0,882.0,-0.19277131535457076,-0.07130746478529032,-11.044982781002346,-4.085616779974877,False,False
1607,26.7806567437066,853.0,643.0,829.0,881.0,-0.21068189527023762,-0.10050059905462982,-12.071183418801835,-5.75826016436676,False,False
1608,26.797321744791667,848.0,643.0,818.0,880.0,-0.22503828649260516,-0.12591262568579822,-12.893744044882157,-7.214262039206761,False,False
1609,26.813986745876736,844.0,641.0,807.0,878.0,-0.23783592745745075,-0.15486802523009655,-13.62699485989154,-8.873284227210082,False,False
1610,26.83065174696181,840.0,641.0,797.0,876.0,-0.24925214138521365,-0.18097667416105903,-14.281095735970823,-10.36919961974298,False,False
1611,26.847316748046875,837.0,640.0,790.0,874.0,-0.25852024446288924,-0.1982172523518861,-14.812118926413843,-11.357011986442664,False,False
1612,26.863981749131945,835.0,640.0,782.0,873.0,-0.2641933799027663,-0.22366209548092808,-15.137165643724893,-12.814894108109222,False,False
1613,26.88064675021701,833.0,640.0,777.0,871.0,-0.26984915593846925,-0.23783592745745075,-15.461217740441903,-13.62699485989154,False,False
1614,26.897311751302084,832.0,639.0,774.0,871.0,-0.2734609870902443,-0.24497866312686414,-15.66816042175249,-14.036243467926479,False,False
1615,26.913976752387157,833.0,639.0,771.0,870.0,-0.27063233548796395,-0.26221833432139385,-15.506090623228907,-15.02400386756629,False,False
1616,26.930641753472223,832.0,640.0,771.0,870.0,-0.27267044624991027,-0.25924884628266204,-15.622865768068623,-14.853864735632376,False,False
1617,26.94730675455729,834.0,640.0,773.0,870.0,-0.26702345552915424,-0.25924884628266204,-15.299317032819765,-14.853864735632376,False,False
1618,26.96397175564236,836.0,640.0,776.0,871.0,-0.2613589643285396,-0.2541247495556341,-14.974765593935553,-14.560275619356876,False,False
1619,26.98063675672743,838.0,641.0,780.0,872.0,-0.25493565980914606,-0.24599699271376327,-14.606737354446995,-14.0945894554091,False,False
1620,26.9973017578125,841.0,642.0,787.0,874.0,-0.24568939506120674,-0.22868682567222423,-14.076965408129478,-13.102789941262454,False,False
1621,27.01396675889757,845.0,642.0,794.0,875.0,-0.23428769483632217,-0.21548569150556338,-13.423696105970231,-12.346420668726836,False,False
1622,27.03063175998264,849.0,643.0,801.0,876.0,-0.2221743489792669,-0.20316631194892554,-12.729652512578683,-11.64057221391174,False,False
1623,27.04729676106771,854.0,644.0,811.0,878.0,-0.2071935171966812,-0.1817331968267754,-11.871314077841076,-10.412545175594516,False,False
1624,27.06396176215278,859.0,644.0,820.0,879.0,-0.19277131535457076,-0.1644585463992785,-11.044982781002346,-9.42278061353508,False,False
1625,27.08062676323785,865.0,645.0,831.0,881.0,-0.1748429931995764,-0.1430832936681563,-10.017765587770283,-8.198068846016293,False,False
1626,27.09729176432292,872.0,646.0,843.0,883.0,-0.15399492076547416,-0.12175759779046096,-8.82325902631319,-6.976196477044811,False,False
1627,27.113956765407988,879.0,647.0,855.0,884.0,-0.13313632755164762,-0.10092178466729385,-7.628149668580709,-5.78239232236404,False,False
1628,27.130621766493057,885.0,647.0,867.0,885.0,-0.11555434167368747,-0.07548654493392346,-6.620776082314977,-4.32506043473846,False,False
1629,27.147286767578127,892.0,648.0,880.0,885.0,-0.09467163353114644,-0.05058970876938464,-5.424285040943897,-2.89857679928171,False,False
1630,27.1639517686632,899.0,648.0,893.0,886.0,-0.07404833922051743,-0.025204745326941735,-4.2426573172886926,-1.4441255309358456,False,False
1631,27.180616769748266,906.0,648.0,905.0,886.0,-0.05336175636088577,-0.004201655946871886,-3.0574034268841292,-0.2407371527218027,False,False
1632,27.19728177083333,912.0,648.0,918.0,886.0,-0.035593270173368656,0.025204745326941735,-2.0393441600029,1.4441255309358456,False,False
1633,27.213946771918405,919.0,648.0,931.0,885.0,-0.014835706718973952,0.05058970876938464,-0.8500233810910856,2.89857679928171,False,False
1634,27.230611773003474,924.0,648.0,942.0,885.0,0.0,0.07580383736113926,0.0,4.343239951689387,False,False
1635,27.247276774088544,930.0,648.0,954.0,884.0,0.01780227342649686,0.10134650326566776,1.0199951330761685,5.806726905531577,False,False
1636,27.263941775173613,934.0,647.0,965.0,883.0,0.029753122018665052,0.13060816994581406,1.7047283190072677,7.483296907822548,False,False
1637,27.280606776258683,939.0,647.0,975.0,882.0,0.044613235046302796,0.1520097378205026,2.5561500785782822,8.709516422004967,False,False
1638,27.297271777343752,942.0,647.0,984.0,881.0,0.05352026845931512,0.1775961672834879,3.0664855011258934,10.175510843043208,False,False
1639,27.313936778428825,945.0,646.0,992.0,880.0,0.06260464905718909,0.1982172523518861,3.586982168874603,11.357011986442664,False,False
1640,27.33060177951389,948.0,646.0,998.0,878.0,0.0715195988508397,0.212270495716091,4.097771166621807,12.162203519681835,False,False
1641,27.34726678059896,950.0,646.0,1005.0,877.0,0.07745666632823116,0.23374318086890142,4.437940075760721,13.392497753751098,False,False
1642,27.36393178168403,950.0,646.0,1008.0,876.0,0.07745666632823116,0.24702365005121815,4.437940075760721,14.153412587851403,False,False
1643,27.3805967827691,951.0,646.0,1010.0,876.0,0.08042317581943183,0.25110728915311337,4.60790854949202,14.387387873444592,False,False
1644,27.39726178385417,951.0,646.0,1012.0,876.0,0.08042317581943183,0.25924884628266204,4.60790854949202,14.853864735632376,False,False
1645,27.41392678493924,950.0,646.0,1011.0,875.0,0.07745666632823116,0.260330578761374,4.437940075760721,14.915843441224796,False,False
1646,27.430591786024305,948.0,646.0,1008.0,876.0,0.0715195988508397,0.2551823906208184,4.097771166621807,14.620873988631656,False,False
1647,27.44725678710937,946.0,646.0,1005.0,877.0,0.06557747656278015,0.2500650892513549,3.757312638165375,14.327674217664883,False,False
1648,27.463921788194444,944.0,646.0,999.0,877.0,0.05963071313116939,0.23374318086890142,3.416588191771344,13.392497753751098,False,False
1649,27.480586789279517,940.0,646.0,993.0,878.0,0.04772492713080489,0.22459412721667524,2.7344369021645174,12.868295592939786,False,False
1650,27.497251790364583,937.0,647.0,987.0,879.0,0.038671187571212226,0.212270495716091,2.215695836589225,12.162203519681835,False,False
1651,27.513916791449653,932.0,647.0,978.0,881.0,0.023805026185069942,0.19410609803032688,1.3639275316029187,11.121460194890352,False,False
1652,27.53058179253472,927.0,647.0,970.0,881.0,0.008928334179836715,0.1817331968267754,0.5115558665870411,10.412545175594516,False,False
1653,27.54724679361979,922.0,648.0,961.0,882.0,-0.005934648427033334,0.16514867741462683,-0.3400303077629627,9.462322208025617,False,False
1654,27.56391179470486,916.0,647.0,951.0,883.0,-0.023805026185069942,0.14723191804075808,-1.3639275316029187,8.435767513351482,False,False
1655,27.58057679578993,910.0,648.0,939.0,884.0,-0.041519152784724934,0.12226840393911868,-2.3788722235235777,7.00546351351223,False,False
1656,27.597241796875,903.0,648.0,929.0,885.0,-0.06223406955837677,0.1092676898773683,-3.565749527618584,6.260577467117551,False,False
1657,27.61390679796007,897.0,648.0,917.0,884.0,-0.07994792414782684,0.08454375551299814,-4.580678634502516,4.84400037508068,False,False
1658,27.63057179904514,890.0,647.0,906.0,885.0,-0.10084720232852999,0.0671258882021007,-5.778119069126657,3.846030090047376,False,False
1659,27.64723680013021,884.0,647.0,895.0,885.0,-0.11848995915813777,0.04618561965887765,-6.788974574438791,2.6462410806501344,False,False
1660,27.66390180121528,878.0,646.0,884.0,884.0,-0.1364600525539261,0.025204745326941735,-7.818585083473376,1.4441255309358456,False,False
1661,27.680566802300348,872.0,646.0,873.0,884.0,-0.15399492076547416,0.004201655946871886,-8.82325902631319,0.2407371527218027,False,False
1662,27.697231803385417,866.0,645.0,863.0,883.0,-0.17193809782374483,-0.012604374487651676,-9.851327342808064,-0.7221774615448104,False,False
1663,27.713896804470487,861.0,644.0,852.0,883.0,-0.1869792699189111,-0.03763911919938858,-10.713123022791036,-2.1565626747147917,False,False
1664,27.73056180555556,856.0,644.0,843.0,882.0,-0.2014347761978313,-0.05456762350389413,-11.541362523298025,-3.126494524832007,False,False
1665,27.747226806640622,852.0,643.0,834.0,881.0,-0.2135604334804882,-0.07548654493392346,-12.236111509416336,-4.32506043473846,False,False
1666,27.76389180772569,848.0,642.0,826.0,880.0,-0.22569533934268585,-0.09217503755646181,-12.931390400108823,-5.2812406284451185,False,False
1667,27.780556808810765,846.0,642.0,818.0,878.0,-0.23142742421297008,-0.11809202841909398,-13.259814670986904,-6.766174822553061,False,False
1668,27.797221809895834,843.0,641.0,811.0,878.0,-0.24069603406324405,-0.13420944732917872,-13.790866897360983,-7.689634902745259,False,False
1669,27.813886810980904,842.0,641.0,804.0,877.0,-0.2435521305709894,-0.15964666966066154,-13.954509173136845,-9.147080384875153,False,False
1670,27.830551812065973,842.0,641.0,799.0,876.0,-0.2435521305709894,-0.18097667416105903,-13.954509173136845,-10.36919961974298,False,False
1671,27.847216813151043,842.0,641.0,796.0,875.0,-0.2435521305709894,-0.19410609803032688,-13.954509173136845,-11.121460194890352,False,False
1672,27.863881814236112,842.0,641.0,794.0,875.0,-0.2435521305709894,-0.20232162837830375,-13.954509173136845,-11.592175410291071,False,False
1673,27.880546815321186,843.0,641.0,793.0,874.0,-0.24069603406324405,-0.21138641644999373,-13.790866897360983,-12.111549508979438,False,False
1674,27.89721181640625,845.0,642.0,794.0,874.0,-0.23428769483632217,-0.21638584481804565,-13.423696105970231,-12.39799565444679,False,False
1675,27.91387681749132,847.0,642.0,796.0,875.0,-0.22856329262776306,-0.21548569150556338,-13.095712019184427,-12.346420668726836,False,False
1676,27.93054181857639,849.0,642.0,799.0,875.0,-0.22282360397603534,-0.21138641644999373,-12.766852083721295,-12.111549508979438,False,False
1677,27.94720681966146,852.0,643.0,805.0,877.0,-0.2135604334804882,-0.1982172523518861,-12.236111509416336,-11.357011986442664,False,False
1678,27.96387182074653,855.0,644.0,812.0,877.0,-0.20431586460012127,-0.18249600024803592,-11.70643672915333,-10.456250592230882,False,False
1679,27.9805368218316,859.0,644.0,818.0,879.0,-0.19277131535457076,-0.17272951082565158,-11.044982781002346,-9.896671967669098,False,False
1680,27.99720182291667,863.0,645.0,826.0,880.0,-0.18064380521276735,-0.15616481407278227,-10.350127633874909,-8.947584754815628,False,False
1681,28.013866824001735,868.0,645.0,835.0,881.0,-0.16611955089598757,-0.13892970426308895,-9.51794916094876,-7.960085703275678,False,False
1682,28.030531825086808,872.0,646.0,844.0,882.0,-0.15399492076547416,-0.11809202841909398,-8.82325902631319,-6.766174822553061,False,False
1683,28.04719682617188,878.0,646.0,854.0,884.0,-0.1364600525539261,-0.10050059905462982,-7.818585083473376,-5.75826016436676,False,False
1684,28.063861827256947,883.0,647.0,864.0,884.0,-0.12142352621258434,-0.07999768653239922,-6.957055585577204,-4.583529809117021,False,False
1685,28.080526828342016,888.0,647.0,874.0,885.0,-0.10673567264913565,-0.058755822715722696,-6.115503566285407,-3.3664606634298013,False,False
1686,28.09719182942709,894.0,647.0,885.0,886.0,-0.08904958263449779,-0.03763911919938858,-5.10216525235819,-2.1565626747147917,False,False
1687,28.113856830512155,899.0,647.0,896.0,885.0,-0.07426791289273985,-0.012604374487651676,-4.255237961999226,-0.7221774615448104,False,False
1688,28.130521831597225,904.0,648.0,906.0,886.0,-0.059277652551814816,0.008403163547646988,-3.3963593106618832,0.48146580583835247,False,False
1689,28.14718683268229,909.0,648.0,917.0,886.0,-0.044481026368895456,0.033600794415993215,-2.548575079347835,1.9251837083231549,False,False
1690,28.163851833767364,915.0,648.0,927.0,885.0,-0.026699885005265687,0.05058970876938464,-1.5297907242863555,2.89857679928171,False,False
1691,28.180516834852437,919.0,648.0,936.0,885.0,-0.014835706718973952,0.07160731485126633,-0.8500233810910856,4.102796923242021,False,False
1692,28.197181835937503,923.0,648.0,946.0,885.0,-0.00296735034107496,0.09674346233893974,-0.17001665088030055,5.542992087504075,False,False
1693,28.21384683702257,927.0,647.0,954.0,884.0,0.008928334179836715,0.11343499180721633,0.5115558665870411,6.499346279654567,False,False
1694,28.23051183810764,931.0,647.0,961.0,883.0,0.020830320036217084,0.12644049725838966,1.193489423982035,7.244506852441184,False,False
1695,28.247176839192708,934.0,647.0,968.0,882.0,0.029753122018665052,0.14368383054664818,1.7047283190072677,8.232477074595836,False,False
1696,28.263841840277777,937.0,647.0,974.0,882.0,0.038671187571212226,0.15616481407278227,2.215695836589225,8.947584754815628,False,False
1697,28.280506841362847,938.0,647.0,978.0,881.0,0.04164257909858842,0.16930377815578745,2.3859440303888126,9.700391943945801,False,False
1698,28.29717184244792,940.0,646.0,981.0,881.0,0.04772492713080489,0.17272951082565158,2.7344369021645174,9.896671967669098,False,False
1699,28.313836843532982,941.0,646.0,983.0,880.0,0.05070277551597251,0.1775961672834879,2.90505504666447,10.175510843043208,False,False
1700,28.330501844618052,941.0,647.0,983.0,880.0,0.05055213173648485,0.17834235625063474,2.8964237938899275,10.218264321579948,False,False
1701,28.347166845703125,941.0,646.0,984.0,881.0,0.05070277551597251,0.18097667416105903,2.90505504666447,10.36919961974298,False,False
1702,28.363831846788194,941.0,646.0,982.0,880.0,0.05070277551597251,0.17345298478670165,2.90505504666447,9.938123972224881,False,False
1703,28.380496847873264,939.0,646.0,979.0,881.0,0.0447462314546156,0.16859693960942962,2.5637702114650045,9.659893078442336,False,False
1704,28.397161848958334,937.0,647.0,976.0,881.0,0.038671187571212226,0.16514867741462683,2.215695836589225,9.462322208025617,False,False
1705,28.413826850043403,935.0,647.0,972.0,882.0,0.03272640671038203,0.15616481407278227,1.8750849831335066,8.947584754815628,False,False
1706,28.430491851128476,932.0,647.0,967.0,882.0,0.023805026185069942,0.14784936525875556,1.3639275316029187,8.471144633014832,False,False
1707,28.447156852213546,928.0,647.0,961.0,883.0,0.01190419955830983,0.13892970426308895,0.682060393172652,7.960085703275678,False,False
1708,28.46382185329861,924.0,647.0,954.0,883.0,0.0,0.12644049725838966,0.0,7.244506852441184,False,False
1709,28.48048685438368,920.0,647.0,947.0,884.0,-0.01190419955830983,0.11343499180721633,-0.682060393172652,6.499346279654567,False,False
1710,28.49715185546875,915.0,648.0,940.0,884.0,-0.026699885005265687,0.10553860603552644,-1.5297907242863555,6.046916701529582,False,False
1711,28.51381685655382,911.0,648.0,931.0,885.0,-0.03855655013465477,0.08418871753885106,-2.2091275953002842,4.823658197595177,False,False
1712,28.53048185763889,906.0,648.0,922.0,885.0,-0.05336175636088577,0.0674082643902822,-3.0574034268841292,3.862209053865168,False,False
1713,28.54714685872396,900.0,648.0,914.0,885.0,-0.07109658330381072,0.059003163794032726,-4.073534161108629,3.380632263317181,False,False
1714,28.56381185980903,895.0,647.0,904.0,885.0,-0.0860961604955743,0.03779711649456458,-4.9329466286773735,2.1656152529028594,False,False
1715,28.580476860894095,890.0,647.0,895.0,885.0,-0.10084720232852999,0.021005313472176913,-5.778119069126657,1.203515809305026,False,False
1716,28.597141861979168,885.0,647.0,886.0,885.0,-0.11555434167368747,0.004201655946871886,-6.620776082314977,0.2407371527218027,False,False
1717,28.61380686306424,880.0,646.0,877.0,884.0,-0.13059573584654086,-0.012604374487651676,-7.482584486412146,-0.7221774615448104,False,False
1718,28.630471864149307,875.0,646.0,868.0,884.0,-0.14523872971772464,-0.029403288204005115,-8.321566234666909,-1.6846843178962914,False,False
1719,28.647136865234376,871.0,645.0,861.0,884.0,-0.15737051633871366,-0.041816613207517075,-9.016666406002857,-2.3959154503217444,False,False
1720,28.66380186631945,866.0,645.0,853.0,883.0,-0.17193809782374483,-0.05456762350389413,-9.851327342808064,-3.126494524832007,False,False
1721,28.680466867404515,862.0,644.0,845.0,882.0,-0.18407845484887617,-0.07130746478529032,-10.546918562130088,-4.085616779974877,False,False
1722,28.697131868489585,859.0,644.0,839.0,881.0,-0.19277131535457076,-0.08418871753885106,-11.044982781002346,-4.823658197595177,False,False
1723,28.71379686957465,856.0,643.0,833.0,881.0,-0.20202515640359237,-0.09633949292208074,-11.5751888173962,-5.519846344865694,False,False
1724,28.730461870659724,854.0,643.0,828.0,880.0,-0.20779980869667178,-0.1092676898773683,-11.906052021945193,-6.260577467117551,False,False
1725,28.747126871744797,852.0,643.0,824.0,880.0,-0.2135604334804882,-0.1175983406109762,-12.236111509416336,-6.737888594750847,False,False
1726,28.763791872829863,851.0,642.0,820.0,879.0,-0.2170689472392732,-0.130063287501013,-12.437134540158297,-7.4520774434046775,False,False
1727,28.78045687391493,850.0,642.0,817.0,878.0,-0.2199481265001851,-0.13892970426308895,-12.602099360270145,-7.960085703275678,False,False
1728,28.797121875,850.0,643.0,816.0,879.0,-0.21930670088951776,-0.1430832936681563,-12.565348379907304,-8.198068846016293,False,False
1729,28.81378687608507,850.0,643.0,815.0,878.0,-0.21930670088951776,-0.14784936525875556,-12.565348379907304,-8.471144633014832,False,False
1730,28.83045187717014,851.0,643.0,815.0,878.0,-0.2164353822621207,-0.1520097378205026,-12.400833940920156,-8.709516422004967,False,False
1731,28.84711687825521,853.0,643.0,817.0,879.0,-0.21068189527023762,-0.15137544373402623,-12.071183418801835,-8.673174047879765,False,False
1732,28.86378187934028,855.0,643.0,819.0,879.0,-0.20491421516218464,-0.15137544373402623,-11.740719691028842,-8.673174047879765,False,False
1733,28.88044688042535,857.0,644.0,823.0,879.0,-0.1985502937477212,-0.14368383054664818,-11.376093852827163,-8.232477074595836,False,False
1734,28.89711188151042,859.0,644.0,828.0,881.0,-0.19277131535457076,-0.130063287501013,-11.044982781002346,-7.4520774434046775,False,False
1735,28.91377688259549,862.0,645.0,833.0,881.0,-0.18353963370275234,-0.12226840393911868,-10.516046384544792,-7.00546351351223,False,False
1736,28.93044188368056,865.0,645.0,839.0,882.0,-0.1748429931995764,-0.1092676898773683,-10.017765587770283,-6.260577467117551,False,False
1737,28.947106884765628,869.0,645.0,846.0,883.0,-0.16320598923203875,-0.09633949292208074,-9.35101437425338,-5.519846344865694,False,False
1738,28.963771885850697,873.0,646.0,853.0,883.0,-0.1510787665275406,-0.08418871753885106,-8.656175696070408,-4.823658197595177,False,False
1739,28.980436886935767,878.0,646.0,859.0,884.0,-0.1364600525539261,-0.07966298504578714,-7.818585083473376,-4.5643528265373945,False,False
1740,28.99710188802084,882.0,647.0,868.0,884.0,-0.12435499454676144,-0.059003163794032726,-7.125016348901798,-3.380632263317181,False,False
1741,29.013766889105906,887.0,647.0,876.0,885.0,-0.10967714961575789,-0.04618561965887765,-6.284037782007806,-2.6462410806501344,False,False
1742,29.03043189019097,891.0,647.0,884.0,885.0,-0.09790030773846166,-0.029403288204005115,-5.609274446445807,-1.6846843178962914,False,False
1743,29.04709689127604,896.0,648.0,892.0,885.0,-0.08289565232559819,-0.01687603484692138,-4.749571018240603,-0.9669255716443013,False,False
1744,29.06376189236111,901.0,648.0,900.0,885.0,-0.06814358586748447,-0.004219384243003488,-3.9043398710941823,-0.24175290926810158,False,False
1745,29.08042689344618,905.0,648.0,907.0,885.0,-0.05632019774772215,0.008438618254244435,-3.226909632286684,0.4834972108902608,False,False
1746,29.09709189453125,909.0,648.0,915.0,885.0,-0.044481026368895456,0.02531104914284831,-2.548575079347835,1.4502162909334282,False,False
1747,29.11375689561632,914.0,648.0,923.0,885.0,-0.029664885686701902,0.03795644518831435,-1.699672749586064,2.1747441146100535,False,False
1748,29.13042189670139,917.0,648.0,930.0,885.0,-0.020768526796476172,0.054797406973115484,-1.1899489321424408,3.1396601478202646,False,False
1749,29.14708689778646,921.0,648.0,937.0,885.0,-0.00890184200827961,0.0674082643902822,-0.5100379769666825,3.862209053865168,False,False
1750,29.163751898871528,924.0,648.0,943.0,884.0,0.0,0.08033520628225284,0.0,4.602868266285944,False,False
1751,29.1804168999566,927.0,647.0,948.0,884.0,0.008928334179836715,0.0883767861448488,0.5115558665870411,5.063616853030085,False,False
1752,29.197081901041667,929.0,648.0,953.0,884.0,0.014835706718973952,0.10134650326566776,0.8500233810910856,5.806726905531577,False,False
1753,29.213746902126736,930.0,647.0,957.0,883.0,0.017855245139552514,0.11391151001120803,1.0230301886678357,6.526648761604445,False,False
1754,29.23041190321181,932.0,647.0,960.0,883.0,0.023805026185069942,0.11809202841909398,1.3639275316029187,6.766174822553061,False,False
1755,29.247076904296875,932.0,647.0,962.0,883.0,0.023805026185069942,0.12644049725838966,1.3639275316029187,7.244506852441184,False,False
1756,29.263741905381945,932.0,647.0,964.0,882.0,0.023805026185069942,0.13533781653240926,1.3639275316029187,7.754285695822908,False,False
1757,29.28040690646701,932.0,647.0,964.0,883.0,0.023805026185069942,0.1347712844777311,1.3639275316029187,7.721825800130975,False,False
1758,29.297071907552084,932.0,647.0,964.0,883.0,0.023805026185069942,0.1347712844777311,1.3639275316029187,7.721825800130975,False,False
1759,29.313736908637157,931.0,647.0,962.0,882.0,0.020830320036217084,0.13115761070157025,1.193489423982035,7.514777544219855,False,False
1760,29.330401909722223,929.0,647.0,960.0,883.0,0.014879854100564067,0.13060816994581406,0.8525528397327526,7.483296907822548,False,False
1761,29.347066910807293,926.0,648.0,958.0,883.0,0.005934648427033334,0.13533781653240926,0.3400303077629627,7.754285695822908,False,False
1762,29.36373191189236,924.0,647.0,954.0,883.0,0.0,0.12644049725838966,0.0,7.244506852441184,False,False
1763,29.38039691297743,921.0,648.0,949.0,884.0,-0.00890184200827961,0.11809202841909398,-0.5100379769666825,6.766174822553061,False,False
1764,29.3970619140625,919.0,648.0,944.0,885.0,-0.014835706718973952,0.10509657413192951,-0.8500233810910856,6.021590139043345,False,False
1765,29.41372691514757,915.0,648.0,939.0,884.0,-0.026699885005265687,0.10134650326566776,-1.5297907242863555,5.806726905531577,False,False
1766,29.43039191623264,911.0,648.0,932.0,885.0,-0.03855655013465477,0.0883767861448488,-2.2091275953002842,5.063616853030085,False,False
1767,29.44705691731771,908.0,648.0,925.0,885.0,-0.04744211920911726,0.07160731485126633,-2.71823320183895,4.102796923242021,False,False
1768,29.46372191840278,904.0,648.0,919.0,885.0,-0.059277652551814816,0.06320683189746022,-3.3963593106618832,3.6214847041173397,False,False
1769,29.48038691948785,900.0,648.0,911.0,885.0,-0.07109658330381072,0.04638021692852137,-4.073534161108629,2.657390682905489,False,False
1770,29.49705192057292,895.0,648.0,905.0,886.0,-0.08584193732817054,0.041992107221369514,-4.918380714130691,2.4059705166453,False,False
1771,29.513716921657988,891.0,647.0,898.0,885.0,-0.09790030773846166,0.029403288204005115,-5.609274446445807,1.6846843178962914,False,False
1772,29.530381922743057,887.0,647.0,890.0,885.0,-0.10967714961575789,0.012604374487651676,-6.284037782007806,0.7221774615448104,False,False
1773,29.547046923828127,883.0,646.0,883.0,885.0,-0.12178241661305092,0.0,-6.977618490831699,0.0,False,False
1774,29.5637119249132,879.0,646.0,877.0,884.0,-0.13352904909187144,-0.008403163547646988,-7.650650955359411,-0.48146580583835247,False,False
1775,29.580376925998262,875.0,646.0,870.0,884.0,-0.14523872971772464,-0.021005313472176913,-8.321566234666909,-1.203515809305026,False,False
1776,29.597041927083332,872.0,646.0,864.0,884.0,-0.15399492076547416,-0.033600794415993215,-8.82325902631319,-1.9251837083231549,False,False
1777,29.613706928168405,869.0,645.0,859.0,884.0,-0.16320598923203875,-0.041816613207517075,-9.35101437425338,-2.3959154503217444,False,False
1778,29.630371929253474,866.0,645.0,854.0,883.0,-0.17193809782374483,-0.050377507181057816,-9.851327342808064,-2.88641854386461,False,False
1779,29.647036930338544,863.0,645.0,850.0,883.0,-0.18064380521276735,-0.05456762350389413,-10.350127633874909,-3.126494524832007,False,False
1780,29.663701931423613,861.0,644.0,846.0,882.0,-0.1869792699189111,-0.0629419593073733,-10.713123022791036,-3.6063086225966603,False,False
1781,29.680366932508683,859.0,644.0,842.0,882.0,-0.19277131535457076,-0.07130746478529032,-11.044982781002346,-4.085616779974877,False,False
1782,29.697031933593752,858.0,644.0,839.0,882.0,-0.19566245933205176,-0.07966298504578714,-11.210633128876674,-4.5643528265373945,False,False
1783,29.713696934678826,858.0,644.0,838.0,881.0,-0.19566245933205176,-0.08418871753885106,-11.210633128876674,-4.823658197595177,False,False
1784,29.73036193576389,857.0,644.0,837.0,881.0,-0.1985502937477212,-0.08418871753885106,-11.376093852827163,-4.823658197595177,False,False
1785,29.74702693684896,857.0,644.0,837.0,881.0,-0.1985502937477212,-0.08418871753885106,-11.376093852827163,-4.823658197595177,False,False
1786,29.76369193793403,857.0,644.0,837.0,881.0,-0.1985502937477212,-0.08418871753885106,-11.376093852827163,-4.823658197595177,False,False
1787,29.7803569390191,858.0,644.0,839.0,882.0,-0.19566245933205176,-0.07966298504578714,-11.210633128876674,-4.5643528265373945,False,False
1788,29.79702194010417,860.0,644.0,841.0,882.0,-0.18987690453757688,-0.07966298504578714,-10.879145257011585,-4.5643528265373945,False,False
1789,29.81368694118924,862.0,645.0,844.0,882.0,-0.18353963370275234,-0.07580383736113926,-10.516046384544792,-4.343239951689387,False,False
1790,29.830351942274305,864.0,645.0,847.0,882.0,-0.1777449104030216,-0.07160731485126633,-10.184033196024098,-4.102796923242021,False,False
1791,29.84701694335937,866.0,645.0,851.0,883.0,-0.17193809782374483,-0.0629419593073733,-9.851327342808064,-3.6063086225966603,False,False
1792,29.863681944444444,869.0,645.0,856.0,883.0,-0.16320598923203875,-0.05456762350389413,-9.35101437425338,-3.126494524832007,False,False
1793,29.880346945529517,872.0,646.0,860.0,884.0,-0.15399492076547416,-0.050377507181057816,-8.82325902631319,-2.88641854386461,False,False
1794,29.897011946614583,875.0,646.0,866.0,884.0,-0.14523872971772464,-0.03779711649456458,-8.321566234666909,-2.1656152529028594,False,False
1795,29.913676947699653,879.0,646.0,872.0,884.0,-0.13352904909187144,-0.029403288204005115,-7.650650955359411,-1.6846843178962914,False,False
1796,29.93034194878472,882.0,646.0,877.0,885.0,-0.12472237145896253,-0.020917450819302335,-7.146065495461469,-1.1984816501184898,False,False
1797,29.94700694986979,886.0,647.0,883.0,886.0,-0.11261672225838586,-0.012551642069567633,-6.452462888002507,-0.7191561165450754,False,False
1798,29.96367195095486,889.0,647.0,890.0,886.0,-0.10379234045704283,0.004184076002074724,-5.9468630539735,0.23972989608085238,False,False
1799,29.98033695203993,893.0,647.0,896.0,885.0,-0.0920014479735805,0.012604374487651676,-5.271294677978583,0.7221774615448104,False,False
1800,29.997001953125,897.0,648.0,902.0,885.0,-0.07994792414782684,0.021093917253554445,-4.580678634502516,1.2085924320268584,False,False
1801,30.01366695421007,901.0,647.0,909.0,885.0,-0.06834576411562414,0.033600794415993215,-3.9159238314219347,1.9251837083231549,False,False
1802,30.03033195529514,904.0,647.0,914.0,885.0,-0.059453659308656884,0.041992107221369514,-3.406443754994719,2.4059705166453,False,False
1803,30.04699695638021,907.0,648.0,921.0,885.0,-0.05040237970934519,0.059003163794032726,-2.887843634761296,3.380632263317181,False,False
1804,30.06366195746528,910.0,648.0,926.0,885.0,-0.041519152784724934,0.0674082643902822,-2.3788722235235777,3.862209053865168,False,False
1805,30.080326958550348,913.0,648.0,931.0,885.0,-0.03262936472679562,0.07580383736113926,-1.8695248870384273,4.343239951689387,False,False
1806,30.096991959635417,915.0,648.0,936.0,885.0,-0.026699885005265687,0.0883767861448488,-1.5297907242863555,5.063616853030085,False,False
1807,30.113656960720487,918.0,647.0,939.0,884.0,-0.017855245139552514,0.0883767861448488,-1.0230301886678357,5.063616853030085,False,False
1808,30.13032196180556,919.0,647.0,943.0,884.0,-0.014879854100564067,0.10092178466729385,-0.8525528397327526,5.78239232236404,False,False
1809,30.146986962890622,921.0,647.0,946.0,884.0,-0.008928334179836715,0.10509657413192951,-0.5115558665870411,6.021590139043345,False,False
1810,30.163651963975692,922.0,647.0,948.0,883.0,-0.0059523106545916376,0.10972698888407616,-0.3410422788588532,6.286893361736462,False,False
1811,30.180316965060765,922.0,647.0,949.0,883.0,-0.0059523106545916376,0.11391151001120803,-0.3410422788588532,6.526648761604445,False,False
1812,30.196981966145835,923.0,647.0,951.0,884.0,-0.002976181688826711,0.1175983406109762,-0.1705226498338882,6.737888594750847,False,False
1813,30.213646967230904,923.0,647.0,951.0,883.0,-0.002976181688826711,0.11809202841909398,-0.1705226498338882,6.766174822553061,False,False
1814,30.230311968315974,923.0,647.0,950.0,883.0,-0.002976181688826711,0.11391151001120803,-0.1705226498338882,6.526648761604445,False,False
1815,30.246976969401043,922.0,647.0,949.0,883.0,-0.0059523106545916376,0.11391151001120803,-0.3410422788588532,6.526648761604445,False,False
1816,30.263641970486116,921.0,647.0,946.0,883.0,-0.008928334179836715,0.10553860603552644,-0.5115558665870411,6.046916701529582,False,False
1817,30.280306971571186,919.0,647.0,944.0,883.0,-0.014879854100564067,0.10553860603552644,-0.8525528397327526,6.046916701529582,False,False
1818,30.29697197265625,917.0,647.0,941.0,884.0,-0.020830320036217084,0.10092178466729385,-1.193489423982035,5.78239232236404,False,False
1819,30.31363697374132,915.0,647.0,938.0,884.0,-0.026779311019766005,0.09674346233893974,-1.5343414997007687,5.542992087504075,False,False
1820,30.33030197482639,913.0,647.0,933.0,884.0,-0.03272640671038203,0.08418871753885106,-1.8750849831335066,4.823658197595177,False,False
1821,30.34696697591146,910.0,648.0,929.0,885.0,-0.041519152784724934,0.07999768653239922,-2.3788722235235777,4.583529809117021,False,False
1822,30.36363197699653,907.0,647.0,925.0,885.0,-0.05055213173648485,0.07548654493392346,-2.8964237938899275,4.32506043473846,False,False
1823,30.3802969780816,904.0,647.0,919.0,885.0,-0.059453659308656884,0.0629419593073733,-3.406443754994719,3.6063086225966603,False,False
1824,30.39696197916667,901.0,647.0,914.0,885.0,-0.06834576411562414,0.05456762350389413,-3.9159238314219347,3.126494524832007,False,False
1825,30.41362698025174,898.0,647.0,908.0,885.0,-0.07722705737398436,0.041992107221369514,-4.4247844517439665,2.4059705166453,False,False
1826,30.430291981336808,895.0,647.0,903.0,885.0,-0.0860961604955743,0.033600794415993215,-4.9329466286773735,1.9251837083231549,False,False
1827,30.44695698242188,891.0,647.0,898.0,885.0,-0.09790030773846166,0.029403288204005115,-5.609274446445807,1.6846843178962914,False,False
1828,30.463621983506947,888.0,646.0,892.0,884.0,-0.10705186150875037,0.016805140515041995,-6.133619853470385,0.9628636256362129,False,False
1829,30.480286984592016,885.0,646.0,887.0,884.0,-0.11589620402132372,0.008403163547646988,-6.640363352008969,0.48146580583835247,False,False
1830,30.49695198567709,882.0,646.0,881.0,884.0,-0.12472237145896253,-0.004201655946871886,-7.146065495461469,-0.2407371527218027,False,False
1831,30.513616986762155,879.0,646.0,875.0,884.0,-0.13352904909187144,-0.016805140515041995,-7.650650955359411,-0.9628636256362129,False,False
1832,30.530281987847225,876.0,645.0,871.0,884.0,-0.14273527737515654,-0.020917450819302335,-8.178128981225617,-1.1984816501184898,False,False
1833,30.54694698893229,874.0,645.0,867.0,884.0,-0.14859712184919924,-0.02928033234577806,-8.513987929750348,-1.6776394661534724,False,False
1834,30.563611990017364,872.0,645.0,863.0,883.0,-0.15444869667373157,-0.03779711649456458,-8.849258470701056,-2.1656152529028594,False,False
1835,30.580276991102437,869.0,645.0,859.0,883.0,-0.16320598923203875,-0.041992107221369514,-9.35101437425338,-2.4059705166453,False,False
1836,30.5969419921875,868.0,645.0,857.0,883.0,-0.16611955089598757,-0.04618561965887765,-9.51794916094876,-2.6462410806501344,False,False
1837,30.61360699327257,867.0,644.0,854.0,882.0,-0.1695282114579218,-0.05456762350389413,-9.713251024940284,-3.126494524832007,False,False
1838,30.63027199435764,866.0,644.0,853.0,882.0,-0.17244426781874111,-0.05456762350389413,-9.880328747237508,-3.126494524832007,False,False
1839,30.646936995442708,865.0,644.0,852.0,882.0,-0.17535736505381408,-0.05456762350389413,-10.047236924118419,-3.126494524832007,False,False
1840,30.663601996527778,865.0,644.0,851.0,882.0,-0.17535736505381408,-0.058755822715722696,-10.047236924118419,-3.3664606634298013,False,False
1841,30.680266997612847,865.0,644.0,851.0,882.0,-0.17535736505381408,-0.058755822715722696,-10.047236924118419,-3.3664606634298013,False,False
1842,30.69693199869792,865.0,644.0,852.0,882.0,-0.17535736505381408,-0.05456762350389413,-10.047236924118419,-3.126494524832007,False,False
1843,30.713596999782983,865.0,644.0,854.0,882.0,-0.17535736505381408,-0.04618561965887765,-10.047236924118419,-2.6462410806501344,False,False
1844,30.730262000868056,866.0,644.0,855.0,882.0,-0.17244426781874111,-0.04618561965887765,-9.880328747237508,-2.6462410806501344,False,False
1845,30.746927001953125,868.0,644.0,858.0,883.0,-0.1666092411277492,-0.041816613207517075,-9.546006344497485,-2.3959154503217444,False,False
1846,30.763592003038195,870.0,644.0,860.0,883.0,-0.1607627406258347,-0.041816613207517075,-9.211026540816666,-2.3959154503217444,False,False
1847,30.780257004123264,871.0,645.0,863.0,883.0,-0.15737051633871366,-0.033600794415993215,-9.016666406002857,-1.9251837083231549,False,False
1848,30.796922005208334,873.0,645.0,867.0,884.0,-0.15152421635876545,-0.025099330520065605,-8.681698091384407,-1.4380857074036568,False,False
1849,30.813587006293403,875.0,645.0,871.0,883.0,-0.14566745986268598,-0.016805140515041995,-8.346130662523224,-0.9628636256362129,False,False
1850,30.830252007378476,878.0,646.0,874.0,884.0,-0.1364600525539261,-0.016805140515041995,-7.818585083473376,-0.9628636256362129,False,False
1851,30.846917008463542,880.0,646.0,879.0,884.0,-0.13059573584654086,-0.004201655946871886,-7.482584486412146,-0.2407371527218027,False,False
1852,30.86358200954861,883.0,646.0,884.0,884.0,-0.12178241661305092,0.004201655946871886,-6.977618490831699,0.2407371527218027,False,False
1853,30.88024701063368,886.0,646.0,888.0,884.0,-0.11295004388387875,0.008403163547646988,-6.471560810363689,0.48146580583835247,False,False
1854,30.89691201171875,889.0,646.0,893.0,884.0,-0.10409993810959935,0.016805140515041995,-5.96448710125312,0.9628636256362129,False,False
1855,30.91357701280382,892.0,646.0,898.0,884.0,-0.09523343615640409,0.025204745326941735,-5.456473960290531,1.4441255309358456,False,False
1856,30.93024201388889,895.0,646.0,903.0,884.0,-0.08635189015728648,0.033600794415993215,-4.94759885898979,1.9251837083231549,False,False
1857,30.94690701497396,897.0,647.0,908.0,885.0,-0.08018484730131624,0.04618561965887765,-4.59425333126639,2.6462410806501344,False,False
1858,30.96357201605903,900.0,647.0,912.0,884.0,-0.07130746478529032,0.05058970876938464,-4.085616779974877,2.89857679928171,False,False
1859,30.9802370171441,902.0,647.0,916.0,884.0,-0.06538286207884247,0.059003163794032726,-3.7461620496036296,3.380632263317181,False,False
1860,30.996902018229168,905.0,647.0,921.0,885.0,-0.05648746157403901,0.0671258882021007,-3.2364931435998496,3.846030090047376,False,False
1861,31.01356701931424,907.0,647.0,924.0,884.0,-0.05055213173648485,0.07160731485126633,-2.8964237938899275,4.102796923242021,False,False
1862,31.030232020399307,909.0,647.0,927.0,884.0,-0.044613235046302796,0.07580383736113926,-2.5561500785782822,4.343239951689387,False,False
1863,31.046897021484376,911.0,647.0,931.0,884.0,-0.038671187571212226,0.08418871753885106,-2.215695836589225,4.823658197595177,False,False
1864,31.06356202256945,912.0,647.0,933.0,884.0,-0.03569911267932397,0.0883767861448488,-2.0454084888872277,5.063616853030085,False,False
1865,31.08022702365452,913.0,647.0,935.0,884.0,-0.03272640671038203,0.09256174873423176,-1.8750849831335066,5.30339754682187,False,False
1866,31.096892024739585,914.0,647.0,936.0,884.0,-0.029753122018665052,0.09256174873423176,-1.7047283190072677,5.30339754682187,False,False
1867,31.11355702582465,915.0,647.0,937.0,884.0,-0.026779311019766005,0.09256174873423176,-1.5343414997007687,5.30339754682187,False,False
1868,31.130222026909724,915.0,647.0,937.0,884.0,-0.026779311019766005,0.09256174873423176,-1.5343414997007687,5.30339754682187,False,False
1869,31.146887027994797,915.0,647.0,937.0,884.0,-0.026779311019766005,0.09256174873423176,-1.5343414997007687,5.30339754682187,False,False
1870,31.163552029079863,915.0,647.0,937.0,884.0,-0.026779311019766005,0.09256174873423176,-1.5343414997007687,5.30339754682187,False,False
1871,31.180217030164933,915.0,646.0,936.0,884.0,-0.02685921087843956,0.08800737352774077,-1.538919424386455,5.042451069170913,False,False
1872,31.19688203125,913.0,647.0,934.0,884.0,-0.03272640671038203,0.0883767861448488,-1.8750849831335066,5.063616853030085,False,False
1873,31.21354703233507,913.0,646.0,932.0,884.0,-0.03282402742696297,0.07966298504578714,-1.8806782381866372,4.5643528265373945,False,False
1874,31.23021203342014,911.0,646.0,929.0,884.0,-0.03878650838433371,0.07548654493392346,-2.222303232471103,4.32506043473846,False,False
1875,31.24687703450521,909.0,647.0,926.0,884.0,-0.044613235046302796,0.07160731485126633,-2.5561500785782822,4.102796923242021,False,False
1876,31.26354203559028,907.0,646.0,924.0,884.0,-0.05070277551597251,0.07130746478529032,-2.90505504666447,4.085616779974877,False,False
1877,31.28020703667535,905.0,646.0,920.0,884.0,-0.056655720797927356,0.0629419593073733,-3.246133686992798,3.6063086225966603,False,False
1878,31.29687203776042,903.0,647.0,917.0,885.0,-0.06241880999595735,0.058755822715722696,-3.576334374997351,3.3664606634298013,False,False
1879,31.31353703884549,901.0,646.0,913.0,884.0,-0.06854914375186534,0.050377507181057816,-3.927576626217461,2.88641854386461,False,False
1880,31.33020203993056,898.0,646.0,908.0,884.0,-0.07745666632823116,0.041992107221369514,-4.437940075760721,2.4059705166453,False,False
1881,31.346867041015628,896.0,646.0,905.0,884.0,-0.08338826745653852,0.03779711649456458,-4.777795786167769,2.1656152529028594,False,False
1882,31.363532042100697,894.0,646.0,901.0,884.0,-0.08931399299322221,0.029403288204005115,-5.117314849972639,1.6846843178962914,False,False
1883,31.380197043185767,891.0,646.0,896.0,884.0,-0.09819067544141155,0.021005313472176913,-5.625911290331744,1.203515809305026,False,False
1884,31.396862044270836,889.0,646.0,893.0,884.0,-0.10409993810959935,0.016805140515041995,-5.96448710125312,0.9628636256362129,False,False
1885,31.413527045355902,887.0,646.0,889.0,884.0,-0.11000191327294075,0.008403163547646988,-6.302645368903617,0.48146580583835247,False,False
1886,31.43019204644097,884.0,645.0,884.0,884.0,-0.1191927985138722,0.0,-6.829244303198068,0.0,False,False
1887,31.44685704752604,882.0,645.0,881.0,883.0,-0.12509191408912193,-0.004201655946871886,-7.1672387285197665,-0.2407371527218027,False,False
1888,31.46352204861111,880.0,645.0,878.0,883.0,-0.13098229074444148,-0.008403163547646988,-7.504732450611963,-0.48146580583835247,False,False
1889,31.48018704969618,878.0,645.0,875.0,883.0,-0.13686354006777363,-0.012604374487651676,-7.841703215103066,-0.7221774615448104,False,False
1890,31.49685205078125,876.0,645.0,872.0,884.0,-0.14273527737515654,-0.01673483927434091,-8.178128981225617,-0.9588356612495073,False,False
1891,31.51351705186632,875.0,645.0,869.0,883.0,-0.14566745986268598,-0.025204745326941735,-8.346130662523224,-1.4441255309358456,False,False
1892,31.53018205295139,874.0,645.0,867.0,882.0,-0.14859712184919924,-0.029527280763816062,-8.513987929750348,-1.691788568264482,False,False
1893,31.54684705403646,873.0,645.0,865.0,883.0,-0.15152421635876545,-0.033600794415993215,-8.681698091384407,-1.9251837083231549,False,False
1894,31.563512055121528,872.0,644.0,864.0,882.0,-0.1549051332763409,-0.033600794415993215,-8.875410361645859,-1.9251837083231549,False,False
1895,31.5801770562066,872.0,644.0,863.0,882.0,-0.1549051332763409,-0.03779711649456458,-8.875410361645859,-2.1656152529028594,False,False
1896,31.596842057291667,871.0,644.0,863.0,883.0,-0.15783530219680086,-0.033460310449650164,-9.043296674048621,-1.9171345699624402,False,False
1897,31.613507058376737,872.0,644.0,863.0,883.0,-0.1549051332763409,-0.03763911919938858,-8.875410361645859,-2.1565626747147917,False,False
1898,31.63017205946181,871.0,644.0,863.0,882.0,-0.15783530219680086,-0.033600794415993215,-9.043296674048621,-1.9251837083231549,False,False
1899,31.64683706054688,872.0,644.0,865.0,883.0,-0.1549051332763409,-0.02928033234577806,-8.875410361645859,-1.6776394661534724,False,False
1900,31.663502061631945,873.0,644.0,866.0,883.0,-0.15197228042830374,-0.02928033234577806,-8.707370271520407,-1.6776394661534724,False,False
1901,31.68016706271701,874.0,644.0,868.0,882.0,-0.1490367904865622,-0.025204745326941735,-8.539179087055514,-1.4441255309358456,False,False
1902,31.696832063802084,875.0,644.0,870.0,884.0,-0.14609871055103582,-0.020830320036217084,-8.370839506877783,-1.193489423982035,False,False
1903,31.713497064887157,877.0,645.0,873.0,883.0,-0.1398006216167653,-0.016805140515041995,-8.009985591946034,-0.9628636256362129,False,False
1904,31.730162065972223,878.0,645.0,875.0,883.0,-0.13686354006777363,-0.012604374487651676,-7.841703215103066,-0.7221774615448104,False,False
1905,31.746827067057293,880.0,645.0,879.0,884.0,-0.13098229074444148,-0.004184076002074724,-7.504732450611963,-0.23972989608085238,False,False
1906,31.76349206814236,881.0,645.0,881.0,884.0,-0.12803821914325536,0.0,-7.336049573279675,0.0,False,False
1907,31.780157069227432,884.0,645.0,884.0,883.0,-0.1191927985138722,0.0,-6.829244303198068,0.0,False,False
1908,31.7968220703125,886.0,645.0,887.0,884.0,-0.11328533601665447,0.004184076002074724,-6.490771634475678,0.23972989608085238,False,False
1909,31.81348707139757,888.0,645.0,891.0,883.0,-0.10736992203554742,0.012604374487651676,-6.151843379285564,0.7221774615448104,False,False
1910,31.83015207248264,889.0,645.0,894.0,883.0,-0.10440935771692841,0.021005313472176913,-5.982215538851671,1.203515809305026,False,False
1911,31.84681707356771,892.0,646.0,898.0,884.0,-0.09523343615640409,0.025204745326941735,-5.456473960290531,1.4441255309358456,False,False
1912,31.86348207465278,894.0,646.0,901.0,884.0,-0.08931399299322221,0.029403288204005115,-5.117314849972639,1.6846843178962914,False,False
1913,31.88014707573785,896.0,646.0,904.0,883.0,-0.08338826745653852,0.03374246255742194,-4.777795786167769,1.9333006949184834,False,False
1914,31.89681207682292,897.0,646.0,908.0,884.0,-0.08042317581943183,0.04618561965887765,-4.60790854949202,2.6462410806501344,False,False
1915,31.913477077907988,899.0,646.0,911.0,883.0,-0.07448879021388173,0.05058970876938464,-4.267893300290812,2.89857679928171,False,False
1916,31.930142078993057,901.0,646.0,913.0,883.0,-0.06854914375186534,0.05058970876938464,-3.927576626217461,2.89857679928171,False,False
1917,31.946807080078127,902.0,646.0,916.0,884.0,-0.06557747656278015,0.058755822715722696,-3.757312638165375,3.3664606634298013,False,False
1918,31.9634720811632,904.0,646.0,919.0,884.0,-0.05963071313116939,0.0629419593073733,-3.416588191771344,3.6063086225966603,False,False
1919,31.980137082248262,905.0,646.0,920.0,883.0,-0.056655720797927356,0.06320683189746022,-3.246133686992798,3.6214847041173397,False,False
1920,31.996802083333336,906.0,646.0,922.0,884.0,-0.053679724182424185,0.0671258882021007,-3.075621641079249,3.846030090047376,False,False
1921,32.0134670844184,907.0,646.0,924.0,883.0,-0.05070277551597251,0.07160731485126633,-2.90505504666447,4.102796923242021,False,False
1922,32.030132085503475,907.0,646.0,924.0,883.0,-0.05070277551597251,0.07160731485126633,-2.90505504666447,4.102796923242021,False,False
1923,32.04679708658854,908.0,646.0,925.0,883.0,-0.04772492713080489,0.07160731485126633,-2.7344369021645174,4.102796923242021,False,False
1924,32.063462087673614,907.0,646.0,925.0,883.0,-0.05070277551597251,0.07580383736113926,-2.90505504666447,4.343239951689387,False,False
1925,32.08012708875868,908.0,645.0,924.0,883.0,-0.04786759829064509,0.0671258882021007,-2.7426113574815973,3.846030090047376,False,False
1926,32.09679208984375,908.0,646.0,925.0,883.0,-0.04772492713080489,0.07160731485126633,-2.7344369021645174,4.102796923242021,False,False
1927,32.11345709092882,907.0,646.0,924.0,883.0,-0.05070277551597251,0.07160731485126633,-2.90505504666447,4.102796923242021,False,False
1928,32.13012209201389,907.0,645.0,922.0,883.0,-0.05085431903008712,0.0629419593073733,-2.9137378504358185,3.6063086225966603,False,False
1929,32.14678709309896,906.0,646.0,921.0,884.0,-0.053679724182424185,0.0629419593073733,-3.075621641079249,3.6063086225966603,False,False
1930,32.16345209418403,905.0,645.0,918.0,883.0,-0.05682498432180286,0.05456762350389413,-3.2558317725363763,3.126494524832007,False,False
1931,32.1801170952691,903.0,645.0,916.0,883.0,-0.06279159655837178,0.05456762350389413,-3.5976934716828888,3.126494524832007,False,False
1932,32.19678209635417,902.0,646.0,914.0,883.0,-0.06557747656278015,0.05058970876938464,-3.757312638165375,2.89857679928171,False,False
1933,32.21344709743924,901.0,645.0,911.0,883.0,-0.06875373549951556,0.041992107221369514,-3.9392988698810245,2.4059705166453,False,False
1934,32.23011209852431,899.0,645.0,909.0,883.0,-0.0747109828067679,0.041992107221369514,-4.280623998102258,2.4059705166453,False,False
1935,32.246777099609375,897.0,645.0,907.0,884.0,-0.08066292221642252,0.041816613207517075,-4.621645006193054,2.3959154503217444,False,False
1936,32.26344210069445,896.0,645.0,904.0,884.0,-0.08363677198663086,0.033460310449650164,-4.792034046931942,1.9171345699624402,False,False
1937,32.280107101779514,894.0,645.0,901.0,883.0,-0.08957997401363661,0.029403288204005115,-5.132554439872967,1.6846843178962914,False,False
1938,32.29677210286459,892.0,645.0,898.0,884.0,-0.09551683767564255,0.025099330520065605,-5.47271167125049,1.4380857074036568,False,False
1939,32.31343710394965,891.0,645.0,896.0,883.0,-0.09848276511348796,0.021005313472176913,-5.642646795781082,1.203515809305026,False,False
1940,32.330102105034726,889.0,645.0,892.0,883.0,-0.10440935771692841,0.012604374487651676,-5.982215538851671,0.7221774615448104,False,False
1941,32.34676710611979,887.0,645.0,890.0,883.0,-0.11032859811638586,0.012604374487651676,-6.321363031663914,0.7221774615448104,False,False
1942,32.363432107204865,886.0,645.0,888.0,883.0,-0.11328533601665447,0.008403163547646988,-6.490771634475678,0.48146580583835247,False,False
1943,32.38009710828993,885.0,644.0,884.0,882.0,-0.11658600546131562,-0.004201655946871886,-6.679886063222551,-0.2407371527218027,False,False
1944,32.396762109375004,883.0,644.0,883.0,883.0,-0.12250656781643621,0.0,-7.019109298514996,0.0,False,False
1945,32.41342711046007,882.0,644.0,880.0,882.0,-0.12546364154266007,-0.008403163547646988,-7.188537142736647,-0.48146580583835247,False,False
1946,32.43009211154514,881.0,644.0,878.0,882.0,-0.1284185111538247,-0.012604374487651676,-7.357838700467842,-0.7221774615448104,False,False
1947,32.44675711263021,880.0,644.0,877.0,882.0,-0.13137112757243852,-0.012604374487651676,-7.527011159775447,-0.7221774615448104,False,False
1948,32.46342211371528,879.0,644.0,876.0,882.0,-0.1343214419529685,-0.012604374487651676,-7.696051722016569,-0.7221774615448104,False,False
1949,32.48008711480035,879.0,644.0,875.0,882.0,-0.1343214419529685,-0.016805140515041995,-7.696051722016569,-0.9628636256362129,False,False
1950,32.49675211588542,878.0,644.0,874.0,882.0,-0.13726940568631452,-0.016805140515041995,-7.8649576020949254,-0.9628636256362129,False,False
1951,32.51341711697049,878.0,644.0,874.0,882.0,-0.13726940568631452,-0.016805140515041995,-7.8649576020949254,-0.9628636256362129,False,False
1952,32.53008211805556,878.0,644.0,874.0,882.0,-0.13726940568631452,-0.016805140515041995,-7.8649576020949254,-0.9628636256362129,False,False
1953,32.546747119140626,877.0,644.0,874.0,882.0,-0.14021497040422437,-0.012604374487651676,-8.033726028713803,-0.7221774615448104,False,False
1954,32.5634121202257,878.0,644.0,875.0,883.0,-0.13726940568631452,-0.012551642069567633,-7.8649576020949254,-0.7191561165450754,False,False
1955,32.580077121310765,878.0,644.0,874.0,882.0,-0.13726940568631452,-0.016805140515041995,-7.8649576020949254,-0.9628636256362129,False,False
1956,32.59674212239583,878.0,644.0,875.0,883.0,-0.13726940568631452,-0.012551642069567633,-7.8649576020949254,-0.7191561165450754,False,False
1957,32.613407123480904,879.0,644.0,878.0,882.0,-0.1343214419529685,-0.004201655946871886,-7.696051722016569,-0.2407371527218027,False,False
1958,32.63007212456597,880.0,644.0,878.0,882.0,-0.13137112757243852,-0.008403163547646988,-7.527011159775447,-0.48146580583835247,False,False
1959,32.64673712565104,881.0,644.0,880.0,882.0,-0.1284185111538247,-0.004201655946871886,-7.357838700467842,-0.2407371527218027,False,False
1960,32.66340212673611,882.0,644.0,882.0,882.0,-0.12546364154266007,0.0,-7.188537142736647,0.0,False,False
1961,32.68006712782118,883.0,644.0,884.0,882.0,-0.12250656781643621,0.004201655946871886,-7.019109298514996,0.2407371527218027,False,False
1962,32.69673212890625,884.0,644.0,886.0,883.0,-0.11954733928007037,0.008368005512292491,-6.849557992766558,0.47945139879656806,False,False
1963,32.71339712999132,885.0,644.0,888.0,883.0,-0.11658600546131562,0.012551642069567633,-6.679886063222551,0.7191561165450754,False,False
1964,32.73006213107639,887.0,644.0,890.0,883.0,-0.11065722117389565,0.012551642069567633,-6.34019174590991,0.7191561165450754,False,False
1965,32.74672713216146,888.0,644.0,893.0,883.0,-0.10768987083282068,0.020917450819302335,-6.170175095029609,1.1984816501184898,False,False
1966,32.763392133246526,889.0,644.0,895.0,882.0,-0.10472061545497137,0.025204745326941735,-6.000049293582321,1.4441255309358456,False,False
1967,32.7800571343316,891.0,644.0,896.0,882.0,-0.09877659206766272,0.021005313472176913,-5.65948184016248,1.203515809305026,False,False
1968,32.796722135416665,892.0,644.0,898.0,883.0,-0.09580192577796302,0.025099330520065605,-5.489046016302847,1.4380857074036568,False,False
1969,32.81338713650174,893.0,645.0,901.0,883.0,-0.09254922368413221,0.033600794415993215,-5.302679914312976,1.9251837083231549,False,False
1970,32.830052137586804,894.0,645.0,902.0,882.0,-0.08957997401363661,0.03374246255742194,-5.132554439872967,1.9333006949184834,False,False
1971,32.84671713867188,895.0,645.0,905.0,883.0,-0.08660913971029573,0.041992107221369514,-4.962338172658846,2.4059705166453,False,False
1972,32.86338213975694,897.0,645.0,907.0,883.0,-0.08066292221642252,0.041992107221369514,-4.621645006193054,2.4059705166453,False,False
1973,32.88004714084202,897.0,645.0,908.0,882.0,-0.08066292221642252,0.04638021692852137,-4.621645006193054,2.657390682905489,False,False
1974,32.89671214192708,899.0,645.0,909.0,883.0,-0.0747109828067679,0.041992107221369514,-4.280623998102258,2.4059705166453,False,False
1975,32.91337714301216,899.0,645.0,911.0,882.0,-0.0747109828067679,0.05058970876938464,-4.280623998102258,2.89857679928171,False,False
1976,32.93004214409722,899.0,645.0,911.0,882.0,-0.0747109828067679,0.05058970876938464,-4.280623998102258,2.89857679928171,False,False
1977,32.946707145182295,900.0,645.0,912.0,883.0,-0.07173299667449921,0.050377507181057816,-4.109997961274774,2.88641854386461,False,False
1978,32.96337214626736,900.0,645.0,913.0,883.0,-0.07173299667449921,0.05456762350389413,-4.109997961274774,3.126494524832007,False,False
1979,32.980037147352434,900.0,645.0,913.0,883.0,-0.07173299667449921,0.05456762350389413,-4.109997961274774,3.126494524832007,False,False
1980,32.9967021484375,901.0,645.0,912.0,883.0,-0.06875373549951556,0.04618561965887765,-3.9392988698810245,2.6462410806501344,False,False
1981,33.01336714952257,901.0,645.0,913.0,882.0,-0.06875373549951556,0.05058970876938464,-3.9392988698810245,2.89857679928171,False,False
1982,33.03003215060764,900.0,645.0,912.0,882.0,-0.07173299667449921,0.05058970876938464,-4.109997961274774,2.89857679928171,False,False
1983,33.04669715169271,900.0,644.0,913.0,882.0,-0.07194766956338206,0.05456762350389413,-4.122297811783642,3.126494524832007,False,False
1984,33.06336215277778,900.0,644.0,912.0,882.0,-0.07194766956338206,0.050377507181057816,-4.122297811783642,2.88641854386461,False,False
1985,33.08002715386285,900.0,644.0,911.0,882.0,-0.07194766956338206,0.04618561965887765,-4.122297811783642,2.6462410806501344,False,False
1986,33.09669215494792,899.0,645.0,910.0,883.0,-0.0747109828067679,0.04618561965887765,-4.280623998102258,2.6462410806501344,False,False
1987,33.11335715603299,899.0,644.0,908.0,882.0,-0.07493450243253934,0.03779711649456458,-4.293430729297305,2.1656152529028594,False,False
1988,33.130022157118056,898.0,644.0,907.0,882.0,-0.07791999639103886,0.03779711649456458,-4.464486932881133,2.1656152529028594,False,False
1989,33.14668715820313,897.0,644.0,906.0,882.0,-0.0809040991552306,0.03779711649456458,-4.635463426902643,2.1656152529028594,False,False
1990,33.163352159288195,896.0,644.0,904.0,882.0,-0.08388675858928366,0.033600794415993215,-4.806357224198761,1.9251837083231549,False,False
1991,33.18001716037327,895.0,644.0,902.0,882.0,-0.08686792271050664,0.029403288204005115,-4.977165346380665,1.6846843178962914,False,False
1992,33.196682161458334,894.0,644.0,902.0,882.0,-0.08984753969462773,0.033600794415993215,-5.147884824136303,1.9251837083231549,False,False
1993,33.21334716254341,893.0,644.0,900.0,882.0,-0.09282555788103318,0.029403288204005115,-5.318512697530538,1.6846843178962914,False,False
1994,33.23001216362847,892.0,644.0,898.0,882.0,-0.09580192577796302,0.025204745326941735,-5.489046016302847,1.4441255309358456,False,False
1995,33.246677164713546,891.0,644.0,897.0,882.0,-0.09877659206766272,0.025204745326941735,-5.65948184016248,1.4441255309358456,False,False
1996,33.26334216579861,890.0,644.0,895.0,882.0,-0.10174950561148935,0.021005313472176913,-5.829817239081026,1.203515809305026,False,False
1997,33.280007166883685,889.0,644.0,893.0,882.0,-0.10472061545497137,0.016805140515041995,-6.000049293582321,0.9628636256362129,False,False
1998,33.29667216796875,888.0,644.0,892.0,882.0,-0.10768987083282068,0.016805140515041995,-6.170175095029609,0.9628636256362129,False,False
1999,33.313337169053824,887.0,644.0,890.0,882.0,-0.11065722117389565,0.012604374487651676,-6.34019174590991,0.7221774615448104,False,False
2000,33.33000217013889,887.0,644.0,889.0,882.0,-0.11065722117389565,0.008403163547646988,-6.34019174590991,0.48146580583835247,False,False
2001,33.34666717122396,886.0,644.0,888.0,882.0,-0.11362261610611417,0.008403163547646988,-6.510096360115514,0.48146580583835247,False,False
2002,33.36333217230903,886.0,644.0,887.0,882.0,-0.11362261610611417,0.004201655946871886,-6.510096360115514,0.2407371527218027,False,False
2003,33.379997173394095,885.0,643.0,886.0,882.0,-0.11693398050013601,0.004184076002074724,-6.699823564322861,0.23972989608085238,False,False
2004,33.39666217447917,884.0,644.0,886.0,882.0,-0.11954733928007037,0.008403163547646988,-6.849557992766558,0.48146580583835247,False,False
2005,33.413327175564234,884.0,644.0,885.0,882.0,-0.11954733928007037,0.004201655946871886,-6.849557992766558,0.2407371527218027,False,False
2006,33.42999217664931,884.0,643.0,884.0,882.0,-0.1199039853650239,0.0,-6.869992308214259,0.0,False,False
2007,33.44665717773437,883.0,644.0,885.0,882.0,-0.12250656781643621,0.008403163547646988,-7.019109298514996,0.48146580583835247,False,False
2008,33.463322178819446,883.0,644.0,884.0,882.0,-0.12250656781643621,0.004201655946871886,-7.019109298514996,0.2407371527218027,False,False
2009,33.47998717990451,883.0,643.0,884.0,882.0,-0.12287186623118607,0.004184076002074724,-7.040039355942982,0.23972989608085238,False,False
2010,33.496652180989585,883.0,644.0,885.0,882.0,-0.12250656781643621,0.008403163547646988,-7.019109298514996,0.48146580583835247,False,False
2011,33.51331718207465,883.0,643.0,885.0,882.0,-0.12287186623118607,0.008368005512292491,-7.040039355942982,0.47945139879656806,False,False
2012,33.529982183159724,883.0,643.0,884.0,882.0,-0.12287186623118607,0.004184076002074724,-7.040039355942982,0.23972989608085238,False,False
2013,33.54664718424479,884.0,643.0,885.0,882.0,-0.1199039853650239,0.004184076002074724,-6.869992308214259,0.23972989608085238,False,False
2014,33.56331218532986,884.0,643.0,887.0,882.0,-0.1199039853650239,0.012551642069567633,-6.869992308214259,0.7191561165450754,False,False
2015,33.57997718641493,884.0,643.0,887.0,882.0,-0.1199039853650239,0.012551642069567633,-6.869992308214259,0.7191561165450754,False,False
2016,33.5966421875,885.0,644.0,888.0,882.0,-0.11658600546131562,0.012604374487651676,-6.679886063222551,0.7221774615448104,False,False
2017,33.61330718858507,886.0,644.0,890.0,882.0,-0.11362261610611417,0.016805140515041995,-6.510096360115514,0.9628636256362129,False,False
2018,33.62997218967014,886.0,644.0,890.0,882.0,-0.11362261610611417,0.016805140515041995,-6.510096360115514,0.9628636256362129,False,False
2019,33.64663719075521,887.0,644.0,891.0,882.0,-0.11065722117389565,0.016805140515041995,-6.34019174590991,0.9628636256362129,False,False
2020,33.66330219184028,888.0,644.0,893.0,882.0,-0.10768987083282068,0.021005313472176913,-6.170175095029609,1.203515809305026,False,False
2021,33.679967192925346,888.0,644.0,893.0,882.0,-0.10768987083282068,0.021005313472176913,-6.170175095029609,1.203515809305026,False,False
2022,33.69663219401042,890.0,644.0,895.0,882.0,-0.10174950561148935,0.021005313472176913,-5.829817239081026,1.203515809305026,False,False
2023,33.713297195095485,890.0,644.0,897.0,882.0,-0.10174950561148935,0.029403288204005115,-5.829817239081026,1.6846843178962914,False,False
2024,33.72996219618056,890.0,644.0,897.0,882.0,-0.10174950561148935,0.029403288204005115,-5.829817239081026,1.6846843178962914,False,False
2025,33.746627197265624,891.0,644.0,898.0,882.0,-0.09877659206766272,0.029403288204005115,-5.65948184016248,1.6846843178962914,False,False
2026,33.7632921983507,892.0,644.0,899.0,882.0,-0.09580192577796302,0.029403288204005115,-5.489046016302847,1.6846843178962914,False,False
2027,33.77995719943576,892.0,644.0,900.0,882.0,-0.09580192577796302,0.033600794415993215,-5.489046016302847,1.9251837083231549,False,False
2028,33.79662220052084,893.0,644.0,901.0,882.0,-0.09282555788103318,0.033600794415993215,-5.318512697530538,1.9251837083231549,False,False
2029,33.8132872016059,893.0,644.0,901.0,882.0,-0.09282555788103318,0.033600794415993215,-5.318512697530538,1.9251837083231549,False,False
2030,33.829952202690976,894.0,644.0,901.0,882.0,-0.08984753969462773,0.029403288204005115,-5.147884824136303,1.6846843178962914,False,False
2031,33.84661720377604,894.0,644.0,902.0,882.0,-0.08984753969462773,0.033600794415993215,-5.147884824136303,1.9251837083231549,False,False
2032,33.863282204861115,894.0,644.0,903.0,881.0,-0.08984753969462773,0.03795644518831435,-5.147884824136303,2.1747441146100535,False,False
2033,33.87994720594618,894.0,644.0,902.0,881.0,-0.08984753969462773,0.03374246255742194,-5.147884824136303,1.9333006949184834,False,False
2034,33.896612207031254,894.0,644.0,903.0,882.0,-0.08984753969462773,0.03779711649456458,-5.147884824136303,2.1656152529028594,False,False
2035,33.91327720811632,895.0,644.0,903.0,881.0,-0.08686792271050664,0.03374246255742194,-4.977165346380665,1.9333006949184834,False,False
2036,33.92994220920139,895.0,644.0,903.0,881.0,-0.08686792271050664,0.03374246255742194,-4.977165346380665,1.9333006949184834,False,False
2037,33.94660721028646,895.0,644.0,903.0,881.0,-0.08686792271050664,0.03374246255742194,-4.977165346380665,1.9333006949184834,False,False
2038,33.96327221137153,894.0,643.0,904.0,882.0,-0.090116704201478,0.041816613207517075,-5.163306814373543,2.3959154503217444,False,False
2039,33.9799372124566,894.0,644.0,902.0,881.0,-0.08984753969462773,0.03374246255742194,-5.147884824136303,1.9333006949184834,False,False
2040,33.99660221354167,894.0,644.0,902.0,882.0,-0.08984753969462773,0.033600794415993215,-5.147884824136303,1.9251837083231549,False,False
2041,34.01326721462674,894.0,644.0,902.0,882.0,-0.08984753969462773,0.033600794415993215,-5.147884824136303,1.9251837083231549,False,False
2042,34.02993221571181,894.0,643.0,901.0,881.0,-0.090116704201478,0.029403288204005115,-5.163306814373543,1.6846843178962914,False,False
2043,34.04659721679688,893.0,644.0,901.0,881.0,-0.09282555788103318,0.03374246255742194,-5.318512697530538,1.9333006949184834,False,False
2044,34.06326221788195,893.0,643.0,900.0,881.0,-0.09310354239641189,0.029403288204005115,-5.334440037031728,1.6846843178962914,False,False
2045,34.079927218967015,892.0,643.0,898.0,881.0,-0.0960887155173669,0.025204745326941735,-5.505477857978346,1.4441255309358456,False,False
2046,34.09659222005209,892.0,643.0,898.0,882.0,-0.0960887155173669,0.025099330520065605,-5.505477857978346,1.4380857074036568,False,False
2047,34.113257221137154,891.0,643.0,897.0,881.0,-0.09907217179840713,0.025204745326941735,-5.676417311243748,1.4441255309358456,False,False
