frame,time_s,Gx,Gy,Bx,By,theta1_rad,theta2_rad,theta1_deg,theta2_deg,theta1_interpolated,theta2_rel_interpolated
0,0.0,1423.8290735684661,199.13203072959905,1405.5061531744705,437.329995851544,1.7962168480510852,-0.07677189126977765,102.91564448361866,-4.39870535499551,False,False
1,0.0166650123935768,1423.8290735684661,199.13203072959905,1405.4321105553263,437.32428868920016,1.7962168480510852,-0.07708273987648924,102.91564448361866,-4.416515668227606,False,False
2,0.0333300247871537,1423.8837451429363,197.71704316320515,1406.519953872324,435.9868455988277,1.7989460790616645,-0.07274589877594409,103.0720179018411,-4.168032976747498,False,False
3,0.0499950371807306,1423.8837451429363,197.71704316320515,1407.413561923405,436.050282692892,1.7989460790616645,-0.06899599822871108,103.0720179018411,-3.9531795017972486,False,False
4,0.0666600495743075,1423.9345288910356,196.2927944652216,1407.5307115606424,434.6306109715224,1.801691006196863,-0.06871754251855679,103.2292906417589,-3.9372251648240892,False,False
5,0.0833250619678844,1423.9362474042841,196.24241090231294,1406.572456133672,434.5122133379355,1.8017880700428952,-0.07274589877594408,103.23485199047985,-4.168032976747497,False,False
6,0.0999900743614613,1423.9827787104164,194.81312977361543,1408.5397343422057,433.21512720786825,1.8045404663498852,-0.06468695126778164,103.39255268241777,-3.706289297212318,False,False
7,0.1166550867550382,1423.9827787104164,194.81312977361543,1408.5397343422057,433.21512720786825,1.8045404663498852,-0.06468695126778164,103.39255268241777,-3.706289297212318,False,False
8,0.1333200991486151,1424.0264459294976,193.33303730858833,1407.6226285991045,431.67085381488914,1.8073884710503916,-0.06871754251855679,103.55573133179021,-3.9372251648240892,False,False
9,0.149985111542192,1424.0264459294976,193.33303730858833,1408.583401561287,431.73503474284115,1.8073884710503916,-0.06468695126778164,103.55573133179021,-3.706289297212318,False,False
10,0.1666501239357689,1424.0252840906037,193.37454067543746,1409.4851153794416,431.8333075384969,1.8073086407243582,-0.060900208277987714,103.55115739103134,-3.489324905796375,False,False
11,0.1833151363293458,1424.0646085442454,191.8894606490775,1409.5830901719482,430.3517965129049,1.8101640488869783,-0.06065425422716493,103.71476022753669,-3.4752327767300835,False,False
12,0.1999801487229227,1424.0646085442454,191.8894606490775,1410.5453230308,430.40828363629157,1.8101640488869783,-0.056619581009240305,103.71476022753669,-3.2440630296285358,False,False
13,0.2166451611164996,1424.0646085442454,191.8894606490775,1409.5244398330833,430.348227512137,1.8101640488869783,-0.06090020827798771,103.71476022753669,-3.4893249057963747,False,False
14,0.2333101735100765,1424.0993146691928,190.40403489932845,1409.6759762456645,428.86989683499496,1.8130178946651083,-0.06041027641772243,103.87827354600476,-3.461253877954181,False,False
15,0.2499751859036534,1424.0993146691928,190.40403489932845,1410.5800291557475,428.9228578865425,1.8130178946651083,-0.05661958100924031,103.87827354600476,-3.244063029628536,False,False
16,0.2666401982972303,1424.0646085442454,191.8894606490775,1409.5244398330833,430.348227512137,1.8101640488869783,-0.06090020827798771,103.71476022753669,-3.4893249057963747,False,False
17,0.2833052106908072,1424.0993146691928,190.40403489932845,1409.6759762456645,428.86989683499496,1.8130178946651083,-0.06041027641772243,103.87827354600476,-3.461253877954181,False,False
18,0.2999702230843841,1424.0993146691928,190.40403489932845,1410.6343688842335,428.9259316614666,1.8130178946651083,-0.05639176092595904,103.87827354600476,-3.2310099003682002,False,False
19,0.316635235477961,1424.0646085442454,191.8894606490775,1409.5244398330833,430.348227512137,1.8101640488869783,-0.06090020827798771,103.71476022753669,-3.4893249057963747,False,False
20,0.3333002478715379,1424.0993146691928,190.40403489932845,1409.6177962968957,428.8663707631558,1.8130178946651083,-0.06065425422716494,103.87827354600476,-3.475232776730084,False,False
21,0.3499652602651147,1424.0993146691928,190.40403489932845,1409.6177962968957,428.8663707631558,1.8130178946651083,-0.06065425422716494,103.87827354600476,-3.475232776730084,False,False
22,0.3666302726586917,1424.0993146691928,190.40403489932845,1409.6177962968957,428.8663707631558,1.8130178946651083,-0.06065425422716494,103.87827354600476,-3.475232776730084,False,False
23,0.3832952850522685,1424.0993146691928,190.40403489932845,1409.6177962968957,428.8663707631558,1.8130178946651083,-0.06065425422716494,103.87827354600476,-3.475232776730084,False,False
24,0.3999602974458455,1424.1288778785727,188.94616646022317,1411.5724857444677,427.5176170082185,1.8158166642483822,-0.05258306161094145,104.03863123095594,-3.0127875041833247,False,False
25,0.4166253098394223,1424.0986049027847,190.4365319822486,1410.524540005185,428.95224375435754,1.8129554838532291,-0.05684924733283813,103.87469766988809,-3.2572219406669767,False,False
26,0.4332903222329992,1424.1293994385685,188.91830653156185,1409.6478810662713,427.38064239538926,1.815870128503666,-0.06065425422716493,104.04169450713852,-3.4752327767300835,False,False
27,0.4499553346265761,1424.1293994385685,188.91830653156185,1410.6101139251232,427.4371295187759,1.815870128503666,-0.056619581009240305,104.04169450713852,-3.2440630296285358,False,False
28,0.466620347020153,1424.1288778785727,188.94616646022317,1410.6095923651274,427.46498944743723,1.8158166642483822,-0.056619581009240305,104.03863123095594,-3.2440630296285358,False,False
29,0.4832853594137299,1424.1293994385685,188.91830653156185,1409.7060610150402,427.3841684672284,1.815870128503666,-0.060410276417722425,104.04169450713852,-3.4612538779541806,False,False
30,0.4999503718073068,1424.1293994385685,188.91830653156185,1410.6644536536091,427.44020329370005,1.815870128503666,-0.05639176092595903,104.04169450713852,-3.2310099003682,False,False
31,0.5166153842008837,1424.1288778785727,188.94616646022317,1410.6095923651274,427.46498944743723,1.8158166642483822,-0.056619581009240305,104.03863123095594,-3.2440630296285358,False,False
32,0.5332803965944606,1424.1293994385685,188.91830653156185,1409.7060610150402,427.3841684672284,1.815870128503666,-0.060410276417722425,104.04169450713852,-3.4612538779541806,False,False
33,0.5499454089880376,1424.1288778785727,188.94616646022317,1411.5724857444677,427.5176170082185,1.8158166642483822,-0.05258306161094145,104.03863123095594,-3.0127875041833247,False,False
34,0.5666104213816144,1424.1288778785727,188.94616646022317,1410.6639320936133,427.46806322236137,1.8158166642483822,-0.05639176092595903,104.03863123095594,-3.2310099003682,False,False
35,0.5832754337751913,1424.1293994385685,188.91830653156185,1409.7060610150402,427.3841684672284,1.815870128503666,-0.060410276417722425,104.04169450713852,-3.4612538779541806,False,False
36,0.5999404461687682,1424.1293994385685,188.91830653156185,1410.6644536536091,427.44020329370005,1.815870128503666,-0.05639176092595903,104.04169450713852,-3.2310099003682,False,False
37,0.616605458562345,1424.1288778785727,188.94616646022317,1410.6639320936133,427.46806322236137,1.8158166642483822,-0.05639176092595903,104.03863123095594,-3.2310099003682,False,False
38,0.633270470955922,1424.1288778785727,188.94616646022317,1410.6095923651274,427.46498944743723,1.8158166642483822,-0.056619581009240305,104.03863123095594,-3.2440630296285358,False,False
39,0.6499354833494989,1424.1288778785727,188.94616646022317,1411.5724857444677,427.5176170082185,1.8158166642483822,-0.05258306161094145,104.03863123095594,-3.0127875041833247,False,False
40,0.6666004957430758,1424.1293994385685,188.91830653156185,1409.6478810662713,427.38064239538926,1.815870128503666,-0.06065425422716493,104.04169450713852,-3.4752327767300835,False,False
41,0.6832655081366527,1424.1544979749842,187.45553903085903,1410.635212461539,425.97436201807307,1.818676173783366,-0.05661958100924031,104.20246905878794,-3.244063029628536,False,False
42,0.6999305205302295,1424.1754629420866,185.9646932867761,1411.6190708079816,424.53614383477145,1.8215339626470126,-0.05258306161094145,104.36620829941437,-3.0127875041833247,False,False
43,0.7165955329238065,1424.1916392683338,184.48769566710055,1412.59875453095,423.107906511584,1.824363130433891,-0.04854482638882847,104.52830767313687,-2.7814136692751763,False,False
44,0.7332605453173834,1424.1916392683338,184.48769566710055,1412.59875453095,423.107906511584,1.824363130433891,-0.04854482638882847,104.52830767313687,-2.7814136692751763,False,False
45,0.7499255577109603,1424.203362006455,182.99187060819085,1413.5745520304988,421.65696734102903,1.8272262908019896,-0.0445050060341345,104.69235467829805,-2.5499490129601687,False,False
46,0.7665905701045371,1424.2103812940716,181.50066157639634,1414.5461666531824,420.2067632063606,1.830078575610159,-0.040463731547660475,104.85577855977543,-2.318401041031308,False,False
47,0.783255582498114,1424.2127408190188,180.00000000000003,1414.5485261781296,418.70610162996434,1.8329469192733405,-0.040463731547660475,105.02012254586882,-2.318401041031308,False,False
48,0.799920594891691,1424.2103812940716,178.49933842360372,1415.5462666151443,417.2438317984885,1.83581327019724,-0.03627440385704867,105.1843523564117,-2.0783702453619637,False,False
49,0.8165856072852679,1424.2103663841096,178.4946045224477,1415.5112207337224,417.2378240386328,1.8358223091078423,-0.03642113421450642,105.18487024784059,-2.0867772755707388,False,False
50,0.8332506196788447,1424.2032432920341,176.98925398553905,1415.504097641647,415.73247350172414,1.8386956431593033,-0.03642113421450643,105.34950016212053,-2.086777275570739,False,False
51,0.8499156320724216,1424.1913721806957,175.48399332321105,1417.4235972371275,414.2897663319749,1.8415668711276674,-0.028332497417541968,105.51400940672772,-1.6233325250904589,False,False
52,0.8665806444659985,1424.1530144188666,172.45011053134704,1417.3852394752985,411.25588354011086,1.847348152201585,-0.028332497417541968,105.84525241244206,-1.6233325250904589,False,False
53,0.8832456568595755,1424.126741906246,170.94063148279284,1417.3862346097678,409.74717570088194,1.8502217870910938,-0.028218314235589483,106.00989956347246,-1.616790310673207,False,False
54,0.8999106692531523,1424.0949541355465,169.39788990809888,1419.2598788236255,408.25061031699033,1.8531568809805454,-0.02024015064179023,106.17806805581267,-1.1596752084835846,False,False
55,0.9165756816467292,1424.016838188762,166.32754285446237,1420.164086820203,405.1981277051134,1.8589928133863292,-0.01612763384363664,106.5124423521877,-0.9240453527727293,False,False
56,0.933240694040306,1424.016838188762,166.32754285446237,1419.2012512106528,405.1806569686733,1.8589928133863292,-0.020158559284128068,106.5124423521877,-1.1550003680448004,False,False
57,0.949905706433883,1424.1530144188666,172.45011053134704,1417.4395560127132,411.2574166930909,1.847348152201585,-0.028105047460455893,105.84525241244206,-1.6103006024989952,False,False
58,0.96657071882746,1424.1754629420866,185.9646932867761,1411.7693387216357,424.54400521852506,1.8215339626470126,-0.05195320656091377,104.36620829941437,-2.9766994681117374,False,False
59,0.9832357312210368,1423.4825059104298,206.38980032734682,1403.4851935284535,444.4530429699221,1.782183174408181,-0.08380326423131094,102.11157421281628,-4.80157334987377,False,False
60,0.9999007436146136,1421.0986878312808,234.42824814981464,1392.522016808038,471.6146176427292,1.7273523905972188,-0.11990398536502447,98.9700017130539,-6.869992308214292,False,False
61,1.0165657560081909,1416.0863361295224,267.6926978521066,1377.2717763459584,503.4201462937511,1.6607601521968838,-0.1631942825088681,95.15454750438569,-9.350343628423774,False,False
62,1.0332307684017674,1407.0534033638116,306.8182402234554,1360.7462786367776,541.1889939439546,1.579673557906959,-0.19506817848192556,90.5086278764834,-11.176583344318997,False,False
63,1.0498957807953444,1392.8051650048694,350.2637802205186,1339.9818347708872,583.2523975025473,1.4850540519146482,-0.22295157493756212,85.0873295235112,-12.77418427971701,False,False
64,1.0665607931889212,1371.8141988768896,397.4049135428787,1317.678796887198,630.0921677090975,1.375073540252627,-0.22858668881885874,78.78591037658805,-13.097052522190891,False,False
65,1.083225805582498,1343.3266253914128,445.8142321356303,1294.8294820996932,679.741629189807,1.2511713157093018,-0.2044212053771466,71.68683583797328,-11.71247231108751,False,False
66,1.0998908179760751,1306.6369746552368,493.6769778941843,1273.2518488074065,730.2344410445245,1.1128665120386898,-0.1402030980087318,63.762554301261744,-8.033045790559369,False,False
67,1.116555830369652,1261.090713410622,539.275693234606,1255.3357175993249,778.108019403431,0.9586015703283992,-0.024091723424921458,54.92382421443044,-1.3803540734444604,False,False
68,1.1332208427632289,1203.3408909476775,582.518754380651,1242.300159584617,818.222329634135,0.7776451617396979,0.16380819564380064,44.555785726452974,9.385518260043053,False,False
69,1.1498858551568056,1134.2421158010795,618.9446321238422,1232.5708643086225,836.6725752476874,0.5719753262572914,0.42419440790376656,32.77177218016109,24.304549265936714,False,False
70,1.1665508675503826,1055.6890279756003,644.6705232718331,1214.154289862114,823.4518443745665,0.3444080016198694,0.7252299122424385,19.733124923353337,41.552613148134796,False,False
71,1.1832158799439596,979.3952431733188,656.1119072442334,1174.0038322376047,794.6813738030967,0.12508603071305857,0.9520341971768597,7.166901635902048,54.547541450359695,False,False
72,1.1998808923375364,905.996280634306,655.4478888355478,1116.1482520489462,769.0707250549465,-0.08688738925128246,1.0751445832603683,-4.978280697008839,61.601246987170846,False,False
73,1.2165459047311131,838.1913092560739,644.6425172308197,1050.4580437595357,754.2638355189924,-0.285164431164857,1.0940897586948755,-16.33871837299519,62.68672558170303,False,False
74,1.23321091712469,774.8955190408358,625.0977955840455,977.7068102597275,751.3577660977672,-0.4739236511723899,1.0139614560252115,-27.15382502360819,58.09571201918443,False,False
75,1.249875929518267,718.063669707301,598.7124988248048,896.1811049925344,757.9236141635608,-0.6482708517114343,0.84138678459804,-37.14318378441642,48.207911695550585,False,False
76,1.266540941911844,668.9467569466326,567.8381028567268,801.2359267540475,766.7691852738919,-0.8048942783656169,0.5868478696497271,-46.11704510457789,33.62390614717284,False,False
77,1.2832059543054208,629.5020980202793,536.2682728485315,694.2124937395055,766.2390637891663,-0.936980817504981,0.27429281153018414,-53.685046327753014,15.715820451456876,False,False
78,1.2998709666989978,600.5942258254372,508.2301625666382,578.7863393401849,746.1343787693914,-1.0392214579067507,-0.09141120186028058,-59.54300351748915,-5.237476066812497,False,False
79,1.3165359790925746,582.0028020810423,487.4232351519794,468.91553364448555,697.8638911991371,-1.1084498304419212,-0.49310501561584197,-63.50949708631381,-28.252836251520296,False,False
80,1.3332009914861516,572.0245688127144,475.1701644914493,381.3809117181354,619.1458430264179,-1.1470717403559438,-0.9239702094736985,-65.72236952112178,-52.939593398661515,False,False
81,1.3498660038797283,568.5459291384868,470.6966051544956,334.2835844182007,517.5490740985529,-1.1608201335591315,-1.3734007669450157,-66.51009442675077,-78.69006752597979,False,False
82,1.3665310162733053,566.5533292114657,468.08389522137566,334.49471441308185,411.3141911719856,-1.1687673598317854,-1.8107194212645616,-66.96543695100932,-103.74658072083035,False,False
83,1.3831960286668823,562.2083170115347,462.2540711892468,371.3283761711209,318.5917999251459,-1.1862894535211428,-2.2159795197881205,-67.96937896764231,-126.9662739712862,False,False
84,1.399861041060459,555.8433799627308,453.36513786695514,431.46940553059693,249.39181979825545,-1.2124721967521983,-2.594030417649796,-69.46953965085652,-148.62699485989157,False,False
85,1.416526053454036,547.7060315248934,441.33565914241524,505.84734129467046,206.12968546782884,-1.2469511397600068,-2.9654704797639737,-71.44503756727605,-169.9089427611111,False,False
86,1.433191065847613,539.2999734201978,428.01751616937975,585.0054235169462,193.5286852382378,-1.283953828966524,2.9490910187798125,-73.56513548944378,168.97046877601946,False,False
87,1.4498560782411898,530.2196317994951,412.43520534258926,660.2463838859944,212.01803107392524,-1.3258405952600423,2.566075212853419,-75.9650704155132,147.02527960963528,False,False
88,1.4665210906347668,521.3341047954234,395.7325790410117,717.0952590238126,258.79620514726196,-1.3692317728907641,2.1811916033654706,-78.45120176185603,124.9730731822145,False,False
89,1.4831861030283435,514.0198186818482,380.649352318168,744.697926713061,318.5074946444538,-1.407217519173428,1.8339374284981889,-80.62762470550743,105.07687454402141,False,False
90,1.4998511154219203,508.98692818943965,369.41105808024236,743.0298551686342,417.34756119646306,-1.4348501945622463,1.3687711703913037,-82.21086038194173,78.42481118260378,False,False
91,1.5165161278154975,508.1272459786207,367.4105273929133,713.3151740020103,489.77030098484306,-1.4397128267922727,1.033079522646321,-82.48946868604654,59.19109654902394,False,False
92,1.5331811402090745,511.1607037503739,374.36076724645494,663.4575620495989,558.4250683811014,-1.4227470207041835,0.6912330326659389,-81.51739960116167,39.60473543178687,False,False
93,1.5498461526026512,520.1679487198742,393.416025640063,605.9911522326058,616.3697825916163,-1.3751364999575817,0.36745418144193653,-78.78951770196134,21.053573761057343,False,False
94,1.566511164996228,535.70322146079,422.0061155493142,546.0396675759389,660.6840531173027,-1.3002842252467022,0.043280042838946604,-74.50079827407411,2.4797637918170423,False,False
95,1.583176177389805,561.1564757683826,460.81448468432905,485.89500274414604,687.5515806307624,-1.190572685836909,-0.3204895210171585,-68.21479010200977,-18.362696932452476,False,False
96,1.599841189783382,598.522380552007,506.02967463692585,438.6514195029406,683.5550976423306,-1.046782333901501,-0.7331202589329706,-59.97620980141012,-42.004696712397305,False,False
97,1.6165062021769587,650.0246579395796,553.547381476696,426.12844055094604,636.880951177398,-0.8673825616586903,-1.214485071142523,-49.697360006288854,-69.5848688581121,False,False
98,1.6331712145705355,703.4111091941162,590.3613679136466,464.97469800868436,575.4590922145569,-0.6942897224408817,-1.633215136790855,-39.779870855171886,-93.57633437499742,False,False
99,1.6498362269641125,755.3074033524152,617.0193913209189,533.8986825533946,527.2854604243994,-0.5333761997951383,-1.955851573213948,-30.56020514098799,-112.06204049918156,False,False
100,1.6665012393576897,806.4513034250006,636.0461203552429,613.952926834819,494.55981356145946,-0.3792599080128224,-2.2046281156730494,-21.729992067654557,-126.31588642394519,False,False
101,1.6831662517512664,859.9996738925855,649.2152419276291,694.9304445657077,476.51275344112634,-0.22103834019405819,-2.3787895142790454,-12.664564003696439,-136.29459951816438,False,False
102,1.6998312641448432,914.7371875089623,656.1208994889514,769.2613594920638,466.6194919406227,-0.06153197552797611,-2.4868740666074647,-3.5255225028552966,-142.4873881971437,False,False
103,1.7164962765384202,971.5155665115205,656.5826129839602,839.8785875248102,457.2193621997387,0.10241058638738497,-2.5580196999177183,5.867694377457079,-146.56373271660658,False,False
104,1.733161288931997,1029.142055959383,650.0900792856255,901.7504842673081,447.98766103729537,0.268070859611975,-2.5791684525213263,15.359328866210166,-147.77546698275964,False,False
105,1.749826301325574,1084.5866823729339,636.9484706546345,957.6543796225193,434.5572887358634,0.4277159293468065,-2.5814392857019346,24.506317582087725,-147.90557613998678,False,True
106,1.766491313719151,1137.5768618302563,617.5070967823624,1011.1044825709107,414.82819485993673,0.5817399164262971,-2.5837101188825415,33.33124198552005,-148.0356852972138,False,True
107,1.7831563261127277,1183.9896454932546,594.2075662382105,1057.9778419027082,391.24198946259673,0.7191959044063058,-2.5859809520631494,41.20688996557553,-148.1657944544409,False,False
108,1.7998213385063049,1225.1864804689926,567.7425461363181,1096.4880490996218,366.4698113631666,0.8447571980936629,-2.5726888511125487,48.40102216406372,-147.40421316910968,False,False
109,1.8164863508998812,1259.918555198114,540.2970688372651,1137.4338060770908,335.1837191187254,0.9547980321036802,-2.6032666603793833,54.705897526937356,-149.1561925868553,False,False
110,1.8331513632934584,1288.373486663719,513.4608561781363,1176.4590434201955,302.3941430434211,1.0492903371473281,-2.654052533167274,60.11990780240112,-152.06600875648974,False,False
111,1.8498163756870356,1310.4647635689562,489.23351313168314,1213.8903720270523,270.7217585318195,1.126557900918334,-2.7254412895321325,64.54701309973771,-156.15628320088382,False,False
112,1.866481388080612,1328.7701926552152,466.3276444914112,1250.2860721788554,240.68579812187747,1.194203817753444,-2.8068558162729778,68.42283863568247,-160.82099197418924,False,False
113,1.883146400474189,1342.3981898656143,447.1933222425211,1286.0846783322747,215.0235817103311,1.2474360671687426,-2.903634938287372,71.47282186116682,-166.36602721059566,False,False
114,1.899811412867766,1352.0838839736293,432.26780798357754,1320.6384912567328,195.44469408444786,1.287201554783834,-3.0095847472248902,73.75121647179131,-172.4365041029329,False,False
115,1.9164764252613429,1358.9844236285855,420.8336244950487,1354.0494922618634,181.98294634569584,1.316743467949626,-3.120934435780601,75.44384341493314,-178.8163713072713,False,False
116,1.93314143765492,1362.1680565926627,415.30296382551523,1386.8181130899625,177.67641919154568,1.3307686039360105,3.0382279193668436,76.24742451405004,174.07763697853352,False,False
117,1.9498064500484968,1362.9926717414442,413.84203441087107,1415.1301479277063,180.6989805213611,1.3344459144969893,2.9215838246409445,76.45811888915301,167.39442264561532,False,False
118,1.9664714624420736,1361.1096417565946,417.1607147152009,1441.9604498640533,192.35602875787734,1.3260760402156826,2.7963477284811558,75.97856041777904,160.21892289296488,False,False
119,1.9831364748356504,1357.0655125354365,424.0866146044264,1466.6612138348626,211.80665262806139,1.3084154819059568,2.6650067647409728,74.96668496278706,152.69363999347163,False,False
120,1.9998014872292276,1349.5562259742362,436.28204176137587,1485.6952856420135,239.96557166074115,1.276645980932162,2.535264495760184,73.14642663975185,145.25995555642135,False,False
121,2.0164664996228043,1339.231788236137,451.82020582929863,1501.602709537201,276.5784188153457,1.2348085948021226,2.394299204339465,70.74932098864143,137.18323930018244,False,False
122,2.0331315120163813,1325.5114955602548,470.621829408493,1512.6405095934306,322.10673890597343,1.1818702852484182,2.2416537933956606,67.71617927665709,128.43730149106236,False,False
123,2.049796524409958,1308.2690423493632,491.7958932378263,1516.9658762458798,375.52194292405335,1.1186870188773124,2.0791069518057217,64.09604477774185,119.1240534947773,False,False
124,2.066461536803535,1287.8089001968947,514.0378624446383,1514.6499755440955,439.0903705898369,1.04736619777244,1.8899013847176873,60.009662737025096,108.28337304025358,False,False
125,2.083126549197112,1263.355732066848,537.2828722293424,1500.8326293326265,511.2305543858397,0.9659706915341488,1.6800640166722631,55.34604375824025,96.26057746711746,False,False
126,2.099791561590689,1235.9180355772446,559.8135973318833,1473.0211351356684,589.0731287667531,0.87826222837771,1.4480128343593854,50.32071899179762,82.96502408956874,False,False
127,2.116456573984266,1205.0564122694057,581.4210857524085,1426.026175399322,672.2305774496351,0.7828685480248366,1.1808784628640419,44.855063715357936,67.65935204000571,False,False
128,2.1331215863778423,1171.1917560014576,601.2719508120413,1358.6241376171818,749.4039943470495,0.6809574961827012,0.9019841688587623,39.01599055906465,51.67988606322246,False,False
129,2.1497865987714198,1134.2421158010795,618.9446321238422,1271.3785350762917,814.5657007958368,0.5719753262572914,0.6114175272111846,32.77177218016109,35.03164382952605,False,False
130,2.1664516111649963,1093.3581733585345,634.2150207678662,1171.299473874385,860.0449427753316,0.45307472771953905,0.33233217001771687,25.959269702368516,19.041230738439292,False,False
131,2.1831166235585733,1047.4654173116248,646.5176308826935,1066.3978674289156,884.6679244633573,0.3207475488449566,0.07933106674481785,18.377480837982237,4.545335308748701,False,False
132,2.1997816359521503,998.1865161074351,654.4596300727633,964.4007202754583,890.9602008965987,0.17911867989574448,-0.14189705460416507,10.262744389980947,-8.130102354156046,False,False
133,2.216446648345727,945.0442265036752,657.2087331032733,868.9038475524527,883.6521977763882,0.02611768303149055,-0.3243683494639614,1.496433008364854,-18.58493743190957,False,False
134,2.233111660739304,889.3721557043609,653.7204149726267,780.5582329674362,866.4021730493423,-0.13522188688918385,-0.4729066036629309,-7.747643416545635,-27.0955524937519,False,False
135,2.2497766731328808,833.3350907985019,643.4784659681776,700.8162967758018,842.2566570022274,-0.29949831345884026,-0.5880026035475686,-17.15998933247773,-33.69006752597985,False,False
136,2.2664416855264577,779.0063160685486,626.6655596295058,628.3193765173282,812.0501497352825,-0.46151880469992723,-0.6825178431167985,-26.443079675228333,-39.1053918529646,False,False
137,2.2831066979200347,728.7929359977859,604.4027299859576,562.8708900717139,776.2860470231456,-0.6148887016430902,-0.7677529361063267,-35.23052747442795,-43.989002947669675,False,False
138,2.2997717103136117,682.2899990265109,577.0650014602337,505.112295921513,737.3212385383493,-0.7616327373473388,-0.8355036828493888,-43.63834138899846,-47.87083479490684,False,False
139,2.3164367227071883,642.2126548621025,547.2011359511189,453.74198051196925,694.0098717606954,-0.8936291561321925,-0.9090248259535517,-51.20117909621192,-52.08328599975273,False,False
140,2.333101735100765,606.9131666989313,514.7729765307395,407.9820842817659,647.062146338154,-1.0163733819550886,-0.9839484571451712,-58.233905195464565,-56.37609385282726,False,False
141,2.3497667474943422,578.5309484302616,483.2532902299618,369.1805743943953,598.3463868563142,-1.1217583600311964,-1.0681350663744915,-64.27201966330425,-61.19963125318442,False,False
142,2.366431759887919,555.3216300043401,452.61704729811555,335.8392313649945,546.9646847222681,-1.2146475532385688,-1.1648128378867495,-69.59417839646196,-66.73885953356691,False,False
143,2.383096772281496,537.4934830750394,425.0232899052395,309.7859881219157,497.29566873818726,-1.29211557075761,-1.2634615495967587,-74.03276884754854,-72.39101436895321,False,False
144,2.3997617846750727,523.2124962032153,399.3995251264008,289.628563630475,449.5248325454433,-1.3598302488929095,-1.3594099103449049,-77.912534115788,-77.88845049102068,False,False
145,2.4164267970686497,512.9238426885845,378.2672177989979,275.4351036159236,404.21136576491824,-1.4131206153656921,-1.461984121977654,-80.9658472033839,-83.76551990445891,False,False
146,2.4330918094622267,505.8304034414178,361.9378659662078,266.93704479995245,363.9286439548864,-1.4529317212031896,-1.562463186354762,-83.24685554562114,-89.5225462226905,False,False
147,2.449756821855804,501.56473136407254,351.2291489648861,263.86856038963197,327.2597871859504,-1.4784586363789818,-1.6712969258495287,-84.70944004918249,-95.75826016436689,False,False
148,2.46642183424938,499.1901603595623,344.91921513639784,265.318402334466,296.1544655907391,-1.4932997099717122,-1.7763616395174395,-85.559770929489,-101.77802483328864,False,False
149,2.483086846642957,498.80069405672134,343.8578107749621,270.70275805423864,272.8273131601536,-1.4957821273883494,-1.872681944940375,-85.70200297045209,-107.2967718154339,False,False
150,2.499751859036534,500.7661320732759,349.13703058512925,281.96347687834344,253.22353789693915,-1.4833953335584118,-1.9839251590733,-84.99229196229797,-113.67053848472057,False,False
151,2.516416871430111,504.9952808503747,359.89949485604694,297.38742123514044,241.6921489507218,-1.4578247337693433,-2.0883952530031493,-83.52720451476623,-119.65623395223622,False,False
152,2.533081883823688,511.5995307603615,375.34183214535136,317.53404770460065,236.01276738736848,-1.4203356881143883,-2.1934671155519663,-81.37924042076405,-125.67640822186212,False,False
153,2.5497468962172647,521.3341047954234,395.7325790410117,341.41986864718535,238.55475735106702,-1.3692317728907641,-2.2888478135337103,-78.45120176185603,-131.14131966322802,False,False
154,2.5664119086108417,534.4231874795819,419.81737587274995,369.9833448732196,246.51550582053497,-1.3061757336249007,-2.382427537967539,-74.83835683911086,-136.50304292128368,False,False
155,2.5830769210044187,551.1399599806616,446.50859032287843,399.7513661813168,261.69654074965126,-1.232253365591774,-2.455284103952625,-70.6029171391999,-140.6774166620455,False,False
156,2.599741933397996,572.5557465134868,475.8437104805979,430.30830411460636,283.9070929971766,-1.1449859977468715,-2.5038011075495703,-65.60286527247132,-143.4572362027715,False,False
157,2.6164069457915726,599.556462344141,507.131453915978,461.0643939228338,312.46777732378996,-1.043004179304624,-2.523228179511925,-59.75973748866112,-144.57032543451135,False,False
158,2.633071958185149,632.2353005815297,538.6853551512802,489.8260254006615,346.8687804178653,-0.9275863898613387,-2.50295768643581,-53.14678527283128,-143.4089117326008,False,False
159,2.649736970578726,670.5949769460707,569.0144768907153,516.2350644047576,386.6768302012887,-0.7995169630964813,-2.4390985866809167,-45.80894763454517,-139.75005483314052,False,False
160,2.666401982972303,713.7097771651559,596.3023804035581,537.7222391585822,434.74005043030974,-0.6618907806901023,-2.313485434427342,-37.92354823216203,-132.55295135767648,False,False
161,2.68306699536588,760.5737064790013,619.2917448393748,558.1489149481936,492.413047755471,-0.5173337447143141,-2.1306848550039224,-29.64104017182856,-122.07924966416851,False,False
162,2.699732007759457,808.52300489481,636.6794519426478,581.0101841113412,563.7965569730513,-0.37308679888088603,-1.880813391006621,-21.376298967920935,-107.76266935636805,False,False
163,2.7163970201530336,856.0454559373756,648.4648022150225,617.1960651107133,653.4616513954962,-0.23263738439957588,-1.5498788759755957,-13.329140283058276,-88.80151834988159,False,False
164,2.7330620325466106,897.1955930590416,654.6067014373684,679.6386024746184,753.3131138321526,-0.1124561604073205,-1.1448666702609565,-6.443263371585653,-65.59602831114849,False,False
165,2.749727044940188,930.3858636663155,656.9234429904717,782.2538201313072,844.3558246061958,-0.016227993838892372,-0.6688121579361344,-0.9297955569328357,-38.320113936777545,False,False
166,2.7663920573337646,953.8586122390806,657.163451490319,917.6829293784738,893.3102701637214,0.05154441814196763,-0.1520097378205045,2.9532776169922976,-8.709516422005077,False,False
167,2.7830570697273416,971.5155665115205,656.5826129839602,1057.4771684426416,879.4830458983794,0.10241058638738497,0.3680750050972482,5.867694377457079,21.089144336328587,False,False
168,2.799722082120918,990.2935270021377,655.2448532280125,1168.8508490065274,813.9624727874702,0.1564291998776027,0.8441539861131703,8.96273294559501,48.36646066342976,False,False
169,2.816387094514495,1016.2890988811585,652.1557166616085,1243.3194968694856,726.5277435888195,0.2311383430164463,1.2542270731824916,13.243251538489499,71.86191784440261,False,False
170,2.833052106908072,1050.7331891274453,645.8019165626627,1289.4698010086195,636.9232822365036,0.3301475725119566,1.6079692777585721,18.916062521424422,92.12985320226538,False,False
171,2.849717119301649,1090.0286883644112,635.2744164839005,1314.7197853393268,554.1084695590415,0.4434441610131086,1.9174434397670588,25.407478875770845,109.86141655369954,False,False
172,2.866382131695226,1130.0349940245478,620.7155442713971,1325.3755484322553,483.17984780066445,0.5596730791250217,2.1842563923685994,32.066905340955124,125.1486726571919,False,False
173,2.8830471440888026,1169.9468431175728,601.9321096383972,1331.1970748669312,425.65856437201796,0.6772533434960852,2.40067551656124,38.80375824344951,137.5485750793478,False,False
174,2.89971215648238,1206.2904915940157,580.6250628317375,1332.7276654287364,377.92419684274216,0.7866306309933531,2.583883809960998,45.07061519163198,148.04563706294846,False,False
175,2.9163771688759565,1238.8522906427283,557.5635581549051,1335.9723312375627,339.2937761995054,0.8874939085341229,2.722942792121353,50.84965530257475,156.0131298441218,False,False
176,2.933042181269533,1266.7902303704805,534.2120954450809,1341.7377222252828,307.37102009788026,0.977194772683766,2.8224875956669986,55.989136237025654,161.7166269597462,False,False
177,2.9497071936631105,1290.0538315319227,511.731922900506,1347.9959933628993,279.9632755766004,1.055030521670987,2.8966139904629284,60.44879614923309,165.9637565320735,False,False
178,2.966372206056687,1307.7765408562204,492.3656312205615,1353.4819909529688,257.8768002894196,1.116927944815413,2.9490910187798125,63.995257258144086,168.97046877601946,False,False
179,2.983037218450264,1322.3628285628968,474.6773607409659,1360.029699171438,238.76380271905103,1.170081221048678,2.983265152781362,67.04071565360319,170.92850242282276,False,False
180,2.999702230843841,1332.4272616513533,461.3855468497613,1364.9700484159089,224.71073401663224,1.208215514824893,3.0049494910987047,69.22564974169231,172.17092348994032,False,False
181,3.016367243237418,1338.843794144204,452.3792227587758,1369.4476823736654,215.44589453068835,1.2332727959190901,3.013137220722325,70.66132619446276,172.640045841168,False,False
182,3.033032255630995,1341.46369250099,448.5710246815252,1370.0052989483884,211.3804331703908,1.243691625292256,3.021836502452242,71.2582811450121,173.13847796908752,False,False
183,3.0496972680245715,1340.90586540543,449.3885097757499,1369.2158737130771,212.17016430133063,1.2414636121602896,3.0228128673699204,71.1306253958507,173.1944195581351,False,False
184,3.0663622804181485,1336.7683479655577,455.34094305823805,1367.123411572842,218.37560780137454,1.225098635825837,3.0141873380511286,70.19298132005508,172.700213132102,False,False
185,3.083027292811725,1328.7701926552152,466.3276444914112,1363.640486622541,229.98454093509358,1.194203817753444,2.995108475196231,68.42283863568247,171.60707481260744,False,False
186,3.0996923052053025,1317.01531455383,481.36467443220727,1358.477909682688,246.08855323589802,1.150328820065043,2.967154263321739,65.90898644199085,170.00541645258457,False,False
187,3.1163573175988795,1301.7094367653426,499.23849308880864,1353.738497510314,266.07122086134507,1.0954410342265175,2.9220488173004044,62.764147966625416,167.42106476250694,False,False
188,3.133022329992456,1280.4874918194084,521.3474663740747,1349.6640663243998,292.6804562047995,1.022611946335235,2.8478246151534115,58.591348604667594,163.16833124175838,False,False
189,3.149687342386033,1255.2025218650265,544.3394097761563,1346.4056539603491,323.5318268085347,0.9395616905153646,2.7498927141523666,53.832919458707224,157.5572466347055,False,False
190,3.16635235477961,1224.475997359956,568.2512986315663,1342.281680924074,360.415255270481,0.8425525183401271,2.6259273805808188,48.274703319008175,150.4545562151244,False,False
191,3.183017367173187,1190.1976148208919,590.5933756716358,1339.9059558110803,404.417618286402,0.7378577848508866,2.4643423063450065,42.276136952827734,141.19641342910427,False,False
192,3.199682379566764,1151.6881159650782,611.0855775628161,1337.4852418576297,460.90758979474356,0.6232028611393171,2.2505718394452288,35.70689372376037,128.94826789120594,False,False
193,3.2163473919603405,1112.4452774290319,627.6157505902029,1330.0668176248887,529.0517346270577,0.5084192566085101,1.9960715557020803,29.130277626846414,114.3664757478416,False,False
194,3.233012404353917,1073.32631641713,640.1887240909746,1310.9528610510997,615.5386675936751,0.395216442225095,1.6741610610178448,22.64423413367388,95.9223630214664,False,False
195,3.2496774167474944,1038.2979161094047,648.3980043873801,1268.0075769900188,714.0293360675558,0.2943868370918521,1.292496667789784,16.86712330956844,74.05460409907708,False,False
196,3.2663424291410714,1008.2576471774746,653.2647257743598,1186.8700113749742,811.9204012347094,0.20806106135315777,0.8445008470080335,11.921020696548421,48.386334328783555,False,False
197,3.2830074415346484,985.3288614128583,655.6709980467529,1068.6624311135602,879.5672154353864,0.14215336053613295,0.35631125565237365,8.144787602321971,20.41513114188791,False,False
198,3.299672453928225,965.6422243051686,656.8484743322094,932.6952901298944,893.4673652273578,0.08549975206729829,-0.13835097017712697,4.898774942871127,-7.926926682689695,False,False
199,3.316337466321802,942.110781821188,657.1876942520626,810.9707556692001,856.8781886198615,0.01764981070787266,-0.5810822987973288,1.0112596627659114,-33.29356327084677,False,False
200,3.333002478715379,910.847780316619,655.8413779947731,714.8533018242247,792.4435902773505,-0.07280958614685734,-0.9621070194674867,-4.171681994309111,-55.12467165539792,False,False
201,3.349667491108956,872.8232803912581,651.4125733029255,643.6450801238766,718.8762859357473,-0.18350090390718593,-1.284510528390987,-10.513827330717431,-73.59703201692287,False,False
202,3.366332503502533,830.3364420567941,642.7327676402788,591.4866167573957,647.708805667349,-0.30835994364263136,-1.549966006758682,-17.667723341614696,-88.80651057601811,False,False
203,3.3829975158961094,785.184070501848,628.9405361076778,550.545571257775,584.0097596566845,-0.44292000812700194,-1.759995348894867,-25.377447127577334,-100.84030545433069,False,False
204,3.3996625282896864,741.5980216178434,610.7458964130664,516.9337616296151,529.5056952566083,-0.5753593866522964,-1.917773932014553,-32.96566455841225,-109.88035236464276,False,False
205,3.4163275406832634,700.2875589115001,588.4910909825983,486.00722774326977,482.8599418151603,-0.7041697212001261,-2.02879427839212,-40.34595308567108,-116.24134965215787,False,False
206,3.4329925530768404,662.4833249463804,563.1217321119138,454.9963463515994,444.70233457245297,-0.8260784852035888,-2.089416955015171,-47.33081074872587,-119.71477316544508,False,False
207,3.4496575654704174,630.0220491464584,536.7309611916097,424.54607958066043,414.8555086550333,-0.9351904675440721,-2.106154409694049,-53.582466831141524,-120.67375867833628,False,False
208,3.466322577863994,601.6603638675242,509.35169001523155,394.3596089705933,390.6065974043679,-1.0353444451620892,-2.0909873727405213,-59.32086705010162,-119.80475147318019,False,False
209,3.482987590257571,577.5609104735122,482.0707849657753,365.3076556842242,372.4233689845786,-1.1255007746767423,-2.0476258464338297,-64.48644422768197,-117.32031902256126,False,False
210,3.499652602651148,557.9305958788975,456.3277017905557,339.8272378953295,358.83449568730146,-1.203815152634844,-1.9911564925112497,-68.97352755987356,-114.08486337096691,False,False
211,3.516317615044725,542.3244051358525,432.92224679009234,317.98217096753024,350.796964639188,-1.2704622566548263,-1.9217163242053277,-72.79212533698794,-110.10623479835948,False,False
212,3.532982627438302,530.4345432469272,412.82014569212834,300.2772175890118,348.7763681177514,-1.3248228586200068,-1.8421916075965343,-75.90675840138334,-105.5498041697017,False,False
213,3.5496476398318784,522.0316342701772,397.10340423154,287.6164378437164,351.02178442120976,-1.3657250940285885,-1.764902424825225,-78.25028386294564,-101.12146019489045,False,False
214,3.566312652225456,516.7271382964777,386.39104748380333,279.7010829846089,356.51381362096225,-1.3928837485945855,-1.6961854471364148,-79.80636014683097,-97.18426739242697,False,False
215,3.5829776646190323,514.2595391231575,381.1658358670727,275.8231279377257,366.26356016798275,-1.4059342921506068,-1.6332151367908558,-80.55410121294264,-93.57633437499746,False,False
216,3.5996426770126093,514.7072212531722,382.1260830356789,275.80764161949696,381.13066812053813,-1.4035453185205422,-1.574962969349162,-80.41722310657188,-90.23873103309901,False,False
217,3.6163076894061854,518.0962466926253,389.22134307676816,279.4017035584966,399.16694904068993,-1.385761876542451,-1.5291537476963093,-79.39830693601148,-87.61405596961126,False,False
218,3.632972701799763,524.1572040602225,401.2147597287119,286.25298785746924,423.02264621396375,-1.3551509657193266,-1.479385124934618,-77.64443093879511,-84.76252393318761,False,False
219,3.64963771419334,533.9296638527771,418.96631016781487,297.0126363134135,449.6961338235477,-1.3084589149350152,-1.4418093530231175,-74.96917349204357,-82.60959079071242,False,False
220,3.666302726586917,546.8584177298538,440.03598623718193,311.4246576263265,480.59390289367144,-1.2506143674500427,-1.4002018216645435,-71.65492505331056,-80.2256548479079,False,False
221,3.682967738980494,563.2597517976391,463.6819026825477,330.2598390660501,516.4553871901292,-1.1820243567569229,-1.3480586872784883,-67.72500692383761,-77.23807331700345,False,False
222,3.699632751374071,585.6647018136663,491.71910798761326,356.0305439798613,557.614127192096,-1.094552325417639,-1.2913485626685262,-62.71322870266058,-73.98882252119165,False,False
223,3.7162977637676473,611.6818387157011,519.5493052752677,386.9022803516074,600.4699462863408,-0.9993300062239836,-1.225240746213187,-57.25739169741655,-70.2011236454752,False,False
224,3.732962776161224,643.2328422949095,548.045532373062,425.3358984422787,645.9992043802076,-0.890185250561997,-1.1483239344091822,-51.003857841998126,-65.79411495550372,False,False
225,3.749627788554801,678.7700890790137,574.6957244350638,472.3392285226993,694.9467111668968,-0.7729866384866955,-1.0433257430294385,-44.288872005292376,-59.77816173293749,False,False
226,3.766292800948378,718.063669707301,598.7124988248048,527.6662740485642,743.0136829030046,-0.6482708517114343,-0.9222617034652244,-37.14318378441642,-52.84170321510321,False,False
227,3.7829578133419552,760.5737064790013,619.2917448393748,594.1845873170164,790.7229585214193,-0.5173337447143141,-0.770473898407365,-29.64104017182856,-44.14490260373338,False,False
228,3.799622825735532,805.5545182941115,635.7687743856409,670.7227493980529,832.9853915768904,-0.3819335582104415,-0.5996843151378055,-21.88318093987245,-34.35938029758948,False,False
229,3.8162878381291088,852.0941610022677,647.6803200094446,756.6541905820602,866.6899363421297,-0.24423985158600928,-0.41096570385949793,-13.993912684779938,-23.54660035577248,False,False
230,3.8329528505226858,897.1955930590416,654.6067014373684,849.9566169059179,888.7914130049783,-0.1124561604073205,-0.19904572336856313,-6.443263371585653,-11.404479879147171,False,False
231,3.849617862916263,943.0885515527718,657.1967105618444,947.1031384395523,896.0646303253163,0.020472641621267454,0.0168051405150394,1.1729959603824922,0.9628636256360642,False,False
232,3.86628287530984,987.363579989976,655.5026618331308,1042.4723134730875,887.961319434622,0.14800461873331497,0.2327717415008835,8.480040001861829,13.336838377910816,False,False
233,3.882947887703416,1030.2718687934873,649.8912596203936,1133.4891151416416,865.344735007319,0.271317751412907,0.4467636600691859,15.545362062939198,25.597672161781734,False,False
234,3.899612900096993,1071.2063347453109,640.7654353455082,1216.141593815224,830.680602402637,0.38910373742454224,0.6518691143055739,22.29400194719285,37.34934904464042,False,False
235,3.91627791249057,1110.6553248824594,628.2732811997796,1288.32875619665,787.9797363136591,0.5032182594942001,0.838602342940938,28.832282442936734,48.04837494029823,False,False
236,3.932942924884147,1147.1107165186597,613.2293862775107,1350.0911570233245,739.217245901096,0.6097263047442036,1.0153025915293519,34.934743919950336,58.17255342332683,False,False
237,3.949607937277724,1181.15829658646,595.8147329517407,1400.8467334575191,689.6816105239209,0.7107100791155712,1.1670022349097628,40.72068799073106,66.86430274266408,False,False
238,3.9662729496713007,1212.2033510997412,576.7356582984032,1442.6175274094871,639.8491065919428,0.8047110217660888,1.3034409312730142,46.10654527485701,74.6816642065453,False,False
239,3.9829379620648777,1239.904893993596,556.7475588170416,1476.2001728569473,591.9404726903072,0.8908134181892489,1.4229469615361392,51.0398491958664,81.52885536698507,False,False
240,3.999602974458455,1263.9053125103162,536.7954917074189,1502.596364794888,546.8245275176956,0.9677626348724168,1.5288042195735247,55.44871454864958,87.59402948335457,False,False
241,4.016267986852031,1284.4403651017465,517.4403651017466,1523.0337802771091,505.3084965335082,1.03593219705139,1.6216000308531164,59.354542752759386,92.91083782616765,False,False
242,4.032932999245609,1300.6262087530406,500.437988514082,1537.343299530893,468.2041718975237,1.0916390035708425,1.7061341433273045,62.54630765647588,97.75428569582283,False,False
243,4.049598011639185,1313.2247188304707,485.95989168115267,1546.508487019521,434.4556831199342,1.1365190747650042,1.788089757717916,65.117746320148,102.4499965078065,False,False
244,4.066263024032763,1322.3628285628968,474.6773607409659,1551.1333157305444,405.84376283211674,1.170081221048678,1.863064809406193,67.04071565360319,106.74575053831998,False,False
245,4.082928036426339,1327.7776517889583,467.64627565481675,1551.8803562342514,384.86960103988906,1.1904325110932155,1.9246214389688383,68.2067586808018,110.27268561330979,False,False
246,4.099593048819916,1329.9017193543712,464.8126986555662,1547.6296624782167,366.4839501480237,1.198519383010716,1.9949907346986606,68.67010231113744,114.30454926593657,False,False
247,4.116258061213493,1329.3358691516096,465.5718528848444,1540.5476121557244,353.9313601540984,1.1963590965247048,2.0570389598824,68.54632701294986,117.8596506952422,False,False
248,4.13292307360707,1325.0756037068695,471.1886637245451,1529.6661314941298,347.83261020575645,1.180230901379529,2.1133756509208848,67.6222494999679,121.08750532347985,False,False
249,4.149588086000647,1317.01531455383,481.36467443220727,1514.8663081709901,347.4655171357459,1.150328820065043,2.165759374778789,65.90898644199085,124.08887161571651,False,False
250,4.166253098394224,1305.569052628419,494.897180833932,1497.5225745117555,352.67255063021685,1.1090713840241861,2.208469025317045,63.545109483318825,126.53595433603722,False,False
251,4.1829181107878,1289.5053251548477,512.298212815796,1477.8702641075238,365.35383635533185,1.0531545458305271,2.233287720556344,60.341310651106234,127.95796082627051,False,False
252,4.199583123181378,1269.6658840645123,531.594549532365,1454.9601505064247,380.79655609825613,0.9866407230602413,2.253913361786841,56.530349327087706,129.139723018529,False,False
253,4.216248135574954,1245.2456454117564,552.5339380417909,1432.1778168554415,403.7711628614767,0.9077223092975361,2.242978093543405,52.00865729261754,128.51317830033668,False,False
254,4.232913147968532,1216.6277656092798,573.742133905615,1409.836153318202,433.22694284458123,0.8183024085400172,2.199592613210328,46.885274374733044,126.02737338510352,False,False
255,4.249578160362108,1183.19834128102,594.6593102489016,1386.4937522895589,469.1803245067893,0.7168227227659133,2.1237849975164167,41.070916673563104,121.6839169508927,False,False
256,4.266243172755685,1147.1107165186597,613.2293862775107,1364.195116953012,513.4879049968631,0.6097263047442036,2.0014888381814018,34.934743919950336,114.6768631703369,False,False
257,4.282908185149262,1107.3111739042583,629.4800635416866,1338.0646083639667,567.6185045163186,0.49350776671069885,1.8327225197281631,28.27591218944987,105.0072653990055,False,False
258,4.299573197542839,1067.214244607805,641.8230563683182,1305.9508564889793,632.9444220421592,0.3775975607010997,1.6079692777585721,21.634746582607924,92.12985320226538,False,False
259,4.316238209936416,1027.3837727919536,650.3939296714314,1259.2685345577072,707.869639852687,0.2630180396432361,1.3278297333873963,15.069823607362002,76.07903963507914,False,False
260,4.332903222329993,991.3601485247748,655.1464797542542,1190.4456277550119,787.2031795451655,0.15949579545856932,0.9851165994410904,9.138435929857865,56.443023476254155,False,False
261,4.349568234723569,960.7411689157684,657.0148637902474,1093.9525647278276,855.329573345043,0.07138171099538518,0.5914909614909952,4.089870774458153,33.88993571356913,False,False
262,4.3662332471171466,935.2688067221266,657.0685266335196,974.381357107465,892.7467148528675,-0.0021128537660838206,0.16445854639927776,-0.1210576035249242,9.422780613535037,False,False
263,4.382898259510723,912.7916273840384,655.985070399238,849.9324441004723,886.4687424389793,-0.06717234381929836,-0.2662520491509267,-3.848691800847477,-15.255118703057853,False,False
264,4.3995632719043005,887.4485990473842,653.4824501970277,742.3646517421683,843.2840524935767,-0.14082480638942443,-0.6526522676435532,-8.068667056860969,-37.394220425618215,False,False
265,4.416228284297877,857.9326082248098,648.8272600034738,658.397841857954,780.204111126205,-0.22710025880172546,-0.9885276053622468,-13.011886355667595,-56.63845971943055,False,False
266,4.432893296691454,823.4298040093706,640.9364453618714,594.5218623107805,709.3115448302809,-0.32880258458324174,-1.2805314268658545,-18.83900038961302,-73.3690462932787,False,False
267,4.449558309085031,787.2458518363428,629.6783429791835,548.642266735568,641.6085222342218,-0.4367240121774352,-1.5208379310729556,-25.022442709787004,-87.13759477388835,False,False
268,4.466223321478608,749.2285003241049,614.3022379817394,513.1860466450622,577.4517283356435,-0.551951388988258,-1.725664352024996,-31.624485085410765,-98.87328422721025,False,False
269,4.482888333872185,712.5156947370405,595.6309788566623,484.41775873455776,524.6004812418538,-0.665633921586112,-1.872681944940375,-38.1380144076262,-107.2967718154339,False,False
270,4.4995533462657615,679.2435745319852,575.0170839604174,461.14021654841724,477.52387785716314,-0.771457000933042,-1.9911564925112497,-44.20123022928332,-114.08486337096691,False,False
271,4.516218358659338,648.887564180486,552.6405447743928,438.50940320202244,439.43705815264747,-0.8711854561916575,-2.064453685497748,-49.91524981296125,-118.28448317924918,False,False
272,4.532883371052916,622.40096269455,529.8106130184947,417.3673335081528,407.19246223055063,-0.9615887074490727,-2.109772826624045,-55.09497456427189,-120.88107869694375,False,False
273,4.549548383446492,599.5875581925668,507.16447740761345,397.6227412976435,379.5548667327113,-1.04289070401748,-2.134299749055783,-59.75323583362873,-122.28636783672708,False,False
274,4.5662133958400695,581.105861032774,486.3551518571743,378.8558795878624,359.1979853051749,-1.1118754140040805,-2.132061117833917,-63.70576856679492,-122.15810371582793,False,False
275,4.582878408233646,566.1537197027499,467.5554047201137,361.83202568770594,343.7545753415398,-1.1703676808533292,-2.115551060021742,-67.05712859140985,-121.21214708367333,False,False
276,4.599543420627223,555.479776661643,452.8441216465604,349.048916105329,332.59313491472665,-1.21398769923166,-2.0982669105603584,-69.55637154677129,-120.22183826706272,False,False
277,4.6162084330208,547.8831153945257,441.6060252035882,338.34336681118043,326.8580676460418,-1.2461876220161787,-2.071809713598487,-71.40129122297135,-118.70595254340114,False,False
278,4.6328734454143765,543.1481223505298,434.2354438684688,329.8681292727271,326.5988118478948,-1.2668236693232173,-2.038175261762364,-72.58364963949697,-116.77884040695525,False,False
279,4.649538457807954,541.8193710027199,432.1123913760855,325.99598111316607,329.67087451606614,-1.2727005882068072,-2.0139626288139176,-72.92037228806741,-115.39155872810989,False,False
280,4.6662034702015305,543.6554664174676,435.0395797304593,325.4262645383667,337.82838980249556,-1.2645899905595082,-1.9898638264947195,-72.45566927354844,-114.01079906389975,False,False
281,4.682868482595107,548.3957940441644,442.38652212779095,327.69512180109075,350.92498227930935,-1.2439806288943538,-1.9636668342595467,-71.27483983167637,-112.50982197288735,False,False
282,4.6995334949886844,556.5203722108629,454.33129657707104,333.8256210685505,367.8382459101905,-1.2096563909448148,-1.9412566740268247,-69.30820586216502,-111.22581437334047,False,False
283,4.716198507382261,568.139987860958,470.1673503377057,342.8214123723434,390.75992285273094,-1.1624348282614048,-1.909628005582117,-66.60260961839316,-109.41362515984012,False,False
284,4.732863519775838,583.1532079974154,488.7839243701459,354.68698262689884,418.9470869206426,-1.104068788641443,-1.8674530744041924,-63.25848188127601,-106.99717960209033,False,False
285,4.749528532169415,602.1923269169076,509.90857609802043,369.90550370725896,454.0799833952717,-1.0334133816677953,-1.8066659301305563,-59.210225261906785,-103.51433278655814,False,False
286,4.766193544562992,625.1057802388586,532.3011656017704,389.03977533486517,495.60182870493077,-0.9521805045753564,-1.7250239367079594,-54.5559242468051,-98.83659113240851,False,False
287,4.782858556956569,651.6662885257688,554.8466337942166,413.017267736116,543.8627876490858,-0.8619024449294722,-1.6167889741564674,-49.38337244646562,-92.63518458245152,False,False
288,4.7995235693501455,682.2899990265109,577.0650014602337,444.2274239835815,597.0702598672021,-0.7616327373473388,-1.4869596847264839,-43.63834138899846,-85.19651424093102,False,False
289,4.816188581743723,714.9038490552681,596.9692755067695,483.43291710775,656.0895568266976,-0.6581510577162253,-1.3207312375435447,-37.70927788921076,-75.67232578233529,False,False
290,4.832853594137299,750.0527000233806,614.6766166150642,535.1812672171784,719.1001166704144,-0.5494291904633719,-1.1184264351324873,-31.47997375484067,-64.08111442895365,False,False
291,4.849518606530876,786.0582227721732,629.2546542249156,601.3823368610118,780.8093214672269,-0.44029236198975025,-0.8835888388388613,-25.22689409385896,-50.62591129033183,False,False
292,4.866183618924453,821.3539643897553,640.3749273531619,684.2175451145426,835.995996025156,-0.3349557759491434,-0.6114175272111876,-19.191552285415522,-35.03164382952622,False,False
293,4.88284863131803,856.9884847487313,648.6469109278014,779.6352968110322,874.6789536028944,-0.22987008799898453,-0.3297291084987837,-13.17058587864265,-18.892086299591508,False,False
294,4.899513643711607,892.2628151502853,654.0631187877076,883.3102956763845,892.7969714250523,-0.12680612539971078,-0.03748243669166302,-7.265455801810097,-2.147585428298591,False,False
295,4.916178656105184,928.4340623733345,656.8514506217243,985.2037664227241,888.9100654201083,-0.02187277518596692,0.23992309446966303,-1.2532177043943789,13.746580720830234,False,False
296,4.93284366849876,965.6422243051686,656.8484743322094,1079.5546754227869,866.8436016099066,0.08549975206729829,0.49703037903266706,4.898774942871127,28.477743008359425,False,False
297,4.949508680892338,1004.2467991214423,653.7666134188323,1162.9644186808996,832.3239354232221,0.19653554371770834,0.7266423406817246,11.260657179333569,41.633539336570145,False,False
298,4.966173693285914,1043.6530263753837,647.3223646397414,1233.2310873199096,792.6982870220727,0.30978350549185235,0.9166048357940592,17.7492874274509,52.51758857228144,False,False
299,4.982838705679492,1083.016461665478,637.4183229342739,1293.4261683495963,750.5631652078097,0.423180528952408,1.077417704017373,24.246458281086717,61.73148721287079,False,False
300,4.999503718073068,1121.5887324794326,624.1292317459246,1344.4130416330077,710.2879646186406,0.5350275593958922,1.201836780589039,30.654821076569597,68.86017519134228,False,False
301,5.016168730466645,1158.3415352849674,607.8630101602531,1388.7557115947134,670.9764584537927,0.6428416833074225,1.3034409312730142,36.83211534860077,74.6816642065453,False,False
302,5.032833742860222,1191.9026968663995,589.5786482075994,1426.3178932928604,635.6602680179298,0.7429975055260952,1.3766902287645677,42.57062125539332,78.87853980510954,False,False
303,5.049498755253799,1222.0318245371773,569.9865324492005,1458.612261432922,603.2084661409439,0.8349802106418042,1.431283057901945,47.84084204671984,82.00647850636008,False,False
304,5.066163767647376,1248.1741493829354,550.1704090597534,1485.8499595335193,574.3408304309994,0.9170427505358655,1.4694498235292281,52.5426792387735,84.19327309446838,False,False
305,5.082828780040953,1270.2207109439155,531.0845653356323,1508.5049497772416,548.2491079634569,0.9884684256190694,1.4988866338379054,56.63506896991382,85.8798780874828,False,False
306,5.099493792434529,1287.254565591465,514.6024963955938,1525.9438392761517,524.673773766256,1.0454791855087668,1.5286272472184554,59.9015448984272,87.5838897143186,False,False
307,5.116158804828107,1301.1960092390193,499.8080471769785,1540.0783627458916,502.84468726393084,1.0936376990100256,1.558085147031468,62.660824469673116,89.27170304692345,False,False
308,5.132823817221683,1309.9789146457529,489.80365963395474,1548.861430657838,486.7798303173467,1.1248122621771457,1.583453878628946,64.4469953673131,90.72522429905911,False,False
309,5.149488829615261,1315.4084884372892,483.32686271966054,1554.0510560514626,472.2036921952716,1.1444562051748555,1.617372786562493,65.57251039407743,92.66863456934415,False,False
310,5.166153842008837,1317.1213629036324,481.23442154301966,1555.2525256027784,462.0628448850379,1.1507173929876156,1.651131533077148,65.93125003048732,94.60286826628587,False,False
311,5.182818854402414,1314.9376264446862,483.89784969007343,1552.2909812693483,456.74301672284554,1.1427405621301778,1.684707836806103,65.47421128846642,96.52664876160435,False,False
312,5.199483866795991,1309.9789146457529,489.80365963395474,1546.3979816577357,455.4521712646924,1.1248122621771457,1.7150857213326385,64.4469953673131,98.2671733355106,False,False
313,5.216148879189568,1300.1088304671043,501.0080276973675,1535.425694895946,459.7772950410325,1.089826577855642,1.744249311581596,62.442463312313905,99.93812397222476,False,False
314,5.232813891583145,1287.8201456814736,514.0263886247001,1522.387132050446,468.7237517723239,1.047404500944504,1.761580412731199,60.01185734712633,100.93112292241133,False,False
315,5.249478903976722,1270.2207109439155,531.0845653356323,1504.0085130014606,481.9188902248185,0.9884684256190694,1.7780762434779014,56.63506896991382,101.87626440375952,False,False
316,5.266143916370298,1248.7109305400882,549.7330312436718,1482.739635404076,501.727143066444,0.9187550251814429,1.7731179551731986,52.640785349332354,101.59217541029098,False,False
317,5.282808928763876,1224.2722056812086,568.3968639892418,1459.6482391435518,527.5052649555299,0.8419204340546868,1.7428083144241753,48.2384875571559,99.8555609168142,False,False
318,5.299473941157452,1194.8564320596436,587.7979758246272,1432.1217535132962,559.884408594786,0.7519160552795179,1.6879050713617596,43.081616515641876,96.70983680775686,False,False
319,5.31613895355103,1162.0768365767976,605.9975990168459,1400.8092835805592,597.0076742342779,0.6538948427548168,1.6084354459942833,37.46541473522162,92.15656267471469,False,False
320,5.332803965944606,1126.1724308220273,622.2999435149476,1364.1571755358732,643.2107369835287,0.5483940317017673,1.4831552983478462,31.420663526674733,84.97853895779802,False,False
321,5.349468978338183,1089.3981299612146,635.4720327128209,1320.6900278848943,695.2889028654972,0.4416209547950968,1.3177206746302923,25.30301685429676,75.49983323344732,False,False
322,5.36613399073176,1052.8467314634267,645.3261968109138,1266.1229426433058,752.9703222649099,0.3362285844575642,1.1033822572620586,19.264478841076375,63.21914653073399,False,False
323,5.382799003125337,1015.3196863489057,652.2969621511313,1195.4227935385443,809.2583293108169,0.22835292519622424,0.8539473071493119,13.083658853210245,48.92757662621736,False,False
324,5.399464015518914,980.509693819234,656.0347680791197,1106.9468676539539,858.7356340681155,0.12829209284210932,0.5577088436287913,7.350595464753383,31.954362937051332,False,False
325,5.416129027912491,948.9597893906687,657.208716627792,1005.0158007051953,889.4407635022612,0.03741598778932891,0.23684876094691834,2.14377818664157,13.570434385161377,False,False
326,5.432794040306067,917.6585304801197,656.3098552060559,896.6605538761883,894.2869233839389,-0.053066106897934555,-0.08800737352774314,-3.0404639604417154,-5.042451069171049,False,False
327,5.449459052699645,887.3274808608036,653.4672010388705,794.6645676702865,873.6661667926785,-0.1411776728303848,-0.39832013937745686,-8.0888848146598,-22.822062881390988,False,False
328,5.466124065093221,854.9184303306065,648.244577680533,705.3155637232566,834.505100343988,-0.23594551157160548,-0.6766839449597841,-13.518682008108122,-38.771134110458526,False,False
329,5.482789077486799,821.3539643897553,640.3749273531619,630.3514652897256,783.8742142417843,-0.3349557759491434,-0.9264667177769293,-19.191552285415522,-53.08263278795601,False,False
330,5.499454089880375,786.0582227721732,629.2546542249156,570.0529854840252,731.3121745950033,-0.44029236198975025,-1.1294084913459503,-25.22689409385896,-64.71033990036051,False,False
331,5.516119102273952,750.8790294498796,615.0500717279319,520.8356340768348,679.5018850867586,-0.5469016563213538,-1.2976277516072319,-31.335156715927813,-74.34859354614471,False,False
332,5.532784114667529,716.8679382867955,598.0564963873062,480.2301760502021,630.8676146806148,-0.6520069787018936,-1.4330193195080465,-37.35724809269466,-82.1059589685203,False,False
333,5.549449127061106,685.8182507876987,579.3946593013013,447.04921002242503,587.35362732681,-0.75029161614829,-1.5374753309166511,-42.98854300934662,-88.09084756700372,False,False
334,5.566114139454683,656.2376121939924,558.4035330666838,417.54306905986374,548.4579271027612,-0.8467039196522114,-1.6124389058934876,-48.51256109325568,-92.38594403038896,False,False
335,5.58277915184826,631.645803877329,538.1671830134972,393.9496329028883,514.1978212345615,-0.9296090871106099,-1.6712969258495283,-53.26267728844724,-95.75826016436687,False,False
336,5.599444164241836,610.0897837454404,517.9696823434106,373.60921034423643,484.0441992394398,-1.0050017921132166,-1.713284048784594,-57.58236109117146,-98.16394510244308,False,False
337,5.616109176635414,591.810746738016,498.70455655229375,356.26839516266455,458.78212408189466,-1.071528060579612,-1.7386922500452735,-61.39403550105017,-99.61972779969899,False,False
338,5.63277418902899,578.0931810808138,482.72059552486155,343.6409410717684,436.8278166294735,-1.123445945117436,-1.7640969054393327,-64.368711166315,-101.07530733376285,False,False
339,5.649439201422568,568.139987860958,470.1673503377057,334.7179808447272,419.29332316750094,-1.1624348282614048,-1.785389208286123,-66.60260961839316,-102.29526642299831,False,False
340,5.666104213816144,560.7747236815726,460.28920052823,328.263074377395,405.4044764435527,-1.1921313699531852,-1.8026045255586367,-68.30409612346648,-103.28163144569201,False,False
341,5.682769226209721,557.4087822445084,455.59151483271967,325.9378502969905,396.47123351279066,-1.2059727515446108,-1.8208614160462524,-69.09714887128523,-104.32767421766493,False,False
342,5.699434238603298,557.4087822445084,455.59151483271967,327.51147475430054,390.62053662896466,-1.2059727515446108,-1.8462224304909345,-69.09714887128523,-105.78075330951553,False,False
343,5.716099250996875,559.3487646604183,458.31370742328926,330.25015548108513,390.5802055789644,-1.1979733742376337,-1.8582595322801796,-68.63881831286271,-106.47042843960865,False,False
344,5.732764263390452,565.2298073447848,466.3276444914112,337.0439611942745,395.58006773732257,-1.1740762004806682,-1.8714418358875091,-67.2696111142978,-107.22571880056871,False,False
345,5.749429275784029,574.5720319621571,478.3779626969852,346.66949032231446,406.7230151071654,-1.1371004712678197,-1.8754207560394427,-65.151057885983,-107.45369413229406,False,False
346,5.766094288177605,586.6604667529899,492.86965461566734,358.38775487059013,422.4028609476219,-1.0907969904937134,-1.870211568448388,-62.498063860861556,-107.1552296686347,False,False
347,5.782759300571183,602.7021801997616,510.4406320064205,372.99251931914745,444.8093003262448,-1.031564695229101,-1.849095985800009,-59.10430333132654,-105.94539590092292,False,False
348,5.799424312964759,622.40096269455,529.8106130184947,390.80878167999214,471.1670993710309,-0.9615887074490727,-1.8188022258812355,-55.09497456427189,-104.20969131199462,False,False
349,5.816089325358337,646.1122271935928,550.4032237651286,411.4039548851605,505.838361934413,-0.8804919458228779,-1.7584360985992653,-50.44847239091244,-100.75096699318819,False,False
350,5.832754337751913,672.9248018377758,570.6594242461554,435.330340381523,545.7020228326832,-0.7919325025332241,-1.675454542868952,-45.37439005438711,-95.99647407241162,False,False
351,5.84941935014549,703.4111091941162,590.3613679136466,464.5281177931156,593.3474053061586,-0.6942897224408817,-1.558296977775537,-39.779870855171886,-89.28384005452972,False,False
352,5.866084362539067,735.98749076408,608.0253741847098,500.47318334026363,648.1129158738695,-0.5926395264350856,-1.4021993871854692,-33.95574363736218,-80.34010692155779,False,False
353,5.882749374932644,769.5967748314758,623.0125231862028,546.4897119513046,708.4363986132948,-0.4899487079877459,-1.2051326096179498,-28.071993145585445,-69.04901228469556,False,False
354,5.899414387326221,804.0983258472384,635.314299714316,606.8817086559884,770.146068610374,-0.38627692750990533,-0.9711120116570945,-22.132037669598418,-55.64061970241072,False,False
355,5.916079399719798,837.9732650079783,644.5914022633001,683.1614627341481,826.545533507217,-0.28580757372611215,-0.7049749875780175,-16.375567727380343,-40.39209145050804,False,False
356,5.932744412113374,869.658235599158,650.903654136772,775.0646872481308,870.2801811636211,-0.19275489006734106,-0.40710417205599103,-11.044041681366796,-23.325350880975993,False,False
357,5.949409424506952,900.0003149905892,654.892650615922,876.924177298196,892.6771998810113,-0.10430301975543722,-0.09674346233894214,-5.976122822456201,-5.542992087504213,False,False
358,5.966074436900528,930.3175761176034,656.9210592261659,980.0348364666332,890.592182866608,-0.01642546092629568,0.20963984587421094,-0.9411095876337862,12.01147838636535,False,False
359,5.9827394492941055,961.7521031970517,656.984670038004,1074.4842459344627,867.6157788368516,0.07429434629421107,0.49141824559422553,4.256752484341702,28.156191448272484,False,False
360,5.999404461687682,994.386696633387,654.8541891804002,1156.7576179344505,830.0959761943537,0.168196490065037,0.7472934492503248,9.636949009640702,42.81676069981739,False,False
361,6.016069474081259,1029.4790256337737,650.031073792471,1225.7954957344084,786.1701334602482,0.26903924314947264,0.964468168965288,15.414813155858727,55.25995555642137,False,False
362,6.032734486474836,1065.33485135122,642.3081904484113,1283.0266958725097,740.7168324922824,0.37218261600832475,1.1462349464305375,21.324493105415158,65.6744247608738,False,False
363,6.0493994988684126,1101.252697353028,631.5950679085358,1330.620610274493,698.4109381943542,0.47593592945676033,1.2873361631410263,27.269120076508443,73.75892896254561,False,False
364,6.06606451126199,1135.3559060156088,618.4678467904337,1370.8982575909602,658.3902792608325,0.5752353164369338,1.402900403544521,32.9585558587087,80.38027220030109,False,False
365,6.082729523655567,1167.0648814605277,603.4423785449018,1405.127456503457,623.447636951871,0.6686881018851798,1.4869596847264805,38.31300604863479,85.19651424093084,False,False
366,6.099394536049143,1196.099796766711,587.0396679081575,1434.8990477724806,594.0337882305025,0.7556760889278091,1.5415159944491175,43.29705057451614,88.32236053384646,False,False
367,6.1160595484427205,1221.8196256133474,570.1360959687523,1460.7023020868917,567.1249697947167,0.8343236712042954,1.5834007012825457,47.8032251078667,90.72217746154466,False,False
368,6.132724560836297,1243.3753955808338,554.0235619507203,1482.1422000922387,545.997787009161,0.9017882582064646,1.6043971212108874,51.668661209684146,91.92518370832302,False,False
369,6.1493895732298745,1260.9325298646452,539.4139211171205,1499.5310939348449,527.3837414161026,0.9580878855209501,1.621173833975952,54.89439224296362,92.88641854386448,False,False
370,6.166054585623451,1275.3558965757752,526.2865939997082,1513.895919619609,513.1466774761075,1.0054676527541626,1.6258254586885528,57.60905293973892,93.15293700777525,False,False
371,6.182719598017028,1285.0051176627803,516.8746657642425,1523.5481791483244,503.7900252608165,1.0378437384175099,1.6255937337680104,59.464066005402735,93.13966014782017,False,False
372,6.199384610410605,1291.1871142377981,510.5559413966974,1529.607668859714,495.40209258598264,1.0589134805818374,1.6342702669717024,60.67127330684754,93.63678888119685,False,False
373,6.2160496228041815,1293.4338699916223,508.2005084131158,1531.7883674464913,492.0408814670232,1.0666397712662958,1.6384893494888644,61.113957154358246,93.87852450284765,False,False
374,6.232714635197759,1292.3238245766208,509.36826832555573,1530.6829139556248,493.2765154560875,1.062817730465433,1.6382045911851773,60.894970347342,93.86220905386509,False,False
375,6.249379647591336,1286.6974151267534,515.1681162583968,1524.9868332484218,498.07562635093564,1.043584755541657,1.6424036416461618,59.7930020567287,94.10279692324195,False,False
376,6.266044659984912,1277.6254393230336,524.1203552137697,1516.050033158107,509.0301910469933,1.0130300419798914,1.6340031586923551,58.04234592540839,93.62148470411725,False,False
377,6.282709672378489,1265.0079416735496,535.8130815927827,1503.6039475485395,523.7322711687331,0.9713625143940436,1.6213860355642793,55.654972451994375,92.8985767992816,False,False
378,6.299374684772066,1248.7109305400882,549.7330312436718,1487.5084470775166,542.6799400379255,0.9187550251814429,1.6003236075587106,52.640785349332354,91.69178856826437,False,False
379,6.316039697165643,1228.4548575148522,565.3766510587976,1467.348004844495,567.3926269856304,0.8549201973644828,1.5623577085406508,48.98331912947623,89.51650278910967,False,False
380,6.33270470955922,1204.0314048123055,582.0781726731914,1442.455998647379,597.1683368399687,0.779746741958112,1.5075894948974342,44.676197403276284,86.37851529588254,False,False
381,6.3493697219527965,1176.6154450051945,598.3404682971353,1413.0757714101846,632.406786508024,0.6971263966610043,1.4277130331267394,39.94240031583847,81.80193115398366,False,False
382,6.366034734346374,1145.4058547196523,614.0128071992394,1377.05552653806,672.4288113969254,0.6047137394005331,1.323772676743676,34.647545081224465,75.84658741214845,False,False
383,6.38269974673995,1112.211279215673,627.7021702202492,1333.6770731553597,717.2951504958501,0.5077391960725081,1.1863776065766936,29.091313028320094,67.97442976567656,False,False
384,6.399364759133528,1078.1004224048,638.8514784167999,1280.8012883937954,765.2886522515201,0.40898858430909274,1.013087483166103,23.433319749941457,58.045637062948536,False,False
385,6.416029771527104,1042.8931055767873,647.4788896868383,1216.2979078102994,811.8101848267372,0.30759835806784,0.8122573742758855,17.62408770244111,46.53891942438632,False,False
386,6.432694783920681,1007.4096169063813,653.3737193647576,1139.2309488298424,852.6151218139591,0.20562424444106567,0.5844979449992498,11.781401372039442,33.48926538252673,False,False
387,6.449359796314258,973.5800457456403,656.4719311440704,1050.9332336833386,882.5039738191635,0.10835283468684968,0.32972910849878023,6.208160125835198,18.892086299591313,False,False
388,6.466024808707835,939.1457102742787,657.1481008375748,957.1624487351148,895.3694204864128,0.009087508128261215,0.07548654493392189,0.520675862040198,4.325060434738369,False,False
389,6.482689821101412,905.8284491496831,655.4333848191351,863.0047860396069,890.4655823535041,-0.08737460795487392,-0.18022635585275623,-5.006196272424465,-10.326209547385835,False,False
390,6.499354833494989,872.5223505357649,651.3651235828574,775.3111606078011,869.5943254619583,-0.18438047099736374,-0.4190674996998231,-10.564222812783223,-24.010799063899757,False,False
391,6.516019845888565,837.0429689430513,644.3721043744351,696.5870145211416,837.6235593946508,-0.28855204161796133,-0.6284897260326405,-16.532814154592465,-36.00980876900369,False,False
392,6.532684858282143,802.9184836052223,634.9423223150176,628.6308393151492,798.3369888369606,-0.3897977863478179,-0.8176450458327038,-22.333768021272146,-46.84761026599469,False,False
393,6.549349870675719,768.3998997333753,622.5313595495256,570.2366311157007,755.9679323875573,-0.49357411379940647,-0.9781694787520206,-28.279713597615796,-56.04498278100244,False,False
394,6.566014883069297,735.98749076408,608.0253741847098,521.5189336966955,713.2738327455555,-0.5926395264350856,-1.1145835250392901,-33.95574363736218,-63.86093189956524,False,False
395,6.582679895462873,704.6022910547614,591.066114752967,480.0261187598588,672.5495047006748,-0.6905286787830597,-1.2227360551453332,-39.56437892701423,-70.05761541830309,False,False
396,6.59934490785645,675.9511043660136,572.7651921639651,445.39877160253513,635.3720756299092,-0.7821090794476265,-1.305638768268596,-44.811549371210994,-74.80759099044985,False,False
397,6.616009920250027,650.5281308587107,553.947096268804,416.07589084966514,599.8398751641913,-0.8657005931198137,-1.3774957481504637,-49.60099030773744,-78.92469266623735,False,False
398,6.632674932643604,628.9193550850871,535.7480897074686,392.1482682775261,567.5828576815941,-0.9389891890795492,-1.4371440794777044,-53.80011754266982,-82.3422903062862,False,False
399,6.649339945037181,611.1525605352706,519.0258063997267,373.08998549234116,539.0310648066951,-1.0012135953799692,-1.4869596847264839,-57.36531340639114,-85.19651424093102,False,False
400,6.666004957430758,596.9586700039968,504.3502232073058,358.18962923872306,512.3091912328146,-1.0525126288287117,-1.5374753309166511,-60.30453151610452,-88.09084756700372,False,False
401,6.682669969824334,586.1979187191191,492.336130064046,347.315083793742,489.3376007553589,-1.0925401644097015,-1.5833479688644658,-62.59794036920497,-90.71915611654516,False,False
402,6.699334982217912,579.0640599711011,483.899891469297,340.5678367851923,469.98761178345205,-1.119706144735248,-1.6290636297644312,-64.15443638819421,-93.33847054376443,False,False
403,6.715999994611488,574.5720319621571,478.3779626969852,336.76899284791705,455.4931514014722,-1.1371004712678197,-1.6667351996481852,-65.151057885983,-95.49689250573566,False,False
404,6.732665007005066,573.0866244553112,476.5143969333976,336.0605691434423,446.63716307055654,-1.1429049401622933,-1.6961854471364148,-65.4836294559513,-97.18426739242697,False,False
405,6.749330019398642,574.5720319621571,478.3779626969852,338.52957828311446,441.5274530508893,-1.1371004712678197,-1.725664352024996,-65.151057885983,-98.87328422721025,False,False
406,6.765995031792219,579.5967592230733,484.5436892575704,344.5645616887042,441.72002614749414,-1.1176586940509041,-1.751022682647653,-64.03712610522014,-100.32620954738584,False,False
407,6.782660044185796,588.1947522203427,494.62802508005973,353.9324075000567,447.7755561360022,-1.0850299982450837,-1.7681918866447788,-62.16763954453042,-101.3099324740203,False,False
408,6.799325056579373,599.556462344141,507.131453915978,365.6847043190447,458.36670437031927,-1.043004179304624,-1.7763616395174395,-59.75973748866112,-101.77802483328864,False,False
409,6.81599006897295,614.3453093714985,522.1591103607443,380.47355134640225,473.3943608150856,-0.9898808789132029,-1.7763616395174395,-56.71599658242701,-101.77802483328864,False,False
410,6.832655081366527,632.7532112371113,539.1391871575871,397.75321123711126,496.1391871575868,-0.9258108850868885,-1.7517730009559571,-53.04505634274996,-100.36919961974307,False,False
411,6.849320093760103,655.0920506863849,557.520528087573,418.61147728518097,523.5950449836022,-0.8505042806313128,-1.7132840487845942,-48.73030573798439,-98.16394510244308,False,False
412,6.865985106153681,680.643744881671,575.9625555015773,442.41118097424817,558.09511320852,-0.766937925271371,-1.6456561745056657,-43.942306266569275,-94.28915332881915,False,False
413,6.882650118547257,708.9337269241285,593.5897116996076,470.1073207688178,599.585353695138,-0.6768831452787758,-1.5456969962748328,-38.782547448014405,-88.56191429259646,False,False
414,6.899315130940835,740.0077257543834,609.9839513314741,503.9891161314971,646.9868689418414,-0.5802513445938358,-1.4152825886652423,-33.245953102017964,-81.0897191488681,False,False
415,6.915980143334411,772.5060291690465,624.166471206063,546.0652081201998,700.3147119127542,-0.48114518934872524,-1.2463932587252524,-27.567588682704805,-71.41307333851424,False,False
416,6.932645155727988,804.9963127434157,635.5951632815412,599.2596277312218,757.0299871180064,-0.38359823022623807,-1.03758131282402,-21.978559620651126,-59.449030126459554,False,False
417,6.949310168121565,837.0429689430513,644.3721043744351,666.6080269211263,811.7815740527752,-0.28855204161796133,-0.7943531478984163,-16.532814154592465,-45.51308281751053,False,False
418,6.965975180515142,868.5467086801393,650.7197479191638,749.0462943331563,857.5860114105784,-0.1960064219882142,-0.5238384677112597,-11.230340737384891,-30.013733346455233,False,False
419,6.982640192908719,897.9621368308766,654.686515477116,842.8534033477642,887.1451730786072,-0.11022743713593876,-0.23277174150088686,-6.31556693443289,-13.336838377911008,False,False
420,6.999305205302296,925.4198762573752,656.7245517688941,941.3775734412624,895.0926534532164,-0.03059320687621929,0.0668458644073945,-1.7528616357779745,3.8299859084474726,False,False
421,7.015970217695872,953.8727216858753,657.1632484764816,1036.5546242156693,881.3009360572489,0.05158509955406295,0.3534022494181193,2.955608490209992,20.24845736208789,False,False
422,7.03263523008945,983.5250569943483,655.8129046290775,1121.256720930587,851.0153348120929,0.13696558565246839,0.6144636296206375,7.8475499964240205,35.20617264155233,False,False
423,7.049300242483026,1014.4880730203494,652.4165111424452,1193.4812052599443,810.6424843929165,0.2259634427367729,0.8469040651204446,12.946751593063144,48.524028583874106,False,False
424,7.065965254876604,1045.9656748603356,646.8380824219873,1253.3903970720703,765.3664951144076,0.31643412611033084,1.051650212548372,18.1303399200324,60.25511870305768,False,False
425,7.08263026727018,1078.1004224048,638.8514784167999,1302.3567337857037,721.2110971982826,0.40898858430909274,1.2188315796339886,23.433319749941457,69.83390545029084,False,False
426,7.099295279663757,1110.084143791493,628.4813954266058,1343.084056523082,681.2548799341881,0.5015591163857452,1.3480586872784848,28.737220545214054,77.23807331700326,False,False
427,7.115960292057334,1140.8144505373978,616.0825137091449,1378.0660771827468,644.112241751634,0.5912318173719002,1.453197986183918,33.87508784925935,83.26211140524902,False,False
428,7.132625304450911,1168.3130170954112,602.791376998309,1407.0440407356227,611.8190207494098,0.67239591615604,1.5329992103003307,38.52544815757346,87.83438474709706,False,False
429,7.149290316844488,1193.6126125974333,588.5513667923144,1432.4954475228103,585.5528374836281,0.7481581081165504,1.5833479688644625,42.866302003570674,90.71915611654498,False,False
430,7.165955329238065,1215.1654412226349,574.7395294797185,1453.7614470976246,562.6587190556688,0.8138041705064248,1.6213860355642795,46.62754432016297,92.89857679928161,False,False
431,7.182620341631641,1232.6320956292282,562.2908656330353,1470.9266282227381,545.2698275906422,0.867961153610617,1.642103791580185,49.73051088319449,94.08561677997477,False,False
432,7.199285354025219,1247.5137480055344,550.7067402404039,1485.569264933067,530.6176670819628,0.9149378054990158,1.6549850443337453,52.42207477205501,94.82365819759504,False,False
433,7.215950366418795,1258.6566877308833,541.389137900705,1496.6181113542004,520.2146044426984,0.9507108831437185,1.6595456316814927,54.471721141290274,95.08496060472173,False,False
434,7.232615378812373,1265.0079416735496,535.8130815927827,1503.0634586010822,515.7240084343417,0.9713625143940436,1.6549850443337453,55.654972451994375,94.82365819759504,False,False
435,7.249280391205949,1268.4522146477907,532.7045132941038,1506.5898345686705,513.6133116970716,0.9826485847355373,1.6507940133272943,56.301616649849734,94.58352980911694,False,False
436,7.265945403599526,1268.4522146477907,532.7045132941038,1506.7364534811168,515.53997066628,0.9826485847355373,1.642706019751884,56.301616649849734,94.12012191251699,False,False
437,7.282610415993103,1263.835827957482,536.8571956994798,1502.32174907092,522.7694197687285,0.9675359905501267,1.629799490588928,55.435728785531765,93.3806322633171,False,False
438,7.29927542838668,1256.290467573094,543.4162993983854,1494.9352134346047,532.3399609828724,0.9430672800944371,1.6171765437234171,54.033774946293114,92.65739068290544,False,False
439,7.315940440780257,1243.90839265077,553.6005973945117,1482.7573435190675,548.582762292237,0.9034779560957921,1.5918016402670716,51.765473767394774,91.20351580930492,False,False
440,7.332605453173834,1228.9711416539456,564.9990587967334,1467.8205324806077,569.995907977208,0.8565287905644638,1.549878875975592,49.07548473078859,88.80151834988138,False,False
441,7.34927046556741,1210.7196118806062,577.7234797061175,1449.0141444741162,594.7445177485115,0.8001652756901584,1.4994888620096043,45.846093209968046,85.91438322002502,False,False
442,7.365935477960988,1188.3086262802008,591.7063843113954,1424.768952685191,625.772702522284,0.7321708919266385,1.4277130331267394,41.95030198972551,81.80193115398366,False,False
443,7.382600490354564,1162.9157257736626,605.5730247133064,1395.0923228852448,661.8582603767205,0.6563800755856026,1.3329603993374448,37.607808087532995,76.3730051401084,False,False
444,7.399265502748141,1135.3559060156088,618.4678467904337,1359.5790849582977,700.9176255944724,0.5752353164369338,1.218429509870324,32.9585558587087,69.81086854976304,False,False
445,7.415930515141718,1104.9196977105073,630.3258476648016,1315.4917401146236,743.1682818717927,0.4865685614362325,1.0788543839455846,27.878325014048027,61.81380290926848,False,False
446,7.432595527535295,1072.9038528466158,640.3044860072273,1262.0758459293097,786.2084168422846,0.3939981822856697,0.9138166745512704,22.57443298079495,52.357838700467696,False,False
447,7.449260539928872,1039.8212402103122,648.0985124584563,1197.8504497646636,827.2653869850466,0.2987661656316337,0.722793514340257,17.11804035199912,41.413017831125266,False,False
448,7.465925552322449,1006.4347828090533,653.4971030454576,1123.9880749973113,861.476004609299,0.2028230127724157,0.5144513130590269,11.62090261998741,29.475889003245694,False,False
449,7.482590564716026,973.634905642786,656.4688676098365,1039.7956514900907,886.0266069891228,0.1085107266374795,0.28060513042474405,6.217206668225375,16.077489683055845,False,False
450,7.499255577109602,941.1089336099112,657.1763775972021,953.1391133109291,895.7749416674019,0.014757109594264094,0.050377507181055464,0.8455200975633472,2.886418543864475,False,False
451,7.515920589503179,907.7754248394331,655.5979738218751,866.8838258057203,890.9740072842183,-0.08172338407911545,-0.17201198762928258,-4.682404995259941,-9.855560916814419,False,False
452,7.532585601896756,874.4363743409543,651.6635667837976,784.6798026701687,873.0631102384017,-0.17878714450354533,-0.385157506363475,-10.243748811248722,-22.067899562410265,False,False
453,7.549250614290333,840.7719978548115,645.2393056914278,711.2344700287059,845.9730320173767,-0.2775555884760101,-0.5730783385574849,-15.902763799945287,-32.8349701297132,False,False
454,7.5659156266839105,806.7972542930403,636.1525951874324,645.9958257117619,812.8356463446389,-0.37822873873045904,-0.7383740315547039,-21.6709104198116,-42.30571571014401,False,False
455,7.582580639077487,774.2277098876403,624.8389998295233,589.3280314425198,776.1205549209851,-0.4759410891379929,-0.885066815888612,-27.2694157044667,-50.71059313749974,False,False
456,7.599245651471064,742.0243005631472,610.9489095477247,541.1300233777314,740.2373057561599,-0.5740488991191609,-0.9989585968779391,-32.89057915365908,-57.23611150941649,False,False
457,7.615910663864641,712.084348049634,595.3873330624497,499.2059480887771,703.816050799521,-0.666986921700786,-1.0997000659818494,-38.21553560387774,-63.00817251101813,False,False
458,7.6325756762582175,685.3520861396204,579.0894250321742,463.812583026543,668.4999868266891,-0.7517878143121817,-1.187201156416794,-43.074268849452835,-68.02161569573298,False,False
459,7.649240688651795,661.4975790728324,562.387719003535,434.55873724188166,637.038653816347,-0.829323371796368,-1.2529983209850075,-47.51672905549069,-71.79151552941934,False,False
460,7.6659057010453715,641.086652946171,546.2635991937002,409.9740421049479,606.7694758517025,-0.8974361433678845,-1.3147405739507203,-51.41930339747724,-75.32908604198377,False,False
461,7.682570713438948,624.0595509970975,531.3423777425714,390.18779297200103,580.1071272882293,-0.9558143862195222,-1.3652310140723574,-54.76413032826586,-78.22197516671157,False,False
462,7.699235725832525,610.62243131128,518.4998246425919,374.43009831213226,554.3771410475254,-1.00310219979164,-1.4200499456744764,-57.473522468349664,-81.36286858492933,False,False
463,7.715900738226102,600.0896643626594,507.6968401251188,362.49520290640646,532.6542415385901,-1.0410595164863483,-1.466138110720845,-59.6483165165979,-84.00352592758863,False,False
464,7.732565750619679,593.8426022292517,500.95459554241245,355.41008094475416,515.9189797234474,-1.0639945641963693,-1.5081170323036606,-60.96239795331329,-86.40874096279458,False,False
465,7.749230763013256,589.7336636826869,496.3744062568977,350.9344126769173,503.3685265792419,-1.0792686231356772,-1.5415159944491208,-61.8375370665697,-88.32236053384666,False,False
466,7.765895775406832,589.1992744159809,495.7699174581857,350.29969478230566,494.77450254304495,-1.0812666906343258,-1.574962969349162,-61.952017901424526,-90.23873103309901,False,False
467,7.78256078780041,591.277040722229,498.10874908223644,352.47778971645937,491.1146287598914,-1.0735131486286518,-1.600076659140676,-61.507772668222,-91.67763946615355,False,False
468,7.799225800193986,596.9586700039968,504.3502232073058,358.35757970185057,492.3702521461097,-1.0525126288287117,-1.6209634036490377,-60.30453151610452,-92.87436177425073,False,False
469,7.815890812587564,605.3289119033159,513.1559207920939,366.8963906188184,498.1915366110581,-1.0220726776528233,-1.633475621286136,-58.560450785141825,-93.59125903720562,False,False
470,7.83255582498114,617.0200837153176,524.7394013581186,378.58756243082007,509.7750171770828,-0.9804401247024452,-1.633475621286136,-56.17508121073024,-93.59125903720562,False,False
471,7.849220837374717,632.2353005815297,538.6853551512802,393.63673651133,526.6551754502615,-0.9275863898613387,-1.6211738339759554,-53.14678527283128,-92.88641854386466,False,False
472,7.865885849768294,651.1637163746389,554.4501212321006,412.3644653688692,547.4560009097556,-0.8635788758648175,-1.6000766591406759,-49.47942486370607,-91.67763946615355,False,False
473,7.882550862161871,673.1299781711242,570.803289576036,434.30357201581353,576.7989315715664,-0.7912654938972274,-1.5456969962748328,-45.33617327464573,-88.56191429259646,False,False
474,7.899215874555448,698.1984901210377,587.2220631080156,460.40463820449816,610.2021412344034,-0.7107921625504019,-1.4744568338728181,-40.725391025114796,-84.48015365513444,False,False
475,7.915880886949025,725.9829880960108,602.9461909617249,491.5307480869652,648.8389698571123,-0.6236072974333641,-1.3774957481504637,-35.730066216491174,-78.92469266623735,False,False
476,7.9325458993426015,755.4101132212813,617.064429213952,528.9692921724346,693.2126699206433,-0.5330628866773908,-1.2463932587252524,-30.54225362167497,-71.41307333851424,False,False
477,7.949210911736179,786.6214211552973,629.4560172561421,575.4096781511824,741.096509986888,-0.4385999491808016,-1.0845536937073936,-25.12992598271232,-62.14034930475785,False,False
478,7.965875924129755,817.8538610834141,639.4053491231223,632.1922766061135,789.7508713357183,-0.3453404859424518,-0.8901187788524217,-19.786552339499426,-51.00004929358244,False,False
479,7.982540936523333,849.6311562496323,647.1737452669151,701.4991127146241,834.6061268826393,-0.25147837235481363,-0.6688121579361344,-14.408649374750219,-38.320113936777545,False,False
480,7.999205948916909,879.2369579519129,652.3771481902879,781.3679972438342,870.3121534783796,-0.16476915911436635,-0.4220836586172643,-9.440577411172713,-24.183612240209886,False,False
481,8.015870961310487,908.6711385871417,655.6709980467529,869.5585882018025,891.3491862661006,-0.07912416696396514,-0.1644585463992812,-4.533480824523659,-9.422780613535235,False,False
482,8.032535973704062,936.1794009557091,657.0900487710079,961.1368023691804,894.6845102272608,0.0005183649176786792,0.10465821607405154,0.029700122030634674,5.996474072411385,False,False
483,8.04920098609764,964.7353206271883,656.8830657532837,1047.7418655369318,880.9007291241589,0.0828877899085864,0.35485104311197835,4.749120534929056,20.33146712613118,False,False
484,8.065865998491217,992.5243171500408,655.0363528699909,1126.643638746716,852.738167668054,0.1628426730541215,0.5960762458820954,9.330197890629897,34.15265315704638,False,False
485,8.082531010884795,1021.7343280644159,651.324495659583,1194.5675835756633,816.2568023474599,0.24678429921336598,0.8087857111764887,14.139698795019552,46.340007780899576,False,False
486,8.09919602327837,1051.371893804064,645.6592185104395,1251.360193592348,776.3446421344669,0.33198512580270095,0.9919888663856149,19.02134656961445,56.83677536786267,False,False
487,8.115861035671948,1081.434453254452,637.8857693553891,1299.498474144272,735.4669293882773,0.41861227350817837,1.1500328575180205,23.9847165243947,65.89202903715253,False,False
488,8.132526048065525,1110.4121171950555,628.3619965539335,1338.9630889996022,697.9209879727092,0.5025117696919537,1.275355489651174,28.791803558998982,73.07248693585281,False,False
489,8.149191060459101,1137.8428339894012,617.3911438459791,1372.1051787096874,664.2436127900367,0.5825192432820485,1.3734007669450143,33.375894125215815,78.6900675259797,False,False
490,8.165856072852678,1163.3373118026786,605.3588690999527,1400.5889384480276,633.3885971424418,0.6576294415596491,1.453197986183918,37.67939148491311,83.26211140524902,False,False
491,8.182521085246256,1185.015883171579,593.6187125337215,1423.4484044560766,608.5830967147573,0.7222755074318193,1.5081170323036568,41.38333822151317,86.40874096279437,False,False
492,8.199186097639831,1204.5161266369994,581.767898819551,1443.3418994359151,587.7887166212048,0.7812227029905155,1.5455915814679528,44.760763741158776,88.55587446906404,False,False
493,8.215851110033409,1219.8667432644147,571.5044577272039,1458.7599619197438,569.4969516880838,0.8282879388064792,1.5791994903425424,47.45740311520146,90.48146580583828,False,False
494,8.232516122426986,1231.933698569964,562.8116866283485,1470.7594713688798,556.7908688266956,0.8657766612229831,1.5960010721218367,49.605348689004614,91.44412553093575,False,False
495,8.249181134820564,1240.283236183044,556.4531091304743,1479.0142598232555,547.4254653793744,0.8920075938462049,1.6085934432894593,51.10827042100724,92.16561525290275,False,False
496,8.26584614721414,1245.6477228076792,552.211683940453,1484.3369964923659,542.1404065697917,0.9089998929862814,1.612965406371334,52.081857445957404,92.41611028568117,False,False
497,8.282511159607717,1247.3880061641178,550.8086376458158,1486.1190298043293,541.7809938947158,0.9145372264824473,1.6085934432894593,52.39912328504413,92.16561525290275,False,False
498,8.299176172001294,1244.4427022622463,553.1753460116743,1483.1737259024578,544.1477022605743,0.9051729554749761,1.6085934432894593,51.862590078099316,92.16561525290275,False,False
499,8.31584118439487,1239.0706538009085,557.3946650236458,1477.8964265998243,551.3738472219928,0.8881821982493229,1.5960010721218367,50.889091398337975,91.44412553093575,False,False
500,8.332506196788447,1230.193162492266,564.1010709665218,1469.092689293806,563.0930560855028,0.8603398170095544,1.5750157110378995,49.293840461705024,90.24175290926807,False,False
501,8.349171209182025,1217.4004911446814,573.2118695928634,1456.131514784893,582.2395133439642,0.8206818680796465,1.5329992103003307,47.02160736387594,87.83438474709706,False,False
502,8.3658362215756,1200.784313560003,584.1355245346269,1438.921933480883,603.22672613166,0.7698744003245231,1.490798640262495,44.110553893760354,85.41647019088285,False,False
503,8.382501233969178,1181.25944635496,595.7577561434875,1417.4291635441828,631.7836452062505,0.7110129687341453,1.4194208830608697,40.73804228753369,81.3268259521202,False,False
504,8.399166246362755,1159.581963822375,607.2480645449696,1391.9869769540958,662.5825914810939,0.6465099626047118,1.3370531459259938,37.04229227041067,76.60750224624883,False,False
505,8.415831258756333,1133.6136321724111,619.2121950577193,1358.914144591233,698.6708579197151,0.5701363787441042,1.231737248067571,32.666408248909384,70.57334578333034,False,False
506,8.432496271149908,1106.1461360420617,629.8938845804437,1319.4223472219408,737.5380100344398,0.490126738064652,1.1033822572620586,28.082193517618556,63.21914653073399,False,False
507,8.449161283543486,1077.4325726087711,639.0417671657533,1271.2904151317243,778.6595915734765,0.4070614249705288,0.9466367923122299,23.32290165339252,54.238292931293024,False,False
508,8.465826295937063,1047.1267048462457,646.5904445835049,1214.536174524586,817.0253866054298,0.3197733372550898,0.7764431788964807,18.321662625530138,44.48691718248949,False,False
509,8.482491308330639,1016.5746539291673,652.1137230907789,1146.525313378813,852.5802442572874,0.23195882954903993,0.5751378162377666,13.290261953954436,32.95296950879473,False,False
510,8.499156320724216,985.5663622355191,655.6518009047361,1070.111769435403,879.0932342187162,0.14283637748010808,0.36172924151993,8.18392159054767,20.725558865560416,False,False
511,8.515821333117794,954.886736621963,657.1475656287641,988.8122197259329,893.6281390299682,0.0545086241465582,0.14248772198969364,3.123114110662674,8.16394510244286,False,False
512,8.53248634551137,923.4142087425807,656.6295316603466,905.3974702817438,894.8508513091846,-0.03639802638430187,-0.0754865449339252,-2.085453294426313,-4.3250604347385595,False,False
513,8.549151357904947,892.0391604320827,654.0372412732881,825.2232901462643,883.405154194753,-0.12745709095876534,-0.28346016365387056,-7.302753380952297,-16.2410710374544,False,False
514,8.565816370298524,860.4217791185179,649.2933109143974,751.9930613814458,862.1717108752538,-0.21980085926516077,-0.4710962608130504,-12.59366156924269,-26.99182748898206,False,False
515,8.582481382692102,828.7092991397437,642.3194891955014,685.8449665055316,833.7973794621878,-0.3131719736962537,-0.6410094195977029,-17.943432354577368,-36.727134371078854,False,False
516,8.599146395085677,796.3893714054759,632.8227451822206,627.9565093940822,802.246388734857,-0.4093109085650689,-0.7824656204842669,-23.45178756944359,-44.83197766783371,False,False
517,8.615811407479255,765.6522086247005,621.4124812047128,577.1815342745673,768.2212170142893,-0.5019051519252856,-0.9090248259535517,-28.75704692119125,-52.08328599975273,False,False
518,8.632476419872832,737.2053115534501,608.6235979266833,534.5616000871269,735.1523543544358,-0.588883583230631,-1.01263560791444,-33.74054394365609,-58.01974651816184,False,False
519,8.649141432266408,709.2562935288241,593.7752167945143,496.98955902536227,703.3965350826869,-0.675868832023236,-1.0940897586948757,-38.7244315793678,-62.68672558170304,False,False
520,8.665806444659985,685.5980779320975,579.2505919083981,465.6048424107412,672.4008808228458,-0.750998197426324,-1.1702618114091121,-43.02902713446093,-67.05106271907681,False,False
521,8.682471457053563,663.8124911551986,564.1052392694944,438.918987356004,644.7086631975241,-0.8217091201748749,-1.2266516247252195,-47.08046457342849,-70.28196102962038,False,False
522,8.699136469447138,645.6038891667395,549.9897084711749,417.1376637962227,619.8265459206774,-0.8822003995593453,-1.2741395791856043,-50.54635957950537,-73.00282039790987,False,False
523,8.715801481840716,631.7163397224917,538.2292751325842,399.6577249241078,594.9989791819739,-0.9293669623291304,-1.330873232325233,-53.248804560352944,-76.25341927916973,False,False
524,8.732466494234293,620.2641463677724,527.8155861246294,386.00180164748616,574.6680550686862,-0.9690529029678978,-1.3734007669450177,-55.52264146496103,-78.6900675259799,False,False
525,8.74913150662787,612.2186164017412,520.0785573893706,376.2000067788549,557.0814749997379,-0.9974217381008507,-1.4152825886652423,-57.14805598778168,-81.0897191488681,False,False
526,8.765796519021446,607.4374317407331,515.3047304127557,370.27528374588405,544.0817274497872,-1.0144915122114053,-1.4500477050728744,-58.12608200155814,-83.08161359330643,False,False
527,8.782461531415024,605.3289119033159,513.1559207920939,367.53505998677633,536.1359989184816,-1.0220726776528233,-1.4744568338728181,-58.560450785141825,-84.48015365513444,False,False
528,8.799126543808601,606.3814458622753,514.2319562476423,368.16012621343737,532.2486947084784,-1.0182841144750414,-1.4953097818609746,-58.343382104636255,-85.67493956526162,False,False
529,8.815791556202177,610.62243131128,518.4998246425919,372.193848869021,533.5268361410532,-1.00310219979164,-1.5078543674875249,-57.473522468349664,-86.39369137740343,False,False
530,8.832456568595754,618.6530991602631,526.2951237152207,380.1070373382466,539.324950621465,-0.9746994989318456,-1.516228703291004,-55.84616758231085,-86.87350547516809,False,False
531,8.849121580989332,628.981118124364,535.8033034846223,390.4350563023475,548.8331303908666,-0.9387762372456706,-1.516228703291004,-53.78791630134901,-86.87350547516809,False,False
532,8.865786593382907,642.8298469432788,547.712548044598,404.46174525895657,563.6702452284851,-0.8915450642306998,-1.5039504623875022,-51.08176942613899,-86.17001409155253,False,False
533,8.882451605776485,659.8466857660908,561.1495429939301,422.1505147916501,585.118904772865,-0.8347663965194058,-1.4702957277402682,-47.828591399906124,-84.24173983563333,False,False
534,8.899116618170062,678.9943419415694,574.8480305746345,442.6773783555651,609.8950378861177,-0.7722620772083415,-1.4235644087541406,-44.24735770204409,-81.56423248664863,False,False
535,8.91578163056364,702.5211413147459,589.8317797047413,468.89334595339653,639.7522487990464,-0.6971021251639696,-1.3602867646675418,-39.94100966149592,-77.93869054295558,False,False
536,8.932446642957215,727.5658678173821,603.7695855453308,499.75339245777616,675.7103672378375,-0.6186939599524657,-1.264917455390046,-35.44855271551226,-72.47443162627722,False,False
537,8.949111655350793,755.4101132212813,617.064429213952,537.5131693686506,715.0181012210977,-0.5330628866773908,-1.1483239344091822,-30.54225362167497,-65.79411495550372,False,False
538,8.96577666774437,784.2346474215105,628.5971912529101,582.2698305265868,756.2068019278115,-0.44577504488952296,-1.0072929045340138,-25.541028684424482,-57.71363216327313,False,False
539,8.982441680137946,814.5950747804823,638.4767559840018,636.371469465268,797.5690138360002,-0.35502043379706105,-0.8420538841953782,-20.34117249747525,-48.24613368699294,False,False
540,8.999106692531523,844.7278725045799,646.1248887772038,699.4573010031045,835.783690459685,-0.26590326190321534,-0.6536358969195232,-15.235134665816009,-37.450578231736806,False,False
541,9.0157717049251,875.2489297736078,651.7878590228529,773.6706398988646,868.0188721225529,-0.17641336721804246,-0.4391703893252254,-10.107741391285385,-25.16260979545264,False,False
542,9.032436717318676,903.7951884889552,655.252926621494,853.463393974004,888.7924531708658,-0.09327837664143919,-0.21227049571609252,-5.344457301386148,-12.162203519681922,False,False
543,9.049101729712254,932.2478968029483,656.984670038004,937.265731905223,895.8336209063015,-0.010844284271079191,0.021005313472175068,-0.62133172057294,1.2035158093049203,False,False
544,9.065766742105833,959.8130765293989,657.040695402239,1019.8725614468628,888.2697123344764,0.06870750583422382,0.2541247495556327,3.936650105171505,14.560275619356796,False,False
545,9.082431754499408,987.614030749376,655.481335602449,1096.0427484864472,868.3597355633058,0.14872479792375498,0.4710962608130468,8.52130322996719,26.99182748898185,False,False
546,9.099096766892984,1015.6014157687993,652.2561230460822,1163.9903879409221,839.4851617599019,0.22916242001590434,0.6701836821064816,13.130039489915617,38.39869648323862,False,False
547,9.115761779286562,1043.0901272889996,647.4384317079457,1223.0666097524888,804.5449744108815,0.30816488351607096,0.8531409546674954,17.6565472196115,48.881376032209374,False,False
548,9.13242679168014,1071.026492067726,640.8138770321204,1273.1097536447003,768.2358350708046,0.3885852621269972,1.0082217673734808,22.264295500861728,57.76685208372113,False,False
549,9.149091804073716,1097.602609076701,632.8254124265669,1314.3698641984724,733.2542783316084,0.4653611122511903,1.1369350638758229,26.663227681506953,65.14158074052132,False,False
550,9.165756816467292,1123.524340372721,623.3634595407877,1349.9651614215675,699.5117002474798,0.5406696064895101,1.2463932587252486,30.978086562847956,71.41307333851401,False,False
551,9.18242182886087,1146.1900965343089,613.6534393299016,1378.2487113326924,670.4231433792921,0.607019087161419,1.3308732323252295,34.77963177823316,76.25341927916953,False,False
552,9.199086841254443,1167.9212834724099,602.9962015301119,1403.2679156759857,644.0566777869062,0.6712319280341733,1.398066815969244,38.458756550787136,80.10332803233085,False,False
553,9.215751853648024,1186.2678054530243,592.8957704720331,1423.2623175331478,623.0221914991679,0.7260352046880573,1.4443558295365049,41.59875300654252,82.7554931475587,False,False
554,9.2324168660416,1200.784313560003,584.1355245346269,1438.761381737886,605.1335011385584,0.7698744003245231,1.4827889532671534,44.110553893760354,84.95754893082895,False,False
555,9.249081878435176,1212.4535667968528,576.5682840001565,1450.8821492391116,591.5952954986187,0.8054782021089754,1.507854367487521,46.15050147062981,86.39369137740321,False,False
556,9.265746890828751,1221.0979152988957,570.6434855834657,1459.7871889835824,580.7147629541279,0.832091746137579,1.5286272472184554,47.67534522135439,87.5838897143186,False,False
557,9.28241190322233,1226.5222094651244,566.7807317017421,1465.2517917124865,575.8464120402499,0.8489064387010503,1.5328398816065805,48.63875613905131,87.82525588538985,False,False
558,9.299076915615908,1227.0372531569978,566.4079927282605,1465.8630259559136,572.4288105299144,0.8505078867193538,1.5455915814679528,48.7305123516097,88.55587446906404,False,False
559,9.315741928009484,1225.2953853790536,567.6643889716001,1464.093774611658,574.6878710078536,0.8450952800496477,1.54139303859089,48.42039283327117,88.31531568210363,False,False
560,9.33240694040306,1219.8667432644147,571.5044577272039,1458.5560169491014,581.5757350978661,0.8282879388064792,1.5286272472184554,47.45740311520146,87.5838897143186,False,False
561,9.349071952796638,1211.214083459084,577.3951661782969,1449.6386772941573,592.4853303450742,0.8016795286529295,1.5075894948974342,45.932853513850006,86.37851529588254,False,False
562,9.365736965190214,1198.770492586304,585.3931660287947,1436.4565469273855,609.46263988612,0.76376442107401,1.4698745421276003,43.76047786979344,84.21760767763583,False,False
563,9.382401977583791,1183.763822600303,594.3366895505301,1419.9335397895259,630.3625786132931,0.7185185191251915,1.4194208830608697,41.168078647863396,81.3268259521202,False,False
564,9.399066989977367,1165.8435721810367,604.0748647527266,1398.9613155062557,656.3253934290694,0.665062405347772,1.3503025654282224,38.10526893924612,77.36663806472484,False,False
565,9.415732002370946,1144.081205122752,614.6159207707004,1372.3748571690167,685.0148443091967,0.6008215271320592,1.2716783918832564,34.42453774527187,72.86180475289416,False,False
566,9.432397014764522,1120.5088372465168,624.5522279748036,1340.404514925736,717.932584249541,0.5318812628782277,1.1692157866860151,30.47455156501071,66.99112991717702,False,False
567,9.4490620271581,1094.5458282660138,633.8306165975318,1300.7214119060802,754.5187631185468,0.45651155794537734,1.0412067280128188,26.156185569212045,59.65675111576034,False,False
568,9.465727039551677,1067.0073097397785,641.8768727799876,1253.558159408696,791.117552515122,0.3770012774902216,0.8960553845713423,21.600582071230104,51.34019174590981,False,False
569,9.482392051945252,1039.0493256432962,648.250917402854,1197.5788362650362,826.9752701420139,0.29654698663859086,0.7255893400179153,16.990890761713672,41.573206842709396,False,False
570,9.49905706433883,1009.6144724267441,653.0871250020662,1132.9705259455327,857.6776527893265,0.21195983684490383,0.5425793241259879,12.144404077494512,31.087505323479828,False,False
571,9.515722076732407,980.6483359713353,656.0249883003623,1060.682699480978,881.1216356712337,0.12869092369687898,0.34161549064780555,7.373446789471279,19.573125830410103,False,False
572,9.532387089125985,950.9437722687409,657.196444517656,984.0276403364041,893.7962282742805,0.04313880587521874,0.13892970426308768,2.4716715098841933,7.960085703275605,False,False
573,9.54905210151956,922.3833985034628,656.57740497296,906.4257013195748,894.9455066572822,-0.03938209217498383,-0.06684586440739786,-2.2564276700217585,-3.829985908447665,False,False
574,9.565717113913138,891.9266509191078,654.0241831605368,829.9976819058766,884.7595354517673,-0.1277845702048494,-0.2622183343213962,-7.32151655963104,-15.024003867566423,False,False
575,9.582382126306715,862.3268213473502,649.6407699687671,759.8853044873313,865.4641598583212,-0.2142175111853589,-0.44316630201901924,-12.273759288717569,-25.391558728109775,False,False
576,9.599047138700293,831.7226272933916,643.0800442060333,696.4623861840519,840.0030422916893,-0.30426245108958094,-0.6018585296946969,-17.432954311738623,-34.48395361545526,False,False
577,9.615712151093868,802.633899988941,634.8520959252545,640.7979584253901,810.5880570096009,-0.39064727149188455,-0.7442449407560062,-22.382439934786227,-42.64209402928315,False,False
578,9.632377163487446,773.8920054355548,624.7084687948679,592.574305448874,780.2651840839869,-0.4769554851759041,-0.8617202121424655,-27.327536316193804,-49.37293127688123,False,False
579,9.64904217588102,745.6872667443457,612.6721431166302,550.0180802599357,749.739898115861,-0.5628017866521289,-0.9597297629638198,-32.24616707758918,-54.98846489091778,False,False
580,9.6657071882746,719.9716982904159,599.7501044941646,513.4696054621409,719.8787258029204,-0.6423158594786654,-1.043918407860339,-36.801987862445586,-59.81211892641392,False,False
581,9.682372200668176,697.007439824827,586.4919677645089,483.1287185906956,692.9339360066112,-0.7145731803047581,-1.1090109130344565,-40.942027384703444,-63.54164475082434,False,False
582,9.699037213061752,676.645227677091,573.2433051969583,456.80351556798195,666.7506397592033,-0.7798603681662847,-1.1686382679808653,-44.68270770544665,-66.95804053278208,False,False
583,9.71570222545533,659.8466857660908,561.1495429939301,435.27051347118817,642.6329329416379,-0.8347663965194058,-1.2227360551453332,-47.828591399906124,-70.05761541830309,False,False
584,9.732367237848909,646.2299132131795,550.4987920280557,418.3273715733367,622.1537396178747,-0.8800965911174682,-1.266171897550354,-50.425820234881826,-72.54630586770614,False,False
585,9.749032250242484,635.5743094836256,541.588217847871,405.090637443884,604.4474011314363,-0.9161648814874677,-1.3045442776439733,-52.492381047335144,-74.74488129694234,False,False
586,9.76569726263606,627.8775179036911,534.8138123307646,395.0938501882428,588.5331202650982,-0.942584597118874,-1.3439974787410132,-54.00611924895053,-77.00538320808364,False,False
587,9.782362275029636,623.5349615234836,530.8594717025405,389.2345100452485,577.5210022935446,-0.957638922488194,-1.3742157626895928,-54.8686685560293,-78.73676334246517,False,False
588,9.799027287423216,622.4417734206721,529.8484780010936,387.2357997460856,571.707168231316,-0.9614464250197647,-1.3946741529690794,-55.086822381573676,-79.90894276111122,False,False
589,9.81569229981679,623.5349615234836,530.8594717025405,387.6461966753815,568.6812989777633,-0.957638922488194,-1.4118119548622747,-54.8686685560293,-80.89086647972263,False,False
590,9.832357312210368,627.8775179036911,534.8138123307646,391.8589082808048,571.8167299411318,-0.942584597118874,-1.4152825886652423,-54.00611924895053,-81.0897191488681,False,False
591,9.849022324603943,635.0570174405099,541.1420435671948,399.19335363577034,579.1200911289745,-0.9179304591709573,-1.4111496571342368,-52.593541197001585,-80.85291961512495,False,False
592,9.86568733699752,646.2299132131795,550.4987920280557,410.65986189462717,590.2574504784438,-0.8800965911174682,-1.4035956686761855,-50.425820234881826,-80.42010795798807,False,False
593,9.882352349391098,659.8466857660908,561.1495429939301,425.2081865220175,606.0803194449226,-0.8347663965194058,-1.3815973046949297,-47.828591399906124,-79.15969454566951,False,False
594,9.899017361784676,675.4723177263722,572.4343483426392,442.79048567557805,626.5930506303234,-0.7836611306173984,-1.3421095011226747,-44.900475352827264,-76.89721005873768,False,False
595,9.915682374178251,695.8168717162193,585.7573610737996,466.18271388241436,651.6523802782824,-0.7183565941617298,-1.2913485626685262,-41.15880103085923,-73.98882252119165,False,False
596,9.932347386571829,716.7897090002452,598.0134231311338,493.22296417936684,682.226905485186,-0.6522515249040979,-1.2105521801840189,-37.37125955797691,-69.35953080490465,False,False
597,9.949012398965406,741.6358087930711,610.7639132633141,526.7643759868688,715.1874133186643,-0.5752432058376665,-1.1184264351324875,-32.95900788807357,-64.08111442895367,False,False
598,9.965677411358984,767.7087353188501,622.2517862135029,565.7439184239264,749.8613968884043,-0.49566866396990444,-1.0072929045340138,-28.39972248236374,-57.71363216327313,False,False
599,9.98234242375256,795.498085851082,632.5253252683367,612.5500173301754,786.1612723135177,-0.4119785412242881,-0.872266086107956,-23.60463166210811,-49.97716534638072,False,False
600,9.999007436146137,824.5319440003839,641.2305012243606,668.1447932278061,821.8324366326918,-0.32553734441993865,-0.7136651667229507,-18.651915909159143,-40.890002038725314,False,False
601,10.015672448539714,854.3587135399466,648.1341603034608,731.0026600211572,852.7246880907207,-0.23758879794549836,-0.5425793241259916,-13.61283538186354,-31.087505323480045,False,False
602,10.03233746093329,883.0926738044581,652.9142138470112,800.3159991895295,877.016918292304,-0.15352102117617103,-0.3538251121739453,-8.796106579933138,-20.27268561330999,False,False
603,10.049002473326867,911.5297367624432,655.8926984372196,875.3540539018364,892.039517110622,-0.07083167081394977,-0.1520097378205045,-4.058355793499294,-8.709516422005077,False,False
604,10.065667485720445,940.0988845647183,657.1628386680472,952.1290642657362,895.7614027382469,0.011840361120653578,0.050377507181055485,0.6784027201242397,2.8864185438644765,False,False
605,10.082332498114022,966.7843341900114,656.8024539792743,1027.5341818577926,887.8510549452645,0.08878883198734508,0.2571115358951275,5.087225340771035,14.731405870917175,False,False
606,10.098997510507598,993.6973977331088,654.9224705622548,1096.9484441472457,870.3597500994457,0.16621499865781486,0.44692054468797654,9.523417914865435,25.60666098830896,False,False
607,10.115662522901175,1020.914363837212,651.4537801508651,1162.0197464295838,844.2315563686136,0.244428232151233,0.6318543808578896,14.004706096109546,36.20258929000879,False,False
608,10.132327535294753,1046.3729139620368,646.7515655792636,1216.2926532368836,814.6839394824752,0.317605347966605,0.7912804484928235,18.19744598927039,45.33703010985771,False,False
609,10.148992547688328,1072.47735270008,640.4209312785201,1264.7816054066209,782.170973222002,0.392768352632832,0.9355937826862794,22.503968932167307,53.60557508660372,False,False
610,10.165657560081906,1096.9893066201416,633.0289261179789,1305.44944255173,749.7267055629354,0.4635851121929152,1.060453713750759,26.5614703737528,60.75952216689281,False,False
611,10.182322572475483,1119.6168362272508,624.8993457523786,1339.30527309831,718.7662233245588,0.5292831733914216,1.1670022349097628,30.325692002619412,66.86430274266408,False,False
612,10.19898758486906,1140.7183289014195,616.125221751324,1367.4604658860605,691.3715061488824,0.590949837528148,1.250373792865876,33.858931594304586,71.6411411449797,False,False
613,10.215652597262636,1159.1609509688924,607.4572854496403,1390.3899679011297,667.516770367105,0.6452646634643749,1.3166715772392605,36.970941885438094,75.43972438064301,False,False
614,10.232317609656214,1174.6278019693468,599.4253017768525,1408.6565068333343,647.4311899540811,0.6911949283026436,1.3684746984165912,39.60255221258901,78.40782458970884,False,False
615,10.248982622049793,1187.9815218784684,591.8979316689238,1423.659710097816,631.0104820542625,0.7311868836684279,1.4063377803956174,41.893922469524014,80.57721938646489,False,False
616,10.265647634443368,1197.999252332071,585.8711314305827,1434.5990360886954,618.9549994982465,0.7614269891148011,1.431866622531807,43.62655288363178,82.03991429672429,False,False
617,10.282312646836944,1205.0023027568436,581.4558652855453,1442.240062555365,609.6027181429973,0.7827036838305771,1.4527042983758014,44.84561769283404,83.23382517744687,False,False
618,10.298977659230522,1207.9807238709604,579.5260464197416,1445.457621136739,605.5783642632452,0.791789628960559,1.4615286369175262,45.36620400166945,83.73942253288233,False,False
619,10.315642671624095,1207.9807238709604,579.5260464197416,1445.564222221738,604.5875968786847,0.791789628960559,1.4656997526629658,45.36620400166945,83.97840986095659,False,False
620,10.332307684017676,1205.0023027568436,581.4558652855453,1442.3556575815057,608.6106982527741,0.7827036838305771,1.4568848167836865,44.84561769283404,83.47335123839544,False,False
621,10.348972696411252,1198.770492586304,585.3931660287947,1435.637389733228,616.5070381116539,0.76376442107401,1.4401881568490804,43.76047786979344,82.51670309217734,False,False
622,10.365637708804828,1189.234990464516,591.1620232884547,1425.0732402714482,629.2975700657465,0.7349588227342415,1.4104818658655809,42.110038658575654,80.81465799383528,False,False
623,10.382302721198403,1175.8837521019727,598.741242324807,1409.8718236971415,646.9447935547133,0.6949420794248203,1.3676300148459697,39.81724815708745,78.35942778608818,False,False
624,10.398967733591984,1160.416025640063,606.8320512801258,1391.3342576985876,668.0755823913,0.6489777741796404,1.3115474805122334,37.18368745828761,75.14613526436756,False,False
625,10.41563274598556,1141.9684427486288,615.567797629915,1367.8945349262203,693.2298918159624,0.594617976660657,1.2397002500907632,34.06910048526413,71.02959219151339,False,False
626,10.432297758379136,1120.8572226327137,624.4160957238599,1338.9605806162817,721.9093018271142,0.5328961779964557,1.1504361610785434,30.5327019178492,65.91513662903309,False,False
627,10.448962770772711,1096.9893066201416,633.0289261179789,1303.4201671764556,753.2799128498127,0.4635851121929152,1.0433257430294347,26.5614703737528,59.77816173293728,False,False
628,10.46562778316629,1071.5346122529083,640.6768176835228,1261.0800487357028,786.0952742443972,0.3900501725088964,0.9163804541418888,22.34822868310945,52.50473245061191,False,False
629,10.482292795559866,1045.4120435441214,646.9551045715958,1211.8011627061057,818.3863182536409,0.31484192863589744,0.7704738984073617,18.03911372459598,44.144902603733186,False,False
630,10.498957807953444,1017.8387424316369,651.9257066220321,1154.5024332383716,847.8773221169834,0.23559094400124297,0.6090030164042254,13.498366782774141,34.89330255069856,False,False
631,10.51562282034702,990.6520469584564,655.212056661378,1089.7387336925294,872.5961142922533,0.15745998162096606,0.42767828083119885,9.021792389088866,24.504160481038472,False,False
632,10.532287832740597,961.8438327037599,656.9818242141547,1019.0769542915015,888.9265801223726,0.07455861732592464,0.24192056868440298,4.271894099106458,13.861027563021041,False,False
633,10.548952845134174,934.1869234706011,657.040695402239,946.217103171619,895.6392594724387,-0.005239441380025021,0.050377507181055485,-0.3001978780816334,2.8864185438644765,False,False
634,10.565617857527752,906.636420010024,655.5026618331308,873.6894858347498,892.1215527282792,-0.08502918336124457,-0.13835097017712697,-4.871813342043317,-7.926926682689695,False,False
635,10.582282869921327,877.9941466764075,652.1971963142971,805.4352230109018,879.8135458951288,-0.1683967940818593,-0.30859341892388786,-9.648425584424137,-17.681100489851325,False,False
636,10.598947882314905,849.4343145004963,647.1326760279267,741.0055967634243,860.0110759887831,-0.25205707996691884,-0.4710962608130504,-14.44180687849594,-26.99182748898206,False,False
637,10.615612894708482,821.520625942915,640.4203803984378,683.3210060466686,835.2917868708421,-0.3344616016635093,-0.6168629483728443,-19.163238184504795,-35.34364347976037,False,False
638,10.63227790710206,793.1169654763148,631.7211658598503,631.8205411468053,807.9524442939435,-0.4191099936710937,-0.741179219001797,-24.013233789108313,-42.46644111160551,False,False
639,10.648942919495637,767.3613088763767,622.1107787098065,588.3109193983679,780.2719560820472,-0.4967217983489418,-0.8472660092618297,-28.46006263754271,-48.54476645559496,False,False
640,10.665607931889213,742.4531689334973,611.1526341107655,549.2017139132811,751.6085885326745,-0.5727307909482304,-0.9423066007622598,-32.81505711852306,-53.99019123099653,False,False
641,10.68227294428279,719.9716982904159,599.7501044941646,516.4409710950821,724.8470392581252,-0.6423158594786654,-1.0196858582337731,-36.801987862445586,-58.423696105970386,False,False
642,10.698937956676366,698.9391997195982,587.673692264103,489.17051385600234,702.0025968817021,-0.7084427244014987,-1.0717817206787783,-40.59077813495561,-61.40856915416327,False,False
643,10.715602969069945,680.8744485393825,576.1176477509962,464.6666255397393,677.7452880549754,-0.766193937554642,-1.1313976951153677,-43.89967891039114,-64.82431288093964,False,False
644,10.73226798146352,666.1334854489273,565.8056518558692,445.5793675830399,657.62003576384,-0.814095565356602,-1.1763265438450023,-46.64424001524997,-67.39854629152941,False,False
645,10.748932993857098,654.7377500384791,557.2463084609703,430.60006245771183,639.9282109907642,-0.8516807789325868,-1.2173940773767777,-48.7977141252517,-69.75154263791214,False,False
646,10.765598006250674,646.2299132131795,550.4987920280557,419.2910713822288,625.1497268408677,-0.8800965911174682,-1.2529983209850075,-50.425820234881826,-71.79151552941934,False,False
647,10.782263018644253,640.0605415648465,545.4041171847064,411.5095697602996,614.9631086034813,-0.9009108384928892,-1.2753554896511776,-51.6183887632347,-73.07248693585302,False,False
648,10.798928031037828,637.2078717160489,542.9887563731143,407.05054605813325,607.0325339474905,-0.9105985201313804,-1.299401045993262,-52.17345203438663,-74.45019583029847,False,False
649,10.815593043431404,637.2078717160489,542.9887563731143,406.2240595226559,603.9844816709362,-0.9105985201313804,-1.3126204603470768,-52.17345203438663,-75.20761248040672,False,False
650,10.83225805582498,640.0605415648465,545.4041171847064,409.258473752434,607.0839801345746,-0.9009108384928892,-1.3096574544123312,-51.6183887632347,-75.0378447456736,False,False
651,10.84892306821856,646.2299132131795,550.4987920280557,415.427845400767,612.178654977924,-0.8800965911174682,-1.3096574544123312,-50.425820234881826,-75.0378447456736,False,False
652,10.865588080612136,655.2389087027003,557.6340366082072,425.0815830447847,621.6778141825835,-0.8500167761698975,-1.299401045993262,-48.70237378985149,-74.45019583029847,False,False
653,10.882253093005712,666.8072016124837,566.2952183651419,438.6213554619732,637.0427951192298,-0.8118893860551594,-1.270150817702287,-46.517835252428185,-72.77428119943146,False,False
654,10.89891810539929,680.8744485393825,576.1176477509962,455.35402991163795,654.9500064748532,-0.766193937554642,-1.2345157514248049,-43.89967891039114,-70.73254229906276,False,False
655,10.915583117792869,698.1984901210377,587.2220631080156,476.94054016991925,677.3271105994207,-0.7107921625504019,-1.1840643491807479,-40.725391025114796,-67.84188987996144,False,False
656,10.932248130186442,717.9910353043887,598.6727768664261,503.11960249818645,703.0962769217764,-0.6484977083348161,-1.1184264351324873,-37.156181711490795,-64.08111442895365,False,False
657,10.94891314258002,740.4300241651916,610.1869885103531,535.396394978794,732.8051392982965,-0.5789518371000147,-1.0318198269657517,-33.171496807176396,-59.11892130305646,False,False
658,10.965578154973596,764.4487483936048,620.9161377597088,572.2461188954871,762.8039427818788,-0.5055576714924546,-0.9348772125588296,-28.96632087697898,-53.5645186425757,False,False
659,10.982243167367171,791.0351569949454,631.0066160783106,616.6850298884242,794.3346087125799,-0.4253507119938494,-0.8180275281242456,-24.370800610132175,-46.86952488703852,False,False
660,10.99890817976075,818.5124766908763,639.5899872210962,666.9578094485643,824.265873132257,-0.3433854476525915,-0.687207487956039,-19.674536896703955,-39.374088709668385,False,False
661,11.015573192154328,846.4039595248041,646.4894818114474,723.0479060060147,851.0800095987073,-0.2609701862985107,-0.5425793241259916,-14.952490253647486,-31.087505323480045,False,False
662,11.032238204547903,875.1025329796719,651.7655712703724,786.3766863391971,873.5801878715581,-0.1768410143416429,-0.38050637711236673,-10.1322437665886,-21.80140948635192,False,False
663,11.04890321694148,903.6173939466222,655.2367299483674,853.4920865275789,888.8206625211075,-0.09379472336661662,-0.21138641644999537,-5.374041789504217,-12.111549508979532,False,False
664,11.065568229335058,931.23298511853,656.9522001644689,923.20721017697,895.7190046758737,-0.013778531271351192,-0.03360079441599406,-0.7894516897374477,-1.9251837083232035,False,False
665,11.082233241728636,957.8653816579294,657.0890309799918,994.0410645185354,893.2358496533943,0.06309462922067581,0.15200973782050115,3.615055964287522,8.709516422004885,False,False
666,11.098898254122211,984.7396412357814,655.718109261561,1060.2869773900095,882.3601177242467,0.1404588116575313,0.3217505543966404,8.04769710339947,18.43494882292191,False,False
667,11.115563266515789,1010.8543619453999,652.9213681581177,1124.4144953077944,863.1072290306206,0.2155225430112734,0.49535339848098986,12.348532104472723,28.3816591004228,False,False
668,11.132228278909366,1035.1868474278767,648.9936885937085,1180.7513714489319,838.4269732786437,0.285443921473229,0.6551867204330509,16.354731988079713,37.5394338738316,False,False
669,11.148893291302942,1059.8928647655962,643.6671231444136,1230.3101176890316,811.0945997007717,0.35650940934426634,0.7942474899137045,20.426484512128294,45.50702906091469,False,False
670,11.16555830369652,1083.193338823124,637.3656900776552,1273.108505880252,782.3009491475692,0.42369135852340284,0.9189272124893186,24.2757266595552,52.650650955359346,False,False
671,11.182223316090097,1104.6474316152264,630.4212331863613,1309.0626792279227,754.0675293033096,0.4857787983663164,1.0267977437395874,27.83307492332654,58.831177129833804,False,False
672,11.198888328483672,1123.343000989738,623.4356165239022,1338.982480091259,726.2637014658317,0.540140881198217,1.1258381302409948,30.947792835135036,64.5057732777089,False,False
673,11.21555334087725,1141.103331862067,615.9540073907388,1364.003764776486,701.9156093218606,0.5920793362752098,1.2027213216976447,33.92364710547655,68.9108556636712,False,False
674,11.232218353270827,1156.221343076768,608.9037533073747,1384.0338184363738,680.8445349998823,0.6365768374826162,1.2649174553900424,36.473166123539215,72.47443162627701,False,False
675,11.248883365664405,1169.2167248448493,602.3170931885525,1400.2005370382421,663.3128184863752,0.6750821297903081,1.3126204603470735,38.679356861687516,75.20761248040654,False,False
676,11.26554837805798,1178.3960621913827,597.3581943634529,1411.7264787986776,648.6506566348845,0.702446111032619,1.3544104819768492,40.247197497547084,77.60200434555311,False,False
677,11.282213390451558,1184.6773901623374,593.8133132290695,1419.3158894064104,638.7440896800628,0.7212595041099171,1.3815973046949264,41.3251255191969,79.15969454566932,False,False
678,11.298878402845135,1188.4449672849803,591.6264420232923,1423.7915994885561,632.6869182800866,0.7325811036842591,1.398066815969244,41.97380539214381,80.10332803233085,False,False
679,11.31554341523871,1189.234990464516,591.1620232884547,1424.7209036370843,631.4160255401764,0.7349588227342415,1.4014925486391068,42.110038658575654,80.29960805605407,False,False
680,11.332208427632288,1187.1893042060256,592.3603983714067,1422.156706486137,635.538168875872,0.7288046169493692,1.38906312996812,41.75742864084747,79.58745482440541,False,False
681,11.348873440025866,1181.361586044953,595.7001888218168,1415.5853533626866,642.7451335394818,0.7113188424307524,1.3725790744430084,40.755567559413336,78.64298801355721,False,False
682,11.36553845241944,1172.9945336636208,600.3075906454255,1405.6763657144147,654.4662929331106,0.686326190989902,1.3421095011226714,39.323594113011055,76.89721005873749,False,False
683,11.38220346481302,1162.0931507434493,605.9893619601971,1392.4369829800848,669.3590625318486,0.6539431637435361,1.3023286239579441,37.46818332393713,74.61793369187026,False,False
684,11.398868477206596,1146.979901429143,613.2897864298097,1373.722038413784,688.5360708273681,0.6093415592988524,1.250373792865876,34.91269962974482,71.6411411449797,False,False
685,11.415533489600174,1130.102545779935,620.6874830635728,1351.2172439221283,711.143495939925,0.5598704674760395,1.1824776086224291,32.07821486039349,67.75097634278755,False,False
686,11.43219850199375,1110.1665370317592,628.4514256784826,1323.0373460812689,736.8950453829503,0.5017984336120314,1.0996300624817845,28.750932412245028,63.00416160591326,False,False
687,11.448863514387329,1088.4134818646542,635.778704139317,1289.633512099064,764.5595234893398,0.4387743549803032,1.0014831356942333,25.139918698946367,57.380756928807095,False,False
688,11.465528526780904,1065.1149300275476,642.3644269454426,1249.8795826334938,793.8108635076941,0.3715490511411907,0.8841747554651092,21.28819251248061,50.65948184016237,False,False
689,11.48219353917448,1039.4295971149656,648.1760027779778,1202.2216100960875,823.0266833873316,0.29764021945609676,0.7496990507181225,17.053528388181956,42.95459151111267,False,False
690,11.498858551568055,1013.9286222952918,652.4960947115375,1147.6048739626397,850.4977607150533,0.22435596398178861,0.5938368430683206,12.8546498447456,34.02434482718737,False,False
691,11.515523563961636,987.7827253996836,655.4668961231412,1087.7695871546334,872.4383861313829,0.14920987947243422,0.4318231512583055,8.54909635542618,24.74164406314027,False,False
692,11.53218857635521,961.8438327037599,656.9818242141547,1022.1478412879941,888.1471904537206,0.07455861732592464,0.255182390620817,4.271894099106458,14.620873988631576,False,False
693,11.548853588748788,935.1474403287765,657.0655267667536,955.1526987357448,895.128101809683,-0.0024635737468691045,0.08383664206841225,-0.1411523782148303,4.80348575906895,False,False
694,11.565518601142363,908.5922962723056,655.6646384737526,885.6122181459169,893.458490390292,-0.07935293835232972,-0.0963394929220824,-4.546588459550297,-5.519846344865788,False,False
695,11.582183613535944,881.9948723903278,652.7645644339793,820.0659033770966,883.4999167252098,-0.15672263818598578,-0.2622183343213962,-8.979545722212817,-15.024003867566423,False,False
696,11.598848625929518,854.3587135399466,648.1341603034608,758.4452208517566,866.9368154983933,-0.23758879794549836,-0.41312883227840286,-13.61283538186354,-23.670538484720538,False,False
697,11.615513638323096,828.4721183468653,642.2587384472256,702.2121478331429,845.070029666117,-0.3138736073375924,-0.556834870769688,-17.983633000990473,-31.90428798081573,False,False
698,11.632178650716671,802.3482469028094,634.7613333671954,652.2606102796407,820.6314528939006,-0.3915000420893103,-0.6792893189152772,-22.43130009091157,-38.92041104216158,False,False
699,11.648843663110249,776.824844848549,625.8390029698833,609.3973682921909,796.2562558933187,-0.4680987341491854,-0.7765488368811921,-26.820081862164667,-44.49297093908532,False,False
700,11.665508675503826,753.8358018844172,616.3709346030781,570.7127915611065,769.7983216307163,-0.537867201471477,-0.8734055369251906,-30.817520582828376,-50.042451069171,False,False
701,11.682173687897404,731.9778458681371,606.025202579018,537.1064393957324,744.2248224752637,-0.6050264928860108,-0.9539333784220557,-34.66546453597035,-54.656356520239825,False,False
702,11.69883870029098,712.4172717337931,595.5754367129787,509.60598051490103,721.8354072267,-0.6659426044904594,-1.0139614560252137,-38.15570063525315,-58.09571201918456,False,False
703,11.715503712684557,695.8168717162193,585.7573610737996,486.69803795028497,701.2706216302203,-0.7183565941617298,-1.066126967422198,-41.15880103085923,-61.08457565837336,False,False
704,11.732168725078134,680.8744485393825,576.1176477509962,467.5944554615794,683.7542797715694,-0.766193937554642,-1.103417391827433,-43.89967891039114,-63.221159593044966,False,False
705,11.748833737471712,669.6257285066142,568.3239800907402,452.1035133105697,667.1070044228882,-0.8026779434605419,-1.1445144955968765,-45.99005846852957,-65.57585018924526,False,False
706,11.765498749865287,661.0028565448033,562.017845048458,440.3021843017293,653.4793848969388,-0.8309533448259249,-1.17792581933025,-47.610119630804455,-67.49017802711285,False,False
707,11.782163762258865,655.2389087027003,557.6340366082072,432.5441575603876,644.127087275087,-0.8500167761698975,-1.200335979562972,-48.70237378985149,-68.77418562665973,False,False
708,11.798828774652442,651.8018692286909,554.9534152253118,427.98888238117996,638.510263648382,-0.8614503778001166,-1.2134876437867987,-49.357470907896946,-69.5277204802582,False,False
709,11.815493787046018,652.4425976836956,555.4569705581064,427.54909388450096,636.060394486136,-0.8593150805551814,-1.2266516247252195,-49.23512738775624,-70.28196102962038,False,False
710,11.832158799439595,654.7377500384791,557.2463084609703,430.1615777435765,638.7296984086781,-0.8516807789325868,-1.2227360551453332,-48.7977141252517,-70.05761541830309,False,False
711,11.848823811833173,660.342496983929,561.5225759566414,436.3248336130538,644.5291208663848,-0.8331305580257719,-1.2159452836829183,-47.73486475825586,-69.66853287386883,False,False
712,11.865488824226748,668.4602636780473,567.4888582781407,445.89658707568157,654.318633454848,-0.8064833492518589,-1.1988234896260985,-46.20809215970667,-68.68752633672088,False,False
713,11.882153836620326,679.695898437592,575.3233072915306,460.00746156653247,669.19018486371,-0.7699964164015243,-1.1670022349097666,-44.11754490000526,-66.8643027426643,False,False
714,11.898818849013905,692.2484233055611,583.5264974839911,477.1862401905476,687.5565767582299,-0.7297204541832029,-1.1202565812607774,-41.80990224906708,-64.18597407799689,False,False
715,11.91548386140748,709.2562935288241,593.7752167945143,499.29675560257414,707.7532516687636,-0.675868832023236,-1.073453610448077,-38.7244315793678,-61.50436138175518,False,False
716,11.932148873801056,727.5658678173821,603.7695855453308,526.0550350416129,732.0948919896014,-0.6186939599524657,-1.003745255404166,-35.44855271551226,-57.5103668409396,False,False
717,11.948813886194634,748.546772909407,613.9911481324584,558.1493772506703,758.2923322106581,-0.5540384921296571,-0.9222617034652244,-31.744067286821426,-52.84170321510321,False,False
718,11.965478898588213,772.3516544319258,624.1057930159598,595.6239337246874,784.8581265406224,-0.481612023900836,-0.8327001308932543,-27.594336332271634,-47.71020310017469,False,False
719,11.982143910981788,797.2824108706268,633.1187962392294,637.6321243363986,810.8427001169543,-0.4066389812676521,-0.7318778949381352,-23.298697412135805,-41.933514498874224,False,False
720,11.998808923375364,823.3630512950115,640.9185447721973,686.6993604882762,836.8701602671481,-0.32900038666154313,-0.6090030164042285,-18.850333613878604,-34.893302550698735,False,False
721,12.015473935768942,851.3253302643161,647.5236438630327,739.6848375335694,858.7353868671471,-0.2464988477489086,-0.48624263308750687,-14.123343630850316,-27.85965069524238,False,False
722,12.032138948162515,877.9941466764075,652.1971963142971,797.6428253330155,877.180896075793,-0.1683967940818593,-0.3430239404207057,-9.648425584424137,-19.65382405805344,False,False
723,12.048803960556096,905.5741197944882,655.4112918823012,860.4581652101068,890.0142557210814,-0.08811295981010943,-0.18998828791871797,-5.048500717525114,-10.885527054658867,False,False
724,12.065468972949672,933.1735536345167,657.012399609174,924.107873296009,895.7419818565361,-0.008168445711559485,-0.0379564451883156,-0.4680174644540951,-2.174744114610125,False,False
725,12.08213398534325,959.8662042550731,657.0392654573277,989.0036027347882,894.157404809496,0.06886059452881402,0.12226840393911662,3.945421441262691,7.005463513512112,False,False
726,12.098798997736823,985.8068148517424,655.6322435675094,1051.7018340562252,885.2664014013144,0.14352787411554413,0.27944776412637046,8.223541429305651,16.011177478808357,False,False
727,12.115464010130404,1010.9869360089156,652.9034489408921,1109.7699603410638,870.4256641369363,0.21590347921181943,0.42628183119802154,12.37035814102776,24.42414981075482,False,False
728,12.13212902252398,1033.427440762741,649.3211027465129,1163.8709619238864,849.4672688029273,0.2803869231182876,0.5775983547007753,16.064987325336972,33.093947978054736,False,False
729,12.148794034917556,1056.0753047265496,644.580001613081,1212.6151983748825,825.0495605324971,0.34551976423496983,0.7145112200339624,19.79682422901902,40.93847732268936,False,False
730,12.165459047311131,1077.9663281282512,638.889769875733,1255.1915971333578,799.0934028746998,0.4086016240003945,0.8358005431067924,23.41114855741397,47.88784363476123,False,False
731,12.18212405970471,1097.2943341442215,632.9278233053751,1290.6758898213238,773.2045994442065,0.46446838134194385,0.9432334655942471,26.612077968166254,54.043296674048506,False,False
732,12.198789072098286,1114.7861723794172,626.7435509979573,1320.5228573916106,748.1783748344232,0.5152248944534866,1.0375813128240168,29.52021195225808,59.44903012645936,False,False
733,12.215454084491864,1130.469757944377,620.5347295274591,1345.5319410593902,724.5648088016986,0.5609435532055946,1.120256581260774,32.13969814375271,64.1859740779967,False,False
734,12.23211909688544,1144.000729925655,614.6524041216833,1365.6072757531385,703.8966691834303,0.6005851358424631,1.1879516842635809,34.41099352206436,68.06461777376092,False,False
735,12.248784109279018,1154.116689084432,609.9240364328364,1380.5575101332784,686.0722771395284,0.6303641641192949,1.2463932587252486,36.117206160327555,71.41307333851401,False,False
736,12.265449121672594,1162.5160316835909,605.7755747895333,1392.0737710628769,671.9363206368389,0.6551958370974384,1.2901911963701485,37.539956220224234,73.92251031694393,False,False
737,12.282114134066171,1168.3906553694358,602.7507276340181,1399.6196723016728,662.8102125514828,0.6726266384147224,1.3166715772392603,38.538667569235685,75.439724380643,False,False
738,12.298779146459747,1170.9125919809621,601.4203971717163,1403.3712495824534,656.5291306548287,0.6801266363791079,1.3380245852940098,38.96838579895168,76.66316162208899,False,False
739,12.315444158853325,1170.9125919809621,601.4203971717163,1403.8141299215297,654.6263519598639,0.6801266363791079,1.3462021995782187,38.96838579895168,77.13170440706007,False,False
740,12.332109171246902,1167.1302403293457,603.4084048440046,1400.0317782699133,656.6143596321522,0.6688821998261659,1.3462021995782187,38.324127041465474,77.13170440706007,False,False
741,12.34877418364048,1161.2558310923482,606.4111148210459,1393.200587000566,663.6442364087884,0.6514636220714991,1.3288757581104897,37.3261160510026,76.13897243697873,False,False
742,12.365439196034057,1152.0073641841084,610.9338471625133,1382.3511964207437,674.3035477341648,0.6241437975636358,1.302328623957944,35.760805409663966,74.61793369187025,False,False
743,12.382104208427632,1140.6212609924553,616.1683244937573,1367.3633979770964,691.4146088913157,0.5906650925633837,1.250373792865876,33.842616909586,71.6411411449797,False,False
744,12.39876922082121,1126.7227378328744,622.0766194969555,1349.3612836414775,708.7142436577699,0.5500000950614881,1.199686697374348,31.512684178817338,68.73698449753857,False,False
745,12.415434233214787,1109.2593036405285,628.7804790563987,1325.4903167402285,730.3587689311419,0.4991635886162311,1.131625937469671,28.599966914314507,64.83739020454736,False,False
746,12.432099245608365,1090.8501971068076,635.0155170896182,1297.4638229104007,754.9522071902411,0.4458198087084828,1.044847596393563,25.54359346232577,59.86535750773962,False,False
747,12.44876425800194,1070.5903046080175,640.9310540708854,1263.2738586030885,782.1650727060166,0.3873278108846195,0.9382745065447703,22.192248851730007,53.75916924973527,False,False
748,12.465429270395518,1048.7085667537283,646.2481822472903,1222.6173703785555,810.0460089171863,0.32432331460475083,0.8153293417512547,18.582357124545837,46.714930195526435,False,False
749,12.482094282789092,1025.1284143651737,650.7737788670729,1175.4739365777698,836.4353633443735,0.25653705365132223,0.6806775479424748,14.69849046294193,38.99995070641756,False,False
750,12.498759295182673,1001.8894800356804,654.0455093990582,1121.3898943826625,860.9117728904733,0.18976111201428142,0.5238384677112555,10.872510834127585,30.01373334645499,False,False
751,12.515424307576248,976.8296158758877,656.2795334850082,1062.2534913029797,879.3865963651795,0.11770430120406547,0.36566371717694646,6.743959689529565,20.950987715304418,False,False
752,12.532089319969824,952.9399473646185,657.1757716243624,998.2425842169947,891.7427579933349,0.04889552287709411,0.19078408593630228,2.801507097942857,10.931122922411326,False,False
753,12.5487543323634,928.2033074741067,656.8424103937139,934.1989494696371,895.6688165490245,-0.022540243314143085,0.025099330520063787,-1.29146081109837,1.4380857074035527,False,False
754,12.56541934475698,903.5279491053033,655.2285563715725,869.6024660013325,891.7091297727764,-0.09405449328031314,-0.14248772198969756,-5.388925509203505,-8.163945102443083,False,False
755,12.582084357150556,877.8528108487064,652.1765202045473,808.0159733992032,880.6427455750638,-0.16880940189563834,-0.2966567476092957,-9.672066270747795,-16.99717960209032,False,False
756,12.598749369544132,853.2210534088547,647.9075861495037,751.5934131048747,864.1154091491464,-0.24092963452429103,-0.4393986316795326,-13.804251217871286,-25.17568711906057,False,False
757,12.61541438193771,828.2340159674508,642.1976211933379,699.6512543963754,843.5442710953315,-0.31457802053490086,-0.568329216158176,-18.023992904229562,-32.56286545984175,False,False
758,12.632079394331289,804.1511025930738,635.3308604845772,654.0634659699051,821.2009800112824,-0.3861194691908752,-0.6792893189152772,-22.123015972468767,-38.92041104216158,False,False
759,12.648744406724862,779.7667316869173,626.9508182891318,612.8486001700218,797.8669888842758,-0.4592267174224086,-0.7735643962942991,-26.311752747950884,-44.321975089248795,False,False
760,12.66540941911844,757.9306633018094,618.1606850466005,577.9541808383198,775.2672277495358,-0.5253794751525349,-0.8531409546674984,-30.102026569038554,-48.88137603220955,False,False
761,12.682074431512016,738.0162320142962,609.0195621629596,548.2146297177467,754.1035094681747,-0.5863841724571234,-0.9181440591513468,-33.59733825506458,-52.60577957438198,False,False
762,12.698739443905591,719.9716982904159,599.7501044941646,522.5846200046551,734.3322033253648,-0.6423158594786654,-0.9723774333163605,-36.801987862445586,-55.7131230227911,False,False
763,12.71540445629917,704.4672523815578,590.9864551693267,500.936525186224,716.0833899332873,-0.6909548658366235,-1.0196858582337731,-39.58879764646655,-58.423696105970386,False,False
764,12.732069468692748,691.060147293173,582.773871789628,483.0256531979789,700.2287536232777,-0.7335126927466006,-1.0568181251971804,-42.02718151365653,-60.55121828672668,False,False
765,12.748734481086323,680.8744485393825,576.1176477509962,469.01468198039765,686.5234415915935,-0.766193937554642,-1.0903905102118545,-43.89967891039114,-62.474774256255756,False,False
766,12.7653994934799,673.8191524818187,571.2853492647637,458.95868510820833,675.7314097936018,-0.7890261300464091,-1.118321437232831,-45.207867177199674,-64.07509849244562,False,False
767,12.782064505873478,669.1392032643594,567.9760013679132,452.37194814258737,668.4048672729539,-0.8042659145867455,-1.1369350638758267,-46.08104251204967,-65.14158074052153,False,False
768,12.798729518267056,666.8072016124837,566.2952183651419,449.66156334685456,665.9033093126775,-0.8118893860551594,-1.1407181917390365,-46.517835252428185,-65.3583380004418,False,False
769,12.815394530660631,667.9725067928127,567.1377765531454,449.9084859029923,664.7189365860328,-0.8080774189365963,-1.1500328575180243,-46.29942562489188,-65.89202903715274,False,False
770,12.832059543054209,670.7925273989362,569.1547662297515,453.44188785592553,668.3147354221845,-0.7988731124472792,-1.1427809095071773,-45.77205770970913,-65.47652302288292,False,False
771,12.848724555447786,677.3418872229181,573.7213509749029,461.51849733336394,676.1628678349215,-0.777605075591957,-1.1276300247758788,-44.55348895937048,-64.60844127189031,False,False
772,12.865389567841362,685.5980779320975,579.2505919083981,472.3180848542944,686.8872239289713,-0.750998197426324,-1.103417391827433,-43.02902713446093,-63.221159593044966,False,False
773,12.88205458023494,696.5533038387763,586.2123242614971,487.4344700728419,701.7255848179177,-0.71601587819558,-1.066126967422198,-41.02468788495996,-61.08457565837336,False,False
774,12.898719592628517,710.0180808956297,594.2119868106302,507.0376403909645,720.1998464342148,-0.6734744052229862,-1.0153025915293554,-38.58724102936048,-58.17255342332703,False,False
775,12.915384605022094,726.3609080664863,603.1434639820808,530.5512251752576,740.0104362070718,-0.6224337332084539,-0.9607555284512639,-35.66282593941628,-55.04723692411851,False,False
776,12.93204961741567,744.4804333805604,612.1085802622697,558.0274223563363,761.4714761902765,-0.566504659845381,-0.8954000766703915,-32.45832608363465,-51.302645368903754,False,False
777,12.948714629809247,766.1559751503092,621.6191104064276,591.805848043788,784.9471030406969,-0.5003768701733177,-0.8180275281242456,-28.669482826896626,-46.86952488703852,False,False
778,12.965379642202825,788.9541449208734,630.2815871122289,629.3038583866453,808.0054909899538,-0.4315944519091701,-0.7318778949381352,-24.728540555657425,-41.933514498874224,False,False
779,12.9820446545964,813.1520152877227,638.0575476820156,671.7438563759398,830.6133385406132,-0.35931044653705085,-0.6334258829691458,-20.58697212153402,-36.29262972847967,False,False
780,12.998709666989978,838.2506287325167,644.6564045065204,719.505536121653,851.9571594034513,-0.28498946985645907,-0.5201910459456248,-16.3286938284459,-29.804751473180197,False,False
781,13.015374679383555,865.0254141292893,650.1193117404619,771.6450578545519,870.0149894196811,-0.2063129476858597,-0.4015805401088814,-11.820861161303105,-23.00887008282298,False,False
782,13.03203969177713,891.7002537548619,653.9978249583255,826.4666707022147,883.8207560207271,-0.12844356236929397,-0.2765685585992904,-7.3592740293859045,-15.846211153755931,False,False
783,13.048704704170708,918.3398573199615,656.3513369578801,884.2735391090725,892.8116633628701,-0.051092239520546985,-0.14308329366815878,-2.927369690398851,-8.198068846016433,False,False
784,13.065369716564286,944.029853748663,657.2034977148069,944.0298537486625,896.1051511205546,0.02318987053850229,-1.9034918528342145e-15,1.3286817093109509,-1.0906204950493769e-13,False,False
785,13.082034728957863,968.8493132951032,656.7122900749805,1002.9156315059914,893.1726164799708,0.09473479733527683,0.14308329366815536,5.42790406033856,8.198068846016238,False,False
786,13.09869974135144,992.8080035955203,655.0090807622448,1060.8133656902498,884.0271384047912,0.16365821923262386,0.2886500656813024,9.376925244656105,16.538430519712634,False,False
787,13.115364753745016,1016.0283468107791,652.1939086186636,1116.396561867228,868.9892531405939,0.23038912300136996,0.4335814839517607,13.200324393698896,24.842389105455123,False,False
788,13.132029766138594,1037.4932853768655,648.554122062437,1165.8185918211361,850.0649548382063,0.2920737711869384,0.5670510713907307,16.734594395481277,32.48963315906041,False,False
789,13.14869477853217,1057.2587387787903,644.3005605455485,1210.0033698090342,827.9934501505484,0.3489261063231304,0.6936681856474215,19.9919932542484,39.744259420094515,False,False
790,13.165359790925748,1076.0854952913348,639.4223926904203,1249.4641130969524,803.7813136159776,0.4031748534661487,0.8120980484027116,23.100217509415728,46.52979072428622,False,False
791,13.182024803319324,1093.2963838505668,634.23492608148,1281.873933701264,780.9063537431341,0.4528959439217115,0.9097531579442071,25.94902614530768,52.125016348901646,False,False
792,13.1986898157129,1109.2593036405285,628.7804790563987,1310.315675245493,757.8166578476449,0.4991635886162311,1.0002135637991054,28.599966914314507,57.308015817427844,False,False
793,13.215354828106475,1121.910169994679,624.0027392172626,1332.512028609829,736.7895165798791,0.5359642743050408,1.0791186778342416,30.70849088747079,61.82894583363963,False,False
794,13.232019840500056,1132.9750609293387,619.4829652129065,1350.4972761253828,718.2659895450552,0.5682683406304041,1.144514495596873,32.559377549024795,65.57585018924506,False,False
795,13.248684852893632,1141.8774867778634,615.6084998564005,1364.4411633802288,702.4382750331087,0.5943510280577476,1.198823489626095,34.053805456970515,68.68752633672067,False,False
796,13.265349865287208,1147.7753200148184,612.9217837819521,1373.912056125956,689.9683708640657,0.6116813289929529,1.242423352655585,35.0467585582494,71.18561447565892,False,False
797,13.282014877680783,1151.1532352880422,611.3391432752484,1379.2511712905248,682.3696408900569,0.6216266838488141,1.268910708649418,35.616585417250185,72.7032281845661,False,False
798,13.298679890074364,1152.0073641841084,610.9338471625133,1381.5651035633946,677.0945930098189,0.6241437975636358,1.290191196370149,35.760805409663966,73.92251031694396,False,False
799,13.315344902467938,1149.8935227429592,611.9331180043414,1379.7164538053607,677.1667010569886,0.6179160733008595,1.294227768195606,35.40398309343566,74.15378884624405,False,False
800,13.332009914861516,1145.25788428744,614.0804203346057,1374.5473202067712,681.1651024594761,0.604278852250777,1.286163994815574,34.62262788297897,73.6917686646183,False,False
801,13.348674927255091,1138.494213059266,617.1063558961508,1365.9249837587756,690.2448856805751,0.5844281867985484,1.2596554538617877,33.485268532040116,72.17294114691663,False,False
802,13.365339939648669,1128.3337825095057,621.4182362802825,1353.3174822710016,701.7695576236745,0.5547035836273397,1.227772386374191,31.78217422262868,70.34617594194657,False,False
803,13.382004952042246,1117.2716570277835,625.8021565818327,1337.6775150766105,717.9718790386155,0.5224557505252218,1.1747148852305869,29.93450948743505,67.30620505490751,False,False
804,13.398669964435824,1101.9028277050672,631.3724780809905,1316.3787245206495,736.6059788549917,0.47782035209001705,1.1146532673413672,27.37708954021298,63.86492783912778,False,False
805,13.4153349768294,1085.6215222227693,636.6356026161804,1291.0974917885671,758.511055152757,0.430705606005357,1.0354382438957437,24.67761343673144,59.32624132166369,False,False
806,13.431999989222977,1067.7480634052886,641.6837718437507,1259.9506929034058,783.5715768659214,0.3791358285824568,0.9348772125588262,21.72288283997022,53.5645186425755,False,False
807,13.448665001616554,1047.954964745783,646.4119371255175,1223.307414579602,808.6633418568108,0.3221556347252663,0.824184671781779,18.458158216115947,47.222303232470935,False,False
808,13.465330014010132,1026.2667224454174,650.583453505073,1180.492999241348,833.0341469695403,0.25980805252690664,0.7017613914108161,14.885904893304954,40.20796595306798,False,False
809,13.481995026403707,1004.8405898817598,653.6944861006195,1131.7296648963884,856.1127724334801,0.19824191115335588,0.5599397971143868,11.358424831694734,32.082187156065956,False,False
810,13.498660038797285,982.8392092038144,655.8650555395355,1077.068150259067,875.398439487412,0.13499293072871102,0.40544275041665895,7.734525194857022,23.23015843305056,False,False
811,13.515325051190862,959.8929336159882,657.0385437915617,1019.0132149359165,888.5094757390798,0.06893761546352462,0.25006508925135246,3.949834415755761,14.327674217664743,False,False
812,13.531990063584438,937.1014508335936,657.1100698207912,958.0994274375241,895.0871379986743,0.003182360790243039,0.08800737352773931,0.18233584216884358,5.04245106917083,False,False
813,13.548655075978017,914.4040645020103,656.0982093948799,897.3830264596163,894.3927419883898,-0.06249760223684256,-0.07130746478529222,-3.580848837858452,-4.085616779974985,False,False
814,13.565320088371593,891.7002537548619,653.9978249583255,837.7621194530155,886.7308859274023,-0.12844356236929397,-0.2277389919323356,-7.3592740293859045,-13.048483068286734,False,False
815,13.58198510076517,868.0667499752714,650.6395032724449,782.4395094651593,873.6685948336658,-0.19741070417084797,-0.3665753898441807,-11.310800179695226,-21.003222711434375,False,False
816,13.598650113158746,843.3735269780034,645.8256692036425,732.5587946619434,857.4718246180983,-0.2698910976454472,-0.48233702144771423,-15.463620823237315,-27.635875631865094,False,False
817,13.615315125552325,820.348965166436,640.0994624813068,685.766866335235,837.486540767067,-0.3379363218834107,-0.5984188934785398,-19.362324988093917,-34.28687697720912,False,False
818,13.6319801379459,798.1771984107929,633.4134688417842,644.844697962453,816.6159369099296,-0.4039627758927484,-0.6968727446734351,-23.145362139043602,-39.92786712748565,False,False
819,13.648645150339476,776.4926940707654,625.7120804115077,609.5626665170424,796.616632430795,-0.4691011736940722,-0.7736340002476911,-26.877517417303697,-44.325963102015585,False,False
820,13.665310162733054,757.0883755878449,617.7962710132837,578.9709403026111,777.0073863520395,-0.5279458687156546,-0.8413867845980416,-30.249070088774854,-48.207911695550685,False,False
821,13.681975175126633,739.2234881894336,609.6055413281276,552.8672470995398,759.0891571756356,-0.5826655135222215,-0.8947524537125524,-33.38427479264609,-51.2655393067038,False,False
822,13.698640187520208,723.1622971019626,601.4601793305388,530.7329332473195,743.0403330474259,-0.6323761289278412,-0.9364769299249912,-36.23248325238611,-53.65617569607054,False,False
823,13.715305199913784,710.0180808956297,594.2119868106302,511.85481227795515,727.6485596486618,-0.6734744052229862,-0.9781694787520206,-38.58724102936048,-56.04498278100244,False,False
824,13.73197021230736,698.9391997195982,587.673692264103,496.85593814262336,715.0956503027863,-0.7084427244014987,-1.0082217673734846,-40.59077813495561,-57.766852083721346,False,False
825,13.74863522470094,691.060147293173,582.773871789628,485.5026672554916,704.5117968604875,-0.7335126927466006,-1.0361074228188585,-42.02718151365653,-59.364582449697274,False,False
826,13.765300237094516,685.5980779320975,579.2505919083981,477.5635838369033,696.7054737420478,-0.750998197426324,-1.0568181251971804,-43.02902713446093,-60.55121828672668,False,False
827,13.781965249488092,682.0539786684576,576.9075531916543,472.93514490252323,692.4208137480749,-0.7623927977123088,-1.066126967422198,-43.68188964008642,-61.08457565837336,False,False
828,13.79863026188167,682.0539786684576,576.9075531916543,472.2852928048618,691.2364578092534,-0.7623927977123088,-1.0717817206787783,-43.68188964008642,-61.40856915416327,False,False
829,13.815295274275243,684.4158304315827,578.4740316407891,474.87608184823705,693.2219891983349,-0.754794849342223,-1.0697829399913095,-43.246559265522194,-61.294047456599046,False,False
830,13.831960286668822,688.6856252230832,581.2551355230368,481.75245655984577,700.6396559056732,-0.7411031369479584,-1.047518004662923,-42.462081931023874,-60.018360631150784,False,False
831,13.8486252990624,695.8168717162193,585.7573610737996,491.40162410352264,709.4036571907473,-0.7183565941617298,-1.026797743739591,-41.15880103085923,-58.83117712983401,False,False
832,13.865290311455976,705.664211456613,591.6904628093073,505.06274095858964,721.4327074100181,-0.6871788537240494,-0.9966978098006828,-39.37244808902579,-57.10657795151198,False,False
833,13.881955323849551,717.5656181014407,598.439797823804,523.5001350456794,737.7688625817863,-0.649826642044718,-0.9481255380378302,-37.23232400432083,-54.323591778138066,False,False
834,13.89862033624313,731.9778458681371,606.025202579018,544.6476905338493,754.2865019879723,-0.6050264928860108,-0.9012943674187746,-34.66546453597035,-51.64036335200912,False,False
835,13.915285348636708,749.3768131387724,614.3697457406677,570.7644489412722,773.0254212010166,-0.5514974380257522,-0.8445008470080372,-31.598475611153283,-48.38633432878377,False,False
836,13.931950361030284,768.2188950656791,622.4582652843807,601.3007635487836,793.3744358795246,-0.49412257322747183,-0.7735643962942991,-28.3111380080781,-44.321975089248795,False,False
837,13.94861537342386,788.9541449208734,630.2815871122289,635.8149268280195,813.6456508813037,-0.4315944519091701,-0.6958181893838126,-24.728540555657425,-39.86744556012708,False,False
838,13.965280385817438,812.2393453440989,637.7898709634289,674.429285652947,832.9369627888548,-0.3620248191956129,-0.6148652991472491,-20.74249421889533,-35.22918661018619,False,False
839,13.981945398211014,836.1555623532776,644.1610826456499,717.4104697424139,851.4618375425808,-0.29117069417407887,-0.5201910459456248,-16.682851894069145,-29.804751473180197,False,False
840,13.998610410604591,861.1996936187654,649.436159051352,763.3307329106867,867.3711643394437,-0.21752060315734317,-0.4220836586172643,-12.463012518055812,-24.183612240209886,False,False
841,14.015275422998169,886.7144844629306,653.3895400369867,814.4856941603601,881.1108650187005,-0.14296371634477698,-0.30714335966663237,-8.191217570061186,-17.59801821436671,False,False
842,14.031940435391745,911.4565548214149,655.8872382243896,867.1255985258108,890.6398022442896,-0.07104391337857666,-0.18664328605878228,-4.070516396685448,-10.693872565621142,False,False
843,14.048605447785322,937.1014508335936,657.1100698207912,922.0112866668163,895.5346636558646,0.003182360790243039,-0.06320683189746232,0.18233584216884358,-3.6214847041174596,False,False
844,14.0652704601789,959.8929336159882,657.0385437915617,977.985256989369,895.2541348744146,0.06893761546352462,0.07580383736113717,3.949834415755761,4.3432399516892675,False,False
845,14.081935472572477,982.8392092038144,655.8650555395355,1032.0048843146283,889.6528575970807,0.13499293072871102,0.20727991668300477,7.734525194857022,11.876264403759516,False,False
846,14.098600484966052,1004.9608181984821,653.6797901048371,1084.1051663282701,879.0909081960061,0.19858740670313418,0.3376643302452487,11.378220268537582,19.346741015164387,False,False
847,14.11526549735963,1025.2905204749006,650.746847470877,1133.329333131463,863.8233946546537,0.2570028713183298,0.4692655274257599,14.72517984928409,26.886934192476623,False,False
848,14.131930509753207,1044.8532085208492,647.0725313933322,1178.0646043329084,845.3872409481276,0.3132348221303119,0.5914909614909954,17.94703330459791,33.889935713569145,False,False
849,14.148595522146785,1062.5026794019993,643.0238990062596,1216.8193488928828,825.3981447682133,0.36402467938842864,0.7022569315090056,20.85707776755989,40.23635830927374,False,False
850,14.16526053454036,1078.5042900086898,638.73589537915,1251.8829078143074,803.0948163047073,0.41015408574409606,0.8120980484027116,23.50009806318359,46.52979072428622,False,False
851,14.181925546933938,1092.3685676802147,634.5327045775725,1280.0826459526384,782.3076172601195,0.45021163305807904,0.9038881225555837,25.79522646192042,51.788974574438654,False,False
852,14.198590559327512,1105.28824483915,630.1964366204394,1304.8344105390106,761.5559728349212,0.487637689475011,0.9886143792812553,27.939581538429135,56.643431498761544,False,False
853,14.21525557172109,1115.4663490481419,626.4875017717625,1323.687185935199,743.6117225207327,0.5172031830645405,1.058406866484157,29.633559540330264,60.64224645720862,False,False
854,14.231920584114668,1124.0538305171299,623.1522775516464,1338.9252633233318,727.5757776069973,0.5422135963657833,1.1184264351324842,31.06655066636933,64.08111442895348,False,False
855,14.248585596508246,1129.5853128740982,620.9020339289305,1349.1186968219745,715.1309749841838,0.5583592131269193,1.165353576378234,31.991626364418106,66.76984156694922,False,False
856,14.26525060890182,1132.9750609293387,619.4829652129065,1356.0821238095095,704.9068406399994,0.5682683406304041,1.205132609617946,32.559377549024795,69.04901228469535,False,False
857,14.2819156212954,1133.3486272662012,619.3246966834467,1358.0128872544294,700.5648978399048,0.5693610973503557,1.22381872157524,32.621987897112575,70.11964763535724,False,False
858,14.298580633688976,1132.9750609293387,619.4829652129065,1358.2755733481606,698.9416280749023,0.5682683406304041,1.231737248067571,32.559377549024795,70.57334578333034,False,False
859,14.315245646082552,1128.6986581317096,621.2681697484377,1353.6823578932056,701.6194910918297,0.5557691991742307,1.227772386374191,31.84322949604906,70.34617594194657,False,False
860,14.33191065847613,1122.2637713795839,623.8632789968157,1345.498574196278,708.9527778282915,0.5369948263194565,1.2066309074867405,30.767537168465516,69.13485842903071,False,False
861,14.348575670869709,1113.314656534567,627.2934551519719,1333.7205145833939,719.4631776087547,0.5109462775715681,1.1747148852305869,29.275065262770724,67.30620505490751,False,False
862,14.365240683263282,1102.218389543875,631.2640596672926,1318.449402643575,732.8423495420358,0.4787351186895974,1.131625937469671,27.429501805608467,64.83739020454736,False,False
863,14.38190569565686,1089.282341757434,635.5082164176852,1298.5906231640183,750.6778449428399,0.4412861863192368,1.0677694611399886,25.283836033515954,61.178683616279514,False,False
864,14.398570708050435,1074.1981495580244,639.9485088018163,1274.5037157797408,770.1471268459322,0.39773077372100313,0.9944211062037118,22.78829471668623,56.976132444203294,False,False
865,14.415235720444016,1057.4865871462557,644.2463936971109,1245.3044810707572,791.8893370495268,0.34958197697173216,0.9045909619113194,20.02957187431979,51.829244303198,False,False
866,14.43190073283759,1039.8129615669225,648.1001539896959,1210.7408881919355,815.0062470470621,0.2987423648909651,0.7973023629557565,17.11667667000952,45.68206039317256,False,False
867,14.448565745231168,1021.2213003639331,651.4055563655214,1170.461980099067,837.9564060344394,0.24531017449217657,0.6747409422235511,14.0552376700195,38.65980825409,False,False
868,14.465230757624743,1001.0166061147813,654.1457647853038,1124.37265963357,858.7362925725641,0.18725255205807675,0.5425793241259883,10.728780935981534,31.087505323479853,False,False
869,14.48189577001832,980.8584582117256,656.010088976615,1073.3860372111699,876.2659563774668,0.12929537404691474,0.3977056192195345,7.408079243453534,22.786853469916323,False,False
870,14.498560782411898,959.9197742270458,657.0378176139939,1018.8007378202008,888.5697422514864,0.06901495676546969,0.24903132584338641,3.9542657459392605,14.268443937373227,False,False
871,14.515225794805476,939.0805473237242,657.1470237456252,962.1566850161166,894.9315730107147,0.008899299396102327,0.09674346233893878,0.5098922960199856,5.54299208750402,False,False
872,14.531890807199051,917.3553269401401,656.2910804950834,904.3255000338951,894.8371423170998,-0.053944585180611876,-0.05456762350389596,-3.090797058433026,-3.1264945248321117,False,False
873,14.548555819592629,895.6026756777043,654.4368398981142,849.7098967823162,888.8890799071596,-0.1170886124720065,-0.1933005786444362,-6.708683323688826,-11.075307333762845,False,False
874,14.565220831986206,873.8421170080352,651.5717592860433,797.0998493304401,877.8119510109009,-0.18052347099139612,-0.3270275502686975,-10.343232990859345,-18.73729841489874,False,False
875,14.581885844379784,851.1312132799615,647.4838775111157,748.303128338032,863.1233566126368,-0.24706928098273584,-0.44495819655390184,-14.156027047642617,-25.494226722291106,False,False
876,14.59855085677336,830.0937102376367,642.6715027035902,705.7197358055025,846.6448207722897,-0.3090776296136574,-0.5475622359399991,-17.70884371877024,-31.37300514010855,False,False
877,14.615215869166937,808.9631260113678,636.8126765091425,666.2615984759157,828.4119302630354,-0.37177596385922834,-0.6401594336797258,-21.301193653542008,-36.67843376533322,False,False
878,14.631880881560514,788.6429511970165,630.1722393644566,631.5364084940807,810.1487218279457,-0.4325286085057364,-0.7176553721274016,-24.782063786044976,-41.11862396779065,False,False
879,14.64854589395409,769.0785008995637,622.8046297836704,603.1564549734917,794.6879468208583,-0.49151832950145363,-0.7677529361063267,-28.161925833753834,-43.989002947669675,False,False
880,14.665210906347667,751.7933108596212,615.4610757746914,576.0179911474296,777.2542677825037,-0.5441064682657193,-0.8267946189469837,-31.175004237394575,-47.37184218978929,False,False
881,14.681875918741245,736.8082870364208,608.4290417343768,554.5096344707299,762.8350042900162,-0.5901077506789784,-0.8680496793602988,-33.8106835718637,-49.735583035029485,False,False
882,14.69854093113482,723.1622971019626,601.4601793305388,536.3193684907534,750.335026191876,-0.6323761289278412,-0.8980148856558365,-36.23248325238611,-51.45246288800264,False,False
883,14.715205943528398,713.1852729506788,596.0080208539872,521.2317510673425,738.2326510577025,-0.6635345472929123,-0.9331236282727474,-38.0177291210076,-53.46404566396273,False,False
884,14.731870955921975,705.2211410112487,591.4304113043876,510.349734538844,729.6300312006333,-0.6885761663623012,-0.9539333784220557,-39.4525082058579,-54.656356520239825,False,False
885,14.748535968315553,699.6823741787764,588.1249710053935,502.29529589301563,722.7070698365937,-0.7060869677194549,-0.9723774333163603,-40.45580321951476,-55.71312302279109,False,False
886,14.765200980709128,696.5533038387763,586.2123242614971,497.16373666319,717.8094385973835,-0.71601587819558,-0.9874233198010426,-41.02468788495996,-56.57518881739631,False,False
887,14.781865993102706,696.5533038387763,586.2123242614971,497.16373666319,717.8094385973835,-0.71601587819558,-0.9874233198010426,-41.02468788495996,-56.57518881739631,False,False
888,14.798531005496285,697.746021173811,586.9452715529617,499.43131161901556,720.156667365021,-0.7122280760772302,-0.9793053653039008,-40.8076628099478,-56.11006428643084,False,False
889,14.81519601788986,702.0741499711878,589.5648031602127,505.4716105160754,725.2904141546045,-0.6985154550378762,-0.9665726663845345,-40.02198749833052,-55.38053437654037,False,False
890,14.831861030283436,708.8186128589252,593.5234295896105,515.0933548908091,733.3251621439206,-0.6772451847912921,-0.945687792561975,-38.80329078409857,-54.183919250844454,False,False
891,14.848526042677014,717.5656181014407,598.439797823804,528.988068250743,745.1112254854575,-0.649826642044718,-0.9097531579442109,-37.23232400432083,-52.125016348901866,False,False
892,14.86519105507059,729.1579857386478,604.5902222408764,545.4650961336479,757.3348532711203,-0.6137572517139245,-0.8771281411474752,-35.16570016875639,-50.255740579905485,False,False
893,14.881856067464168,743.272740394894,611.5405006413578,566.9991951285145,772.7907323907159,-0.5702128177446918,-0.8298791897663447,-32.670787881033256,-47.54857507934789,False,False
894,14.898521079857744,759.1373004820579,618.6793887679605,591.718773702454,789.1054339927061,-0.5217049388280245,-0.7764963213891712,-29.89149114597659,-44.48996202303346,False,False
895,14.915186092251322,777.363491939211,626.0442300186629,620.8235982908775,806.5137889380785,-0.4664734104660319,-0.7145112200339658,-26.726957674777314,-40.93847732268956,False,False
896,14.931851104644895,796.9864955928074,633.0209139713896,653.324224328706,823.9008548118031,-0.40752423879680416,-0.6451831929932262,-23.3494189323384,-36.96627397128633,False,False
897,14.948516117038476,817.9979323716607,639.4458254763159,690.1255752274363,841.2443890945437,-0.3449127862129776,-0.5648049094433054,-19.762046950101666,-32.36093755937006,False,False
898,14.965181129432052,841.0684312167032,645.3068909172845,729.8421392419214,856.7370495360127,-0.2766819600400581,-0.48428257838508576,-15.852708577702622,-27.747347833178882,False,False
899,14.981846141825628,863.898118753814,649.9213522849805,773.4421058774618,871.0360504271737,-0.20961431458001142,-0.3883187181724674,-12.010015550962212,-22.249023657212444,False,False
900,14.998511154219203,887.6873793896498,653.5124212059623,820.3318074048475,882.7224273631982,-0.1401291682676328,-0.28581396843752865,-8.028809928413901,-16.375934117355712,False,False
901,15.015176166612784,911.3830711268654,655.8817441104944,868.2053006224002,890.8491463906059,-0.07125703374557416,-0.1817331968267766,-4.082727294242684,-10.412545175594584,False,False
902,15.031841179006358,935.0981879278014,657.0643005606247,919.0737426300636,895.4279243644673,-0.0026059030920429957,-0.06712588820210258,-0.14930724899415496,-3.8460300900474835,False,False
903,15.048506191399936,957.9332547588293,657.0874803852838,970.9630816650736,895.6335422073003,0.06329024449738783,0.05456762350389264,3.626263894051405,3.126494524831921,False,False
904,15.065171203793511,979.8674162706799,656.0795447692432,1022.0727529694889,891.2235635197532,0.126444411192355,0.17759616728348587,7.24473110433869,10.17551084304309,False,False
905,15.08183621618709,1000.0287655195334,654.2572614388464,1070.145572640816,882.6377189195969,0.18441351205525894,0.297882408852947,10.566115925951266,17.067404818464293,False,False
906,15.098501228580666,1019.2619392658175,651.7098813185318,1115.5440766661459,870.350568331778,0.23968024338055882,0.414814283121059,13.732666378374407,23.767107704581502,False,False
907,15.115166240974244,1036.709108379468,648.7048920949736,1158.143932215933,854.4415771071675,0.2898195836716041,0.533215013970876,16.60543896462154,30.55096987354042,False,False
908,15.13183125336782,1052.2355212225589,645.4648054074726,1196.536705300759,835.8622010662091,0.3344699268906476,0.6485346233296739,19.16371518488331,37.15829678489689,False,False
909,15.148496265761397,1067.996947737663,641.6186073352862,1229.7901397454752,817.393927047478,0.37985305472877673,0.7440017078479122,21.763976871110785,42.628157810210666,False,False
910,15.165161278154974,1080.6587462983798,638.1128021982636,1258.3826501761048,797.7630887324917,0.41637274504080724,0.8389184318567615,23.85640099511493,48.06648550112578,False,False
911,15.181826290548551,1091.4389308186492,634.8289736417037,1280.9843673014436,780.247430202578,0.44752254385384604,0.9163804541418888,25.641152999783678,52.50473245061191,False,False
912,15.198491302942127,1101.2982380022474,631.5795098865779,1300.3837172324845,763.6362096774892,0.47606792133572995,0.9851165994410904,27.276682654103404,56.443023476254155,False,False
913,15.215156315335705,1107.7651204912686,629.3179008602126,1314.8812780425837,748.3846774235294,0.49482541896233606,1.0490528157920718,28.35140810233459,60.10629883120071,False,False
914,15.231821327729282,1113.314656534567,627.2934551519719,1325.3703956484364,737.3223763903012,0.5109462775715681,1.0921685650267177,29.275065262770724,62.57664929289033,False,False
915,15.24848634012286,1116.3700429974797,626.1454791153126,1332.6010560971797,727.7237689900558,0.5198321553113864,1.131625937469671,29.78418855453156,64.83739020454736,False,False
916,15.265151352516437,1116.7133619453004,626.0149938928325,1334.4413050691455,724.3437424003757,0.520831094937588,1.146601918891129,29.841423579101285,65.69545073406323,False,False
917,15.281816364910012,1115.4663490481419,626.4875017717625,1334.1070360613878,722.7696391720915,0.5172031830645405,1.1559820436738344,29.633559540330264,66.23289229541831,False,False
918,15.29848137730359,1111.1613515680885,628.0882174877381,1329.4311335234884,725.2082580825725,0.5046883520443591,1.1521464653264568,28.91651254155447,66.01312984412182,False,False
919,15.315146389697166,1104.6933406149847,630.4051624101198,1321.105140061934,731.5977167811475,0.4859119631284069,1.1334090961877656,27.84070470217419,64.93955767329614,False,False
920,15.331811402090745,1096.983051201048,633.0309971209738,1309.4470221535971,742.2695482239358,0.4635669989540709,1.09589215761104,26.56043256161371,62.78999543259822,False,False
921,15.34847641448432,1086.1903679510472,636.4625301924049,1293.3065255023623,755.5293067557217,0.4323492430857225,1.0490528157920718,24.771786904487588,60.10629883120071,False,False
922,15.365141426877896,1074.460086009376,639.8759903218285,1274.0062517092367,771.2355265363103,0.39848624710065345,0.9886143792812553,22.83158015287468,56.643431498761544,False,False
923,15.381806439271474,1059.6346204540462,643.7299238513436,1249.1800569368406,789.1483804122181,0.3557658723902446,0.9163804541418884,20.383882982750837,52.50473245061188,False,False
924,15.398471451665053,1045.0560787706386,647.0299834230414,1221.3296240370173,808.2802151724001,0.3138182330934887,0.829879189766341,17.980460290509605,47.54857507934768,False,False
925,15.415136464058628,1028.553731596566,650.1925019209423,1186.5829411509173,829.3593764475326,0.2663801534522554,0.722793514340257,15.26245853886146,41.413017831125266,False,False
926,15.431801476452204,1010.1358539272394,653.0178262485234,1146.799544733974,848.9694417434747,0.21345798397538074,0.609003016404225,12.230241585160474,34.893302550698536,False,False
927,15.44846648884578,991.9143874390825,655.0944093556269,1103.5548801698285,866.3061523597418,0.16108920313924693,0.48624263308750343,9.229731465004422,27.859650695242184,False,False
928,15.46513150123936,972.9188645023656,656.5083550819525,1055.044146653269,880.8505892502751,0.10644984108974692,0.35091999741042706,6.099126624280791,20.10623479835925,False,False
929,15.481796513632936,952.9522946082885,657.1756177644622,1003.2840891232388,890.7151443138342,0.048931126878949446,0.2122704957160886,2.8035470569829433,12.162203519681698,False,False
930,15.498461526026512,933.1448922163011,657.0115679816392,951.1616306771372,895.2328876304772,-0.008251293459603598,0.07548654493392189,-0.472764290759186,4.325060434738369,False,False
931,15.51512653842009,913.3516640286647,656.0249883003623,898.3246525302026,894.4535707426213,-0.06554855560362088,-0.06294195930737505,-3.755655589266079,-3.6063086225967607,False,False
932,15.531791550813663,892.6748372747018,654.1105110571477,846.5932174643715,888.5257074836085,-0.12560697695083173,-0.19410609803032844,-7.1967496566796685,-11.12146019489044,False,False
933,15.548456563207242,871.9131994827034,651.26847166777,799.0655665450248,878.7925855005179,-0.18616110474929196,-0.3098620788504719,-10.666245611627254,-17.753789349281966,False,False
934,15.56512157560082,852.0802541674321,647.6774976958809,754.499094134544,865.741518585701,-0.24428070880792735,-0.420763469276876,-13.996253631158472,-24.107970962847478,False,False
935,15.581786587994396,831.2589096301576,642.9643614793692,714.1346888811875,851.1851983664264,-0.3056329791737323,-0.5123894603107395,-17.511479786664648,-29.357753542791375,False,False
936,15.598451600387971,811.9704038993208,637.7106161942144,678.5338310612883,835.8738848118885,-0.3628248468580682,-0.5926268480428798,-20.788332427447735,-33.95501721899778,False,False
937,15.61511661278155,792.8133650140838,631.6176276361673,646.1419373524297,820.1951774868645,-0.4200197748386217,-0.6610431688506893,-24.06536041028815,-37.87498365109834,False,False
938,15.631781625175128,775.6238443282957,625.378730146813,618.0237297691432,804.9231644547081,-0.47172411529105446,-0.7204010902378462,-27.02780090072008,-41.27594202725176,False,False
939,15.648446637568703,759.9827536610226,619.0404873947119,595.0742171161542,791.8964232911394,-0.5191317016146932,-0.7618730924122339,-29.744055513966707,-43.65211271980154,False,False
940,15.66511164996228,745.3035429763231,612.4933978965414,574.3989909570353,779.4234254502638,-0.563978864144098,-0.7971623265472089,-32.31360865003885,-45.674036897984614,False,False
941,15.681776662355858,733.9859822133678,607.0328186760314,557.2582615061294,767.785152200694,-0.5988187821973278,-0.8327001308932543,-34.309788913070555,-47.71020310017469,False,False
942,15.698441674749434,725.1555787375321,602.5127841317003,544.259945403233,758.5601161838147,-0.6261777348223896,-0.8590112204084568,-35.877341430384966,-49.2177174837867,False,False
943,15.715106687143011,717.5656181014407,598.439797823804,532.9775176262788,750.1013722682609,-0.649826642044718,-0.8830098102679746,-37.23232400432083,-50.59273539700253,False,False
944,15.731771699536589,713.1852729506788,596.0080208539872,526.4407617010899,745.0063011063181,-0.6635345472929123,-0.8973540851399077,-38.0177291210076,-51.41460180733985,False,False
945,15.748436711930166,710.782280562581,594.6482714588171,523.1708975344027,742.5535416767987,-0.6710738275416466,-0.9031934852680353,-38.44969805982641,-51.74917478956972,False,False
946,15.765101724323742,711.2176455280625,594.8959885557699,522.6400956773648,741.5674162174233,-0.6697068543507683,-0.9097531579442109,-38.371376265281555,-52.125016348901866,False,False
947,15.78176673671732,712.4172717337931,595.5754367129787,526.0610306438991,745.0590525604866,-0.6659426044904594,-0.8947524537125527,-38.15570063525315,-51.26553930670382,False,False
948,15.798431749110897,717.5656181014407,598.439797823804,533.4665870355294,750.6946721648006,-0.649826642044718,-0.8797913665868826,-37.23232400432083,-50.40833215747541,False,False
949,15.815096761504472,723.9499130815016,601.8775399634949,543.4803541620854,758.4174336118278,-0.6299258970070422,-0.8562851067609342,-36.09209530449609,-49.06152267731064,False,False
950,15.83176177389805,732.7797705005988,606.4290014448172,557.963452588861,769.2579146997493,-0.6025465506426603,-0.8208862165611247,-34.52337431199015,-47.03331566941455,False,False
951,15.848426786291627,744.4804333805604,612.1085802622697,575.5514542206778,781.0375594221521,-0.566504659845381,-0.785398163397449,-32.45832608363465,-45.000000000000036,False,False
952,15.865091798685205,757.9306633018094,618.1606850466005,596.6804315524507,794.4342303129794,-0.5253794751525349,-0.7409171370285552,-30.102026569038554,-42.4514249206523,False,False
953,15.88175681107878,772.6909467099485,624.2390729563599,620.6430284606315,808.5090665962605,-0.48058603758634727,-0.6898813257218063,-27.535551646613246,-39.52728832874954,False,False
954,15.898421823472358,790.7277479861783,630.9001921163137,649.7968704779012,823.8055776418272,-0.42627270044763094,-0.6309494667237184,-24.42362665729365,-36.15074152929904,False,False
955,15.915086835865935,810.1468943814731,637.1687078995722,681.1107155902268,838.2250795045366,-0.3682513317091631,-0.5705827629957912,-21.099247107007148,-32.69198418257216,False,False
956,15.93175184825951,829.163148453692,642.435375396015,715.9596618319467,852.8135363744786,-0.3118295336532348,-0.4936573587028514,-17.866516205863025,-28.284483179249165,False,False
957,15.948416860653088,851.1312132799615,647.4838775111157,754.4778642059564,865.9607186471467,-0.24706928098273584,-0.4165127351873077,-14.156027047642617,-23.864421839682826,False,False
958,15.965081873046666,873.8421170080352,651.5717592860433,795.5915012681417,877.2946893049661,-0.18052347099139612,-0.3337021765375514,-10.343232990859345,-19.11972632993122,False,False
959,15.98174688544024,895.6026756777043,654.4368398981142,839.3174400142901,886.6134370096963,-0.1170886124720065,-0.2378359274574519,-6.708683323688826,-13.626994859891607,False,False
960,15.99841189783382,917.2939341748505,656.2872553965641,885.0601175582914,893.0043461744166,-0.054122465007275446,-0.13533781653241128,-3.1009888217613675,-7.754285695823024,False,False
961,16.015076910227396,940.0558513504748,657.1622143459531,930.990171011967,895.8917965933151,0.011716084549399654,-0.0379564451883156,0.671282197099033,-2.174744114610125,False,False
962,16.031741922620974,960.9127884326591,657.0098891197415,977.0045413021273,895.3689784987454,0.07187618926664141,0.06740826439028055,4.11820229246206,3.8622090538650733,False,False
963,16.04840693501455,980.8584582117256,656.010088976615,1024.03622871619,890.9774912567266,0.12929537404691474,0.18173319682677277,7.408079243453534,10.412545175594365,False,False
964,16.065071947408125,1000.0287655195334,654.2572614388464,1068.3080816297531,883.1937919260553,0.18441351205525894,0.28984648991161793,10.566115925951266,16.606980578616902,False,False
965,16.081736959801702,1017.2988307006185,652.006434704153,1110.3192056882654,872.0546335996621,0.23403961070747287,0.3999440531571603,13.409481932422986,22.915106287261132,False,False
966,16.09840197219528,1033.6068050425727,649.288036626034,1148.7764335677264,858.5963180326189,0.2809024481921786,0.5030268656549028,16.094524736304095,28.821316383720195,False,False
967,16.115066984588857,1048.1641247913276,646.3666152880207,1184.3575492339194,842.6453740435214,0.3227572565127824,0.606605108594525,18.492628605403734,34.755912553541265,False,False
968,16.131731996982435,1060.8270426825873,643.4386737791058,1214.6506108767408,826.2290178020289,0.35919925435345906,0.6995562260692765,20.580601278699366,40.08161928586924,False,False
969,16.148397009376012,1072.3043567059092,640.4680425290319,1240.7313214140145,809.8975486937335,0.3922695320661245,0.7824308130563721,22.475388618960647,44.82998334911963,False,False
970,16.16506202176959,1081.8746257601958,637.756305610362,1262.4099970993561,794.2202941043012,0.419883210866985,0.8567056281827379,24.057535871079825,49.085616779974835,False,False
971,16.181727034163163,1089.282341757434,635.5082164176852,1279.6797374161704,779.8094004958855,0.4412861863192368,0.9222617034652213,25.283836033515954,52.84170321510303,False,False
972,16.19839204655674,1094.824745091791,633.7398425734145,1293.139454646586,766.9512383854745,0.45731880583162043,0.9793053653038973,26.20243746611463,56.11006428643064,False,False
973,16.21505705895032,1098.2164889626997,632.6207832897135,1301.9186876963947,757.4383070235956,0.46713901763407295,1.0210580998598433,26.76509415631972,58.50231975961638,False,False
974,16.231722071343896,1100.3761605325412,631.8935199582929,1307.7395048570343,750.5292794516334,0.47339569992406416,1.0511326142509085,27.12357564529046,60.22546250512987,False,False
975,16.248387083737473,1100.3761605325412,631.8935199582929,1309.9159091158865,746.6414775158395,0.47339569992406416,1.069782939991306,27.12357564529046,61.29404745659884,False,False
976,16.26505209613105,1097.2901477653372,632.9292124434822,1307.2496856915868,746.9072473177323,0.4644562584443864,1.0734536104480732,26.611383377300744,61.50436138175496,False,False
977,16.281717108524624,1093.8957620824237,634.0414464365824,1302.543835684294,750.4028720991644,0.4546302977521469,1.0620665024793416,26.048397299973974,60.85192815428686,False,False
978,16.298382120918202,1087.4135333557851,636.0877543308347,1293.4081195453111,757.0845743741976,0.4358840462127842,1.0397089317760402,24.97431620507787,59.57093371282235,False,False
979,16.31504713331178,1078.7748631776271,638.6582447035239,1280.7396800725505,766.2678553784261,0.41093495931877555,1.00729290453401,23.54483882334602,57.71363216327292,False,False
980,16.331712145705357,1068.2468247246588,641.5530386577342,1263.2553668284734,779.5590838388957,0.38057316324722634,0.9549263748553685,21.805236050009366,54.71325102494019,False,False
981,16.348377158098934,1055.5651620744027,644.6994787857618,1242.4080906856113,793.5743256470996,0.34405150497651543,0.8980148856558328,19.712699170278572,51.45246288800243,False,False
982,16.36504217049251,1041.9484597963376,647.6716689968544,1217.7635952988032,809.4215936591233,0.3048821671171456,0.8270407424960349,17.46846142461469,47.38594403038871,False,False
983,16.38170718288609,1027.5757737140282,650.3610790556397,1187.2260602482556,828.0849829333654,0.2635697868300282,0.731877894938131,15.101436392523404,41.93351449887398,False,False
984,16.398372195279663,1011.2537272123,652.8672737030206,1152.6618861240822,845.4230645616186,0.216670071247253,0.6334258829691424,12.414280629266445,36.29262972847947,False,False
985,16.41503720767324,994.9792522142889,654.7946833705678,1114.4796665612712,861.6609468619829,0.1698998340734532,0.5238384677112563,9.734543432381844,30.013733346455034,False,False
986,16.431702220066818,977.8840626590954,656.212321001535,1071.6269432568029,875.95369702627,0.12073827378172043,0.4032297379540035,6.917793513387622,23.103362158930548,False,False
987,16.448367232460395,959.9197742270458,657.0378176139939,1025.418007045764,886.785465039653,0.06901495676546969,0.2777202847941545,3.9542657459392605,15.912200203876306,False,False
988,16.465032244853973,941.0477053917115,657.1756177644622,977.2233882523175,893.3224364378648,0.014580309640805453,0.15200973782050115,0.8353902064120577,8.709516422004885,False,False
989,16.48169725724755,923.218554202279,656.619809529325,928.2154033827528,895.4692003559871,-0.036964385542532556,0.0209174508193009,-2.117903283881513,1.1984816501184075,False,False
990,16.498362269641127,904.420205672293,655.3093320302161,880.4508438933574,893.0055030046567,-0.09146334858270933,-0.10050059905463174,-5.240463853923104,-5.75826016436687,False,False
991,16.5150272820347,885.6163169547791,653.2483950905739,834.7422897845747,886.6704021068048,-0.14616393948126669,-0.2145928814912245,-8.374576849282164,-12.295266422998203,False,False
992,16.53169229442828,865.8187977548567,650.2569642249152,790.8713059000545,877.0980395721159,-0.20399001340075962,-0.3191050579227939,-11.687766830680632,-18.283373040253764,False,False
993,16.548357306821856,847.1450902979282,646.6486869245333,751.2315976097382,865.4513421194658,-0.2587896237227151,-0.41312883227840286,-14.827553221090222,-23.670538484720538,False,False
994,16.565022319215434,827.9949868166175,642.136134528802,714.4348534542221,852.3219954013045,-0.31528522934398734,-0.4953533984809939,-18.06451298422469,-28.381659100423036,False,False
995,16.58168733160901,811.0578390533944,637.4404101925924,681.3155944526825,838.041880690615,-0.36554005423153535,-0.5740985169942193,-20.943902350450205,-32.89342204848833,False,False
996,16.59835234400259,793.7051718855506,631.9211166490911,653.721788840442,825.5151570306235,-0.41734767313712184,-0.6260465224935335,-23.912260260362483,-35.86982351772143,False,False
997,16.615017356396162,778.565964144398,626.4996926823061,627.9914376963526,811.9755994328781,-0.46284650034789665,-0.6819116146255729,-26.519151032334868,-39.07065751899679,False,False
998,16.63168236878974,764.095550672236,620.769738543956,607.5556570239023,801.2392974633716,-0.506630054188827,-0.7145112200339662,-29.027763879503983,-40.93847732268957,False,False
999,16.648347381183317,752.2545914500232,615.6675634571646,590.4186498864722,791.403524541511,-0.5426967601388359,-0.7442449407560066,-31.09423391137887,-42.642094029283165,False,False
1000,16.665012393576895,742.0642183751295,610.9678937111248,574.6367418187714,781.3851466345602,-0.5739261991000597,-0.7765488368811921,-32.88354896041841,-44.49297093908532,False,False
1001,16.681677405970472,734.7916993243546,607.4337809817503,563.3897847370691,773.8530817728932,-0.596330343695047,-0.8001463565520445,-34.167211889312014,-45.84500922320209,False,False
1002,16.69834241836405,729.1579857386478,604.5902222408764,555.8052479426676,768.9764391163741,-0.6137572517139245,-0.8119406011488478,-35.16570016875639,-46.5207696611439,False,False
1003,16.715007430757627,725.1555787375321,602.5127841317003,549.3802590253405,764.3059761395126,-0.6261777348223896,-0.8267946189469837,-35.877341430384966,-47.37184218978929,False,False
1004,16.7316724431512,723.9499130815016,601.8775399634949,548.17459336931,763.6707319713072,-0.6299258970070422,-0.8267946189469837,-36.09209530449609,-47.37184218978929,False,False
1005,16.748337455544778,725.1555787375321,602.5127841317003,550.805451631011,765.8407767659696,-0.6261777348223896,-0.8180275281242453,-35.877341430384966,-46.86952488703851,False,False
1006,16.765002467938356,728.3607717099171,604.1802539637094,555.4818904981736,769.0647360442736,-0.6162285269078679,-0.8090623841765228,-35.30729380738472,-46.35585997610675,False,False
1007,16.781667480331933,733.5839743599371,606.8320512801258,563.6583901991924,774.758510921332,-0.6000608554530087,-0.7913152541034768,-34.380954468467145,-45.33902432445152,False,False
1008,16.79833249272551,741.246009839816,610.5778623352144,575.8616154041123,782.9785644136443,-0.5764418132147191,-0.7646296366009738,-33.02768303207193,-43.81005106785766,False,False
1009,16.814997505119088,750.585572106134,614.9176617649889,590.3819391071672,792.1429307700955,-0.5477991336378115,-0.7349957836881043,-31.386578378369567,-42.11215636523877,False,False
1010,16.831662517512665,762.0377630992282,619.9101850612949,609.2931320689836,803.6030746662942,-0.5128817797281879,-0.6936681856474252,-29.385961367583512,-39.74425942009473,False,False
1011,16.84832752990624,776.4926940707654,625.7120804115077,631.074237509891,815.2575168943022,-0.4691011736940722,-0.6544158726530082,-26.877517417303697,-37.49526754938812,False,False
1012,16.864992542299817,791.6172834885666,631.2075037158929,656.5699516029522,828.2765732082329,-0.42360510737436885,-0.6007777505596777,-24.2707848327374,-34.422029532432866,False,False
1013,16.881657554693394,808.0539673110457,636.5369645494218,684.2531379324718,840.8586585644657,-0.37448399035322993,-0.5447547332268455,-21.45635214245791,-31.212147083673322,False,False
1014,16.89832256708697,826.8240922549967,641.8330338960873,716.7951710166677,853.888773009957,-0.3187503041275676,-0.4786277617681771,-18.263047145021048,-27.42335070710957,False,False
1015,16.91498757948055,845.9958971483356,646.4012984620974,750.5559267281282,865.4109147947826,-0.2621709849020064,-0.41096570385949793,-15.021290945672995,-23.54660035577248,False,False
1016,16.931652591874126,865.8187977548567,650.2569642249152,786.6744496250681,875.668082316084,-0.20399001340075962,-0.3376643302452517,-11.687766830680632,-19.346741015164557,False,False
1017,16.9483176042677,886.5903830936187,653.3737193647576,826.530898176154,884.6027362969947,-0.14332532932433592,-0.25412474955563613,-8.211936467607064,-14.560275619356993,False,False
1018,16.964982616661278,907.3696389463662,655.5643326436063,867.1156366946445,891.0502458161747,-0.08290104372115935,-0.16930377815578984,-4.749879922451944,-9.700391943945938,False,False
1019,16.981647629054855,928.1642899284428,656.840870758894,909.0730883314097,894.9784906797738,-0.022653105388808534,-0.07999768653240144,-1.2979273316437907,-4.583529809117148,False,False
1020,16.998312641448432,948.9883691600053,657.208598401248,951.999495334041,896.0912748747924,0.037498435507228124,0.012604374487649136,2.14850209290768,0.7221774615446649,False,False
1021,17.01497765384201,967.9452097300714,656.7528690940028,993.9975275735741,894.2297663597813,0.09213162125986117,0.10926768987736651,5.278753057887814,6.260577467117449,False,False
1022,17.031642666235587,985.9687836769886,655.6190007755536,1035.1344587878025,889.4068028330987,0.14399366088608279,0.20727991668300524,8.250229045410546,11.876264403759542,False,False
1023,17.048307678629165,1003.1069043289308,653.9029597782908,1075.3356946315005,881.6242847600049,0.1932597794489802,0.30714335966662876,11.072969712055688,17.598018214366505,False,False
1024,17.06497269102274,1018.4294308367145,651.8366628509732,1112.658371891967,871.3700467988497,0.23728817741802205,0.40544275041665895,13.595611094404152,23.23015843305056,False,False
1025,17.081637703416316,1032.8105679332743,649.4342833996777,1147.980196458428,858.7425648062626,0.2786139450809668,0.5030268656549028,15.963403166629101,28.821316383720195,False,False
1026,17.098302715809893,1045.2597732986853,646.9871700071544,1179.1589305951466,844.8381636243145,0.31440402191496586,0.594963047983892,18.014023517666185,34.08887161571649,False,False
1027,17.11496772820347,1056.7535778677625,644.4202322737727,1206.1164737957693,830.8732432979969,0.34747202954915557,0.6753962501245052,19.908680792011644,38.69735463109625,False,False
1028,17.13163274059705,1066.0910455767053,642.1139717249924,1228.883058557827,816.9646523343462,0.37436123531708193,0.7496990507181225,21.449318796972655,42.95459151111267,False,False
1029,17.148297752990626,1073.7736570300142,640.0656908347289,1247.624464124502,803.9250722341322,0.39650651674445453,0.8149753344026889,22.71814995889055,46.694647068536995,False,False
1030,17.164962765384203,1079.0465058332734,638.5801132814454,1262.32932009354,791.8165645482266,0.411718951855138,0.8744477460319433,23.589758286849342,50.102165252358034,False,False
1031,17.181627777777777,1083.3733259252501,637.3120553583576,1272.9187624080446,782.730511919232,0.4242111851710934,0.9163804541418888,24.305510532546304,52.50473245061191,False,False
1032,17.198292790171354,1085.2531011857368,636.7472824358416,1280.7331947654902,774.0845789508484,0.42964116785182876,0.9583515603856799,24.616625622981573,54.909499699876314,False,False
1033,17.214957802564932,1085.5376257816822,636.6610627618415,1283.8523353364772,769.8724585739016,0.43046320732055304,0.9793053653038973,24.663725015132652,56.11006428643064,False,False
1034,17.23162281495851,1083.3733259252501,637.3120553583576,1283.221066291792,768.212325298443,0.4242111851710934,0.9909141944010819,24.305510532546304,56.77520119878798,False,False
1035,17.248287827352087,1079.9909061891954,638.3071228673809,1279.9974313654886,768.9646518770204,0.414444857283735,0.992128341261797,23.74594116325975,56.844766689616016,False,False
1036,17.264952839745664,1074.7230618007543,639.8030224827156,1271.9396789920038,774.6347913787743,0.39924474594486314,0.971112011657091,22.875038935413446,55.64061970241052,False,False
1037,17.281617852139238,1067.2929416371342,641.8025640815401,1260.6744973142363,782.0793402203715,0.3778243301914988,0.9432334655942466,21.647739517330127,54.04329667404848,False,False
1038,17.298282864532815,1057.9450396845828,644.1370467538509,1246.0392771078589,791.4277723551468,0.35090169317560016,0.9064648979653942,20.10518604295645,51.936612930173894,False,False
1039,17.314947876926393,1047.4054843876374,646.5305335183152,1227.0107057108155,804.0613700978631,0.320575166939956,0.8507810254762888,18.36760408236128,48.74616204960351,False,False
1040,17.33161288931997,1035.9207923776726,648.8550870822742,1204.8497715375547,817.7840662421571,0.28755357482520033,0.785398163397446,16.4756062213833,44.999999999999865,False,False
1041,17.348277901713548,1022.5128825092962,651.2003868580089,1178.401738432273,832.232606639531,0.24902139992379843,0.7109093731835648,14.26787522407305,40.73210669970909,False,False
1042,17.364942914107125,1008.2927203134219,653.2601847151107,1147.2467176778257,847.5943984204006,0.20816184337961216,0.620739441847583,11.926795081315033,35.5657501951729,False,False
1043,17.381607926500703,993.0952310656498,654.9812940243062,1112.5956454126322,861.8475575157213,0.16448393496929886,0.5238384677112563,9.424235271445118,30.013733346455034,False,False
1044,17.398272938894277,976.9541958881573,656.2717146216999,1074.074236482991,874.5414965770999,0.11806276840262439,0.4186498614684368,6.7644983471008695,23.986870155878012,False,False
1045,17.414937951287854,959.946726783988,657.0370868869429,1032.1755170865576,884.758411868657,0.06909262043700476,0.30714335966662876,3.95871554653971,17.598018214366505,False,False
1046,17.43160296368143,943.0233652350405,657.1961717951499,988.139319819421,891.7991356339303,0.02028445865237384,0.18998828791871414,1.1622138704886467,10.885527054658647,False,False
1047,17.44826797607501,926.1418949046297,656.756687894182,944.1586333654658,894.97800754302,-0.02850396094104763,0.07548654493392189,-1.6331566613277755,4.325060434738369,False,False
1048,17.464932988468586,909.3384928113448,655.7243013303807,899.3094570010682,894.4153536149526,-0.07718787614257158,-0.041992107221371894,-4.422539532547889,-2.405970516645436,False,False
1049,17.481598000862164,891.4720003712692,653.971139688095,855.4461113085058,890.1408568773178,-0.12910798785653932,-0.1513754437340289,-7.3973428056059864,-8.673174047879918,False,False
1050,17.49826301325574,873.6920471369166,651.5484535517256,814.8110835437608,883.080378189218,-0.18096198902767865,-0.24903132584338988,-10.3683582235787,-14.268443937373426,False,False
1051,17.514928025649315,856.8428716236053,648.6189200223591,775.9222306125314,873.3984783864526,-0.23029734197100696,-0.3455555805817134,-13.195065728019735,-19.798876354525,False,False
1052,17.531593038042892,838.9704739473957,644.8242909969849,741.0168019402494,862.7212348496154,-0.2828665497802306,-0.42247239238571754,-16.20705946783442,-24.205885044496473,False,False
1053,17.54825805043647,822.86612051382,640.7849606527003,710.0793431512035,851.3868192678502,-0.33047303235447406,-0.4916776489606549,-18.934709996801665,-28.171054166360374,False,False
1054,17.564923062830047,806.8680138789371,636.1743377983535,681.3268958215216,839.4313860817872,-0.37801784329336335,-0.5532943253222945,-21.65882700134745,-31.701429669505828,False,False
1055,17.581588075223625,791.6172834885666,631.2075037158929,657.7181261921046,829.0584973330525,-0.42360510737436885,-0.5949630479838959,-24.2707848327374,-34.08887161571672,False,False
1056,17.598253087617202,778.2362337681793,626.3751686723303,636.6560800512916,818.8045325269729,-0.46384083799788256,-0.6343193968699091,-26.576122383090016,-36.34382430392967,False,False
1057,17.614918100010776,767.0126451114506,621.9689492263267,618.6236729393272,809.1979879401458,-0.4977788659065984,-0.6701836821064849,-28.520628147256634,-38.398696483238815,False,False
1058,17.631583112404353,756.7228195358008,617.6375150676579,603.9781885055563,801.3304046726572,-0.529060053731819,-0.6936681856474248,-30.312908187797785,-39.74425942009471,False,False
1059,17.64824812479793,749.3768131387724,614.3697457406677,592.2702704358366,794.3462282041568,-0.5514974380257522,-0.7176553721274016,-31.598475611153283,-41.11862396779065,False,False
1060,17.66491313719151,742.8846489646065,611.3570718925309,583.178193850727,789.0305032067215,-0.5714049987555054,-0.7321939838539586,-32.73909482136852,-41.95162505970177,False,False
1061,17.681578149585086,739.6448108733061,609.8090570732927,577.8088693097552,785.5450181576391,-0.5813683841847098,-0.7442449407560062,-33.30995475612407,-42.64209402928315,False,False
1062,17.698243161978663,737.6200089898728,608.8263277418948,575.2884488284226,784.1045767505768,-0.5876052489177392,-0.7470688621488594,-33.667300782720645,-42.803892806770335,False,False
1063,17.71490817437224,737.6200089898728,608.8263277418948,575.8268169820599,784.6016474540859,-0.5876052489177392,-0.7440017078479163,-33.667300782720645,-42.6281578102109,False,False
1064,17.731573186765814,740.8548981672161,610.3907491923487,580.5986610890998,787.5684522973461,-0.577644742061849,-0.7352926439455115,-33.09660577806701,-42.12916520509337,False,False
1065,17.748238199159392,744.918513499387,612.3136278371323,588.3786198510534,792.7831867565479,-0.5651602137628657,-0.7145112200339662,-32.38129499732363,-40.93847732268957,False,False
1066,17.76490321155297,751.4190035367694,615.2930895643185,597.5954353426152,798.0834335872412,-0.5452506465994709,-0.6995562260692799,-31.240560826928853,-40.08161928586944,False,False
1067,17.781568223946547,759.6215400496202,618.8864463008899,611.8466273670732,806.6005245733136,-0.5202309580465573,-0.6669082042393129,-29.807038268115125,-38.211025425561346,False,False
1068,17.798233236340124,769.9401229682828,623.1498617234504,629.4841685463731,816.401316743666,-0.4889090776700329,-0.6284897260326405,-28.012426716126644,-36.00980876900369,False,False
1069,17.8148982487337,782.394898893691,627.9253963438351,649.183503081631,826.2401058986302,-0.45131078946851816,-0.591490961490999,-25.85820348526333,-33.88993571356934,False,False
1070,17.83156326112728,796.6894727528804,632.9224496519166,671.8719490189983,836.6246483856116,-0.4084129147515287,-0.5497382269350534,-23.400336313898876,-31.49768024038363,False,False
1071,17.848228273520853,811.9704038993208,637.7106161942144,697.5718381428663,847.4413200810468,-0.3628248468580682,-0.49934672168013156,-20.788332427447735,-28.6104596659653,False,False
1072,17.86489328591443,828.9257444907457,642.374815691702,725.7084981425908,857.828291078627,-0.31253172627616915,-0.4467636600691891,-17.906748879562386,-25.59767216178192,False,False
1073,17.881558298308008,846.7388938956062,646.5615828620307,756.6338464042003,867.8195328131488,-0.2599846829778351,-0.38673197761415246,-14.896025072676647,-22.158110120038767,False,False
1074,17.898223310701585,864.689798794654,650.0606671245058,790.6450267936616,877.1980082626839,-0.20729572596167634,-0.3151281346539763,-11.877170208704543,-18.055512121503146,False,False
1075,17.914888323095163,884.6430303312267,653.1211349472011,825.2815421800829,884.530326044879,-0.14900085867068935,-0.2511072891531148,-8.537120345655758,-14.387387873444675,False,False
1076,17.93155333548874,903.3479530415436,655.212056661378,862.287476784749,890.5586888649539,-0.09457725913245611,-0.17272951082565408,-5.418877786204857,-9.896671967669242,False,False
1077,17.948218347882314,923.1691329482348,656.6173410353017,900.0929952558416,894.4018903003911,-0.037107447399540174,-0.09674346233894214,-2.126100124497354,-5.542992087504213,False,False
1078,17.96488336027589,942.0293036200248,657.1868524776203,939.0181774459883,896.0695289511646,0.017414566925340186,-0.012604374487652947,0.9977811868701072,-0.7221774615448833,False,False
1079,17.98154837266947,959.946726783988,657.0370868869429,977.0392166914492,895.3265050086113,0.06909262043700476,0.07160731485126524,3.95871554653971,4.102796923241959,False,False
1080,17.998213385063046,976.9541958881573,656.2717146216999,1014.2656953366019,892.2417381605145,0.11806276840262439,0.15682131959424697,6.7644983471008695,8.985199750422591,False,False
1081,18.014878397456624,993.0952310656498,654.9812940243062,1052.4567192167929,886.3904851219843,0.16448393496929886,0.25110728915311137,9.424235271445118,14.387387873444478,False,False
1082,18.0315434098502,1008.2927203134219,653.2601847151107,1087.751383175417,878.5606971339328,0.20816184337961216,0.33905907872732266,11.926795081315033,19.4266542166695,False,False
1083,18.04820842224378,1021.530764697635,651.3567280877464,1121.0702639337567,868.5338173301943,0.24619938288490617,0.4297622790966873,14.106185558030518,24.623564786163545,False,False
1084,18.064873434637352,1033.9677378283914,649.2212831671345,1150.3291634909726,857.8693567690051,0.2819398438396408,0.5087298243155518,16.153963128588924,29.148071845712963,False,False
1085,18.08153844703093,1043.3171622716395,647.3917032339563,1176.5285580836987,845.7064127887518,0.30881771850446954,0.5914909614909952,17.69395190916521,33.88993571356913,False,False
1086,18.098203459424507,1052.6725781410082,645.3657768132854,1199.8286503640727,833.5653793842798,0.3357274779148714,0.6636157467843964,19.235767551093687,38.02238150916825,False,False
1087,18.114868471818085,1058.9071523510997,643.9060133827409,1217.999410203098,822.1296186979552,0.3536714477989073,0.7287424425995181,20.263881293158796,41.753866313007045,False,False
1088,18.131533484211666,1064.4220751252046,642.5408698410237,1232.852005906484,811.9674274316606,0.36955312866506496,0.7824483194462014,21.173834578363305,44.83098639137136,False,False
1089,18.14819849660524,1068.497700088212,641.4870625199312,1244.771245354591,802.7372942692899,0.3812961710153367,0.8298791897663417,21.846661343677262,47.548575079347714,False,False
1090,18.164863508998817,1070.6594532470465,640.9125075571735,1253.0336990089995,795.2291770480575,0.3875271494511895,0.8685393952858874,22.203670110288655,49.76364169072606,False,False
1091,18.18152852139239,1070.6594532470465,640.9125075571735,1256.623615410296,790.8836060759236,0.3875271494511895,0.8921338360465825,22.203670110288655,51.11550356628533,False,False
1092,18.198193533785968,1068.497700088212,641.4870625199312,1257.075249938909,788.1584901815853,0.3812961710153367,0.9097531579442071,21.846661343677262,52.125016348901646,False,False
1093,18.214858546179546,1065.3805578303684,642.2964887685941,1254.066141509077,788.8289101361026,0.3723142924476792,0.9104900774865676,21.33203760965148,52.16723872851962,False,False
1094,18.231523558573123,1061.0629345852326,643.3806717525074,1247.5159456094561,792.7435676805148,0.3598785149035816,0.8954000766703877,20.61952004141112,51.30264536890354,False,False
1095,18.2481885709667,1054.825796116695,644.8715926917894,1237.200041878648,799.1882621826734,0.3419236270236046,0.8685393952858874,19.59078074425785,49.76364169072606,False,False
1096,18.26485358336028,1046.4355357044763,646.7382288169289,1223.2084426599372,807.4408715037121,0.3177854511909061,0.8329812666744302,18.207765143899543,47.72631099390618,False,False
1097,18.28151859575385,1037.0828408962645,648.6332060109039,1206.0118200561465,817.5621851707868,0.29089390183162467,0.7853981633974453,16.66699286104498,44.99999999999983,False,False
1098,18.29818360814743,1025.780843398048,650.6650387626983,1184.932890421636,828.8352549274705,0.2584118401881427,0.729077965649724,14.805907818989692,41.773090367713195,False,False
1099,18.314848620541007,1013.3617426097013,652.5760458569644,1160.3814912920484,840.8821623199713,0.22272713528460192,0.6628915955810103,12.76132483484701,37.9808907014849,False,False
1100,18.331513632934584,1000.1394883747529,654.2448679482673,1131.960820298214,853.4862703974688,0.1847317321668579,0.5844979449992498,10.584348595302068,33.48926538252673,False,False
1101,18.34817864532816,987.0446005062634,655.529631011879,1100.2480871280077,865.9077919903431,0.1470873692016814,0.49365735870284716,8.427485474938873,28.284483179248923,False,False
1102,18.36484365772174,971.9768689505545,656.5586595765801,1064.1465914073365,876.9645176254074,0.10373844862053525,0.3960814415643061,5.9437752791914065,22.693794945092282,False,False
1103,18.38150867011532,956.9605173308601,657.1087801481981,1027.0773244521426,885.4892376289486,0.06048661585763183,0.297882408852947,3.465627805671382,17.067404818464293,False,False
1104,18.39817368250889,941.0353067132238,657.1754629420866,986.9280856086111,891.6277029511322,0.014544507587658089,0.19330057864443284,0.8333388998688107,11.075307333762654,False,False
1105,18.414838694902468,926.1418949046297,656.756687894182,946.147153311598,894.8192629371115,-0.02850396094104763,0.08383664206841225,-1.6331566613277755,4.80348575906895,False,False
1106,18.431503707296045,909.3384928113448,655.7243013303807,906.3273666373083,894.606977803925,-0.07718787614257158,-0.012604374487652947,-4.422539532547889,-0.7221774615448833,False,False
1107,18.448168719689622,893.4296957865861,654.1963965557754,866.5001430843446,891.5754166718278,-0.12341029282091871,-0.11296242686471032,-7.070888927112285,-6.47227030290313,False,False
1108,18.4648337320832,877.5684140232654,652.1347846417962,827.6479449289595,885.7625800031453,-0.16963969332448903,-0.21050956212735816,-9.719638465386826,-12.061309457044619,False,False
1109,18.481498744476777,860.849441685345,649.3720073694992,791.9266850189867,878.1156490592956,-0.2185472210277801,-0.29265823562986676,-12.521833389204557,-16.768081741336538,False,False
1110,18.498163756870355,844.8436622509091,646.15027904925,760.0861205578393,869.5113300992206,-0.2655623932722283,-0.36267880865382013,-15.215604331892049,-20.77996505469665,False,False
1111,18.51482876926393,829.8579397421194,642.611865086207,730.2498487945826,859.7575033518357,-0.3097747855142522,-0.4300781350558651,-17.74878780953696,-24.64166199955849,False,False
1112,18.531493781657502,815.8995775952001,638.8514784167999,704.3035904480712,850.0867398024355,-0.3511442028188591,-0.48603192934009853,-20.119080822006413,-27.847578259788293,False,False
1113,18.548158794051083,801.773709552346,634.5781831135472,681.2122848636092,840.8278931182452,-0.3932155126471208,-0.5289750786241586,-22.529589313753068,-30.308039472765177,False,False
1114,18.56482380644466,789.5301565077614,630.4833497372904,659.7879119070494,831.084820235313,-0.42986567608113946,-0.5740985169942193,-24.629488996987032,-32.89342204848833,False,False
1115,18.58148881883824,778.2362337681793,626.3751686723303,644.3370764717173,824.2261622894899,-0.46384083799788256,-0.5949630479838959,-26.576122383090016,-34.08887161571672,False,False
1116,18.598153831231816,769.0785008995637,622.8046297836704,630.4085408219685,817.3416241371306,-0.49151832950145363,-0.6192786125014625,-28.161925833753834,-35.48205083905135,False,False
1117,18.61481884362539,761.6799143517184,619.7595545924086,618.3389223082694,810.8808773170065,-0.5139696288952373,-0.6435011087932861,-29.448290533602265,-36.86989764584413,False,False
1118,18.631483856018967,756.7228195358008,617.6375150676579,611.1582955147451,807.0707997525925,-0.529060053731819,-0.6551867204330543,-30.312908187797785,-37.53943387383178,False,False
1119,18.648148868412544,752.6279393046966,615.8342598064789,605.4718670816316,804.0338623774728,-0.5415560462235631,-0.6636157467843997,-31.028875818401893,-38.02238150916843,False,False
1120,18.66481388080612,751.4190035367694,615.2930895643185,601.9353876892608,801.6493306542119,-0.5452506465994709,-0.6760438730823476,-31.240560826928853,-38.7344606932964,False,False
1121,18.6814788931997,751.4190035367694,615.2930895643185,603.030031364646,802.5221282781376,-0.5452506465994709,-0.6701836821064849,-31.240560826928853,-38.398696483238815,False,False
1122,18.69814390559328,753.4647116889316,616.206478835828,607.9001876678759,805.6397635207626,-0.5390002590103318,-0.6551867204330543,-30.882439997750232,-37.53943387383178,False,False
1123,18.71480891798685,757.9306633018094,618.1606850466005,614.749923841266,809.402092298095,-0.5253794751525349,-0.6426628860222934,-30.102026569038554,-36.82187101877447,False,False
1124,18.731473930380428,764.095550672236,620.769738543956,624.2938181179252,814.4949965120717,-0.506630054188827,-0.6251085342329251,-29.027763879503983,-35.81608074915575,False,False
1125,18.748138942774005,772.0111414191975,623.9717326278644,637.4290425879966,821.3588109136247,-0.4826418688991889,-0.5984188934785398,-27.653342104229914,-34.28687697720912,False,False
1126,18.764803955167583,781.5169357495037,627.601782219716,653.1916293052323,829.1126149954848,-0.45395414172330434,-0.5670510713907345,-26.00965641322897,-32.48963315906063,False,False
1127,18.78146896756116,792.8133650140838,631.6176276361673,671.816544970721,837.6122138256934,-0.4200197748386217,-0.5310873950188563,-24.06536041028815,-30.429066287177644,False,False
1128,18.798133979954734,805.6797348288668,635.8076158336548,692.8929574662503,846.4094744488048,-0.38156018726500185,-0.4916776489606549,-21.861788360505948,-28.171054166360374,False,False
1129,18.814798992348315,819.8406434050622,639.9592351832513,717.0125584631328,855.5987142847723,-0.33944424605002793,-0.44495819655390206,-19.448722678666865,-25.49422672229112,False,False
1130,18.831464004741893,834.9942507905289,643.8822179648893,742.8245283337462,864.2880760137162,-0.2945986736499791,-0.3960814415643093,-16.8792606502957,-22.693794945092467,False,False
1131,18.848129017135467,851.8871334712786,647.6382604328795,770.9664924602047,872.417818796973,-0.24484809853043807,-0.3455555805817132,-14.028762667597436,-19.798876354524992,False,False
1132,18.864794029529044,868.7074232970695,650.7465054923039,801.6227411721991,880.0359414116351,-0.19553623283013793,-0.2846323319793226,-11.203400883054313,-16.308231335381716,False,False
1133,18.88145904192262,886.5903830936187,653.3737193647576,833.3844283054711,886.2752573053251,-0.14332532932433592,-0.22459412721667793,-8.211936467607064,-12.86829559293994,False,False
1134,18.8981240543162,904.420205672293,655.3093320302161,867.2636298766917,891.3037999211938,-0.09146334858270933,-0.15616481407278487,-5.240463853923104,-8.947584754815777,False,False
1135,18.914789066709776,922.1788128384859,656.5667935010717,901.1808362345545,894.5438616789547,-0.03997439791703604,-0.08800737352774314,-2.290364289222714,-5.042451069171049,False,False
1136,18.931454079103357,939.0475587487214,657.1464750767262,936.0364325746848,896.0291515502705,0.008804018611265525,-0.012604374487652947,0.5044331091801427,-0.7221774615448833,False,False
1137,18.948119091496928,955.9648366326238,657.1285274474272,970.9918481310851,895.5571098896862,0.057616572864858384,0.06294195930737172,3.301186455164368,3.6063086225965697,False,False
1138,18.964784103890505,971.9247587793294,656.5613878607794,1006.1330739850725,893.0012135475374,0.10358845154208447,0.14368383054664577,5.935181079656885,8.232477074595698,False,False
1139,18.98144911628408,985.9687836769886,655.6190007755536,1039.1747384651353,888.5205387161213,0.14399366088608279,0.22459412721667446,8.250229045410546,12.868295592939742,False,False
1140,18.99811412867766,1000.1394883747529,654.2448679482673,1071.4550677484815,882.2538329882178,0.1847317321668579,0.30313568351894526,10.584348595302068,17.36839528544899,False,False
1141,19.01477914107124,1012.375274265474,652.7135216118893,1100.7546984093296,874.6663936095287,0.2198926795833357,0.37894509813114546,12.59892248594766,21.711954790085453,False,False
1142,19.03144415346481,1023.6535941002531,651.0161637476082,1128.0770941556034,865.8875965538105,0.25229916443359285,0.4523698916624092,14.455677296722037,25.918885571046335,False,False
1143,19.048109165858392,1032.9895060726285,649.4015390317604,1153.2404928044616,855.8323995880748,0.2791282341660774,0.5274705837654585,15.992869760655584,30.22183826706253,False,False
1144,19.06477417825197,1040.1994560928497,648.023355596702,1174.5636752816672,845.5588121653378,0.2998535304658527,0.5973154891344041,17.18034176779081,34.22365656519374,False,False
1145,19.081439190645543,1046.4355357044763,646.7382288169289,1191.85399226535,836.2836652997239,0.3177854511909061,0.654415872653004,18.207765143899543,37.49526754938788,False,False
1146,19.09810420303912,1051.705636909571,645.5842883940147,1206.0223064004545,827.9585341559684,0.33294534077233634,0.7022569315090056,19.07636283479984,40.23635830927374,False,False
1147,19.1147692154327,1054.825796116695,644.8715926917894,1217.617809097817,819.7222733011431,0.3419236270236046,0.7496990507181225,19.59078074425785,42.95459151111267,False,False
1148,19.13143422782628,1055.790389240883,644.646802645641,1225.219895405584,813.0737673537469,0.344699730902585,0.7883655137385208,19.749839780013318,45.170016650880164,False,False
1149,19.148099240219853,1055.790389240883,644.646802645641,1229.1690070465006,809.0057235711982,0.344699730902585,0.8120980484027116,19.749839780013318,46.52979072428622,False,False
1150,19.16476425261343,1053.8598082524713,645.0945940131373,1229.174942401191,807.386318196524,0.3391437404169039,0.8239547135321014,19.431504974168952,47.20912759530019,False,False
1151,19.181429265007004,1050.7373389172344,645.8009923930721,1226.052473065954,808.0927165764588,0.33015951116698566,0.8239547135321014,18.91674655597065,47.20912759530019,False,False
1152,19.198094277400585,1046.4355357044763,646.7382288169289,1219.8403379379884,811.0695239568278,0.3177854511909061,0.8122573742758855,18.207765143899543,46.53891942438632,False,False
1153,19.21475928979416,1040.1994560928497,648.023355596702,1210.1309545094723,815.9438303634244,0.2998535304658527,0.7913504740520382,17.18034176779081,45.34104227885875,False,False
1154,19.231424302187737,1032.9895060726285,649.4015390317604,1195.7815190537503,824.2522196411142,0.2791282341660774,0.7496990507181225,15.992869760655584,42.95459151111267,False,False
1155,19.248089314581318,1023.6535941002531,651.0161637476082,1179.54245002323,832.0483835291304,0.25229916443359285,0.7109093731835645,14.455677296722037,40.73210669970907,False,False
1156,19.26475432697489,1013.3617426097013,652.5760458569644,1160.3814912920484,840.8821623199713,0.22272713528460192,0.6628915955810103,12.76132483484701,37.9808907014849,False,False
1157,19.281419339368465,1002.2336948013719,654.0055262954104,1136.5979139901895,851.5409828640462,0.19075033723374218,0.5973154891344041,10.92918926419059,34.22365656519374,False,False
1158,19.298084351762043,990.1144069024681,655.2611365527887,1109.9308572082318,861.9445133302316,0.1559142045708811,0.5253668738153151,8.933225888050815,30.101304565599637,False,False
1159,19.31474936415562,977.0168761549781,656.2677683256518,1080.2341225031323,871.7212437125771,0.11824312375563431,0.4467636600691855,6.77483194764093,25.597672161781713,False,False
1160,19.3314143765492,963.9612778215212,656.9112234521863,1048.1747601755735,880.4779682730646,0.08065831095118582,0.3602441466108783,4.621380800156776,20.640469195095385,False,False
1161,19.34807938894277,949.9825213783171,657.2034205307291,1014.285745609413,887.2883947326213,0.04036622748467377,0.2725227157606403,2.312814469736792,15.614401434528052,False,False
1162,19.364744401336356,935.0734079573666,657.0636817053344,977.1047181208527,892.2388695248424,-0.002677512484978422,0.17685613147397727,-0.15341016498284882,10.133109914469701,False,False
1163,19.38140941372993,920.199149625813,656.4595622077707,941.1971262297435,894.4366303856536,-0.045706784035066395,0.08800737352773935,-2.6188058203252353,5.0424510691708315,False,False
1164,19.398074426123504,906.385969250624,655.481335602449,905.3821896513194,894.380880236833,-0.08575617029767375,-0.004201655946873865,-4.913466625261854,-0.24073715272191612,False,False
1165,19.41473943851708,891.4720003712692,653.971139688095,868.4919222448806,891.7649916046345,-0.12910798785653932,-0.0963394929220824,-7.3973428056059864,-5.519846344865788,False,False
1166,19.43140445091066,876.5979731083643,651.9910535270233,833.774309998288,887.0232510613923,-0.17247327624243788,-0.18022635585275623,-9.88199080748566,-10.326209547385835,False,False
1167,19.44806946330424,861.8079421664488,649.5469234081775,802.6876608465197,881.0178553556954,-0.2157379908270108,-0.25006508925135595,-12.360876355019789,-14.327674217664944,False,False
1168,19.464734475697814,847.8901293263484,646.8074908728994,771.1478616487533,873.0476825977571,-0.2565980164952241,-0.32702755026869734,-14.701983376604622,-18.737298414898728,False,False
1169,19.48139948809139,833.8300813910223,643.5995788630931,744.4195195965067,865.1390819761702,-0.29803630394425185,-0.38359517037810575,-17.07622235768384,-21.978384304267195,False,False
1170,19.49806450048497,821.0173861042845,640.2829358079691,720.5885201992431,857.0501909297407,-0.3359538607055634,-0.43386126291907334,-19.24873832955473,-24.858419259478666,False,False
1171,19.514729512878542,808.9631260113678,636.8126765091425,699.3418077231945,849.079411012604,-0.37177596385922834,-0.47670656810002404,-21.301193653542008,-27.31327441829714,False,False
1172,19.53139452527212,797.8826678305979,633.3166897949823,681.1848883856414,841.7768257265707,-0.40484357775444235,-0.5103426130441376,-23.19582836830593,-29.2404778331072,False,False
1173,19.548059537665697,787.7575872803702,629.8598159329538,666.01966220951,835.4172959706348,-0.4351870121659545,-0.5346889039760415,-24.934379096017604,-30.635417550302922,False,False
1174,19.564724550059275,780.3148010869105,627.1555036710427,653.340705439344,829.5204686093507,-0.45757518505907435,-0.5603598769048456,-26.217126913802566,-32.10625595511798,False,False
1175,19.58138956245285,773.2169674371662,624.4451120141441,643.4747228364542,825.0465825121668,-0.4789957308203156,-0.5740985169942193,-27.444433780788533,-32.89342204848833,False,False
1176,19.59805457484643,769.0785008995637,622.8046297836704,636.3294620568381,821.4291315107548,-0.49151832950145363,-0.5891613515805185,-28.161925833753834,-33.75645889778696,False,False
1177,19.614719587240003,765.8049607002596,621.4752062496439,631.6856391035838,819.1770210477064,-0.5014417055476671,-0.5960762458820987,-28.730493399723084,-34.15265315704657,False,False
1178,19.63138459963358,764.9492305164927,621.1230183638833,630.3671316852917,818.5100966496436,-0.5040384311849796,-0.5984188934785396,-28.87927481929451,-34.286876977209104,False,False
1179,19.64804961202716,764.9492305164927,621.1230183638833,631.5126576784603,819.2862869815574,-0.5040384311849796,-0.5926268480428794,-28.87927481929451,-33.95501721899776,False,False
1180,19.664714624420736,767.0126451114506,621.9689492263267,635.4155307755634,821.3585164019125,-0.4977788659065984,-0.5833730069938579,-28.520628147256634,-33.42481118260391,False,False
1181,19.681379636814317,771.1466557572772,623.6300275214139,642.5638941862019,824.9766774234075,-0.4852571688223264,-0.568329216158176,-27.803187751986577,-32.56286545984175,False,False
1182,19.69804464920789,777.363491939211,626.0442300186629,652.9895175070768,830.0175480873623,-0.4664734104660319,-0.5475622359399991,-26.726957674777314,-31.37300514010855,False,False
1183,19.714709661601468,785.3587541768043,629.0034606199881,665.974233794167,835.9366292832251,-0.4423948404979937,-0.5232783221319773,-25.34735723889827,-29.98163936884944,False,False
1184,19.73137467399504,794.5987732331125,632.2232480533787,681.0386398707171,842.4091089258812,-0.41467117058335823,-0.4953533984809939,-23.75890796017584,-28.381659100423036,False,False
1185,19.74803968638862,804.7726411141857,635.5253872007199,699.1301993223766,849.8001512124072,-0.38426535839489756,-0.45805065251944105,-22.016783249109608,-26.24436919257738,False,False
1186,19.7647046987822,816.8185915141089,639.1130589349748,718.8649195069626,857.0100027876052,-0.3484144805087797,-0.42247239238571754,-19.96267925439616,-24.205885044496473,False,False
1187,19.78136971117577,829.8579397421194,642.611865086207,740.9599035779653,864.3575283271298,-0.3097747855142522,-0.38128277447189185,-17.74878780953696,-21.84589377827781,False,False
1188,19.79803472356935,843.8979363628077,645.9420183603883,765.0655776389499,871.4624369881325,-0.2683468048764084,-0.3362805753700952,-15.37513936523882,-19.267457700937438,False,False
1189,19.81469973596293,858.7558580628197,648.9829116436662,791.6711759379493,878.2723475629974,-0.2246855946805563,-0.2846323319793226,-12.873536292582935,-16.308231335381716,False,False
1190,19.831364748356503,875.6284242188896,651.8454176640071,819.5724129043622,884.0774645384761,-0.17530487294619482,-0.23684876094692178,-10.044229347894088,-13.570434385161574,False,False
1191,19.84802976075008,891.4720003712692,653.971139688095,849.4406902077824,889.1463275076028,-0.12910798785653932,-0.17685613147398072,-7.3973428056059864,-10.133109914469898,False,False
1192,19.864694773143658,907.2874756944567,655.5574785588822,879.2577476519676,892.8091052042312,-0.08313950568186745,-0.1175983406109786,-4.7635427863749324,-6.737888594750984,False,False
1193,19.881359785537235,923.1691329482348,656.6173410353017,909.1403448126996,895.1067393393946,-0.037107447399540174,-0.05875582271572426,-2.126100124497354,-3.366460663429891,False,False
1194,19.89802479793081,940.0413874470146,657.1620036332916,941.0451670463183,896.0615482676756,0.011674313769953478,0.004201655946870061,0.6688889077297954,0.24073715272169816,False,False
1195,19.91468981032439,954.9690388002032,657.1461981621576,972.0615287076644,895.435616283826,0.054745897332477374,0.07160731485126524,3.136708862807465,4.102796923241959,False,False
1196,19.931354822717967,968.9864395761932,656.7059853565534,1003.0527577870814,893.1663117615436,0.09512960645295693,0.14308329366815536,5.450524956494913,8.198068846016238,False,False
1197,19.94801983511154,982.9889394608449,655.8537550933938,1033.1142468798873,889.4376876661341,0.13542359607304397,0.21138641644999145,7.759200501469849,12.111549508979309,False,False
1198,19.96468484750512,995.1800607096966,654.7743482434681,1061.3408065570013,884.3320876227544,0.17047706353834408,0.28060513042474405,9.767616244530688,16.077489683055845,False,False
1199,19.981349859898696,1006.3146870051055,653.5121623627913,1087.5548881615628,878.1764223510199,0.20247790836509758,0.3469776052196528,11.601129593956717,19.88035236464255,False,False
1200,19.998014872292277,1016.4605671720433,652.1305217925844,1112.7427045723716,870.7712088058307,0.23163102357484547,0.414814283121059,13.27148005513392,23.767107704581502,False,False
1201,20.01467988468585,1023.6535941002531,651.0161637476082,1134.0927485630255,862.8585418534724,0.25229916443359285,0.48056328863045145,14.455677296722037,27.534248227452085,False,False
1202,20.03134489707943,1031.0296886914823,649.7563319620211,1153.2064219854822,855.0533018412837,0.27349565695755707,0.5368249794469444,15.670146858825788,30.757805659507078,False,False
1203,20.04800990947301,1036.1061569162816,648.819893775436,1169.3175527283408,847.1346033302314,0.2880863971571905,0.5914909614909954,16.506134692236653,33.889935713569145,False,False
1204,20.06467492186658,1039.2244535589891,648.2164565302526,1182.405193019532,839.4578637817476,0.2970504549299997,0.6426628860222897,17.019737369930063,36.82187101877427,False,False
1205,20.08133993426016,1042.3439748633266,647.5911958722719,1191.7068707913334,834.044206896496,0.3060193954326854,0.6753962501245052,17.533619807437894,38.69735463109625,False,False
1206,20.09800494665373,1042.3439748633266,647.5911958722719,1198.3125514837682,828.5547366947078,0.3060193954326854,0.7113498241769296,17.533619807437894,40.75734268271123,False,False
1207,20.114669959047312,1042.3439748633266,647.5911958722719,1201.4362327153249,825.8148011874862,0.3060193954326854,0.7287424425995181,17.533619807437894,41.753866313007045,False,False
1208,20.13133497144089,1040.1994560928497,648.023355596702,1201.4496878422078,824.2969008630814,0.2998535304658527,0.7409171370285519,17.18034176779081,42.45142492065211,False,False
1209,20.147999983834467,1036.1061569162816,648.819893775436,1197.3563886656398,825.0934390418154,0.2880863971571905,0.7409171370285519,16.506134692236653,42.45142492065211,False,False
1210,20.164664996228044,1031.0296886914823,649.7563319620211,1190.1817357150703,827.9265481267934,0.27349565695755707,0.729077965649724,15.670146858825788,41.773090367713195,False,False
1211,20.181330008621615,1025.780843398048,650.6650387626983,1180.0975128889313,833.039284524652,0.2584118401881427,0.7022569315090048,14.805907818989692,40.2363583092737,False,False
1212,20.1979950210152,1018.5786276120439,651.8140524286833,1167.3285154531554,838.7564790398108,0.23771686727786795,0.6721128273807919,13.620173214093375,38.509228365524216,False,False
1213,20.214660033408773,1009.4107880722825,653.1140386124646,1150.8189469840647,845.6698294710626,0.21137456381249167,0.6334258829691424,12.110870402874472,36.29262972847947,False,False
1214,20.23132504580235,1000.2506716502035,654.2323965829435,1131.6102078646845,853.7785622828046,0.18505127445880015,0.5821819475136376,10.602657020006296,33.35656850123824,False,False
1215,20.247990058195928,990.1144069024681,655.2611365527887,1109.6148212494504,862.1274000442038,0.1559142045708811,0.5238384677112563,8.933225888050815,30.013733346455034,False,False
1216,20.264655070589505,978.0132807090895,656.2039231460186,1084.4515056735843,870.0845072727869,0.12111005924794982,0.46176791196650807,6.93909525148687,26.457352470249454,False,False
1217,20.28132008298308,965.953739921975,656.836193826528,1056.4097527983263,877.9508919687215,0.08639689600559086,0.3883187181724638,4.9501775041510365,22.249023657212238,False,False
1218,20.297985095376657,952.9771437221193,657.1753071491914,1027.3178856114364,884.2159512976477,0.04900278061361218,0.3164314556251246,2.8076525135654684,18.130186912500832,False,False
1219,20.314650107770237,941.0228562778807,657.1753071491914,996.1315897609923,889.6339647506827,0.014508556026802871,0.2327717415008835,0.831279027164899,13.336838377910816,False,False
1220,20.33131512016381,927.1333736561112,656.7990322533303,963.3090565167172,892.9458509267329,-0.025635363702087105,0.15200973782050115,-1.4687981464124567,8.709516422004885,False,False
1221,20.34798013255739,913.2118727832103,656.0150863777135,930.162052350227,894.3146697022462,-0.0659538565684144,0.07101011124067805,-3.778877623981328,4.068579676845338,False,False
1222,20.364645144950966,900.3991609994666,654.93195492033,897.38803482543,893.8146313938743,-0.10314395123683523,-0.012604374487652947,-5.9097130881738265,-0.7221774615448833,False,False
1223,20.381310157344544,886.5903830936187,653.3737193647576,865.5924064896873,891.3507875426405,-0.14332532932433592,-0.08800737352774314,-8.211936467607064,-5.042451069171049,False,False
1224,20.39797516973812,873.6920471369166,651.5484535517256,834.7408131413432,887.2533567044222,-0.18096198902767865,-0.16377410783361765,-10.3683582235787,-9.383565172386726,False,False
1225,20.41464018213169,860.849441685345,649.3720073694992,805.7407082022327,881.8306649709904,-0.2185472210277801,-0.23277174150088686,-12.521833389204557,-13.336838377911008,False,False
1226,20.431305194525272,847.8901293263484,646.8074908728994,778.9673726599901,875.5511325626958,-0.2565980164952241,-0.29265823562986676,-14.701983376604622,-16.768081741336538,False,False
1227,20.44797020691885,835.9315322930983,644.1075257752678,755.0108912820243,868.8870841393614,-0.2918318962137388,-0.3455555805817132,-16.7207359803471,-19.798876354524992,False,False
1228,20.464635219312427,824.7208690526097,641.2806240616997,732.9064851446382,861.8347419275867,-0.3249777467128309,-0.394469782949898,-18.619853322316676,-22.601453708470796,False,False
1229,20.481300231706005,813.8003657467418,638.2465029160596,713.8135039917913,855.2179929243011,-0.3573827213275917,-0.4318231512583085,-20.476521602971037,-24.74164406314044,False,False
1230,20.497965244099586,804.7726411141857,635.5253872007199,698.7336175777799,849.6041705666705,-0.38426535839489756,-0.4599023081609717,-22.016783249109608,-26.350461245948676,False,False
1231,20.51463025649316,796.6894727528804,632.9224496519166,684.6806410674425,843.9390879164459,-0.4084129147515287,-0.4879873706636302,-23.400336313898876,-27.959616794712133,False,False
1232,20.531295268886733,789.5301565077614,630.4833497372904,674.7821989502149,840.0230983206357,-0.42986567608113946,-0.5010133868035903,-24.629488996987032,-28.70595254340114,False,False
1233,20.54796028128031,783.5958968083742,628.3649172940948,666.471676059404,836.585754181152,-0.4476965169124341,-0.5123894603107395,-25.651120921789758,-29.357753542791375,False,False
1234,20.56462529367389,780.3148010869105,627.1555036710427,660.498350781146,833.8388804484852,-0.45757518505907435,-0.525366873815319,-26.217126913802566,-30.10130456559986,False,False
1235,20.581290306067466,778.2362337681793,626.3751686723303,657.6748090794425,832.6248786770284,-0.46384083799788256,-0.5289750786241586,-26.576122383090016,-30.308039472765177,False,False
1236,20.597955318461043,778.2362337681793,626.3751686723303,657.6748090794425,832.6248786770284,-0.46384083799788256,-0.5289750786241586,-26.576122383090016,-30.308039472765177,False,False
1237,20.614620330854617,778.2362337681793,626.3751686723303,659.6004742748388,833.7385129968234,-0.46384083799788256,-0.5196637125439881,-26.576122383090016,-29.77453749487014,False,False
1238,20.631285343248194,781.5169357495037,627.601782219716,664.8191563045472,836.0619181513043,-0.45395414172330434,-0.5103426130441379,-26.00965641322897,-29.240477833107214,False,False
1239,20.64795035564177,786.5591161565521,629.4337802074219,671.8111585990057,838.9735287907672,-0.43878715569131704,-0.5010133868035903,-25.14065212566223,-28.70595254340114,False,False
1240,20.66461536803535,791.6172834885666,631.2075037158929,682.3787323856046,843.6714746684419,-0.42360510737436885,-0.47490416918385664,-24.2707848327374,-27.210004567401796,False,False
1241,20.681280380428927,799.6802615891415,633.9040588875101,694.8417832034916,848.5733241533642,-0.3994694159934673,-0.45430208669331745,-22.887911580981463,-26.029592191513526,False,False
1242,20.697945392822504,807.7769920923952,636.4525759256476,709.8233200852488,854.349519778278,-0.3753091705853742,-0.42247239238571754,-21.503631487097405,-24.205885044496473,False,False
1243,20.71461040521608,818.9185161393601,639.7033102905141,726.7487936825775,860.1091683393411,-0.3421803772242046,-0.3960814415643093,-19.60549144714136,-22.693794945092467,False,False
1244,20.731275417609652,829.8579397421194,642.611865086207,745.9739689971356,866.3024537394955,-0.3097747855142522,-0.35877067027057463,-17.74878780953696,-20.556045219583602,False,False
1245,20.747940430003236,841.7973212756752,645.4722294500784,767.7525492746828,872.6095705882565,-0.27453414470528525,-0.3151281346539763,-15.72964782384666,-18.055512121503146,False,False
1246,20.76460544239681,855.7020838905953,648.3980043873801,790.7311056868402,878.2953118775879,-0.23364517117655392,-0.2754261036960381,-13.38688221202821,-15.780753309515546,False,False
1247,20.781270454790388,869.6722842515583,650.9059612885869,814.5635507684459,883.3646188900781,-0.19271379926700963,-0.23277174150088686,-11.041687351930989,-13.336838377911008,False,False
1248,20.797935467183965,883.540113948931,652.9744632243746,840.5401139489306,887.9744632243746,-0.15221632770372853,-0.18097667416106045,-8.721353150403914,-10.369199619743062,False,False
1249,20.814600479577543,898.3357257749133,654.7249608079878,867.3509229184832,891.6087761942404,-0.10914134676785009,-0.1300632875010147,-6.253338540171598,-7.452077443404774,False,False
1250,20.83126549197112,913.2118727832103,656.0150863777135,894.2003772694414,894.1590828133363,-0.0659538565684144,-0.07966298504578988,-3.778877623981328,-4.564352826537551,False,False
1251,20.84793050436469,928.0857672472584,656.837762555961,922.0901252517273,895.6641687112717,-0.022880241874161232,-0.025099330520067117,-1.3109412936279354,-1.4380857074037434,False,False
1252,20.86459551675827,943.0150638618386,657.1961025448288,950.0385458980912,895.9944917774333,0.020260493744494977,0.02940328820400327,1.1608407824107678,1.6846843178961857,False,False
1253,20.88126052915185,955.9835848814616,657.1281748154029,977.9731847198001,895.0156639756144,0.05767061727739451,0.09217503755646,3.3042829719089517,5.281240628445015,False,False
1254,20.897925541545423,968.9864395761932,656.7059853565534,1005.0123286389559,892.8757025457762,0.09512960645295693,0.15137544373402553,5.450524956494913,8.673174047879726,False,False
1255,20.914590553939004,981.0712144600966,655.9949078984082,1030.0356240902645,889.82494572411,0.12990739330090872,0.2064191049215541,7.443145363688134,11.82694352287317,False,False
1256,20.93125556633258,992.1022103350717,655.0766155294227,1055.4719109067223,885.4204477660584,0.16162917501732496,0.2684677028369487,9.260669574674045,15.382066308129518,False,False
1257,20.947920578726155,1001.2425390617323,654.119971058103,1078.2891261438451,880.2567071692409,0.18790186863491856,0.32837297413930805,10.765984035402452,18.814385524340878,False,False
1258,20.96458559111973,1009.4107880722825,653.1140386124646,1099.8668009486337,874.2287367546581,0.21137456381249167,0.38831871817246333,12.110870402874472,22.249023657212213,False,False
1259,20.98125060351331,1016.6058328635654,652.1091272485307,1117.7983872345922,868.5209266954805,0.23204841612024601,0.4373872306071268,13.295394886385594,25.06044232670363,False,False
1260,20.997915615906887,1021.8427877842826,651.3072852361577,1134.6295651468984,861.9091438513079,0.24709594649185834,0.49167764896065175,14.157554868773904,28.171054166360193,False,False
1261,21.014580628300465,1025.780843398048,650.6650387626983,1148.3989941859913,855.6986679490958,0.2584118401881427,0.5389764998291449,14.805907818989692,30.881078696943536,False,False
1262,21.03124564069404,1028.8941917417085,650.1333229616598,1159.0928097858236,850.4388891833767,0.2673585528807531,0.576375220591181,15.318516696792392,33.02386755579649,False,False
1263,21.04791065308762,1030.0481253124794,649.9308554267135,1166.9150975374705,845.7405383179422,0.2706747422047052,0.6100407983436328,15.508520349121188,34.9527630758815,False,False
1264,21.064575665481197,1030.0481253124794,649.9308554267135,1171.4562842242617,842.4866462853115,0.2706747422047052,0.6334258829691424,15.508520349121188,36.29262972847947,False,False
1265,21.08124067787477,1027.9123939635447,650.303289913103,1173.3308505244183,839.848726395898,0.26453712809885355,0.654415872653004,15.156860964575927,37.49526754938788,False,False
1266,21.097905690268348,1025.780843398048,650.6650387626983,1171.6847742331047,839.8370318453929,0.2584118401881427,0.6569796522436223,14.805907818989692,37.642161299532084,False,False
1267,21.11457070266193,1021.8427877842826,651.3072852361577,1167.2612443451562,840.8527217189527,0.24709594649185834,0.654415872653004,14.157554868773904,37.49526754938788,False,False
1268,21.131235715055503,1016.6058328635654,652.1091272485307,1159.1425359647521,843.8310307156207,0.23204841612024601,0.6392994528464105,13.295394886385594,36.62916049312211,False,False
1269,21.14790072744908,1010.3997850255419,652.9825232064236,1149.3537823899455,847.3167369117135,0.2142163648324471,0.6207394418475826,12.273693607533891,35.565750195172875,False,False
1270,21.164565739842654,1003.3418361731939,653.8750863852551,1135.1631680966548,853.1164888344567,0.19393492049069816,0.584497944999249,11.111652444322193,33.48926538252669,False,False
1271,21.18123075223623,995.1800607096966,654.7743482434681,1118.5361142284853,859.3648760307285,0.17047706353834408,0.5425793241259883,9.767616244530688,31.087505323479853,False,False
1272,21.19789576462981,985.1352096553934,655.6865625435926,1099.883167212939,865.2263111269382,0.14159644021526666,0.5010133868035866,8.112878418411261,28.70595254340093,False,False
1273,21.214560777023387,975.0228970418957,656.3892497122278,1078.6319200213743,871.6545984268732,0.11250528113456336,0.4485828353703632,6.446077781943282,25.701903228733634,False,False
1274,21.231225789416964,964.9952199680707,656.8733291538758,1055.1002674594758,878.1312791049943,0.08363634436304818,0.38673197761414885,4.792009545905434,22.15811012003856,False,False
1275,21.24789080181054,953.9877218569907,657.1615782345109,1030.135962563682,883.6023992833576,0.051916674371357226,0.32440306806964425,2.9746063278337753,18.586926661485773,False,False
1276,21.26455581420412,942.0189275127311,657.1867442803463,1002.3229360969653,888.3521105199121,0.017384608867641208,0.255182390620817,0.9960647166015464,14.620873988631576,False,False
1277,21.281220826597693,929.0798104750581,656.8761545804007,974.0105869260506,891.514653824474,-0.02000504010362767,0.1891990220999668,-1.1462043669278206,10.840305454330489,False,False
1278,21.29788583899127,917.1703841241123,656.2795334850082,945.0839513539535,893.5448549386608,-0.05448044512151924,0.11710874456686306,-3.121499571457148,6.709836807756863,False,False
1279,21.314550851384848,905.3166409192406,655.3887857067565,916.3465395093672,894.0356824749557,-0.08886048935461797,0.04618561965887638,-5.09133100548679,2.6462410806500616,False,False
1280,21.331215863778425,892.4504992601941,654.0847518841308,886.4548572646629,892.9111580394415,-0.12625987769567604,-0.025099330520067117,-7.234158113800195,-1.4380857074037434,False,False
1281,21.347880876172,880.4849764112291,652.554495944103,858.4953765728898,890.4419851043144,-0.16112732626903423,-0.09217503755646383,-9.231915759443062,-5.281240628445234,False,False
1282,21.36454588856558,869.5134423615001,650.879850264731,831.6916150862766,886.768615112833,-0.19317840272274828,-0.1589843719326252,-11.068307169092007,-9.109133520277569,False,False
1283,21.38121090095916,856.6586993048038,648.5834497596989,806.7382302104979,882.211245121048,-0.2308377584442485,-0.21050956212735816,-13.22602931111582,-12.061309457044619,False,False
1284,21.39787591335273,846.7388938956062,646.5615828620307,783.8797106120401,877.0452549017721,-0.2599846829778351,-0.2662520491509267,-14.896025072676647,-15.255118703057853,False,False
1285,21.41454092574631,835.7066209023121,644.0536432019668,761.9555952585853,871.2865330231772,-0.2924957444141988,-0.31383515242791143,-16.758771680470815,-17.981429696964195,False,False
1286,21.43120593813989,825.8946214278385,641.5901724266814,743.7693392769343,865.9324065950037,-0.3215018542430418,-0.3509199974104307,-18.420699353756454,-20.106234798359456,False,False
1287,21.447870950533463,817.7391729591425,639.3730930221245,727.9826012883568,860.7726364767286,-0.34568097195516423,-0.385157506363475,-19.806060751011085,-22.067899562410265,False,False
1288,21.46453596292704,809.5999197350778,637.0046147941977,713.6864270468878,855.8072699891302,-0.36987974221463266,-0.41312883227840286,-21.19254815628532,-23.670538484720538,False,False
1289,21.48120097532062,803.5822954237129,635.1520207733553,702.7728749491621,851.7425578325381,-0.38781665956162803,-0.43561756904096094,-22.22025781774315,-24.959048187795815,False,False
1290,21.4978659877142,797.5870325814828,633.2193345028355,693.9477639833991,848.4701231296237,-0.405727786522153,-0.44872334401072306,-23.246489798904214,-25.70995378081138,False,False
1291,21.51453100010777,793.4017953128109,631.8180956058227,687.7593535210018,846.0928596175099,-0.41825656429206404,-0.45805065251944105,-23.96433588757744,-26.24436919257738,False,False
1292,21.531196012501347,791.6172834885666,631.2075037158929,683.9806514679927,844.4874967936956,-0.42360510737436885,-0.46737893496746685,-24.2707848327374,-26.778840406955222,False,False
1293,21.547861024894924,790.4191979630608,630.7931370744999,683.9772297209577,844.6718583086309,-0.427198230006104,-0.4617854137604438,-24.476655594808765,-26.45835524917588,False,False
1294,21.564526037288505,790.4191979630608,630.7931370744999,683.5791305725915,844.4732718554383,-0.427198230006104,-0.46364760900080676,-24.476655594808765,-26.565051177078026,False,False
1295,21.58119104968208,792.5086344351935,631.5134748442413,687.6701560495435,846.1827401100953,-0.4209330567297037,-0.45430208669331745,-24.117687608152877,-26.029592191513526,False,False
1296,21.597856062075657,796.6894727528804,632.9224496519166,694.67696037627,848.9489464494436,-0.4084129147515287,-0.4411794804149823,-23.400336313898876,-25.277722235553046,False,False
1297,21.61452107446923,800.5816709796109,634.1956328795743,701.7986466474617,851.7178480756182,-0.3967759495915893,-0.4262818311980256,-22.733587323893566,-24.42414981075505,False,False
1298,21.631186086862808,806.8680138789371,636.1743377983535,711.7946908256412,855.34336673174,-0.37801784329336335,-0.4092921979262324,-21.65882700134745,-23.45071552880626,False,False
1299,21.647851099256386,814.7177483521007,638.5121654863281,724.961176681315,859.9117089409322,-0.3546558431651131,-0.385157506363475,-20.320282993014626,-22.067899562410265,False,False
1300,21.664516111649963,822.86612051382,640.7849606527003,739.8595756040759,864.8026240235753,-0.33047303235447406,-0.35485104311198135,-18.934709996801665,-20.331467126131354,False,False
1301,21.68118112404354,832.893887093094,643.3700411089137,757.0472221256391,869.9120535774946,-0.30080164508377105,-0.3230715575912503,-17.23466473389219,-18.510636730696355,False,False
1302,21.69784613643712,843.6883952082442,645.8956023782067,775.9548933639194,874.99421155754,-0.26896383869253543,-0.2874632054852826,-15.41049279871975,-16.47042843960863,False,False
1303,21.71451114883069,855.7020838905953,648.3980043873801,795.6425989731306,879.6270213196173,-0.23364517117655392,-0.25412474955563613,-13.38688221202821,-14.560275619356993,False,False
1304,21.73117616122427,867.5809666868522,650.5577723804008,816.4985583149922,883.9342655302692,-0.19883219278904796,-0.21548569150556493,-11.392245478143968,-12.346420668726925,False,False
1305,21.747841173617847,880.4849764112291,652.554495944103,840.56254394083,888.0968475194543,-0.16112732626903423,-0.16789592325037714,-9.231915759443062,-9.619727799699,False,False
1306,21.764506186011424,893.4296957865861,654.1963965557754,862.3158237037269,891.0632937026994,-0.12341029282091871,-0.13060816994581625,-7.070888927112285,-7.483296907822673,False,False
1307,21.781171198405,907.2874756944567,655.5574785588822,886.2015887937092,893.5267735815991,-0.08313950568186745,-0.08837678614485053,-4.7635427863749324,-5.063616853030185,False,False
1308,21.79783621079858,920.1433749823614,656.4564216092191,911.1534501997926,895.1888686129805,-0.04586831277147083,-0.03763911919939007,-2.628060735191291,-2.1565626747148774,False,False
1309,21.81450122319216,933.0581908451387,657.0090417984648,936.0693170191744,895.891718272009,-0.00850191156505334,0.012604374487649141,-0.48712365047102085,0.7221774615446652,False,False
1310,21.831166235585734,946.0037334010942,657.2117008758942,960.0915093318455,895.6976219893321,0.028886807379446044,0.05900316379403128,1.65509214644962,3.380632263317098,False,False
1311,21.847831247979308,957.9789764319123,657.0864304049189,984.031294275415,894.5633276706974,0.06342201697765772,0.10926768987736651,3.63381390102684,6.260577467117449,False,False
1312,21.864496260372885,969.03253121991,656.7038573035084,1008.1450816052484,892.3820455228563,0.09526231086781406,0.16445854639927776,5.45812835938898,9.422780613535037,False,False
1313,21.881161272766462,979.0763619060881,656.1334970434968,1029.2016693251305,889.7174296162372,0.12416862689741748,0.21138641644999145,7.114338269156615,12.111549508979309,False,False
1314,21.89782628516004,988.1243382066945,655.4374709749552,1050.3043602304058,886.1052946113064,0.15019217423634124,0.2633065495691579,8.60537769963585,15.086354008464951,False,False
1315,21.914491297553617,996.2763329694751,654.6618196243314,1069.7079706151246,881.9981224725084,0.17362824870737273,0.31242991885436316,9.948165855180248,17.900915743969794,False,False
1316,21.931156309947195,1002.4655633251077,653.9784502327384,1087.5550621565826,877.2132530494328,0.191416689905125,0.3641654193081522,10.967368459928093,20.86514157096906,False,False
1317,21.94782132234077,1007.5571264268483,653.3548715698644,1103.4706191150376,872.1575267647972,0.20604811581886628,0.4131288322783997,11.805687413043813,23.670538484720357,False,False
1318,21.964486334734342,1011.6580724428021,652.8121547379903,1116.0815724981521,867.6835875441926,0.21783190426908797,0.4523698916624083,12.48084875791652,25.918885571046285,False,False
1319,21.981151347127923,1014.62938513404,652.3963021303106,1127.0536926190975,863.191878664794,0.22636947657024398,0.4899573262537272,12.970015618060554,28.072486935852893,False,False
1320,21.9978163595215,1016.6058328635654,652.1091272485307,1136.5425229641876,858.7227530521242,0.23204841612024601,0.5259487304013305,13.295394886385594,30.13464249226021,False,False
1321,22.01448137191508,1015.618059700352,652.2537049965399,1141.330423161951,855.4048843504852,0.22921024311309093,0.5541370513421119,13.132779551547655,31.74971431372722,False,False
1322,22.031146384308656,1015.618059700352,652.2537049965399,1144.398879050374,853.4737352309502,0.22921024311309093,0.56931319110066,13.132779551547655,32.61924307119272,False,False
1323,22.047811396702237,1012.649379506002,652.6755324432152,1144.008915720483,852.2216981430763,0.2206802781290707,0.5821819475136372,12.644048558568919,33.35656850123822,False,False
1324,22.064476409095807,1009.5415769038927,653.0967672246074,1140.1991059135316,853.1032924009012,0.21175037673469596,0.5786679855330966,12.132402897203256,33.155233310383814,False,False
1325,22.081141421489384,1005.446733172665,653.6200791578027,1133.7720396169357,855.130911933572,0.19998375307563807,0.5670510713907312,11.458225022420457,32.48963315906044,False,False
1326,22.09780643388296,1000.3623182051604,654.2198466911431,1125.6259666859305,857.6480118239143,0.1853721471424038,0.5519297832910706,10.62104167053782,31.62324717014849,False,False
1327,22.11447144627654,994.2852168226491,654.8643051125606,1113.7856311696314,861.7305686039757,0.16790477489966477,0.5238384677112563,9.620234961844911,30.013733346455034,False,False
1328,22.13113645867012,987.1284860350952,655.5225595158774,1100.7513222544935,865.6745309305177,0.1473285898640547,0.4956517435345271,8.441306400824214,28.398753012829093,False,False
1329,22.14780147106369,978.0782952023337,656.1996845518869,1084.5165201668285,870.0802686786552,0.12129711734924474,0.46176791196650807,6.949812891214799,26.457352470249454,False,False
1330,22.16446648345727,969.03253121991,656.7038573035084,1065.3146686202383,875.3445443167547,0.09526231086781406,0.414814283121059,5.45812835938898,23.767107704581502,False,False
1331,22.181131495850845,960.0009705476143,657.0356116316894,1045.4248459747064,880.1426745118606,0.06924892298202555,0.36566371717694707,3.967671022696555,20.950987715304453,False,False
1332,22.197796508244423,949.9950000567519,657.2033423758262,1024.0397720577434,884.3406835140045,0.040402222196625474,0.3151281346539724,2.314876814816414,18.055512121502918,False,False
1333,22.214461520638,939.0142942341708,657.1459195083005,1000.9432632474013,887.8812717995312,0.008707940421596918,0.26221833432139274,0.4989282344088741,15.024003867566226,False,False
1334,22.231126533031578,928.0857672472584,656.837762555961,976.0916554244862,890.8664674199488,-0.022880241874161232,0.2023216283783019,-1.3109412936279354,11.592175410290965,False,False
1335,22.247791545425155,917.1703841241123,656.2795334850082,951.0958672280822,892.7601068862123,-0.05448044512151924,0.14248772198969364,-3.121499571457148,8.16394510244286,False,False
1336,22.264456557818733,906.2172746003164,655.4668961231412,925.2287701140843,893.6108925587641,-0.08624586085186349,0.07966298504578605,-4.941523827284349,4.564352826537331,False,False
1337,22.281121570212303,895.3901341989156,654.4137664022768,899.3879283646662,893.2819678059134,-0.11770682424633905,0.016734839274338373,-6.7441042492033745,0.958835661249362,False,False
1338,22.297786582605884,884.3855275732559,653.0871250020662,874.3983807680382,891.7799336467571,-0.14975152096946928,-0.041816613207519046,-8.580130127215435,-2.3959154503218576,False,False
1339,22.31445159499946,873.5413678047016,651.5250039563076,849.572006025766,889.2211749307482,-0.18140230320159248,-0.10050059905463174,-10.393586367403751,-5.75826016436687,False,False
1340,22.33111660739304,863.5574577905237,649.8609817271697,826.7069481444282,885.9034354062125,-0.21061214585048965,-0.15486802523009735,-12.06718707142679,-8.873284227210128,False,False
1341,22.347781619786616,853.7922863374876,648.0217111564452,805.786398160259,882.0504160204329,-0.23925203365674935,-0.20232162837830525,-13.708131768453661,-11.592175410291157,False,False
1342,22.364446632180197,843.6883952082442,645.8956023782067,785.7462333772676,877.6642497021123,-0.26896383869253543,-0.24497866312686495,-15.41049279871975,-14.036243467926525,False,False
1343,22.38111164457377,835.7066209023121,644.0536432019668,767.9731190579873,873.1522523813001,-0.2924957444141988,-0.2874632054852826,-16.758771680470815,-16.47042843960863,False,False
1344,22.397776656967345,827.7550256721945,642.0742755202468,752.8075338173923,868.9153508674475,-0.31599524994048656,-0.3191050579227939,-18.105194167771458,-18.283373040253764,False,False
1345,22.41444166936092,820.7643064715444,640.213591367519,738.961145980136,864.6734829597964,-0.3367044139360709,-0.3494845246900783,-19.291741861962723,-20.0239882698771,False,False
1346,22.4311066817545,814.7177483521007,638.5121654863281,728.7561464209789,861.4125984007469,-0.3546558431651131,-0.3680750050972514,-20.320282993014626,-21.08914433632877,False,False
1347,22.44777169414808,809.8739279603344,637.0869067988849,720.9758917961803,858.8325700398077,-0.36906394570862155,-0.38128277447189185,-21.145806459549366,-21.84589377827781,False,False
1348,22.46443670654165,806.5885107180786,636.0883836249645,713.9255975275615,856.2873493787724,-0.37885092092026196,-0.398320139377457,-21.706558833375517,-22.822062881391,False,False
1349,22.481101718935232,803.5822954237129,635.1520207733553,710.0749608614673,854.993732882464,-0.38781665956162803,-0.4021580588140346,-22.22025781774315,-23.04195946721812,False,False
1350,22.49776673132881,802.6771468753703,634.8658198479707,709.1698123131247,854.7075319570795,-0.39051817311375636,-0.4021580588140344,-22.375043142577496,-23.041959467218106,False,False
1351,22.514431743722383,802.3896837952694,634.7745116507388,708.8823492330238,854.6162237598476,-0.39137633322991233,-0.4021580588140344,-22.42421209537969,-23.041959467218106,False,False
1352,22.53109675611596,803.5822954237129,635.1520207733553,712.9712182503171,856.2032200315292,-0.38781665956162803,-0.38902010329329434,-22.22025781774315,-22.289210064449104,False,False
1353,22.547761768509535,806.5885107180786,636.0883836249645,716.831939047293,857.4879270795686,-0.37885092092026196,-0.385157506363475,-21.706558833375517,-22.067899562410265,False,False
1354,22.56442678090312,810.7863662386924,637.3596462058501,723.6174362671567,859.7907088918372,-0.366347955198682,-0.37349714610647844,-20.990191666132247,-21.399810132082283,False,False
1355,22.581091793296693,815.8995775952001,638.8514784167999,733.7742954442958,863.1937125851222,-0.3511442028188591,-0.3509199974104307,-20.119080822006413,-20.106234798359456,False,False
1356,22.59775680569027,822.86612051382,640.7849606527003,744.9248199979687,866.6148826601654,-0.33047303235447406,-0.33233217001771986,-18.934709996801665,-19.041230738439467,False,False
1357,22.614421818083844,829.8579397421194,642.611865086207,757.6291494395489,870.3331900679208,-0.3097747855142522,-0.30714335966663237,-17.74878780953696,-17.59801821436671,False,False
1358,22.63108683047742,837.8101692724202,644.5530980046119,771.9151500679367,874.1872558384166,-0.28628866763155686,-0.27944776412637407,-16.40313237771179,-16.011177478808566,False,False
1359,22.647751842871,847.688380599535,646.764611182186,788.8074170063792,878.2965358196784,-0.2571914358391053,-0.24903132584338977,-14.735983800490438,-14.26844393737342,False,False
1360,22.664416855264577,857.6164456109412,648.7670852403976,805.579506824508,881.9325994180672,-0.22802772777799266,-0.2195776234975409,-13.065026413637025,-12.580871101921707,False,False
1361,22.681081867658158,868.5467086801393,650.7197479191638,823.6159322291461,885.3582471632368,-0.1960064219882142,-0.18919902209997028,-11.230340737384891,-10.840305454330686,False,False
1362,22.69774688005173,879.5119269796506,652.4165111424452,843.4860379168872,888.5862283316679,-0.16396668831145234,-0.1513754437340289,-9.394599220983265,-8.673174047879918,False,False
1363,22.71441189244531,891.3571704989059,653.9576727146762,864.3154438047679,891.3239403632188,-0.12944225900901624,-0.11343499180721728,-7.416495131855888,-6.49934627965462,False,False
1364,22.731076904838883,903.2573972675231,655.2037296846361,885.2406588066862,893.425049333474,-0.09484026840256567,-0.0754865449339252,-5.433947107354951,-4.3250604347385595,False,False
1365,22.74774191723246,915.1903040070983,656.1513868937475,907.1645290655383,894.9181914051524,-0.06021860773538861,-0.03360079441599406,-3.4502720713916193,-1.9251837083232035,False,False
1366,22.76440692962604,927.0503946626728,656.7955675621208,928.0499744210148,895.6951298059782,-0.025875426759113685,0.00418407600207243,-1.482552746397088,0.23972989608072093,False,False
1367,22.78107194201961,938.0164151185384,657.1281748154029,949.0002612636682,895.7771956050556,0.005825565367684332,0.04599264736156695,0.33378030884588983,2.6351845824512874,False,False
1368,22.797736954413192,948.9966885508979,657.2085636646002,969.9946651548285,895.1856318424832,0.0375224354683666,0.08800737352773935,2.1498771893893927,5.0424510691708315,False,False
1369,22.81440196680677,960.0009705476143,657.0356116316894,991.1148426304726,893.9025087786135,0.06924892298202555,0.13060816994581242,3.967671022696555,7.483296907822454,False,False
1370,22.831066979200347,969.03253121991,656.7038573035084,1010.0930074767039,892.0504895070844,0.09526231086781406,0.17272951082565063,5.45812835938898,9.896671967669045,False,False
1371,22.84773199159392,977.0798187691637,656.2637971784275,1029.116757555596,889.4293113560972,0.11842423318703472,0.21957762349753707,6.7852087536901875,12.580871101921488,False,False
1372,22.8643970039875,984.1378109945041,655.7654705782425,1046.3178330182154,886.4332942145936,0.1387279382746745,0.2633065495691579,7.948525363690244,15.086354008464951,False,False
1373,22.88106201638108,990.2955944702458,655.2446648826981,1061.3260920850535,883.342600885181,0.1564351441114215,0.30188561814547493,8.963073525105266,17.296771815433697,False,False
1374,22.897727028774653,995.2810933490396,654.7640845988893,1076.5212945054968,879.4283445871179,0.1707674828760713,0.346977605219653,9.784256046871443,19.880352364642558,False,False
1375,22.91439204116823,999.3677216151561,654.3307092449713,1088.6119866769027,875.9372550724552,0.18251363351090372,0.38284464253131356,10.457260903772253,21.93538222623896,False,False
1376,22.93105705356181,1002.4655633251077,653.9784502327384,1098.747700725436,872.6191372459847,0.191416689905125,0.414814283121059,10.967368459928093,23.767107704581502,False,False
1377,22.947722065955386,1003.4600361790202,653.8610179310635,1105.8600183270785,869.7041175568736,0.19427459912368583,0.4429738631207431,11.13111459638316,25.380532791424407,False,False
1378,22.96438707834896,1003.4600361790202,653.8610179310635,1111.903655883487,866.7318269805736,0.19427459912368583,0.47116626431310804,11.13111459638316,26.995838394086505,False,False
1379,22.981052090742537,1003.4600361790202,653.8610179310635,1115.1005289097661,865.0727609351784,0.19427459912368583,0.48624263308750304,11.13111459638316,27.859650695242163,False,False
1380,22.997717103136115,1001.4703574223986,654.0938516393944,1115.8689231788524,863.8245555262272,0.18855659954714787,0.49934672168012834,10.803497353389943,28.610459665965116,False,False
1381,23.01438211552969,998.3724338030428,654.439535710455,1113.9663699776281,863.5137854870975,0.17965304275508603,0.5050551888870487,10.293361126549762,28.937530744410488,False,False
1382,23.03104712792327,994.2852168226491,654.8643051125606,1108.6837825791029,864.5950089993934,0.16790477489966477,0.49934672168012834,9.620234961844911,28.610459665965116,False,False
1383,23.047712140316847,989.2967233713438,655.3346055065294,1101.305555056781,866.3512437710592,0.15356319342862462,0.48798737066362674,8.798522872011288,27.959616794711934,False,False
1384,23.06437715271042,984.1378109945041,655.7654705782425,1091.7819364484994,869.0416817581219,0.1387279382746745,0.4674140695328343,7.948525363690244,26.780853469265804,False,False
1385,23.081042165104,978.0782952023337,656.1996845518869,1079.6565850770762,872.4306976515873,0.12129711734924474,0.43917038932522223,6.949812891214799,25.162609795452454,False,False
1386,23.097707177497576,971.0306207421594,656.6073113861626,1066.470591162366,875.616927718848,0.1010146145579225,0.4109657038594939,5.787711083309723,23.546600355772245,False,False
1387,23.114372189891156,963.0317101303335,656.9433763774239,1049.3300986206975,879.7136350385975,0.07798066565880364,0.36958637437281755,4.467963025870204,21.175739417104452,False,False
1388,23.13103720228473,955.0024425844957,657.14563910056,1032.0490296666085,883.2823752116979,0.05484219823814296,0.3283729741393076,3.1422264982653907,18.814385524340853,False,False
1389,23.147702214678308,946.0016491704602,657.2116965201305,1014.2809652806798,886.1482270073394,0.028880792659073742,0.28984648991161743,1.6547475283573356,16.606980578616874,False,False
1390,23.164367227071885,936.0210235680877,657.0864304049189,993.021522926368,889.0884628807287,6.0746582977054154e-05,0.24091777174392723,0.003480522824426455,13.803571530623149,False,False
1391,23.18103223946546,926.0547902699286,656.7528690940028,972.1364100802581,891.1680655204636,-0.028755996586101,0.19410609803032508,-1.647597240076191,11.121460194890249,False,False
1392,23.19769725185904,916.1159373409046,656.212321001535,951.0182297838355,892.5507012579549,-0.05753594326612318,0.1466195696735344,-3.2965667194530073,8.400682536317838,False,False
1393,23.21436226425261,906.2172746003164,655.4668961231412,929.2934122927088,893.2514453882306,-0.08624586085186349,0.09674346233893878,-4.941523827284349,5.54299208750402,False,False
1394,23.23102727664619,896.2664108614889,654.5082748837208,907.2502570066188,893.1572956733735,-0.11515819389933726,0.04599264736156695,-6.59807848678121,2.6351845824512874,False,False
1395,23.24769228903977,886.3406538336519,653.3417831996994,885.3452389185112,892.2413628333746,-0.14405303173110268,-0.004166642554265192,-8.253630744256311,-0.2387310330990046,False,False
1396,23.264357301433343,877.4253460708327,652.1137230907789,863.4550546514145,890.6065551794111,-0.17005739759384636,-0.05851054432966957,-9.743571157105597,-3.3524072471031765,False,False
1397,23.28102231382692,867.5809666868522,650.5577723804008,843.6116049079166,888.2539433548415,-0.19883219278904796,-0.10050059905463174,-11.392245478143968,-5.75826016436687,False,False
1398,23.297687326220498,858.57531257493,648.9489040970014,824.508994364041,885.4092305019915,-0.22521510668089742,-0.14308329366815878,-12.903875095404013,-8.198068846016433,False,False
1399,23.314352338614075,850.5442084006654,647.3631139349208,806.5777055200257,882.1842088656077,-0.2487944395561484,-0.1850910126940537,-14.254871352889966,-10.604933853171623,False,False
1400,23.33101735100765,842.7422135206283,645.6847796078606,790.7052747341951,878.8502937855301,-0.271750511854969,-0.21957762349754098,-15.570157409809568,-12.580871101921712,False,False
1401,23.34768236340123,835.7066209023121,644.0536432019668,776.8256573091563,875.5855678394591,-0.2924957444141988,-0.24903132584338988,-16.758771680470815,-14.268443937373426,False,False
1402,23.364347375794807,830.5565181082917,642.7881972619175,763.7406478224733,872.1561101833823,-0.30770929136930997,-0.28346016365387056,-17.63044371242279,-16.2410710374544,False,False
1403,23.381012388188385,824.7208690526097,641.2806240616997,753.9732922985211,869.46647021221,-0.3249777467128309,-0.3006455090926125,-18.619853322316676,-17.225718800568714,False,False
1404,23.39767740058196,820.7643064715444,640.213591367519,746.7195344705519,867.3509325056971,-0.3367044139360709,-0.3151281346539763,-19.291741861962723,-18.055512121503146,False,False
1405,23.414342412975536,817.7391729591425,639.3730930221245,739.7978724432912,865.2030150295896,-0.34568097195516423,-0.33233217001772003,-19.806060751011085,-19.041230738439474,False,False
1406,23.431007425369117,815.6367223392308,638.7762954667771,735.9169821961906,863.9845613708646,-0.35192511509561447,-0.34021811164468474,-20.163823799634446,-19.49306191115108,False,False
1407,23.44767243776269,814.7177483521007,638.5121654863281,734.683384842457,863.608812857199,-0.3546558431651131,-0.3416154906478096,-20.320282993014626,-19.573125830410337,False,False
1408,23.46433745015627,814.7177483521007,638.5121654863281,734.683384842457,863.608812857199,-0.3546558431651131,-0.3416154906478096,-20.320282993014626,-19.573125830410337,False,False
1409,23.48100246254985,815.6367223392308,638.7762954667771,737.6954218233795,864.6062174742422,-0.35192511509561447,-0.33233217001772003,-20.163823799634446,-19.041230738439474,False,False
1410,23.497667474943423,818.6613143746354,639.6315717745615,742.8146494071805,866.1735842431424,-0.3429436980547113,-0.3230715575912503,-19.64922650914382,-18.510636730696355,False,False
1411,23.514332487337,821.6894975582902,640.4663700834255,748.8418646206117,867.9904839161735,-0.33396090233955106,-0.3098620788504719,-19.134550226436936,-17.753789349281966,False,False
1412,23.53099749973057,826.5815673915499,641.7698572753793,755.8339906374613,869.9557034258896,-0.31946818064050636,-0.3006455090926125,-18.304178439424007,-17.225718800568714,False,False
1413,23.547662512124152,831.7266092062675,643.081035429994,765.831590001784,872.7151932637987,-0.3042506833128797,-0.27944776412637407,-17.43228006779939,-16.011177478808566,False,False
1414,23.56432752451773,838.5316745627175,644.7220915523942,776.6027055494862,875.4574438436247,-0.28416057411461987,-0.2622183343213962,-16.281201600782147,-15.024003867566423,False,False
1415,23.580992536911307,845.5845892899615,646.3120355196875,789.7559965872127,878.5988587293361,-0.26338147337691414,-0.23586960333565993,-15.090646826434435,-13.514332786558159,False,False
1416,23.597657549304884,854.5580847650391,648.1735707060923,804.6376156707332,881.8013660674414,-0.23700343114618327,-0.21050956212735816,-13.579296334795705,-12.061309457044619,False,False
1417,23.614322561698454,863.5574577905237,649.8609817271697,819.590954909884,884.6820766578567,-0.21061214585048965,-0.1850910126940537,-12.06718707142679,-10.604933853171623,False,False
1418,23.630987574092035,872.4194843677654,651.3488587957227,835.4165667573974,887.3674684186087,-0.1846811454987552,-0.1555137381296577,-10.581450192720153,-8.910280851132091,False,False
1419,23.647652586485613,882.4336042574174,652.8246826687586,853.5374607486237,889.9723431892014,-0.155443034185981,-0.12125102106994652,-8.906229813564485,-6.9471717689597545,False,False
1420,23.66431759887919,892.3376386332941,654.0717522167037,870.256046690361,891.9507199655692,-0.12658835195153484,-0.09256174873423346,-7.252978302339605,-5.303397546821968,False,False
1421,23.680982611272768,903.2573972675231,655.2037296846361,889.2286091319877,893.693127988729,-0.09484026840256567,-0.058755822715724736,-5.433947107354951,-3.366460663429918,False,False
1422,23.697647623666345,914.1325837293201,656.0795447692432,908.136941733789,894.9059509245538,-0.06328458539541783,-0.025099330520067117,-3.6259396513926894,-1.4380857074037434,False,False
1423,23.714312636059923,924.064416248127,656.6612623215367,926.0635232697805,895.5545514091876,-0.034515998291355036,0.008368005512290295,-1.9776210277754043,0.4794513987964422,False,False
1424,23.730977648453496,934.0262080116312,657.036351572333,945.010054156761,895.6853723619859,-0.005703939986723743,0.04599264736156693,-0.32681168783517733,2.635184582451286,False,False
1425,23.747642660847077,943.0067277584983,657.1960328594583,963.0119861654666,895.2586079023878,0.020236428550968837,0.08383664206841225,1.1594619483885544,4.80348575906895,False,False
1426,23.76430767324065,953.0022011650219,657.174992619243,980.0439278591591,894.5412602677857,0.049075034881937,0.11343499180721392,2.8117923781922864,6.499346279654429,False,False
1427,23.78097268563423,961.0002151701545,657.007331154553,997.1758980307605,893.1541498279555,0.07212808419972665,0.15200973782050115,4.132634809008575,8.709516422004885,False,False
1428,23.79763769802781,968.0330442125061,656.7490021501405,1014.1146640228355,891.1641985766014,0.09238453085375133,0.19410609803032508,5.293243710216087,11.121460194890249,False,False
1429,23.814302710421384,974.0820607233617,656.443660873955,1028.2407630110458,889.1254929247491,0.10979765675611355,0.22868682567222143,6.290942332551376,13.102789941262293,False,False
1430,23.83096772281496,980.1434461203042,656.0604079098266,1041.1391714181261,887.0442201032196,0.12723849366332668,0.25817586644781937,7.290228678510688,14.792387519593246,False,False
1431,23.84763273520853,984.2158494368531,655.7593725305824,1054.3326565581358,884.1398300113328,0.1389523814816931,0.2978824088529474,7.961385012192791,17.06740481846432,False,False
1432,23.864297747602112,988.2106341340866,655.4299986688538,1064.6627211877762,881.7684142883307,0.1504403121846297,0.32574520691692616,8.619594956809815,18.66382555295558,False,False
1433,23.88096275999569,990.2955944702458,655.2446648826981,1073.302139379989,879.2623282535733,0.1564351441114215,0.3548510431119779,8.963073525105266,20.331467126131155,False,False
1434,23.897627772389267,991.2938921139754,655.152660859008,1080.1919282781287,876.8983240999312,0.15930530906994125,0.3812827744718882,9.127521863734788,21.8458937782776,False,False
1435,23.914292784782845,991.2938921139754,655.152660859008,1084.674248388712,875.0483385382277,0.15930530906994125,0.40158054010887734,9.127521863734788,23.00887008282275,False,False
1436,23.930957797176426,991.2938921139754,655.152660859008,1086.3672151672706,874.321689792395,0.15930530906994125,0.4092921979262292,9.127521863734788,23.450715528806075,False,False
1437,23.94762280957,989.2967233713438,655.3346055065294,1087.2503953784894,873.2315493591602,0.15356319342862462,0.4224723923857144,8.798522872011288,24.20588504449629,False,False
1438,23.964287821963573,986.2967975861684,655.5920118120905,1085.0798219183166,873.1142270081348,0.1449369441272679,0.42628183119802154,8.304275194015874,24.42414981075482,False,False
1439,23.98095283435715,983.2158886086271,655.8365364411266,1081.1695606157728,873.7334802937573,0.13607635676548357,0.4224723923857144,7.796600934178675,24.20588504449629,False,False
1440,23.997617846750728,979.1437268513968,656.1289539863153,1075.057219539586,874.9316091812482,0.12436243374802015,0.41312883227839925,7.125442583736871,23.670538484720332,False,False
1441,24.014282859144306,974.0820607233617,656.443660873955,1065.7526809552821,877.057571102424,0.10979765675611355,0.39381804183627617,6.290942332551376,22.56411169332511,False,False
1442,24.030947871537883,969.03253121991,656.7038573035084,1055.330919710274,879.474115964682,0.09526231086781406,0.36958637437281755,5.45812835938898,21.175739417104452,False,False
1443,24.04761288393146,962.0307553715297,656.9759704565433,1042.951396382603,881.7555288206371,0.07509713105670654,0.3455555805817102,4.302748663090105,19.79887635452482,False,False
1444,24.064277896325034,955.0024425844957,657.14563910056,1030.2487269820533,883.8877760852013,0.05484219823814296,0.32042253392901726,3.1422264982653907,18.358858855020113,False,False
1445,24.08094290871861,947.0,657.2127408190188,1015.2793161102197,886.1492713062277,0.03176168726298986,0.28984648991161793,1.8198106303837422,16.606980578616902,False,False
1446,24.09760792111219,939.0142942341708,657.1459195083005,1000.2578253453441,888.0641515668253,0.008707940421596918,0.25924884628265926,0.4989282344088741,14.853864735632216,False,False
1447,24.114272933505767,931.0352929248794,656.9456238692264,982.1177012967386,890.322117019095,-0.014350134645127518,0.21548569150556146,-0.8222021506102701,12.346420668726726,False,False
1448,24.130937945899344,922.0752412206706,656.5613878607794,965.0752412206701,891.5613878607795,-0.04027426016522888,0.1809766741610571,-2.3075451304794683,10.36919961974287,False,False
1449,24.14760295829292,913.1415417882744,656.010088976615,947.0670248922443,892.490662377819,-0.06615777292125076,0.14248772198969364,-3.790561170372552,8.16394510244286,False,False
1450,24.1642679706865,904.1545602282922,655.2854597931321,928.1239220072271,892.9816307675728,-0.09223474856833419,0.10050059905462838,-5.284661817415861,5.7582601643666775,False,False
1451,24.180932983080076,894.3006687689955,654.2939810790401,909.3276802674568,892.7225635212992,-0.12087611576146828,0.06294195930737169,-6.9256912770669015,3.606308622596568,False,False
1452,24.19759799547365,886.3406538336519,653.3417831996994,891.3375030141257,892.1911740263615,-0.14405303173110268,0.0209174508193009,-8.253630744256311,1.1984816501184075,False,False
1453,24.214263007867228,877.4253460708327,652.1137230907789,873.4275519050811,890.9819244944155,-0.17005739759384636,-0.01673483927434218,-9.743571157105597,-0.9588356612495801,False,False
1454,24.230928020260805,869.5134423615001,650.879850264731,856.5379723994287,889.4288749520338,-0.19317840272274828,-0.054339757212771005,-11.068307169092007,-3.1134387480573524,False,False
1455,24.247593032654382,861.4585340731765,649.4833943890776,840.5477406045953,887.4681391029234,-0.21676197829480395,-0.08764102844705042,-12.419546515198624,-5.0214610422019765,False,False
1456,24.26425804504796,854.5580847650391,648.1735707060923,824.5567705952211,885.1839526476517,-0.23700343114618327,-0.1259126256857996,-13.579296334795705,-7.21426203920684,False,False
1457,24.28092305744153,848.6391017351327,646.9658806513903,810.6610541733522,882.8295444561297,-0.2543952953751898,-0.1596466696606633,-14.575776752982325,-9.147080384875252,False,False
1458,24.29758806983511,842.5301059380907,645.6372421045094,797.5993294870975,880.2757413485824,-0.27237531030662526,-0.18919902209997028,-15.60595572413578,-10.840305454330686,False,False
1459,24.31425308222869,837.5886360325684,644.5009724799145,786.714608862364,877.9229794961453,-0.28694217583370996,-0.2145928814912245,-16.440575639572344,-12.295266422998203,False,False
1460,24.330918094622263,833.6009268722701,643.5435796273871,777.7723341695213,875.8304028370358,-0.2987131095600497,-0.23586960333565993,-17.11500046301981,-13.514332786558159,False,False
1461,24.347583107015843,830.5565181082917,642.7881972619175,769.8066704405096,873.8367982279075,-0.30770929136930997,-0.2571115358951309,-17.63044371242279,-14.731405870917373,False,False
1462,24.36424811940942,828.6874133842447,642.313888876691,763.7164351804896,872.2111963668988,-0.31323671442161455,-0.2754261036960381,-17.94714172490316,-15.780753309515546,False,False
1463,24.380913131803,826.5815673915499,641.7698572753793,760.6865481870664,871.404015109184,-0.31946818064050636,-0.27944776412637407,-18.304178439424007,-16.011177478808566,False,False
1464,24.39757814419657,826.5815673915499,641.7698572753793,759.7656971057315,871.1377701968441,-0.31946818064050636,-0.28346016365387056,-18.304178439424007,-16.2410710374544,False,False
1465,24.41424315659015,826.5815673915499,641.7698572753793,759.7656971057315,871.1377701968441,-0.31946818064050636,-0.28346016365387056,-18.304178439424007,-16.2410710374544,False,False
1466,24.430908168983727,827.7550256721945,642.0742755202468,762.7840474684394,871.9715830104547,-0.31599524994048656,-0.2754261036960381,-18.105194167771458,-15.780753309515546,False,False
1467,24.447573181377305,829.6212470151543,642.5518655758752,766.5077987216147,872.9660418856213,-0.3104747205151845,-0.2673553955218822,-17.788891131023867,-15.318335793454679,False,False
1468,24.46423819377088,832.6630663347482,643.3131398957165,771.6673410369254,874.2969520891093,-0.3014835685787721,-0.2581758664478233,-17.273736072106562,-14.792387519593472,False,False
1469,24.48090320616446,837.5886360325684,644.5009724799145,779.6464742015918,876.2696198038201,-0.28694217583370996,-0.24497866312686495,-16.440575639572344,-14.036243467926525,False,False
1470,24.49756821855804,842.5301059380907,645.6372421045094,788.5919716362444,878.3703030735861,-0.27237531030662526,-0.2277389919323356,-15.60595572413578,-13.048483068286734,False,False
1471,24.51423323095161,848.4383141596763,646.9235420112304,797.564286989472,880.3455490274613,-0.2549857650643385,-0.2145928814912245,-14.609608174100948,-12.295266422998203,False,False
1472,24.530898243345188,854.5580847650391,648.1735707060923,808.665305869651,882.6258107151377,-0.23700343114618327,-0.1933005786444362,-13.579296334795705,-11.075307333762845,False,False
1473,24.54756325573877,862.421779997492,649.6578804845153,821.5301809637792,885.0339139468584,-0.21393927377512753,-0.17201198762928258,-12.257817459408662,-9.855560916814419,False,False
1474,24.564228268132343,869.3539554511244,650.8535778412585,834.4516630081927,887.1919580976783,-0.19364491044816493,-0.14661956967353776,-11.095036092868629,-8.400682536318032,False,False
1475,24.58089328052592,878.3985842312007,652.2561230460822,849.3823109510643,889.3891150251243,-0.16721617372449346,-0.12175759779046316,-9.580781020739847,-6.976196477044937,False,False
1476,24.597558292919494,886.3406538336519,653.3417831996994,864.3510539953126,891.2292723599109,-0.14405303173110268,-0.09217503755646383,-8.253630744256311,-5.281240628445234,False,False
1477,24.61422330531307,895.283206832162,654.4021219434364,879.2587615344243,892.7657457472791,-0.11801784970880844,-0.06712588820210258,-6.761924695523975,-3.8460300900474835,False,False
1478,24.63088831770665,904.1545602282922,655.2854597931321,895.1646354457234,894.0179067968935,-0.09223474856833419,-0.03763911919939007,-5.284661817415861,-2.1565626747148774,False,False
1479,24.647553330100227,913.1415417882744,656.010088976615,912.1377621889698,894.909633610999,-0.06615777292125076,-0.004201655946873865,-3.790561170372552,-0.24073715272191612,False,False
1480,24.664218342493804,922.0752412206706,656.5613878607794,927.0930763229453,895.4103387290769,-0.04027426016522888,0.021005313472175068,-2.3075451304794683,1.2035158093049203,False,False
1481,24.68088335488738,931.0352929248794,656.9456238692264,943.0654726258973,895.5441879394261,-0.014350134645127518,0.050377507181055485,-0.8222021506102701,2.8864185438644765,False,False
1482,24.69754836728096,939.0142942341708,657.1459195083005,959.0195526411392,895.2084945512299,0.008707940421596918,0.08383664206841225,0.4989282344088741,4.80348575906895,False,False
1483,24.714213379674536,947.0,657.2127408190188,973.0523178435027,894.6896380847973,0.03176168726298986,0.10926768987736651,1.8198106303837422,6.260577467117449,False,False
1484,24.73087839206811,954.0023680182036,657.1613635261531,987.0862360858669,893.7611472827775,0.051958902697934656,0.13892970426308768,2.9770258327225623,7.960085703275605,False,False
1485,24.747543404461688,960.0282631750836,657.0348670261334,1000.1158048642433,892.5491744499498,0.06932756594450332,0.16859693960942743,3.972176932534937,9.65989307844221,False,False
1486,24.764208416855265,966.0732571256245,656.8314281406164,1012.154876935954,891.2466245670773,0.08674109096782066,0.194106098030325,4.9698984228164695,11.121460194890243,False,False
1487,24.78087342924884,970.0801022956751,656.6542865411169,1023.2860570838218,889.5558244816846,0.09827828163130897,0.2245941272166741,5.630930755272088,12.86829559293972,False,False
1488,24.79753844164242,974.13901128118,656.4404202696073,1034.198496198644,887.6694372018447,0.10996155963077912,0.25412474955563313,6.300333275519774,14.56027561935682,False,False
1489,24.814203454036,977.14302537792,656.259800971136,1042.3766084305664,886.0827320335378,0.11860610142762373,0.276568558599287,6.795629036303408,15.846211153755734,False,False
1490,24.83086846642957,979.1437268513968,656.1289539863153,1049.5426503898923,884.4226060325802,0.12436243374802015,0.29911793491163674,7.125442583736871,17.13819524710565,False,False
1491,24.84753347882315,979.1437268513968,656.1289539863153,1055.291967558088,882.569775035162,0.12436243374802015,0.3244030680696438,7.125442583736871,18.586926661485748,False,False
1492,24.86419849121673,979.1437268513968,656.1289539863153,1058.6023897133919,881.4294664051374,0.12436243374802015,0.33905907872732266,7.125442583736871,19.4266542166695,False,False
1493,24.880863503610303,979.1437268513968,656.1289539863153,1060.383928007854,880.793213974544,0.12436243374802015,0.3469776052196524,7.125442583736871,19.880352364642526,False,False
1494,24.89752851600388,978.1435822694779,656.1954192171784,1060.5933610735158,880.4185981598675,0.12148495885793911,0.35236681692456917,6.960575416880356,20.18913145023676,False,False
1495,24.91419352839746,975.1407268142265,656.3823039265492,1057.26600896513,880.7245380948718,0.11284436914991432,0.35091999741042706,6.46550609410636,20.10623479835925,False,False
1496,24.93085854079104,972.134513246345,656.5503711506994,1054.2597953972486,880.8926053190221,0.10419221780971138,0.3509199974104275,5.969774338604273,20.106234798359274,False,False
1497,24.94752355318461,968.0772380164092,656.7470503711581,1048.111601526052,881.8436977420295,0.09251178127275392,0.341615490647806,5.300534622166206,19.573125830410127,False,False
1498,24.964188565578187,964.0682650729674,656.9074064505593,1039.015756927769,883.7484817977602,0.08096647609714933,0.3191050579227909,4.639037362413518,18.283373040253593,False,False
1499,24.980853577971764,959.0267521138463,657.0611671825659,1030.057249728654,885.1591031850488,0.06644160210994088,0.30188561814547443,3.806823384987118,17.29677181543367,False,False
1500,24.997518590365345,953.0148088302395,657.1748338656762,1020.0994909551091,886.4642697850077,0.04911138958027714,0.2846323319793191,2.8138753489726476,16.308231335381517,False,False
1501,25.01418360275892,947.0,657.2127408190188,1008.2435311111733,888.1309728775436,0.03176168726298986,0.25924884628265926,1.8198106303837422,14.853864735632216,False,False
1502,25.030848615152497,940.0122781430093,657.1615782345109,995.3468050791328,889.5665913662319,0.011590247826693597,0.23374318086889892,0.6640722839802179,13.392497753750956,False,False
1503,25.047513627546078,932.0320728181657,656.9779461944538,982.1573802372083,890.5618787671941,-0.011468225850098908,0.21138641644999193,-0.6570809397134981,12.111549508979335,False,False
1504,25.064178639939648,924.064416248127,656.6612623215367,968.2124069807337,891.4483039449484,-0.034515998291355036,0.18586394582193017,-1.9776210277754043,10.649219659244789,False,False
1505,25.080843652333225,917.108223664856,656.2756362732925,953.283906525462,892.4224549466951,-0.054660554651440756,0.15200973782050115,-3.1318190873717358,8.709516422004885,False,False
1506,25.097508664726803,908.1931851482576,655.6322435675094,940.1598770260636,892.3855552875134,-0.08051106025790852,0.1342094473291766,-4.612943956901612,7.689634902745138,False,False
1507,25.11417367712038,901.1919964044797,655.0090807622448,924.2681340968721,892.7936300273343,-0.10084018396637297,0.09674346233893878,-5.777716946595965,5.54299208750402,False,False
1508,25.13083868951396,892.2243131540729,654.0586716120241,909.1744927210896,892.3582549365568,-0.12691818657286524,0.07101011124067805,-7.271876434079132,4.068579676845338,False,False
1509,25.14750370190753,885.3626961496916,653.2154295604325,894.3903399007916,891.9464532006441,-0.14690313296013147,0.03779711649456258,-8.416929515864709,2.1656152529027444,False,False
1510,25.164168714301116,877.4253460708327,652.1137230907789,879.4328521099528,891.006941746108,-0.17005739759384636,0.008403163547645804,-9.743571157105597,0.48146580583828463,False,False
1511,25.180833726694686,870.3235555478407,651.012444491836,866.3424142223134,889.8809240234523,-0.19080905060741943,-0.016665123713941986,-10.93255329270327,-0.9548412538722596,False,False
1512,25.197498739088264,864.3514666986555,650.0012978100556,852.4212874436164,888.6048829108303,-0.20828654178199082,-0.04995839572194426,-11.933939773483354,-2.862405226111833,False,False
1513,25.21416375148184,858.3940400021331,648.9146871797218,839.3825444883643,887.0586836153446,-0.22574677582717398,-0.07966298504578988,-12.934337493582982,-4.564352826537551,False,False
1514,25.23082876387542,852.4541353756808,647.7532249834735,827.4967339622086,885.3476864397263,-0.2431823274671191,-0.10465821607405537,-13.933321016034238,-5.996474072411605,False,False
1515,25.247493776269,848.4383141596763,646.9235420112304,816.60354618555,883.6946288187913,-0.2549857650643385,-0.1336522473171956,-14.609608174100948,-7.657709693713988,False,False
1516,25.264158788662574,844.4272250096653,646.0588222861811,806.6053977344418,881.9475871342831,-0.2667883779067274,-0.1589843719326252,-15.285848077196736,-9.109133520277569,False,False
1517,25.280823801056147,841.5834872826905,645.4238486009514,799.5521771192036,880.5990364204592,-0.2751642007496482,-0.17685613147398063,-15.765747376045365,-10.133109914469893,False,False
1518,25.297488813449725,839.4760549723252,644.9415030363342,793.5832760769371,879.3937430453796,-0.28137579368007076,-0.19330057864443628,-16.121645435011878,-11.07530733376285,False,False
1519,25.314153825843302,838.5316745627175,644.7220915523942,788.6112054684116,878.3498869137434,-0.28416057411461987,-0.21050956212735816,-16.281201600782147,-12.061309457044619,False,False
1520,25.33081883823688,837.5886360325684,644.5009724799145,785.5516972461352,877.6664866575841,-0.28694217583370996,-0.2195776234975409,-16.440575639572344,-12.580871101921707,False,False
1521,25.347483850630457,837.5886360325684,644.5009724799145,783.650501730722,877.2340334489912,-0.28694217583370996,-0.2277389919323356,-16.440575639572344,-13.048483068286734,False,False
1522,25.364148863024035,837.5886360325684,644.5009724799145,783.650501730722,877.2340334489912,-0.28694217583370996,-0.2277389919323356,-16.440575639572344,-13.048483068286734,False,False
1523,25.38081387541761,839.4760549723252,644.9415030363342,786.487194886972,877.8925294493013,-0.28137579368007076,-0.22366209548092866,-16.121645435011878,-12.814894108109256,False,False
1524,25.397478887811182,842.5301059380907,645.6372421045094,790.4931671516575,878.802756282179,-0.27237531030662526,-0.2195776234975409,-15.60595572413578,-12.580871101921707,False,False
1525,25.414143900204763,845.3777064901207,646.2669937512111,796.4132968599519,880.0970315769127,-0.2639903872604086,-0.2064191049215579,-15.125535022045586,-11.826943522873387,False,False
1526,25.43080891259834,848.4383141596763,646.9235420112304,802.5455352642882,881.3757820202759,-0.2549857650643385,-0.1933005786444362,-14.609608174100948,-11.075307333762845,False,False
1527,25.44747392499192,853.4108816318741,647.9455918406294,810.5872185217978,882.9777893749985,-0.2403721173265729,-0.18022635585275623,-13.772307835436076,-10.326209547385835,False,False
1528,25.464138937385496,858.3940400021331,648.9146871797218,819.4428060065597,884.6195903324184,-0.22574677582717398,-0.16377410783361765,-12.934337493582982,-9.383565172386726,False,False
1529,25.480803949779077,864.3514666986555,650.0012978100556,829.4491742557237,886.3396780664754,-0.20828654178199082,-0.14661956967353776,-11.933939773483354,-8.400682536318032,False,False
1530,25.49746896217265,870.3235555478407,651.012444491836,840.3222413780227,888.0228264333955,-0.19080905060741943,-0.1259126256857996,-10.93255329270327,-7.21426203920684,False,False
1531,25.514133974566224,877.281693742529,652.092530943447,851.3375457766078,889.5812700161077,-0.1704768214749694,-0.10881220481724602,-9.767602375320944,-6.234480095541282,False,False
1532,25.5307989869598,884.255984055156,653.069961488904,864.3338463677666,891.1395068532045,-0.15012917683964794,-0.08348749226241547,-8.601768214685013,-4.783480948767523,False,False
1533,25.54746399935338,892.2243131540729,654.0586716120241,877.1973016556108,892.4872540542831,-0.12691818657286524,-0.06294195930737505,-7.271876434079132,-3.6063086225967607,False,False
1534,25.56412901174696,899.1205288153394,654.804755914552,890.1306040327706,893.5372029183134,-0.10686003375448881,-0.03763911919939007,-6.122628932757726,-2.1565626747148774,False,False
1535,25.58079402414053,907.1221264784682,655.543641744268,903.1243323127167,894.4118431479046,-0.08361940828501864,-0.01673483927434218,-4.791039180112837,-0.9588356612495801,False,False
1536,25.59745903653411,914.1325837293201,656.0795447692432,916.1400897684402,894.9727634245723,-0.06328458539541783,0.008403163547645804,-3.6259396513926894,0.48146580583828463,False,False
1537,25.614124048927685,922.0752412206706,656.5613878607794,929.0987232569232,895.3597770933839,-0.04027426016522888,0.02940328820400327,-2.3075451304794683,1.6846843178961857,False,False
1538,25.630789061321263,929.0423735705168,656.8747462940548,942.072200476761,895.4208081160714,-0.020113316318249072,0.05456762350389261,-1.1524081370472796,3.12649452483192,False,False
1539,25.64745407371484,935.9980190670129,657.0859004577165,956.0032774739813,895.148475500646,-5.723818810374211e-06,0.08383664206841225,-0.00032795066053203394,4.80348575906895,False,False
1540,25.664119086108418,941.9980448025053,657.1865258409989,967.0595952614476,894.7700241917764,0.017324315866118333,0.1050965741319275,0.9926101820801099,6.021590139043229,False,False
1541,25.680784098501995,948.0004437990292,657.2116921369436,979.1143158818875,894.0785892838677,0.034648284546732036,0.13060816994581242,1.9852004718960963,7.483296907822454,False,False
1542,25.69744911089557,953.0148088302395,657.1748338656762,990.0177264406068,893.1934434885625,0.04911138958027714,0.15551373812965427,2.8138753489726476,8.910280851131894,False,False
1543,25.71411412328915,958.0250820144047,657.0853671687863,999.2558146707397,892.402231597628,0.0635548952962277,0.17345298478669965,3.641427267869695,9.938123972224766,False,False
1544,25.730779135682724,962.0623675755273,656.9749732250317,1007.1783221599078,891.5779370638122,0.07518820311043935,0.18998828791871405,4.307966707400583,10.885527054658642,False,False
1545,25.7474441480763,964.0682650729674,656.9074064505593,1016.1052038593998,890.072920628229,0.08096647609714933,0.21957762349753754,4.639037362413518,12.580871101921515,False,False
1546,25.76410916046988,967.0753805634457,656.7902883818344,1021.23408285113,889.4721204326286,0.0896269433031844,0.2286868256722219,5.135245581930783,13.102789941262321,False,False
1547,25.780774172863456,968.1216177452673,656.7450862503176,1027.2418990651954,888.2160181978358,0.09263956656158934,0.250065089251352,5.3078561799003365,14.327674217664716,False,False
1548,25.797439185257037,968.1216177452673,656.7450862503176,1030.9808010288325,887.2287582900592,0.09263956656158934,0.26625204915092276,5.3078561799003365,15.255118703057628,False,False
1549,25.81410419765061,968.0772380164092,656.7470503711581,1033.3108210690555,886.56998143356,0.09251178127275392,0.2765685585992865,5.300534622166206,15.846211153755705,False,False
1550,25.83076921004419,968.1216177452673,656.7450862503176,1033.0925959490214,886.6423937405257,0.09263956656158934,0.27542610369603415,5.3078561799003365,15.78075330951532,False,False
1551,25.84743422243776,966.0732571256245,656.8314281406164,1033.157939250494,886.1208640599478,0.08674109096782066,0.2846323319793191,4.9698984228164695,16.308231335381517,False,False
1552,25.86409923483134,964.0682650729674,656.9074064505593,1030.2290109202722,886.4651458298456,0.08096647609714933,0.2806051304247445,4.639037362413518,16.07748968305587,False,False
1553,25.88076424722492,961.0296019924189,657.006467742246,1026.2631850450653,886.8293988046478,0.07221275338185393,0.276568558599287,4.137485995799293,15.846211153755734,False,False
1554,25.89742925961849,957.0232660929629,657.1074660250347,1021.9942442967172,887.0047735152427,0.06066747897193206,0.27542610369603465,3.4759904987903774,15.78075330951535,False,False
1555,25.914094272012072,953.0148088302395,657.1748338656762,1013.0742937477035,888.4038507979136,0.04911138958027714,0.2541247495556327,2.8138753489726476,14.560275619356796,False,False
1556,25.93075928440565,949.0050778507949,657.2085284891839,1005.0610891653214,889.4405753636531,0.03754663708153021,0.23684876094691787,2.1512638396810755,13.570434385161349,False,False
1557,25.947424296799223,943.9924164081907,657.2032632337484,995.0748247800499,890.579756383617,0.02308180723188505,0.21548569150556146,1.3224901379215548,12.346420668726726,False,False
1558,25.9640893091928,937.9975883025654,657.1278199640321,986.2011395324708,891.115891559201,0.00577118049958904,0.20316631194892304,0.3306642854346539,11.640572213911597,False,False
1559,25.980754321586375,932.000724483367,656.9769614289312,975.0007244833665,891.9769614289313,-0.011558854635776305,0.1809766741610571,-0.6622735866352086,10.36919961974287,False,False
1560,25.99741933397996,925.0135604238068,656.7059853565534,964.9359928942051,892.2483369319049,-0.031769028289414136,0.1678959232503737,-1.8202312402151473,9.619727799698802,False,False
1561,26.014084346373533,918.0405371554865,656.3332336838962,952.1068553663747,892.7935600888865,-0.05195937143419266,0.14308329366815536,-2.9770526893318507,8.198068846016238,False,False
1562,26.03074935876711,911.0860812842412,655.8594229838029,941.0873954540584,892.8698049253625,-0.07211840278120009,0.12591262568579625,-4.1320801045873035,7.214262039206648,False,False
1563,26.047414371160688,904.1545602282922,655.2854597931321,929.2161106872345,892.8689581439096,-0.09223474856833419,0.1050965741319275,-5.284661817415861,6.021590139043229,False,False
1564,26.06407938355426,897.1468919848135,654.6015883045759,916.1583874985814,892.7455847401989,-0.11259776965577077,0.07966298504578605,-6.4513769838618735,4.564352826537331,False,False
1565,26.08074439594784,891.2418680076489,653.9441219349847,904.2716949138932,892.4901837570012,-0.1297779137243497,0.05456762350389261,-7.435726730418161,3.12649452483192,False,False
1566,26.097409408341417,884.255984055156,653.069961488904,892.2482160098995,891.8378911368816,-0.15012917683964794,0.033460310449647944,-8.601768214685013,1.917134569962313,False,False
1567,26.114074420734998,877.281693742529,652.092530943447,881.2794879082796,890.9607323470835,-0.1704768214749694,0.016734839274338373,-9.767602375320944,0.958835661249362,False,False
1568,26.13073943312857,872.2656719355841,651.324495659583,870.2665649139299,890.217784747234,-0.1851307476975307,-0.008368005512293625,-10.607210501169792,-0.47945139879663307,False,False
1569,26.14740444552215,866.4511194428073,650.3656852290387,860.4554774472762,889.1920913843494,-0.20213897151214816,-0.025099330520067117,-11.58170994276127,-1.4380857074037434,False,False
1570,26.164069457915726,861.4585340731765,649.4833943890776,850.428635483049,888.1302911572768,-0.21676197829480395,-0.046185619658880184,-12.419546515198624,-2.6462410806502796,False,False
1571,26.1807344703093,857.4333498375444,648.7321358501849,841.4756526536564,887.1002375345071,-0.22856487736081116,-0.06684586440739786,-13.095802817699738,-3.829985908447665,False,False
1572,26.19739948270288,854.3688030076551,648.1361568430336,832.4704352081604,886.0320615739013,-0.23755917387406073,-0.09179153515222707,-13.61113804759817,-5.259267559249348,False,False
1573,26.21406449509645,851.3031267434934,647.5190995552248,825.3589787775722,885.0078386278856,-0.24656409361778697,-0.10881220481724602,-14.127081943767712,-6.234480095541282,False,False
1574,26.230729507490032,849.3920327971493,647.1238430422143,819.3907186273314,884.1342249837737,-0.25218139071984785,-0.1259126256857996,-14.448929359986867,-7.21426203920684,False,False
1575,26.24739451988361,847.4858275387194,646.7214688434061,815.5191356609126,883.47478056341,-0.2577872544960509,-0.13420944732917997,-14.770121694888571,-7.689634902745331,False,False
1576,26.264059532277187,847.4858275387194,646.7214688434061,811.4599384759559,882.8911860326289,-0.2577872544960509,-0.1513754437340289,-14.770121694888571,-8.673174047879918,False,False
1577,26.28072454467076,846.5345826883752,646.5176308826935,809.5316650780071,882.5362405055796,-0.2605858326586193,-0.1555137381296577,-14.930468412241218,-8.910280851132091,False,False
1578,26.29738955706434,847.4858275387194,646.7214688434061,809.5077799769389,882.5851326481455,-0.2577872544960509,-0.1596466696606633,-14.770121694888571,-9.147080384875252,False,False
1579,26.31405456945792,848.4383141596763,646.9235420112304,809.487080164103,882.628445163927,-0.2549857650643385,-0.16377410783361765,-14.609608174100948,-9.383565172386726,False,False
1580,26.330719581851493,850.5442084006654,647.3631139349208,811.592974405092,883.0680170876174,-0.2487944395561484,-0.16377410783361765,-14.254871352889966,-9.383565172386726,False,False
1581,26.34738459424507,852.4541353756808,647.7532249834735,816.4282463129174,883.9229421726963,-0.2431823274671191,-0.1513754437340289,-13.933321016034238,-8.673174047879918,False,False
1582,26.36404960663865,855.5153619665364,648.3615708017537,820.4683546550524,884.6785343877578,-0.23419323258333746,-0.14723191804075939,-13.41828381755091,-8.435767513351557,False,False
1583,26.380714619032226,859.3558472033801,649.0954087182721,827.5210792292538,885.866495525833,-0.22292609537367689,-0.1336522473171956,-12.772724408242553,-7.657709693713988,False,False
1584,26.3973796314258,863.3860944154587,649.8305170940894,835.3563663729697,887.0821437394384,-0.21111411878085604,-0.1175983406109786,-12.0959480017666,-6.737888594750984,False,False
1585,26.414044643819377,868.3853421142632,650.6928250627033,842.3330242707596,888.1697223284816,-0.1964785366709304,-0.10926768987737036,-11.257390916150689,-6.2605774671176695,False,False
1586,26.430709656212954,873.2381660348018,651.4776684532264,851.3397982353072,889.3735731840941,-0.18228836380032049,-0.09179153515222707,-10.4443539001037,-5.259267559249348,False,False
1587,26.44737466860653,878.2568556461255,652.2355133874859,861.3066760791079,890.5350967120185,-0.16762989090152716,-0.07101011124068188,-9.604485268895944,-4.068579676845557,False,False
1588,26.46403968100011,884.255984055156,653.069961488904,870.2271959196207,891.5593597929969,-0.15012917683964794,-0.05875582271572426,-8.601768214685013,-3.366460663429891,False,False
1589,26.480704693393687,890.2601411080614,653.8275935537343,881.2324973569605,892.5586171939458,-0.13263611488520263,-0.0377971164945664,-7.599489593934426,-2.1656152529029633,False,False
1590,26.497369705787264,897.1468919848135,654.6015883045759,892.1500428043389,893.450979131238,-0.11259776965577077,-0.02091745081930423,-6.4513769838618735,-1.1984816501185984,False,False
1591,26.51403471818084,903.1664665998868,655.1953507239534,902.1668868415439,894.0949129678108,-0.09510437088146986,-0.004184076002076237,-5.449079064755104,-0.23972989608093903,False,False
1592,26.530699730574412,909.103117116653,655.7056088251702,913.1009112824037,894.5738102288068,-0.07787077990431979,0.016734839274338373,-4.461667035909668,0.958835661249362,False,False
1593,26.547364742967996,916.0514629100747,656.2081352223978,924.0436948648182,894.9760648703755,-0.05772278949354224,0.03346031044964793,-3.3072722197020608,1.9171345699623121,False,False
1594,26.56402975536157,922.0231310494455,656.5586595765801,934.0533107504634,895.1572236467798,-0.04042513219644476,0.050377507181055485,-2.3161894611147043,2.8864185438644765,False,False
1595,26.580694767755148,928.006587653067,656.8346152361628,945.0276256954601,895.1291478296728,-0.0231092811800502,0.07130746478528843,-1.324064279197979,4.085616779974768,False,False
1596,26.597359780148725,932.9997848298455,657.007331154553,954.9893846681839,894.8948203147645,-0.008670741086969403,0.09217503755646,-0.4967968695340227,5.281240628445015,False,False
1597,26.6140247925423,937.9975883025654,657.1278199640321,964.0499061460681,894.6047172298106,0.00577118049958904,0.10926768987736651,0.3306642854346539,6.260577467117449,False,False
1598,26.63068980493588,942.9983567066216,657.1959627353867,973.1247777337555,894.1904748155104,0.020212262440998892,0.1264404972583878,1.1580773322800275,7.244506852441077,False,False
1599,26.64735481732945,947.0,657.2127408190188,980.9254831039699,893.6933142202229,0.03176168726298986,0.14248772198969364,1.8198106303837422,8.16394510244286,False,False
1600,26.66401982972303,951.0100495140246,657.1958921689237,988.166625309625,893.1903600599016,0.04332996133214068,0.156164814072781,2.482623910796715,8.947584754815555,False,False
1601,26.68068484211661,954.0170756979921,657.161147463463,994.1046173871518,892.6754548872793,0.05200130833095116,0.16859693960942743,2.9794554965219886,9.65989307844221,False,False
1602,26.697349854510183,956.0213175753611,657.1274628746542,1000.1693083079679,891.9145044980659,0.05777938665385025,0.18586394582193064,3.310514998120135,10.649219659244816,False,False
1603,26.714014866903764,957.0443583672336,657.1070224435924,1003.1259781775631,891.5222188700534,0.06072827376757409,0.194106098030325,3.479473783997026,11.121460194890243,False,False
1604,26.730679879297337,958.0482802854942,657.0848305099767,1006.054168462722,891.1135353739644,0.063621753503092,0.2023216283783019,3.645257960948832,11.592175410290965,False,False
1605,26.747344891690915,958.0482802854942,657.0848305099767,1007.9687493797993,890.712625871326,0.063621753503092,0.2105095621273547,3.645257960948832,12.06130945704442,False,False
1606,26.76400990408449,958.0482802854942,657.0848305099767,1008.1735877045368,890.668763082717,0.063621753503092,0.21138641644999193,3.645257960948832,12.111549508979335,False,False
1607,26.78067491647807,958.0250820144047,657.0853671687863,1008.356876529355,890.6248937181583,0.0635548952962277,0.2122704957160886,3.641427267869695,12.162203519681698,False,False
1608,26.797339928871647,956.0213175753611,657.1274628746542,1006.1466249944036,890.7113954473945,0.05777938665385025,0.21138641644999193,3.310514998120135,12.111549508979335,False,False
1609,26.814004941265225,953.0148088302395,657.1748338656762,1002.1804839410534,890.9626359232213,0.04911138958027714,0.20727991668300477,2.8138753489726476,11.876264403759516,False,False
1610,26.8306699536588,951.0100495140246,657.1958921689237,998.2490256671474,891.3806037365338,0.04332996133214068,0.1990457233685597,2.482623910796715,11.404479879146974,False,False
1611,26.847334966052376,947.0,657.2127408190188,993.8524689440567,891.4750855393049,0.03176168726298986,0.19739555984987853,1.8198106303837422,11.309932474020085,False,False
1612,26.863999978445957,943.9924164081907,657.2032632337484,986.0237265716768,892.3784510532564,0.02308180723188505,0.17685613147397727,1.3224901379215548,10.133109914469701,False,False
1613,26.88066499083953,938.9975574155043,657.14563910056,979.085099104664,892.6599465243763,0.008659599165588653,0.16859693960942743,0.4961584844632391,9.65989307844221,False,False
1614,26.897330003233108,934.9984452391423,657.061801744095,972.0013628495095,893.0804113669813,-0.0028941419117870463,0.15551373812965427,-0.16582211685732115,8.910280851131894,False,False
1615,26.91399501562669,930.0032090045568,656.909959107437,962.1029126356133,893.6452733864822,-0.017334540895229237,0.13477128447772913,-0.993196033093563,7.721825800130862,False,False
1616,26.930660028020263,925.0135604238068,656.7059853565534,954.0298337039424,893.8389773355956,-0.031769028289414136,0.12175759779045933,-1.8202312402151473,6.976196477044717,False,False
1617,26.94732504041384,919.0356492243028,656.3926900002705,944.9797971902232,893.8814290729314,-0.049076686950509846,0.10881220481724266,-2.8118870347489766,6.234480095541089,False,False
1618,26.96399005280741,913.0709181358008,656.005060271267,934.1568050365474,893.974355293984,-0.06636254021522565,0.08837678614484717,-3.802293472099628,5.063616853029992,False,False
1619,26.98065506520099,907.1221264784682,655.543641744268,924.1431645208613,893.838174337778,-0.08361940828501864,0.07130746478528843,-4.791039180112837,4.085616779974768,False,False
1620,26.99732007759457,901.0966506066671,654.9998763310087,915.1254387422016,893.4892746351018,-0.10111721533360302,0.058755822715720905,-5.793589674730986,3.3664606634296987,False,False
1621,27.013985089988147,896.1610360824809,654.4969965635116,904.1868110240401,893.2638010749165,-0.11546465110923557,0.03360079441599073,-6.615637191509737,1.9251837083230126,False,False
1622,27.030650102381724,890.2601411080614,653.8275935537343,894.2747279948418,892.6955133172064,-0.13263611488520263,0.016805140515039393,-7.599489593934426,0.9628636256360638,False,False
1623,27.0473151147753,885.1069888631503,653.1820528849481,886.1024037782902,892.0816325186233,-0.14764844760061718,0.00416664255426186,-8.459632899173851,0.2387310330988137,False,False
1624,27.063980127168875,879.232897743246,652.3765657309036,876.2343684345589,891.2594006562807,-0.1647810088096284,-0.012551642069569238,-9.441256348699744,-0.7191561165451673,False,False
1625,27.080645139562453,874.3616029698154,651.652057428869,868.3659609742842,890.4784635841797,-0.1790056016860206,-0.025099330520067117,-10.256265485808873,-1.4380857074037434,False,False
1626,27.09731015195603,870.3235555478407,651.012444491836,862.3313235930964,889.7803741398136,-0.19080905060741943,-0.033460310449651275,-10.93255329270327,-1.917134569962504,False,False
1627,27.113975164349608,866.2853420270801,650.3372662125707,854.305370965884,888.9383565147169,-0.2026242364307586,-0.05016707685414103,-11.609513574543408,-2.87436177425072,False,False
1628,27.130640176743185,862.421779997492,649.6578804845153,848.3929918619567,888.1472787886082,-0.21393927377512753,-0.05875582271572426,-12.257817459408662,-3.366460663429891,False,False
1629,27.14730518913676,860.3187610203031,649.2742937866346,843.3685814532855,887.5738771111672,-0.22010286397794682,-0.07101011124068188,-12.61096516467839,-4.068579676845557,False,False
1630,27.16397020153034,857.4333498375444,648.7321358501849,838.4218543237755,886.8761322858078,-0.22856487736081116,-0.07966298504578988,-13.095802817699738,-4.564352826537551,False,False
1631,27.180635213923917,855.3278893709733,648.3249129961158,835.322630964004,886.3874880390451,-0.23474352438987156,-0.0838366420684161,-13.449813215565943,-4.80348575906917,False,False
1632,27.19730022631749,855.3278893709733,648.3249129961158,833.3382895326339,886.2124021563272,-0.23474352438987156,-0.09217503755646383,-13.449813215565943,-5.281240628445234,False,False
1633,27.21396523871107,854.3688030076551,648.1361568430336,832.3792031693157,886.0236460032451,-0.23755917387406073,-0.09217503755646383,-13.61113804759817,-5.281240628445234,False,False
1634,27.23063025110465,854.3688030076551,648.1361568430336,832.3792031693157,886.0236460032451,-0.23755917387406073,-0.09217503755646383,-13.61113804759817,-5.281240628445234,False,False
1635,27.247295263498224,854.3688030076551,648.1361568430336,833.3708264037236,886.1132250209166,-0.23755917387406073,-0.08800737352774314,-13.61113804759817,-5.042451069171049,False,False
1636,27.2639602758918,856.2881305203449,648.511853356461,835.2901539164135,886.488921534344,-0.23192519632584813,-0.08800737352774314,-13.288334912214125,-5.042451069171049,False,False
1637,27.28062528828537,858.3940400021331,648.9146871797218,838.3887815951639,886.9772622226512,-0.22574677582717398,-0.08383664206841605,-12.934337493582982,-4.803485759069168,False,False
1638,27.297290300678952,860.3187610203031,649.2742937866346,844.3610638364152,887.6423954709568,-0.22010286397794682,-0.06684586440739786,-12.61096516467839,-3.829985908447665,False,False
1639,27.31395531307253,863.3860944154587,649.8305170940894,848.3590829169966,888.2590995363483,-0.21111411878085604,-0.06294195930737505,-12.0959480017666,-3.6063086225967607,False,False
1640,27.330620325466107,867.2538234969674,650.5024413678925,854.2783535348959,889.0514660551953,-0.19978956579433427,-0.054339757212771005,-11.44709891076663,-3.1134387480573524,False,False
1641,27.347285337859685,871.294131398071,651.1694190620052,861.3069845928534,889.8622277066961,-0.18797098651900465,-0.041816613207519046,-10.76994419844946,-2.3959154503218576,False,False
1642,27.363950350253265,875.1859701226293,651.7782796110607,868.1918498002843,890.5775306168304,-0.17659728011185588,-0.029280332345779234,-10.118278823898933,-1.6776394661535394,False,False
1643,27.38061536264684,879.232897743246,652.3765657309036,875.2351035774944,891.2447671345402,-0.1647810088096284,-0.01673483927434218,-9.441256348699744,-0.9588356612495801,False,False
1644,27.397280375040413,884.255984055156,653.069961488904,885.2597636544597,891.969506123288,-0.15012917683964794,0.004201655946870058,-8.601768214685013,0.240737152721698,False,False
1645,27.41394538743399,889.1594101182402,653.6944861006195,892.1579394269265,892.5773210259966,-0.13584146159250352,0.012551642069565907,-7.783142432138922,0.7191561165449765,False,False
1646,27.430610399827568,895.1758381219583,654.3904048836132,902.1699584443026,893.1896558893828,-0.11833016544988367,0.029280332345775904,-6.779819069363087,1.6776394661533487,False,False
1647,27.447275412221146,901.0966506066671,654.9998763310087,911.083797411884,893.6926849756996,-0.10111721533360302,0.041816613207515715,-5.793589674730986,2.3959154503216666,False,False
1648,27.463940424614723,905.0559538874485,655.3658559422502,920.0829653859098,893.7944383845092,-0.08961736817971283,0.06294195930737169,-5.134696967767546,3.606308622596568,False,False
1649,27.4806054370083,911.0860812842412,655.8594229838029,929.1028197450773,894.0807426326409,-0.07211840278120009,0.07548654493392189,-4.1320801045873035,4.325060434738369,False,False
1650,27.49727044940188,916.0514629100747,656.2081352223978,938.133054853007,894.0871029712634,-0.05772278949354224,0.09256174873423009,-3.3072722197020608,5.303397546821774,False,False
1651,27.51393546179545,921.0269590480535,656.5054051568654,947.0792768915562,893.9823024226439,-0.04330953390290338,0.10926768987736651,-2.4814535053151157,6.260577467117449,False,False
1652,27.53060047418903,926.0109648312402,656.7509416904014,954.0406928737285,894.0025683357505,-0.02888280590898458,0.11759834061097522,-1.6548628790803317,6.737888594750792,False,False
1653,27.547265486582607,931.001861512683,656.9445036531406,961.9866643691123,893.8283190393933,-0.014446799151882395,0.13006328750101134,-0.8277406188760384,7.452077443404582,False,False
1654,27.563930498976184,934.9984452391423,657.061801744095,968.2203789308847,893.6422386398398,-0.0028941419117870463,0.1395132688929477,-0.16582211685732115,7.993521493639699,False,False
1655,27.58059551136976,937.9975883025654,657.1278199640321,975.1541640981659,893.1222878550101,0.00577118049958904,0.156164814072781,0.3306642854346539,8.947584754815555,False,False
1656,27.59726052376334,941.9875376513921,657.1864155874555,980.9387716469647,892.8913187401522,0.017293979338582566,0.1637741078336143,0.990872027087228,9.383565172386533,False,False
1657,27.613925536156916,943.9924164081907,657.2032632337484,985.0528926649846,892.5498954373245,0.02308180723188505,0.17272951082565063,1.3224901379215548,9.896671967669045,False,False
1658,27.63059054855049,947.0,657.2127408190188,989.0313101634861,892.3879286385268,0.03176168726298986,0.17685613147397727,1.8198106303837422,10.133109914469701,False,False
1659,27.647255560944068,948.0025455624498,657.2116877261026,991.9690484430887,892.0327826567898,0.03465434844808034,0.18509101269405026,1.9855479078507376,10.604933853171426,False,False
1660,27.663920573337645,949.0050778507949,657.2085284891839,993.1530685834016,891.9955701125956,0.03754663708153021,0.18586394582193017,2.1512638396810755,10.649219659244789,False,False
1661,27.680585585731222,950.0075835918093,657.2032632337484,994.155574324416,891.9903048571601,0.040438519316142986,0.18586394582193017,2.316956486573249,10.649219659244789,False,False
1662,27.6972505981248,950.0075835918093,657.2032632337484,994.155574324416,891.9903048571601,0.040438519316142986,0.18586394582193017,2.316956486573249,10.649219659244789,False,False
1663,27.713915610518377,950.0075835918093,657.2032632337484,992.2129202906183,892.3472819842584,0.040438519316142986,0.17759616728348587,2.316956486573249,10.17551084304309,False,False
1664,27.73058062291195,948.0025455624498,657.2116877261026,990.2078822612588,892.3557064766126,0.03465434844808034,0.17759616728348587,1.9855479078507376,10.17551084304309,False,False
1665,27.74724563530553,945.9974544375502,657.2116877261026,988.0287646010363,892.3868755456106,0.02886868739852996,0.17685613147397727,1.6540539480182708,10.133109914469701,False,False
1666,27.763910647699102,943.9924164081907,657.2032632337484,983.1049667935291,892.8814514530964,0.02308180723188505,0.16445854639927776,1.3224901379215548,9.422780613535037,False,False
1667,27.780575660092683,940.9851911697605,657.1748338656762,979.1207379470513,893.0130836726087,0.014399794874559233,0.1603144609293119,0.8250474721663588,9.185342006164506,False,False
1668,27.79724067248626,937.9786824246389,657.1274628746542,973.0256897361221,893.4444264606584,0.005716567111662044,0.14723191804075603,0.32753516880152633,8.435767513351365,False,False
1669,27.81390568487984,934.9732478861537,657.0611671825659,966.9399397639596,893.8144789025699,-0.002966958440973771,0.1342094473291766,-0.16999419665851165,7.689634902745138,False,False
1670,27.830570697273416,930.0032090045568,656.909959107437,960.004523174374,893.9203410489965,-0.017334540895229237,0.12591262568579625,-0.993196033093563,7.214262039206648,False,False
1671,27.84723570966699,926.0109648312402,656.7509416904014,953.0526915253774,894.1172093389441,-0.02888280590898458,0.11343499180721392,-1.6548628790803317,6.499346279654429,False,False
1672,27.863900722060567,921.0269590480535,656.5054051568654,945.0964329053779,894.191459497947,-0.04330953390290338,0.10092178466729253,-2.4814535053151157,5.782392322363965,False,False
1673,27.880565734454144,916.0514629100747,656.2081352223978,938.133054853007,894.0871029712634,-0.05772278949354224,0.09256174873423009,-3.3072722197020608,5.303397546821774,False,False
1674,27.89723074684772,912.0053010805509,655.9279053045084,929.026339122944,894.2224378980184,-0.06945250141431775,0.07130746478528843,-3.9793352076667876,4.085616779974768,False,False
1675,27.9138957592413,907.0389362773968,655.536658298977,921.0677244129313,894.02605660307,-0.08386086131675466,0.05875582271572093,-4.804873419781949,3.3664606634297005,False,False
1676,27.93056077163488,902.0856125609175,655.0944093556269,913.1155111510441,893.7413061238261,-0.09824398105705073,0.04618561965887638,-5.6289654771322155,2.6462410806500616,False,False
1677,27.94722578402845,897.1468919848135,654.6015883045759,904.1703740210661,893.3999775371803,-0.11259776965577077,0.02940328820400327,-6.4513769838618735,1.6846843178961857,False,False
1678,27.963890796422028,892.1105199643196,654.0455093990582,896.1083141300702,892.9137108026948,-0.12724938997746907,0.016734839274338373,-7.290852991323296,0.958835661249362,False,False
1679,27.980555808815605,887.1957167438716,653.4505757776842,888.1952965022135,892.3501380215416,-0.14156156525857602,0.00418407600207243,-8.110880230582186,0.23972989608072093,False,False
1680,27.997220821209183,883.1456380546001,652.9213681581177,881.1548600659207,891.8147267995831,-0.1533665758714689,-0.008333140440138031,-8.787257515808093,-0.4774537773096984,False,False
1681,28.01388583360276,879.232897743246,652.3765657309036,873.2120799415922,891.2023385298193,-0.1647810088096284,-0.02520474532694382,-9.441256348699744,-1.444125530935965,False,False
1682,28.030550845996338,875.1859701226293,651.7782796110607,867.193738167885,890.5462092590383,-0.17659728011185588,-0.033460310449651275,-10.118278823898933,-1.917134569962504,False,False
1683,28.047215858389915,872.2656719355841,651.324495659583,862.2785251303665,890.0173043042739,-0.1851307476975307,-0.041816613207519046,-10.607210501169792,-2.3959154503218576,False,False
1684,28.06388087078349,869.193819639496,650.8271426943318,857.2138485782999,889.428232996478,-0.19411333403162026,-0.05016707685414103,-11.121874787225014,-2.87436177425072,False,False
1685,28.080545883177063,866.2853420270801,650.3372662125707,853.3098720650087,888.8862908998735,-0.2026242364307586,-0.054339757212771005,-11.609513574543408,-3.1134387480573524,False,False
1686,28.097210895570644,864.3514666986555,650.0012978100556,849.3244552001934,888.4298802523145,-0.20828654178199082,-0.06294195930737505,-11.933939773483354,-3.6063086225967607,False,False
1687,28.11387590796422,863.2140369589222,649.7998641946155,847.2563397750342,888.1679658789376,-0.21161814635769022,-0.06684586440739786,-12.124826654677404,-3.829985908447665,False,False
1688,28.1305409203578,862.2478664846601,649.6265280673549,845.2268284422661,887.9210606608649,-0.21444886108634031,-0.07130746478529222,-12.287014661634574,-4.085616779974985,False,False
1689,28.147205932751376,862.2478664846601,649.6265280673549,844.3060858003234,887.8535049315949,-0.21444886108634031,-0.07517189263511177,-12.287014661634574,-4.307032186002461,False,False
1690,28.163870945144957,862.2478664846601,649.6265280673549,844.3060858003234,887.8535049315949,-0.21444886108634031,-0.07517189263511177,-12.287014661634574,-4.307032186002461,False,False
1691,28.180535957538527,862.2478664846601,649.6265280673549,846.2901693007722,887.994629751677,-0.21444886108634031,-0.06684586440739786,-12.287014661634574,-3.829985908447665,False,False
1692,28.197200969932105,863.2140369589222,649.7998641946155,849.243745539504,888.2926962832477,-0.21161814635769022,-0.05851054432966957,-12.124826654677404,-3.3524072471031765,False,False
1693,28.21386598232568,865.3178861545684,650.1702162810209,851.2890980190332,888.6596145851138,-0.20545657140487528,-0.05875582271572426,-11.771794414727589,-3.366460663429891,False,False
1694,28.23053099471926,867.2538234969674,650.5024413678925,855.2738524357712,889.1035316700387,-0.19978956579433427,-0.05016707685414103,-11.44709891076663,-2.87436177425072,False,False
1695,28.24719600711284,869.3539554511244,650.8535778412585,859.3249196408477,889.5446301258303,-0.19364491044816493,-0.041992107221371894,-11.095036092868629,-2.405970516645436,False,False
1696,28.26386101950641,872.2656719355841,651.324495659583,864.2734399808398,890.0924253075606,-0.1851307476975307,-0.033460310449651275,-10.607210501169792,-1.917134569962504,False,False
1697,28.28052603189999,876.1612575683631,651.9257066220321,870.1656155728319,890.7521127773427,-0.17374864033420281,-0.025099330520067117,-9.955063787286326,-1.4380857074037434,False,False
1698,28.29719104429357,879.232897743246,652.3765657309036,876.2343684345589,891.2594006562807,-0.1647810088096284,-0.012551642069569238,-9.441256348699744,-0.7191561165451673,False,False
1699,28.313856056687143,883.1456380546001,652.9213681581177,883.1456380545997,891.8230215638655,-0.1533665758714689,-1.9034918528342145e-15,-8.787257515808093,-1.0906204950493769e-13,False,False
1700,28.33052106908072,887.1957167438716,653.4505757776842,890.1942460525579,892.3334107030613,-0.14156156525857602,0.012551642069565907,-8.110880230582186,0.7191561165449765,False,False
1701,28.347186081474295,891.1260899944025,653.9304866546215,897.1217319899329,892.7568928099322,-0.13011496055696967,0.025099330520063787,-7.455038091425537,1.4380857074035527,False,False
1702,28.36385109386788,896.0552251890912,654.4856477486603,904.0474571438347,893.2535773966379,-0.11577238293813122,0.033460310449647944,-6.6332689265273,1.917134569962313,False,False
1703,28.380516106261453,901.0966506066671,654.9998763310087,912.1265491967937,893.646773099208,-0.10111721533360302,0.04618561965887638,-5.793589674730986,2.6462410806500616,False,False
1704,28.397181118655027,905.0559538874485,655.3658559422502,920.0829653859098,893.7944383845092,-0.08961736817971283,0.06294195930737169,-5.134696967767546,3.606308622596568,False,False
1705,28.413846131048604,910.0172911051638,655.7775522687045,927.038329147557,894.0720848622145,-0.07521861047359851,0.07130746478528843,-4.309708920975725,4.085616779974768,False,False
1706,28.43051114344218,913.9951445383481,656.0700363559499,934.9931211422786,894.0471045338329,-0.06368301506883255,0.08800737352773935,-3.6487679901121286,5.0424510691708315,False,False
1707,28.44717615583576,917.9799226994478,656.3295446573411,941.9492844783827,894.0257156317818,-0.05213497684928549,0.10050059905462838,-2.9871141384763127,5.7582601643666775,False,False
1708,28.463841168229337,921.9708028294874,656.5559141265583,947.9149507954078,894.0446531992192,-0.04057663675230151,0.10881220481724266,-2.3248700327423,6.234480095541089,False,False
1709,28.480506180622918,925.9669557874939,656.7490021501405,954.9832290676295,893.8819941291828,-0.029010147323154534,0.12175759779045933,-1.6621590046694976,6.976196477044717,False,False
1710,28.49717119301649,928.9670288749174,656.8719030855161,960.9337207527234,893.6252148055202,-0.0203312324253954,0.1342094473291766,-1.1648938102746849,7.689634902745138,False,False
1711,28.513836205410065,932.9703980075811,657.006467742246,966.0542660752444,893.6062514988704,-0.008755687699349415,0.13892970426308768,-0.5016639519073312,7.960085703275605,False,False
1712,28.530501217803643,934.9732478861537,657.0611671825659,970.0202551976369,893.3781307685701,-0.002966958440973771,0.14723191804075603,-0.16999419665851165,8.435767513351365,False,False
1713,28.54716623019722,937.9786824246389,657.1274628746542,974.0045714874016,893.297180063877,0.005716567111662044,0.15137544373402553,0.32753516880152633,8.673174047879726,False,False
1714,28.5638312425908,938.9807503037952,657.1453569241871,976.9587978655749,893.0090207289267,0.008611054776070428,0.15964666966065993,0.4933770958248057,9.14708038487506,False,False
1715,28.58049625498437,940.9851911697605,657.1748338656762,979.1207379470513,893.0130836726087,0.014399794874559233,0.1603144609293119,0.8250474721663588,9.185342006164506,False,False
1716,28.597161267377952,940.9851911697605,657.1748338656762,981.0727328589202,892.6891412894926,0.014399794874559233,0.16859693960942743,0.8250474721663588,9.65989307844221,False,False
1717,28.613826279771526,940.9851911697605,657.1748338656762,980.0977415550989,892.8530220850241,0.014399794874559233,0.16445854639927776,0.8250474721663588,9.422780613535037,False,False
1718,28.630491292165104,941.9875376513921,657.1864155874555,980.123084428683,893.024665394388,0.017293979338582566,0.1603144609293119,0.990872027087228,9.185342006164506,False,False
1719,28.64715630455868,941.9875376513921,657.1864155874555,978.1632205119981,893.333234260858,0.017293979338582566,0.15200973782050115,0.990872027087228,8.709516422004885,False,False
1720,28.66382131695226,940.9851911697605,657.1748338656762,977.1608740303665,893.3216525390787,0.014399794874559233,0.15200973782050115,0.8250474721663588,8.709516422004885,False,False
1721,28.68048632934584,938.9807503037952,657.1453569241871,974.1736641770599,893.4406357875384,0.008611054776070428,0.14784936525875406,0.4933770958248057,8.471144633014745,False,False
1722,28.697151341739414,936.9767339070371,657.1074660250347,972.0237412185203,893.4244296110389,0.0028220463585140495,0.14723191804075603,0.16169134593311785,8.435767513351365,False,False
1723,28.71381635413299,934.9732478861537,657.0611671825659,967.0729515172102,893.7964814616112,-0.002966958440973771,0.13477128447772913,-0.16999419665851165,7.721825800130862,False,False
1724,28.730481366526565,931.9692446284703,656.9759704565433,962.9540474848995,893.859785842796,-0.011649864047162622,0.13006328750101134,-0.6674880418036144,7.452077443404582,False,False
1725,28.747146378920142,928.9670288749174,656.8719030855161,958.9683430447346,893.8822850270757,-0.0203312324253954,0.12591262568579625,-1.1648938102746849,7.214262039206648,False,False
1726,28.76381139131372,924.96746878009,656.7038573035084,951.0197866235927,894.1807545692868,-0.031902415592957534,0.10926768987736651,-1.8278737697488143,6.260577467117449,False,False
1727,28.780476403707297,921.9708028294874,656.5559141265583,945.9401646084223,894.252085100999,-0.04057663675230151,0.10050059905462838,-2.3248700327423,5.7582601643666775,False,False
1728,28.797141416100875,917.9799226994478,656.3295446573411,939.9695225377862,894.2170338175526,-0.05213497684928549,0.09217503755646,-2.9871141384763127,5.281240628445015,False,False
1729,28.81380642849445,913.9951445383481,656.0700363559499,933.006640052116,894.2140327915729,-0.06368301506883255,0.07966298504578605,-3.6487679901121286,4.564352826537331,False,False
1730,28.83047144088803,910.0172911051638,655.7775522687045,926.0417364029008,894.1411760725472,-0.07521861047359851,0.06712588820209926,-4.309708920975725,3.8460300900472935,False,False
1731,28.847136453281603,906.047177942712,655.4522755919295,919.0770048489562,893.998337413946,-0.08673963606187748,0.05456762350389261,-4.969815062846337,3.12649452483192,False,False
1732,28.86380146567518,902.0856125609175,655.0944093556269,911.1132563120175,893.8254329958385,-0.09824398105705073,0.03779711649456258,-5.6289654771322155,2.1656152529027444,False,False
1733,28.88046647806876,898.0315986916094,654.6936861527657,905.0257190139536,893.4929371585354,-0.11002549314604759,0.029280332345775904,-6.303996396114093,1.6776394661533487,False,False
1734,28.897131490462336,894.0814997514034,654.2695776996868,898.0960866381838,893.1374974631588,-0.12151376751776025,0.0168051405150394,-6.962226031501536,0.9628636256360642,False,False
1735,28.913796502855917,889.1594101182402,653.6944861006195,892.1705362922759,892.5771625741638,-0.13584146159250352,0.012604374487649141,-7.783142432138922,0.7221774615446652,False,False
1736,28.93046151524949,886.0888684402516,653.3094485134552,885.0892886819088,892.2090107573126,-0.1447867641048499,-0.004184076002076237,-8.295670512564142,-0.23972989608093903,False,False
1737,28.947126527643064,883.1456380546001,652.9213681581177,880.147108745913,891.8042030834948,-0.1533665758714689,-0.012551642069569238,-8.787257515808093,-0.7191561165451673,False,False
1738,28.96379154003664,879.0925250567952,652.3564065902335,875.0947308910437,891.2246079938701,-0.16519069220790733,-0.01673483927434218,-9.464729478357704,-0.9588356612495801,False,False
1739,28.98045655243022,877.137453491195,652.0712071237824,869.1452215364507,890.83913677176,-0.17089797550468402,-0.033460310449651275,-9.79173272374852,-1.917134569962504,False,False
1740,28.9971215648238,874.2116025113521,651.6289316730204,866.2193705566078,890.3968613209979,-0.17944386462579767,-0.033460310449651275,-10.281376102575097,-1.917134569962504,False,False
1741,29.01378657721737,872.2656719355841,651.324495659583,863.2380281844833,890.0555192997945,-0.1851307476975307,-0.0377971164945664,-10.607210501169792,-2.1656152529029633,False,False
1742,29.03045158961095,871.294131398071,651.1694190620052,860.2642328079436,889.8163158302044,-0.18797098651900465,-0.046185619658880184,-10.76994419844946,-2.6462410806502796,False,False
1743,29.04711660200453,870.1653123627635,650.9866566853973,858.1853413015674,889.5877469875435,-0.19127183152845598,-0.05016707685414103,-10.959068686317842,-2.87436177425072,False,False
1744,29.063781614398103,869.193819639496,650.8271426943318,857.1636399384773,889.4257067645315,-0.19411333403162026,-0.050377507181058816,-11.121874787225014,-2.8864185438646675,False,False
1745,29.08044662679168,868.2233196824081,650.6657355683967,857.2394735372774,889.3147563580494,-0.19695258858225384,-0.04599264736157075,-11.28455208993963,-2.635184582451505,False,False
1746,29.097111639185258,869.193819639496,650.8271426943318,858.2099734943653,889.4761634839845,-0.19411333403162026,-0.04599264736157075,-11.121874787225014,-2.635184582451505,False,False
1747,29.113776651578835,868.2233196824081,650.6657355683967,858.2361728771905,889.3585442130876,-0.19695258858225384,-0.041816613207519046,-11.28455208993963,-2.3959154503218576,False,False
1748,29.13044166397241,870.1653123627635,650.9866566853973,860.1781655575459,889.6794653300882,-0.19127183152845598,-0.041816613207519046,-10.959068686317842,-2.3959154503218576,False,False
1749,29.14710667636599,871.294131398071,651.1694190620052,863.3018994433268,889.9373487099828,-0.18797098651900465,-0.033460310449651275,-10.76994419844946,-1.917134569962504,False,False
1750,29.163771688759567,873.2381660348018,651.4776684532264,865.2459340800575,890.245598101204,-0.18228836380032049,-0.033460310449651275,-10.4443539001037,-1.917134569962504,False,False
1751,29.18043670115314,875.1859701226293,651.7782796110607,869.1903281270982,890.6046857663714,-0.17659728011185588,-0.025099330520067117,-10.118278823898933,-1.4380857074037434,False,False
1752,29.19710171354672,878.2568556461255,652.2355133874859,873.2600064656509,891.084904214148,-0.16762989090152716,-0.02091745081930423,-9.604485268895944,-1.1984816501185984,False,False
1753,29.213766725940296,880.2098085737042,652.5156826278243,878.21070155205,891.4089717154752,-0.1619302056345971,-0.008368005512293625,-9.277917358547956,-0.47945139879663307,False,False
1754,29.230431738333877,883.1456380546001,652.9213681581177,883.1456380545997,891.8230215638655,-0.1533665758714689,-1.9034918528342145e-15,-8.787257515808093,-1.0906204950493769e-13,False,False
1755,29.24709675072745,887.1957167438716,653.4505757776842,888.1952965022135,892.3501380215416,-0.14156156525857602,0.00418407600207243,-8.110880230582186,0.23972989608072093,False,False
1756,29.26376176312103,890.142382713192,653.8134773900663,894.1401768789426,892.6816787937029,-0.13297899498220925,0.016734839274338373,-7.619135176371942,0.958835661249362,False,False
1757,29.2804267755146,894.0814997514034,654.2695776996868,900.0771417469338,893.0959838549975,-0.12151376751776025,0.025099330520063787,-6.962226031501536,1.4380857074035527,False,False
1758,29.29709178790818,897.1468919848135,654.6015883045759,907.1340387900303,893.2943969492669,-0.11259776965577077,0.041816613207515695,-6.4513769838618735,2.3959154503216653,False,False
1759,29.31375680030176,901.0966506066671,654.9998763310087,913.126830307685,893.5984404012086,-0.10111721533360302,0.050377507181055464,-5.793589674730986,2.886418543864475,False,False
1760,29.33042181269533,905.0559538874485,655.3658559422502,919.0262453068658,893.8586880308825,-0.08961736817971283,0.05851054432966574,-5.134696967767546,3.352407247102957,False,False
1761,29.347086825088912,908.0312163230114,655.6190007755536,925.0522543654046,893.9135333690635,-0.08098107682515414,0.07130746478528843,-4.639873922506013,4.085616779974768,False,False
1762,29.36375183748249,912.0053010805509,655.9279053045084,931.0167965943189,894.0719017401314,-0.06945250141431775,0.07966298504578605,-3.9793352076667876,4.564352826537331,False,False
1763,29.380416849876067,914.9907219074371,656.1380116268738,936.8890897069309,894.0339163577415,-0.06079708861784818,0.0917915351522237,-3.4834165844855565,5.259267559249155,False,False
1764,29.39708186226964,918.0405371554865,656.3332336838962,942.9979385689578,893.9276951401491,-0.05195937143419266,0.10465821607405154,-2.9770526893318507,5.996474072411385,False,False
1765,29.413746874663214,921.9708028294874,656.5559141265583,946.9282042429587,894.1503755828112,-0.04057663675230151,0.10465821607405154,-2.3248700327423,5.996474072411385,False,False
1766,29.430411887056795,923.968272252467,656.6566264272044,951.8818394823082,893.921947880857,-0.03479427578106604,0.11710874456686306,-1.99356515346934,6.709836807756863,False,False
1767,29.447076899450373,927.0086449107129,656.7938188794965,957.1350659378468,893.7883309596201,-0.025996212325047265,0.1264404972583878,-1.4894732495511813,7.244506852441077,False,False
1768,29.46374191184395,929.0047800319293,656.8733291538758,959.1312010590632,893.8678412339995,-0.020222046140618875,0.1264404972583878,-1.1586378969762763,7.244506852441077,False,False
1769,29.480406924237528,931.001861512683,656.9445036531406,963.1015651437395,893.6798179321859,-0.014446799151882395,0.13477128447772913,-0.8277406188760384,7.721825800130862,False,False
1770,29.497071936631105,931.9692446284703,656.9759704565433,964.9161788037437,893.5948613516919,-0.011649864047162622,0.1383509701771236,-0.6674880418036144,7.926926682689502,False,False
1771,29.51373694902468,932.9703980075811,657.006467742246,966.0542660752444,893.6062514988704,-0.008755687699349415,0.13892970426308768,-0.5016639519073312,7.960085703275605,False,False
1772,29.530401961418256,933.9717368249164,657.0348670261334,966.9186710001899,893.6537579212819,-0.005861374505369237,0.1383509701771236,-0.33583202130323775,7.926926682689502,False,False
1773,29.547066973811837,933.9717368249164,657.0348670261334,967.8972199288863,893.5154404273375,-0.005861374505369237,0.14248772198969364,-0.33583202130323775,8.16394510244286,False,False
1774,29.56373198620541,933.9990294523857,657.0356116316894,967.2209631441282,893.6160485274343,-0.005782492258048496,0.1395132688929477,-0.33131240145325214,7.993521493639699,False,False
1775,29.58039699859899,932.9703980075811,657.006467742246,965.9173321828546,893.6253586373945,-0.008755687699349415,0.1383509701771236,-0.5016639519073312,7.926926682689502,False,False
1776,29.59706201099257,932.9703980075811,657.006467742246,964.0842700904394,893.87336488917,-0.008755687699349415,0.13060816994581242,-0.5016639519073312,7.483296907822454,False,False
1777,29.61372702338614,931.9692446284703,656.9759704565433,961.9705587982875,893.9863523981029,-0.011649864047162622,0.12591262568579625,-0.6674880418036144,7.214262039206648,False,False
1778,29.63039203577972,929.0047800319293,656.8733291538758,960.1186521147876,893.7402263007999,-0.020222046140618875,0.13060816994581242,-1.1586378969762763,7.483296907822454,False,False
1779,29.64705704817329,926.9667202023692,656.7920591836129,956.9680343721864,893.8024411251724,-0.026117504798663534,0.12591262568579625,-1.4964227963760954,7.214262039206648,False,False
1780,29.663722060566872,924.96746878009,656.7038573035084,952.0091954742272,894.070124952051,-0.031902415592957534,0.11343499180721398,-1.8278737697488143,6.499346279654431,False,False
1781,29.68038707296045,923.019630570569,656.6098424099403,948.0811810295113,894.1933407607178,-0.03754022500473365,0.1050965741319275,-2.150896454742719,6.021590139043229,False,False
1782,29.697052085354027,919.9746516999688,656.4468811412894,943.9440134789037,894.1430521157301,-0.046356960245942505,0.10050059905462838,-2.6560581731482444,5.7582601643666775,False,False
1783,29.713717097747605,916.9831238450219,656.2677683256518,937.9811004489524,894.2448365035348,-0.05502303605194947,0.08800737352773935,-3.1525877417728765,5.0424510691708315,False,False
1784,29.73038211014118,914.0640071707004,656.0748054416956,933.0755026844683,894.2188018773186,-0.06348338443891027,0.07966298504578605,-3.6373299975560442,4.564352826537331,False,False
1785,29.74704712253476,911.0110605391551,655.8537550933938,929.0277989999912,894.0750747422318,-0.07233599471652268,0.07548654493392189,-4.144547204137371,4.325060434738369,False,False
1786,29.763712134928333,907.0389362773968,655.536658298977,921.0677244129313,894.02605660307,-0.08386086131675466,0.05875582271572093,-4.804873419781949,3.3664606634297005,False,False
1787,29.78037714732191,904.0652766455922,655.2774027139103,916.0452477067874,893.8784930160565,-0.09249402486162876,0.050167076854137224,-5.2995172547494365,2.874361774250502,False,False
1788,29.797042159715488,901.0966506066671,654.9998763310087,911.083797411884,893.6926849756996,-0.10111721533360302,0.041816613207515715,-5.793589674730986,2.3959154503216666,False,False
1789,29.813707172109066,898.1333936393654,654.7041760747369,906.1591685809246,893.4709805861419,-0.10972955315272101,0.03360079441599072,-6.28704028350735,1.9251837083230119,False,False
1790,29.830372184502643,894.191310250914,654.2818173691511,900.2121280525669,893.1075901680667,-0.12119428070769296,0.025204745326940014,-6.943920785674583,1.444125530935747,False,False
1791,29.847037196896217,891.2418680076489,653.9441219349847,896.2597031099236,892.7930728032821,-0.1297779137243497,0.021005313472175068,-7.435726730418161,1.2035158093049203,False,False
1792,29.863702209289794,888.1771841605446,653.5735173515486,890.176291182198,892.4668064391996,-0.13870232883339176,0.008368005512290295,-7.947058050789055,0.4794513987964422,False,False
1793,29.88036722168337,885.2351049084879,653.1987930398116,886.2346846668298,892.098355283669,-0.1472750204289823,0.00418407600207243,-8.438237098283665,0.23972989608072093,False,False
1794,29.89703223407695,883.2776688722987,652.9391763384078,882.2780891139558,891.8387385822653,-0.1529815777692524,-0.004184076002076237,-8.76519874943054,-0.23972989608093903,False,False
1795,29.913697246470527,881.1875766231598,652.6528587973075,879.1884696015055,891.5461478849585,-0.15907751193963285,-0.008368005512293625,-9.114470049582925,-0.47945139879663307,False,False
1796,29.930362258864104,879.232897743246,652.3765657309036,875.2351035774944,891.2447671345402,-0.1647810088096284,-0.01673483927434218,-9.441256348699744,-0.9588356612495801,False,False
1797,29.94702727125768,878.2568556461255,652.2355133874859,872.2612136505943,891.0619195427965,-0.16762989090152716,-0.025099330520067117,-9.604485268895944,-1.4380857074037434,False,False
1798,29.963692283651252,877.281693742529,652.092530943447,870.2582117062756,890.8909201760514,-0.1704768214749694,-0.0294032882040066,-9.767602375320944,-1.6846843178963764,False,False
1799,29.980357296044836,875.3340560822686,651.8007974583983,869.3132382806148,890.6265702573139,-0.1761647069750386,-0.02520474532694382,-10.093494208828568,-1.444125530935965,False,False
1800,29.99702230843841,876.3074234378848,651.9476238090509,868.2816484963248,890.7144283204558,-0.17332177022425646,-0.03360079441599406,-9.930605931586115,-1.9251837083232035,False,False
1801,30.013687320831988,875.1859701226293,651.7782796110607,868.1918498002843,890.5775306168304,-0.17659728011185588,-0.029280332345779234,-10.118278823898933,-1.6776394661535394,False,False
1802,30.030352333225565,875.3340560822686,651.8007974583983,868.3399357599236,890.6000484641679,-0.1761647069750386,-0.029280332345779234,-10.093494208828568,-1.6776394661535394,False,False
1803,30.047017345619143,875.3340560822686,651.8007974583983,870.337206901794,890.6501882850604,-0.1761647069750386,-0.02091745081930423,-10.093494208828568,-1.1984816501185984,False,False
1804,30.06368235801272,875.3340560822686,651.8007974583983,871.3362619165171,890.6689988620349,-0.1761647069750386,-0.01673483927434218,-10.093494208828568,-0.9588356612495801,False,False
1805,30.08034737040629,877.281693742529,652.092530943447,873.2838995767775,890.9607323470835,-0.1704768214749694,-0.01673483927434218,-9.767602375320944,-0.9588356612495801,False,False
1806,30.09701238279987,879.232897743246,652.3765657309036,876.2468603507332,891.2595571319042,-0.1647810088096284,-0.012499349019362898,-9.441256348699744,-0.7161599454704783,False,False
1807,30.11367739519345,881.1875766231598,652.6528587973075,879.1884696015055,891.5461478849585,-0.15907751193963285,-0.008368005512293625,-9.114470049582925,-0.47945139879663307,False,False
1808,30.130342407587023,883.1456380546001,652.9213681581177,883.1456380545997,891.8230215638655,-0.1533665758714689,-1.9034918528342145e-15,-8.787257515808093,-1.0906204950493769e-13,False,False
1809,30.147007419980604,885.2351049084879,653.1987930398116,886.2346846668298,892.098355283669,-0.1472750204289823,0.00418407600207243,-8.438237098283665,0.23972989608072093,False,False
1810,30.16367243237418,887.1957167438716,653.4505757776842,890.2068429179072,892.3332522512285,-0.14156156525857602,0.012604374487649141,-8.110880230582186,0.7221774615446652,False,False
1811,30.180337444767755,890.142382713192,653.8134773900663,895.1392318936657,892.6628682167284,-0.13297899498220925,0.0209174508193009,-7.619135176371942,1.1984816501184075,False,False
1812,30.19700245716133,893.2074645743846,654.1712381961647,899.2282823760376,892.9970109950805,-0.12405696500787165,0.025204745326940003,-7.107940514153183,1.4441255309357464,False,False
1813,30.21366746955491,895.068025346882,654.3786146198286,904.05795012945,893.11106162359,-0.11864377947231473,0.03763911919938674,-6.797787829244507,2.1565626747146864,False,False
1814,30.230332481948487,898.1333936393654,654.7041760747369,909.1172397844953,893.3531968643897,-0.10972955315272101,0.04599264736156693,-6.28704028350735,2.635184582451286,False,False
1815,30.246997494342065,901.0966506066671,654.9998763310087,913.126830307685,893.5984404012086,-0.10111721533360302,0.050377507181055464,-5.793589674730986,2.886418543864475,False,False
1816,30.26366250673564,904.0652766455922,655.2774027139103,918.0940647811267,893.7668010180032,-0.09249402486162876,0.05875582271572093,-5.2995172547494365,3.3664606634297005,False,False
1817,30.280327519129216,907.0389362773968,655.536658298977,923.0633815751338,893.9002821028197,-0.08386086131675466,0.06712588820209926,-4.804873419781949,3.8460300900472935,False,False
1818,30.296992531522797,909.0240054773287,655.6992998103046,928.0355009910967,893.8432962459276,-0.07810031553789182,0.07966298504578605,-4.474818458961207,4.564352826537331,False,False
1819,30.31365754391637,912.078271946585,655.9332651851132,931.1694735436172,894.0708851059932,-0.06924089068370606,0.07999768653239761,-3.9672108059030586,4.5835298091169285,False,False
1820,30.330322556309948,914.9907219074371,656.1380116268738,935.9886985113676,894.1150798047568,-0.06079708861784818,0.08800737352773935,-3.4834165844855565,5.0424510691708315,False,False
1821,30.34698756870353,916.9831238450219,656.2677683256518,940.8531987057082,893.9739304799914,-0.05502303605194947,0.1000829026745897,-3.1525877417728765,5.734327924672569,False,False
1822,30.363652581097103,919.0356492243028,656.3926900002705,943.1051230816272,894.078744341352,-0.049076686950509846,0.10092178466729253,-2.8118870347489766,5.782392322363965,False,False
1823,30.38031759349068,921.0269590480535,656.5054051568654,947.0792768915562,893.9823024226439,-0.04330953390290338,0.10926768987736651,-2.4814535053151157,6.260577467117449,False,False
1824,30.39698260588425,923.019630570569,656.6098424099403,950.0613572647062,893.9761100584828,-0.03754022500473365,0.11343499180721398,-2.150896454742719,6.499346279654431,False,False
1825,30.41364761827783,924.0164446795143,656.6589516465942,952.0461727220026,893.9105782919435,-0.03465484585037985,0.11759834061097517,-1.98557640690322,6.737888594750788,False,False
1826,30.43031263067141,924.96746878009,656.7038573035084,952.9971968225783,893.9554839488576,-0.031902415592957534,0.11759834061097517,-1.8278737697488143,6.737888594750788,False,False
1827,30.446977643064987,925.9669557874939,656.7490021501405,954.9832290676295,893.8819941291828,-0.029010147323154534,0.12175759779045933,-1.6621590046694976,6.976196477044717,False,False
1828,30.463642655458564,924.96746878009,656.7038573035084,954.9687829499072,893.7142392450679,-0.031902415592957534,0.12591262568579625,-1.8278737697488143,7.214262039206648,False,False
1829,30.48030766785214,925.9669557874939,656.7490021501405,954.9832290676295,893.8819941291828,-0.029010147323154534,0.12175759779045933,-1.6621590046694976,6.976196477044717,False,False
1830,30.49697268024572,925.9669557874939,656.7490021501405,954.8630992962868,893.8966626705835,-0.029010147323154534,0.12125102106994316,-1.6621590046694976,6.947171768959563,False,False
1831,30.513637692639293,925.9669557874939,656.7490021501405,953.9966838299822,894.0006287954898,-0.029010147323154534,0.11759834061097517,-1.6621590046694976,6.737888594750788,False,False
1832,30.53030270503287,924.96746878009,656.7038573035084,952.8810360099312,893.969178757161,-0.031902415592957534,0.11710874456686306,-1.8278737697488143,6.709836807756863,False,False
1833,30.546967717426448,923.968272252467,656.6566264272044,949.9124202183874,894.1453654998653,-0.03479427578106604,0.10881220481724266,-1.99356515346934,6.234480095541089,False,False
1834,30.563632729820025,922.9693792578406,656.6073113861626,947.9267806713119,894.2017728424155,-0.037685694089632356,0.10465821607405154,-2.159231219357045,5.996474072411385,False,False
1835,30.5802977422136,920.9725559799043,656.5024366755965,945.9299573933756,894.0968981318495,-0.043467070036536354,0.10465821607405154,-2.490479660893094,5.996474072411385,False,False
1836,30.59696275460718,918.9771029581043,656.3892497122278,942.9464647370392,894.0854206866684,-0.04924627372258246,0.10050059905462842,-2.8216036410499843,5.75826016436668,False,False
1837,30.613627767000757,916.9831238450219,656.2677683256518,938.9727236833603,894.1552574858633,-0.05502303605194947,0.09217503755646,-3.1525877417728765,5.281240628445015,False,False
1838,30.63029277939433,914.9907219074371,656.1380116268738,935.9886985113676,894.1150798047568,-0.06079708861784818,0.08800737352773935,-3.4834165844855565,5.0424510691708315,False,False
1839,30.64695779178791,913.0000000000001,656.0,930.9417806843359,894.2269768642401,-0.06656816377582347,0.07517189263510794,-3.8140748342903352,4.307032186002242,False,False
1840,30.66362280418149,910.0172911051638,655.7775522687045,927.038329147557,894.0720848622145,-0.07521861047359851,0.07130746478528843,-4.309708920975725,4.085616779974768,False,False
1841,30.680287816575063,908.0312163230114,655.6190007755536,923.9889135068986,893.9871024598758,-0.08098107682515414,0.0668458644073945,-4.639873922506013,3.8299859084474726,False,False
1842,30.69695282896864,905.0559538874485,655.3658559422502,920.0203380684834,893.7983772267478,-0.08961736817971283,0.06267929449123597,-5.134696967767546,3.591259037205411,False,False
1843,30.71361784136222,903.0751587158557,655.1869193466532,915.1053384168736,893.7854834168529,-0.09536957337333901,0.050377507181055485,-5.464274048255559,2.8864185438644765,False,False
1844,30.730282853755792,901.0966506066671,654.9998763310087,911.1256864169429,893.6909286155806,-0.10111721533360302,0.04199210722136809,-5.793589674730986,2.405970516645218,False,False
1845,30.74694786614937,898.1333936393654,654.7041760747369,907.1610373904654,893.4351997149485,-0.10972955315272101,0.03779711649456258,-6.28704028350735,2.1656152529027444,False,False
1846,30.763612878542947,896.1610360824809,654.4969965635116,903.1845181187335,893.2953857961161,-0.11546465110923557,0.02940328820400327,-6.615637191509737,1.6846843178961857,False,False
1847,30.780277890936524,893.2074645743846,654.1712381961647,899.2282823760376,892.9970109950805,-0.12405696500787165,0.025204745326940003,-7.107940514153183,1.4441255309357464,False,False
1848,30.796942903330105,891.1260899944025,653.9304866546215,896.1229391748763,892.7798774812836,-0.13011496055696967,0.0209174508193009,-7.455038091425537,1.1984816501184075,False,False
1849,30.81360791572368,889.1594101182402,653.6944861006195,892.1579394269265,892.5773210259966,-0.13584146159250352,0.012551642069565907,-7.783142432138922,0.7191561165449765,False,False
1850,30.830272928117257,887.1957167438716,653.4505757776842,889.194823765525,892.3438648653351,-0.14156156525857602,0.008368005512290295,-8.110880230582186,0.4794513987964422,False,False
1851,30.84693794051083,886.215019724086,653.3256660829378,887.2187993233897,892.2252107173217,-0.14441913953184551,0.004201655946870061,-8.274607176085691,0.24073715272169816,False,False
1852,30.863602952904408,885.1069888631503,653.1820528849481,885.1069888631498,892.0837062906958,-0.14764844760061718,-1.9034918528342153e-15,-8.459632899173851,-1.0906204950493774e-13,False,False
1853,30.880267965297985,883.1456380546001,652.9213681581177,883.1456380545997,891.8230215638655,-0.1533665758714689,-1.9034918528342145e-15,-8.787257515808093,-1.0906204950493769e-13,False,False
1854,30.896932977691563,883.1456380546001,652.9213681581177,882.1460582962573,891.8209304019751,-0.1533665758714689,-0.004184076002076237,-8.787257515808093,-0.23972989608093903,False,False
1855,30.91359799008514,883.1456380546001,652.9213681581177,880.147108745913,891.8042030834948,-0.1533665758714689,-0.012551642069569238,-8.787257515808093,-0.7191561165451673,False,False
1856,30.93026300247872,882.1661903237282,652.7880890238891,880.1670833020739,891.6813781115401,-0.1562229584140464,-0.008368005512293625,-8.950916180172632,-0.47945139879663307,False,False
1857,30.94692801487229,882.1661903237282,652.7880890238891,881.1666105653853,891.6876512677466,-0.1562229584140464,-0.004184076002076237,-8.950916180172632,-0.23972989608093903,False,False
1858,30.96359302726587,882.1661903237282,652.7880890238891,881.1666105653853,891.6876512677466,-0.1562229584140464,-0.004184076002076237,-8.950916180172632,-0.23972989608093903,False,False
1859,30.980258039659446,882.1661903237282,652.7880890238891,881.1666105653853,891.6876512677466,-0.1562229584140464,-0.004184076002076237,-8.950916180172632,-0.23972989608093903,False,False
1860,30.996923052053024,882.3001710176122,652.8064425636031,883.2997507759542,891.7060048074605,-0.15583219234080237,0.00418407600207243,-8.928526933398848,0.23972989608072093,False,False
1861,31.0135880644466,883.1456380546001,652.9213681581177,884.1452178129421,891.8209304019751,-0.1533665758714689,0.00418407600207243,-8.787257515808093,0.23972989608072093,False,False
1862,31.03025307684018,885.2351049084879,653.1987930398116,886.2346846668298,892.098355283669,-0.1472750204289823,0.00418407600207243,-8.438237098283665,0.23972989608072093,False,False
1863,31.04691808923376,886.215019724086,653.3256660829378,889.2135490327723,892.2085010083149,-0.14441913953184551,0.012551642069565907,-8.274607176085691,0.7191561165449765,False,False
1864,31.06358310162733,888.1771841605446,653.5735173515486,892.1749783262952,892.4417187551852,-0.13870232883339176,0.016734839274338373,-7.947058050789055,0.958835661249362,False,False
1865,31.080248114020907,890.142382713192,653.8134773900663,894.1401768789426,892.6816787937029,-0.13297899498220925,0.016734839274338373,-7.619135176371942,0.958835661249362,False,False
1866,31.096913126414485,892.1105199643196,654.0455093990582,898.1061619598499,892.8719155543689,-0.12724938997746907,0.025099330520063787,-7.290852991323296,1.4380857074035527,False,False
1867,31.113578138808062,893.0956605795207,654.1585411986605,901.0878925342641,892.926470846638,-0.12438231500865463,0.033460310449647944,-7.126581696062626,1.917134569962313,False,False
1868,31.13024315120164,895.1758381219583,654.3904048836132,904.2034818730583,893.1214285238248,-0.11833016544988367,0.03779711649456258,-6.779819069363087,2.1656152529027444,False,False
1869,31.146908163595217,898.1333936393654,654.7041760747369,908.1205404445823,893.3969847194278,-0.10972955315272101,0.041816613207515715,-6.28704028350735,2.3959154503216666,False,False
1870,31.163573175988795,899.1205288153394,654.804755914552,911.1507085163573,893.4033199847518,-0.10686003375448881,0.050377507181055464,-6.122628932757726,2.886418543864475,False,False
1871,31.18023818838237,902.0856125609175,655.0944093556269,915.1154394671618,893.6404711776433,-0.09824398105705073,0.05456762350389264,-5.6289654771322155,3.126494524831921,False,False
1872,31.196903200775942,904.0652766455922,655.2774027139103,918.0940647811267,893.7668010180032,-0.09249402486162876,0.05875582271572093,-5.2995172547494365,3.3664606634297005,False,False
1873,31.213568213169523,906.047177942712,655.4522755919295,922.071623240449,893.8158993957721,-0.08673963606187748,0.06712588820209926,-4.969815062846337,3.8460300900472935,False,False
1874,31.2302332255631,908.0312163230114,655.6190007755536,925.0522543654046,893.9135333690635,-0.08098107682515414,0.07130746478528843,-4.639873922506013,4.085616779974768,False,False
1875,31.24689823795668,910.0172911051638,655.7775522687045,928.034029566,893.9988719175425,-0.07521861047359851,0.07548654493392189,-4.309708920975725,4.325060434738369,False,False
1876,31.263563250350256,912.0053010805509,655.9279053045084,931.0167965943189,894.0719017401314,-0.06945250141431775,0.07966298504578605,-3.9793352076667876,4.564352826537331,False,False
1877,31.28022826274383,913.0000000000001,656.0,933.0052584069684,894.0625750429294,-0.06656816377582347,0.08383664206841225,-3.8140748342903352,4.80348575906895,False,False
1878,31.296893275137407,914.9907219074371,656.1380116268738,936.9803217457755,894.0255007870853,-0.06079708861784818,0.09217503755646,-3.4834165844855565,5.281240628445015,False,False
1879,31.313558287530984,915.9867192909105,656.2039231460186,937.976319129249,894.0914123062302,-0.05791041780183341,0.09217503755646,-3.3180225298843244,5.281240628445015,False,False
1880,31.33022329992456,916.9831238450219,656.2677683256518,939.9632019714096,894.0616202421913,-0.05502303605194947,0.09633949292207857,-3.1525877417728765,5.519846344865568,False,False
1881,31.34688831231814,918.0405371554865,656.3332336838962,942.1100110128109,894.0192880249778,-0.05195937143419266,0.10092178466729253,-2.9770526893318507,5.782392322363965,False,False
1882,31.36355332471172,917.9799226994478,656.3295446573411,942.9373241129191,893.924006113594,-0.05213497684928549,0.10465821607405154,-2.9871141384763127,5.996474072411385,False,False
1883,31.38021833710529,918.9771029581043,656.3892497122278,943.9345043715756,893.9837111684807,-0.04924627372258246,0.10465821607405154,-2.8216036410499843,5.996474072411385,False,False
1884,31.396883349498868,918.9771029581043,656.3892497122278,943.9345043715756,893.9837111684807,-0.04924627372258246,0.10465821607405154,-2.8216036410499843,5.996474072411385,False,False
1885,31.413548361892445,918.9771029581043,656.3892497122278,942.9464647370392,894.0854206866684,-0.04924627372258246,0.10050059905462842,-2.8216036410499843,5.75826016436668,False,False
1886,31.430213374286023,918.9771029581043,656.3892497122278,942.9464647370392,894.0854206866684,-0.04924627372258246,0.10050059905462842,-2.8216036410499843,5.75826016436668,False,False
1887,31.4468783866796,918.9771029581043,656.3892497122278,942.9464647370392,894.0854206866684,-0.04924627372258246,0.10050059905462842,-2.8216036410499843,5.75826016436668,False,False
1888,31.463543399073178,918.9771029581043,656.3892497122278,940.9667027964427,894.2767388724393,-0.04924627372258246,0.09217503755646,-2.8216036410499843,5.281240628445015,False,False
1889,31.480208411466755,916.9831238450219,656.2677683256518,939.9632019714096,894.0616202421913,-0.05502303605194947,0.09633949292207857,-3.1525877417728765,5.519846344865568,False,False
1890,31.496873423860333,916.9831238450219,656.2677683256518,937.9811004489524,894.2448365035348,-0.05502303605194947,0.08800737352773935,-3.1525877417728765,5.0424510691708315,False,False
1891,31.513538436253903,914.9907219074371,656.1380116268738,935.9886985113676,894.1150798047568,-0.06079708861784818,0.08800737352773935,-3.4834165844855565,5.0424510691708315,False,False
1892,31.530203448647484,913.9951445383481,656.0700363559499,934.0004029453164,894.1326113988794,-0.06368301506883255,0.08383664206841225,-3.6487679901121286,4.80348575906895,False,False
1893,31.54686846104106,912.0053010805509,655.9279053045084,931.0167965943189,894.0719017401314,-0.06945250141431775,0.07966298504578605,-3.9793352076667876,4.564352826537331,False,False
1894,31.56353347343464,911.0110605391551,655.8537550933938,928.0320985815482,894.1482876869038,-0.07233599471652268,0.07130746478528843,-4.144547204137371,4.085616779974768,False,False
1895,31.580198485828216,909.0240054773287,655.6992998103046,926.0450435197218,893.9938324038146,-0.07810031553789182,0.07130746478528843,-4.474818458961207,4.085616779974768,False,False
1896,31.596863498221797,907.0389362773968,655.536658298977,922.996633461284,893.9047599832993,-0.08386086131675466,0.0668458644073945,-4.804873419781949,3.8299859084474726,False,False
1897,31.613528510615367,906.047177942712,655.4522755919295,920.0759660782464,893.9416738960224,-0.08673963606187748,0.05875582271572093,-4.969815062846337,3.3664606634297005,False,False
1898,31.630193523008945,904.0652766455922,655.2774027139103,917.0951035518365,893.8234645359269,-0.09249402486162876,0.05456762350389261,-5.2995172547494365,3.12649452483192,False,False
1899,31.64685853540252,902.0856125609175,655.0944093556269,914.1157922619354,893.6929734258267,-0.09824398105705073,0.050377507181055464,-5.6289654771322155,2.886418543864475,False,False
1900,31.6635235477961,901.0966506066671,654.9998763310087,912.1265491967937,893.646773099208,-0.10111721533360302,0.04618561965887638,-5.793589674730986,2.6462410806500616,False,False
1901,31.68018856018968,899.1205288153394,654.804755914552,908.1481725664394,893.5357795547635,-0.10686003375448881,0.03779711649456258,-6.122628932757726,2.1656152529027444,False,False
1902,31.69685357258325,897.1468919848135,654.6015883045759,906.1745357359134,893.3326119447875,-0.11259776965577077,0.03779711649456258,-6.4513769838618735,2.1656152529027444,False,False
1903,31.713518584976832,896.1610360824809,654.4969965635116,903.1845181187335,893.2953857961161,-0.11546465110923557,0.02940328820400327,-6.615637191509737,1.6846843178961857,False,False
1904,31.73018359737041,894.191310250914,654.2818173691511,901.2147922871666,893.0802066017555,-0.12119428070769296,0.02940328820400327,-6.943920785674583,1.6846843178961857,False,False
1905,31.746848609763983,893.0956605795207,654.1585411986605,898.0925097599944,893.0079320253226,-0.12438231500865463,0.0209174508193009,-7.126581696062626,1.1984816501184075,False,False
1906,31.76351362215756,892.1105199643196,654.0455093990582,896.1083141300702,892.9137108026948,-0.12724938997746907,0.016734839274338373,-7.290852991323296,0.958835661249362,False,False
1907,31.780178634551135,891.1260899944025,653.9304866546215,895.1238841601531,892.7986880582581,-0.13011496055696967,0.016734839274338373,-7.455038091425537,0.958835661249362,False,False
1908,31.79684364694472,890.142382713192,653.8134773900663,894.1401768789426,892.6816787937029,-0.13297899498220925,0.016734839274338373,-7.619135176371942,0.958835661249362,False,False
1909,31.813508659338293,890.142382713192,653.8134773900663,892.1498887523121,892.7066960453955,-0.13297899498220925,0.008403163547645804,-7.619135176371942,0.48146580583828463,False,False
1910,31.83017367173187,888.1771841605446,653.5735173515486,892.1749783262952,892.4417187551852,-0.13870232883339176,0.016734839274338373,-7.947058050789055,0.958835661249362,False,False
1911,31.846838684125444,889.1594101182402,653.6944861006195,892.1579394269265,892.5773210259966,-0.13584146159250352,0.012551642069565907,-7.783142432138922,0.7191561165449765,False,False
1912,31.86350369651902,888.1771841605446,653.5735173515486,891.1757134692309,892.4563522769257,-0.13870232883339176,0.012551642069565907,-7.947058050789055,0.7191561165449765,False,False
1913,31.8801687089126,888.1771841605446,653.5735173515486,891.1757134692309,892.4563522769257,-0.13870232883339176,0.012551642069565907,-7.947058050789055,0.7191561165449765,False,False
1914,31.896833721306177,888.1771841605446,653.5735173515486,892.1749783262952,892.4417187551852,-0.13870232883339176,0.016734839274338373,-7.947058050789055,0.958835661249362,False,False
1915,31.913498733699758,888.1771841605446,653.5735173515486,891.1757134692309,892.4563522769257,-0.13870232883339176,0.012551642069565907,-7.947058050789055,0.7191561165449765,False,False
1916,31.93016374609333,889.1594101182402,653.6944861006195,892.1579394269265,892.5773210259966,-0.13584146159250352,0.012551642069565907,-7.783142432138922,0.7191561165449765,False,False
1917,31.946828758486905,889.1594101182402,653.6944861006195,894.156259298714,892.5438769272816,-0.13584146159250352,0.0209174508193009,-7.783142432138922,1.1984816501184075,False,False
1918,31.963493770880483,890.142382713192,653.8134773900663,896.1380247087224,892.639883545377,-0.13297899498220925,0.025099330520063787,-7.619135176371942,1.4380857074035527,False,False
1919,31.98015878327406,891.1260899944025,653.9304866546215,897.1217319899329,892.7568928099322,-0.13011496055696967,0.025099330520063787,-7.455038091425537,1.4380857074035527,False,False
1920,31.99682379566764,892.2243131540729,654.0586716120241,899.2477951903255,892.8570608446286,-0.12691818657286524,0.02940328820400327,-7.271876434079132,1.6846843178961857,False,False
1921,32.01348880806121,893.0956605795207,654.1585411986605,900.0897809018649,892.9577922044301,-0.12438231500865463,0.029280332345775904,-7.126581696062626,1.6776394661533487,False,False
1922,32.03015382045479,895.1758381219583,654.3904048836132,902.199320158211,893.1887941162177,-0.11833016544988367,0.02940328820400327,-6.779819069363087,1.6846843178961857,False,False
1923,32.046818832848366,896.1610360824809,654.4969965635116,905.1886798335809,893.2280202037232,-0.11546465110923557,0.03779711649456258,-6.615637191509737,2.1656152529027444,False,False
1924,32.06348384524195,897.1468919848135,654.6015883045759,907.1759277950893,893.2926405891477,-0.11259776965577077,0.04199210722136809,-6.4513769838618735,2.405970516645218,False,False
1925,32.08014885763552,899.1205288153394,654.804755914552,909.1076756205563,893.4975645592428,-0.10686003375448881,0.041816613207515715,-6.122628932757726,2.3959154503216666,False,False
1926,32.0968138700291,900.1082852414532,654.9033239376232,912.1384649424712,893.501888007823,-0.10398924370459342,0.050377507181055464,-5.958144779030569,2.886418543864475,False,False
1927,32.11347888242268,901.0966506066671,654.9998763310087,914.1264775129114,893.5459381530252,-0.10111721533360302,0.05456762350389264,-5.793589674730986,3.126494524831921,False,False
1928,32.13014389481625,903.0751587158557,655.1869193466532,916.1049856220999,893.7329811686698,-0.09536957337333901,0.05456762350389261,-5.464274048255559,3.12649452483192,False,False
1929,32.14680890720983,904.0652766455922,655.2774027139103,918.0355680650096,893.7702348025426,-0.09249402486162876,0.05851054432966574,-5.2995172547494365,3.352407247102957,False,False
1930,32.163473919603405,905.0559538874485,655.3658559422502,920.0829653859098,893.7944383845092,-0.08961736817971283,0.06294195930737169,-5.134696967767546,3.606308622596568,False,False
1931,32.180138931996986,907.0389362773968,655.536658298977,922.0659477758581,893.9652407412361,-0.08386086131675466,0.06294195930737169,-4.804873419781949,3.606308622596568,False,False
1932,32.19680394439056,907.0389362773968,655.536658298977,923.9891158444135,893.8362416235097,-0.08386086131675466,0.07101011124067805,-4.804873419781949,4.068579676845338,False,False
1933,32.21346895678414,908.0312163230114,655.6190007755536,926.0479547838476,893.8403204243915,-0.08098107682515414,0.07548654493392189,-4.639873922506013,4.325060434738369,False,False
1934,32.230133969177714,909.0240054773287,655.6992998103046,927.9564555946193,893.8495933909684,-0.07810031553789182,0.07933106674481738,-4.474818458961207,4.545335308748674,False,False
1935,32.24679898157129,910.0172911051638,655.7775522687045,928.9497412224545,893.9278458493683,-0.07521861047359851,0.07933106674481738,-4.309708920975725,4.545335308748674,False,False
1936,32.26346399396487,911.0860812842412,655.8594229838029,929.178404657622,894.075014066656,-0.07211840278120009,0.07580383736113715,-4.1320801045873035,4.343239951689266,False,False
1937,32.28012900635844,912.0053010805509,655.9279053045084,930.9377511978415,894.0781988851721,-0.06945250141431775,0.07933106674481738,-3.9793352076667876,4.545335308748674,False,False
1938,32.296794018752024,912.0053010805509,655.9279053045084,930.9377511978415,894.0781988851721,-0.06945250141431775,0.07933106674481738,-3.9793352076667876,4.545335308748674,False,False
1939,32.3134590311456,912.0053010805509,655.9279053045084,931.0167965943189,894.0719017401314,-0.06945250141431775,0.07966298504578605,-3.9793352076667876,4.564352826537331,False,False
1940,32.33012404353918,913.0000000000001,656.0,932.0114955137681,894.143996435623,-0.06656816377582347,0.07966298504578605,-3.8140748342903352,4.564352826537331,False,False
1941,32.34678905593275,913.0000000000001,656.0,933.0052584069684,894.0625750429294,-0.06656816377582347,0.08383664206841225,-3.8140748342903352,4.80348575906895,False,False
1942,32.36345406832633,913.0000000000001,656.0,932.0114955137681,894.143996435623,-0.06656816377582347,0.07966298504578605,-3.8140748342903352,4.564352826537331,False,False
1943,32.38011908071991,913.0000000000001,656.0,931.0167384608362,894.221319648838,-0.06656816377582347,0.07548654493392189,-3.8140748342903352,4.325060434738369,False,False
1944,32.39678409311348,912.0053010805509,655.9279053045084,930.022039541387,894.1492249533463,-0.06945250141431775,0.07548654493392189,-3.9793352076667876,4.325060434738369,False,False
1945,32.41344910550706,912.0053010805509,655.9279053045084,929.026339122944,894.2224378980184,-0.06945250141431775,0.07130746478528843,-3.9793352076667876,4.085616779974768,False,False
1946,32.43011411790064,911.0110605391551,655.8537550933938,929.0277989999912,894.0750747422318,-0.07233599471652268,0.07548654493392189,-4.144547204137371,4.325060434738369,False,False
1947,32.44677913029421,910.0172911051638,655.7775522687045,927.9590717894996,894.0045291329446,-0.07521861047359851,0.07517189263510794,-4.309708920975725,4.307032186002242,False,False
1948,32.46344414268779,909.0240054773287,655.6992998103046,926.0450435197218,893.9938324038146,-0.07810031553789182,0.07130746478528843,-4.474818458961207,4.085616779974768,False,False
1949,32.480109155081365,909.103117116653,655.7056088251702,925.1948699861213,894.0646982041741,-0.07787077990431979,0.06740826439028055,-4.461667035909668,3.8622090538650733,False,False
1950,32.496774167474946,908.0312163230114,655.6190007755536,923.0582278214728,894.0475832178126,-0.08098107682515414,0.06294195930737169,-4.639873922506013,3.606308622596568,False,False
1951,32.51343917986852,907.0389362773968,655.536658298977,921.0677244129313,894.02605660307,-0.08386086131675466,0.05875582271572093,-4.804873419781949,3.3664606634297005,False,False
1952,32.5301041922621,906.047177942712,655.4522755919295,920.0759660782464,893.9416738960224,-0.08673963606187748,0.05875582271572093,-4.969815062846337,3.3664606634297005,False,False
1953,32.546769204655675,905.0559538874485,655.3658559422502,918.0857807936927,893.9119177642667,-0.08961736817971283,0.05456762350389261,-5.134696967767546,3.12649452483192,False,False
1954,32.56343421704925,904.0652766455922,655.2774027139103,916.0954563466101,893.87596678411,-0.09249402486162876,0.050377507181055485,-5.2995172547494365,2.8864185438644765,False,False
1955,32.58009922944283,903.0751587158557,655.1869193466532,915.1053384168736,893.7854834168529,-0.09536957337333901,0.050377507181055485,-5.464274048255559,2.8864185438644765,False,False
1956,32.596764241836404,902.0856125609175,655.0944093556269,913.1155111510441,893.7413061238261,-0.09824398105705073,0.04618561965887638,-5.6289654771322155,2.6462410806500616,False,False
1957,32.613429254229985,901.0966506066671,654.9998763310087,911.1256864169429,893.6909286155806,-0.10111721533360302,0.04199210722136809,-5.793589674730986,2.405970516645218,False,False
1958,32.63009426662356,899.1205288153394,654.804755914552,909.1495646256152,893.4958081991238,-0.10686003375448881,0.04199210722136809,-6.122628932757726,2.405970516645218,False,False
1959,32.64675927901714,899.1205288153394,654.804755914552,908.1481725664394,893.5357795547635,-0.10686003375448881,0.03779711649456258,-6.122628932757726,2.1656152529027444,False,False
1960,32.66342429141071,898.1333936393654,654.7041760747369,907.1610373904654,893.4351997149485,-0.10972955315272101,0.03779711649456258,-6.28704028350735,2.1656152529027444,False,False
1961,32.68008930380429,897.1468919848135,654.6015883045759,906.1745357359134,893.3326119447875,-0.11259776965577077,0.03779711649456258,-6.4513769838618735,2.1656152529027444,False,False
1962,32.69675431619787,897.0430870580965,654.5906729480838,905.03531901284,893.3586025960615,-0.11289961007727958,0.03346031044964793,-6.468671166100778,1.9171345699623121,False,False
1963,32.71341932859144,896.0552251890912,654.4856477486603,904.0474571438347,893.2535773966379,-0.11577238293813122,0.033460310449647944,-6.6332689265273,1.917134569962313,False,False
1964,32.73008434098502,895.1758381219583,654.3904048836132,903.2016130635176,893.1572093950181,-0.11833016544988367,0.03360079441599073,-6.779819069363087,1.9251837083230126,False,False
1965,32.7467493533786,895.1758381219583,654.3904048836132,902.199320158211,893.1887941162177,-0.11833016544988367,0.02940328820400327,-6.779819069363087,1.6846843178961857,False,False
1966,32.76341436577218,894.191310250914,654.2818173691511,901.2147922871666,893.0802066017555,-0.12119428070769296,0.02940328820400327,-6.943920785674583,1.6846843178961857,False,False
1967,32.78007937816575,894.191310250914,654.2818173691511,901.2147922871666,893.0802066017555,-0.12119428070769296,0.02940328820400327,-6.943920785674583,1.6846843178961857,False,False
1968,32.796744390559326,894.191310250914,654.2818173691511,901.2147922871666,893.0802066017555,-0.12119428070769296,0.02940328820400327,-6.943920785674583,1.6846843178961857,False,False
1969,32.81340940295291,894.0814997514034,654.2695776996868,901.0756200737476,893.0688287054564,-0.12151376751776025,0.029280332345775904,-6.962226031501536,1.6776394661533487,False,False
1970,32.83007441534648,894.191310250914,654.2818173691511,901.2147922871666,893.0802066017555,-0.12119428070769296,0.02940328820400327,-6.943920785674583,1.6846843178961857,False,False
1971,32.84673942774006,894.191310250914,654.2818173691511,902.2170851924732,893.0486218805561,-0.12119428070769296,0.03360079441599072,-6.943920785674583,1.9251837083230119,False,False
1972,32.863404440133635,894.191310250914,654.2818173691511,902.2170851924732,893.0486218805561,-0.12119428070769296,0.03360079441599072,-6.943920785674583,1.9251837083230119,False,False
1973,32.880069452527216,895.1758381219583,654.3904048836132,902.1699584443026,893.1896558893828,-0.11833016544988367,0.029280332345775904,-6.779819069363087,1.6776394661533487,False,False
1974,32.89673446492079,895.1758381219583,654.3904048836132,904.2034818730583,893.1214285238248,-0.11833016544988367,0.03779711649456258,-6.779819069363087,2.1656152529027444,False,False
1975,32.913399477314364,896.1610360824809,654.4969965635116,905.1886798335809,893.2280202037232,-0.11546465110923557,0.03779711649456258,-6.615637191509737,2.1656152529027444,False,False
1976,32.930064489707945,897.1468919848135,654.6015883045759,906.1368167673814,893.3340353083373,-0.11259776965577077,0.03763911919938674,-6.4513769838618735,2.1565626747146864,False,False
1977,32.94672950210152,897.1468919848135,654.6015883045759,907.1759277950893,893.2926405891477,-0.11259776965577077,0.04199210722136809,-6.4513769838618735,2.405970516645218,False,False
1978,32.9633945144951,897.1468919848135,654.6015883045759,907.1759277950893,893.2926405891477,-0.11259776965577077,0.04199210722136809,-6.4513769838618735,2.405970516645218,False,False
1979,32.980059526888674,899.1205288153394,654.804755914552,909.1076756205563,893.4975645592428,-0.10686003375448881,0.041816613207515715,-6.122628932757726,2.3959154503216666,False,False
1980,32.996724539282255,899.1205288153394,654.804755914552,911.1507085163573,893.4033199847518,-0.10686003375448881,0.050377507181055464,-6.122628932757726,2.886418543864475,False,False
1981,33.01338955167583,899.1205288153394,654.804755914552,911.1507085163573,893.4033199847518,-0.10686003375448881,0.050377507181055464,-6.122628932757726,2.886418543864475,False,False
1982,33.0300545640694,901.0966506066671,654.9998763310087,913.126830307685,893.5984404012086,-0.10111721533360302,0.050377507181055464,-5.793589674730986,2.886418543864475,False,False
1983,33.04671957646298,901.0966506066671,654.9998763310087,914.1264775129114,893.5459381530252,-0.10111721533360302,0.05456762350389264,-5.793589674730986,3.126494524831921,False,False
1984,33.06338458885656,902.0856125609175,655.0944093556269,915.1154394671618,893.6404711776433,-0.09824398105705073,0.05456762350389264,-5.6289654771322155,3.126494524831921,False,False
1985,33.08004960125014,903.0751587158557,655.1869193466532,916.1049856220999,893.7329811686698,-0.09536957337333901,0.05456762350389261,-5.464274048255559,3.12649452483192,False,False
1986,33.09671461364371,903.0751587158557,655.1869193466532,917.1039468513901,893.6763176507461,-0.09536957337333901,0.05875582271572093,-5.464274048255559,3.3664606634297005,False,False
1987,33.113379626037286,904.0652766455922,655.2774027139103,918.0940647811267,893.7668010180032,-0.09249402486162876,0.05875582271572093,-5.2995172547494365,3.3664606634297005,False,False
1988,33.13004463843087,905.0559538874485,655.3658559422502,919.0262453068658,893.8586880308825,-0.08961736817971283,0.05851054432966574,-5.134696967767546,3.352407247102957,False,False
1989,33.14670965082444,905.0559538874485,655.3658559422502,920.0829653859098,893.7944383845092,-0.08961736817971283,0.06294195930737169,-5.134696967767546,3.606308622596568,False,False
1990,33.16337466321802,905.0559538874485,655.3658559422502,920.0829653859098,893.7944383845092,-0.08961736817971283,0.06294195930737169,-5.134696967767546,3.606308622596568,False,False
1991,33.1800396756116,905.0559538874485,655.3658559422502,921.0803991851855,893.7294797460928,-0.08961736817971283,0.06712588820209926,-5.134696967767546,3.8460300900472935,False,False
1992,33.19670468800518,906.047177942712,655.4522755919295,922.0048751265991,893.8203772762517,-0.08673963606187748,0.0668458644073945,-4.969815062846337,3.8299859084474726,False,False
1993,33.21336970039875,906.047177942712,655.4522755919295,922.071623240449,893.8158993957721,-0.08673963606187748,0.06712588820209926,-4.969815062846337,3.8460300900472935,False,False
1994,33.230034712792325,906.1324026084618,655.4596086771653,922.1568479061988,893.823232481008,-0.08649223469782906,0.06712588820209926,-4.955640008840582,3.8460300900472935,False,False
1995,33.246699725185906,907.0389362773968,655.536658298977,922.996633461284,893.9047599832993,-0.08386086131675466,0.0668458644073945,-4.804873419781949,3.8299859084474726,False,False
1996,33.26336473757948,906.047177942712,655.4522755919295,922.0048751265991,893.8203772762517,-0.08673963606187748,0.0668458644073945,-4.969815062846337,3.8299859084474726,False,False
1997,33.28002974997306,906.1324026084618,655.4596086771653,922.1568479061988,893.823232481008,-0.08649223469782906,0.06712588820209926,-4.955640008840582,3.8460300900472935,False,False
1998,33.296694762366634,907.0389362773968,655.536658298977,922.0033204584317,893.9691795834747,-0.08386086131675466,0.06267929449123597,-4.804873419781949,3.591259037205411,False,False
1999,33.313359774760215,906.047177942712,655.4522755919295,922.0048751265991,893.8203772762517,-0.08673963606187748,0.0668458644073945,-4.969815062846337,3.8299859084474726,False,False
2000,33.33002478715379,906.047177942712,655.4522755919295,921.0115621237469,893.8847968764271,-0.08673963606187748,0.06267929449123597,-4.969815062846337,3.591259037205411,False,False
2001,33.34668979954736,906.047177942712,655.4522755919295,922.0048751265991,893.8203772762517,-0.08673963606187748,0.0668458644073945,-4.969815062846337,3.8299859084474726,False,False
2002,33.363354811940944,905.0559538874485,655.3658559422502,920.0203380684834,893.7983772267478,-0.08961736817971283,0.06267929449123597,-5.134696967767546,3.591259037205411,False,False
2003,33.38001982433452,905.0559538874485,655.3658559422502,920.0829653859098,893.7944383845092,-0.08961736817971283,0.06294195930737169,-5.134696967767546,3.606308622596568,False,False
2004,33.3966848367281,905.0559538874485,655.3658559422502,919.0847420229829,893.8552542463431,-0.08961736817971283,0.05875582271572093,-5.134696967767546,3.3664606634297005,False,False
2005,33.41334984912167,905.0559538874485,655.3658559422502,918.0857807936927,893.9119177642667,-0.08961736817971283,0.05456762350389261,-5.134696967767546,3.12649452483192,False,False
2006,33.430014861515254,904.0652766455922,655.2774027139103,918.0355680650096,893.7702348025426,-0.09249402486162876,0.05851054432966574,-5.2995172547494365,3.352407247102957,False,False
2007,33.44667987390883,903.0751587158557,655.1869193466532,916.0506286779263,893.735944033956,-0.09536957337333901,0.05433975721276768,-5.464274048255559,3.113438748057162,False,False
2008,33.4633448863024,903.0751587158557,655.1869193466532,916.1049856220999,893.7329811686698,-0.09536957337333901,0.05456762350389261,-5.464274048255559,3.12649452483192,False,False
2009,33.48000989869598,903.1664665998868,655.1953507239534,915.2472770239366,893.7913565989433,-0.09510437088146986,0.05058970876938326,-5.449079064755104,2.8985767992816305,False,False
2010,33.49667491108956,902.0856125609175,655.0944093556269,914.0655836221127,893.6954996577731,-0.09824398105705073,0.050167076854137224,-5.6289654771322155,2.874361774250502,False,False
2011,33.51333992348314,902.0856125609175,655.0944093556269,913.1155111510441,893.7413061238261,-0.09824398105705073,0.04618561965887638,-5.6289654771322155,2.6462410806500616,False,False
2012,33.53000493587671,901.0966506066671,654.9998763310087,913.126830307685,893.5984404012086,-0.10111721533360302,0.050377507181055464,-5.793589674730986,2.886418543864475,False,False
2013,33.54666994827029,901.0966506066671,654.9998763310087,912.080496751797,893.6488971206616,-0.10111721533360302,0.04599264736156693,-5.793589674730986,2.635184582451286,False,False
2014,33.563334960663866,900.1082852414532,654.9033239376232,911.0921313865831,893.552344727276,-0.10398924370459342,0.04599264736156693,-5.958144779030569,2.635184582451286,False,False
2015,33.57999997305744,900.1082852414532,654.9033239376232,911.0921313865831,893.552344727276,-0.10398924370459342,0.04599264736156693,-5.958144779030569,2.635184582451286,False,False
2016,33.59666498545102,900.1082852414532,654.9033239376232,911.1381838315798,893.5502207058224,-0.10398924370459342,0.04618561965887638,-5.958144779030569,2.6462410806500616,False,False
2017,33.613329997844595,899.1205288153394,654.804755914552,910.150427405466,893.4516526827512,-0.10686003375448881,0.04618561965887638,-6.122628932757726,2.6462410806500616,False,False
2018,33.629995010238176,899.1205288153394,654.804755914552,909.1076756205563,893.4975645592428,-0.10686003375448881,0.041816613207515715,-6.122628932757726,2.3959154503216666,False,False
2019,33.64666002263175,899.1205288153394,654.804755914552,910.150427405466,893.4516526827512,-0.10686003375448881,0.04618561965887638,-6.122628932757726,2.6462410806500616,False,False
2020,33.66332503502533,899.1205288153394,654.804755914552,910.1043749604693,893.4537767042048,-0.10686003375448881,0.04599264736156693,-6.122628932757726,2.635184582451286,False,False
2021,33.679990047418904,899.1205288153394,654.804755914552,909.1076756205563,893.4975645592428,-0.10686003375448881,0.041816613207515715,-6.122628932757726,2.3959154503216666,False,False
2022,33.69665505981248,899.1205288153394,654.804755914552,909.1076756205563,893.4975645592428,-0.10686003375448881,0.041816613207515715,-6.122628932757726,2.3959154503216666,False,False
2023,33.71332007220606,899.1205288153394,654.804755914552,909.1076756205563,893.4975645592428,-0.10686003375448881,0.041816613207515715,-6.122628932757726,2.3959154503216666,False,False
2024,33.72998508459963,899.1205288153394,654.804755914552,909.1076756205563,893.4975645592428,-0.10686003375448881,0.041816613207515715,-6.122628932757726,2.3959154503216666,False,False
2025,33.746650096993214,899.1205288153394,654.804755914552,909.1076756205563,893.4975645592428,-0.10686003375448881,0.041816613207515715,-6.122628932757726,2.3959154503216666,False,False
2026,33.76331510938679,898.1333936393654,654.7041760747369,909.1172397844953,893.3531968643897,-0.10972955315272101,0.04599264736156693,-6.28704028350735,2.635184582451286,False,False
2027,33.77998012178036,899.2198977800573,654.8147658106809,910.2497963701838,893.4616625788801,-0.10657120618383892,0.04618561965887638,-6.10608033195247,2.6462410806500616,False,False
2028,33.79664513417394,899.1205288153394,654.804755914552,911.1004998765346,893.4058462166981,-0.10686003375448881,0.050167076854137224,-6.122628932757726,2.874361774250502,False,False
2029,33.81331014656752,899.1205288153394,654.804755914552,910.1043749604693,893.4537767042048,-0.10686003375448881,0.04599264736156693,-6.122628932757726,2.635184582451286,False,False
2030,33.8299751589611,899.1205288153394,654.804755914552,910.1043749604693,893.4537767042048,-0.10686003375448881,0.04599264736156693,-6.122628932757726,2.635184582451286,False,False
2031,33.84664017135467,900.1082852414532,654.9033239376232,911.0921313865831,893.552344727276,-0.10398924370459342,0.04599264736156693,-5.958144779030569,2.635184582451286,False,False
2032,33.86330518374825,900.1082852414532,654.9033239376232,911.0921313865831,893.552344727276,-0.10398924370459342,0.04599264736156693,-5.958144779030569,2.635184582451286,False,False
2033,33.87997019614183,901.1919964044797,655.0090807622448,912.2218949946063,893.655977530444,-0.10084018396637297,0.04618561965887638,-5.777716946595965,2.6462410806500616,False,False
2034,33.8966352085354,901.1919964044797,655.0090807622448,913.2221761054976,893.6076448324445,-0.10084018396637297,0.050377507181055485,-5.777716946595965,2.8864185438644765,False,False
2035,33.91330022092898,901.1919964044797,655.0090807622448,912.2218949946063,893.655977530444,-0.10084018396637297,0.04618561965887638,-5.777716946595965,2.6462410806500616,False,False
2036,33.929965233322555,901.1919964044797,655.0090807622448,914.1674663665503,893.5581054495476,-0.10084018396637297,0.05433975721276768,-5.777716946595965,3.113438748057162,False,False
2037,33.946630245716136,901.1919964044797,655.0090807622448,914.221823310724,893.5551425842614,-0.10084018396637297,0.05456762350389261,-5.777716946595965,3.12649452483192,False,False
2038,33.96329525810971,902.1789412081677,655.1032231934225,914.2091209091856,893.7017872636222,-0.09797286014150572,0.050377507181055485,-5.613431392933763,2.8864185438644765,False,False
2039,33.97996027050329,902.1789412081677,655.1032231934225,915.2087681144119,893.6492850154391,-0.09797286014150572,0.05456762350389261,-5.613431392933763,3.12649452483192,False,False
2040,33.996625282896865,902.1789412081677,655.1032231934225,915.2087681144119,893.6492850154391,-0.09797286014150572,0.05456762350389261,-5.613431392933763,3.12649452483192,False,False
2041,34.01329029529044,902.1789412081677,655.1032231934225,914.2091209091856,893.7017872636222,-0.09797286014150572,0.050377507181055485,-5.613431392933763,2.8864185438644765,False,False
2042,34.02995530768402,903.1664665998868,655.1953507239534,915.1966463009047,893.7939147941531,-0.09510437088146986,0.050377507181055485,-5.449079064755104,2.8864185438644765,False,False
2043,34.046620320077594,903.1664665998868,655.1953507239534,916.196293506131,893.74141254597,-0.09510437088146986,0.05456762350389261,-5.449079064755104,3.12649452483192,False,False
2044,34.063285332471175,903.1664665998868,655.1953507239534,916.196293506131,893.74141254597,-0.09510437088146986,0.05456762350389261,-5.449079064755104,3.12649452483192,False,False
2045,34.07995034486475,903.1664665998868,655.1953507239534,916.196293506131,893.74141254597,-0.09510437088146986,0.05456762350389261,-5.449079064755104,3.12649452483192,False,False
2046,34.09661535725833,903.1664665998868,655.1953507239534,916.196293506131,893.74141254597,-0.09510437088146986,0.05456762350389261,-5.449079064755104,3.12649452483192,False,False
2047,34.1132803696519,903.1664665998868,655.1953507239534,916.196293506131,893.74141254597,-0.09510437088146986,0.05456762350389261,-5.449079064755104,3.12649452483192,False,False
2048,34.12994538204548,903.1664665998868,655.1953507239534,916.196293506131,893.74141254597,-0.09510437088146986,0.05456762350389261,-5.449079064755104,3.12649452483192,False,False
2049,34.14661039443906,903.0751587158557,655.1869193466532,916.0506286779263,893.735944033956,-0.09536957337333901,0.05433975721276768,-5.464274048255559,3.113438748057162,False,False
2050,34.16327540683263,902.1789412081677,655.1032231934225,915.2087681144119,893.6492850154391,-0.09797286014150572,0.05456762350389261,-5.613431392933763,3.12649452483192,False,False
2051,34.17994041922621,902.1789412081677,655.1032231934225,915.2087681144119,893.6492850154391,-0.09797286014150572,0.05456762350389261,-5.613431392933763,3.12649452483192,False,False
2052,34.19660543161979,902.1789412081677,655.1032231934225,915.2087681144119,893.6492850154391,-0.09797286014150572,0.05456762350389261,-5.613431392933763,3.12649452483192,False,False
2053,34.21327044401337,902.1789412081677,655.1032231934225,914.2091209091856,893.7017872636222,-0.09797286014150572,0.050377507181055485,-5.613431392933763,2.8864185438644765,False,False
2054,34.22993545640694,901.1919964044797,655.0090807622448,914.221823310724,893.5551425842614,-0.10084018396637297,0.05456762350389261,-5.777716946595965,3.12649452483192,False,False
2055,34.24660046880052,902.1789412081677,655.1032231934225,915.2087681144119,893.6492850154391,-0.09797286014150572,0.05456762350389261,-5.613431392933763,3.12649452483192,False,False
2056,34.2632654811941,902.1789412081677,655.1032231934225,914.2091209091856,893.7017872636222,-0.09797286014150572,0.050377507181055485,-5.613431392933763,2.8864185438644765,False,False
2057,34.27993049358767,901.1919964044797,655.0090807622448,914.221823310724,893.5551425842614,-0.10084018396637297,0.05456762350389261,-5.777716946595965,3.12649452483192,False,False
2058,34.29659550598125,902.1789412081677,655.1032231934225,914.2091209091856,893.7017872636222,-0.09797286014150572,0.050377507181055485,-5.613431392933763,2.8864185438644765,False,False
2059,34.313260518374825,902.0856125609175,655.0944093556269,914.0655836221127,893.6954996577731,-0.09824398105705073,0.050167076854137224,-5.6289654771322155,2.874361774250502,False,False
2060,34.329925530768406,901.1919964044797,655.0090807622448,913.2221761054976,893.6076448324445,-0.10084018396637297,0.050377507181055485,-5.777716946595965,2.8864185438644765,False,False
2061,34.34659054316198,901.1919964044797,655.0090807622448,913.2221761054976,893.6076448324445,-0.10084018396637297,0.050377507181055485,-5.777716946595965,2.8864185438644765,False,False
