frame,time_s,Gx,Gy,Bx,By,theta1_rad,theta2_rel_rad,theta1_deg,theta2_rel_deg,theta1_rad_filled,theta1_interpolated,theta1_deg_filled,theta2_rel_rad_filled,theta2_rel_interpolated,theta2_rel_deg_filled
0,0.0,1232,122,1265.0,367.0,1.7715634180369637,0.1338880725326448,101.50310699328836,-93.83188551002637,1.7715634180369637,False,101.50310699328836,0.13388807253264456,False,7.671221483261976
1,0.01666499064148375,1231,122,1264.0,367.0,1.7722514042635846,0.1338880725326448,101.54252570043687,-93.87130421717488,1.772251404263585,False,101.5425257004369,0.13388807253264456,False,7.671221483261976
2,0.0333299812829675,1231,122,1264.0,367.0,1.7722514042635846,0.1338880725326448,101.54252570043687,-93.87130421717488,1.772251404263585,False,101.5425257004369,0.13388807253264456,False,7.671221483261976
3,0.04999497192445125,1231,123,1264.0,367.0,1.7688689346117388,0.13443022037090124,101.34872446505501,-93.64644019878878,1.7688689346117386,False,101.348724465055,0.13443022037090113,False,7.702284266266219
4,0.066659962565935,1231,122,1263.0,368.0,1.7722514042635846,0.12935495288071977,101.54252570043687,-94.13103284125799,1.772251404263585,False,101.5425257004369,0.12935495288071985,False,7.411492859178877
5,0.08332495320741874,1231,122,1264.0,368.0,1.7722514042635846,0.13335025417155244,101.54252570043687,-93.90211893941012,1.772251404263585,False,101.5425257004369,0.13335025417155233,False,7.640406761026749
6,0.0999899438489025,1232,123,1264.0,368.0,1.7681918866447774,0.12987702677200896,101.30993247402021,-93.8685269842765,1.768191886644777,False,101.3099324740202,0.12987702677200907,False,7.441405489743722
7,0.11665493449038625,1231,123,1263.0,368.0,1.7688689346117388,0.12987702677200896,101.34872446505501,-93.90731897531131,1.7688689346117386,False,101.348724465055,0.12987702677200907,False,7.441405489743722
8,0.13331992513187,1231,123,1263.0,369.0,1.7688689346117388,0.12935495288071977,101.34872446505501,-93.93723160587614,1.7688689346117386,False,101.348724465055,0.12935495288071985,False,7.411492859178877
9,0.14998491577335374,1232,123,1264.0,368.0,1.7681918866447774,0.12987702677200896,101.30993247402021,-93.8685269842765,1.768191886644777,False,101.3099324740202,0.12987702677200907,False,7.441405489743722
10,0.16664990641483748,1231,122,1263.0,368.0,1.7722514042635846,0.12935495288071977,101.54252570043687,-94.13103284125799,1.772251404263585,False,101.5425257004369,0.12935495288071985,False,7.411492859178877
11,0.18331489705632123,1231,122,1264.0,368.0,1.7722514042635846,0.13335025417155244,101.54252570043687,-93.90211893941012,1.772251404263585,False,101.5425257004369,0.13335025417155233,False,7.640406761026749
12,0.199979887697805,1231,121,1264.0,367.0,1.7756292072547932,0.13335025417155244,101.73605955585978,-94.09565279483304,1.7756292072547932,False,101.73605955585978,0.13335025417155233,False,7.640406761026749
13,0.21664487833928875,1230,121,1264.0,366.0,1.776332819412541,0.1378947889527502,101.77637356291282,-93.87558413907303,1.7763328194125414,False,101.77637356291285,0.13789478895275042,False,7.900789423839808
14,0.2333098689807725,1231,120,1265.0,365.0,1.779002276318884,0.1378947889527502,101.92932217723833,-94.02853275339854,1.7790022763188844,False,101.92932217723836,0.13789478895275042,False,7.900789423839808
15,0.24997485962225624,1231,120,1265.0,365.0,1.779002276318884,0.1378947889527502,101.92932217723833,-94.02853275339854,1.7790022763188844,False,101.92932217723836,0.13789478895275042,False,7.900789423839808
16,0.26663985026374,1229,119,1264.0,364.0,1.7838262346966895,0.14189705460416394,102.20571463283336,-94.07561227867738,1.78382623469669,False,102.20571463283339,0.14189705460416402,False,8.130102354155985
17,0.28330484090522373,1229,118,1265.0,363.0,1.7872113320830008,0.14589474889865528,102.39966642630976,-94.0405130612959,1.7872113320830003,False,102.39966642630974,0.14589474889865528,False,8.359153365013864
18,0.2999698315467075,1230,118,1265.0,362.0,1.7864701487160348,0.14247077800650498,102.35719974753732,-94.19422546381931,1.7864701487160346,False,102.35719974753731,0.14247077800650487,False,8.162974283718002
19,0.3166348221881912,1229,117,1265.0,362.0,1.790591398318929,0.14589474889865528,102.59332995610312,-94.23417659108925,1.790591398318929,False,102.59332995610312,0.14589474889865528,False,8.359153365013864
20,0.33329981282967497,1229,117,1265.0,362.0,1.790591398318929,0.14589474889865528,102.59332995610312,-94.23417659108925,1.790591398318929,False,102.59332995610312,0.14589474889865528,False,8.359153365013864
21,0.3499648034711587,1229,117,1265.0,362.0,1.790591398318929,0.14589474889865528,102.59332995610312,-94.23417659108925,1.790591398318929,False,102.59332995610312,0.14589474889865528,False,8.359153365013864
22,0.36662979411264246,1229,117,1265.0,362.0,1.790591398318929,0.14589474889865528,102.59332995610312,-94.23417659108925,1.790591398318929,False,102.59332995610312,0.14589474889865528,False,8.359153365013864
23,0.3832947847541262,1229,117,1266.0,363.0,1.790591398318929,0.14928748286981205,102.59332995610312,-94.03978725353132,1.790591398318929,False,102.59332995610312,0.14928748286981186,False,8.553542702571795
24,0.39995977539561,1229,117,1265.0,362.0,1.790591398318929,0.14589474889865528,102.59332995610312,-94.23417659108925,1.790591398318929,False,102.59332995610312,0.14589474889865528,False,8.359153365013864
25,0.41662476603709375,1229,117,1265.0,363.0,1.790591398318929,0.14531001063570212,102.59332995610312,-94.26767962567628,1.790591398318929,False,102.59332995610312,0.14531001063570192,False,8.325650330426825
26,0.4332897566785775,1229,118,1265.0,363.0,1.7872113320830008,0.14589474889865528,102.39966642630976,-94.0405130612959,1.7872113320830003,False,102.39966642630974,0.14589474889865528,False,8.359153365013864
27,0.44995474732006124,1229,118,1265.0,363.0,1.7872113320830008,0.14589474889865528,102.39966642630976,-94.0405130612959,1.7872113320830003,False,102.39966642630974,0.14589474889865528,False,8.359153365013864
28,0.466619737961545,1229,118,1264.0,363.0,1.7872113320830008,0.14189705460416394,102.39966642630976,-94.26956407215378,1.7872113320830003,False,102.39966642630974,0.14189705460416402,False,8.130102354155985
29,0.48328472860302873,1229,118,1264.0,364.0,1.7872113320830008,0.1413279027020455,102.39966642630976,-94.30217407404702,1.7872113320830003,False,102.39966642630974,0.14132790270204554,False,8.097492352262753
30,0.4999497192445125,1229,118,1265.0,364.0,1.7872113320830008,0.14531001063570212,102.39966642630976,-94.07401609588293,1.7872113320830003,False,102.39966642630974,0.14531001063570192,False,8.325650330426825
31,0.5166147098859962,1229,118,1264.0,364.0,1.7872113320830008,0.1413279027020455,102.39966642630976,-94.30217407404702,1.7872113320830003,False,102.39966642630974,0.14132790270204554,False,8.097492352262753
32,0.53327970052748,1229,118,1264.0,363.0,1.7872113320830008,0.14189705460416394,102.39966642630976,-94.26956407215378,1.7872113320830003,False,102.39966642630974,0.14189705460416402,False,8.130102354155985
33,0.5499446911689637,1229,118,1265.0,362.0,1.7872113320830008,0.1464841783935612,102.39966642630976,-94.00674123891726,1.7872113320830003,False,102.39966642630974,0.14648417839356132,False,8.392925187392507
34,0.5666096818104475,1228,116,1264.0,361.0,1.7947343243961746,0.14589474889865528,102.83070213516399,-94.47154877015012,1.7947343243961749,False,102.830702135164,0.14589474889865528,False,8.359153365013864
35,0.5832746724519312,1228,116,1265.0,361.0,1.7947343243961746,0.14988775210772984,102.83070213516399,-94.24276653868796,1.7947343243961749,False,102.830702135164,0.14988775210772998,False,8.587935596476036
36,0.599939663093415,1228,115,1265.0,359.0,1.798114925321731,0.15049283143011463,103.02439630041638,-94.40179221249707,1.7981149253217312,False,103.0243963004164,0.15049283143011483,False,8.622604087919324
37,0.6166046537348987,1227,114,1265.0,358.0,1.8022850831417392,0.1544966169343811,103.26332874340633,-94.41132464401689,1.8022850831417392,False,103.26332874340633,0.15449661693438088,False,8.852004099389427
38,0.6332696443763824,1227,112,1265.0,357.0,1.8090410849736416,0.15387594538204247,103.65041913475699,-94.8339768957804,1.8090410849736411,False,103.65041913475696,0.15387594538204263,False,8.816442238976613
39,0.6499346350178662,1227,111,1265.0,355.0,1.8124108310404303,0.1544966169343811,103.8434913624148,-94.99148726302535,1.81241083104043,False,103.84349136241478,0.15449661693438088,False,8.852004099389427
40,0.6665996256593499,1225,110,1265.0,354.0,1.8174670356842992,0.1624891092172034,104.13319054886293,-94.82325037387689,1.8174670356842988,False,104.1331905488629,0.16248910921720316,False,9.309940174986025
41,0.6832646163008337,1225,109,1266.0,353.0,1.8208467976592455,0.16647758028683812,104.32683664578616,-94.78837391180002,1.8208467976592457,False,104.32683664578616,0.16647758028683812,False,9.538462733986137
42,0.6999296069423174,1224,107,1266.0,352.0,1.8284754077780339,0.16977827396833844,104.76392380914352,-95.03634525774191,1.8284754077780336,False,104.7639238091435,0.16977827396833867,False,9.727578551401617
43,0.7165945975838012,1224,107,1266.0,351.0,1.8284754077780339,0.1704607124429239,104.76392380914352,-94.99724441337082,1.8284754077780336,False,104.7639238091435,0.17046071244292405,False,9.766679395772705
44,0.7332595882252849,1224,106,1266.0,351.0,1.831848055739586,0.16977827396833844,104.95716230312385,-95.22958375172225,1.8318480557395862,False,104.95716230312387,0.16977827396833867,False,9.727578551401617
45,0.7499245788667687,1223,106,1266.0,350.0,1.8327512876001983,0.17443839026805316,105.0089136766587,-95.01433012924332,1.832751287600198,False,105.00891367665866,0.1744383902680533,False,9.994583547415386
46,0.7665895695082524,1223,106,1266.0,350.0,1.8327512876001983,0.17443839026805316,105.0089136766587,-95.01433012924332,1.832751287600198,False,105.00891367665866,0.1744383902680533,False,9.994583547415386
47,0.7832545601497363,1223,106,1266.0,351.0,1.8327512876001983,0.1737406669069362,105.0089136766587,-95.054306733103,1.832751287600198,False,105.00891367665866,0.17374066690693635,False,9.954606943555703
48,0.79991955079122,1223,106,1266.0,351.0,1.8327512876001983,0.1737406669069362,105.0089136766587,-95.054306733103,1.832751287600198,False,105.00891367665866,0.17374066690693635,False,9.954606943555703
49,0.8165845414327038,1223,106,1265.0,351.0,1.8327512876001983,0.16977827396833844,105.0089136766587,-95.28133512525709,1.832751287600198,False,105.00891367665866,0.16977827396833867,False,9.727578551401617
50,0.8332495320741875,1224,107,1265.0,352.0,1.8284754077780339,0.16581049068663284,104.76392380914352,-95.26368249380621,1.8284754077780336,False,104.7639238091435,0.16581049068663267,False,9.500241315337295
51,0.8499145227156713,1224,107,1265.0,352.0,1.8284754077780339,0.16581049068663284,104.76392380914352,-95.26368249380621,1.8284754077780336,False,104.7639238091435,0.16581049068663267,False,9.500241315337295
52,0.866579513357155,1224,108,1265.0,353.0,1.8250967538049139,0.16581049068663284,104.57034119604863,-95.07009988071133,1.8250967538049139,False,104.57034119604863,0.16581049068663267,False,9.500241315337295
53,0.8832445039986387,1225,109,1265.0,354.0,1.8208467976592455,0.16183743123842292,104.32683664578616,-95.05423486858585,1.8208467976592457,False,104.32683664578616,0.16183743123842298,False,9.272601777200304
54,0.8999094946401225,1225,109,1264.0,354.0,1.8208467976592455,0.15785921077041082,104.32683664578616,-95.2821701113755,1.8208467976592457,False,104.32683664578616,0.15785921077041065,False,9.04466653441064
55,0.9165744852816062,1225,109,1264.0,355.0,1.8208467976592455,0.15722805097656892,104.32683664578616,-95.31833290376099,1.8208467976592457,False,104.32683664578616,0.1572280509765691,False,9.008503742025171
56,0.93323947592309,1225,110,1264.0,356.0,1.8174670356842992,0.15722805097656892,104.13319054886293,-95.12468680683777,1.8174670356842988,False,104.1331905488629,0.1572280509765691,False,9.008503742025171
57,0.9499044665645737,1226,110,1264.0,356.0,1.816618160042352,0.15326020186845465,104.0845535572479,-95.30339082286244,1.8166181600423519,False,104.08455355724789,0.1532602018684548,False,8.781162734385473
58,0.9665694572060575,1225,110,1263.0,356.0,1.8174670356842992,0.15326020186845465,104.13319054886293,-95.35202781447747,1.8174670356842988,False,104.1331905488629,0.1532602018684548,False,8.781162734385473
59,0.9832344478475412,1226,111,1264.0,356.0,1.813243349760752,0.15387594538204247,103.89119117145486,-95.07474893247826,1.8132433497607519,False,103.89119117145485,0.15387594538204263,False,8.816442238976613
60,0.999899438489025,1225,110,1263.0,356.0,1.8174670356842992,0.15326020186845465,104.13319054886293,-95.35202781447747,1.8174670356842988,False,104.1331905488629,0.1532602018684548,False,8.781162734385473
61,1.0165644291305087,1225,111,1263.0,356.0,1.8140815114390456,0.15387594538204247,103.93921429817068,-95.12277205919409,1.8140815114390456,False,103.93921429817068,0.15387594538204263,False,8.816442238976613
62,1.0332294197719925,1226,111,1263.0,356.0,1.813243349760752,0.14988775210772984,103.89119117145486,-95.30325557497883,1.8132433497607519,False,103.89119117145485,0.14988775210772998,False,8.587935596476036
63,1.0498944104134762,1226,111,1263.0,356.0,1.813243349760752,0.14988775210772984,103.89119117145486,-95.30325557497883,1.8132433497607519,False,103.89119117145485,0.14988775210772998,False,8.587935596476036
64,1.06655940105496,1226,111,1263.0,356.0,1.813243349760752,0.14988775210772984,103.89119117145486,-95.30325557497883,1.8132433497607519,False,103.89119117145485,0.14988775210772998,False,8.587935596476036
65,1.0832243916964437,1226,111,1263.0,357.0,1.813243349760752,0.14928748286981205,103.89119117145486,-95.33764846888306,1.8132433497607519,False,103.89119117145485,0.14928748286981186,False,8.553542702571795
66,1.0998893823379274,1226,111,1263.0,356.0,1.813243349760752,0.14988775210772984,103.89119117145486,-95.30325557497883,1.8132433497607519,False,103.89119117145485,0.14988775210772998,False,8.587935596476036
67,1.1165543729794112,1226,111,1263.0,356.0,1.813243349760752,0.14988775210772984,103.89119117145486,-95.30325557497883,1.8132433497607519,False,103.89119117145485,0.14988775210772998,False,8.587935596476036
68,1.133219363620895,1226,111,1263.0,357.0,1.813243349760752,0.14928748286981205,103.89119117145486,-95.33764846888306,1.8132433497607519,False,103.89119117145485,0.14928748286981186,False,8.553542702571795
69,1.1498843542623787,1226,111,1263.0,355.0,1.813243349760752,0.15049283143011463,103.89119117145486,-95.26858708353555,1.8132433497607519,False,103.89119117145485,0.15049283143011483,False,8.622604087919324
70,1.1665493449038624,1225,110,1263.0,354.0,1.8174670356842992,0.1544966169343811,104.13319054886293,-95.2811864494735,1.8174670356842988,False,104.1331905488629,0.15449661693438088,False,8.852004099389427
71,1.1832143355453462,1225,109,1263.0,354.0,1.8208467976592455,0.15387594538204247,104.32683664578616,-95.51039440680955,1.8208467976592457,False,104.32683664578616,0.15387594538204263,False,8.816442238976613
72,1.19987932618683,1225,109,1263.0,354.0,1.8208467976592455,0.15387594538204247,104.32683664578616,-95.51039440680955,1.8208467976592457,False,104.32683664578616,0.15387594538204263,False,8.816442238976613
73,1.2165443168283137,1227,113,1263.0,360.0,1.80566581450853,0.14472990821600162,103.45703038239094,-95.16461747229827,1.8056658145085303,False,103.45703038239095,0.14472990821600185,False,8.292412910092683
74,1.2332093074697974,1231,122,1262.0,370.0,1.7722514042635846,0.12435499454676144,101.54252570043687,-94.41750935153507,1.772251404263585,False,101.5425257004369,0.12435499454676124,False,7.125016348901787
75,1.2498742981112811,1236,136,1263.0,385.0,1.7218851883163293,0.10801172470004632,98.65675409661463,-92.46813813337305,1.721885188316329,False,98.65675409661462,0.1080117247000465,False,6.188615963241612
76,1.266539288752765,1242,155,1261.0,405.0,1.6553400823078948,0.07585417968892597,94.84400037508068,-90.49787602047824,1.6553400823078945,False,94.84400037508067,0.07585417968892605,False,4.346124354602434
77,1.2832042793942486,1249,180,1260.0,432.0,1.5707963267948966,0.04362310134815475,90.0,-87.50058040347928,1.5707963267948966,False,90.0,0.04362310134815495,False,2.49941959652073
78,1.2998692700357324,1254,212,1260.0,463.0,1.4669368542219503,0.023899830887099145,84.04929055911545,-82.67993111820826,1.4669368542219505,False,84.04929055911546,0.023899830887099238,False,1.3693594409071927
79,1.3165342606772161,1258,248,1259.0,499.0,1.3555345227623805,0.003984042665852909,77.66640713856462,-77.43813830841121,1.3555345227623805,False,77.66640713856462,0.00398404266585306,False,0.22826883015342966
80,1.3331992513186999,1256,291,1260.0,541.0,1.2259285040139614,0.015998634876343527,70.24052926478679,-69.3238750084015,1.225928504013961,False,70.24052926478676,0.015998634876343676,False,0.9166542563852963
81,1.3498642419601836,1249,340,1263.0,589.0,1.083592866212971,0.056165764933164455,62.0852979444873,-58.8672366606931,1.083592866212971,False,62.0852979444873,0.056165764933164386,False,3.2180612837941975
82,1.3665292326016674,1233,393,1268.0,638.0,0.9306603202742743,0.14189705460416394,53.3229085120094,-45.19280615785341,0.9306603202742743,False,53.3229085120094,0.14189705460416402,False,8.130102354155985
83,1.383194223243151,1204,450,1274.0,682.0,0.7607352334177934,0.2930378208285154,43.5869182017391,-26.79708783055437,0.7607352334177935,False,43.58691820173911,0.29303782082851537,False,16.78983037118474
84,1.3998592138846349,1160,507,1277.0,714.0,0.5773420266064225,0.5144513130590278,33.079261460077696,-3.6033724568319543,0.5773420266064226,False,33.0792614600777,0.5144513130590278,False,29.475889003245747
85,1.4165242045261186,1101,558,1264.0,725.0,0.3868757177310281,0.7732775448553582,22.16634582208246,22.13919389036777,0.38687571773102825,False,22.16634582208247,0.7732775448553584,False,44.30553971245024
86,1.4331891951676023,1032,594,1228.0,719.0,0.2024999238714816,1.003077337242241,11.602390989556365,45.8697069596448,0.20249992387148152,False,11.602390989556362,1.0030773372422406,False,57.472097949201135
87,1.449854185809086,960,614,1174.0,713.0,0.02994496328136772,1.1374999258658443,1.7157200136965909,63.458224934860304,0.02994496328136753,False,1.7157200136965802,1.1374999258658445,False,65.17394494855691
88,1.4665191764505698,888,619,1109.0,709.0,-0.13359584043561396,1.1840643491807454,-7.6544778174638655,75.49636769742516,-0.13359584043561412,False,-7.654477817463874,1.1840643491807459,False,67.84188987996133
89,1.4831841670920536,820,610,1034.0,714.0,-0.28718422914971314,1.118426435132486,-16.454444272996472,80.53555870195007,-0.2871842291497133,False,-16.454444272996483,1.118426435132486,False,64.08111442895358
90,1.4998491577335373,758,590,954.0,726.0,-0.4319436666929693,0.9641912182003697,-24.74854908891269,79.99263653537132,-0.43194366669296924,False,-24.748549088912686,0.9641912182003693,False,55.24408744645861
91,1.516514148375021,706,561,863.0,740.0,-0.5640072099556976,0.7200153013186058,-32.315232745410384,73.56907069580673,-0.5640072099556974,False,-32.31523274541037,0.7200153013186057,False,41.25383795039637
92,1.5331791390165048,664,529,757.0,747.0,-0.6813449477099053,0.40322973795400596,-39.03818989633934,62.14155205527003,-0.6813449477099054,False,-39.03818989633935,0.40322973795400596,False,23.10336215893069
93,1.5498441296579888,634,499,642.0,738.0,-0.7759047777167938,0.033460310449650164,-44.45606906720857,46.37320363717101,-0.7759047777167938,False,-44.45606906720857,0.033460310449650255,False,1.9171345699624454
94,1.5665091202994725,614,476,526.0,697.0,-0.844153986113171,-0.37894509813114835,-48.366460663429805,26.65450587334418,-0.844153986113171,False,-48.366460663429805,-0.3789450981311484,False,-21.711954790085624
95,1.5831741109409563,604,461,428.0,623.0,-0.8844320968370645,-0.8267946189469824,-50.67422641466952,3.3023842248802895,-0.8844320968370645,False,-50.67422641466952,-0.8267946189469821,False,-47.371842189789206
96,1.59983910158244,597,451,368.0,521.0,-0.9119326670748565,-1.2741395791856025,-52.24989302349809,-20.752927374411694,-0.9119326670748564,False,-52.24989302349808,-1.2741395791856025,False,-73.00282039790977
97,1.6165040922239238,592,442,353.0,409.0,-0.9350013211245455,-1.7080040840009243,-53.57162953959264,-44.289795864768465,-0.9350013211245454,False,-53.571629539592635,-1.7080040840009243,False,-97.8614254043611
98,1.6331690828654075,585,430,377.0,308.0,-0.9664017489393238,-2.1012588303831987,-55.37074152828464,-65.02252111726837,-0.9664017489393237,False,-55.37074152828463,-2.1012588303831987,False,-120.393262645553
99,1.6498340735068913,577,414,427.0,225.0,-1.006870185321622,-2.4707351869890264,-57.68941213648399,-83.87328637245349,-1.0068701853216222,False,-57.689412136484,-2.4707351869890264,False,-141.56269850893747
100,1.666499064148375,569,395,494.0,166.0,-1.0536467871914446,-2.8250913948096774,-60.36951400358858,-101.4962996577329,-1.0536467871914446,False,-60.36951400358858,-2.8250913948096774,False,-161.86581366132148
101,1.6831640547898588,561,375,568.0,133.0,-1.1030122367330704,3.1126750969808605,-63.197945916089765,-118.4589080314327,-1.1030122367330701,False,-63.19794591608975,3.11267509698086,False,178.3431460524775
102,1.6998290454313425,554,353,644.0,126.0,-1.1561189201517366,2.7641280921908393,-66.24073473991673,-135.38639154400008,-1.1561189201517366,False,-66.24073473991673,2.7641280921908384,False,158.37287371608318
103,1.7164940360728262,549,331,712.0,147.0,-1.208176349168495,2.416639500490638,-69.22340571487885,-152.3133503024042,-1.208176349168495,False,-69.22340571487885,2.4166395004906374,False,138.46324398271696
104,1.73315902671431,545,311,766.0,193.0,-1.2557771591333982,2.0612232468154685,-71.95073122727207,-169.94987609594918,-1.2557771591333982,False,-71.95073122727207,2.0612232468154676,False,118.0993926767787
105,1.7498240173557937,543,292,,,-1.3003602016418965,,-74.50515140086137,,-1.3003602016418965,False,-74.50515140086137,1.7034906435588795,True,97.60282431594827
106,1.7664890079972775,542,280,791.0,337.0,-1.3287246322237776,1.3457580403022915,-76.13031356149496,153.2365695166128,-1.3287246322237776,False,-76.13031356149496,1.3457580403022904,False,77.10625595511779
107,1.7831539986387612,542,274,763.0,406.0,-1.3427355360180673,1.0323754914179417,-76.93307921607159,136.08383774706402,-1.3427355360180673,False,-76.93307921607159,1.032375491417941,False,59.15075853099236
108,1.799818989280245,542,279,715.0,471.0,-1.33105321792444,0.7333903102361539,-76.26373169437744,118.28390120669916,-1.33105321792444,False,-76.26373169437744,0.7333903102361532,False,42.02016951232167
109,1.8164839799217287,543,293,655.0,524.0,-1.2980630805004112,0.4514530915525543,-74.373536054424,100.23989284851851,-1.2980630805004112,False,-74.373536054424,0.451453091552553,False,25.866356794094443
110,1.8331489705632125,546,317,590.0,569.0,-1.2415832243630056,0.17286060678714493,-71.13747867024459,81.04166188321848,-1.2415832243630056,False,-71.13747867024459,0.1728606067871441,False,9.90418321297383
111,1.8498139612046962,554,351,524.0,602.0,-1.160389890530817,-0.1189575984805772,-66.48544331706343,59.669674983114476,-1.160389890530817,False,-66.48544331706343,-0.11895759848057796,False,-6.815768333948972
112,1.86647895184618,568,395,459.0,616.0,-1.054781429186597,-0.4582030167025191,-60.43452420116911,34.18142518395241,-1.0547814291865967,False,-60.4345242011691,-0.4582030167025204,False,-26.253099017216787
113,1.8831439424876637,595,448,413.0,604.0,-0.920062071090453,-0.8621700546672264,-52.71567356354847,3.316968208552933,-0.9200620710904532,False,-52.715673563548485,-0.8621700546672271,False,-49.39870535499558
114,1.8998089331291474,635,501,408.0,567.0,-0.7711811118679596,-1.2878482410733834,-44.18542295024029,-29.602845916611173,-0.7711811118679597,False,-44.185422950240294,-1.2878482410733838,False,-73.78826886685148
115,1.9164739237706312,682,545,442.0,525.0,-0.6279812906708576,-1.6539375586833378,-35.98067756861832,-58.782964122107856,-0.6279812906708577,False,-35.980677568618326,-1.6539375586833387,False,-94.76364169072623
116,1.933138914412115,732,577,502.0,492.0,-0.49634160433421687,-1.9247937636267927,-28.438279125102834,-81.84427996381378,-0.49634160433421703,False,-28.438279125102845,-1.924793763626793,False,-110.28255908891663
117,1.9498039050535987,785,600,574.0,471.0,-0.3681307713251636,-2.119537410285822,-21.0923395058275,-100.34820862363846,-0.3681307713251636,False,-21.0923395058275,-2.1195374102858224,False,-121.44054812946598
118,1.9664688956950824,842,615,647.0,460.0,-0.23684876094692026,-2.242402483048637,-13.570434385161485,-114.90976386318152,-0.2368487609469203,False,-13.570434385161489,-2.2424024830486378,False,-128.48019824834307
119,1.9831338863365662,902,620,715.0,455.0,-0.10191836748087388,-2.293775680196388,-5.839492311517449,-125.58417331348522,-0.10191836748087368,False,-5.839492311517438,-2.2937756801963882,False,-131.42366562500268
120,1.99979887697805,964,614,776.0,452.0,0.039150491858518,-2.282044970533724,2.243157949354372,-132.99470341999307,0.039150491858518155,False,2.243157949354381,-2.2820449705337253,False,-130.75154547063877
121,2.0164638676195334,1026,597,824.0,450.0,0.18722955148044776,-2.199886903961104,10.727463099957031,-136.77169810302976,0.18722955148044784,False,10.727463099957035,-2.1998869039611044,False,-126.04423500307274
122,2.0331288582610174,1083,570,865.0,451.0,0.33553222390589404,-2.070464385224892,19.224580320446275,-137.85345122598122,0.335532223905894,False,19.22458032044627,-2.070464385224893,False,-118.62887090553502
123,2.0497938489025014,1132,534,899.0,455.0,0.4815628253541041,-1.8976882240647983,27.591517463185717,-136.32104353377517,0.481562825354104,False,27.591517463185713,-1.8976882240647992,False,-108.7295260705895
124,2.066458839543985,1174,492,928.0,465.0,0.6289868351936145,-1.6801148606827967,36.03829102588479,-132.30178164021933,0.6289868351936145,False,36.03829102588479,-1.6801148606827976,False,-96.2634906143346
125,2.083123830185469,1205,448,962.0,482.0,0.7663890465104387,-1.4317811085932441,43.91085783010349,-125.94587253905858,0.7663890465104388,False,43.910857830103495,-1.4317811085932455,False,-82.03501470895517
126,2.0997888208269524,1228,404,1005.0,504.0,0.8977937574399861,-1.149248370068741,51.43979317450316,-117.28687439173099,0.8977937574399864,False,51.43979317450317,-1.149248370068742,False,-65.84708121722788
127,2.1164538114684364,1242,365,1059.0,525.0,1.0106749426115036,-0.8523533240579771,57.90740867126584,-106.7436567937345,1.0106749426115034,False,57.90740867126583,-0.8523533240579777,False,-48.836248122468696
128,2.13311880210992,1250,333,1125.0,540.0,1.1031961692073402,-0.543256372092952,63.20848447058082,-94.3347817850956,1.1031961692073402,False,63.20848447058082,-0.5432563720929533,False,-31.12629731451486
129,2.149783792751404,1254,310,1199.0,544.0,1.1702369277402676,-0.23085245852960706,67.04963698987322,-80.27650855383857,1.1702369277402678,False,67.04963698987324,-0.23085245852960767,False,-13.226871563965382
130,2.1664487833928874,1255,296,1274.0,536.0,1.2106031823770664,0.07900189713040302,69.36245301531218,-64.83597773621341,1.2106031823770662,False,69.36245301531217,0.07900189713040184,False,4.526475279098715
131,2.1831137740343713,1256,293,1348.0,515.0,1.2202076155271355,0.39287050746464774,69.91274649942669,-47.402924526539465,1.2202076155271353,False,69.91274649942667,0.3928705074646466,False,22.509821972887153
132,2.199778764675855,1255,302,1412.0,481.0,1.1936531657013316,0.7200153013186058,68.39128859711622,-27.137450646719852,1.1936531657013312,False,68.39128859711619,0.7200153013186048,False,41.25383795039631
133,2.216443755317339,1253,321,1459.0,432.0,1.1390104416914508,1.0765655222828188,65.26049113025188,-3.5778303341491777,1.1390104416914504,False,65.26049113025185,1.0765655222828183,False,61.682660796102674
134,2.2331087459588224,1247,348,1480.0,375.0,1.0603080048781208,1.4554310424789596,60.751173663453024,22.638882442916994,1.060308004878121,False,60.75117366345304,1.455431042478959,False,83.39005610636998
135,2.2497737366003063,1237,380,1466.0,318.0,0.9670469933974603,1.8351999492154967,55.40771131249006,49.74150034018092,0.9670469933974601,False,55.40771131249005,1.8351999492154958,False,105.14921165267093
136,2.26643872724179,1225,410,1425.0,273.0,0.8796066517425267,2.1713840782204903,50.3977487764804,74.01339460745832,0.8796066517425265,False,50.397748776480384,2.1713840782204894,False,124.41114338393866
137,2.283103717883274,1211,438,1366.0,246.0,0.7968919101124788,2.4624213606059526,45.65854317756361,95.42780816801924,0.7968919101124787,False,45.6585431775636,2.4624213606059513,False,141.08635134558276
138,2.2997687085247573,1194,465,1296.0,237.0,0.714090698612158,2.7209293044567584,40.91438322002513,114.98338227881375,0.714090698612158,False,40.91438322002513,2.7209293044567575,False,155.89776549883882
139,2.3164336991662413,1174,492,1221.0,245.0,0.6289868351936145,2.9535571947945036,36.03829102588479,133.18807078633904,0.6289868351936145,False,36.03829102588479,2.9535571947945023,False,169.22636181222373
140,2.333098689807725,1150,517,1146.0,267.0,0.5421631776664507,-3.12559401871345,31.06366188768904,149.85299236869622,0.5421631776664508,False,31.063661887689044,-3.1255940187134508,False,-179.08334574361479
141,2.349763680449209,1121,543,1072.0,298.0,0.44698248528686535,-2.9441970937399127,25.6102099232058,165.6997225508144,0.4469824852868651,False,25.610209923205787,-2.9441970937399136,False,-168.69006752597986
142,2.3664286710906923,1087,568,1001.0,332.0,0.34628550745937803,-2.792141378001979,19.84069808396835,-179.81861484732357,0.34628550745937803,False,19.84069808396835,-2.79214137800198,False,-159.9779167633553
143,2.3830936617321763,1046,589,,,0.2374860079532218,,13.606945949129912,,0.23748600795322172,False,13.606945949129907,-2.6311052907414556,True,-150.75122861402681
144,2.39975865237366,1002,605,851.0,415.0,0.12869650127801413,-2.470069203480931,7.373766361330215,-148.8983068260285,0.12869650127801435,False,7.373766361330228,-2.4700692034809317,False,-141.52454046469833
145,2.416423643015144,954,616,773.0,457.0,0.016053666611255138,-2.2915786862943617,0.9198073425350058,-132.2175944893356,0.016053666611254958,False,0.9198073425349955,-2.2915786862943626,False,-131.29778714680063
146,2.4330886336566273,906,620,695.0,505.0,-0.09291351993532926,-2.0698109329110173,-5.323552551999004,-113.26787829383787,-0.09291351993532926,False,-5.323552551999004,-2.069810932911018,False,-118.59143084583692
147,2.4497536242981113,856,617,622.0,565.0,-0.2053040065709959,-1.7894652726688385,-11.763053093644185,-90.76575461550732,-0.20530400657099612,False,-11.763053093644197,-1.7894652726688394,False,-102.52880770915156
148,2.466418614939595,804,607,566.0,636.0,-0.3231550478551618,-1.449545305724951,-18.51542037044892,-64.53740786059139,-0.3231550478551619,False,-18.515420370448922,-1.4495453057249519,False,-83.05282823104035
149,2.4830836055810788,748,586,542.0,710.0,-0.455734816683084,-1.0289502939684376,-26.111681573108974,-32.842827600027874,-0.4557348166830839,False,-26.111681573108967,-1.0289502939684385,False,-58.95450917313689
150,2.4997485962225623,692,553,572.0,757.0,-0.5996656719863683,-0.5317240672588056,-34.358312123695306,3.8927672042354127,-0.5996656719863682,False,-34.3583121236953,-0.5317240672588066,False,-30.46554491945994
151,2.5164135868640463,646,513,632.0,747.0,-0.7349677727451688,-0.059757826388397564,-42.11055145642838,38.686680211497716,-0.7349677727451689,False,-42.11055145642839,-0.05975782638839844,False,-3.4238712449307296
152,2.53307857750553,614,476,692.0,702.0,-0.844153986113171,0.3323321700177181,-48.366460663429805,67.40769140186917,-0.844153986113171,False,-48.366460663429805,0.3323321700177173,False,19.041230738439317
153,2.5497435681470138,593,444,741.0,641.0,-0.9300126026173887,0.6443127969267157,-53.285797023953755,90.20220097412424,-0.9300126026173885,False,-53.28579702395374,0.6443127969267151,False,36.916403950170455
154,2.5664085587884973,579,420,779.0,570.0,-0.992894389832651,0.9272952180016122,-56.88865803962798,110.01876039378398,-0.9928943898326512,False,-56.88865803962799,0.9272952180016114,False,53.13010235415593
155,2.5830735494299812,572,403,806.0,496.0,-1.0343076238891136,1.192502335453437,-59.26146156705073,127.58681244802659,-1.0343076238891138,False,-59.261461567050745,1.1925023354534359,False,68.32535088097579
156,2.5997385400714648,567,394,819.0,423.0,-1.0579072412446928,1.456220971557166,-60.613620039649106,144.04893574831505,-1.0579072412446928,False,-60.613620039649106,1.4562209715571655,False,83.43531570866588
157,2.6164035307129487,567,392,815.0,354.0,-1.0619121100149225,1.722839594658305,-60.84308211768702,159.55451966963736,-1.0619121100149225,False,-60.84308211768702,1.7228395946583044,False,98.71143755195033
158,2.6330685213544323,568,396,,,-1.0527875450122064,,-60.32028305313861,,-1.0527875450122064,False,-60.32028305313861,2.031043277522121,True,116.37020781043553
159,2.6497335119959162,572,404,752.0,230.0,-1.0323399178384542,2.33924696038594,-59.14872031502559,-166.82230161605355,-1.0323399178384545,False,-59.14872031502561,2.339246960385939,False,134.02897806892076
160,2.6663985026373997,577,415,696.0,196.0,-1.004941999686837,2.643846955197487,-57.578935237493056,-150.93979255117767,-1.004941999686837,False,-57.578935237493056,2.6438469551974855,False,151.48127221132916
161,2.6830634932788837,583,426,631.0,184.0,-0.9764806758034611,2.9457869175197007,-55.94822149962073,-135.27062078164806,-0.9764806758034612,False,-55.948221499620736,2.9457869175196993,False,168.78115771873112
162,2.6997284839203672,589,438,561.0,193.0,-0.9463319026536273,-3.027800646446085,-54.220824040637915,-119.25937420770511,-0.9463319026536272,False,-54.22082404063791,-3.027800646446086,False,-173.48019824834307
163,2.716393474561851,596,450,494.0,226.0,-0.9151007005533605,-2.7142926656080077,-52.43140797117251,-103.08610613148039,-0.9151007005533605,False,-52.43140797117251,-2.714292665608008,False,-155.5175141026529
164,2.7330584652033347,604,461,435.0,285.0,-0.8844320968370645,-2.376481561655215,-50.67422641466952,-85.48813715883323,-0.8844320968370645,False,-50.67422641466952,-2.3764815616552157,False,-136.1623635735028
165,2.7497234558448187,610,471,392.0,366.0,-0.858515990540791,-2.0196575828168797,-49.189342902480625,-66.52851265452011,-0.8585159905407909,False,-49.189342902480625,-2.0196575828168806,False,-115.71785555700079
166,2.766388446486302,616,479,376.0,467.0,-0.8361481992326764,-1.6207547225168393,-47.90776286349625,-44.95464236261548,-0.8361481992326762,False,-47.907762863496245,-1.62075472251684,False,-92.86240522611179
167,2.783053437127786,621,485,400.0,576.0,-0.818666391611769,-1.1801892830972098,-46.90612906855863,-20.71373587948181,-0.8186663916117691,False,-46.906129068558634,-1.18018928309721,False,-67.61986494804044
168,2.7997184277692697,626,491,469.0,670.0,-0.8012196279390219,-0.7200153013186058,-45.90650314394805,4.652665193551682,-0.8012196279390218,False,-45.90650314394804,-0.7200153013186075,False,-41.253837950396466
169,2.8163834184107537,635,502,566.0,733.0,-0.7696266005494967,-0.2902648999290442,-44.09635601248705,27.465402305765636,-0.7696266005494969,False,-44.09635601248706,-0.2902648999290456,False,-16.6309537067215
170,2.833048409052237,651,518,672.0,762.0,-0.7192487600661582,0.08585400922840776,-41.20991837180845,46.12899075487344,-0.7192487600661583,False,-41.209918371808456,0.08585400922840591,False,4.91907238306488
171,2.849713399693721,677,541,771.0,771.0,-0.6421701424097315,0.38798007951287417,-36.79363888939265,59.02325998063043,-0.6421701424097312,False,-36.79363888939264,0.3879800795128734,False,22.229621091237743
172,2.8663783903352047,712,566,860.0,767.0,-0.5468710236635528,0.63468723446973,-31.333401593920545,67.69830143986617,-0.5468710236635528,False,-31.333401593920545,0.6346872344697303,False,36.36489984594565
173,2.8830433809766887,756,589,938.0,758.0,-0.4368948257600398,0.8224182792713783,-25.03222960715376,72.1533260038152,-0.4368948257600396,False,-25.032229607153745,0.8224182792713783,False,47.12109639666146
174,2.899708371618172,808,608,1008.0,752.0,-0.31402056078770135,0.9467732738181398,-17.9920528134666,72.23816555902984,-0.31402056078770135,False,-17.9920528134666,0.9467732738181383,False,54.24611274556317
175,2.916373362259656,865,618,1072.0,750.0,-0.18507224004955158,1.003129902423017,-10.603858259871352,68.0789679720803,-0.1850722400495517,False,-10.603858259871357,1.0031299024230158,False,57.4751097122089
176,2.9330383529011397,926,619,1129.0,751.0,-0.04779955349005333,0.9942479760115369,-2.7387126775898802,59.70492549247526,-0.04779955349005327,False,-2.7387126775898767,0.9942479760115361,False,56.96621281488534
177,2.9497033435426236,986,609,1177.0,756.0,0.09065988720074511,0.9148477281327512,5.194428907734806,47.22248481140358,0.09065988720074492,False,5.194428907734795,0.9148477281327505,False,52.41691371913835
178,2.966368334184107,1046,589,1213.0,759.0,0.2374860079532218,0.7764963213891687,13.606945949129912,30.8830160739034,0.23748600795322172,False,13.606945949129907,0.7764963213891676,False,44.48996202303326
179,2.983033324825591,1100,559,1234.0,751.0,0.38368673894744626,0.6093263851770893,21.983630796826457,12.928199419783512,0.3836867389474463,False,21.98363079682646,0.6093263851770878,False,34.9118302166099
180,2.9996983154670747,1145,522,1245.0,733.0,0.5247957716501074,0.44257793044999155,30.068582821862453,-4.7107353014434485,0.5247957716501075,False,30.068582821862456,0.44257793044999083,False,25.357847520418957
181,3.0163633061085586,1181,483,1253.0,704.0,0.6576067562606992,0.31494793824183337,37.67809171302629,-19.63290408542233,0.6576067562606993,False,37.6780917130263,0.31494793824183276,False,18.04518762760392
182,3.033028296750042,1207,445,1261.0,670.0,0.7758746418038355,0.23554498072086333,44.45434240658428,-30.958609125788474,0.7758746418038354,False,44.454342406584274,0.2355449807208636,False,13.495733280795827
183,3.049693287391526,1226,409,1271.0,638.0,0.8835073629617195,0.19403422797151718,50.621243066439476,-39.50390072259229,0.8835073629617192,False,50.621243066439455,0.19403422797151748,False,11.117342343847216
184,3.0663582780330096,1238,377,1283.0,606.0,0.9756904488748189,0.19403422797151718,55.902944831751945,-44.78560248790475,0.9756904488748193,False,55.90294483175197,0.19403422797151748,False,11.117342343847216
185,3.0830232686744936,1246,349,1295.0,578.0,1.0563450137358688,0.2107950928498414,60.52411099675425,-48.44644183439001,1.0563450137358688,False,60.52411099675425,0.21079509284984077,False,12.077669162364193
186,3.0996882593159776,1251,326,1311.0,555.0,1.1230624936426978,0.25624867775891386,64.34674101516444,-49.664773273770834,1.1230624936426974,False,64.34674101516441,0.25624867775891325,False,14.681967741393576
187,3.116353249957461,1254,308,1326.0,534.0,1.1757739397542073,0.3084180111024965,67.3668844093852,-49.69583404739319,1.1757739397542073,False,67.3668844093852,0.30841801110249634,False,17.671050361992005
188,3.133018240598945,1255,296,1341.0,518.0,1.2106031823770664,0.36958637437281977,69.36245301531218,-48.18671359820759,1.2106031823770662,False,69.36245301531217,0.36958637437281894,False,21.175739417104534
189,3.1496832312404286,1256,290,1356.0,506.0,1.2287978166956632,0.4335814839517618,70.40492877155167,-45.5625396660965,1.2287978166956632,False,70.40492877155167,0.43358148395176066,False,24.84238910545512
190,3.1663482218819126,1256,289,1370.0,498.0,1.2316730030113185,0.4993467216801301,70.56966481275249,-41.959205146787255,1.231673003011318,False,70.56966481275246,0.49934672168012995,False,28.61045966596521
191,3.183013212523396,1256,293,1384.0,494.0,1.2202076155271355,0.567051071390732,69.91274649942669,-37.4231133403662,1.2202076155271353,False,69.91274649942667,0.5670510713907309,False,32.48963315906042
192,3.19967820316488,1255,304,1397.0,495.0,1.1880528169493212,0.6392994528464125,68.07041224982466,-31.441251756702446,1.1880528169493214,False,68.07041224982467,0.6392994528464122,False,36.6291604931222
193,3.2163431938063636,1252,320,1410.0,497.0,1.1404697136723376,0.7287424425995209,65.34410125591839,-23.590234942911177,1.1404697136723376,False,65.34410125591839,0.7287424425995201,False,41.75386631300716
194,3.2330081844478475,1248,343,1421.0,504.0,1.0744806053921747,0.8213108600120124,61.563203857633255,-14.505557910684967,1.074480605392175,False,61.56320385763327,0.8213108600120123,False,47.05764594694828
195,3.249673175089331,1240,372,1430.0,511.0,0.9907112141765331,0.9391893044958662,56.763571288596715,-2.951987977156435,0.9907112141765335,False,56.763571288596744,0.9391893044958657,False,53.81158331144026
196,3.266338165730815,1227,406,1433.0,517.0,0.8917151340473253,1.0765655222828188,51.091513708854194,10.591147087248501,0.8917151340473257,False,51.09151370885422,1.0765655222828183,False,61.682660796102674
197,3.2830031563722986,1208,443,1427.0,525.0,0.7815813880384004,1.212526156983033,44.78131488057703,24.691316463767876,0.7815813880384006,False,44.781314880577035,1.2125261569830315,False,69.47263134434482
198,3.2996681470137825,1183,481,1411.0,534.0,0.6649413375942859,1.342396455453187,38.09833226793624,38.815319062852815,0.6649413375942856,False,38.09833226793623,1.342396455453187,False,76.91365133078904
199,3.316333137655266,1150,517,1384.0,546.0,0.5421631776664507,1.4474934097137262,31.06366188768904,51.87160136190837,0.5421631776664508,False,31.063661887689044,1.4474934097137258,False,82.93526324959737
200,3.33299812829675,1112,550,1348.0,565.0,0.41947746175536094,1.5073223866180898,24.034288159442582,62.32892295936053,0.4194774617553607,False,24.03428815944257,1.507322386618089,False,86.36321111880305
201,3.3496631189382335,1069,577,1308.0,592.0,0.2981448866372618,1.5081170323036586,17.082443687721476,69.326297275073,0.298144886637262,False,17.08244368772149,1.5081170323036588,False,86.40874096279448
202,3.3663281095797175,1022,599,1259.0,628.0,0.1771218402705603,1.4490387290044358,10.148333907093408,72.87546961586176,0.17712184027056033,False,10.14833390709341,1.4490387290044353,False,83.02380352295518
203,3.382993100221201,972,612,1204.0,670.0,0.05780589763843966,1.3258176636680326,3.312033965647845,72.65172256642569,0.057805897638439685,False,3.312033965647846,1.3258176636680314,False,75.96375653207346
204,3.399658090862685,924,619,1139.0,721.0,-0.05234394157724001,1.1278224636741518,-2.9990869354552063,67.61855414403068,-0.052343941577240205,False,-2.9990869354552174,1.1278224636741498,False,64.61946720857539
205,3.4163230815041685,878,619,1060.0,771.0,-0.1558999585198463,0.8749781374110849,-8.932409649451793,59.06496408932476,-0.1558999585198464,False,-8.932409649451799,0.8749781374110839,False,50.13255443987291
206,3.4329880721456525,839,614,963.0,814.0,-0.2438940648536731,0.5549957273385867,-13.974100564405454,45.77301338869987,-0.24389406485367315,False,-13.974100564405457,0.5549957273385857,False,31.798912824294362
207,3.449653062787136,807,607,851.0,839.0,-0.3168244858682192,0.1874291124436737,-18.152705886651155,28.89160298755659,-0.316824485868219,False,-18.15270588665114,0.18742911244367377,False,10.738897100905447
208,3.46631805342862,782,600,733.0,831.0,-0.3743336160075839,-0.20902294280626463,-21.44773632710535,9.471603882902004,-0.3743336160075841,False,-21.44773632710536,-0.2090229428062642,False,-11.976132444203332
209,3.4829830440701035,762,592,626.0,786.0,-0.42204625341608665,-0.6114175272111867,-24.18146908005057,-10.850174749475586,-0.4220462534160867,False,-24.181469080050572,-0.6114175272111879,False,-35.03164382952623
210,3.4996480347115875,742,583,543.0,714.0,-0.4705713361465181,-0.9886143792812577,-26.961751521027445,-29.681679977734248,-0.47057133614651825,False,-26.961751521027455,-0.988614379281259,False,-56.64343149876176
211,3.516313025353071,720,571,489.0,631.0,-0.526004717263023,-1.3166715772392625,-30.137850303143374,-45.30187407749975,-0.5260047172630231,False,-30.13785030314338,-1.3166715772392639,False,-75.4397243806432
212,3.532978015994555,697,556,457.0,548.0,-0.58677410293709,-1.6041173226731438,-33.61967962587018,-58.289472807126195,-0.5867741029370901,False,-33.619679625870184,-1.6041173226731447,False,-91.90915243299642
213,3.5496430066360385,673,538,442.0,471.0,-0.6532612247751955,-1.8530936800944993,-37.429111099165716,-68.74533581261502,-0.6532612247751954,False,-37.42911109916571,-1.8530936800945002,False,-106.17444691178079
214,3.5663079972775225,651,518,440.0,402.0,-0.7192487600661582,-2.073457587215304,-41.20991837180845,-77.59045037500725,-0.7192487600661583,False,-41.209918371808456,-2.073457587215305,False,-118.80036874681578
215,3.582972987919006,631,496,447.0,344.0,-0.7853981633974483,-2.2612427838495885,-45.0,-84.55966796899449,-0.7853981633974483,False,-45.0,-2.261242783849589,False,-129.55966796899452
216,3.59963797856049,613,475,456.0,294.0,-0.8473220709296042,-2.4270814335558297,-48.5479785525509,-90.51354412475969,-0.8473220709296041,False,-48.547978552550894,-2.4270814335558306,False,-139.06152267731065
217,3.6163029692019735,600,455,469.0,253.0,-0.9006408903503439,-2.5662621827490875,-51.602921873979454,-95.43307032157364,-0.9006408903503438,False,-51.60292187397945,-2.566262182749089,False,-147.03599219555318
218,3.6329679598434574,589,438,483.0,222.0,-0.9463319026536273,-2.6853798518341856,-54.220824040637915,-99.64010785892727,-0.9463319026536272,False,-54.22082404063791,-2.6853798518341865,False,-153.86093189956523
219,3.649632950484941,581,424,498.0,196.0,-0.982793723247329,-2.792469537344382,-56.309932474020215,-103.6867864346625,-0.9827937232473292,False,-56.30993247402022,-2.792469537344383,False,-159.99671890868277
220,3.666297941126425,576,413,513.0,178.0,-1.010019419925982,-2.8796664606565243,-57.86984998801037,-107.122884612984,-1.0100194199259818,False,-57.86984998801036,-2.8796664606565248,False,-164.9927346009944
221,3.6829629317679085,573,406,529.0,166.0,-1.0272371194157486,-2.960272879188303,-58.85635150169855,-110.75479068283184,-1.0272371194157488,False,-58.85635150169856,-2.960272879188304,False,-169.61114218453045
222,3.6996279224093924,572,404,544.0,160.0,-1.0323399178384542,-3.027338325628354,-59.14872031502559,-114.30498890168039,-1.0323399178384545,False,-59.14872031502561,-3.027338325628355,False,-173.45370921670605
223,3.716292913050876,573,406,559.0,161.0,-1.0272371194157486,-3.0845118711835284,-58.85635150169855,-117.8731605751179,-1.0272371194157488,False,-58.85635150169856,-3.0845118711835298,False,-176.72951207681652
224,3.73295790369236,576,414,574.0,167.0,-1.0080887697017271,-3.133495664552055,-57.75923187844458,-121.77684482292933,-1.0080887697017271,False,-57.75923187844458,-3.133495664552056,False,-179.53607670137396
225,3.7496228943338434,582,425,587.0,177.0,-0.9796391595788523,3.1214340943056658,-56.12918928961119,-125.02581107843356,-0.9796391595788521,False,-56.129189289611176,3.1214340943056644,False,178.84499963195518
226,3.7662878849753274,591,442,599.0,193.0,-0.9363447447153955,3.109475187486158,-53.64860204144666,-128.19159321494615,-0.9363447447153956,False,-53.648602041446665,3.109475187486157,False,178.15980474360717
227,3.782952875616811,604,462,611.0,213.0,-0.8826900179557713,3.1134876061293375,-50.574412647192545,-131.03588795530646,-0.8826900179557713,False,-50.574412647192545,3.113487606129336,False,178.38969939750095
228,3.799617866258295,621,485,621.0,235.0,-0.818666391611769,3.141592653589793,-46.90612906855863,-133.09387093144136,-0.8186663916117691,False,-46.906129068558634,3.1415926535897922,False,179.99999999999994
229,3.8162828568997784,644,512,629.0,261.0,-0.7397605829576503,-3.081902688221921,-42.38515925361078,-134.1948576515281,-0.7397605829576506,False,-42.385159253610794,-3.0819026882219216,False,-176.5800169051389
230,3.8329478475412624,674,538,636.0,291.0,-0.6514973843844992,-2.988943325194528,-37.32805048904411,-133.9257872484007,-0.6514973843844993,False,-37.32805048904412,-2.988943325194529,False,-171.25383773744485
231,3.849612838182746,709,564,640.0,323.0,-0.5548452269258469,-2.8627450494340416,-31.79028978582945,-132.23291936871135,-0.5548452269258468,False,-31.790289785829447,-2.862745049434043,False,-164.0232091545409
232,3.86627782882423,751,587,641.0,361.0,-0.4487972156217266,-2.6886207955764423,-25.714186312347714,-128.3324379852881,-0.4487972156217266,False,-25.714186312347714,-2.688620795576443,False,-154.04662429763587
233,3.8829428194657134,797,604,642.0,408.0,-0.34003262418576286,-2.472476652041195,-19.48243426260225,-122.18004284399402,-0.34003262418576297,False,-19.482434262602258,-2.4724766520411965,False,-141.66247710659636
234,3.8996078101071974,845,615,647.0,467.0,-0.23032173232245376,-2.212679314023088,-13.196463192218477,-113.58072291720661,-0.2303217323224538,False,-13.196463192218479,-2.212679314023089,False,-126.77718610942514
235,3.916272800748681,891,620,659.0,540.0,-0.12659212727997207,-1.9028557943377822,-7.253194612725333,-101.77241142484336,-0.12659212727997193,False,-7.253194612725326,-1.9028557943377828,False,-109.02560603756872
236,3.932937791390165,933,618,692.0,627.0,-0.03195259168447965,-1.5334692741595803,-1.8307486480254938,-86.03056877430821,-0.031952591684479614,False,-1.8307486480254918,-1.5334692741595815,False,-87.86131742233377
237,3.9496027820316484,966,613,753.0,718.0,0.04385177731032468,-1.1127983751976749,2.512521764029149,-66.27117211187138,0.043851777310324636,False,2.5125217640291466,-1.1127983751976753,False,-63.75865034784226
238,3.9662677726731324,989,608,848.0,796.0,0.09781765969534226,-0.6435011087932844,5.6045390623900495,-42.47443670823407,0.0978176596953424,False,5.6045390623900575,-0.6435011087932843,False,-36.86989764584401
239,3.982932763314616,1000,605,970.0,838.0,0.12406539131130145,-0.12805085945066697,7.108423305776608,-14.445197115322722,0.12406539131130145,False,7.108423305776608,-0.12805085945066708,False,-7.336773809546115
240,3.9995977539561,1001,605,1096.0,820.0,0.1263816275567308,0.4160645057238227,7.241133866994937,16.597606316176787,0.12638162755673088,False,7.241133866994941,0.4160645057238206,False,23.838740183171602
241,4.016262744597584,1001,605,1191.0,747.0,0.1263816275567308,0.9289815570439169,7.241133866994937,45.985588597113235,0.12638162755673088,False,7.241133866994941,0.9289815570439153,False,53.22672246410808
242,4.032927735239067,1009,602,1243.0,649.0,0.14587581344960338,1.3725790744430106,8.358068443700004,70.28491956985732,0.14587581344960343,False,8.358068443700008,1.37257907444301,False,78.64298801355731
243,4.049592725880551,1025,597,1262.0,551.0,0.18491354515768543,1.7625055141412067,10.594765712337136,90.38936161648923,0.18491354515768554,False,10.594765712337143,1.7625055141412052,False,100.98412732882629
244,4.066257716522035,1048,587,1253.0,461.0,0.24324355786983168,2.121906795356023,13.936829259687556,107.63947463434222,0.24324355786983176,False,13.936829259687562,2.121906795356022,False,121.57630389402973
245,4.082922707163519,1074,575,1226.0,386.0,0.31108022766755533,2.4642760570490037,17.823584135319702,123.36903348872788,0.3110802276675555,False,17.82358413531971,2.464276057049002,False,141.1926176240475
246,4.099587697805003,1101,558,1185.0,331.0,0.3868757177310281,2.7871739867912355,22.16634582208246,137.52696038970677,0.38687571773102825,False,22.16634582208247,2.7871739867912346,False,159.6933062117892
247,4.116252688446486,1127,538,1138.0,295.0,0.46587974815077127,3.096356045810625,26.692943329656913,150.7151899651081,0.46587974815077127,False,26.692943329656913,3.0963560458106247,False,177.40813329476498
248,4.13291767908797,1151,517,1092.0,280.0,0.5443376343344193,-2.897607038795883,31.188249077497716,162.79109691209794,0.5443376343344193,False,31.188249077497716,-2.8976070387958828,False,-166.0206540104043
249,4.149582669729454,1170,495,1047.0,282.0,0.616032643507414,-2.61790799259355,35.29607051526204,174.70885035556194,0.6160326435074142,False,35.296070515262045,-2.6179079925935493,False,-149.99507912917596
250,4.166247660370938,1187,474,1015.0,293.0,0.6846171643127805,-2.3816847186918135,39.22567409733672,-175.68615660918036,0.6846171643127805,False,39.22567409733672,-2.3816847186918135,False,-136.46048251184365
251,4.182912651012421,1200,455,,,0.7437555842988599,,42.61405596961119,,0.7437555842988601,False,42.6140559696112,-2.0962860809996435,True,-120.10834509329901
252,4.199577641653905,1209,440,968.0,381.0,0.7892295622740362,-1.8108874433074726,45.21952298525965,-148.97573066001397,0.789229562274036,False,45.21952298525964,-1.8108874433074718,False,-103.75620767475426
253,4.216242632295389,1215,430,968.0,431.0,0.8201332218374942,-1.5667477659188684,46.9901722497549,-136.7582067984567,0.8201332218374944,False,46.99017224975491,-1.566747765918869,False,-89.76803454870183
254,4.232907622936873,1217,425,978.0,486.0,0.8339037756378318,-1.3209012824337543,47.77916686407208,-123.46123550094416,0.8339037756378316,False,47.77916686407207,-1.3209012824337538,False,-75.68206863687205
255,4.249572613578356,1216,427,1000.0,543.0,0.8280080160940962,-1.0779599298012958,47.44136472519206,-109.20391918702481,0.8280080160940964,False,47.44136472519207,-1.0779599298012954,False,-61.76255446183272
256,4.26623760421984,1213,435,1029.0,599.0,0.8065082707879699,-0.8428062780342479,46.20952005854482,-94.49876273703664,0.8065082707879698,False,46.20952005854481,-0.8428062780342476,False,-48.2892426784918
257,4.282902594861324,1203,449,1067.0,653.0,0.7606413177110287,-0.5880026035475675,43.5815372281115,-77.27160475409129,0.7606413177110287,False,43.5815372281115,-0.588002603547567,False,-33.69006752597976
258,4.299567585502808,1190,470,1111.0,702.0,0.6974455453862711,-0.3282020777896108,39.96068619083324,-58.76528007560226,0.6974455453862713,False,39.96068619083325,-0.3282020777896104,False,-18.804593884769012
259,4.316232576144291,1169,497,1161.0,739.0,0.6109376493987478,-0.03304581701892995,35.00414885619145,-36.89753470193772,0.610937649398748,False,35.004148856191456,-0.03304581701893028,False,-1.8933858457462927
260,4.332897566785775,1137,529,1212.0,755.0,0.49854334768144487,0.3204225339290187,28.564429726470006,-10.205570871449812,0.4985433476814447,False,28.564429726469996,0.320422533929019,False,18.358858855020213
261,4.349562557427259,1096,561,1248.0,738.0,0.37278978039330335,0.7095560719527043,21.359281062145087,19.295287188625835,0.37278978039330335,False,21.359281062145087,0.7095560719527043,False,40.65456825077092
262,4.366227548068743,1048,587,1256.0,697.0,0.24324355786983168,1.0843389862496067,13.936829259687556,48.19121821390911,0.24324355786983176,False,13.936829259687562,1.084338986249609,False,62.128047473596794
263,4.382892538710226,1002,605,1236.0,647.0,0.12869650127801413,1.3932001595114087,7.373766361330215,72.45072279562658,0.12869650127801435,False,7.373766361330228,1.3932001595114087,False,79.8244891569568
264,4.39955752935171,957,615,1200.0,602.0,0.02298445744145208,1.6242433190764283,1.3169124057932626,91.7453746796068,0.022984457441451944,False,1.3169124057932549,1.6242433190764274,False,93.0622870854
265,4.416222519993194,914,620,1153.0,563.0,-0.07485984771076686,1.8049165815524124,-4.289153328819018,107.70325582495231,-0.07485984771076692,False,-4.2891533288190224,1.804916581552412,False,103.41410249613327
266,4.432887510634678,871,618,1104.0,533.0,-0.17180538382319685,1.9206007437208832,-9.843723390694366,119.88604013558805,-0.17180538382319677,False,-9.843723390694363,1.9206007437208825,False,110.04231674489361
267,4.449552501276161,829,612,1056.0,510.0,-0.26664374517476325,1.9931006010960524,-15.277561232075744,129.47381381986702,-0.2666437451747634,False,-15.277561232075753,1.993100601096053,False,114.19625258779129
268,4.466217491917645,788,601,1013.0,491.0,-0.3611113682064353,2.025515601615866,-20.690157332423404,136.74365264291436,-0.3611113682064353,False,-20.690157332423404,2.025515601615865,False,116.0534953104909
269,4.482882482559129,749,586,975.0,478.0,-0.45374694241281754,2.01658869065615,-25.997784767220057,141.5398057556302,-0.45374694241281777,False,-25.997784767220068,2.0165886906561497,False,115.54202098841013
270,4.499547473200613,713,566,944.0,470.0,-0.5449787391965897,1.964664937531258,-31.224981680325396,143.7919907582,-0.5449787391965897,False,-31.224981680325396,1.964664937531257,False,112.56700907787456
271,4.516212463842096,680,544,918.0,465.0,-0.6328679251528646,1.8912858478120538,-36.26066110046042,144.62335803291285,-0.6328679251528646,False,-36.26066110046042,1.8912858478120533,False,108.36269693245238
272,4.53287745448358,652,519,897.0,464.0,-0.7161086330928347,1.791625096524245,-41.03000234910182,143.68255884965978,-0.7161086330928348,False,-41.03000234910183,1.7916250965242462,False,102.65255650055805
273,4.549542445125064,629,495,879.0,470.0,-0.7901374644069148,1.6704649792860586,-45.27154194568452,140.98213508318418,-0.7901374644069148,False,-45.27154194568452,1.6704649792860593,False,95.71059313749969
274,4.566207435766548,610,471,862.0,478.0,-0.858515990540791,1.5430256902014756,-49.189342902480625,137.59820263128603,-0.8585159905407909,False,-49.189342902480625,1.5430256902014747,False,88.40885972880537
275,4.582872426408031,596,450,845.0,491.0,-0.9151007005533605,1.4076020442860284,-52.43140797117251,133.08106434274873,-0.9151007005533605,False,-52.43140797117251,1.4076020442860262,False,80.6496563715761
276,4.599537417049515,585,432,826.0,510.0,-0.9626706537218562,1.2577846260912762,-55.156965519362295,127.22271613083272,-0.9626706537218563,False,-55.1569655193623,1.2577846260912757,False,72.06575061147042
277,4.616202407690999,578,419,804.0,532.0,-0.9960421594228466,1.1071487177940904,-57.06901195202581,120.50396077494781,-0.9960421594228466,False,-57.06901195202581,1.1071487177940895,False,63.43494882292195
278,4.632867398332483,574,410,780.0,556.0,-1.0182443494403965,0.954230065408569,-58.34110373597891,113.01445916838243,-1.0182443494403968,False,-58.341103735978926,0.95423006540857,False,54.673355432403554
279,4.649532388973966,573,407,753.0,585.0,-1.0252808298693992,0.7909846974581043,-58.744264367187164,104.06434919096885,-1.0252808298693994,False,-58.74426436718718,0.7909846974581036,False,45.320084823781634
280,4.66619737961545,574,410,722.0,614.0,-1.0182443494403965,0.6276294258014944,-58.34110373597891,94.3016209326238,-1.0182443494403968,False,-58.341103735978926,0.6276294258014943,False,35.96051719664488
281,4.682862370256934,578,418,688.0,644.0,-0.9979536483169466,0.45297185801335105,-57.178532198243865,83.13190790060806,-0.9979536483169467,False,-57.17853219824387,0.4529718580133526,False,25.953375702364283
282,4.699527360898418,586,433,651.0,675.0,-0.9595128452733381,0.2624018756661926,-54.976036422751456,70.01055643474083,-0.9595128452733381,False,-54.976036422751456,0.26240187566619255,False,15.034520011989411
283,4.716192351539901,598,454,613.0,702.0,-0.9052068362329757,0.060410276417721995,-51.8645313025394,55.32578518049355,-0.9052068362329759,False,-51.864531302539405,0.060410276417721676,False,3.461253877954138
284,4.732857342181385,616,480,572.0,721.0,-0.8344870628560196,-0.18058369316398068,-47.81258675991817,37.46590329273662,-0.8344870628560197,False,-47.812586759918176,-0.18058369316397993,False,-10.346683467181506
285,4.749522332822869,643,510,536.0,726.0,-0.744411666083743,-0.45993705089104003,-42.6516466869004,16.299194829150043,-0.7444116660837432,False,-42.65164668690041,-0.45993705089104076,False,-26.352451857750395
286,4.766187323464353,677,542,513.0,713.0,-0.6408438962696189,-0.7645056813671545,-36.71765058296869,-7.085298373142573,-0.6408438962696188,False,-36.71765058296868,-0.7645056813671545,False,-43.80294895611125
287,4.782852314105836,718,569,512.0,684.0,-0.5320610323140066,-1.061639365038245,-30.48485159496629,-30.342603386673705,-0.5320610323140067,False,-30.484851594966297,-1.0616393650382445,False,-60.827454981639974
288,4.79951730474732,760,591,531.0,653.0,-0.4269940620254131,-1.3063927043742964,-24.46495763120347,-50.38583071612557,-0.4269940620254129,False,-24.464957631203454,-1.3063927043742964,False,-74.85078834732903
289,4.816182295388804,803,606,565.0,624.0,-0.3259699386396457,-1.495309781860973,-18.676701732190114,-66.99823783307143,-0.32596993863964574,False,-18.676701732190118,-1.495309781860973,False,-85.67493956526154
290,4.832847286030288,846,616,606.0,600.0,-0.22763622853141446,-1.6373644905707205,-13.042595159125543,-80.77147967516483,-0.22763622853141463,False,-13.042595159125552,-1.6373644905707199,False,-93.81407483429032
291,4.849512276671771,890,620,650.0,586.0,-0.1288279868007003,-1.711526520785122,-7.381299926847204,-90.68194623885006,-0.12882798680070007,False,-7.38129992684719,-1.7115265207851227,False,-98.0632461656973
292,4.866177267313255,934,618,694.0,579.0,-0.029671654517589328,-1.731888231332477,-1.7000605750281512,-97.52982566869957,-0.029671654517589463,False,-1.700060575028159,-1.7318882313324764,False,-99.22988624372768
293,4.882842257954739,978,611,736.0,580.0,0.07180210612994489,-1.6982016423335604,4.113957641396259,-101.41374450929423,0.07180210612994475,False,4.113957641396251,-1.6982016423335597,False,-97.29978686789792
294,4.8995072485962226,1019,599,777.0,588.0,0.17017570390038447,-1.6162196062164735,9.750349609160013,-102.35291181165981,0.1701757039003846,False,9.75034960916002,-1.6162196062164735,False,-92.6025622024998
295,4.916172239237706,1058,583,817.0,605.0,0.2687698784925391,-1.4797623281263823,15.399379697866445,-100.18351578196103,0.26876987849253897,False,15.39937969786644,-1.479762328126382,False,-84.78413608409457
296,4.93283722987919,1092,564,859.0,628.0,0.3610518182955599,-1.302729397603917,20.68674537385986,-95.32764170418443,0.36105181829556,False,20.686745373859868,-1.3027293976039171,False,-74.6408963303246
297,4.949502220520674,1119,544,908.0,656.0,0.4414290436740871,-1.0828089561312686,25.29202115702128,-87.33240436230928,0.44142904367408686,False,25.292021157021267,-1.0828089561312684,False,-62.04038320528798
298,4.9661672111621575,1141,525,965.0,686.0,0.5122518330063492,-0.8298791897663438,29.349868079104052,-76.89844315845188,0.5122518330063492,False,29.349868079104052,-0.8298791897663431,False,-47.5485750793478
299,4.982832201803641,1157,510,1032.0,712.0,0.5667292175235064,-0.5541370513421143,32.47119229084849,-64.22090660457586,0.5667292175235064,False,32.47119229084849,-0.5541370513421136,False,-31.749714313727317
300,4.999497192445125,1166,500,1108.0,730.0,0.6001622331167549,-0.24702365005121815,34.3867629807367,-48.540175568588104,0.6001622331167549,False,34.3867629807367,-0.24702365005121862,False,-14.15341258785143
301,5.0161621830866086,1169,496,1187.0,733.0,0.612423035309842,0.07580383736113926,35.08925519984534,-30.74601524815595,0.6124230353098419,False,35.08925519984533,0.07580383736113916,False,4.343239951689381
302,5.0328271737280925,1166,500,1265.0,714.0,0.6001622331167549,0.43329640092905236,34.3867629807367,-9.560707929293589,0.6001622331167549,False,34.3867629807367,0.4332964009290521,False,24.826055051443088
303,5.049492164369576,1156,510,1327.0,671.0,0.5645693936681,0.8155095414105309,32.34744349944203,14.37781137603061,0.5645693936681,False,32.34744349944203,0.8155095414105311,False,46.72525487547267
304,5.06615715501106,1143,523,1361.0,610.0,0.5191461142465229,1.1910810887579797,29.74488129694222,38.499038146737014,0.519146114246523,False,29.74488129694223,1.1910810887579792,False,68.24391944367922
305,5.0828221456525435,1131,535,1367.0,542.0,0.4781879712206139,1.5411440036066237,27.39815256486445,60.90289446368963,0.47818797122061385,False,27.398152564864446,1.5411440036066217,False,88.30104702855395
306,5.0994871362940275,1119,544,1350.0,479.0,0.4414290436740871,1.845089138325081,25.29202115702128,80.42379929443563,0.44142904367408686,False,25.292021157021267,1.8450891383250827,False,105.71582045145699
307,5.116152126935511,1109,553,1315.0,425.0,0.40973514524833377,2.126773270527302,23.47609454090929,98.37903784153998,0.40973514524833377,False,23.47609454090929,2.126773270527302,False,121.85513238244927
308,5.1328171175769945,1099,559,1270.0,383.0,0.3814158811817304,2.370602714977097,21.853520230976432,113.97201023946569,0.3814158811817303,False,21.853520230976425,2.370602714977096,False,135.82553047044203
309,5.1494821082184785,1088,565,1216.0,354.0,0.35106314376637604,2.596308702459917,20.114436480407804,128.64309448363247,0.35106314376637604,False,20.114436480407804,2.5963087024599183,False,148.75753096404034
310,5.1661470988599625,1078,572,1158.0,337.0,0.3225156651884314,2.8134727585744876,18.478786442151446,142.72132839919587,0.32251566518843156,False,18.478786442151453,2.8134727585744876,False,161.20011484134733
311,5.1828120895014465,1065,578,1100.0,333.0,0.2882265334475879,2.999695598985629,16.514163910233044,155.355733735611,0.28822653344758775,False,16.514163910233034,2.999695598985628,False,171.86989764584396
312,5.1994770801429295,1051,586,1040.0,338.0,0.2507656355629661,-3.0972668677828157,14.367812564673661,168.17186788566704,0.25076563556296616,False,14.367812564673665,-3.0972668677828175,False,-177.4603195496594
313,5.2161420707844135,1034,593,986.0,348.0,0.20761825205997833,-2.9481248033145153,11.895649592920067,179.18924169932228,0.2076182520599783,False,11.895649592920067,-2.948124803314517,False,-168.91510870775775
314,5.2328070614258975,1016,600,,,0.1628311844604171,,9.329539642698096,,0.16283118446041733,False,9.329539642698109,-2.770100468383454,True,-158.71506566558446
315,5.249472052067381,994,607,866.0,398.0,0.10962894390135211,-2.592076133452391,6.281275798023941,-154.79629842143507,0.10962894390135203,False,6.281275798023937,-2.592076133452391,False,-148.51502262341114
316,5.2661370427088645,971,612,809.0,430.0,0.05549850524571683,-2.4142686497552988,3.1798301198642345,-141.5072343615908,0.05549850524571687,False,3.1798301198642362,-2.4142686497553,False,-138.32740424172664
317,5.2828020333503485,947,616,753.0,470.0,0.0,-2.21594488055574,0.0,-126.96428928946521,0.0,False,0.0,-2.215944880555739,False,-126.96428928946516
318,5.2994670239918324,921,619,702.0,519.0,-0.05915641022267017,-1.999142621941779,-3.389412636903559,-111.15302224507789,-0.059156410222670264,False,-3.3894126369035646,-1.999142621941779,False,-114.54243488198146
319,5.316132014633316,893,620,656.0,576.0,-0.12211660992476359,-1.754360384697141,-6.996766357134335,-93.52067943095933,-0.1221166099247637,False,-6.996766357134342,-1.75436038469714,False,-100.51744578809362
320,5.3327970052747995,862,617,623.0,642.0,-0.19210926547976662,-1.4665728403785376,-11.007050117348905,-73.02138398485465,-0.19210926547976648,False,-11.007050117348896,-1.4665728403785394,False,-84.02843410220368
321,5.3494619959162835,828,612,609.0,712.0,-0.2687965729214054,-1.1424500316480142,-15.400909175976999,-50.05665594204154,-0.26879657292140546,False,-15.400909175977002,-1.1424500316480142,False,-65.45756511801854
322,5.366126986557767,789,602,625.0,775.0,-0.3582511897978207,-0.7586982783921826,-20.526281180955344,-22.9439280947583,-0.35825118979782067,False,-20.52628118095534,-0.7586982783921812,False,-43.470209275713565
323,5.382791977199251,748,585,671.0,808.0,-0.4567101583561517,-0.33247400392925547,-26.16756453455898,7.118207311596702,-0.4567101583561515,False,-26.167564534558966,-0.3324740039292564,False,-19.049357222962342
324,5.3994569678407345,712,566,729.0,801.0,-0.5468710236635528,0.07221463115270767,-31.333401593920545,35.47099517806465,-0.5468710236635528,False,-31.333401593920545,0.07221463115270765,False,4.137593584144104
325,5.4161219584822184,686,548,783.0,767.0,-0.6168998463591181,0.41695260495747566,-35.34575757864639,59.235382099695265,-0.616899846359118,False,-35.345757578646385,0.4169526049574763,False,23.88962452104888
326,5.432786949123702,668,534,825.0,719.0,-0.6674645633673963,0.7037090118049715,-38.242902455494104,78.56245883724077,-0.6674645633673961,False,-38.24290245549409,0.7037090118049711,False,40.31955638174667
327,5.449451939765186,657,524,859.0,666.0,-0.7004297343777577,0.9580796550154538,-40.13166762531482,95.02558829505024,-0.7004297343777575,False,-40.13166762531481,0.9580796550154531,False,54.89392066973538
328,5.4661169304066695,652,519,883.0,612.0,-0.7161086330928347,1.1880528169493212,-41.03000234910182,109.10041459892648,-0.7161086330928348,False,-41.03000234910183,1.1880528169493196,False,68.07041224982457
329,5.482781921048153,652,519,899.0,559.0,-0.7161086330928347,1.4102468285157603,-41.03000234910182,121.83119369476445,-0.7161086330928348,False,-41.03000234910183,1.4102468285157599,False,80.8011913456626
330,5.499446911689637,656,523,906.0,510.0,-0.7035624137960896,1.6227495333558104,-40.31115693455274,133.28785640266452,-0.7035624137960896,False,-40.31115693455274,1.6227495333558117,False,92.97669946811182
331,5.516111902331121,664,530,905.0,464.0,-0.679945614172444,1.8381013766096301,-38.958013990511695,144.27346518743016,-0.679945614172444,False,-38.958013990511695,1.8381013766096288,False,105.31545119691839
332,5.532776892972604,677,541,898.0,427.0,-0.6421701424097315,2.047033198722256,-36.79363888939265,154.08000169934266,-0.6421701424097312,False,-36.79363888939264,2.047033198722257,False,117.28636280995008
333,5.549441883614088,693,553,887.0,396.0,-0.5978363369532267,2.251169249520443,-34.25349894698087,163.23599591413517,-0.5978363369532267,False,-34.25349894698087,2.2511692495204443,False,128.9824969671544
334,5.566106874255572,713,566,879.0,381.0,-0.5449787391965897,2.4102727660000243,-31.224981680325396,169.32343864744985,-0.5449787391965897,False,-31.224981680325396,2.4102727660000234,False,138.0984569671244
335,5.582771864897056,736,579,,,-0.4864385085082307,,-27.870873530160207,,-0.4864385085082308,False,-27.87087353016021,2.6602722218922246,True,152.4223706703145
336,5.599436855538539,763,592,820.0,350.0,-0.42002450765265137,2.910271677784426,-24.065631580557273,-169.18808404593807,-0.4200245076526512,False,-24.065631580557262,2.9102716777844257,False,166.7462843735046
337,5.616101846180023,792,603,815.0,355.0,-0.3512363883101466,3.049115247488876,-20.124362661589526,-165.17420240831038,-0.3512363883101468,False,-20.124362661589537,3.049115247488878,False,174.7014349301002
338,5.632766836821507,824,611,798.0,364.0,-0.2779931925727814,-3.036715714859559,-15.927836667787917,-158.06315737471758,-0.2779931925727812,False,-15.927836667787906,-3.036715714859561,False,-173.99099404250558
339,5.649431827462991,857,617,779.0,381.0,-0.2031097833690779,-2.822386622963631,-11.637333364864602,-150.07350828513262,-0.20310978336907803,False,-11.63733336486461,-2.8223866229636307,False,-161.7108416499972
340,5.666096818104474,891,619,762.0,407.0,-0.1268774107217171,-2.594953468491108,-7.26954014990229,-141.41034162747246,-0.126877410721717,False,-7.269540149902284,-2.5949534684911093,False,-148.67988177737482
341,5.682761808745958,924,618,747.0,445.0,-0.052463229376644126,-2.3447664162952404,-3.005921622908465,-131.3392979748238,-0.05246322937664427,False,-3.0059216229084735,-2.34476641629524,False,-134.34521959773227
342,5.699426799387442,955,615,740.0,497.0,0.01838873162866526,-2.072746361825938,1.053596712921248,-119.81321524664374,0.018388731628665056,False,1.0535967129212362,-2.0727463618259385,False,-118.75961853372253
343,5.716091790028926,981,610,743.0,561.0,0.07890560069174299,-1.7738415440483617,4.520957899581422,-106.15459189852186,0.0789056006917428,False,4.520957899581411,-1.7738415440483628,False,-101.6336339989405
344,5.732756780670409,1002,604,763.0,633.0,0.12899667864653944,-1.4500477050728726,7.390965257652058,-90.4725788509584,0.1289966786465393,False,7.39096525765205,-1.4500477050728726,False,-83.08161359330633
345,5.749421771311893,1017,599,804.0,709.0,0.16553567429933186,-1.094089758694875,9.484495496203927,-72.17122107790694,0.1655356742993317,False,9.484495496203916,-1.0940897586948743,False,-62.686725581702966
346,5.766086761953377,1023,597,868.0,777.0,0.1802755297315499,-0.7109093731835666,10.329027003103,-51.061133702812185,0.1802755297315497,False,10.329027003102988,-0.710909373183565,False,-40.7321066997091
347,5.782751752594861,1020,598,952.0,825.0,0.17289745684424584,-0.2910525907812059,9.906294565720577,-26.582379633831923,0.17289745684424584,False,9.906294565720577,-0.2910525907812058,False,-16.676085068111345
348,5.799416743236344,1008,602,1046.0,834.0,0.1435554278765783,0.16235148191281495,8.225120143522622,1.0769345677762079,0.14355542787657827,False,8.22512014352262,0.16235148191281468,False,9.302054711298803
349,5.816081733877828,992,607,1128.0,799.0,0.10499884534915944,0.6162969373960713,6.015990692253669,29.295222747379533,0.10499884534915926,False,6.015990692253658,0.616296937396072,False,35.31121343963324
350,5.832746724519312,978,610,1182.0,730.0,0.07196851244970193,1.039072259536091,4.123492021202642,55.410963059337476,0.07196851244970182,False,4.123492021202636,1.0390722595360913,False,59.534455080540134
351,5.849411715160796,971,612,1207.0,653.0,0.05549850524571683,1.3987843391656165,3.1798301198642345,76.96460896332151,0.05549850524571687,False,3.1798301198642362,1.3987843391656156,False,80.14443908318567
352,5.866076705802279,970,613,1210.0,575.0,0.0530679100577978,1.7278261027666284,3.0405672738916665,95.95657614717341,0.053067910057797985,False,3.040567273891677,1.7278261027666275,False,98.997143421065
353,5.882741696443763,974,612,1193.0,505.0,0.06241880999595735,2.0252698812505927,3.576334374997351,112.46308219562304,0.0624188099959575,False,3.57633437499736,2.025269881250594,False,116.03941657062046
354,5.899406687085247,981,610,1165.0,447.0,0.07890560069174299,2.295749479894052,4.520957899581422,127.0157981177016,0.0789056006917428,False,4.520957899581411,2.2957494798940523,False,131.53675601728304
355,5.916071677726731,991,607,1125.0,401.0,0.10268208796864732,2.5648762525273714,5.88325027219454,141.0733339709546,0.1026820879686472,False,5.883250272194533,2.5648762525273696,False,146.95658424314902
356,5.932736668368214,1001,605,1079.0,371.0,0.1263816275567308,2.819842099193151,7.241133866994937,154.3239173100831,0.12638162755673088,False,7.241133866994941,2.8198420991931528,False,161.5650511770781
357,5.949401659009698,1012,601,1029.0,355.0,0.15318475579367985,3.072596655361082,8.77683999272004,167.2699805054827,0.15318475579367963,False,8.776839992720028,3.0725966553610817,False,176.04682049820272
358,5.966066649651182,1021,598,982.0,353.0,0.17521805048241113,-2.9837334428193825,10.039254787152355,179.00541174725825,0.17521805048241124,False,10.039254787152363,-2.983733442819382,False,-170.95533346558935
359,5.982731640292666,1030,595,,,0.19739555984988075,,11.309932474020213,,0.19739555984988089,False,11.30993247402022,-2.7303621118601384,True,-156.4382255520123
360,5.999396630934149,1035,593,883.0,399.0,0.20993554346551535,-2.47699078090089,12.028420610359278,-153.94953824879428,0.20993554346551546,False,12.028420610359284,-2.476990780900895,False,-141.92111763843528
361,6.016061621575633,1039,591,845.0,440.0,0.22021414165677464,-2.232196256244076,12.617340906029236,-140.51276543371762,0.22021414165677466,False,12.617340906029238,-2.2321962562440767,False,-127.89542452768843
362,6.032726612217117,1038,591,814.0,492.0,0.21789594937755535,-1.986947690852558,12.48451827233016,-126.32823507144637,0.2178959493775552,False,12.484518272330149,-1.9869476908525634,False,-113.84371679911654
363,6.049391602858601,1034,593,794.0,554.0,0.20761825205997833,-1.731888231332477,11.895649592920067,-111.12553583664779,0.2076182520599783,False,11.895649592920067,-1.73188823133248,False,-99.22988624372788
364,6.066056593500084,1026,596,786.0,622.0,0.18766914124252043,-1.46288383797822,10.752649738040954,-94.5697195720927,0.18766914124252043,False,10.752649738040954,-1.4628838379782216,False,-83.81706983405184
365,6.082721584141568,1013,601,790.0,694.0,0.15550391475395184,-1.1756868371600147,8.909718013163573,-76.27161181151689,0.15550391475395164,False,8.909718013163562,-1.1756868371600184,False,-67.36189379835353
366,6.099386574783052,993,607,812.0,764.0,0.10731447198916484,-0.856285106760933,6.1486663256540375,-55.21018900296462,0.10731447198916477,False,6.148666325654034,-0.8562851067609323,False,-49.061522677310535
367,6.116051565424536,966,613,852.0,824.0,0.04385177731032468,-0.49535339848099147,2.512521764029149,-30.894180864452043,0.043851777310324636,False,2.5125217640291466,-0.49535339848099014,False,-28.38165910042282
368,6.132716556066019,931,618,911.0,853.0,-0.03651344474687643,-0.08490179344972196,-2.0920662794801457,-2.772448158280371,-0.036513444746876456,False,-2.0920662794801475,-0.08490179344972049,False,-4.864514437760442
369,6.149381546707503,892,619,971.0,839.0,-0.12463534217047934,0.3447505574099369,-7.141079084537355,26.893831008909334,-0.12463534217047911,False,-7.141079084537343,0.34475055740993454,False,19.75275192437184
370,6.166046537348987,858,617,1014.0,795.0,-0.20091357523957,0.7196249120138116,-11.51149990811148,52.742970198976074,-0.2009135752395701,False,-11.511499908111483,0.7196249120138098,False,41.231470290864515
371,6.182711527990471,831,612,1038.0,735.0,-0.26233050062616536,1.0346503047826618,-15.030430523433274,74.31152625940409,-0.26233050062616536,False,-15.030430523433274,1.0346503047826552,False,59.28109573597044
372,6.199376518631955,812,608,1046.0,674.0,-0.3055433760025436,1.295886485314224,-17.506345903124547,91.75517223967152,-0.30554337600254344,False,-17.506345903124537,1.2958864853142238,False,74.24882633654695
373,6.216041509273438,797,604,1043.0,613.0,-0.34003262418576286,1.5342272708813551,-19.48243426260225,107.38718169797838,-0.34003262418576297,False,-19.482434262602258,1.534227270881356,False,87.90474743537621
374,6.232706499914922,788,601,1031.0,557.0,-0.3611113682064353,1.7499254514877056,-20.690157332423404,120.953500165194,-0.3611113682064353,False,-20.690157332423404,1.7499254514877087,False,100.26334283277079
375,6.249371490556406,781,599,1012.0,508.0,-0.3772101385354624,1.946067149650854,-21.612548927627092,133.11398325167502,-0.3772101385354625,False,-21.612548927627095,1.9460671496508546,False,111.50143432404795
376,6.26603648119789,778,597,988.0,464.0,-0.38504617258526574,2.1353657204629966,-22.06152060680163,144.40896410624364,-0.38504617258526563,False,-22.061520606801622,2.135365720462996,False,122.34744349944201
377,6.282701471839373,777,597,960.0,430.0,-0.3871042195169818,2.3105120091176823,-22.17943801002881,154.5620246467644,-0.3871042195169818,False,-22.17943801002881,2.3105120091176836,False,132.38258663673565
378,6.299366462480857,778,597,931.0,402.0,-0.38504617258526574,2.4763032257592577,-22.06152060680163,163.94324423743856,-0.38504617258526563,False,-22.061520606801622,2.4763032257592634,False,141.88172363063728
379,6.316031453122341,781,598,908.0,383.0,-0.37802909068540413,2.6080411771976424,-21.65947142944192,171.08922367919774,-0.37802909068540425,False,-21.659471429441925,2.608041177197645,False,149.42975224975595
380,6.332696443763825,787,600,,,-0.36397895650964407,,-20.854458039578347,,-0.3639789565096443,False,-20.854458039578358,2.8055905397200966,True,160.74849696779228
381,6.349361434405308,793,602,827.0,358.0,-0.3499121213845346,3.003139902242536,-20.04848775580319,-167.88427055836888,-0.34991212138453465,False,-20.048487755803194,3.003139902242534,False,172.06724168582784
382,6.366026425046792,801,605,808.0,358.0,-0.3308987861634852,3.113260156172251,-18.959103893169626,-162.66422863192082,-0.33089878616348534,False,-18.959103893169633,3.113260156172256,False,178.37666747490982
383,6.382691415688276,811,607,777.0,363.0,-0.3083427481527073,-3.003139902242536,-17.666738112615388,-154.40050357321255,-0.30834274815270746,False,-17.6667381126154,-3.003139902242534,False,-172.06724168582784
384,6.39935640632976,822,610,746.0,375.0,-0.2829008535280854,-2.8288047273178067,-16.20902492780798,-145.86954701415806,-0.28290085352808525,False,-16.20902492780797,-2.828804727317813,False,-162.07857194196637
385,6.416021396971243,834,612,714.0,397.0,-0.2558418968376189,-2.63252176516741,-14.658660911416964,-136.17372570900523,-0.25584189683761904,False,-14.658660911416975,-2.6325217651674073,False,-150.83238662042206
386,6.432686387612727,845,615,686.0,428.0,-0.23032173232245376,-2.4369433821472075,-13.196463192218477,-126.43010751715305,-0.2303217323224538,False,-13.196463192218479,-2.436943382147202,False,-139.6265707093712
387,6.449351378254211,857,616,662.0,470.0,-0.20356288253658883,-2.2134764177102584,-11.663294034863869,-115.15956275167039,-0.20356288253658894,False,-11.663294034863876,-2.2134764177102646,False,-126.82285678653463
388,6.466016368895695,867,617,643.0,523.0,-0.18106147182420906,-1.9681206899674677,-10.37405816795405,-102.39095093955744,-0.18106147182420917,False,-10.374058167954056,-1.9681206899674741,False,-112.76500910751184
389,6.482681359537178,875,618,636.0,586.0,-0.16292645885037274,-1.7038959544052805,-9.334998463138236,-88.29104845369969,-0.16292645885037293,False,-9.334998463138248,-1.7038959544052794,False,-97.62604691683786
390,6.499346350178662,879,618,644.0,656.0,-0.15402154022695616,-1.4104818658655833,-8.82478420910902,-71.9898737847264,-0.15402154022695624,False,-8.824784209109025,-1.410481865865588,False,-80.81465799383568
391,6.516011340820146,879,618,670.0,730.0,-0.15402154022695616,-1.0788543839455869,-8.82478420910902,-52.9890187001596,-0.15402154022695624,False,-8.824784209109025,-1.0788543839455933,False,-61.81380290926897
392,6.53267633146163,875,618,718.0,795.0,-0.16292645885037274,-0.7255893400179174,-9.334998463138236,-32.23820837957128,-0.16292645885037293,False,-9.334998463138248,-0.7255893400179154,False,-41.5732068427094
393,6.549341322103113,864,617,788.0,840.0,-0.18769568770679063,-0.3284618630279648,-10.754170738404632,-8.065307744101887,-0.1876956877067908,False,-10.75417073840464,-0.32846186302796454,False,-18.819478482506504
394,6.566006312744597,851,615,869.0,850.0,-0.21720802653344312,0.07644647637726203,-12.445103196731893,16.825163651795553,-0.2172080265334433,False,-12.445103196731901,0.0764464763772601,False,4.380060455063551
395,6.582671303386081,841,614,945.0,827.0,-0.23954983481024236,0.4542139265948053,-13.725194517682938,39.749735507630255,-0.2395498348102425,False,-13.725194517682947,0.4542139265948073,False,26.02454098994744
396,6.599336294027565,837,613,1007.0,783.0,-0.24877886198848612,0.7853981633974483,-14.253978824007838,59.25397882400786,-0.2487788619884861,False,-14.253978824007836,0.7853981633974492,False,45.00000000000005
397,6.616001284669048,839,613,1052.0,730.0,-0.2444351849195034,1.0684939486969438,-14.005104460387372,75.22529815599016,-0.24443518491950345,False,-14.005104460387376,1.0684939486969434,False,61.22019369560276
398,6.632666275310532,847,615,1084.0,675.0,-0.22595921768864075,1.3228414819792058,-12.946509515636931,88.73974339787655,-0.2259592176886409,False,-12.94650951563694,1.3228414819792,False,75.7932338822393
399,6.649331265952016,860,617,1105.0,625.0,-0.19651527838711536,1.5381548632937074,-11.259496061420153,99.38927796567171,-0.19651527838711536,False,-11.259496061420153,1.5381548632937019,False,88.12978190425123
400,6.6659962565935,876,618,1117.0,578.0,-0.1607026155657821,1.7352720568010125,-9.207581628632683,108.63134679031633,-0.16070261556578203,False,-9.207581628632678,1.735272056801012,False,99.42376516168365
401,6.682661247234983,894,619,1125.0,538.0,-0.12014744574379906,1.9080495151165553,-6.883941560396732,116.20712587855851,-0.12014744574379899,False,-6.883941560396728,1.9080495151165486,False,109.32318431816141
402,6.699326237876467,913,619,1131.0,507.0,-0.07729444826802472,2.0453924034238002,-4.428645665550092,121.62099782985365,-0.07729444826802467,False,-4.428645665550089,2.0453924034237936,False,117.1923521643032
403,6.715991228517951,932,617,1134.0,479.0,-0.034311471744823636,2.1701363130433413,-1.9659025198607691,126.30555422532547,-0.03431147174482385,False,-1.9659025198607814,2.170136313043347,False,124.33965170546502
404,6.732656219159435,951,615,1138.0,458.0,0.00919514313828682,2.269205273448367,0.5268428938425135,129.48904212357883,0.009195143138286621,False,0.526842893842502,2.2692052734483674,False,130.01588501742134
405,6.749321209800918,967,612,1145.0,443.0,0.046263262424356945,2.3302637043347003,2.650689683421822,130.86358572747764,0.04626326242435708,False,2.6506896834218296,2.330263704334701,False,133.5142754108995
406,6.765986200442402,983,609,1150.0,431.0,0.08371993552754271,2.388067750377097,4.796798966835555,132.0294043210731,0.08371993552754287,False,4.7967989668355635,2.3880677503770933,False,136.82620328790844
407,6.782651191083886,996,606,1161.0,424.0,0.1145201944901747,2.4051467054287716,6.561523813304355,131.24323151755888,0.11452019449017481,False,6.561523813304361,2.4051467054287663,False,137.80475533086295
408,6.79931618172537,1007,602,1172.0,421.0,0.14123348469492372,2.4024043452251695,8.092082598944636,129.5555470663476,0.14123348469492392,False,8.092082598944648,2.402404345225168,False,137.64762966529216
409,6.815981172366853,1016,599,1184.0,422.0,0.1632129461893438,2.382275531483097,9.351412978545211,127.14292061272131,0.1632129461893439,False,9.351412978545218,2.382275531483092,False,136.49433359126624
410,6.832646163008337,1022,597,1198.0,427.0,0.17795356540980034,2.3388551876341914,10.195988247286794,123.81054289643062,0.17795356540980034,False,10.195988247286794,2.3388551876341985,False,134.00653114371784
411,6.849311153649821,1026,595,1212.0,436.0,0.18811077559644246,2.2780928124723596,10.777953522608675,119.7471499711452,0.18811077559644263,False,10.777953522608684,2.278092812472355,False,130.52510349375365
412,6.865976144291305,1029,594,1226.0,451.0,0.195536825930979,2.1986865427847673,11.203434865229331,114.77202450854794,0.19553682593097887,False,11.203434865229324,2.198686542784774,False,125.97545937377765
413,6.882641134932788,1030,594,1240.0,471.0,0.19786002800041014,2.1006453962509632,11.336544538763794,109.02157092000286,0.19786002800041036,False,11.336544538763807,2.1006453962509575,False,120.3581154587663
414,6.899306125574272,1029,594,1252.0,498.0,0.195536825930979,1.9773106103041564,11.203434865229331,102.08811789163586,0.19553682593097887,False,11.203434865229324,1.977310610304162,False,113.29155275686551
415,6.915971116215756,1028,595,1261.0,531.0,0.19275737418630176,1.8388632559858762,11.044184010899052,94.31491965877635,0.1927573741863018,False,11.044184010899054,1.8388632559858742,False,105.3591036696753
416,6.93263610685724,1026,595,1265.0,572.0,0.18811077559644246,1.6667351996481834,10.777953522608675,84.7189389831269,0.18811077559644263,False,10.777953522608684,1.6667351996481905,False,95.49689250573597
417,6.949301097498723,1024,596,1262.0,621.0,0.18302473651895912,1.4661381107208424,10.486544949030268,73.51698097855824,0.18302473651895923,False,10.486544949030275,1.4661381107208378,False,84.0035259275882
418,6.965966088140207,1023,597,1249.0,673.0,0.1802755297315499,1.24639325872525,10.329027003103,61.0840463354111,0.1802755297315497,False,10.329027003102988,1.2463932587252522,False,71.41307333851422
419,6.982631078781691,1023,597,1220.0,726.0,0.1802755297315499,0.9910385305342994,10.329027003103,46.453298131359325,0.1802755297315497,False,10.329027003102988,0.9910385305343006,False,56.78232513446239
420,6.999296069423175,1024,596,1177.0,775.0,0.18302473651895912,0.7072444213259714,10.486544949030268,30.035575477120094,0.18302473651895923,False,10.486544949030275,0.7072444213259708,False,40.522120426150316
421,7.015961060064658,1026,596,1120.0,811.0,0.18766914124252043,0.41216642012834115,10.752649738040954,12.862746592328929,0.18766914124252043,False,10.752649738040954,0.41216642012834726,False,23.615396330370242
422,7.032626050706142,1026,596,1054.0,829.0,0.18766914124252043,0.11959815938954396,10.752649738040954,-3.90017996748716,0.18766914124252043,False,10.752649738040954,0.11959815938954321,False,6.8524697705537445
423,7.049291041347626,1022,597,988.0,830.0,0.17795356540980034,-0.14490004858016167,10.195988247286794,-18.498149482170668,0.17795356540980034,False,10.195988247286794,-0.14490004858016547,False,-8.302161234884078
424,7.06595603198911,1014,600,926.0,821.0,0.15819092343819846,-0.37894509813114835,9.063672270285906,-30.775627060371512,0.15819092343819863,False,9.063672270285915,-0.37894509813115107,False,-21.711954790085777
425,7.082621022630593,1002,604,871.0,803.0,0.12899667864653944,-0.5821819475136389,7.390965257652058,-40.74753375889037,0.1289966786465393,False,7.39096525765205,-0.5821819475136429,False,-33.35656850123855
426,7.099286013272077,985,608,823.0,785.0,0.08855285281360874,-0.7411792190017954,5.073704730062958,-47.540145841668384,0.08855285281360858,False,5.073704730062949,-0.7411792190017898,False,-42.46644111160511
427,7.115951003913561,964,613,781.0,767.0,0.03924081601573394,-0.8712401007256189,2.2483331423509214,-52.166713856481614,0.03924081601573404,False,2.2483331423509267,-0.8712401007256254,False,-49.91838071413107
428,7.132615994555045,941,616,743.0,751.0,-0.013760599282188167,-0.9723774333163594,-0.7884242624401321,-54.9246987603509,-0.013760599282188313,False,-0.7884242624401404,-0.972377433316364,False,-55.7131230227913
429,7.149280985196528,916,618,710.0,740.0,-0.0706584303153343,-1.0361074228188574,-4.048429844087885,-55.31615260560933,-0.07065843031533436,False,-4.04842984408789,-1.036107422818855,False,-59.364582449697075
430,7.165945975838012,890,618,680.0,733.0,-0.1294097113956141,-1.0697829399913072,-7.414630290974722,-53.8794171656242,-0.1294097113956143,False,-7.414630290974734,-1.0697829399913097,False,-61.29404745659906
431,7.182610966479496,863,616,651.0,729.0,-0.19032853969190713,-1.081083858518645,-10.905022045234448,-51.03652034760212,-0.19032853969190722,False,-10.905022045234453,-1.0810838585186495,False,-61.94154239283683
432,7.19927595712098,837,613,627.0,729.0,-0.24877886198848612,-1.066126967422197,-14.253978824007838,-46.830596834365444,-0.2487788619884861,False,-14.253978824007836,-1.0661269674222034,False,-61.084575658373666
433,7.215940947762464,811,607,608.0,733.0,-0.3083427481527073,-1.015302591529353,-17.666738112615388,-40.505815310711505,-0.30834274815270746,False,-17.6667381126154,-1.015302591529359,False,-58.17255342332724
434,7.232605938403947,785,599,592.0,740.0,-0.36893186301233033,-0.9398468600711799,-21.13823867850517,-32.711019792195906,-0.3689318630123304,False,-21.138238678505175,-0.9398468600711816,False,-53.84925847070115
435,7.249270929045431,761,590,583.0,748.0,-0.4258921991417431,-0.8448518227061051,-24.40182553836706,-24.004618216627655,-0.42589219914174326,False,-24.40182553836707,-0.8448518227061008,False,-48.40644375499447
436,7.265935919686915,739,580,580.0,757.0,-0.4795192919925962,-0.7318778949381332,-27.474431626277134,-14.459082872596984,-0.47951929199259613,False,-27.47443162627713,-0.7318778949381333,False,-41.93351449887411
437,7.282600910328399,719,569,583.0,763.0,-0.5301497966600799,-0.6114175272111867,-30.375345858341365,-4.656297971184793,-0.5301497966600799,False,-30.375345858341365,-0.6114175272111844,False,-35.03164382952603
438,7.299265900969882,702,558,591.0,769.0,-0.5750722897323907,-0.4842825783850835,-32.94921511659045,5.201867283411707,-0.5750722897323906,False,-32.949215116590445,-0.4842825783850877,False,-27.747347833178992
439,7.315930891611366,688,549,603.0,771.0,-0.6119979971394375,-0.365663717176949,-35.06490230654919,14.113914591244626,-0.6119979971394374,False,-35.064902306549186,-0.3656637171769539,False,-20.950987715304844
440,7.33259588225285,679,541,616.0,771.0,-0.6386079094127717,-0.26735539552188037,-36.58953797302461,21.27120217957004,-0.6386079094127717,False,-36.58953797302461,-0.2673553955218857,False,-15.31833579345488
441,7.349260872894334,672,536,629.0,771.0,-0.6577286947334252,-0.18097667416105903,-37.68507827287376,27.315878653130788,-0.6577286947334251,False,-37.68507827287375,-0.18097667416105523,False,-10.369199619742764
442,7.365925863535817,670,534,642.0,772.0,-0.6639699897616278,-0.11710874456686428,-38.04267813668575,31.332841328928815,-0.663969989761628,False,-38.042678136685765,-0.11710874456685971,False,-6.7098368077566715
443,7.382590854177301,670,535,654.0,774.0,-0.6626014067792126,-0.06684586440739673,-37.96426410787994,34.13427819943234,-0.6626014067792125,False,-37.964264107879934,-0.06684586440739437,False,-3.8299859084474654
444,7.399255844818785,674,538,665.0,779.0,-0.6514973843844992,-0.03732705263531634,-37.32805048904411,35.18936791137781,-0.6514973843844993,False,-37.32805048904412,-0.037327052635315994,False,-2.1386825776662834
445,7.415920835460269,682,544,677.0,785.0,-0.6292861622743522,-0.020743912017768002,-36.055441204305026,34.866902595096214,-0.6292861622743522,False,-36.055441204305026,-0.02074391201777459,False,-1.1885386092091916
446,7.432585826101752,693,552,687.0,793.0,-0.5990858935463735,-0.024891123704300886,-34.325093266030926,32.89893693043644,-0.5990858935463734,False,-34.32509326603092,-0.024891123704303908,False,-1.4261563355946536
447,7.449250816743236,708,562,697.0,802.0,-0.5590697928435469,-0.04580127978157396,-32.03233958318847,29.40811955540642,-0.5590697928435469,False,-32.03233958318847,-0.04580127978156767,False,-2.6242200277816967
448,7.46591580738472,726,573,707.0,812.0,-0.5122686435902913,-0.07933106674482007,-29.350831254615084,24.80549594586626,-0.5122686435902915,False,-29.35083125461509,-0.0793310667448246,False,-4.545335308749087
449,7.482580798026204,748,584,717.0,821.0,-0.457689387551922,-0.130063287501013,-26.22367023465261,18.771592791247922,-0.4576893875519219,False,-26.2236702346526,-0.13006328750101304,False,-7.452077443404679
450,7.499245788667687,774,595,728.0,828.0,-0.39496220609672356,-0.19491827342292004,-22.629667476518453,11.46167305940813,-0.3949622060967237,False,-22.62966747651846,-0.19491827342292467,False,-11.167994417110586
451,7.515910779309171,802,605,741.0,832.0,-0.3287926915049544,-0.26252072318426667,-18.83843355798076,3.797104084800093,-0.3287926915049546,False,-18.838433557980775,-0.262520723184263,False,-15.041329473180452
452,7.532575769950655,833,612,757.0,834.0,-0.25800724186395513,-0.32983663152621534,-14.782726042615677,-4.115520872648146,-0.2580072418639552,False,-14.782726042615678,-0.32983663152621645,False,-18.898246915263876
453,7.549240760592139,863,616,777.0,834.0,-0.19032853969190713,-0.3757520547726105,-10.905022045234448,-10.623984836604684,-0.19032853969190722,False,-10.905022045234453,-0.3757520547726152,False,-21.529006881839393
454,7.565905751233622,894,618,801.0,833.0,-0.12041911383046701,-0.4082550023038833,-6.8995069951912,-16.491781601925023,-0.12041911383046688,False,-6.899506995191192,-0.40825500230388556,False,-23.391288597116343
455,7.582570741875106,923,618,829.0,831.0,-0.054739780049880706,-0.41560767615304356,-3.1363583683325875,-20.67620740847673,-0.05473978004988078,False,-3.136358368332592,-0.41560767615304073,False,-23.812565776809144
456,7.59923573251659,950,615,862.0,831.0,0.006896442388348462,-0.3868757177310281,0.3951370425074883,-22.56148286458995,0.006896442388348412,False,0.39513704250748544,-0.38687571773102647,False,-22.166345822082366
457,7.615900723158074,975,610,898.0,832.0,0.06502447867906763,-0.3338630171966823,3.7256281933489817,-22.854570014222507,0.06502447867906769,False,3.7256281933489848,-0.33386301719668765,False,-19.128941820873827
458,7.632565713799557,996,605,939.0,831.0,0.11478729578062681,-0.24705982557484307,6.576827589949759,-20.732312882626534,0.11478729578062685,False,6.576827589949761,-0.24705982557484774,False,-14.155485292677053
459,7.649230704441041,1015,599,981.0,830.0,0.16088843982698275,-0.14613688383226528,9.218228574530617,-17.591255249313022,0.16088843982698275,False,9.218228574530617,-0.1461368838322663,False,-8.373026674782455
460,7.665895695082525,1031,593,1026.0,828.0,0.20065287731988662,-0.021273386024061203,11.49656301758578,-12.715438252717078,0.2006528773198868,False,11.49656301758579,-0.021273386024059704,False,-1.2188752351312118
461,7.682560685724009,1043,588,1072.0,821.0,0.23109066719589708,0.12382673257793958,13.240519915187205,-6.1457707475761625,0.23109066719589721,False,13.240519915187212,0.12382673257794252,False,7.0947491676112024
462,7.699225676365492,1052,584,1118.0,809.0,0.25427531568314,0.28532942018213536,14.568902423000592,1.7792691243506567,0.2542753156831399,False,14.568902423000587,0.2853294201821406,False,16.348171547351548
463,7.715890667006976,1058,581,1161.0,793.0,0.27004629738490493,0.4522629016485536,15.472513113289773,10.440242381512599,0.27004629738490493,False,15.472513113289773,0.452262901648556,False,25.9127554948025
464,7.73255565764846,1062,579,1198.0,770.0,0.2806152354156007,0.6187621296180368,16.078068656383948,19.374389893256357,0.28061523541560085,False,16.078068656383955,0.6187621296180374,False,35.45245854964034
465,7.749220648289944,1064,578,1230.0,745.0,0.2859154058046762,0.7823951694214506,16.381746050378187,28.44619506889392,0.2859154058046762,False,16.381746050378187,0.7823951694214522,False,44.82794111927221
466,7.765885638931427,1064,578,1254.0,718.0,0.2859154058046762,0.9357695914045828,16.381746050378187,37.23390213378592,0.2859154058046762,False,16.381746050378187,0.9357695914045827,False,53.61564818416411
467,7.782550629572911,1064,578,1272.0,689.0,0.2859154058046762,1.0805894995483416,16.381746050378187,45.531471659895566,0.2859154058046762,False,16.381746050378187,1.080589499548342,False,61.91321771027378
468,7.799215620214395,1062,579,1284.0,664.0,0.2806152354156007,1.2051326096179475,16.078068656383948,52.9709436283115,0.28061523541560085,False,16.078068656383955,1.2051326096179515,False,69.04901228469566
469,7.815880610855879,1060,580,1290.0,643.0,0.2753254443778389,1.3034409312730162,15.774985955414069,58.90667825113135,0.275325444377839,False,15.774985955414076,1.3034409312730197,False,74.68166420654563
470,7.832545601497362,1056,582,1290.0,626.0,0.264778055693257,1.3849323809729637,15.170665098903486,64.18011524185157,0.26477805569325685,False,15.170665098903477,1.384932380972959,False,79.35078034075478
471,7.849210592138846,1052,584,1288.0,615.0,0.25427531568314,1.4401881568490826,14.568902423000592,67.94780066917684,0.2542753156831399,False,14.568902423000587,1.4401881568490786,False,82.51670309217722
472,7.86587558278033,1046,587,1284.0,609.0,0.23860932250820097,1.4786212892384347,13.671307132195833,71.04745223935903,0.23860932250820088,False,13.671307132195828,1.4786212892384363,False,84.71875937155497
473,7.882540573421814,1038,590,1277.0,609.0,0.21841068141687417,1.4914652600500766,12.51401024576329,72.94065444548787,0.21841068141687403,False,12.51401024576328,1.4914652600500808,False,85.45466469125142
474,7.899205564063297,1030,593,1268.0,617.0,0.19832665827727233,1.4702957277402668,11.363280484221018,72.87845935141225,0.19832665827727247,False,11.363280484221027,1.4702957277402682,False,84.24173983563333
475,7.915870554704781,1020,597,1258.0,630.0,0.17330383642495945,1.433019319508044,9.929578400575762,72.17638056794439,0.17330383642495928,False,9.929578400575751,1.4330193195080376,False,82.1059589685198
476,7.932535545346265,1010,601,1244.0,648.0,0.14854147509485363,1.3725790744430106,8.510799605582744,70.1321884079746,0.1485414750948535,False,8.510799605582735,1.3725790744430135,False,78.64298801355751
477,7.949200535987749,999,604,1227.0,673.0,0.12203211835299896,1.2769269917624289,6.991925346667795,66.1706020276558,0.12203211835299888,False,6.991925346667791,1.2769269917624264,False,73.16252737432347
478,7.965865526629232,987,607,1206.0,702.0,0.09340423327711489,1.1615041288686656,5.351668355434081,61.19761611575977,0.093404233277115,False,5.351668355434088,1.1615041288686605,False,66.54928447119353
479,7.982530517270716,976,610,1178.0,733.0,0.06733988765410806,1.0238504507310606,3.85829135546551,54.80401832399131,0.06733988765410803,False,3.858291355465508,1.0238504507310644,False,58.662309679457024
480,7.9991955079122,964,612,1143.0,767.0,0.03933155769527351,0.8571311600719476,2.2535322576144674,46.8564657036603,0.0393315576952733,False,2.2535322576144554,0.8571311600719476,False,49.10999796127478
481,8.015860498553684,955,614,1101.0,800.0,0.018431092394098954,0.6654941780324244,1.0560238059975422,37.0739838857882,0.018431092394099124,False,1.056023805997552,0.6654941780324215,False,38.13000769178558
482,8.032525489195168,945,615,1048.0,827.0,-0.004597668753122218,0.4522629016485536,-0.26342701515307876,26.17618250995545,-0.004597668753122175,False,-0.26342701515307626,0.452262901648556,False,25.9127554948025
483,8.049190479836652,937,616,991.0,845.0,-0.02293175929647557,0.23157740358968107,-1.31389302449794,14.582300880784386,-0.02293175929647573,False,-1.3138930244979492,0.23157740358968582,False,13.268407856286718
484,8.065855470478134,929,617,930.0,852.0,-0.041166660611771114,0.004255293464476131,-2.3586759097019283,2.602486265806002,-0.0411666606117711,False,-2.3586759097019274,0.004255293464471066,False,0.2438103561037944
485,8.082520461119618,920,618,870.0,848.0,-0.06156593173793357,-0.21406068356382152,-3.5274680503741194,-8.737305677518293,-0.06156593173793379,False,-3.5274680503741314,-0.2140606835638259,False,-12.264773727892655
486,8.099185451761102,909,618,815.0,835.0,-0.08654129434355992,-0.40877849630808727,-4.958450919485368,-18.462831674672127,-0.08654129434355973,False,-4.958450919485356,-0.40877849630808427,False,-23.421282594157333
487,8.115850442402586,897,618,767.0,816.0,-0.11366322414377611,-0.5809769580203017,-6.512423029287851,-26.775104659624642,-0.11366322414377628,False,-6.512423029287861,-0.5809769580202975,False,-33.28752768891225
488,8.13251543304407,881,618,725.0,796.0,-0.14955973987370316,-0.7196249120138116,-8.569141879837643,-32.66232841102697,-0.1495597398737032,False,-8.569141879837645,-0.7196249120138098,False,-41.231470290864515
489,8.149180423685554,865,616,689.0,776.0,-0.18590181313485024,-0.8329812666744317,-10.65138929645661,-37.07492169744967,-0.18590181313485044,False,-10.651389296456621,-0.8329812666744338,False,-47.72631099390639
490,8.165845414327038,848,614,658.0,759.0,-0.22427317570081595,-0.9189272124893197,-12.849906425652723,-39.800744529706684,-0.22427317570081584,False,-12.849906425652717,-0.9189272124893186,False,-52.650650955359346
491,8.182510404968522,830,611,632.0,744.0,-0.26507373076460733,-0.9793053653039,-15.187606032599088,-40.92245825383172,-0.26507373076460716,False,-15.187606032599078,-0.9793053653038974,False,-56.11006428643065
492,8.199175395610006,812,607,611.0,734.0,-0.3062150811870961,-1.0072929045340115,-17.54483177527646,-40.16880038799656,-0.30621508118709606,False,-17.54483177527646,-1.0072929045340082,False,-57.71363216327281
493,8.215840386251488,796,602,592.0,727.0,-0.34362427053018435,-1.0210580998598446,-19.688220439641196,-38.814099319975256,-0.3436242705301842,False,-19.688220439641185,-1.0210580998598395,False,-58.50231975961616
494,8.232505376892972,780,597,577.0,722.0,-0.3809197710532641,-1.0188665435038249,-21.825095214441617,-36.55165761540983,-0.3809197710532639,False,-21.825095214441607,-1.0188665435038295,False,-58.37675282985172
495,8.249170367534456,765,592,566.0,722.0,-0.415970050259855,-0.9921283412617993,-23.833328283734424,-33.01143840588172,-0.4159700502598551,False,-23.83332828373443,-0.9921283412618003,False,-56.8447666896162
496,8.26583535817594,753,586,559.0,725.0,-0.4457568739226661,-0.9490855656709769,-25.53998756471391,-28.838609745019397,-0.44575687392266605,False,-25.53998756471391,-0.9490855656709805,False,-54.37859730973351
497,8.282500348817424,742,581,555.0,729.0,-0.4725848089790521,-0.901294367418772,-27.077115016495895,-24.563248335513066,-0.4725848089790521,False,-27.077115016495895,-0.9012943674187675,False,-51.640363352008706
498,8.299165339458908,732,576,556.0,736.0,-0.49739844217568646,-0.8329812666744317,-28.49883147304876,-19.227479520857514,-0.4973984421756863,False,-28.49883147304875,-0.8329812666744338,False,-47.72631099390639
499,8.315830330100392,724,572,562.0,745.0,-0.5172209241057553,-0.7525741359704854,-29.63457602711604,-13.484745734697327,-0.5172209241057555,False,-29.63457602711605,-0.7525741359704874,False,-43.11932176181348
500,8.332495320741875,719,569,571.0,754.0,-0.5301497966600799,-0.6747409422235526,-30.375345858341365,-8.284462395748713,-0.5301497966600799,False,-30.375345858341365,-0.6747409422235471,False,-38.659808254089775
501,8.349160311383358,716,567,584.0,764.0,-0.5381363992146878,-0.5903417805676446,-30.8329444773688,-2.9911480193954065,-0.5381363992146877,False,-30.832944477368795,-0.5903417805676376,False,-33.82409249676379
502,8.365825302024842,716,567,601.0,775.0,-0.5381363992146878,-0.5050551888870511,-30.8329444773688,1.8954137329581786,-0.5381363992146877,False,-30.832944477368795,-0.5050551888870523,False,-28.93753074441069
503,8.382490292666326,718,568,619.0,783.0,-0.5331870416820996,-0.43152255892362384,-30.549367179450215,5.824945788441191,-0.5331870416820994,False,-30.5493671794502,-0.43152255892362845,False,-24.72442139100929
504,8.39915528330781,723,571,639.0,793.0,-0.520247132243682,-0.36172924151993224,-29.807964981347386,9.082406115786839,-0.5202471322436821,False,-29.807964981347393,-0.36172924151993513,False,-20.725558865560707
505,8.415820273949294,731,575,660.0,802.0,-0.5004103624773888,-0.303135683518947,-28.671401794566073,11.303006509116972,-0.500410362477389,False,-28.671401794566084,-0.30313568351894205,False,-17.368395285448806
506,8.432485264590778,741,581,683.0,811.0,-0.474559874257664,-0.24702365005121815,-27.19027792122319,13.036865333371797,-0.47455987425766377,False,-27.190277921223174,-0.24702365005121507,False,-14.153412587851225
507,8.449150255232261,755,587,706.0,820.0,-0.4407887682223147,-0.20727991668300638,-25.255336075908893,13.37907167214929,-0.4407887682223146,False,-25.255336075908886,-0.20727991668300305,False,-11.876264403759418
508,8.465815245873745,772,594,731.0,828.0,-0.39992542337746034,-0.17345298478670165,-22.914038879511068,12.975914907286182,-0.3999254233774603,False,-22.914038879511065,-0.173452984786703,False,-9.938123972224957
509,8.482480236515228,790,601,756.0,835.0,-0.3569472807831406,-0.14428939453774245,-20.45157269754511,12.184399362034469,-0.35694728078314064,False,-20.451572697545114,-0.14428939453774703,False,-8.267173335510899
510,8.499145227156712,811,607,783.0,842.0,-0.3083427481527073,-0.11858985925770553,-17.666738112615388,10.872039684098414,-0.30834274815270746,False,-17.6667381126154,-0.11858985925770682,False,-6.794698428517035
511,8.515810217798196,834,612,811.0,847.0,-0.2558418968376189,-0.09756161810402565,-14.658660911416964,9.068791951589162,-0.25584189683761904,False,-14.658660911416975,-0.0975616181040202,False,-5.5898689598274816
512,8.53247520843968,858,616,840.0,850.0,-0.2013620441164996,-0.07677189126977804,-11.537195282002518,7.1384899270069795,-0.20136204411649938,False,-11.537195282002504,-0.07677189126978234,False,-4.398705354995779
513,8.549140199081164,882,618,869.0,852.0,-0.14732657646554848,-0.05549850524571683,-8.441191041587329,5.261360921723105,-0.1473265764655487,False,-8.441191041587341,-0.05549850524571909,False,-3.1798301198643637
514,8.565805189722647,907,618,901.0,853.0,-0.0910715792318292,-0.025526369158899505,-5.218017123575093,3.755463904477254,-0.09107157923182907,False,-5.218017123575086,-0.025526369158892948,False,-1.462553219097475
515,8.582470180364131,930,616,932.0,851.0,-0.03897108464299604,0.008510432828888926,-2.2328786730907697,2.7204905560156765,-0.038971084642996257,False,-2.232878673090782,0.008510432828888526,False,0.48761188292489444
516,8.599135171005615,953,614,966.0,848.0,0.01382400412200598,0.05549850524571683,0.7920570921623958,2.3877730277018445,0.013824004122005906,False,0.7920570921623916,0.05549850524571198,False,3.1798301198639565
517,8.615800161647098,974,610,1000.0,844.0,0.06270837130247289,0.11065722117389565,3.592925015770986,2.7472667301389317,0.06270837130247298,False,3.5929250157709904,0.11065722117389853,False,6.340191745910075
518,8.632465152288582,993,606,1034.0,836.0,0.10756444752982855,0.17640787790004292,6.162988869115569,3.944438007416036,0.10756444752982874,False,6.16298886911558,0.17640787790003642,False,10.107426876531235
519,8.649130142930066,1010,601,1067.0,828.0,0.14854147509485363,0.24601493218598205,8.510799605582744,5.584817705871185,0.1485414750948535,False,8.510799605582735,0.24601493218597525,False,14.095617311453537
520,8.66579513357155,1025,596,1100.0,818.0,0.18534794999569476,0.3257991152726704,10.619655276155134,8.047258998065088,0.1853479499956947,False,10.619655276155132,0.3257991152726767,False,18.666914274220574
521,8.682460124213033,1037,591,1129.0,806.0,0.21557537492285903,0.404330304030781,12.351559150030187,10.814860800174985,0.21557537492285883,False,12.351559150030175,0.40433030403078263,False,23.166419950205263
522,8.699125114854517,1048,586,1157.0,794.0,0.24381924335652766,0.48269292498282257,13.969813608402172,13.686453793938414,0.2438192433565276,False,13.969813608402168,0.4826929249828176,False,27.6562674023403
523,8.715790105496001,1056,582,1182.0,780.0,0.264778055693257,0.5667292175235064,15.170665098903486,17.300527191945015,0.26477805569325685,False,15.170665098903477,0.5667292175235055,False,32.47119229084844
524,8.732455096137485,1062,579,1203.0,766.0,0.2806152354156007,0.646063016083317,16.078068656383948,20.938615464682744,0.28061523541560085,False,16.078068656383955,0.6460630160833212,False,37.01668412106693
525,8.749120086778968,1067,577,1222.0,753.0,0.29353531342458145,0.7220389737652029,16.818334597278334,24.55145124342496,0.2935353134245813,False,16.818334597278323,0.7220389737651978,False,41.369785840703
526,8.765785077420452,1069,575,1237.0,741.0,0.29956597724202616,0.7913861157813615,17.163866181680167,28.179218217843356,0.29956597724202627,False,17.163866181680174,0.7913861157813677,False,45.34308439952389
527,8.782450068061936,1070,575,1247.0,730.0,0.3018754959708296,0.8515664871306055,17.296191857547022,31.494973829818186,0.30187549597082963,False,17.296191857547026,0.8515664871306008,False,48.79116568736496
528,8.79911505870342,1069,575,1254.0,721.0,0.29956597724202616,0.9026821928003789,17.163866181680167,34.556013707396,0.29956597724202627,False,17.163866181680174,0.9026821928003734,False,51.71987988907586
529,8.815780049344903,1066,577,1258.0,714.0,0.29122568747943944,0.9510396943946438,16.686002778367783,37.80455785985692,0.29122568747943944,False,16.686002778367783,0.9510396943946411,False,54.49056063822455
530,8.832445039986387,1062,579,1257.0,711.0,0.2806152354156007,0.9757267030893555,16.078068656383948,39.8269533888505,0.28061523541560085,False,16.078068656383955,0.9757267030893537,False,55.905022045234354
531,8.849110030627871,1056,582,1253.0,711.0,0.264778055693257,0.9910385305342994,15.170665098903486,41.611660035558835,0.26477805569325685,False,15.170665098903477,0.9910385305343006,False,56.78232513446239
532,8.865775021269355,1048,586,1246.0,714.0,0.24381924335652766,0.996910432498493,13.969813608402172,43.14894672632304,0.2438192433565276,False,13.969813608402168,0.996910432498499,False,57.118760334725536
533,8.882440011910838,1039,590,1235.0,721.0,0.22073399198344693,0.981617253201871,12.647126135726056,43.59539956996584,0.220733991983447,False,12.647126135726062,0.9816172532018648,False,56.24252570569155
534,8.899105002552322,1029,594,1221.0,731.0,0.195536825930979,0.9510396943946438,11.203434865229331,43.28712577299538,0.19553682593097887,False,11.203434865229324,0.9510396943946411,False,54.49056063822455
535,8.915769993193805,1018,598,1203.0,745.0,0.16825064497599798,0.8993600652048293,9.640051857478673,41.88948414136857,0.16825064497599795,False,9.64005185747867,0.899360065204835,False,51.52953599884757
536,8.93243498383529,1006,602,1181.0,760.0,0.13891000739784762,0.836404933754026,7.9589571560277115,39.96351551199718,0.13891000739784776,False,7.9589571560277195,0.8364049337540287,False,47.92247266802505
537,8.949099974476773,993,606,1154.0,777.0,0.10756444752982855,0.7552867853843658,6.162988869115569,37.11175625541178,0.10756444752982874,False,6.16298886911558,0.7552867853843601,False,43.27474512452702
538,8.965764965118257,979,610,1124.0,795.0,0.07428167941256276,0.6647744948173456,4.256026725483663,33.83274615549167,0.0742816794125627,False,4.256026725483658,0.6647744948173404,False,38.08877288097502
539,8.982429955759741,965,612,1089.0,811.0,0.04164257909858842,0.5572430774770983,2.3859440303888126,29.541732471930473,0.041642579098588595,False,2.3859440303888224,0.5572430774771,False,31.927676502319372
540,8.999094946401225,950,614,1050.0,827.0,0.0069123323030182825,0.4389378103867573,0.39604746755489206,24.753236536319896,0.006912332303018243,False,0.3960474675548898,0.4389378103867507,False,25.149284003874406
541,9.015759937042708,935,616,1007.0,840.0,-0.027515989285454418,0.31099828060554097,-1.576550055183732,19.39543896970651,-0.027515989285454623,False,-1.5765500551837437,0.3109982806055349,False,17.818888914522436
542,9.032424927684191,921,618,962.0,849.0,-0.05929115457036577,0.1756598530080881,-3.3971329193397604,13.461701126591635,-0.05929115457036582,False,-3.3971329193397635,0.17565985300808862,False,10.064568207251897
543,9.049089918325675,907,618,915.0,853.0,-0.0910715792318292,0.03402941174160484,-5.218017123575093,7.167758795681987,-0.09107157923182907,False,-5.218017123575086,0.0340294117416029,False,1.9497416721067744
544,9.06575490896716,892,618,868.0,852.0,-0.12491695009311453,-0.10220671810725354,-7.157214029981798,1.3012004445528527,-0.12491695009311465,False,-7.157214029981805,-0.1022067181072508,False,-5.8560135854288005
545,9.082419899608643,877,617,824.0,847.0,-0.15883375392926266,-0.22648128693404307,-9.100503744366206,-3.8759181356458527,-0.15883375392926258,False,-9.100503744366202,-0.22648128693404246,False,-12.97642188001203
546,9.099084890250127,862,616,782.0,838.0,-0.19253908588948937,-0.34587455983724136,-11.031677012774603,-8.785475506844373,-0.19253908588948931,False,-11.0316770127746,-0.34587455983723814,False,-19.817152519618794
547,9.115749880891611,847,614,744.0,828.0,-0.2264622610588551,-0.44858283537036436,-12.975331777662252,-12.726571451071456,-0.22646226105885514,False,-12.975331777662253,-0.44858283537037025,False,-25.70190322873404
548,9.132414871533095,831,611,711.0,815.0,-0.26291152316055905,-0.5317240672588056,-15.063720662456028,-15.40182425700385,-0.2629115231605592,False,-15.063720662456037,-0.5317240672588035,False,-30.46554491945976
549,9.149079862174577,816,608,681.0,803.0,-0.29702061466046703,-0.6055446636049701,-17.018027648426305,-17.67712588280766,-0.29702061466046725,False,-17.01802764842632,-0.6055446636049702,False,-34.69515353123398
550,9.165744852816061,801,604,656.0,792.0,-0.33162329426435205,-0.6569796522436236,-19.000615149572333,-18.641546149959836,-0.331623294264352,False,-19.00061514957233,-0.6569796522436171,False,-37.642161299531786
551,9.182409843457545,787,600,635.0,782.0,-0.36397895650964407,-0.6958181893838117,-20.854458039578347,-19.01298752054868,-0.3639789565096443,False,-20.854458039578358,-0.6958181893838109,False,-39.86744556012699
552,9.19907483409903,774,595,618.0,774.0,-0.39496220609672356,-0.716849019645583,-22.629667476518453,-18.442755897264092,-0.3949622060967237,False,-22.62966747651846,-0.7168490196455899,False,-41.07242337378294
553,9.215739824740513,763,591,605.0,768.0,-0.4209300726944044,-0.7287424425995209,-24.11751663552431,-17.636349677482894,-0.4209300726944045,False,-24.117516635524314,-0.7287424425995219,False,-41.75386631300726
554,9.232404815381997,753,586,594.0,762.0,-0.4457568739226661,-0.7346953878814758,-25.53998756471391,-16.554957388621617,-0.44575687392266605,False,-25.53998756471391,-0.7346953878814695,False,-42.09494495333517
555,9.249069806023481,745,583,586.0,759.0,-0.46463967216741014,-0.7346953878814758,-26.621892209534785,-15.473052743800737,-0.4646396721674102,False,-26.62189220953479,-0.7346953878814695,False,-42.09494495333517
556,9.265734796664965,739,580,582.0,759.0,-0.4795192919925962,-0.7200153013186058,-27.474431626277134,-13.779406324119234,-0.47951929199259613,False,-27.47443162627713,-0.7200153013186075,False,-41.253837950396466
557,9.28239978730645,736,578,581.0,758.0,-0.487476265792233,-0.7109093731835666,-27.9303326426925,-12.801774057016694,-0.48747626579223313,False,-27.930332642692505,-0.710909373183565,False,-40.7321066997091
558,9.299064777947931,734,577,582.0,760.0,-0.49243806277603025,-0.6931236382026539,-28.21462266866482,-11.498436481099883,-0.4924380627760301,False,-28.214622668664813,-0.6931236382026604,False,-39.71305914976507
559,9.315729768589415,734,577,588.0,764.0,-0.49243806277603025,-0.6628915955810121,-28.21462266866482,-9.766268032820173,-0.4924380627760301,False,-28.214622668664813,-0.6628915955810122,False,-37.98089070148501
560,9.3323947592309,737,578,595.0,768.0,-0.4855129110727688,-0.6418147697509796,-27.817840703580107,-8.955436832311717,-0.4855129110727687,False,-27.817840703580103,-0.641814769750976,False,-36.773277535891616
561,9.349059749872383,741,581,605.0,775.0,-0.474559874257664,-0.6114175272111867,-27.19027792122319,-7.841365908302983,-0.47455987425766377,False,-27.190277921223174,-0.6114175272111844,False,-35.03164382952603
562,9.365724740513867,748,584,619.0,783.0,-0.457689387551922,-0.5751378162377683,-26.22367023465261,-6.729299274142227,-0.4576893875519219,False,-26.2236702346526,-0.5751378162377669,False,-32.95296950879475
563,9.382389731155351,756,588,634.0,790.0,-0.4378340789003106,-0.5433264688263294,-25.086044847985686,-6.044268713509289,-0.4378340789003108,False,-25.086044847985697,-0.5433264688263328,False,-31.130313561495164
564,9.399054721796835,767,592,653.0,799.0,-0.4119010172909708,-0.5033993843966541,-23.60018986791777,-5.2424702674942925,-0.41190101729097073,False,-23.60018986791777,-0.5033993843966549,False,-28.84266013541211
565,9.41571971243832,779,597,674.0,809.0,-0.3829846867843836,-0.45986690867781754,-21.943406170884934,-4.40502683408205,-0.3829846867843836,False,-21.943406170884934,-0.4598669086778209,False,-26.348433004967188
566,9.432384703079801,794,602,698.0,817.0,-0.34781934798996217,-0.4199492092830034,-19.928580672816924,-4.132736628955301,-0.34781934798996206,False,-19.92858067281692,-0.4199492092830006,False,-24.061317301772068
567,9.449049693721285,809,606,724.0,826.0,-0.31327618099367155,-0.3686959026580498,-17.949402992913875,-3.175316153158602,-0.3132761809936717,False,-17.949402992913885,-0.3686959026580432,False,-21.124719146072106
568,9.46571468436277,827,610,753.0,834.0,-0.2721458905311873,-0.3190695956723733,-15.592810939266347,-2.688530263706277,-0.27214589053118754,False,-15.592810939266359,-0.3190695956723708,False,-18.281341202972484
569,9.482379675004253,845,614,785.0,841.0,-0.23083379589407182,-0.25840760789152223,-13.225802273714587,-1.5798630525411055,-0.23083379589407205,False,-13.2258022737146,-0.25840760789152384,False,-14.805665326255781
570,9.499044665645737,863,616,817.0,846.0,-0.19032853969190713,-0.19739555984988075,-10.905022045234448,-0.40491042878576755,-0.19032853969190722,False,-10.905022045234453,-0.1973955598498769,False,-11.309932474019991
571,9.515709656287221,883,618,852.0,851.0,-0.14509193191273903,-0.13227039651549488,-8.313155339999449,0.7346198651396764,-0.14509193191273884,False,-8.313155339999437,-0.13227039651549077,False,-7.578535474859532
572,9.532374646928705,902,618,887.0,853.0,-0.10238051025009888,-0.06374331253268707,-5.86597114172653,2.2137483614201945,-0.10238051025009876,False,-5.865971141726523,-0.06374331253269006,False,-3.6522227803065066
573,9.54903963757019,921,617,923.0,852.0,-0.05942651342669384,0.008510432828888926,-3.4048884105270765,3.8925002934519943,-0.059426513426693806,False,-3.4048884105270747,0.008510432828888526,False,0.48761188292489444
574,9.565704628211671,939,616,959.0,850.0,-0.018346565113120265,0.08526286944052945,-1.051180749543747,5.936383317661039,-0.01834656511312005,False,-1.0511807495437346,0.08526286944053041,False,4.885202568117355
575,9.582369618853155,956,613,995.0,845.0,0.020782226927996576,0.1665463005437437,1.190733891857334,8.351666222816544,0.020782226927996472,False,1.190733891857328,0.16654630054374664,False,9.54240011467405
576,9.59903460949464,973,610,1030.0,838.0,0.06039159006810257,0.24497866312686414,3.460183228986457,10.576060238940032,0.06039159006810246,False,3.460183228986451,0.24497866312686156,False,14.036243467926331
577,9.615699600136123,988,607,1063.0,830.0,0.09572527232835949,0.32443871996452966,5.484654097155446,13.104315267438913,0.0957252723283597,False,5.484654097155458,0.32443871996453666,False,18.588969364594753
578,9.632364590777607,1001,603,1094.0,819.0,0.12697278961407893,0.4065668265945415,7.275004957889255,16.01955829600517,0.12697278961407887,False,7.275004957889252,0.40656682659454546,False,23.29456325389465
579,9.649029581419091,1014,599,1122.0,808.0,0.15856217831810468,0.4769548082495407,9.084943608028167,18.24255392314198,0.1585621783181046,False,9.084943608028164,0.47695480824953407,False,27.32749753116976
580,9.665694572060575,1025,595,1148.0,796.0,0.18578437708465773,0.5491529026790107,10.644660706417893,20.81948292444785,0.18578437708465767,False,10.64466070641789,0.5491529026790154,False,31.464143630866023
581,9.682359562702059,1034,591,1169.0,784.0,0.20859957280615768,0.6103781383162791,11.951875130024774,23.020216102550428,0.2085995728061576,False,11.951875130024769,0.6103781383162818,False,34.97209123257535
582,9.699024553343541,1042,588,1187.0,772.0,0.22876699723920618,0.667407740342768,13.10738343368747,25.132263302316257,0.22876699723920613,False,13.107383433687467,0.667407740342771,False,38.239646736003905
583,9.715689543985025,1048,585,1203.0,763.0,0.24439760566756294,0.7164386131877714,14.002951327853925,27.045957488011094,0.24439760566756297,False,14.002951327853927,0.7164386131877656,False,41.04890881586469
584,9.73235453462651,1052,583,1215.0,752.0,0.2548793297148527,0.767327841371224,14.603509877784413,29.361136935670658,0.2548793297148526,False,14.603509877784406,0.7673278413712303,False,43.964646813455424
585,9.749019525267993,1054,582,1224.0,746.0,0.2601378516754608,0.8033603032453056,14.904800992604114,31.124353811701862,0.26013785167546066,False,14.904800992604107,0.8033603032453023,False,46.02915480430579
586,9.765684515909477,1056,581,1229.0,741.0,0.2654078112763616,0.8244173881142678,15.206747435940178,32.02888946020611,0.26540781127636137,False,15.206747435940166,0.8244173881142736,False,47.23563689614663
587,9.782349506550961,1055,582,1231.0,738.0,0.2624593998262764,0.8455664145524581,15.037815903582251,33.40957094828295,0.2624593998262763,False,15.037815903582244,0.8455664145524544,False,48.44738685186499
588,9.799014497192445,1053,583,1229.0,739.0,0.25720157010788763,0.8455664145524581,14.736564451320115,33.7108224005451,0.2572015701078878,False,14.736564451320124,0.8455664145524544,False,48.44738685186499
589,9.815679487833929,1049,584,1225.0,741.0,0.24730694762751554,0.8423934245518903,14.169644343319527,34.095943573075935,0.2473069476275156,False,14.169644343319531,0.84239342455189,False,48.26558791639544
590,9.832344478475411,1044,586,1217.0,746.0,0.23452000903358036,0.8244173881142678,13.437006728994096,33.798630167152204,0.2345200090335804,False,13.437006728994097,0.8244173881142736,False,47.23563689614663
591,9.849009469116895,1038,590,1206.0,754.0,0.21841068141687417,0.7974457732516343,12.51401024576329,33.176266952101805,0.21841068141687403,False,12.51401024576328,0.7974457732516278,False,45.69027719786471
592,9.86567445975838,1029,593,1192.0,764.0,0.1959982622031369,0.7614506464752407,11.229873216138229,32.39803513440117,0.19599826220313687,False,11.229873216138227,0.7614506464752431,False,43.62790835053952
593,9.882339450399863,1020,597,1174.0,774.0,0.17330383642495945,0.7160232708250613,9.929578400575762,31.095533050852968,0.17330383642495928,False,9.929578400575751,0.7160232708250653,False,41.02511145142898
594,9.899004441041347,1009,600,1153.0,786.0,0.14656057842397258,0.6588060361174762,8.397302586689744,29.349502800584922,0.14656057842397274,False,8.397302586689753,0.6588060361174719,False,37.74680538727442
595,9.915669431682831,996,604,1129.0,799.0,0.115055640416329,0.5985780024668524,6.59220260503047,27.703790645691562,0.11505564041632921,False,6.592202605030481,0.598578002466855,False,34.29599325072217
596,9.932334422324315,983,608,1101.0,810.0,0.08391462693919144,0.5286898329640626,4.807953963030471,25.48374213728679,0.08391462693919127,False,4.807953963030461,0.5286898329640657,False,30.29169610031743
597,9.948999412965799,969,610,1070.0,823.0,0.051118218908678265,0.4427777742058472,2.9288581996931056,22.440439524498462,0.05111821890867807,False,2.9288581996930945,0.4427777742058403,False,25.369297724191174
598,9.965664403607281,954,613,1038.0,833.0,0.01616487363060744,0.3647348142644133,0.9261790353961225,19.971586463442737,0.016164873630607257,False,0.9261790353961119,0.3647348142644127,False,20.897765498838822
599,9.982329394248765,939,615,1001.0,842.0,-0.01838873162866526,0.26662476624138154,-1.053596712921248,16.330070532214556,-0.018388731628665056,False,-1.0535967129212362,0.26662476624138165,False,15.276473819293319
600,9.99899438489025,923,617,963.0,848.0,-0.054864791769078214,0.1714599540647277,-3.143521012232279,12.967452735648134,-0.0548647917690781,False,-3.1435210122322728,0.17145995406473347,False,9.823931723416193
601,10.015659375531733,908,618,926.0,852.0,-0.0888068936452083,0.07677189126977804,-5.088260197537607,9.486965552533139,-0.08880689364520844,False,-5.088260197537615,0.07677189126977524,False,4.398705354995371
602,10.032324366173217,892,617,886.0,853.0,-0.12519982678732985,-0.0254182532590757,-7.1734216706829494,5.717063036343273,-0.12519982678733,False,-7.173421670682957,-0.025418253259072543,False,-1.4563586343395065
603,10.048989356814701,876,617,847.0,851.0,-0.1610640361876727,-0.12330291708117037,-9.228289504896008,2.1635527544933875,-0.1610640361876725,False,-9.228289504895997,-0.12330291708117258,False,-7.064736750402736
604,10.065654347456185,860,616,812.0,846.0,-0.19695444827725606,-0.20574261139803554,-11.28465864261444,-0.5035246564931876,-0.19695444827725606,False,-11.28465864261444,-0.2057426113980334,False,-11.7881832991075
605,10.082319338097669,845,613,777.0,839.0,-0.2313481005793208,-0.29226848261129845,-13.255269761563156,-3.4904807767569235,-0.23134810057932098,False,-13.255269761563168,-0.292268482611302,False,-16.745750538320294
606,10.098984328739151,830,611,745.0,831.0,-0.26507373076460733,-0.3686959026580498,-15.187606032599088,-5.937113113473384,-0.26507373076460716,False,-15.187606032599078,-0.3686959026580432,False,-21.124719146072106
607,10.115649319380635,815,608,718.0,822.0,-0.29915553030994335,-0.42557078341100274,-17.14034930475773,-7.243060468768795,-0.29915553030994335,False,-17.14034930475773,-0.4255707834110005,False,-24.3834097735264
608,10.13231431002212,802,604,692.0,813.0,-0.32951327778848366,-0.4844779290370232,-18.87972011080201,-8.878820490258025,-0.3295132777884837,False,-18.87972011080201,-0.48447792903702336,False,-27.758540601060034
609,10.148979300663603,789,600,670.0,805.0,-0.35981396670998533,-0.5259487304013317,-20.615821702342863,-9.518820789917404,-0.35981396670998533,False,-20.615821702342863,-0.5259487304013355,False,-30.134642492260497
610,10.165644291305087,778,596,653.0,797.0,-0.38588266939807375,-0.5563601789155386,-22.109448343751673,-9.767641797252049,-0.3858826693980739,False,-22.109448343751684,-0.5563601789155364,False,-31.877090141003602
611,10.182309281946571,768,592,637.0,790.0,-0.40986105260175276,-0.5844979449992517,-23.483308500869864,-10.005956881656987,-0.40986105260175254,False,-23.48330850086985,-0.5844979449992529,False,-33.48926538252691
612,10.198974272588055,759,589,625.0,784.0,-0.4308561864355129,-0.6020696709098432,-24.686241059856638,-9.80981005610777,-0.4308561864355127,False,-24.686241059856627,-0.6020696709098381,False,-34.496051115964114
613,10.215639263229539,753,586,616.0,779.0,-0.4457568739226661,-0.6173025397004024,-25.53998756471391,-9.82884264282608,-0.44575687392266605,False,-25.53998756471391,-0.6173025397004004,False,-35.36883020753989
614,10.232304253871021,748,584,610.0,776.0,-0.457689387551922,-0.6231993299340659,-26.22367023465261,-9.483021165950282,-0.4576893875519219,False,-26.2236702346526,-0.6231993299340637,False,-35.70669140060276
615,10.248969244512505,746,583,606.0,774.0,-0.4626545606678518,-0.6325218202501238,-26.508153698747208,-9.732677051517383,-0.4626545606678518,False,-26.508153698747208,-0.6325218202501297,False,-36.24083075026492
616,10.265634235153989,745,582,606.0,773.0,-0.4656356779521519,-0.6291075220107366,-26.678959137371102,-9.366246733777647,-0.465635677952152,False,-26.67895913737111,-0.629107522010738,False,-36.04520587114883
617,10.282299225795473,746,583,608.0,774.0,-0.4626545606678518,-0.6256761717353726,-26.508153698747208,-9.340450283592125,-0.4626545606678518,False,-26.508153698747208,-0.6256761717353747,False,-35.84860398233946
618,10.298964216436957,749,584,612.0,777.0,-0.4556954903433051,-0.6173025397004024,-26.109428339815942,-9.25940186772405,-0.45569549034330503,False,-26.10942833981594,-0.6173025397004004,False,-35.36883020753989
619,10.315629207078441,754,586,621.0,782.0,-0.44374973792766575,-0.5961991412974801,-25.424987143291602,-8.734707402377827,-0.4437497379276656,False,-25.42498714329159,-0.5961991412974861,False,-34.15969454566977
620,10.332294197719925,761,589,632.0,787.0,-0.4268116891093205,-0.5774396161445142,-24.454508432813867,-8.630344495921102,-0.42681168910932055,False,-24.45450843281387,-0.5774396161445132,False,-33.08485292873492
621,10.348959188361409,769,593,646.0,794.0,-0.40693557905981526,-0.5491529026790107,-23.315691213839656,-8.1484524170261,-0.40693557905981503,False,-23.315691213839642,-0.5491529026790083,False,-31.464143630865614
622,10.365624179002893,779,596,662.0,802.0,-0.3838176232885688,-0.5165283191792055,-21.991129917177126,-7.6037627707776325,-0.38381762328856883,False,-21.99112991717713,-0.516528319179212,False,-29.594892687955145
623,10.382289169644375,791,600,682.0,810.0,-0.3556358843007598,-0.4787693296313251,-20.37643521383639,-7.055026734346256,-0.35563588430075965,False,-20.37643521383638,-0.47876932963133,False,-27.431461948182914
624,10.398954160285859,803,604,704.0,818.0,-0.32740021180022655,-0.43329640092905236,-18.758650347842234,-6.067404703600875,-0.3274002118002266,False,-18.758650347842238,-0.43329640092904853,False,-24.826055051442882
625,10.415619150927343,818,608,730.0,826.0,-0.29274241622510366,-0.38366592426060625,-16.77290493416051,-5.209533268958128,-0.2927424162251038,False,-16.77290493416052,-0.3836659242606082,False,-21.98243820311875
626,10.432284141568827,833,611,757.0,833.0,-0.25857956543541993,-0.32983663152621534,-14.815517767776463,-4.082729147487336,-0.25857956543541993,False,-14.815517767776463,-0.32983663152621645,False,-18.898246915263876
627,10.448949132210311,849,614,786.0,840.0,-0.22208190190548016,-0.2718594670141011,-12.724355685422369,-2.8520443951616468,-0.22208190190548027,False,-12.724355685422374,-0.27185946701410657,False,-15.576400080584326
628,10.465614122851795,866,615,818.0,846.0,-0.18409847126233253,-0.20487671703710847,-10.548065418142127,-1.1905057885802028,-0.18409847126233236,False,-10.548065418142118,-0.20487671703710575,False,-11.738571206722167
629,10.482279113493279,882,617,851.0,850.0,-0.14765883463326268,-0.13227039651549488,-8.460228032306102,0.8816925574463227,-0.1476588346332628,False,-8.460228032306109,-0.13227039651549077,False,-7.578535474859532
630,10.498944104134763,899,617,885.0,852.0,-0.10940125599657366,-0.059504138864393916,-6.26823024203396,2.8588942215438045,-0.1094012559965738,False,-6.268230242033968,-0.05950413886439421,False,-3.409336020490163
631,10.515609094776245,916,617,920.0,852.0,-0.0708195806151864,0.017019633058136616,-4.057663076136679,5.03281621922923,-0.07081958061518634,False,-4.057663076136675,0.017019633058129813,False,0.9751531430921727
632,10.532274085417729,932,615,955.0,849.0,-0.034469100999508014,0.09797589067169137,-1.9749340108819766,7.588539040405065,-0.03446910099950795,False,-1.974934010881973,0.09797589067169454,False,5.61360502952327
633,10.548939076059213,947,614,989.0,845.0,0.0,0.17985349979247828,0.0,10.304846468766023,0.0,False,0.0,0.17985349979247545,False,10.30484646876587
634,10.565604066700697,962,611,1023.0,839.0,0.034788742989580894,0.26142116885694905,1.9932481478683153,12.98508150301169,0.03478874298958079,False,1.9932481478683093,0.2614211688569448,False,14.978329650879772
635,10.582269057342181,976,609,1054.0,830.0,0.06749638133102558,0.3392926144540447,3.8672577826733674,15.572777045502834,0.06749638133102565,False,3.8672577826733714,0.3392926144540418,False,19.440034828176028
636,10.598934047983665,988,605,1083.0,821.0,0.09617297807931112,0.4143517155480171,5.51030574714871,18.230298787757896,0.09617297807931102,False,5.510305747148704,0.41435171554801187,False,23.740604534906293
637,10.615599038625149,1000,602,1109.0,812.0,0.12493825490640124,0.4787693296313251,7.1584347058664415,20.273027242316203,0.12493825490640109,False,7.158434705866433,0.4787693296313229,False,27.43146194818251
638,10.632264029266633,1011,599,1132.0,800.0,0.15157309562693405,0.5418814875330563,8.684498667156156,22.363023564758908,0.15157309562693388,False,8.684498667156147,0.5418814875330504,False,31.047522231914726
639,10.648929019908115,1019,596,1152.0,790.0,0.17137912638950764,0.6009735741735002,9.819300638757898,24.613948760275985,0.1713791263895077,False,9.819300638757902,0.6009735741734978,False,34.433249399033755
640,10.665594010549599,1027,593,1169.0,781.0,0.19133502799157034,0.6468966814815439,10.96268957693445,26.101760052976736,0.19133502799157043,False,10.962689576934453,0.6468966814815396,False,37.06444962991093
641,10.682259001191083,1034,590,1183.0,772.0,0.20909366916586097,0.6860286434130686,11.98018476610855,27.326361126545613,0.20909366916586114,False,11.98018476610856,0.6860286434130707,False,39.30654589265427
642,10.698923991832567,1039,588,1193.0,766.0,0.2217809690225993,0.7132345344377907,12.707113501316591,28.15821512494699,0.22178096902259936,False,12.707113501316593,0.7132345344377917,False,40.86532862626363
643,10.715588982474051,1042,587,1201.0,761.0,0.22930960317975177,0.7403835476229212,13.138472464019458,29.282380035697127,0.2293096031797517,False,13.138472464019454,0.7403835476229155,False,42.420852499716254
644,10.732253973115535,1044,586,1205.0,757.0,0.23452000903358036,0.7552867853843658,13.437006728994096,29.83773839553326,0.2345200090335804,False,13.437006728994097,0.7552867853843601,False,43.27474512452702
645,10.748918963757019,1044,586,1206.0,757.0,0.23452000903358036,0.7583777142101835,13.437006728994096,30.014835572027923,0.2345200090335804,False,13.437006728994097,0.7583777142101873,False,43.45184230102225
646,10.765583954398503,1043,586,1204.0,758.0,0.23218866291166443,0.7523771375132036,13.30343043562412,29.804604146016406,0.2321886629116645,False,13.303430435624126,0.7523771375132107,False,43.108034581640936
647,10.782248945039985,1040,587,1199.0,761.0,0.22464445282330794,0.7403835476229212,12.871179037801276,29.549673461915315,0.2246444528233078,False,12.871179037801268,0.7403835476229155,False,42.420852499716254
648,10.798913935681469,1036,589,1190.0,766.0,0.2142636880271311,0.7160232708250613,12.276405026862362,28.748706424566382,0.21426368802713114,False,12.276405026862362,0.7160232708250653,False,41.02511145142898
649,10.815578926322953,1030,592,1180.0,773.0,0.19879546560828654,0.6920149713822449,11.390141165692926,28.259396054376165,0.19879546560828665,False,11.390141165692931,0.692014971382239,False,39.64953722006874
650,10.832243916964437,1022,594,1166.0,780.0,0.17921574477690247,0.6588060361174762,10.268305798010239,27.478499589264434,0.1792157447769025,False,10.26830579801024,0.6588060361174719,False,37.74680538727442
651,10.84890890760592,1014,598,1150.0,789.0,0.15893516514606312,0.6187621296180368,9.106314179084158,26.346144370556157,0.1589351651460631,False,9.106314179084158,0.6187621296180374,False,35.45245854964034
652,10.865573898247405,1003,601,1131.0,799.0,0.13224034512763067,0.5738858942964037,7.576813657166637,25.304426008108173,0.13224034512763083,False,7.576813657166646,0.5738858942963994,False,32.88123966527456
653,10.882238888888889,992,604,1108.0,808.0,0.10573625597514007,0.5170319524915414,6.0582412088904585,23.565507542283356,0.10573625597514003,False,6.058241208890456,0.5170319524915392,False,29.623748751173686
654,10.898903879530373,979,608,1083.0,818.0,0.07462750570751274,0.45983083364175814,4.275841112628942,22.07052494502606,0.07462750570751275,False,4.275841112628943,0.4598308336417638,False,26.346366057655338
655,10.915568870171855,965,610,1055.0,828.0,0.04183604011377981,0.3915295526610869,2.3970285300595955,20.035962392065795,0.04183604011377984,False,2.3970285300595973,0.3915295526610869,False,22.43299092212539
656,10.932233860813339,951,613,1026.0,836.0,0.009237612520491035,0.32443871996452966,0.529276210201343,18.05969315439301,0.009237612520490934,False,0.5292762102013372,0.32443871996453666,False,18.588969364594753
657,10.948898851454823,936,615,994.0,842.0,-0.02528196838559359,0.25015460034153997,-1.448550086277688,15.781352911629781,-0.0252819683855936,False,-1.4485500862776888,0.2501546003415349,False,14.332802825351813
658,10.965563842096307,921,616,961.0,848.0,-0.05956249100001585,0.1707352114752828,-3.4126793515868585,13.19508638339414,-0.05956249100001587,False,-3.4126793515868594,0.1707352114752787,False,9.782407031807052
659,10.98222883273779,906,616,927.0,851.0,-0.09376097298042345,0.08912496898942472,-5.372108034818411,10.478592607146785,-0.09376097298042341,False,-5.3721080348184085,0.08912496898942734,False,5.106484572328529
660,10.998893823379275,890,616,892.0,852.0,-0.1299966836323782,0.008474373402970617,-7.44826132283266,7.933807152840798,-0.12999668363237804,False,-7.44826132283265,0.008474373402965085,False,0.48554583000781665
661,11.015558814020759,875,616,859.0,851.0,-0.16366058327495644,-0.06798019333723407,-9.377060694304353,5.4820825255974786,-0.16366058327495647,False,-9.377060694304355,-0.06798019333723104,False,-3.894978168706698
662,11.032223804662243,860,615,826.0,848.0,-0.19739555984988075,-0.14490004858016167,-11.309932474020213,3.007771239136346,-0.19739555984988089,False,-11.30993247402022,-0.14490004858016547,False,-8.302161234884078
663,11.048888795303725,846,613,795.0,843.0,-0.22915892458909118,-0.21820854074993534,-13.129839216711627,0.6274107780318912,-0.22915892458909104,False,-13.12983921671162,-0.2182085407499379,False,-12.50242843867988
664,11.065553785945209,832,610,766.0,837.0,-0.2613259806225024,-0.28294808572151336,-14.97287576678692,-1.238855366361632,-0.26132598062250256,False,-14.972875766786931,-0.282948085721511,False,-16.211731133148408
665,11.082218776586693,819,607,738.0,830.0,-0.2912419255512211,-0.34841090277124015,-16.6869331513483,-3.2755411137866353,-0.29124192555122086,False,-16.68693315134829,-0.34841090277124565,False,-19.962474265135253
666,11.098883767228177,807,604,714.0,822.0,-0.31891770078480447,-0.40322973795400596,-18.272638266985318,-4.83072389194538,-0.3189177007848043,False,-18.272638266985307,-0.4032297379540033,False,-23.103362158930537
667,11.11554875786966,796,601,693.0,814.0,-0.34437752659958937,-0.45041586707721765,-19.731378833310714,-6.075549375939336,-0.3443775265995894,False,-19.731378833310718,-0.45041586707722203,False,-25.80692820925031
668,11.132213748511145,786,598,675.0,807.0,-0.36765468007062935,-0.48821733298113246,-21.0650614862796,-6.907731178672456,-0.3676546800706295,False,-21.06506148627961,-0.488217332981133,False,-27.97279266495209
669,11.148878739152629,777,595,660.0,800.0,-0.3887877612900393,-0.5186206282202724,-22.275897848258975,-7.438875317186006,-0.3887877612900392,False,-22.27589784825897,-0.5186206282202726,False,-29.714773165444974
670,11.165543729794113,770,592,648.0,795.0,-0.40577026336510624,-0.5411436131056458,-23.248923542732474,-7.756321598681337,-0.40577026336510613,False,-23.248923542732467,-0.5411436131056426,False,-31.005245141413624
671,11.182208720435595,764,590,639.0,791.0,-0.4198073223772793,-0.5563601789155386,-24.053187780906065,-7.823902360097675,-0.41980732237727914,False,-24.053187780906057,-0.5563601789155364,False,-31.877090141003602
672,11.198873711077079,760,588,632.0,788.0,-0.4297622790966885,-0.5693131911006619,-24.623564786163612,-7.99567828502922,-0.4297622790966886,False,-24.62356478616362,-0.5693131911006581,False,-32.619243071192614
673,11.215538701718563,758,587,630.0,786.0,-0.4347424016791129,-0.5715914158362946,-24.90890479159432,-7.8408709417325735,-0.43474240167911304,False,-24.90890479159433,-0.5715914158362914,False,-32.7497757333267
674,11.232203692360047,757,587,629.0,786.0,-0.4367616588039879,-0.5715914158362946,-25.02459970260138,-7.725176030725518,-0.436761658803988,False,-25.024599702601385,-0.5715914158362914,False,-32.7497757333267
675,11.24886868300153,758,587,631.0,787.0,-0.4347424016791129,-0.5657580297420903,-24.90890479159432,-7.506642538264347,-0.43474240167911304,False,-24.90890479159433,-0.5657580297420957,False,-32.41554732985898
676,11.265533673643015,761,589,637.0,790.0,-0.4268116891093205,-0.5527645521148087,-24.454508432813867,-7.216567467803918,-0.42681168910932055,False,-24.45450843281387,-0.5527645521148052,False,-31.671075900617584
677,11.282198664284499,766,591,644.0,793.0,-0.4148329792528283,-0.5433264688263294,-23.768178914025103,-7.362134647469858,-0.41483297925282825,False,-23.7681789140251,-0.5433264688263328,False,-31.130313561495164
678,11.298863654925983,772,593,655.0,798.0,-0.4007934485752348,-0.5186206282202724,-22.963773059854553,-6.751000105590418,-0.4007934485752349,False,-22.963773059854557,-0.5186206282202726,False,-29.714773165444974
679,11.315528645567467,780,596,669.0,804.0,-0.3817491270939607,-0.49020682724655507,-21.872613815287213,-6.214168474439029,-0.3817491270939608,False,-21.87261381528722,-0.4902068272465492,False,-28.086782289725917
680,11.332193636208949,789,599,684.0,811.0,-0.360600255265199,-0.45986690867781754,-20.660872718036046,-5.68756028693094,-0.360600255265199,False,-20.660872718036046,-0.4598669086778209,False,-26.348433004967188
681,11.348858626850433,800,602,703.0,817.0,-0.3351963116458111,-0.4238204829554705,-19.20533396565682,-5.077790978887868,-0.3351963116458112,False,-19.205333965656827,-0.4238204829554739,False,-24.2831249445449
682,11.365523617491917,812,606,724.0,825.0,-0.3068896527317797,-0.3820799399363353,-17.583481877766452,-4.308086117197563,-0.3068896527317797,False,-17.583481877766452,-0.3820799399363288,False,-21.891567994963633
683,11.3821886081334,825,609,747.0,831.0,-0.2770677532531729,-0.33787818824027843,-15.874812900578892,-3.4841812751158225,-0.2770677532531729,False,-15.874812900578892,-0.3378781882402784,False,-19.358994175694715
684,11.398853598774885,839,611,772.0,837.0,-0.24552451460103558,-0.2882060948349638,-14.067518453637495,-2.445474410353096,-0.24552451460103564,False,-14.067518453637499,-0.2882060948349583,False,-16.512992863990263
685,11.415518589416369,854,614,800.0,843.0,-0.21109333322274654,-0.23157740358968107,-12.094757077012101,-1.1736507792743522,-0.2110933332227467,False,-12.09475707701211,-0.2315774035896787,False,-13.268407856286311
686,11.432183580057853,869,615,829.0,847.0,-0.17742484640114828,-0.1707352114752828,-10.16569487954269,0.38328784773539787,-0.17742484640114808,False,-10.165694879542679,-0.1707352114752858,False,-9.782407031807459
687,11.448848570699337,885,616,859.0,850.0,-0.14125479393460683,-0.11065722117389565,-8.09330352844311,1.753111782533195,-0.14125479393460694,False,-8.093303528443117,-0.11065722117389143,False,-6.340191745909668
688,11.465513561340819,900,616,890.0,851.0,-0.10738349829338688,-0.0425275346197842,-6.152621241561347,3.7159729947512226,-0.107383498293387,False,-6.152621241561354,-0.042527534619789975,False,-2.4366482468104618
689,11.482178551982303,916,616,922.0,851.0,-0.07098146642683066,0.025526369158899505,-4.066938449906945,5.529491669004802,-0.07098146642683067,False,-4.066938449906946,0.025526369158900053,False,1.462553219097882
690,11.498843542623787,930,615,953.0,849.0,-0.039060582350036406,0.09797589067169137,-2.238006513980281,7.851611543503366,-0.03906058235003629,False,-2.2380065139802743,0.09797589067169454,False,5.61360502952327
691,11.51550853326527,945,613,984.0,845.0,-0.004618904797056401,0.1665463005437437,-0.2646437508440618,9.807043865517947,-0.004618904797056622,False,-0.2646437508440745,0.16654630054374664,False,9.54240011467405
692,11.532173523906755,958,611,1014.0,840.0,0.025516502458028598,0.23983467557654625,1.4619878987802297,12.2795267926452,0.02551650245802861,False,1.4619878987802304,0.23983467557654947,False,13.741514691425609
693,11.548838514548239,971,609,1042.0,833.0,0.055885801895600815,0.306946790691321,3.2020205833221422,14.38473505837602,0.055885801895600995,False,3.202020583322153,0.3069467906913168,False,17.586755641697916
694,11.565503505189723,983,606,1070.0,826.0,0.08430673252620663,0.3765817504806407,4.830419958289941,16.746124985899428,0.08430673252620657,False,4.830419958289938,0.3765817504806428,False,21.576544944189493
695,11.582168495831207,994,603,1093.0,817.0,0.11065722117389565,0.43329640092905236,6.34019174590991,18.48586330553319,0.11065722117389587,False,6.340191745909922,0.43329640092905564,False,24.82605505144329
696,11.598833486472689,1003,600,1114.0,808.0,0.13255153229667402,0.49020682724655507,7.594643368591445,20.492138921134796,0.13255153229667416,False,7.594643368591453,0.4902068272465563,False,28.086782289726326
697,11.615498477114173,1011,598,1133.0,800.0,0.1519301627515397,0.5433264688263294,8.70495710639893,22.42535645509604,0.15193016275153948,False,8.704957106398918,0.5433264688263257,False,31.130313561494756
698,11.632163467755657,1018,595,1149.0,791.0,0.16944384818988892,0.5891790735930257,9.708417365736068,24.049056928572035,0.16944384818988878,False,9.70841736573606,0.5891790735930194,False,33.75747429430774
699,11.64882845839714,1024,593,1161.0,784.0,0.184324408899699,0.6222277227692232,10.561010691196383,25.090011719516337,0.18432440889969914,False,10.56101069119639,0.6222277227692281,False,35.651022410713004
700,11.665493449038625,1028,592,1172.0,779.0,0.19412607126618817,0.6562122885567105,11.122604577008422,26.475590021912012,0.1941260712661883,False,11.122604577008431,0.6562122885567057,False,37.59819459892016
701,11.682158439680109,1030,591,1178.0,774.0,0.1992664650570606,0.6800494524109743,11.417127446260668,27.54683603707089,0.19926646505706058,False,11.417127446260666,0.680049452410973,False,38.96396348333148
702,11.698823430321593,1032,590,1181.0,772.0,0.20442120537714656,0.6860286434130686,11.712472311087508,27.59407358156665,0.20442120537714636,False,11.712472311087497,0.6860286434130707,False,39.30654589265427
703,11.715488420963077,1032,590,1183.0,771.0,0.20442120537714656,0.6952814591959703,11.712472311087508,28.124220874538953,0.20442120537714636,False,11.712472311087497,0.6952814591959715,False,39.83669318562653
704,11.732153411604559,1031,590,1179.0,772.0,0.20208156116409434,0.6827301197808638,11.578420572117409,27.539133837787237,0.20208156116409448,False,11.578420572117416,0.6827301197808602,False,39.11755440990445
705,11.748818402246043,1028,592,1174.0,776.0,0.19412607126618817,0.6707516016847958,11.122604577008422,27.30863130117045,0.1941260712661883,False,11.122604577008431,0.6707516016848025,False,38.431235878179265
706,11.765483392887527,1024,594,1166.0,781.0,0.18388916182553344,0.6494635594303335,10.536072870801279,26.67544803210074,0.1838891618255336,False,10.536072870801288,0.649463559430334,False,37.21152090290205
707,11.78214838352901,1018,595,1156.0,786.0,0.16944384818988892,0.6256761717353726,9.708417365736068,26.14018661660327,0.16944384818988878,False,9.70841736573606,0.6256761717353676,False,35.84860398233905
708,11.798813374170495,1011,598,1142.0,792.0,0.1519301627515397,0.5939267048606433,8.70495710639893,25.324536422227997,0.15193016275153948,False,8.704957106398918,0.5939267048606389,False,34.02949352862669
709,11.815478364811979,1002,600,1126.0,800.0,0.1302114429643964,0.5549957273385867,7.460566126168351,24.338346698126067,0.13021144296439635,False,7.460566126168348,0.5549957273385822,False,31.79891282429416
710,11.832143355453463,993,603,1108.0,808.0,0.1083213832212413,0.5112307122777895,6.206358089596336,23.085004081387932,0.10832138322124152,False,6.206358089596349,0.5112307122777828,False,29.291362170983874
711,11.848808346094946,982,606,1087.0,816.0,0.08197550480816913,0.4636476090008061,4.696850448962478,21.8682007281155,0.08197550480816895,False,4.6968504489624685,0.46364760900080526,False,26.56505117707794
712,11.865473336736429,970,609,1063.0,824.0,0.05356177429086063,0.4082550023038833,3.068863610098632,20.32242498701759,0.05356177429086051,False,3.068863610098625,0.40825500230387846,False,23.391288597115935
713,11.882138327377913,957,611,1038.0,832.0,0.02319769410426486,0.35131183296192064,1.329129966609889,18.799555355113124,0.023197694104264865,False,1.3291299666098895,0.35131183296191537,False,20.12868532172271
714,11.898803318019397,944,613,1010.0,838.0,-0.006928295608698267,0.28532942018213536,-0.3969620975974324,16.745133644948673,-0.006928295608698232,False,-0.39696209759743034,0.2853294201821406,False,16.348171547351548
715,11.91546830866088,930,615,982.0,845.0,-0.039060582350036406,0.2223487820699473,-2.238006513980281,14.977653306462363,-0.03906058235003629,False,-2.2380065139802743,0.2223487820699468,False,12.739646792482064
716,11.932133299302365,916,615,951.0,848.0,-0.07114409278870427,0.14909981119508364,-4.07625625407987,12.619046161755579,-0.07114409278870415,False,-4.076256254079863,0.14909981119508942,False,8.542789907676047
717,11.948798289943849,902,616,920.0,850.0,-0.10284684837363632,0.07677189126977804,-5.892690348031276,10.29139570302682,-0.10284684837363622,False,-5.8926903480312705,0.07677189126977524,False,4.398705354995371
718,11.965463280585332,888,616,891.0,852.0,-0.13450406811517998,0.012711179763426197,-7.706515430339959,8.43481238341638,-0.1345040681151799,False,-7.7065154303399535,0.012711179763432057,False,0.728296953076757
719,11.982128271226816,874,615,859.0,850.0,-0.16626682827177874,-0.06374331253268707,-9.526387532999358,5.874164752693016,-0.16626682827177852,False,-9.526387532999344,-0.06374331253269006,False,-3.6522227803065066
720,11.998793261868299,860,614,829.0,848.0,-0.19783862583772488,-0.13171166687264657,-11.335318285169476,3.7887956607337596,-0.1978386258377247,False,-11.335318285169468,-0.13171166687264346,False,-7.546522624435529
721,12.015458252509783,847,612,801.0,844.0,-0.22747498047282771,-0.1957371865774664,-13.033356325913843,1.8184416412602615,-0.22747498047282777,False,-13.033356325913847,-0.19573718657747108,False,-11.21491468465384
722,12.032123243151267,834,610,774.0,838.0,-0.25698026907732274,-0.25732371497108864,-14.723884836266851,-0.019678000203884067,-0.25698026907732263,False,-14.723884836266844,-0.25732371497108986,False,-14.743562836470804
723,12.04878823379275,823,608,750.0,832.0,-0.2819987790007942,-0.3150392457653196,-16.157339864587932,-1.8930792987495737,-0.2819987790007943,False,-16.15733986458794,-0.31503924576531617,False,-18.05041916333731
724,12.065453224434235,811,605,728.0,826.0,-0.3097029445424562,-0.3592664560504758,-17.744671625056935,-2.839780027257605,-0.3097029445424564,False,-17.744671625056945,-0.3592664560504737,False,-20.58445165231442
725,12.082118215075718,802,602,708.0,820.0,-0.3309636176016549,-0.40710417205598876,-18.96281846095651,-4.362532420019339,-0.3309636176016548,False,-18.962818460956505,-0.40710417205599114,False,-23.325350880976
726,12.098783205717202,793,600,692.0,814.0,-0.3514447940035517,-0.44096718872938945,-20.136303428248137,-5.129255389694732,-0.35144479400355166,False,-20.136303428248134,-0.4409671887293847,False,-25.265558817942583
727,12.115448196358686,785,597,678.0,809.0,-0.3705440666043942,-0.4674140695328358,-21.23061114004626,-5.550242329219623,-0.3705440666043942,False,-21.23061114004626,-0.4674140695328326,False,-26.780853469265708
728,12.132113187000169,779,595,667.0,804.0,-0.3846540099025246,-0.49194194284930987,-22.039051340198032,-6.147145750533358,-0.3846540099025244,False,-22.03905134019802,-0.49194194284930504,False,-28.186197090731127
729,12.148778177641653,774,594,659.0,800.0,-0.3958197495444111,-0.5091569617566516,-22.67880109682005,-6.493743921539938,-0.3958197495444109,False,-22.678801096820035,-0.5091569617566556,False,-29.17254501836023
730,12.165443168283137,771,592,655.0,798.0,-0.40371945387959823,-0.5128502897712041,-23.131420814627468,-6.252736311323809,-0.40371945387959807,False,-23.131420814627457,-0.5128502897712046,False,-29.38415712595132
731,12.18210815892462,769,592,651.0,797.0,-0.4078174654740793,-0.5222924069584638,-23.36621958338691,-6.558931007062303,-0.4078174654740794,False,-23.366219583386915,-0.5222924069584671,False,-29.925150590449395
732,12.198773149566104,769,592,651.0,797.0,-0.4078174654740793,-0.5222924069584638,-23.36621958338691,-6.558931007062303,-0.4078174654740794,False,-23.366219583386915,-0.5222924069584671,False,-29.925150590449395
733,12.215438140207588,770,592,655.0,799.0,-0.40577026336510624,-0.507098504392337,-23.248923542732474,-5.805680556344672,-0.40577026336510613,False,-23.248923542732467,-0.5070985043923422,False,-29.054604099077444
734,12.232103130849072,773,593,660.0,801.0,-0.39873891930737265,-0.49766095119340426,-22.846057203919948,-5.667814927928163,-0.3987389193073727,False,-22.84605720391995,-0.4976609511934065,False,-28.51387213184824
735,12.248768121490556,777,595,668.0,804.0,-0.3887877612900393,-0.4807237478991648,-22.275897848258975,-5.267544018074137,-0.3887877612900392,False,-22.27589784825897,-0.48072374789915884,False,-27.543441866332778
736,12.265433112132039,784,597,678.0,808.0,-0.3726259927509078,-0.46554154613022614,-21.349896721499427,-5.323669059757461,-0.3726259927509079,False,-21.34989672149943,-0.4655415461302219,False,-26.673565781256638
737,12.282098102773523,791,600,691.0,813.0,-0.3556358843007598,-0.4389378103867573,-20.37643521383639,-4.772848790038381,-0.35563588430075965,False,-20.37643521383638,-0.43893781038675783,False,-25.14928400387481
738,12.298763093415007,800,602,706.0,819.0,-0.3351963116458111,-0.40877849630808727,-19.20533396565682,-4.2159486285006835,-0.3351963116458112,False,-19.205333965656827,-0.40877849630808427,False,-23.421282594157333
739,12.31542808405649,810,605,725.0,824.0,-0.3118358651199442,-0.3702300590214402,-17.866878972183603,-3.3457408586242927,-0.311835865119944,False,-17.86687897218359,-0.37023005902143424,False,-21.21261983080755
740,12.332093074697974,822,608,744.0,830.0,-0.28415295013667724,-0.33787818824027843,-16.280764779022935,-3.0782293966717895,-0.2841529501366771,False,-16.280764779022924,-0.3378781882402784,False,-19.358994175694715
741,12.348758065339458,834,610,766.0,835.0,-0.25698026907732274,-0.2934942814709706,-14.723884836266851,-2.092098803244401,-0.25698026907732263,False,-14.723884836266844,-0.29349428147096646,False,-16.815983639511018
742,12.365423055980942,847,612,789.0,841.0,-0.22747498047282771,-0.24805873552229335,-13.033356325913843,-1.1793622908654906,-0.22747498047282777,False,-13.033356325913847,-0.24805873552228874,False,-14.212718616779057
743,12.382088046622426,860,614,815.0,845.0,-0.19783862583772488,-0.19239560151592244,-11.335318285169476,0.31186232142633685,-0.1978386258377247,False,-11.335318285169468,-0.19239560151592272,False,-11.023455963743155
744,12.39875303726391,875,615,841.0,848.0,-0.16403010964847992,-0.14490004858016167,-9.398232995926023,1.096071761042151,-0.16403010964847997,False,-9.398232995926026,-0.14490004858016547,False,-8.302161234884078
745,12.415418027905393,889,616,869.0,851.0,-0.13225105153648659,-0.08490179344972196,-7.577427089207823,2.7129126514472883,-0.13225105153648675,False,-7.577427089207832,-0.08490179344972759,False,-4.864514437760849
746,12.432083018546876,903,616,897.0,851.0,-0.10057691745484798,-0.025526369158899505,-5.762632886598451,4.3000796675005875,-0.10057691745484787,False,-5.762632886598444,-0.025526369158892948,False,-1.462553219097475
747,12.44874800918836,917,615,925.0,850.0,-0.0688564893010446,0.03402941174160484,-3.945186229037563,5.894927901144452,-0.06885648930104438,False,-3.9451862290375503,0.0340294117416029,False,1.9497416721067744
748,12.465412999829844,931,614,954.0,848.0,-0.03684967101449314,0.09797589067169137,-2.1113306255760196,7.724935655099102,-0.03684967101449299,False,-2.111330625576011,0.09797589067169454,False,5.61360502952327
749,12.482077990471328,943,613,982.0,845.0,-0.009237612520491035,0.1665463005437437,-0.529276210201343,10.071676324875234,-0.009237612520490934,False,-0.5292762102013372,0.16654630054374664,False,9.54240011467405
750,12.498742981112812,955,611,1009.0,840.0,0.01855935370443998,0.23157740358968107,1.0633726377549007,12.20503521853155,0.018559353704440174,False,1.0633726377549118,0.23157740358968582,False,13.268407856286718
751,12.515407971754296,967,609,1035.0,835.0,0.0465863154799691,0.29226848261129845,2.6691992600672036,14.076551278252877,0.046586315479969276,False,2.6691992600672134,0.2922684826112949,False,16.745750538319886
752,12.53207296239578,977,607,1058.0,827.0,0.0701423521300758,0.3527797284662179,4.018860742173803,16.193928796711667,0.07014235213007591,False,4.01886074217381,0.35277972846622063,False,20.21278953888563
753,12.548737953037262,987,604,1080.0,820.0,0.09406123462798634,0.4065668265945415,5.389311759973409,17.905251493921014,0.09406123462798632,False,5.389311759973408,0.40656682659454546,False,23.29456325389465
754,12.565402943678746,995,602,1100.0,813.0,0.11325731931870982,0.46175007807140983,6.4891663959275565,19.96716426740049,0.11325731931870964,False,6.489166395927547,0.46175007807140744,False,26.45633066332791
755,12.58206793432023,1003,600,1116.0,806.0,0.13255153229667402,0.5017244345906096,7.594643368591445,21.152049212038005,0.13255153229667416,False,7.594643368591453,0.5017244345906029,False,28.746692580629077
756,12.598732924961714,1008,598,1129.0,799.0,0.1449101020646991,0.5418814875330563,8.302737257117254,22.74478497479782,0.14491010206469923,False,8.302737257117263,0.5418814875330504,False,31.047522231914726
757,12.615397915603198,1013,596,1141.0,794.0,0.1573424347335765,0.5738858942964037,9.015057448546546,23.866182216728273,0.15734243473357656,False,9.015057448546548,0.5738858942963994,False,32.88123966527456
758,12.632062906244682,1016,595,1149.0,789.0,0.16475789978699978,0.6009735741735002,9.439932299234453,24.99331709979943,0.16475789978699984,False,9.439932299234457,0.6009735741734978,False,34.433249399033755
759,12.648727896886166,1019,594,1155.0,786.0,0.17219081452293902,0.6162969373960713,9.865806943084367,25.44540649654883,0.17219081452293894,False,9.865806943084364,0.6162969373960756,False,35.31121343963345
760,12.66539288752765,1019,594,1158.0,785.0,0.17219081452293902,0.6291075220107366,9.865806943084367,26.179398928064394,0.17219081452293894,False,9.865806943084364,0.629107522010731,False,36.045205871148426
761,12.682057878169132,1019,594,1158.0,784.0,0.17219081452293902,0.6316070222990303,9.865806943084367,26.322609745475354,0.17219081452293894,False,9.865806943084364,0.6316070222990255,False,36.188416688559435
762,12.698722868810616,1017,595,1154.0,786.0,0.16710179993110566,0.6222277227692232,9.574227885091824,26.07679452562091,0.16710179993110552,False,9.574227885091817,0.6222277227692281,False,35.651022410713004
763,12.7153878594521,1015,596,1149.0,790.0,0.16202856273456645,0.6044717026433267,9.283552805261346,25.35012459128815,0.16202856273456634,False,9.28355280526134,0.6044717026433268,False,34.633677396549515
764,12.732052850093584,1010,597,1140.0,793.0,0.14994517057344534,0.5856441173545324,8.591225432227644,24.963710788851337,0.14994517057344536,False,8.591225432227645,0.585644117354537,False,33.55493622107926
765,12.748717840735068,1005,599,1129.0,798.0,0.13755070952220824,0.5572430774770983,7.881075124652477,24.0466013776668,0.13755070952220816,False,7.8810751246524715,0.5572430774771,False,31.927676502319372
766,12.765382831376552,998,602,1117.0,805.0,0.12026981155311697,0.5302157727766299,6.890952604827351,23.488173406540984,0.12026981155311711,False,6.890952604827359,0.5302157727766321,False,30.37912601136847
767,12.782047822018036,990,604,1102.0,810.0,0.10106953880333447,0.497985252133318,5.79085801076477,22.74159519623252,0.10106953880333425,False,5.790858010764757,0.4979852521333221,False,28.532453206997534
768,12.79871281265952,980,606,1083.0,817.0,0.07731039417949166,0.4541240874071933,4.429559298977638,21.589834284684642,0.07731039417949148,False,4.429559298977627,0.4541240874071981,False,26.01939358366255
769,12.815377803301002,971,608,1064.0,825.0,0.05601610354317922,0.40489178628508343,3.209486317791986,19.989104195856214,0.05601610354317943,False,3.209486317791998,0.4048917862850807,False,23.198590513648035
770,12.832042793942486,959,610,1041.0,831.0,0.027899735482453374,0.3552950139583206,1.598537092675968,18.758367689177483,0.02789973548245328,False,1.5985370926759626,0.3552950139583153,False,20.35690478185314
771,12.84870778458397,947,612,1017.0,836.0,0.0,0.3028848683749714,0.0,17.354024636261336,0.0,False,0.0,0.30288486837497786,False,17.35402463626169
772,12.865372775225454,935,614,992.0,842.0,-0.027642726642724394,0.24497866312686414,-1.5838115708619431,15.620055038788426,-0.02764272664272438,False,-1.5838115708619425,0.24497866312686156,False,14.036243467926331
773,12.882037765866938,922,615,966.0,846.0,-0.057408114636799644,0.18822150530477075,-3.2892426784918265,14.073540546054414,-0.057408114636799734,False,-3.289242678491832,0.1882215053047709,False,10.784297867562607
774,12.898702756508422,909,616,938.0,849.0,-0.08693628008274278,0.12382673257793958,-4.9810819353084,12.075831102919432,-0.0869362800827429,False,-4.981081935308407,0.12382673257794252,False,7.0947491676112024
775,12.915367747149906,896,616,911.0,851.0,-0.1164433201242216,0.06374331253268707,-6.6717107956086625,10.323933575914994,-0.11644332012422165,False,-6.671710795608665,0.06374331253268295,False,3.6522227803060994
776,12.93203273779139,883,616,882.0,851.0,-0.14574812670843734,-0.004255293464476131,-8.350752532331411,8.106942176227333,-0.1457481267084373,False,-8.350752532331407,-0.0042552934644781715,False,-0.24381035610420151
777,12.948697728432872,870,615,855.0,850.0,-0.17519672033438313,-0.06374331253268707,-10.038032659693963,6.385809879387622,-0.17519672033438294,False,-10.03803265969395,-0.06374331253269006,False,-3.6522227803065066
778,12.965362719074356,858,614,829.0,848.0,-0.20226493260786896,-0.12330291708117037,-11.588926981928916,4.524190231526317,-0.20226493260786915,False,-11.588926981928926,-0.12330291708117258,False,-7.064736750402736
779,12.98202770971584,846,613,804.0,844.0,-0.22915892458909118,-0.17985349979247828,-13.129839216711627,2.824992747945596,-0.22915892458909104,False,-13.12983921671162,-0.17985349979248255,False,-10.304846468766277
780,12.998692700357324,835,610,780.0,840.0,-0.2548036744866804,-0.2347226124851971,-14.59917515251204,1.1505601008255226,-0.2548036744866806,False,-14.599175152512052,-0.23472261248519644,False,-13.44861505168648
781,13.015357690998808,825,608,759.0,836.0,-0.27768237513289723,-0.28177186727335213,-15.910028140283494,-0.23431063999999646,-0.2776823751328972,False,-15.91002814028349,-0.2817718672733456,False,-16.144338780283103
782,13.032022681640292,815,606,739.0,830.0,-0.300477168372581,-0.32709809700579284,-17.216073587790714,-1.525266857402013,-0.3004771683725811,False,-17.21607358779072,-0.3270980970057984,False,-18.74134044519304
783,13.048687672281776,806,604,722.0,825.0,-0.32104284043128695,-0.36322608633380205,-18.394399799604688,-2.4169219563766258,-0.32104284043128706,False,-18.394399799604695,-0.3632260863338068,False,-20.8113217559816
784,13.06535266292326,799,602,707.0,820.0,-0.33730799785846316,-0.3993424536827075,-19.326324673297748,-3.554312503119945,-0.337307997858463,False,-19.32632467329774,-0.3993424536827028,False,-22.88063717641743
785,13.082017653564742,793,600,696.0,816.0,-0.3514447940035517,-0.42208365861726244,-20.136303428248137,-4.047308811961636,-0.35144479400355166,False,-20.136303428248134,-0.4220836586172645,False,-24.183612240209897
786,13.098682644206226,788,599,686.0,812.0,-0.362688122155601,-0.4466038050058087,-20.78049867904118,-4.808014462275242,-0.3626881221556011,False,-20.780498679041187,-0.4466038050058039,False,-25.58851314131615
787,13.11534763484771,784,597,679.0,810.0,-0.3726259927509078,-0.45799795159722173,-21.349896721499427,-4.891452930658332,-0.3726259927509079,False,-21.34989672149943,-0.4579979515972177,False,-26.241349652157535
788,13.132012625489194,781,596,675.0,808.0,-0.37967718990604965,-0.4636476090008061,-21.753900559003707,-4.811150618074289,-0.3796771899060496,False,-21.753900559003704,-0.46364760900081237,False,-26.56505117707835
789,13.148677616130678,780,596,674.0,807.0,-0.3817491270939607,-0.46554154613022614,-21.872613815287213,-4.800951965969673,-0.3817491270939608,False,-21.87261381528722,-0.4655415461302219,False,-26.673565781256638
790,13.165342606772162,780,596,675.0,808.0,-0.3817491270939607,-0.45986690867781754,-21.872613815287213,-4.475819189679791,-0.3817491270939608,False,-21.87261381528722,-0.4598669086778209,False,-26.348433004967188
791,13.182007597413646,782,597,679.0,809.0,-0.37677968629029945,-0.4522629016485536,-21.587885830697324,-4.3248696641050355,-0.37677968629029923,False,-21.58788583069731,-0.4522629016485489,False,-25.91275549480209
792,13.19867258805513,785,598,685.0,811.0,-0.369736288171262,-0.4389378103867573,-21.184328845046092,-3.9649551588286904,-0.36973628817126203,False,-21.184328845046096,-0.43893781038675783,False,-25.14928400387481
793,13.215337578696612,790,600,693.0,814.0,-0.35772655684158866,-0.42557078341100274,-20.496221926769774,-3.887187846756741,-0.3577265568415888,False,-20.496221926769785,-0.4255707834110005,False,-24.3834097735264
794,13.232002569338096,796,601,703.0,818.0,-0.34437752659958937,-0.40489178628508343,-19.731378833310714,-3.467211680337468,-0.3443775265995894,False,-19.731378833310718,-0.4048917862850878,False,-23.19859051364844
795,13.24866755997958,804,603,716.0,822.0,-0.3259998206058702,-0.3820799399363353,-18.67841384273833,-3.2131541522256795,-0.3259998206058703,False,-18.678413842738337,-0.3820799399363288,False,-21.891567994963633
796,13.265332550621064,812,606,731.0,827.0,-0.3068896527317797,-0.35131183296192064,-17.583481877766452,-2.545203443956563,-0.3068896527317797,False,-17.583481877766452,-0.3513118329619225,False,-20.12868532172312
797,13.281997541262548,822,608,747.0,831.0,-0.28415295013667724,-0.32443871996452966,-16.280764779022935,-2.30820458557142,-0.2841529501366771,False,-16.280764779022924,-0.32443871996452955,False,-18.588969364594345
798,13.298662531904032,832,610,766.0,836.0,-0.2613259806225024,-0.28413389852586585,-14.97287576678692,-1.3067974353435887,-0.26132598062250256,False,-14.972875766786931,-0.28413389852586235,False,-16.279673202130315
799,13.315327522545516,844,612,787.0,840.0,-0.23405610460960016,-0.24497866312686414,-13.410426963402582,-0.62581650452389,-0.23405610460960036,False,-13.410426963402593,-0.24497866312686867,False,-14.036243467926738
800,13.331992513187,856,614,808.0,844.0,-0.20668321848424925,-0.20574261139803554,-11.842076115327766,0.053892816220142116,-0.2066832184842493,False,-11.84207611532777,-0.2057426113980334,False,-11.7881832991075
801,13.348657503828484,869,615,831.0,847.0,-0.17742484640114828,-0.16235148191281495,-10.16569487954269,0.8636401682438758,-0.17742484640114808,False,-10.165694879542679,-0.16235148191281823,False,-9.302054711299006
802,13.365322494469966,882,616,856.0,850.0,-0.14799258385709846,-0.11065722117389565,-8.47935045424766,2.1391587083377437,-0.14799258385709857,False,-8.479350454247665,-0.11065722117389143,False,-6.340191745909668
803,13.38198748511145,894,616,881.0,851.0,-0.12096613432013893,-0.055262822949821336,-6.930848960556581,3.7645224415531118,-0.12096613432013914,False,-6.930848960556593,-0.05526282294982465,False,-3.166326519003659
804,13.398652475752934,907,616,906.0,851.0,-0.09148701687150786,-0.004255293464476131,-5.2418199469795566,4.998009590875469,-0.09148701687150806,False,-5.241819946979569,-0.0042552934644781715,False,-0.24381035610420151
805,13.415317466394418,920,615,932.0,850.0,-0.061989441194520045,0.05101951586697104,-3.551733354820403,6.474936286798585,-0.0619894411945201,False,-3.551733354820406,0.0510195158669724,False,2.9232029319782558
806,13.431982457035902,932,614,958.0,848.0,-0.03454845978039054,0.11065722117389565,-1.9794809340938488,8.319672680003753,-0.03454845978039067,False,-1.9794809340938564,0.11065722117389853,False,6.340191745910075
807,13.448647447677386,943,613,982.0,845.0,-0.009237612520491035,0.1665463005437437,-0.529276210201343,10.071676324875234,-0.009237612520490934,False,-0.5292762102013372,0.16654630054374664,False,9.54240011467405
808,13.46531243831887,954,611,1007.0,841.0,0.016239871487670907,0.22648128693404307,0.9304760960783844,12.04594578393369,0.01623987148767103,False,0.9304760960783917,0.22648128693404956,False,12.976421880012436
809,13.481977428960354,964,610,1029.0,835.0,0.039514305248990564,0.28123220191829523,2.2640029211587946,13.849415311930489,0.03951430524899058,False,2.2640029211587955,0.28123220191828935,False,16.113418233088954
810,13.498642419601836,973,608,1050.0,830.0,0.06067310330261576,0.3338630171966823,3.4763127492011394,15.652629071672383,0.06067310330261577,False,3.4763127492011403,0.33386301719668054,False,19.128941820873422
811,13.51530741024332,981,606,1068.0,825.0,0.0796433837364222,0.37814231532260145,4.563229754237853,17.10272896905237,0.0796433837364221,False,4.563229754237847,0.3781423153225951,False,21.66595872328986
812,13.531972400884804,988,604,1086.0,818.0,0.09639840019215153,0.4294404252294629,5.523221482823386,19.08190243512825,0.09639840019215162,False,5.523221482823392,0.4294404252294619,False,24.605123917951566
813,13.548637391526288,994,602,1100.0,812.0,0.11091729919143872,0.46744987204615696,6.355093118659258,20.427811683515905,0.11091729919143889,False,6.3550931186592665,0.4674498720461635,False,26.78290480217553
814,13.565302382167772,999,601,1112.0,808.0,0.12289300728428924,0.4996851311426771,7.041250649060256,21.588598450856203,0.12289300728428909,False,7.041250649060248,0.4996851311426731,False,28.629849099916225
815,13.581967372809256,1003,600,1121.0,802.0,0.13255153229667402,0.5286898329640626,7.594643368591445,22.697052731725798,0.13255153229667416,False,7.594643368591453,0.5286898329640657,False,30.29169610031743
816,13.59863236345074,1005,599,1128.0,799.0,0.13755070952220824,0.5513759646786446,7.881075124652477,23.710440576388223,0.13755070952220816,False,7.8810751246524715,0.5513759646786447,False,31.59151570104069
817,13.615297354092224,1007,598,1133.0,798.0,0.14256684686836985,0.5621867439000292,8.16847862404549,24.042449099628275,0.14256684686836962,False,8.168478624045477,0.5621867439000319,False,32.210927723673905
818,13.631962344733706,1007,599,1134.0,796.0,0.14223116752190182,0.5726192017669725,8.149245614223162,24.659417915174487,0.1422311675219019,False,8.149245614223167,0.5726192017669725,False,32.808663529397656
819,13.64862733537519,1006,598,1132.0,797.0,0.14022201429470582,0.56444983364954,8.034129613909743,24.306463601070305,0.14022201429470593,False,8.034129613909748,0.5644498336495367,False,32.34059321497985
820,13.665292326016674,1004,599,1128.0,799.0,0.13520819115049112,0.5549957273385867,7.746858708521228,24.052054115773192,0.135208191150491,False,7.74685870852122,0.5549957273385822,False,31.79891282429416
821,13.681957316658158,1001,600,1121.0,802.0,0.12786991855999988,0.5360399662272892,7.326406660169546,23.386421054989313,0.12786991856000007,False,7.326406660169558,0.5360399662272961,False,30.712827715159253
822,13.698622307299642,996,602,1113.0,805.0,0.11559609445544229,0.5228517616573493,6.62316834049246,23.334030913453706,0.11559609445544217,False,6.623168340492453,0.5228517616573534,False,29.95719925394639
823,13.715287297941126,991,603,1102.0,810.0,0.10364617012091759,0.4922112668395661,5.938488110623515,22.26314010807119,0.1036461701209177,False,5.938488110623521,0.49221126683956484,False,28.201628218694637
824,13.73195228858261,984,605,1090.0,815.0,0.08683987182620988,0.46744987204615696,4.975558149098851,21.8073466530763,0.08683987182620978,False,4.975558149098845,0.4674498720461635,False,26.78290480217553
825,13.748617279224094,976,607,1074.0,820.0,0.06781155760194406,0.431216236068906,3.885316052799668,20.821554331465617,0.06781155760194402,False,3.885316052799666,0.43121623606890935,False,24.706870384265486
826,13.765282269865576,967,609,1058.0,826.0,0.0465863154799691,0.3970794452249823,2.6691992600672036,20.08177708272043,0.046586315479969276,False,2.6691992600672134,0.3970794452249784,False,22.75097634278741
827,13.78194726050706,958,611,1039.0,831.0,0.025516502458028598,0.3527797284662179,1.4619878987802297,18.750801640105244,0.02551650245802861,False,1.4619878987802304,0.35277972846622063,False,20.21278953888563
828,13.798612251148544,947,612,1018.0,836.0,0.0,0.306946790691321,0.0,17.586755641698172,0.0,False,0.0,0.3069467906913168,False,17.586755641697916
829,13.815277241790028,936,614,996.0,841.0,-0.0253401968634883,0.25840760789152223,-1.4518863323085258,16.257551658564218,-0.025340196863488096,False,-1.4518863323085143,0.25840760789151673,False,14.805665326255374
830,13.831942232431512,925,615,973.0,845.0,-0.050531658672215936,0.20574261139803554,-2.8952507737136184,14.683434072821235,-0.05053165867221576,False,-2.8952507737136086,0.2057426113980405,False,11.788183299107907
831,13.848607223072996,913,615,948.0,848.0,-0.07800233536669315,0.14909981119508364,-4.469204608675554,13.011994516351272,-0.07800233536669321,False,-4.4692046086755575,0.14909981119508942,False,8.542789907676047
832,13.86527221371448,902,616,925.0,850.0,-0.10284684837363632,0.09797589067169137,-5.892690348031276,11.506295377554363,-0.10284684837363622,False,-5.8926903480312705,0.09797589067169454,False,5.61360502952327
833,13.881937204355964,890,616,899.0,850.0,-0.1299966836323782,0.03844259002118798,-7.44826132283266,9.650859484598469,-0.12999668363237804,False,-7.44826132283265,0.038442590021194434,False,2.202598161766175
834,13.898602194997446,878,615,874.0,850.0,-0.15731009216105957,-0.017019633058136616,-9.01320435564273,8.03805121255017,-0.1573100921610595,False,-9.013204355642726,-0.017019633058136918,False,-0.9751531430925798
835,13.91526718563893,867,614,851.0,850.0,-0.18228559876685382,-0.06769302269396865,-10.444195475355848,6.565670972508131,-0.18228559876685368,False,-10.444195475355839,-0.0676930226939696,False,-3.87852450284776
836,13.931932176280414,856,613,827.0,847.0,-0.20714702379545671,-0.12330291708117037,-11.868650202175706,4.803913451773094,-0.2071470237954567,False,-11.868650202175704,-0.12330291708117258,False,-7.064736750402736
837,13.948597166921898,846,612,805.0,844.0,-0.2296709469313843,-0.17491808048840873,-13.159175935941425,3.137108163425981,-0.22967094693138446,False,-13.159175935941436,-0.17491808048840696,False,-10.022067772515353
838,13.965262157563382,836,610,785.0,841.0,-0.25262460915816587,-0.2172934309230211,-14.47432390590487,2.0243273980982606,-0.25262460915816565,False,-14.474323905904857,-0.2172934309230179,False,-12.449996507806418
839,13.981927148204866,827,609,766.0,837.0,-0.27274929972028517,-0.26142116885694905,-15.627383739121065,0.6490540882410395,-0.27274929972028517,False,-15.627383739121065,-0.2614211688569519,False,-14.978329650880179
840,13.99859213884635,818,607,749.0,832.0,-0.2933893666907705,-0.2975617247378059,-16.809972465397244,-0.23905850671256337,-0.29338936669077054,False,-16.809972465397248,-0.2975617247378004,False,-17.049030972109506
841,14.015257129487834,811,605,736.0,829.0,-0.3097029445424562,-0.3230892416826378,-17.744671625056935,-0.7669783294404419,-0.3097029445424564,False,-17.744671625056945,-0.3230892416826343,False,-18.511649954497184
842,14.031922120129316,805,604,723.0,825.0,-0.32316498061040844,-0.3552950139583206,-18.515989475403487,-1.840915306449947,-0.3231649806104082,False,-18.515989475403472,-0.3552950139583224,False,-20.356904781853547
843,14.0485871107708,800,602,712.0,821.0,-0.3351963116458111,-0.3820799399363353,-19.20533396565682,-2.686234029307188,-0.3351963116458112,False,-19.205333965656827,-0.3820799399363288,False,-21.891567994963633
844,14.065252101412284,796,601,705.0,819.0,-0.34437752659958937,-0.395442373270991,-19.731378833310714,-2.9258001957539848,-0.3443775265995894,False,-19.731378833310718,-0.39544237327099196,False,-22.657179029064753
845,14.081917092053768,793,601,700.0,817.0,-0.3506768522388463,-0.4065668265945415,-20.09230360621869,-3.202259647675744,-0.35067685223884615,False,-20.092303606218678,-0.40656682659453836,False,-23.294563253894243
846,14.098582082695252,792,600,697.0,816.0,-0.3535419597511187,-0.4143517155480171,-20.256462174523122,-3.4841423603834643,-0.35354195975111846,False,-20.256462174523108,-0.414351715548019,False,-23.7406045349067
847,14.115247073336736,791,600,698.0,817.0,-0.3556358843007598,-0.40489178628508343,-20.37643521383639,-2.822155299811806,-0.35563588430075965,False,-20.37643521383638,-0.4048917862850878,False,-23.19859051364844
848,14.13191206397822,792,600,700.0,817.0,-0.3535419597511187,-0.4009920846051986,-20.256462174523122,-2.718691891507593,-0.35354195975111846,False,-20.256462174523108,-0.4009920846052033,False,-22.97515406603098
849,14.148577054619704,795,601,704.0,818.0,-0.3464804941328174,-0.3970794452249823,-19.85186999741772,-2.8991063453699186,-0.34648049413281745,False,-19.851869997417722,-0.3970794452249855,False,-22.75097634278782
850,14.165242045261186,798,602,712.0,821.0,-0.33941656090854133,-0.37419233316026174,-19.44713643690446,-1.9925049793317482,-0.33941656090854133,False,-19.44713643690446,-0.3741923331602628,False,-21.43964141623626
851,14.18190703590267,803,603,720.0,824.0,-0.32811989501530536,-0.3592664560504758,-18.799885158652657,-1.7845664936618866,-0.3281198950153055,False,-18.79988515865266,-0.3592664560504737,False,-20.58445165231442
852,14.198572026544154,809,605,730.0,827.0,-0.31396585673667227,-0.34188206252704473,-17.988918502220365,-1.599480771807019,-0.3139658567366723,False,-17.98891850222037,-0.3418820625270449,False,-19.58839927402739
853,14.215237017185638,816,606,742.0,830.0,-0.29833396952894914,-0.3190695956723733,-17.09327733939329,-1.1880638635793495,-0.2983339695289491,False,-17.093277339393286,-0.3190695956723708,False,-18.281341202972484
854,14.231902007827122,825,608,756.0,834.0,-0.27768237513289723,-0.29632096365471494,-15.910028140283494,-1.0679124583811315,-0.2776823751328972,False,-15.91002814028349,-0.2963209636547184,False,-16.977940598664826
855,14.248566998468606,834,610,772.0,837.0,-0.25698026907732274,-0.26662476624138154,-14.723884836266851,-0.5525889830264733,-0.25698026907732263,False,-14.723884836266844,-0.26662476624137454,False,-15.27647381929291
856,14.26523198911009,844,611,790.0,841.0,-0.234579475886146,-0.2306059362595526,-13.440413928667033,0.22766705033179171,-0.23457947588614614,False,-13.440413928667041,-0.23060593625954695,False,-13.212746878334919
857,14.281896979751574,855,613,809.0,844.0,-0.2093577716961829,-0.19656292057518973,-11.995316726454721,0.7330909687311412,-0.20935777169618275,False,-11.995316726454714,-0.19656292057518598,False,-11.26222575772337
858,14.298561970393056,865,614,828.0,846.0,-0.18673876968304773,-0.1581508910119546,-10.699343374304165,1.6379647930857013,-0.1867387696830476,False,-10.699343374304156,-0.15815089101195312,False,-9.06137858121838
859,14.31522696103454,877,615,850.0,849.0,-0.1595517209332598,-0.11487660541689913,-9.141640223524895,2.5596955683468865,-0.15955172093325976,False,-9.141640223524892,-0.11487660541689237,False,-6.581944655177624
860,14.331891951676024,889,615,872.0,850.0,-0.13255153229667402,-0.07221463115270767,-7.594643368591445,3.4570497844473493,-0.13255153229667416,False,-7.594643368591453,-0.07221463115271476,False,-4.13759358414451
861,14.348556942317508,900,615,894.0,850.0,-0.1076284570885019,-0.025526369158899505,-6.166656346676047,4.7041031275781835,-0.10762845708850177,False,-6.16665634667604,-0.025526369158892948,False,-1.462553219097475
862,14.365221932958992,912,615,917.0,850.0,-0.08028681528301647,0.021273386024061203,-4.60009566626328,5.818970901394583,-0.08028681528301629,False,-4.600095666263269,0.02127338602406681,False,1.218875235131619
863,14.381886923600476,923,614,939.0,849.0,-0.05524327298990124,0.06798019333723407,-3.1652063888103976,7.0601845575172755,-0.05524327298990128,False,-3.1652063888104,0.06798019333723815,False,3.894978168707105
864,14.39855191424196,934,613,962.0,847.0,-0.030014078762593824,0.11909188524916606,-1.7196800390698626,8.543142438103377,-0.030014078762593766,False,-1.719680039069859,0.11909188524916559,False,6.823462399033493
865,14.415216904883444,944,612,983.0,844.0,-0.006944332815015552,0.1665463005437437,-0.3978809618345933,9.940281076508482,-0.006944332815015386,False,-0.3978809618345838,0.16654630054374664,False,9.54240011467405
866,14.431881895524928,953,611,1004.0,840.0,0.013920214501740127,0.21913126669167343,0.7975695408665134,11.75772719992206,0.01392021450174008,False,0.7975695408665108,0.21913126669167937,False,12.555296740788902
867,14.44854688616641,961,609,1023.0,836.0,0.032622455166036506,0.26662476624138154,1.869128998368641,13.40734482092466,0.032622455166036346,False,1.8691289983686319,0.26662476624138165,False,15.276473819293319
868,14.465211876807894,969,608,1041.0,832.0,0.051356670270918774,0.31099828060554097,2.942520456368632,14.876368458154149,0.05135667027091895,False,2.942520456368642,0.3109982806055349,False,17.818888914522436
869,14.481876867449378,975,606,1057.0,826.0,0.06563329337195428,0.35677665496721434,3.76051070575694,16.68128585265961,0.06563329337195434,False,3.760510705756943,0.35677665496720934,False,20.441796558416275
870,14.498541858090862,981,605,1072.0,822.0,0.07982998571223732,0.3970794452249823,4.573921259900861,18.17705508288678,0.07982998571223732,False,4.573921259900861,0.3970794452249784,False,22.75097634278741
871,14.515206848732346,986,604,1085.0,817.0,0.09172303798028666,0.4350839511620461,5.255342960388581,19.673131175072676,0.09172303798028647,False,5.255342960388569,0.4350839511620457,False,24.928474135461247
872,14.53187183937383,990,602,1094.0,813.0,0.10154526300227762,0.4579442487886165,5.818114999576454,20.420157708300227,0.10154526300227751,False,5.818114999576448,0.4579442487886105,False,26.238272707876344
873,14.548536830015314,992,602,1101.0,810.0,0.10623362265366317,0.48269292498282257,6.086738220440272,21.569529181900325,0.10623362265366332,False,6.086738220440281,0.4826929249828176,False,27.6562674023403
874,14.565201820656798,994,601,1107.0,808.0,0.11117859756043834,0.4996851311426771,6.370064412396587,22.259784687519872,0.11117859756043824,False,6.370064412396582,0.4996851311426731,False,28.629849099916225
875,14.58186681129828,994,601,1109.0,807.0,0.11117859756043834,0.5091569617566516,6.370064412396587,22.802480605963417,0.11117859756043824,False,6.370064412396582,0.5091569617566485,False,29.17254501835982
876,14.598531801939764,994,601,1108.0,807.0,0.11117859756043834,0.5054483408736572,6.370064412396587,22.58999228155376,0.11117859756043824,False,6.370064412396582,0.5054483408736594,False,28.960056693950467
877,14.615196792581248,993,602,1106.0,808.0,0.10857605872591673,0.5017244345906096,6.220949921159603,22.525742659469852,0.1085760587259168,False,6.220949921159607,0.5017244345906029,False,28.746692580629077
878,14.631861783222732,990,603,1102.0,810.0,0.10130684433251386,0.4959557546841608,5.804454616041867,22.61171695258616,0.1013068443325138,False,5.804454616041864,0.4959557546841644,False,28.41617156862823
879,14.648526773864216,987,603,1094.0,812.0,0.09428228772133967,0.47317113059441895,5.401977169270867,21.70873160122284,0.09428228772133984,False,5.401977169270876,0.4731711305944124,False,27.110708770493336
880,14.6651917645057,982,604,1085.0,816.0,0.08236043954271587,0.4522629016485536,4.7189055846399945,21.19384991016237,0.08236043954271599,False,4.7189055846400025,0.452262901648556,False,25.9127554948025
881,14.681856755147184,977,607,1074.0,819.0,0.0701423521300758,0.4291124010403314,4.018860742173803,20.567468774162386,0.07014235213007591,False,4.01886074217381,0.42911240104033155,False,24.586329516336193
882,14.698521745788668,970,607,1061.0,824.0,0.053812166203412115,0.3970794452249823,3.0832100099120407,19.6677663328756,0.053812166203412115,False,3.0832100099120407,0.3970794452249784,False,22.75097634278741
883,14.71518673643015,962,609,1047.0,830.0,0.03495079653065275,0.3671738338182192,2.0025331318268824,19.034977893594927,0.034950796530652806,False,2.002533131826886,0.36717383381821733,False,21.03751102542171
884,14.731851727071634,954,611,1031.0,832.0,0.016239871487670907,0.33526324540997043,0.9304760960783844,18.278692891771684,0.01623987148767103,False,0.9304760960783917,0.33526324540996555,False,19.209168987849797
885,14.748516717713118,945,612,1013.0,837.0,-0.004629596553711612,0.2934942814709706,-0.2652563433759863,17.08123998288724,-0.004629596553711757,False,-0.2652563433759946,0.29349428147097356,False,16.815983639511423
886,14.765181708354602,935,613,994.0,841.0,-0.027706534029406274,0.2532174056543325,-1.5874674648205742,16.095756108065938,-0.02770653402940626,False,-1.5874674648205733,0.25321740565432904,False,14.508288643245162
887,14.781846698996086,926,614,974.0,844.0,-0.04834938665190287,0.20574261139803554,-2.7702157972001924,14.558399096307822,-0.048349386651902915,False,-2.770215797200195,0.2057426113980405,False,11.788183299107907
888,14.79851168963757,915,614,953.0,846.0,-0.0735995367373565,0.16235148191281495,-4.21694282916858,13.51899754046741,-0.07359953673735653,False,-4.216942829168582,0.16235148191281112,False,9.302054711298599
889,14.815176680279054,905,615,932.0,849.0,-0.09625336522362582,0.11487660541689913,-5.514911591245051,12.096856246423062,-0.09625336522362593,False,-5.514911591245057,0.11487660541689948,False,6.581944655178031
890,14.831841670920538,894,615,911.0,849.0,-0.12124150333364433,0.072522162031777,-6.946626442839121,11.101840248423834,-0.12124150333364447,False,-6.946626442839129,0.07252216203177753,False,4.155213805584755
891,14.84850666156202,884,615,888.0,850.0,-0.14382755413644877,0.017019633058136616,-8.24071182970788,9.215864972800453,-0.14382755413644865,False,-8.240711829707873,0.017019633058129813,False,0.9751531430921727
892,14.865171652203504,873,614,867.0,849.0,-0.1688827900065987,-0.025526369158899505,-9.676271099772261,8.21371788067441,-0.16888279000659878,False,-9.676271099772267,-0.025526369158892948,False,-1.462553219097475
893,14.881836642844988,863,614,846.0,848.0,-0.19118445959701444,-0.072522162031777,-10.954062643398334,6.7988488378136065,-0.19118445959701447,False,-10.954062643398336,-0.07252216203177042,False,-4.155213805584348
894,14.898501633486472,854,612,826.0,846.0,-0.2120416496762619,-0.11909188524916606,-12.149091607441346,5.325629208407824,-0.21204164967626182,False,-12.149091607441342,-0.11909188524917269,False,-6.823462399033899
895,14.915166624127956,845,611,808.0,844.0,-0.2323834912978603,-0.15748332232447285,-13.314593279882487,4.291463566991806,-0.23238349129786018,False,-13.314593279882482,-0.15748332232447737,False,-9.023129712890931
896,14.93183161476944,837,610,790.0,842.0,-0.25044308961135187,-0.19988105597440972,-14.349332042947134,2.8969911309953003,-0.25044308961135187,False,-14.349332042947134,-0.1998810559744122,False,-11.452340911951987
897,14.948496605410924,829,608,774.0,838.0,-0.2690177473540555,-0.2347226124851971,-15.413581537504049,1.9649664858175375,-0.26901774735405537,False,-15.413581537504042,-0.23472261248519644,False,-13.44861505168648
898,14.965161596052408,823,607,761.0,835.0,-0.28262462431508195,-0.2655096587899116,-16.19319815972466,0.9806152911041647,-0.28262462431508206,False,-16.193198159724666,-0.26550965878990596,False,-15.21258286862017
899,14.98182658669389,817,606,749.0,832.0,-0.2961879419729653,-0.29226848261129845,-16.97031901771664,0.22456847939654223,-0.29618794197296516,False,-16.970319017716633,-0.292268482611302,False,-16.745750538320294
900,14.998491577335374,812,605,738.0,829.0,-0.30756710840533347,-0.3190695956723733,-17.622297228668277,-0.6590439743043452,-0.3075671084053333,False,-17.622297228668266,-0.3190695956723708,False,-18.281341202972484
901,15.015156567976858,808,604,731.0,827.0,-0.3167895745429995,-0.33247400392925547,-18.150705615058857,-0.8986516079034408,-0.3167895745429994,False,-18.15070561505885,-0.33247400392925996,False,-19.049357222962545
902,15.031821558618342,806,603,725.0,825.0,-0.3217505543966422,-0.3498556018570981,-18.43494882292201,-1.6103006024990045,-0.32175055439664213,False,-18.434948822922006,-0.3498556018570973,False,-20.045249425420963
903,15.048486549259826,804,603,721.0,824.0,-0.3259998206058702,-0.3592664560504758,-18.67841384273833,-1.906037809576213,-0.3259998206058703,False,-18.678413842738337,-0.3592664560504737,False,-20.58445165231442
904,15.06515153990131,803,603,721.0,824.0,-0.32811989501530536,-0.3552950139583206,-18.799885158652657,-1.5570196232007836,-0.3281198950153055,False,-18.79988515865266,-0.3552950139583224,False,-20.356904781853547
905,15.081816530542794,804,603,722.0,824.0,-0.3259998206058702,-0.3552950139583206,-18.67841384273833,-1.67849093911511,-0.3259998206058703,False,-18.678413842738337,-0.3552950139583224,False,-20.356904781853547
906,15.098481521184278,805,603,725.0,825.0,-0.32387670285836534,-0.34587455983724136,-18.55676815639698,-1.260384363222006,-0.32387670285836556,False,-18.55676815639699,-0.34587455983723814,False,-19.817152519618794
907,15.11514651182576,808,604,731.0,827.0,-0.3167895745429995,-0.33247400392925547,-18.150705615058857,-0.8986516079034408,-0.3167895745429994,False,-18.15070561505885,-0.33247400392925996,False,-19.049357222962545
908,15.131811502467244,812,605,738.0,828.0,-0.30756710840533347,-0.3204046601891193,-17.622297228668277,-0.7355375364915784,-0.3075671084053333,False,-17.622297228668266,-0.32040466018912284,False,-18.357834765160046
909,15.148476493108728,817,606,747.0,831.0,-0.2961879419729653,-0.30161904626623964,-16.97031901771664,-0.31117935409999353,-0.29618794197296516,False,-16.970319017716633,-0.3016190462662358,False,-17.281498371816422
910,15.165141483750212,823,607,758.0,833.0,-0.28262462431508195,-0.28005199366008954,-16.19319815972466,0.14740087877704508,-0.28262462431508206,False,-16.193198159724666,-0.28005199366009137,False,-16.045797280947724
911,15.181806474391696,830,608,770.0,836.0,-0.266845051651093,-0.25732371497108864,-15.289095243558089,0.5455324070873445,-0.2668450516510932,False,-15.2890952435581,-0.25732371497108986,False,-14.743562836470804
912,15.19847146503318,838,610,783.0,839.0,-0.24825913249647924,-0.23571013348567063,-14.224200517627365,0.7190046804331734,-0.24825913249647913,False,-14.22420051762736,-0.23571013348566439,False,-13.50519583719383
913,15.215136455674664,846,611,798.0,842.0,-0.23018522183474585,-0.20487671703710847,-13.18864171741354,1.450070510691216,-0.23018522183474577,False,-13.188641717413537,-0.20487671703710575,False,-11.738571206722167
914,15.231801446316148,856,612,814.0,844.0,-0.20761288532408081,-0.17909477459664214,-11.89534210160338,1.6339673843690021,-0.20761288532408084,False,-11.895342101603381,-0.17909477459664558,False,-10.261374717234583
915,15.24846643695763,866,613,831.0,846.0,-0.18492959832577677,-0.14909981119508364,-10.595685491116583,2.052895583440871,-0.18492959832577682,False,-10.595685491116587,-0.1490998111950823,False,-8.542789907675639
916,15.265131427599114,876,614,850.0,848.0,-0.16215803212512112,-0.11065722117389565,-9.29097085491626,2.950779109006358,-0.16215803212512103,False,-9.290970854916255,-0.11065722117389143,False,-6.340191745909668
917,15.281796418240598,887,614,869.0,849.0,-0.1373780408212058,-0.07644647637726203,-7.8711819368310305,3.491121481767362,-0.13737804082120597,False,-7.87118193683104,-0.0764464763772672,False,-4.380060455063958
918,15.298461408882082,896,615,888.0,850.0,-0.11670858452419762,-0.03402941174160484,-6.6869093261823584,4.737167654075477,-0.11670858452419752,False,-6.686909326182353,-0.034029411741610005,False,-1.9497416721071816
919,15.315126399523566,907,615,908.0,850.0,-0.09169615625986302,0.004255293464476131,-5.253802751262255,5.497613107366331,-0.09169615625986305,False,-5.253802751262256,0.004255293464471066,False,0.2438103561037944
920,15.33179139016505,917,614,927.0,849.0,-0.06901464207530722,0.0425275346197842,-3.9542477155210967,6.390895962331231,-0.06901464207530728,False,-3.9542477155210998,0.04252753461978287,False,2.4366482468100545
921,15.348456380806534,926,613,947.0,847.0,-0.04846087351457227,0.08950381835161035,-2.7766035239023035,7.90479456575515,-0.04846087351457218,False,-2.776603523902298,0.0895038183516057,False,5.128191041852571
922,15.365121371448017,935,612,966.0,846.0,-0.027770636593421036,0.13171166687264657,-1.5911402711945872,9.137662895630289,-0.02777063659342094,False,-1.5911402711945817,0.13171166687265057,False,7.546522624435936
923,15.381786362089501,944,612,985.0,843.0,-0.006944332815015552,0.1756598530080881,-0.3978809618345933,10.462449169086455,-0.006944332815015386,False,-0.3978809618345838,0.17565985300808862,False,10.064568207251897
924,15.398451352730984,952,610,1002.0,840.0,0.011627382956383872,0.21406068356382152,0.6661999701831416,11.598573757709264,0.01162738295638377,False,0.6661999701831357,0.2140606835638188,False,12.264773727892248
925,15.415116343372468,959,609,1019.0,836.0,0.027964735969865488,0.25840760789152223,1.6022613462709754,13.203403979984712,0.027964735969865373,False,1.6022613462709687,0.25840760789151673,False,14.805665326255374
926,15.431781334013952,965,608,1034.0,833.0,0.0420313059983476,0.2975617247378059,2.4082164411282183,14.640814530981611,0.0420313059983477,False,2.4082164411282245,0.2975617247378075,False,17.049030972109914
927,15.448446324655436,970,607,1047.0,829.0,0.053812166203412115,0.3338630171966823,3.0832100099120407,16.04573181096148,0.053812166203412115,False,3.0832100099120407,0.33386301719668054,False,19.128941820873422
928,15.46511131529692,975,606,1059.0,826.0,0.06563329337195428,0.3647348142644133,3.76051070575694,17.13725479308193,0.06563329337195434,False,3.760510705756943,0.3647348142644127,False,20.897765498838822
929,15.481776305938403,978,605,1068.0,822.0,0.07281222873898625,0.393153924044015,4.171833403685072,18.35422714304392,0.0728122287389863,False,4.171833403685075,0.39315392404401805,False,22.526060546729173
930,15.498441296579887,981,604,1075.0,820.0,0.0800174622754702,0.41046586456376605,4.584662875731723,18.933298797960514,0.08001746227547013,False,4.584662875731719,0.4104658645637649,False,23.517961673692184
931,15.515106287221371,982,604,1081.0,818.0,0.08236043954271587,0.43329640092905236,4.7189055846399945,20.10714946680311,0.08236043954271599,False,4.7189055846400025,0.43329640092905564,False,24.82605505144329
932,15.531771277862854,983,604,1084.0,816.0,0.08470251086965776,0.4446022930187897,4.85309638699237,20.620738564823032,0.08470251086965774,False,4.853096386992369,0.44460229301879295,False,25.47383495181558
933,15.548436268504338,983,604,1084.0,816.0,0.08470251086965776,0.4446022930187897,4.85309638699237,20.620738564823032,0.08470251086965774,False,4.853096386992369,0.44460229301879295,False,25.47383495181558
934,15.565101259145822,982,604,1083.0,817.0,0.08236043954271587,0.4427777742058472,4.7189055846399945,20.65039213955158,0.08236043954271599,False,4.7189055846400025,0.4427777742058403,False,25.369297724191174
935,15.581766249787306,980,605,1080.0,817.0,0.07749157448485686,0.44075084777942214,4.439940165805955,20.813223228767935,0.07749157448485677,False,4.439940165805949,0.440750847779416,False,25.253163394573527
936,15.59843124042879,977,605,1073.0,819.0,0.07047134457879563,0.4216875191969008,4.037710620977124,20.123204502347182,0.07047134457879567,False,4.037710620977126,0.4216875191968974,False,24.160915123324102
937,15.615096231070273,973,606,1065.0,823.0,0.06095725008957406,0.4009920846051986,3.492593160856053,19.482560905174672,0.06095725008957409,False,3.4925931608560545,0.4009920846051962,False,22.975154066030573
938,15.631761221711757,969,607,1056.0,825.0,0.05147673139236765,0.37971523803691687,2.94939945191126,18.8066811044095,0.051476731392367636,False,2.949399451911259,0.379715238036912,False,21.75608055632048
939,15.648426212353241,963,608,1045.0,828.0,0.03736577780278333,0.35677665496721434,2.1409013663230994,18.30089519209345,0.037365777802783384,False,2.1409013663231025,0.35677665496720934,False,20.441796558416275
940,15.665091202994724,957,609,1033.0,831.0,0.023305802796323105,0.32983663152621534,1.3353241383935062,17.562922776870305,0.023305802796323327,False,1.3353241383935188,0.32983663152620935,False,18.898246915263467
941,15.681756193636208,949,611,1020.0,834.0,0.004640337923020958,0.308237863383314,0.26587177850360316,17.39485687949034,0.004640337923020876,False,0.2658717785035985,0.30823786338331516,False,17.660728657994017
942,15.698421184277692,942,612,1004.0,838.0,-0.011573557297744353,0.2677490540206739,-0.6631159871135853,16.00400675111848,-0.01157355729774423,False,-0.6631159871135783,0.2677490540206726,False,15.340890764004826
943,15.715086174919175,933,612,989.0,842.0,-0.03239606936537194,0.23883119958465762,-1.8561580474488715,15.540177799696368,-0.03239606936537198,False,-1.856158047448874,0.2388311995846557,False,13.684019752247393
944,15.73175116556066,925,613,972.0,844.0,-0.0507646613845992,0.20072333458743719,-2.90860084574828,14.409200767400733,-0.05076466138459912,False,-2.9086008457482757,0.2007233345874404,False,11.500599921652636
945,15.748416156202143,915,614,953.0,846.0,-0.0735995367373565,0.16235148191281495,-4.21694282916858,13.51899754046741,-0.07359953673735653,False,-4.216942829168582,0.16235148191281112,False,9.302054711298599
946,15.765081146843627,906,614,936.0,849.0,-0.09419050596781005,0.12697278961407893,-5.39671846215731,12.671723420046565,-0.09419050596781009,False,-5.396718462157311,0.12697278961407577,False,7.275004957889074
947,15.781746137485111,896,614,916.0,849.0,-0.11697505472808857,0.08490179344972196,-6.702176944231301,11.56669138199183,-0.11697505472808878,False,-6.702176944231312,0.08490179344972049,False,4.864514437760442
948,15.798411128126594,887,614,897.0,849.0,-0.1373780408212058,0.0425275346197842,-7.8711819368310305,10.30783018364117,-0.13737804082120597,False,-7.87118193683104,0.04252753461978287,False,2.4366482468100545
949,15.815076118768078,878,614,879.0,850.0,-0.15766658733327235,0.004237262776246715,-9.03363002442731,9.276407298194124,-0.15766658733327255,False,-9.033630024427321,0.0042372627762468085,False,0.24277727376682823
950,15.831741109409561,869,613,861.0,849.0,-0.1782271544079149,-0.033885329904117606,-10.21166374219997,8.270177351285605,-0.17822715440791503,False,-10.211663742199978,-0.03388532990411974,False,-1.9414863909144997
951,15.848406100051045,861,613,843.0,847.0,-0.1960628196349526,-0.07677189126977804,-11.233572084517471,6.834866729521931,-0.19606281963495276,False,-11.233572084517482,-0.07677189126978234,False,-4.398705354995779
952,15.86507109069253,853,612,827.0,847.0,-0.2142528803709879,-0.11019014974592674,-12.275785793778928,5.962355269422787,-0.21425288037098777,False,-12.275785793778919,-0.11019014974592878,False,-6.313430524356259
953,15.881736081334013,846,610,811.0,844.0,-0.23070176392278918,-0.14847197480207144,-13.2182373989993,4.711419866867888,-0.2307017639227893,False,-13.218237398999305,-0.1484719748020744,False,-8.50681753213157
954,15.898401071975497,839,610,796.0,842.0,-0.2460727545940282,-0.18326516206755578,-14.098930291396254,3.598609973144292,-0.246072754594028,False,-14.098930291396243,-0.18326516206755272,False,-10.500320318251799
955,15.915066062616981,833,609,784.0,840.0,-0.25973169105313687,-0.20902294280626463,-14.881529703140547,2.90539725893719,-0.25973169105313687,False,-14.881529703140547,-0.20902294280626776,False,-11.976132444203534
956,15.931731053258464,828,608,773.0,837.0,-0.2711878432244648,-0.23571013348567063,-15.537918872017272,2.032723034823084,-0.27118784322446476,False,-15.537918872017269,-0.23571013348566439,False,-13.50519583719383
957,15.948396043899947,823,607,763.0,835.0,-0.28262462431508195,-0.25732371497108864,-16.19319815972466,1.449635323253938,-0.28262462431508206,False,-16.193198159724666,-0.25732371497108986,False,-14.743562836470804
958,15.965061034541431,820,606,755.0,833.0,-0.2897330297555316,-0.27888139250551586,-16.600479790530258,0.6217530152328442,-0.2897330297555314,False,-16.600479790530247,-0.2788813925055216,False,-15.978726775297734
959,15.981726025182915,817,606,750.0,831.0,-0.2961879419729653,-0.28941681362754956,-16.97031901771664,0.3879570767337205,-0.29618794197296516,False,-16.970319017716633,-0.28941681362755034,False,-16.582361940982963
960,15.9983910158244,816,605,746.0,830.0,-0.2989948812892763,-0.30161904626623964,-17.1311447938906,-0.15035357792603404,-0.2989948812892762,False,-17.13114479389059,-0.3016190462662358,False,-17.281498371816422
961,16.015056006465883,815,605,745.0,831.0,-0.30114224279309826,-0.3003634415449125,-17.25417954514846,0.04462202460055105,-0.3011422427930981,False,-17.254179545148453,-0.30036344154491346,False,-17.209557520547953
962,16.031720997107367,815,605,745.0,830.0,-0.30114224279309826,-0.30161904626623964,-17.25417954514846,-0.027318826668174305,-0.3011422427930981,False,-17.254179545148453,-0.3016190462662358,False,-17.281498371816422
963,16.04838598774885,816,605,747.0,831.0,-0.2989948812892763,-0.29632096365471494,-17.1311447938906,0.1532041952259711,-0.2989948812892762,False,-17.13114479389059,-0.2963209636547184,False,-16.977940598664826
964,16.065050978390335,819,606,752.0,832.0,-0.2918874576726028,-0.2882060948349638,-16.7239194174436,0.2109265534530117,-0.29188745767260293,False,-16.723919417443607,-0.2882060948349583,False,-16.512992863990263
965,16.08171596903182,822,606,758.0,833.0,-0.28541587551333203,-0.27480520613523457,-16.353125072945225,0.6079465731736959,-0.28541587551333203,False,-16.353125072945225,-0.2748052061352375,False,-15.745178499771706
966,16.098380959673303,826,607,765.0,835.0,-0.27613315047899195,-0.26142116885694905,-15.821264106097106,0.8429344552170893,-0.2761331504789921,False,-15.821264106097114,-0.2614211688569519,False,-14.978329650880179
967,16.115045950314787,831,608,775.0,837.0,-0.2646697719903776,-0.23983467557654625,-15.164460899738447,1.4229462083130326,-0.26466977199037744,False,-15.164460899738438,-0.23983467557654237,False,-13.741514691425202
968,16.131710940956268,837,610,785.0,839.0,-0.25044308961135187,-0.22328785067099835,-14.349332042947134,1.5558805829515512,-0.25044308961135187,False,-14.349332042947134,-0.22328785067099588,False,-12.793451459995431
969,16.14837593159775,844,610,796.0,841.0,-0.23510514964436957,-0.20487671703710847,-13.470532816414023,1.7319616096917099,-0.23510514964436968,False,-13.47053281641403,-0.20487671703710575,False,-11.738571206722167
970,16.165040922239235,851,611,809.0,843.0,-0.21916022561825446,-0.17909477459664214,-12.556955965060883,2.295581247826497,-0.21916022561825432,False,-12.556955965060876,-0.17909477459664558,False,-10.261374717234583
971,16.18170591288072,859,613,823.0,845.0,-0.20050251833895003,-0.15394466445834992,-11.487948082566225,2.66756853054516,-0.20050251833895016,False,-11.487948082566234,-0.1539446644583471,False,-8.820379552020896
972,16.198370903522203,867,613,838.0,846.0,-0.18269728656072354,-0.12382673257793958,-10.467783448421635,3.3730342808105935,-0.1826972865607237,False,-10.467783448421644,-0.12382673257793542,False,-7.094749167610796
973,16.215035894163687,876,614,854.0,848.0,-0.16215803212512112,-0.09374154154424845,-9.29097085491626,3.919976159380564,-0.16215803212512103,False,-9.290970854916255,-0.09374154154424374,False,-5.370994695535436
974,16.23170088480517,885,614,870.0,848.0,-0.14189705460416394,-0.06401497783434405,-8.13010235415598,4.462314298624561,-0.14189705460416402,False,-8.130102354155985,-0.06401497783434351,False,-3.667788055531398
975,16.248365875446655,895,614,886.0,849.0,-0.11924720695800904,-0.038279164626336314,-6.832361677416983,4.6391271010414386,-0.11924720695800906,False,-6.832361677416983,-0.038279164626342066,False,-2.1932345763758754
976,16.26503086608814,903,614,903.0,849.0,-0.10103726477533181,0.0,-5.789008845172331,5.789008845172324,-0.1010372647753317,False,-5.789008845172324,3.552713678800501e-15,False,2.0355549961366507e-13
977,16.281695856729623,912,614,920.0,848.0,-0.08047101126546087,0.03417472361619509,-4.6106493186606095,6.568716747894645,-0.08047101126546075,False,-4.610649318660602,0.03417472361619289,False,1.9580674292339153
978,16.298360847371107,921,613,936.0,847.0,-0.05997417868524019,0.06401497783434405,-3.4362673184277233,7.104055373959156,-0.059974178685240354,False,-3.4362673184277326,0.06401497783435062,False,3.667788055531805
979,16.31502583801259,929,612,954.0,847.0,-0.04164257909858842,0.10598435798959989,-2.3859440303888126,8.458400437596506,-0.041642579098588595,False,-2.3859440303888224,0.10598435798960182,False,6.07245640720781
980,16.331690828654075,936,612,970.0,844.0,-0.025457462026135927,0.14551585665996639,-1.45860513121215,9.796049570058884,-0.025457462026135858,False,-1.458605131212146,0.1455158566599728,False,8.337444438847093
981,16.34835581929556,943,611,985.0,842.0,-0.009280476016304346,0.17985349979247828,-0.5317321076066224,10.836578576372657,-0.00928047601630455,False,-0.5317321076066341,0.17985349979247545,False,10.30484646876587
982,16.365020809937043,950,610,999.0,840.0,0.006976630991772242,0.20990533259363878,0.39973151104871923,11.626958143856612,0.006976630991772037,False,0.39973151104870747,0.20990533259363886,False,12.026689654905345
983,16.381685800578527,955,609,1012.0,837.0,0.01864585749146815,0.24497866312686414,1.0683289396635134,12.96791452826296,0.0186458574914683,False,1.0683289396635218,0.24497866312686156,False,14.036243467926331
984,16.39835079122001,960,608,1023.0,834.0,0.03036449628422266,0.2718594670141011,1.739757484126629,13.836642596457391,0.030364496284222664,False,1.7397574841266292,0.27185946701409947,False,15.57640008058392
985,16.41501578186149,964,607,1034.0,832.0,0.039791631382860425,0.30161904626623964,2.279892538178218,15.001605833638438,0.03979163138286035,False,2.2798925381782134,0.3016190462662429,False,17.28149837181683
986,16.431680772502975,967,607,1043.0,829.0,0.04680420057481456,0.32983663152621534,2.681683156420656,16.216563758843154,0.04680420057481438,False,2.681683156420646,0.32983663152620935,False,18.898246915263467
987,16.44834576314446,970,606,1050.0,827.0,0.05393824126674093,0.3473169878873903,3.0904335789426267,16.809363980201177,0.05393824126674085,False,3.090433578942622,0.3473169878873854,False,19.89979755914352
988,16.465010753785943,971,606,1056.0,826.0,0.05627853628876196,0.3686959026580498,3.2245226065199075,17.90019653955257,0.056278536288762115,False,3.2245226065199164,0.3686959026580503,False,21.12471914607251
989,16.481675744427427,971,606,1059.0,824.0,0.05627853628876196,0.38366592426060625,3.2245226065199075,18.757915596598732,0.056278536288762115,False,3.2245226065199164,0.3836659242606011,False,21.982438203118342
990,16.49834073506891,971,606,1059.0,824.0,0.05627853628876196,0.38366592426060625,3.2245226065199075,18.757915596598732,0.056278536288762115,False,3.2245226065199164,0.3836659242606011,False,21.982438203118342
991,16.515005725710395,971,606,1058.0,824.0,0.05627853628876196,0.37971523803691687,3.2245226065199075,18.531557949800842,0.056278536288762115,False,3.2245226065199164,0.379715238036912,False,21.75608055632048
992,16.53167071635188,969,607,1056.0,824.0,0.05147673139236765,0.3813006581208684,2.94939945191126,18.8975189839752,0.051476731392367636,False,2.949399451911259,0.38130065812086755,False,21.84691843588641
993,16.548335706993363,967,607,1051.0,826.0,0.04680420057481456,0.36625556043077695,2.681683156420656,18.303214679461533,0.04680420057481438,False,2.681683156420646,0.36625556043077623,False,20.984897835882155
994,16.565000697634847,963,607,1045.0,828.0,0.037453203763699754,0.3552950139583206,2.145910504903486,18.210994276949954,0.03745320376369987,False,2.145910504903493,0.3552950139583153,False,20.35690478185314
995,16.58166568827633,960,608,1038.0,830.0,0.03036449628422266,0.33787818824027843,1.739757484126629,17.619236691568084,0.030364496284222664,False,1.7397574841266292,0.3378781882402855,False,19.35899417569512
996,16.598330678917815,955,609,1028.0,832.0,0.01864585749146815,0.31635977103743557,1.0683289396635134,17.057750748506617,0.0186458574914683,False,1.0683289396635218,0.31635977103742974,False,18.12607968816978
997,16.6149956695593,949,610,1018.0,835.0,0.004651129251109287,0.2975617247378059,0.2664900760584054,16.782540896051405,0.004651129251109332,False,0.26649007605840797,0.2975617247378075,False,17.049030972109914
998,16.631660660200783,943,611,1006.0,837.0,-0.009280476016304346,0.2718594670141011,-0.5317321076066224,16.10813218819063,-0.00928047601630455,False,-0.5317321076066341,0.27185946701409947,False,15.57640008058392
999,16.648325650842267,936,611,993.0,839.0,-0.025516502458028598,0.24497866312686414,-1.4619878987802297,15.498231366706714,-0.02551650245802861,False,-1.4619878987802304,0.24497866312686156,False,14.036243467926331
1000,16.66499064148375,929,612,980.0,842.0,-0.04164257909858842,0.21820854074993534,-2.3859440303888126,14.888372469068551,-0.041642579098588595,False,-2.3859440303888224,0.2182085407499308,False,12.502428438679473
1001,16.68165563212523,922,613,965.0,844.0,-0.05767269289287598,0.18404076119776133,-3.304401895915932,13.849160770922706,-0.05767269289287613,False,-3.304401895915941,0.18404076119776747,False,10.54475887500712
1002,16.698320622766715,913,613,950.0,845.0,-0.07836115357292738,0.1581508910119546,-4.48976337750523,13.551141958723687,-0.07836115357292739,False,-4.489763377505231,0.15815089101196023,False,9.061378581218786
1003,16.7149856134082,905,614,935.0,848.0,-0.0964737751825869,0.12750955821523827,-5.527540151656172,12.833299684967011,-0.09647377518258704,False,-5.52754015165618,0.12750955821524101,False,7.305759533310984
1004,16.731650604049683,897,614,919.0,848.0,-0.11470168850421741,0.09374154154424845,-6.57192265431589,11.942917349851603,-0.11470168850421736,False,-6.5719226543158875,0.09374154154425085,False,5.370994695535844
1005,16.748315594691167,889,614,903.0,848.0,-0.13285337351901952,0.059757826388397564,-7.611937596714912,11.035808841645595,-0.1328533735190196,False,-7.611937596714917,0.05975782638839533,False,3.4238712449305515
1006,16.76498058533265,881,614,888.0,849.0,-0.15091742849887782,0.02977842886416136,-8.64693170795307,10.353110002400072,-0.1509174284988779,False,-8.646931707953074,0.029778428864165818,False,1.7061782944472512
1007,16.781645575974135,873,613,872.0,849.0,-0.16926542062526406,-0.004237262776246715,-9.698194219334267,9.455416945567444,-0.16926542062526417,False,-9.698194219334273,-0.004237262776239703,False,-0.2427772737664211
1008,16.79831056661562,866,612,856.0,848.0,-0.18534794999569476,-0.042347549020575824,-10.619655276155134,8.193319444552788,-0.1853479499956947,False,-10.619655276155132,-0.04234754902057247,False,-2.4263358316021657
1009,16.814975557257103,859,612,843.0,848.0,-0.20095426368809702,-0.06769302269396865,-11.513831184487012,7.635306681639301,-0.200954263688097,False,-11.51383118448701,-0.0676930226939696,False,-3.87852450284776
1010,16.831640547898587,853,611,830.0,846.0,-0.21473486240803416,-0.09756161810402565,-12.303401330302796,6.71353237047499,-0.2147348624080343,False,-12.303401330302803,-0.0975616181040202,False,-5.5898689598274816
1011,16.84830553854007,847,610,816.0,844.0,-0.2284966392918623,-0.13171166687264657,-13.091893064346847,5.545370439911142,-0.22849663929186237,False,-13.091893064346849,-0.13171166687264346,False,-7.546522624435529
1012,16.864970529181555,841,610,806.0,843.0,-0.24169280419682765,-0.14909981119508364,-13.847977619160014,5.305187711484309,-0.24169280419682782,False,-13.847977619160025,-0.1490998111950823,False,-8.542789907675639
1013,16.88163551982304,837,609,795.0,841.0,-0.2510026866430346,-0.17909477459664214,-14.381394591090604,4.120019873856225,-0.2510026866430346,False,-14.381394591090604,-0.17909477459664558,False,-10.261374717234583
1014,16.898300510464523,833,608,786.0,839.0,-0.2603115249725304,-0.20072333458743719,-14.914751739540325,3.4141518178878734,-0.2603115249725305,False,-14.914751739540332,-0.2007233345874333,False,-11.50059992165223
1015,16.914965501106007,830,608,779.0,838.0,-0.266845051651093,-0.21820854074993534,-15.289095243558089,2.786666804878345,-0.2668450516510932,False,-15.2890952435581,-0.2182085407499379,False,-12.50242843867988
1016,16.93163049174749,828,608,773.0,837.0,-0.2711878432244648,-0.23571013348567063,-15.537918872017272,2.032723034823084,-0.27118784322446476,False,-15.537918872017269,-0.23571013348566439,False,-13.50519583719383
1017,16.94829548238897,827,607,770.0,836.0,-0.27396397852344345,-0.24395091425953555,-15.696979708006037,1.7196219125768328,-0.27396397852344334,False,-15.69697970800603,-0.24395091425953908,False,-13.977357795429402
1018,16.964960473030455,827,607,768.0,836.0,-0.27396397852344345,-0.2521580269545241,-15.696979708006037,1.2493889931657511,-0.27396397852344334,False,-15.69697970800603,-0.25215802695452894,False,-14.44759071484056
1019,16.98162546367194,827,607,768.0,836.0,-0.27396397852344345,-0.2521580269545241,-15.696979708006037,1.2493889931657511,-0.27396397852344334,False,-15.69697970800603,-0.25215802695452894,False,-14.44759071484056
1020,16.998290454313423,828,607,770.0,836.0,-0.2717921586746994,-0.24805873552229335,-15.572543596810263,1.3598249800309379,-0.27179215867469964,False,-15.572543596810275,-0.24805873552228874,False,-14.212718616779057
1021,17.014955444954907,830,608,774.0,837.0,-0.266845051651093,-0.23983467557654625,-15.289095243558089,1.5475805521326684,-0.2668450516510932,False,-15.2890952435581,-0.23983467557654237,False,-13.741514691425202
1022,17.03162043559639,832,608,779.0,838.0,-0.2624919243823048,-0.22648128693404307,-15.039679423373213,2.0632575433611553,-0.26249192438230473,False,-15.03967942337321,-0.22648128693404246,False,-12.97642188001203
1023,17.048285426237875,836,609,785.0,839.0,-0.2531886592835697,-0.21820854074993534,-14.506641597524334,2.0042131588446055,-0.2531886592835697,False,-14.506641597524334,-0.2182085407499379,False,-12.50242843867988
1024,17.06495041687936,840,610,793.0,841.0,-0.2438839728142741,-0.20072333458743719,-13.973522333141212,2.4729224114887662,-0.24388397281427387,False,-13.973522333141199,-0.2007233345874333,False,-11.50059992165223
1025,17.081615407520843,845,610,802.0,842.0,-0.2329046066419851,-0.18326516206755578,-13.344450989740347,2.8441306714883696,-0.2329046066419851,False,-13.344450989740347,-0.18326516206755272,False,-10.500320318251799
1026,17.098280398162327,851,611,811.0,843.0,-0.21916022561825446,-0.1707352114752828,-12.556955965060883,2.774548933253595,-0.21916022561825432,False,-12.556955965060876,-0.1707352114752858,False,-9.782407031807459
1027,17.11494538880381,857,612,822.0,845.0,-0.20539538918976738,-0.14909981119508364,-11.768288932020644,3.225499024344924,-0.2053953891897673,False,-11.76828893202064,-0.1490998111950823,False,-8.542789907675639
1028,17.131610379445295,863,612,833.0,846.0,-0.1920480172407301,-0.12750955821523827,-11.003540851749504,3.69778131843869,-0.19204801724072995,False,-11.003540851749495,-0.1275095582152339,False,-7.305759533310577
1029,17.14827537008678,870,613,846.0,847.0,-0.17598937422120478,-0.10220671810725354,-10.083448382023484,4.2274347965945225,-0.17598937422120464,False,-10.083448382023475,-0.1022067181072508,False,-5.8560135854288005
1030,17.164940360728263,878,613,859.0,849.0,-0.15802468844780015,-0.08033520628225284,-9.054147706928685,4.451279440642744,-0.15802468844780027,False,-9.054147706928692,-0.08033520628225332,False,-4.602868266285972
1031,17.181605351369747,886,614,873.0,849.0,-0.13963826528663315,-0.055262822949821336,-8.000683259452229,4.834356740448755,-0.13963826528663326,False,-8.000683259452236,-0.05526282294982465,False,-3.166326519003659
1032,17.19827034201123,893,614,887.0,849.0,-0.12378777963311666,-0.025526369158899505,-7.0925173282730745,5.629964109175227,-0.12378777963311682,False,-7.092517328273084,-0.025526369158892948,False,-1.462553219097475
1033,17.21493533265271,901,614,901.0,849.0,-0.10559653563169234,0.0,-6.050235822898785,6.050235822898774,-0.10559653563169213,False,-6.050235822898774,3.552713678800501e-15,False,2.0355549961366507e-13
1034,17.231600323294195,909,614,915.0,849.0,-0.0873348786728314,0.025526369158899505,-5.003919952240344,6.466473171338188,-0.08733487867283163,False,-5.003919952240357,0.025526369158900053,False,1.462553219097882
1035,17.24826531393568,916,613,929.0,848.0,-0.07147158754764404,0.055262822949821336,-4.095020321579773,7.261346840583235,-0.07147158754764416,False,-4.09502032157978,0.05526282294981755,False,3.1663265190032517
1036,17.264930304577163,923,613,942.0,847.0,-0.05537059529502019,0.08101884384778495,-3.1725014195315904,7.814539233039121,-0.05537059529502031,False,-3.172501419531597,0.08101884384779012,False,4.642037813507829
1037,17.281595295218647,930,612,957.0,846.0,-0.03933155769527351,0.11487660541689913,-2.2535322576144674,8.835476912792487,-0.0393315576952733,False,-2.2535322576144554,0.11487660541689948,False,6.581944655178031
1038,17.29826028586013,936,612,969.0,844.0,-0.025457462026135927,0.14129355437568122,-1.45860513121215,9.5541294693409,-0.025457462026135858,False,-1.458605131212146,0.14129355437568236,False,8.095524338128804
1039,17.314925276501615,941,611,981.0,842.0,-0.013920214501740127,0.1714599540647277,-0.7975695408665134,10.621501264282372,-0.01392021450174008,False,-0.7975695408665108,0.17145995406473347,False,9.823931723416193
1040,17.3315902671431,946,610,993.0,840.0,-0.0023255772028594754,0.2015726449959952,-0.13324575865568722,11.682507582215038,-0.002325577202859641,False,-0.1332457586556967,0.20157264499599492,False,11.549261823559341
1041,17.348255257784583,950,610,1002.0,839.0,0.006976630991772242,0.22328785067099835,0.39973151104871923,12.39371994894685,0.006976630991772037,False,0.39973151104870747,0.22328785067100299,False,12.793451459995838
1042,17.364920248426067,954,609,1011.0,837.0,0.016315568440183288,0.24497866312686414,0.9348132119793462,13.101430255947127,0.016315568440183448,False,0.9348132119793553,0.24497866312686156,False,14.036243467926331
1043,17.38158523906755,956,609,1019.0,835.0,0.020975944034022708,0.2718594670141011,1.2018330644521196,14.37456701613189,0.02097594403402292,False,1.2018330644521318,0.27185946701409947,False,15.57640008058392
1044,17.398250229709035,958,608,1025.0,833.0,0.02569527800612969,0.28941681362754956,1.4722309831665603,15.110130957816365,0.025695278006129474,False,1.4722309831665479,0.28941681362754323,False,16.58236194098256
1045,17.41491522035052,959,608,1030.0,832.0,0.02803003995984645,0.306946790691321,1.606002989282249,15.980752652415905,0.02803003995984632,False,1.6060029892822416,0.3069467906913168,False,17.586755641697916
1046,17.431580210992003,959,608,1033.0,831.0,0.02803003995984645,0.3204046601891193,1.606002989282249,16.7518317758776,0.02803003995984632,False,1.6060029892822416,0.32040466018911573,False,18.35783476515964
1047,17.448245201633487,959,608,1034.0,831.0,0.02803003995984645,0.32443871996452966,1.606002989282249,16.982966375312103,0.02803003995984632,False,1.6060029892822416,0.32443871996453666,False,18.588969364594753
1048,17.46491019227497,959,608,1034.0,831.0,0.02803003995984645,0.32443871996452966,1.606002989282249,16.982966375312103,0.02803003995984632,False,1.6060029892822416,0.32443871996453666,False,18.588969364594753
1049,17.481575182916455,957,608,1031.0,831.0,0.023360235821874638,0.3204046601891193,1.3384429210237367,17.019391844136102,0.023360235821874742,False,1.3384429210237427,0.32040466018911573,False,18.35783476515964
1050,17.498240173557935,955,609,1027.0,833.0,0.01864585749146815,0.31099828060554097,1.0683289396635134,16.750559974859268,0.0186458574914683,False,1.0683289396635218,0.3109982806055349,False,17.818888914522436
1051,17.51490516419942,953,609,1022.0,834.0,0.013985102164882086,0.2975617247378059,0.8012873301070143,16.247743642002813,0.013985102164882246,False,0.8012873301070235,0.2975617247378075,False,17.049030972109914
1052,17.531570154840903,949,610,1015.0,835.0,0.004651129251109287,0.28532942018213536,0.2664900760584054,16.081681471292836,0.004651129251109332,False,0.26649007605840797,0.2853294201821406,False,16.348171547351548
1053,17.548235145482387,946,610,1008.0,837.0,-0.0023255772028594754,0.26662476624138154,-0.13324575865568722,15.409719577948989,-0.002325577202859641,False,-0.1332457586556967,0.26662476624138165,False,15.276473819293319
1054,17.56490013612387,940,611,999.0,839.0,-0.016239871487670907,0.2532174056543325,-0.9304760960783844,15.438764739323757,-0.01623987148767103,False,-0.9304760960783917,0.25321740565432904,False,14.508288643245162
1055,17.581565126765355,935,612,990.0,841.0,-0.027770636593421036,0.23571013348567063,-1.5911402711945872,15.096336108388767,-0.02777063659342094,False,-1.5911402711945817,0.2357101334856715,False,13.505195837194236
1056,17.59823011740684,930,612,979.0,842.0,-0.03933155769527351,0.20990533259363878,-2.2535322576144674,14.2802219125198,-0.0393315576952733,False,-2.2535322576144554,0.20990533259363886,False,12.026689654905345
1057,17.614895108048323,923,613,969.0,844.0,-0.05537059529502019,0.19656292057518973,-3.1725014195315904,14.43472717725517,-0.05537059529502031,False,-3.172501419531597,0.1965629205751931,False,11.262225757723776
1058,17.631560098689807,917,614,957.0,845.0,-0.06901464207530722,0.1714599540647277,-3.9542477155210967,13.778179438936961,-0.06901464207530728,False,-3.9542477155210998,0.17145995406473347,False,9.823931723416193
1059,17.64822508933129,910,613,944.0,846.0,-0.08524327350864742,0.14490004858016167,-4.884079803924834,13.186241038808685,-0.08524327350864747,False,-4.884079803924837,0.14490004858015837,False,8.302161234883672
1060,17.664890079972775,903,614,932.0,848.0,-0.10103726477533181,0.12330291708117037,-5.789008845172331,12.853745595574933,-0.1010372647753317,False,-5.789008845172324,0.12330291708116548,False,7.0647367504023295
1061,17.68155507061426,896,614,919.0,848.0,-0.11697505472808857,0.09797589067169137,-6.702176944231301,12.315781973754378,-0.11697505472808878,False,-6.702176944231312,0.09797589067169454,False,5.61360502952327
1062,17.698220061255743,889,614,905.0,848.0,-0.13285337351901952,0.06826980705682754,-7.611937596714912,11.523509409243577,-0.1328533735190196,False,-7.611937596714917,0.06826980705682573,False,3.9115718125285586
1063,17.714885051897227,882,614,893.0,849.0,-0.14866459550063593,0.04677436912252888,-8.517853885206007,11.19782782531394,-0.14866459550063604,False,-8.517853885206014,0.04677436912253441,False,2.6799739401082574
1064,17.73155004253871,875,614,880.0,849.0,-0.1644012933983296,0.021273386024061203,-9.41950025821625,10.638375493347553,-0.16440129339832943,False,-9.419500258216239,0.02127338602406681,False,1.218875235131619
1065,17.748215033180195,869,613,868.0,848.0,-0.1782271544079149,-0.004255293464476131,-10.21166374219997,9.967853386095879,-0.17822715440791503,False,-10.211663742199978,-0.0042552934644781715,False,-0.24381035610420151
1066,17.764880023821675,863,612,856.0,848.0,-0.1920480172407301,-0.029652323188272874,-11.003540851749504,9.30458788030357,-0.19204801724072995,False,-11.003540851749495,-0.02965232318826949,False,-1.698952971445747
1067,17.78154501446316,858,612,846.0,847.0,-0.20317584229354252,-0.05101951586697104,-11.641118262435599,8.71791533045741,-0.20317584229354235,False,-11.641118262435588,-0.05101951586696529,False,-2.9232029319778485
1068,17.798210005104643,853,611,835.0,846.0,-0.21473486240803416,-0.07644647637726203,-12.303401330302796,7.923340875239125,-0.2147348624080343,False,-12.303401330302803,-0.0764464763772672,False,-4.380060455063958
1069,17.814874995746127,849,611,825.0,846.0,-0.22357688192649824,-0.1017747993348465,-12.810011731083083,6.9787452684055316,-0.22357688192649805,False,-12.810011731083073,-0.10177479933484435,False,-5.831266462677439
1070,17.83153998638761,845,610,817.0,845.0,-0.2329046066419851,-0.11858985925770553,-13.344450989740347,6.5497525612233884,-0.2329046066419851,False,-13.344450989740347,-0.11858985925770682,False,-6.794698428517035
1071,17.848204977029095,842,610,808.0,843.0,-0.23949926591015905,-0.14490004858016167,-13.722297133133546,5.420135898249677,-0.23949926591015913,False,-13.722297133133551,-0.14490004858016547,False,-8.302161234884078
1072,17.86486996767058,840,610,803.0,843.0,-0.2438839728142741,-0.15748332232447285,-13.973522333141212,4.950392620250549,-0.24388397281427387,False,-13.973522333141199,-0.15748332232447737,False,-9.023129712890931
1073,17.881534958312063,839,610,798.0,841.0,-0.2460727545940282,-0.1756598530080881,-14.098930291396254,4.034362084144398,-0.246072754594028,False,-14.098930291396243,-0.1756598530080815,False,-10.064568207251488
1074,17.898199948953547,838,609,793.0,840.0,-0.24881426075558283,-0.19239560151592244,-14.256007023962445,3.2325510602193126,-0.24881426075558277,False,-14.256007023962443,-0.19239560151592272,False,-11.023455963743155
1075,17.91486493959503,837,609,791.0,840.0,-0.2510026866430346,-0.19656292057518973,-14.381394591090604,3.1191688333670315,-0.2510026866430346,False,-14.381394591090604,-0.19656292057518598,False,-11.26222575772337
1076,17.931529930236515,838,609,791.0,841.0,-0.24881426075558283,-0.19988105597440972,-14.256007023962445,2.803666112010608,-0.24881426075558277,False,-14.256007023962443,-0.1998810559744122,False,-11.452340911951987
1077,17.948194920878,839,610,791.0,840.0,-0.2460727545940282,-0.20574261139803554,-14.098930291396254,2.310746992288642,-0.246072754594028,False,-14.098930291396243,-0.2057426113980334,False,-11.7881832991075
1078,17.964859911519483,841,610,795.0,841.0,-0.24169280419682765,-0.19656292057518973,-13.847977619160014,2.5857518614364263,-0.24169280419682782,False,-13.847977619160025,-0.19656292057518598,False,-11.26222575772337
1079,17.981524902160967,843,610,799.0,842.0,-0.23730337525110662,-0.1874291124436737,-13.59648186609764,2.85758476519221,-0.23730337525110645,False,-13.596481866097632,-0.18742911244367733,False,-10.73889710090565
1080,17.99818989280245,846,610,804.0,842.0,-0.23070176392278918,-0.17909477459664214,-13.2182373989993,2.956862681764901,-0.2307017639227893,False,-13.218237398999305,-0.17909477459664558,False,-10.261374717234583
1081,18.014854883443935,850,611,811.0,843.0,-0.22136965131367126,-0.1665463005437437,-12.683546732556023,3.1411466178821446,-0.22136965131367115,False,-12.683546732556017,-0.16654630054373953,False,-9.542400114673644
1082,18.031519874085415,854,611,818.0,845.0,-0.21251896191001848,-0.15264932839526515,-12.176439583945559,3.4302773213903603,-0.2125189619100185,False,-12.17643958394556,-0.1526493283952668,False,-8.746162262555302
1083,18.0481848647269,858,612,827.0,845.0,-0.20317584229354252,-0.13227039651549488,-11.641118262435599,4.0625827875758285,-0.20317584229354235,False,-11.641118262435588,-0.13227039651549077,False,-7.578535474859532
1084,18.064849855368383,863,612,836.0,847.0,-0.1920480172407301,-0.11439203107265948,-11.003540851749504,4.449360261356754,-0.19204801724072995,False,-11.003540851749495,-0.11439203107266493,False,-6.554180590393072
1085,18.081514846009867,869,613,846.0,847.0,-0.1782271544079149,-0.09797589067169137,-10.21166374219997,4.598058712676886,-0.17822715440791503,False,-10.211663742199978,-0.09797589067168744,False,-5.613605029522863
1086,18.09817983665135,875,613,856.0,848.0,-0.1647741455969332,-0.08067557996359599,-9.44086311557841,4.818492873894163,-0.16477414559693315,False,-9.440863115578406,-0.08067557996359298,False,-4.622370241684066
1087,18.114844827292835,881,613,867.0,849.0,-0.15126068148365976,-0.05925259366343235,-8.666598655286343,5.271675113168064,-0.1512606814836599,False,-8.666598655286352,-0.05925259366342672,False,-3.394923542117956
1088,18.13150981793432,887,614,879.0,849.0,-0.1373780408212058,-0.03402941174160484,-7.8711819368310305,5.921440264724138,-0.13737804082120597,False,-7.87118193683104,-0.034029411741610005,False,-1.9497416721071816
1089,18.148174808575803,894,614,889.0,849.0,-0.12151812272439363,-0.021273386024061203,-6.962475566460537,5.7436003313292305,-0.12151812272439377,False,-6.962475566460545,-0.021273386024059704,False,-1.2188752351312118
1090,18.164839799217287,900,614,901.0,849.0,-0.10787453167031301,0.004255293464476131,-6.18075538165927,6.4245657377633645,-0.10787453167031291,False,-6.180755381659265,0.004255293464471066,False,0.2438103561037944
1091,18.18150478985877,906,614,913.0,849.0,-0.09419050596781005,0.02977842886416136,-5.39671846215731,7.102896756604308,-0.09419050596781009,False,-5.396718462157311,0.029778428864165818,False,1.7061782944472512
1092,18.198169780500255,912,613,923.0,848.0,-0.08065605252755083,0.04677436912252888,-4.621251402014138,7.301225342122077,-0.08065605252755104,False,-4.62125140201415,0.04677436912253441,False,2.6799739401082574
1093,18.21483477114174,918,613,935.0,848.0,-0.06687472415861767,0.07221463115270767,-3.831639450390358,7.969233034534471,-0.06687472415861784,False,-3.8316394503903672,0.07221463115270765,False,4.137593584144104
1094,18.231499761783223,924,613,946.0,847.0,-0.0530679100577978,0.09374154154424845,-3.0405672738916665,8.411561969427368,-0.053067910057797985,False,-3.040567273891677,0.09374154154425085,False,5.370994695535844
1095,18.248164752424707,929,612,956.0,846.0,-0.04164257909858842,0.11487660541689913,-2.3859440303888126,8.967888685566828,-0.041642579098588595,False,-2.3859440303888224,0.11487660541689948,False,6.581944655178031
1096,18.26482974306619,934,611,965.0,845.0,-0.030153271018322592,0.13171166687264657,-1.7276551678640266,9.274177792299744,-0.03015327101832277,False,-1.7276551678640366,0.13171166687265057,False,7.546522624435936
1097,18.281494733707675,938,611,975.0,843.0,-0.020878636217268536,0.1581508910119546,-1.196257737238473,10.257636318456944,-0.020878636217268376,False,-1.196257737238464,0.15815089101196023,False,9.061378581218786
1098,18.298159724349155,941,610,983.0,842.0,-0.013952582897227457,0.17909477459664214,-0.7994241133175477,11.060798830551933,-0.013952582897227561,False,-0.7994241133175537,0.17909477459663847,False,10.261374717234174
1099,18.31482471499064,944,610,990.0,841.0,-0.006976630991772242,0.19656292057518973,-0.39973151104871923,11.661957268772305,-0.006976630991772037,False,-0.39973151104870747,0.1965629205751931,False,11.262225757723776
1100,18.331489705632123,946,610,996.0,840.0,-0.0023255772028594754,0.21406068356382152,-0.13324575865568722,12.398019486548096,-0.002325577202859641,False,-0.1332457586556967,0.2140606835638188,False,12.264773727892248
1101,18.348154696273607,948,610,1001.0,839.0,0.0023255772028594754,0.22743660306946167,0.13324575865568722,12.897911704016614,0.002325577202859641,False,0.1332457586556967,0.22743660306946722,False,13.031157462672617
1102,18.36481968691509,949,610,1005.0,838.0,0.004651129251109287,0.2408464552414116,0.2664900760584054,13.53299531996096,0.004651129251109332,False,0.26649007605840797,0.2408464552414138,False,13.799485396019495
1103,18.381484677556575,949,610,1008.0,837.0,0.004651129251109287,0.25428552987473746,0.2664900760584054,14.302997577011848,0.004651129251109332,False,0.26649007605840797,0.25428552987473907,False,14.569487653070357
1104,18.39814966819806,948,609,1008.0,837.0,0.0023309981091265324,0.25732371497108864,0.1335563537059256,14.610006482764824,0.002330998109126625,False,0.1335563537059309,0.25732371497108275,False,14.743562836470398
1105,18.414814658839543,948,610,1009.0,837.0,0.0023255772028594754,0.26252072318426667,0.13324575865568722,14.908083714524984,0.002325577202859641,False,0.1332457586556967,0.2625207231842701,False,15.041329473180859
1106,18.431479649481027,946,610,1006.0,837.0,-0.0023255772028594754,0.25840760789152223,-0.13324575865568722,14.938911084911377,-0.002325577202859641,False,-0.1332457586556967,0.25840760789151673,False,14.805665326255374
1107,18.44814464012251,944,610,1003.0,837.0,-0.006976630991772242,0.25428552987473746,-0.39973151104871923,14.96921916411899,-0.006976630991772037,False,-0.39973151104870747,0.25428552987473907,False,14.569487653070357
1108,18.464809630763995,942,610,999.0,838.0,-0.011627382956383872,0.24497866312686414,-0.6661999701831416,14.702443438109619,-0.01162738295638377,False,-0.6661999701831357,0.24497866312686156,False,14.036243467926331
1109,18.48147462140548,939,611,994.0,840.0,-0.01855935370443998,0.23571013348567063,-1.0633726377549007,14.568568474949098,-0.018559353704440174,False,-1.0633726377549118,0.2357101334856715,False,13.505195837194236
1110,18.498139612046963,936,611,987.0,840.0,-0.025516502458028598,0.21913126669167343,-1.4619878987802297,14.017284639568802,-0.02551650245802861,False,-1.4619878987802304,0.21913126669167937,False,12.555296740788902
1111,18.514804602688447,932,611,980.0,842.0,-0.034788742989580894,0.20487671703710847,-1.9932481478683153,13.73181935459063,-0.03478874298958079,False,-1.9932481478683093,0.20487671703711285,False,11.738571206722575
1112,18.53146959332993,927,612,972.0,843.0,-0.046263262424356945,0.19239560151592244,-2.650689683421822,13.67414564716496,-0.04626326242435708,False,-2.6506896834218296,0.19239560151591562,False,11.023455963742748
1113,18.548134583971414,923,612,964.0,844.0,-0.05549850524571683,0.17491808048840873,-3.1798301198642345,13.20189789237969,-0.05549850524571687,False,-3.1798301198642362,0.17491808048841406,False,10.02206777251576
1114,18.5647995746129,917,613,955.0,846.0,-0.06917352186552007,0.16166679733512207,-3.963350856950217,13.226176031649532,-0.06917352186552028,False,-3.963350856950229,0.16166679733511913,False,9.26282517469915
1115,18.58146456525438,912,613,946.0,847.0,-0.08065605252755083,0.14428939453774245,-4.621251402014138,12.888424737524769,-0.08065605252755104,False,-4.62125140201415,0.14428939453773992,False,8.267173335510492
1116,18.598129555895863,907,613,936.0,846.0,-0.09211730861315803,0.12382673257793958,-5.277933003638062,12.372682171249092,-0.09211730861315814,False,-5.2779330036380685,0.12382673257794252,False,7.0947491676112024
1117,18.614794546537347,901,613,926.0,848.0,-0.1058385924787524,0.10598435798959989,-6.064104658637571,12.136561065845266,-0.1058385924787526,False,-6.064104658637582,0.10598435798960182,False,6.07245640720781
1118,18.63145953717883,895,613,917.0,848.0,-0.11951999240548312,0.09334495938239547,-6.847991132269835,12.196263343701183,-0.11951999240548306,False,-6.847991132269831,0.09334495938239584,False,5.348272211431377
1119,18.648124527820315,889,613,906.0,848.0,-0.1331565844085909,0.07221463115270767,-7.62931030098976,11.766903885133864,-0.1331565844085909,False,-7.62931030098976,0.07221463115270765,False,4.137593584144104
1120,18.6647895184618,883,613,897.0,849.0,-0.1467435433141969,0.05925259366343235,-8.407785702698671,11.80270924481694,-0.14674354331419703,False,-8.407785702698678,0.05925259366343383,False,3.3949235421183634
1121,18.681454509103283,878,613,886.0,848.0,-0.15802468844780015,0.03402941174160484,-9.054147706928685,11.003889379035568,-0.15802468844780027,False,-9.054147706928692,0.0340294117416029,False,1.9497416721067744
1122,18.698119499744767,872,613,877.0,848.0,-0.17150848691657702,0.021273386024061203,-9.826712450994561,11.04558768612585,-0.17150848691657705,False,-9.826712450994563,0.02127338602406681,False,1.218875235131619
1123,18.71478449038625,867,612,868.0,848.0,-0.18311081726248413,0.004237262776246715,-10.491477012331599,10.734254286098421,-0.18311081726248402,False,-10.491477012331593,0.0042372627762468085,False,0.24277727376682823
1124,18.731449481027735,863,612,859.0,847.0,-0.1920480172407301,-0.017019633058136616,-11.003540851749504,10.028387708656942,-0.19204801724072995,False,-11.003540851749495,-0.017019633058136918,False,-0.9751531430925798
1125,18.74811447166922,859,612,851.0,847.0,-0.20095426368809702,-0.03402941174160484,-11.513831184487012,9.564089512380134,-0.200954263688097,False,-11.51383118448701,-0.034029411741610005,False,-1.9497416721071816
1126,18.764779462310702,856,611,844.0,847.0,-0.20808081657087715,-0.050803704058221655,-11.922152587147103,9.011314760979339,-0.20808081657087696,False,-11.922152587147092,-0.050803704058221655,False,-2.9108378261677537
1127,18.781444452952186,853,611,837.0,846.0,-0.21473486240803416,-0.06798019333723407,-12.303401330302796,8.408423161595927,-0.2147348624080343,False,-12.303401330302803,-0.06798019333723104,False,-3.894978168706698
1128,18.79810944359367,851,610,831.0,845.0,-0.2196536821386045,-0.08490179344972196,-12.585228941050152,7.720714503289626,-0.21965368213860437,False,-12.585228941050145,-0.08490179344972759,False,-4.864514437760849
1129,18.814774434235154,849,610,826.0,845.0,-0.22407961614291902,-0.09756161810402565,-12.83881627990081,7.248947320073025,-0.22407961614291905,False,-12.838816279900811,-0.0975616181040202,False,-5.5898689598274816
1130,18.83143942487664,849,610,821.0,845.0,-0.22407961614291902,-0.11858985925770553,-12.83881627990081,6.044117851383854,-0.22407961614291905,False,-12.838816279900811,-0.11858985925770682,False,-6.794698428517035
1131,18.84810441551812,848,610,819.0,844.0,-0.22628925067995848,-0.12330291708117037,-12.965419013139515,5.900682262736909,-0.22628925067995853,False,-12.965419013139519,-0.12330291708117258,False,-7.064736750402736
1132,18.864769406159603,848,610,817.0,844.0,-0.22628925067995848,-0.13171166687264657,-12.965419013139515,5.418896388703811,-0.22628925067995853,False,-12.965419013139519,-0.13171166687264346,False,-7.546522624435529
1133,18.881434396801087,849,610,816.0,844.0,-0.22407961614291902,-0.14010172439663027,-12.83881627990081,4.811578769468857,-0.22407961614291905,False,-12.838816279900811,-0.14010172439662583,False,-8.0272375104317
1134,18.89809938744257,850,610,817.0,844.0,-0.2218677538610701,-0.14010172439663027,-12.712085906286692,4.6848483958547344,-0.22186775386107005,False,-12.712085906286688,-0.14010172439662583,False,-8.0272375104317
1135,18.914764378084055,852,611,818.0,844.0,-0.2169486231670177,-0.14490004858016167,-12.430240478644231,4.128079243760367,-0.2169486231670179,False,-12.430240478644242,-0.14490004858016547,False,-8.302161234884078
1136,18.93142936872554,854,611,823.0,844.0,-0.21251896191001848,-0.13227039651549488,-12.176439583945559,4.597904109085801,-0.2125189619100185,False,-12.17643958394556,-0.13227039651549077,False,-7.578535474859532
1137,18.948094359367023,857,611,826.0,845.0,-0.20585860946421414,-0.13171166687264657,-11.794829498731335,4.248306874295638,-0.2058586094642143,False,-11.794829498731344,-0.13171166687264346,False,-7.546522624435529
1138,18.964759350008507,860,612,832.0,846.0,-0.19873067254123541,-0.11909188524916606,-11.386428796409188,4.562966397375671,-0.19873067254123544,False,-11.38642879640919,-0.11909188524917269,False,-6.823462399033899
1139,18.98142434064999,863,612,838.0,846.0,-0.1920480172407301,-0.10643387697397651,-11.003540851749504,4.905328903926006,-0.19204801724072995,False,-11.003540851749495,-0.10643387697397699,False,-6.098211947823516
1140,18.998089331291474,867,612,845.0,846.0,-0.18311081726248413,-0.09374154154424845,-10.491477012331599,5.120482316795902,-0.18311081726248402,False,-10.491477012331593,-0.09374154154424374,False,-5.370994695535436
1141,19.01475432193296,871,612,853.0,847.0,-0.17414393703941786,-0.07644647637726203,-9.977712620150575,5.597652165086905,-0.174143937039418,False,-9.977712620150584,-0.0764464763772672,False,-4.380060455063958
1142,19.031419312574442,875,613,861.0,848.0,-0.1647741455969332,-0.059504138864393916,-9.44086311557841,6.0315270950882685,-0.16477414559693315,False,-9.440863115578406,-0.05950413886439421,False,-3.409336020490163
1143,19.048084303215926,880,613,868.0,848.0,-0.15351693185621265,-0.05101951586697104,-8.795872279158443,5.872669347180276,-0.15351693185621285,False,-8.795872279158456,-0.05101951586696529,False,-2.9232029319778485
1144,19.06474929385741,885,613,877.0,848.0,-0.14222036529448295,-0.03402941174160484,-8.14862669218272,6.198885020075829,-0.14222036529448312,False,-8.14862669218273,-0.034029411741610005,False,-1.9497416721071816
1145,19.081414284498894,889,613,887.0,849.0,-0.1331565844085909,-0.008474373402970617,-7.62931030098976,7.143764470981638,-0.1331565844085909,False,-7.62931030098976,-0.00847437340297219,False,-0.48554583000822377
1146,19.09807927514038,895,613,895.0,848.0,-0.11951999240548312,0.0,-6.847991132269835,6.847991132269831,-0.11951999240548306,False,-6.847991132269831,3.552713678800501e-15,False,2.0355549961366507e-13
1147,19.11474426578186,900,613,904.0,849.0,-0.10812172964982535,0.01694752980640491,-6.194918782589489,7.1659407136686495,-0.10812172964982514,False,-6.194918782589476,0.016947529806405015,False,0.9710219310791725
1148,19.131409256423343,905,613,913.0,848.0,-0.09669519373384337,0.03402941174160484,-5.540226500149069,7.489968172255959,-0.09669519373384317,False,-5.540226500149058,0.0340294117416029,False,1.9497416721067744
1149,19.148074247064827,910,613,921.0,848.0,-0.08524327350864742,0.04677436912252888,-4.884079803924834,7.564053744032763,-0.08524327350864747,False,-4.884079803924837,0.04677436912253441,False,2.6799739401082574
1150,19.16473923770631,915,612,930.0,848.0,-0.07393903765794034,0.06347394017680681,-4.23639479905884,7.873183680255748,-0.07393903765794052,False,-4.236394799058851,0.0634739401768094,False,3.6367888811970492
1151,19.181404228347795,919,612,938.0,847.0,-0.06472428141559204,0.08067557996359599,-3.7084281571304536,8.330798398814679,-0.06472428141559217,False,-3.7084281571304607,0.08067557996360009,False,4.6223702416844725
1152,19.19806921898928,923,612,946.0,846.0,-0.05549850524571683,0.09797589067169137,-3.1798301198642345,8.793435149387328,-0.05549850524571687,False,-3.1798301198642362,0.09797589067169454,False,5.61360502952327
1153,19.214734209630763,927,612,953.0,846.0,-0.046263262424356945,0.11065722117389565,-2.650689683421822,8.990881429331726,-0.04626326242435708,False,-2.6506896834218296,0.11065722117389853,False,6.340191745910075
1154,19.231399200272246,930,611,960.0,845.0,-0.039422719797326304,0.12750955821523827,-2.2587554613136334,9.564514994624462,-0.039422719797326256,False,-2.2587554613136307,0.12750955821524101,False,7.305759533310984
1155,19.24806419091373,933,611,965.0,843.0,-0.03247118149691298,0.13706617431018764,-1.8604616555764044,9.71377495755463,-0.03247118149691319,False,-1.8604616555764166,0.1370661743101813,False,7.853313301977857
1156,19.264729181555214,935,610,971.0,843.0,-0.027899735482453374,0.1532942815467293,-1.598537092675968,10.381652448793728,-0.02789973548245328,False,-1.5985370926759626,0.15329428154672442,False,8.783115356117486
1157,19.2813941721967,937,610,975.0,844.0,-0.023251622810462915,0.16098781377080748,-1.3322198538696388,10.556142135974989,-0.02325162281046289,False,-1.3322198538696373,0.16098781377080584,False,9.22392228210525
1158,19.298059162838182,938,610,978.0,842.0,-0.020927177026567503,0.1707352114752828,-1.1990389207454535,10.981445952552736,-0.020927177026567545,False,-1.1990389207454557,0.1707352114752787,False,9.782407031807052
1159,19.314724153479666,939,610,981.0,842.0,-0.01860250504695934,0.17909477459664214,-1.0658450275615836,11.327219744795963,-0.018602505046959372,False,-1.0658450275615854,0.17909477459663847,False,10.261374717234174
1160,19.33138914412115,938,610,982.0,841.0,-0.020927177026567503,0.18822150530477075,-1.1990389207454535,11.983336788308064,-0.020927177026567545,False,-1.1990389207454557,0.1882215053047709,False,10.784297867562607
1161,19.348054134762634,939,610,982.0,841.0,-0.01860250504695934,0.18404076119776133,-1.0658450275615836,11.61060390256835,-0.018602505046959372,False,-1.0658450275615854,0.18404076119776747,False,10.54475887500712
1162,19.364719125404118,938,610,982.0,841.0,-0.020927177026567503,0.18822150530477075,-1.1990389207454535,11.983336788308064,-0.020927177026567545,False,-1.1990389207454557,0.1882215053047709,False,10.784297867562607
1163,19.3813841160456,937,610,980.0,841.0,-0.023251622810462915,0.18404076119776133,-1.3322198538696388,11.876978728876402,-0.02325162281046289,False,-1.3322198538696373,0.18404076119776747,False,10.54475887500712
1164,19.398049106687083,935,610,977.0,842.0,-0.027899735482453374,0.17909477459664214,-1.598537092675968,11.859911809910342,-0.02789973548245328,False,-1.5985370926759626,0.17909477459663847,False,10.261374717234174
1165,19.414714097328567,932,611,973.0,842.0,-0.034788742989580894,0.1756598530080881,-1.9932481478683153,12.05781635512018,-0.03478874298958079,False,-1.9932481478683093,0.17565985300808862,False,10.064568207251897
1166,19.43137908797005,930,611,970.0,843.0,-0.039422719797326304,0.1707352114752828,-2.2587554613136334,12.041162493120911,-0.039422719797326256,False,-2.2587554613136307,0.1707352114752787,False,9.782407031807052
1167,19.448044078611535,928,611,965.0,843.0,-0.04405500325199272,0.1581508910119546,-2.5241657527742998,11.585544333992775,-0.04405500325199263,False,-2.5241657527742944,0.15815089101196023,False,9.061378581218786
1168,19.46470906925302,924,612,960.0,844.0,-0.05319052114015909,0.15394466445834992,-3.0475923714324993,11.867971923453561,-0.053190521140158875,False,-3.0475923714324873,0.1539446644583542,False,8.820379552021302
1169,19.481374059894502,921,612,953.0,845.0,-0.060112673986167924,0.13648520124556013,-3.4442025146532766,11.264228512017562,-0.06011267398616793,False,-3.444202514653277,0.1364852012455664,False,7.820025997364642
1170,19.498039050535986,917,612,946.0,845.0,-0.06933313368820858,0.12382673257793958,-3.972495940750659,11.067245108361696,-0.06933313368820837,False,-3.972495940750647,0.12382673257794252,False,7.0947491676112024
1171,19.51470404117747,912,612,940.0,846.0,-0.08084194488842021,0.11909188524916606,-4.631902249735677,11.455364648769201,-0.08084194488842034,False,-4.631902249735684,0.11909188524916559,False,6.823462399033493
1172,19.531369031818954,908,612,932.0,847.0,-0.09003371320619155,0.1017747993348465,-5.1585517806060395,10.989818243283601,-0.09003371320619147,False,-5.158551780606034,0.10177479933485145,False,5.8312664626778465
1173,19.54803402246044,904,612,924.0,847.0,-0.09921025233990993,0.08490179344972196,-5.684328743504739,10.548843181265267,-0.0992102523399101,False,-5.684328743504748,0.08490179344972049,False,4.864514437760442
1174,19.564699013101922,899,613,917.0,848.0,-0.11040373575473679,0.07644647637726203,-6.325668101224003,10.705728556287664,-0.11040373575473694,False,-6.325668101224012,0.0764464763772601,False,4.380060455063551
1175,19.581364003743406,895,613,910.0,848.0,-0.11951999240548312,0.06374331253268707,-6.847991132269835,10.500213912576159,-0.11951999240548306,False,-6.847991132269831,0.06374331253268295,False,3.6522227803060994
1176,19.59802899438489,890,613,901.0,848.0,-0.1308871367992383,0.04677436912252888,-7.499280531147801,10.179254471255744,-0.13088713679923814,False,-7.499280531147792,0.04677436912253441,False,2.6799739401082574
1177,19.614693985026374,885,613,894.0,848.0,-0.14222036529448295,0.038279164626336314,-8.14862669218272,10.341861268558274,-0.14222036529448312,False,-8.14862669218273,0.03827916462633496,False,2.193234576375468
1178,19.631358975667858,882,612,886.0,848.0,-0.1493426923437017,0.01694752980640491,-8.55670597241482,9.527727903493998,-0.1493426923437018,False,-8.556705972414825,0.016947529806405015,False,0.9710219310791725
1179,19.648023966309342,877,612,879.0,848.0,-0.1606408191438736,0.008474373402970617,-9.204040954468315,9.689586784476457,-0.16064081914387351,False,-9.204040954468311,0.008474373402965085,False,0.48554583000781665
1180,19.664688956950823,873,612,873.0,848.0,-0.16964977229852404,0.0,-9.720215948060854,9.72021594806085,-0.16964977229852396,False,-9.72021594806085,3.552713678800501e-15,False,2.0355549961366507e-13
1181,19.681353947592306,870,612,867.0,848.0,-0.17638836894055576,-0.012711179763426197,-10.106309095490301,9.37801214241387,-0.17638836894055565,False,-10.106309095490294,-0.012711179763424951,False,-0.7282969530763499
1182,19.69801893823379,867,612,861.0,847.0,-0.18311081726248413,-0.025526369158899505,-10.491477012331599,9.028923793233735,-0.18311081726248402,False,-10.491477012331593,-0.025526369158892948,False,-1.462553219097475
1183,19.714683928875274,864,611,856.0,847.0,-0.1902464412560668,-0.033885329904117606,-10.90031815135617,8.958831760441807,-0.19024644125606693,False,-10.90031815135618,-0.03388532990411974,False,-1.9414863909144997
1184,19.73134891951676,862,611,852.0,847.0,-0.19471699482730398,-0.042347549020575824,-11.1564620030752,8.730126171472843,-0.19471699482730376,False,-11.156462003075188,-0.04234754902057247,False,-2.4263358316021657
1185,19.748013910158242,860,611,848.0,846.0,-0.19917967927712857,-0.05101951586697104,-11.41215498734881,8.488952055370643,-0.19917967927712876,False,-11.412154987348822,-0.05101951586696529,False,-2.9232029319778485
1186,19.764678900799726,858,611,846.0,846.0,-0.20363433808601145,-0.05101951586697104,-11.667388136268574,8.744185204290385,-0.20363433808601128,False,-11.667388136268565,-0.05101951586696529,False,-2.9232029319778485
1187,19.78134389144121,858,611,845.0,846.0,-0.20363433808601145,-0.055262822949821336,-11.667388136268574,8.501061617265108,-0.20363433808601128,False,-11.667388136268565,-0.05526282294982465,False,-3.166326519003659
1188,19.798008882082694,857,610,843.0,846.0,-0.2063238940297175,-0.05925259366343235,-11.821488340607255,8.426564798488977,-0.20632389402971762,False,-11.821488340607264,-0.05925259366342672,False,-3.394923542117956
1189,19.81467387272418,857,610,843.0,846.0,-0.2063238940297175,-0.05925259366343235,-11.821488340607255,8.426564798488977,-0.20632389402971762,False,-11.821488340607264,-0.05925259366342672,False,-3.394923542117956
1190,19.831338863365662,857,611,844.0,846.0,-0.20585860946421414,-0.055262822949821336,-11.794829498731335,8.628502979727864,-0.2058586094642143,False,-11.794829498731344,-0.05526282294982465,False,-3.166326519003659
1191,19.848003854007146,858,611,845.0,846.0,-0.20363433808601145,-0.055262822949821336,-11.667388136268574,8.501061617265108,-0.20363433808601128,False,-11.667388136268565,-0.05526282294982465,False,-3.166326519003659
1192,19.86466884464863,860,611,847.0,846.0,-0.19917967927712857,-0.055262822949821336,-11.41215498734881,8.24582846834534,-0.19917967927712876,False,-11.412154987348822,-0.05526282294982465,False,-3.166326519003659
1193,19.881333835290114,862,611,850.0,846.0,-0.19471699482730398,-0.05101951586697104,-11.1564620030752,8.233259071097033,-0.19471699482730376,False,-11.156462003075188,-0.05101951586696529,False,-2.9232029319778485
1194,19.897998825931598,864,611,854.0,846.0,-0.1902464412560668,-0.0425275346197842,-10.90031815135617,8.463669904546048,-0.19024644125606693,False,-10.90031815135618,-0.042527534619789975,False,-2.4366482468104618
1195,19.914663816573082,867,611,859.0,847.0,-0.1835262031320882,-0.033885329904117606,-10.515276869529284,8.573790478614907,-0.18352620313208812,False,-10.515276869529279,-0.03388532990411974,False,-1.9414863909144997
1196,19.931328807214562,869,612,863.0,847.0,-0.17863100651394934,-0.025526369158899505,-10.234802763423213,8.772249544325371,-0.17863100651394914,False,-10.234802763423202,-0.025526369158892948,False,-1.462553219097475
1197,19.947993797856046,873,612,869.0,847.0,-0.16964977229852404,-0.017019633058136616,-9.720215948060854,8.745062804968295,-0.16964977229852396,False,-9.72021594806085,-0.017019633058136918,False,-0.9751531430925798
1198,19.96465878849753,876,612,874.0,848.0,-0.16289558321743208,-0.008474373402970617,-9.333229419680942,8.84768358967281,-0.16289558321743192,False,-9.333229419680933,-0.00847437340297219,False,-0.48554583000822377
1199,19.981323779139014,880,612,881.0,848.0,-0.15386671909820535,0.004237262776246715,-8.815913611852146,9.05869088561897,-0.15386671909820526,False,-8.815913611852142,0.0042372627762468085,False,0.24277727376682823
1200,19.9979887697805,884,612,887.0,848.0,-0.14481249823893905,0.012711179763426197,-8.297144969836873,9.025441922913293,-0.14481249823893894,False,-8.297144969836868,0.012711179763432057,False,0.728296953076757
1201,20.014653760421982,888,612,894.0,848.0,-0.13573430421084387,0.0254182532590757,-7.777002766426152,9.233361400765837,-0.13573430421084387,False,-7.777002766426152,0.02541825325907965,False,1.4563586343399137
1202,20.031318751063466,892,612,901.0,848.0,-0.126633543722276,0.03811712217263136,-7.255567600071796,9.439517827748105,-0.1266335437222761,False,-7.255567600071801,0.03811712217262553,False,2.183950227675974
1203,20.04798374170495,896,612,907.0,847.0,-0.11751164543144539,0.04677436912252888,-6.732921326859603,9.412895266967539,-0.11751164543144554,False,-6.7329213268596115,0.04677436912253441,False,2.6799739401082574
1204,20.064648732346434,900,612,914.0,848.0,-0.10837005870714646,0.05925259366343235,-6.20914698950445,9.604070531622718,-0.10837005870714655,False,-6.209146989504456,0.05925259366343383,False,3.3949235421183634
1205,20.081313722987918,904,612,921.0,847.0,-0.09921025233990993,0.07221463115270767,-5.684328743504739,9.821922327648853,-0.0992102523399101,False,-5.684328743504748,0.07221463115270765,False,4.137593584144104
1206,20.097978713629402,907,612,927.0,847.0,-0.09232933473159899,0.08490179344972196,-5.290081205371269,10.1545956431318,-0.09232933473159921,False,-5.2900812053712825,0.08490179344972049,False,4.864514437760442
1207,20.114643704270886,911,612,933.0,847.0,-0.08314123188844123,0.09334495938239547,-4.763641690726178,10.11191390215753,-0.08314123188844125,False,-4.763641690726179,0.09334495938239584,False,5.348272211431377
1208,20.13130869491237,914,612,940.0,846.0,-0.07624082387413857,0.11065722117389565,-4.368277434588386,10.708469180498282,-0.07624082387413855,False,-4.368277434588386,0.11065722117389853,False,6.340191745910075
1209,20.147973685553854,918,612,944.0,845.0,-0.06702906403509112,0.11112825269817407,-3.840482473922857,10.207662338191527,-0.06702906403509123,False,-3.8404824739228633,0.11112825269816895,False,6.367179864268384
1210,20.164638676195338,921,612,949.0,845.0,-0.060112673986167924,0.11959815938954396,-3.4442025146532766,10.296672285207073,-0.06011267398616793,False,-3.444202514653277,0.11959815938954321,False,6.8524697705537445
1211,20.181303666836822,923,611,954.0,844.0,-0.05562700691553125,0.13227039651549488,-3.187192723204984,10.765728198064737,-0.05562700691553113,False,-3.1871927232049773,0.13227039651549788,False,7.5785354748599385
1212,20.197968657478302,925,611,957.0,844.0,-0.05099982094137117,0.13648520124556013,-2.9220744958634812,10.74210049322775,-0.05099982094137134,False,-2.922074495863491,0.1364852012455664,False,7.820025997364642
1213,20.214633648119786,927,611,961.0,844.0,-0.046370448155381896,0.14490004858016167,-2.656830973433576,10.95899220831744,-0.046370448155381716,False,-2.6568309734335656,0.14490004858015837,False,8.302161234883672
1214,20.23129863876127,928,611,963.0,843.0,-0.04405500325199272,0.14973294003362475,-2.5241657527742998,11.103231270786445,-0.04405500325199263,False,-2.5241657527742944,0.14973294003361914,False,8.57906551801182
1215,20.247963629402754,929,611,964.0,843.0,-0.04173908556422204,0.14973294003362475,-2.391473443565343,10.970538961577473,-0.04173908556422212,False,-2.391473443565348,0.14973294003361914,False,8.57906551801182
1216,20.26462862004424,929,611,965.0,843.0,-0.04173908556422204,0.15394466445834992,-2.391473443565343,11.211852995586396,-0.04173908556422212,False,-2.391473443565348,0.1539446644583542,False,8.820379552021302
1217,20.281293610685722,929,611,966.0,843.0,-0.04173908556422204,0.1581508910119546,-2.391473443565343,11.452852024783803,-0.04173908556422212,False,-2.391473443565348,0.15815089101196023,False,9.061378581218786
1218,20.297958601327206,929,611,964.0,843.0,-0.04173908556422204,0.14973294003362475,-2.391473443565343,10.970538961577473,-0.04173908556422212,False,-2.391473443565348,0.14973294003361914,False,8.57906551801182
1219,20.31462359196869,928,611,962.0,844.0,-0.04405500325199272,0.14490004858016167,-2.5241657527742998,10.826326987658168,-0.04405500325199263,False,-2.5241657527742944,0.14490004858015837,False,8.302161234883672
1220,20.331288582610174,927,611,961.0,843.0,-0.046370448155381896,0.14551585665996639,-2.656830973433576,10.994275412280302,-0.046370448155381716,False,-2.6568309734335656,0.1455158566599728,False,8.337444438847093
1221,20.347953573251658,926,611,957.0,844.0,-0.04868539559949645,0.13227039651549488,-2.789467691775937,10.368003166635706,-0.048685395599496584,False,-2.7894676917759447,0.13227039651549788,False,7.5785354748599385
1222,20.364618563893142,923,611,955.0,844.0,-0.05562700691553125,0.13648520124556013,-3.187192723204984,11.007218720569263,-0.05562700691553113,False,-3.1871927232049773,0.1364852012455664,False,7.820025997364642
1223,20.381283554534626,921,611,951.0,844.0,-0.06025180963182274,0.12805085945066697,-3.4521743999291257,10.788948209475228,-0.06025180963182253,False,-3.4521743999291132,0.12805085945067063,False,7.336773809546318
1224,20.39794854517611,919,611,946.0,845.0,-0.06487403325428094,0.11487660541689913,-3.7170083054616514,10.298952960639673,-0.06487403325428076,False,-3.7170083054616407,0.11487660541689948,False,6.581944655178031
1225,20.414613535817594,916,612,942.0,845.0,-0.0716364662539264,0.11112825269817407,-4.10446717558133,10.471647039850017,-0.07163646625392639,False,-4.104467175581329,0.11112825269816895,False,6.367179864268384
1226,20.431278526459078,913,612,937.0,846.0,-0.07854180092607252,0.10220671810725354,-4.500113708420656,10.35612729384961,-0.07854180092607255,False,-4.500113708420658,0.1022067181072579,False,5.856013585429207
1227,20.447943517100562,910,612,931.0,846.0,-0.08543963810742379,0.08950381835161035,-4.8953306666805,10.023521708533329,-0.08543963810742383,False,-4.895330666680502,0.0895038183516057,False,5.128191041852571
1228,20.464608507742042,906,612,925.0,847.0,-0.09462398077004538,0.08067557996359599,-5.421554738850662,10.043924980534914,-0.09462398077004552,False,-5.42155473885067,0.08067557996360009,False,4.6223702416844725
1229,20.481273498383526,903,612,920.0,847.0,-0.10150183100595321,0.07221463115270767,-5.815626529491238,9.953220113635343,-0.10150183100595322,False,-5.815626529491239,0.07221463115270765,False,4.137593584144104
1230,20.49793848902501,899,612,914.0,847.0,-0.11065722117389565,0.06374331253268707,-6.34019174590991,9.992414526216251,-0.11065722117389587,False,-6.340191745909922,0.06374331253268295,False,3.6522227803060994
1231,20.514603479666494,896,612,908.0,847.0,-0.11751164543144539,0.05101951586697104,-6.732921326859603,9.65612425883779,-0.11751164543144554,False,-6.7329213268596115,0.0510195158669724,False,2.9232029319782558
1232,20.531268470307978,892,612,901.0,847.0,-0.126633543722276,0.038279164626336314,-7.255567600071796,9.448802176447346,-0.1266335437222761,False,-7.255567600071801,0.03827916462633496,False,2.193234576375468
1233,20.547933460949462,889,612,895.0,847.0,-0.1334611742531784,0.025526369158899505,-7.6467620135671694,9.109315232665011,-0.1334611742531786,False,-7.646762013567181,0.025526369158900053,False,1.462553219097882
1234,20.564598451590946,885,612,890.0,848.0,-0.1425451426534147,0.021183271578959544,-8.167235064130915,9.380947121884713,-0.14254514265341456,False,-8.167235064130907,0.021183271578966156,False,1.2137120577541882
1235,20.58126344223243,882,612,885.0,847.0,-0.1493426923437017,0.012765264026655657,-8.55670597241482,9.288101725512364,-0.1493426923437018,False,-8.556705972414825,0.01276526402665823,False,0.7313957530976913
1236,20.597928432873914,879,612,879.0,847.0,-0.15612636584334216,0.0,-8.94538183353896,8.945381833538965,-0.15612636584334227,False,-8.945381833538965,3.552713678800501e-15,False,2.0355549961366507e-13
1237,20.614593423515398,876,612,875.0,847.0,-0.16289558321743208,-0.004255293464476131,-9.333229419680942,9.089419063576859,-0.16289558321743192,False,-9.333229419680933,-0.0042552934644781715,False,-0.24381035610420151
1238,20.631258414156882,874,611,871.0,847.0,-0.16778123996787722,-0.012711179763426197,-9.613156931631048,8.884859978554628,-0.1677812399678773,False,-9.613156931631053,-0.012711179763424951,False,-0.7282969530763499
1239,20.647923404798366,872,611,867.0,847.0,-0.1722887289454206,-0.021183271578959544,-9.871417026246023,8.657704968492208,-0.17228872894542047,False,-9.871417026246016,-0.02118327157895905,False,-1.213712057753781
1240,20.66458839543985,869,611,864.0,847.0,-0.17903667334559392,-0.021183271578959544,-10.258045760764892,9.044333703011086,-0.17903667334559392,False,-10.258045760764892,-0.02118327157895905,False,-1.213712057753781
1241,20.681253386081334,868,611,862.0,847.0,-0.181282361853339,-0.0254182532590757,-10.386714234359717,8.93035560002002,-0.1812823618533388,False,-10.386714234359705,-0.025418253259072543,False,-1.4563586343395065
1242,20.697918376722818,867,611,859.0,846.0,-0.1835262031320882,-0.03402941174160484,-10.515276869529284,8.565535197422403,-0.18352620313208812,False,-10.515276869529279,-0.034029411741610005,False,-1.9497416721071816
1243,20.714583367364302,866,611,857.0,846.0,-0.1857681768934969,-0.038279164626336314,-10.643732503837072,8.450497927461516,-0.18576817689349667,False,-10.64373250383706,-0.038279164626342066,False,-2.1932345763758754
1244,20.731248358005786,866,611,857.0,846.0,-0.1857681768934969,-0.038279164626336314,-10.643732503837072,8.450497927461516,-0.18576817689349667,False,-10.64373250383706,-0.038279164626342066,False,-2.1932345763758754
1245,20.747913348647266,866,611,857.0,846.0,-0.1857681768934969,-0.038279164626336314,-10.643732503837072,8.450497927461516,-0.18576817689349667,False,-10.64373250383706,-0.038279164626342066,False,-2.1932345763758754
1246,20.76457833928875,865,611,857.0,846.0,-0.18800826295807227,-0.03402941174160484,-10.772079981083312,8.822338308976429,-0.18800826295807216,False,-10.772079981083305,-0.034029411741610005,False,-1.9497416721071816
1247,20.781243329930234,866,611,859.0,846.0,-0.1857681768934969,-0.02977842886416136,-10.643732503837072,8.937554209390088,-0.18576817689349667,False,-10.64373250383706,-0.029778428864158712,False,-1.706178294446844
1248,20.797908320571718,867,611,861.0,846.0,-0.1835262031320882,-0.025526369158899505,-10.515276869529284,9.052723650431423,-0.18352620313208812,False,-10.515276869529279,-0.025526369158892948,False,-1.462553219097475
1249,20.814573311213202,869,611,863.0,847.0,-0.17903667334559392,-0.0254182532590757,-10.258045760764892,8.801687126425207,-0.17903667334559392,False,-10.258045760764892,-0.025418253259072543,False,-1.4563586343395065
1250,20.831238301854686,870,611,866.0,847.0,-0.17678915800514064,-0.01694752980640491,-10.129272617366011,9.15825068628685,-0.17678915800514083,False,-10.129272617366022,-0.01694752980639791,False,-0.9710219310787653
1251,20.84790329249617,872,611,869.0,847.0,-0.1722887289454206,-0.012711179763426197,-9.871417026246023,9.143120073169614,-0.17228872894542047,False,-9.871417026246016,-0.012711179763424951,False,-0.7282969530763499
1252,20.864568283137654,874,612,872.0,847.0,-0.16740008074009127,-0.008510432828888926,-9.591318116556447,9.103706233631529,-0.16740008074009127,False,-9.591318116556447,-0.008510432828895631,False,-0.48761188292530155
1253,20.881233273779138,877,612,877.0,847.0,-0.1606408191438736,0.0,-9.204040954468315,9.204040954468311,-0.16064081914387351,False,-9.204040954468311,3.552713678800501e-15,False,2.0355549961366507e-13
1254,20.897898264420622,879,612,881.0,847.0,-0.15612636584334216,0.008510432828888926,-8.94538183353896,9.432993716463885,-0.15612636584334227,False,-8.945381833538965,0.008510432828888526,False,0.48761188292489444
1255,20.914563255062106,882,612,886.0,848.0,-0.1493426923437017,0.01694752980640491,-8.55670597241482,9.527727903493998,-0.1493426923437018,False,-8.556705972414825,0.016947529806405015,False,0.9710219310791725
1256,20.93122824570359,885,612,891.0,847.0,-0.1425451426534147,0.025526369158899505,-8.167235064130915,9.629788283228764,-0.14254514265341456,False,-8.167235064130907,0.025526369158900053,False,1.462553219097882
1257,20.947893236345074,888,612,895.0,847.0,-0.13573430421084387,0.02977842886416136,-7.777002766426152,9.483181060873148,-0.13573430421084387,False,-7.777002766426152,0.029778428864165818,False,1.7061782944472512
1258,20.964558226986558,891,612,900.0,847.0,-0.12891077168399143,0.038279164626336314,-7.386043151267269,9.579277727642802,-0.12891077168399123,False,-7.386043151267257,0.03827916462633496,False,2.193234576375468
1259,20.98122321762804,894,612,906.0,847.0,-0.12207514668713045,0.05101951586697104,-6.994390688613008,9.917593620591196,-0.1220751466871306,False,-6.9943906886130165,0.0510195158669724,False,2.9232029319782558
1260,20.997888208269526,897,612,910.0,847.0,-0.11522803748818075,0.055262822949821336,-6.602080229647989,9.768406748651465,-0.11522803748818067,False,-6.602080229647984,0.05526282294981755,False,3.1663265190032517
1261,21.014553198911006,900,612,916.0,847.0,-0.10837005870714646,0.06798019333723407,-6.20914698950445,10.104125158211332,-0.10837005870714655,False,-6.209146989504456,0.06798019333723815,False,3.894978168707105
1262,21.03121818955249,903,612,921.0,847.0,-0.10150183100595321,0.07644647637726203,-5.815626529491238,10.195686984554891,-0.10150183100595322,False,-5.815626529491239,0.0764464763772601,False,4.380060455063551
1263,21.047883180193974,906,612,925.0,846.0,-0.09462398077004538,0.08101884384778495,-5.421554738850662,10.063592552358195,-0.09462398077004552,False,-5.42155473885067,0.08101884384779012,False,4.642037813507829
1264,21.064548170835458,908,612,929.0,846.0,-0.09003371320619155,0.08950381835161035,-5.1585517806060395,10.286742822458885,-0.09003371320619147,False,-5.158551780606034,0.0895038183516057,False,5.128191041852571
1265,21.081213161476942,911,612,934.0,846.0,-0.08314123188844123,0.09797589067169137,-4.763641690726178,10.37724672024927,-0.08314123188844125,False,-4.763641690726179,0.09797589067169454,False,5.61360502952327
1266,21.097878152118426,913,611,937.0,845.0,-0.07872328137756779,0.10220671810725354,-4.510511772355463,10.366525357784429,-0.07872328137756757,False,-4.510511772355451,0.1022067181072579,False,5.856013585429207
1267,21.11454314275991,915,611,940.0,845.0,-0.07410996321819356,0.10643387697397651,-4.246188112272259,10.344400060095753,-0.07410996321819363,False,-4.246188112272264,0.10643387697396989,False,6.098211947823108
1268,21.131208133401394,916,611,943.0,845.0,-0.07180210612994489,0.11487660541689913,-4.113957641396259,10.695902296574282,-0.07180210612994475,False,-4.113957641396251,0.11487660541689948,False,6.581944655178031
1269,21.147873124042878,918,611,945.0,844.0,-0.06718411688548437,0.11536528431593691,-3.8493663478518636,10.459310241481838,-0.06718411688548453,False,-3.849366347851873,0.1153652843159314,False,6.60994389362966
1270,21.164538114684362,919,611,947.0,845.0,-0.06487403325428094,0.11909188524916606,-3.7170083054616514,10.540470704495185,-0.06487403325428076,False,-3.7170083054616407,0.11909188524916559,False,6.823462399033493
1271,21.181203105325846,919,611,949.0,844.0,-0.06487403325428094,0.12805085945066697,-3.7170083054616514,11.053782115007756,-0.06487403325428076,False,-3.7170083054616407,0.12805085945067063,False,7.336773809546318
1272,21.19786809596733,920,611,949.0,844.0,-0.0625632560443533,0.12382673257793958,-3.5846105239377812,10.679359691548825,-0.0625632560443532,False,-3.584610523937776,0.12382673257794252,False,7.0947491676112024
1273,21.214533086608814,920,611,948.0,845.0,-0.0625632560443533,0.11909188524916606,-3.5846105239377812,10.408072922971293,-0.0625632560443532,False,-3.584610523937776,0.11909188524916559,False,6.823462399033493
1274,21.231198077250298,920,611,948.0,844.0,-0.0625632560443533,0.11959815938954396,-3.5846105239377812,10.43708029449157,-0.0625632560443532,False,-3.584610523937776,0.11959815938954321,False,6.8524697705537445
1275,21.24786306789178,919,611,947.0,844.0,-0.06487403325428094,0.11959815938954396,-3.7170083054616514,10.569478076015436,-0.06487403325428076,False,-3.7170083054616407,0.11959815938954321,False,6.8524697705537445
1276,21.264528058533266,918,611,946.0,845.0,-0.06718411688548437,0.11909188524916606,-3.8493663478518636,10.672828746885392,-0.06718411688548453,False,-3.849366347851873,0.11909188524916559,False,6.823462399033493
1277,21.281193049174746,917,611,944.0,845.0,-0.06949348260608258,0.11487660541689913,-3.9816832569943292,10.56362791217234,-0.06949348260608268,False,-3.9816832569943346,0.11487660541689948,False,6.581944655178031
1278,21.29785803981623,916,611,941.0,845.0,-0.07180210612994489,0.10643387697397651,-4.113957641396259,10.21216958921974,-0.07180210612994475,False,-4.113957641396251,0.10643387697396989,False,6.098211947823108
1279,21.314523030457714,914,611,939.0,845.0,-0.0764170296806991,0.10643387697397651,-4.378373283630004,10.476585231453486,-0.07641702968069897,False,-4.378373283629996,0.10643387697396989,False,6.098211947823108
1280,21.331188021099198,912,611,936.0,845.0,-0.08102869422062124,0.10220671810725354,-4.642602198297682,10.49861578372664,-0.08102869422062131,False,-4.642602198297687,0.1022067181072579,False,5.856013585429207
1281,21.347853011740682,910,611,932.0,845.0,-0.08563690725996642,0.09374154154424845,-4.906633356549315,10.277628052085024,-0.08563690725996631,False,-4.9066333565493085,0.09374154154425085,False,5.370994695535844
1282,21.364518002382166,908,611,929.0,846.0,-0.09024147718332069,0.08912496898942472,-5.170455779630392,10.276940351958766,-0.09024147718332065,False,-5.170455779630389,0.08912496898942734,False,5.106484572328529
1283,21.38118299302365,906,612,925.0,846.0,-0.09462398077004538,0.08101884384778495,-5.421554738850662,10.063592552358195,-0.09462398077004552,False,-5.42155473885067,0.08101884384779012,False,4.642037813507829
1284,21.397847983665134,903,611,921.0,846.0,-0.10173571431517732,0.07644647637726203,-5.829027056008333,10.209087511071989,-0.10173571431517736,False,-5.829027056008335,0.0764464763772601,False,4.380060455063551
1285,21.414512974306618,901,612,917.0,847.0,-0.10608175742437517,0.06798019333723407,-6.078036983747284,9.973015152454142,-0.10608175742437531,False,-6.078036983747292,0.06798019333723815,False,3.894978168707105
1286,21.431177964948102,898,612,913.0,847.0,-0.11294322176383684,0.06374331253268707,-6.471169931677956,10.123392711984298,-0.11294322176383664,False,-6.471169931677945,0.06374331253268295,False,3.6522227803060994
1287,21.447842955589586,896,612,908.0,846.0,-0.11751164543144539,0.05123716740341881,-6.732921326859603,9.668594773280775,-0.11751164543144554,False,-6.7329213268596115,0.05123716740341777,False,2.9356734464211134
1288,21.46450794623107,893,612,904.0,847.0,-0.12435499454676144,0.04677436912252888,-7.125016348901798,9.804990289009739,-0.12435499454676124,False,-7.125016348901787,0.04677436912253441,False,2.6799739401082574
1289,21.481172936872554,891,612,899.0,847.0,-0.12891077168399143,0.03402941174160484,-7.386043151267269,9.335784823374158,-0.12891077168399123,False,-7.386043151267257,0.0340294117416029,False,1.9497416721067744
1290,21.497837927514038,888,612,895.0,847.0,-0.13573430421084387,0.02977842886416136,-7.777002766426152,9.483181060873148,-0.13573430421084387,False,-7.777002766426152,0.029778428864165818,False,1.7061782944472512
1291,21.51450291815552,885,612,891.0,847.0,-0.1425451426534147,0.025526369158899505,-8.167235064130915,9.629788283228764,-0.14254514265341456,False,-8.167235064130907,0.025526369158900053,False,1.462553219097882
1292,21.531167908797006,883,612,887.0,847.0,-0.1470783553884025,0.017019633058136616,-8.426969021480673,9.402122164573242,-0.1470783553884023,False,-8.426969021480662,0.017019633058129813,False,0.9751531430921727
1293,21.54783289943849,881,612,883.0,847.0,-0.15160548743827282,0.008510432828888926,-8.686354581236651,9.173966464161573,-0.15160548743827285,False,-8.686354581236653,0.008510432828888526,False,0.48761188292489444
1294,21.56449789007997,879,611,880.0,847.0,-0.1564827300744414,0.004237262776246715,-8.965799999950372,9.208577273717196,-0.15648273007444136,False,-8.965799999950368,0.0042372627762468085,False,0.24277727376682823
1295,21.581162880721454,878,611,878.0,847.0,-0.15874575173461156,0.0,-9.09546159002481,9.095461590024811,-0.15874575173461158,False,-9.095461590024811,3.552713678800501e-15,False,2.0355549961366507e-13
1296,21.597827871362938,877,611,875.0,846.0,-0.16100713482882623,-0.008510432828888926,-9.225029297185545,8.737417414260637,-0.161007134828826,False,-9.225029297185532,-0.008510432828895631,False,-0.48761188292530155
1297,21.614492862004422,875,611,874.0,846.0,-0.16552490012072874,-0.004255293464476131,-9.483878181242247,9.240067825138167,-0.16552490012072862,False,-9.483878181242241,-0.0042552934644781715,False,-0.24381035610420151
1298,21.631157852645906,875,611,872.0,847.0,-0.16552490012072874,-0.012711179763426197,-9.483878181242247,8.755581228165815,-0.16552490012072862,False,-9.483878181242241,-0.012711179763424951,False,-0.7282969530763499
1299,21.64782284328739,874,611,871.0,846.0,-0.16778123996787722,-0.012765264026655657,-9.613156931631048,8.881761178533514,-0.1677812399678773,False,-9.613156931631053,-0.012765264026651124,False,-0.7313957530972842
1300,21.664487833928874,873,611,871.0,847.0,-0.1700358565500588,-0.008474373402970617,-9.742336946210264,9.256791116202143,-0.17003585655005882,False,-9.742336946210264,-0.00847437340297219,False,-0.48554583000822377
1301,21.681152824570358,873,611,871.0,846.0,-0.1700358565500588,-0.008510432828888926,-9.742336946210264,9.254725063285345,-0.17003585655005882,False,-9.742336946210264,-0.008510432828895631,False,-0.48761188292530155
1302,21.69781781521184,873,611,871.0,847.0,-0.1700358565500588,-0.008474373402970617,-9.742336946210264,9.256791116202143,-0.17003585655005882,False,-9.742336946210264,-0.00847437340297219,False,-0.48554583000822377
1303,21.714482805853326,873,611,872.0,847.0,-0.1700358565500588,-0.004237262776246715,-9.742336946210264,9.499559672443436,-0.17003585655005882,False,-9.742336946210264,-0.004237262776239703,False,-0.2427772737664211
1304,21.73114779649481,874,611,873.0,847.0,-0.16778123996787722,-0.004237262776246715,-9.613156931631048,9.370379657864225,-0.1677812399678773,False,-9.613156931631053,-0.004237262776239703,False,-0.2427772737664211
1305,21.747812787136294,875,611,875.0,846.0,-0.16552490012072874,0.0,-9.483878181242247,9.483878181242241,-0.16552490012072862,False,-9.483878181242241,3.552713678800501e-15,False,2.0355549961366507e-13
