frame,time_s,Gx,Gy,Bx,By,theta1_rad,theta2_rel_rad,theta1_deg,theta2_rel_deg,theta1_rad_filled,theta1_interpolated,theta1_deg_filled,theta2_rel_rad_filled,theta2_rel_interpolated,theta2_rel_deg_filled
0,0.0,1258,169,1238.0,416.0,1.6061513633322764,-0.08079539168745574,92.02569437812268,-96.65492932592028,1.6061513633322768,False,92.02569437812271,-0.08079539168745553,False,-4.629234947797577
1,0.016664995436915356,1259,169,1238.0,417.0,1.606038139860505,-0.08447589909727816,92.01920715104836,-96.85931963989542,1.6060381398605053,False,92.01920715104838,-0.08447589909727826,False,-4.840112488847045
2,0.03332999087383071,1258,169,1238.0,417.0,1.6061513633322764,-0.08047101126546087,92.02569437812268,-96.6363436967833,1.6061513633322768,False,92.02569437812271,-0.08047101126546075,False,-4.610649318660602
3,0.049994986310746066,1259,170,1238.0,417.0,1.6028366403423637,-0.08481627219789932,91.8357747405457,-96.69538917151812,1.602836640342364,False,91.83577474054572,-0.08481627219789933,False,-4.859614430972415
4,0.06665998174766143,1259,170,1238.0,417.0,1.6028366403423637,-0.08481627219789932,91.8357747405457,-96.69538917151812,1.602836640342364,False,91.83577474054572,-0.08481627219789933,False,-4.859614430972415
5,0.08332497718457678,1258,170,1238.0,417.0,1.6029395930249468,-0.08079539168745574,91.84167349474727,-96.47090844254485,1.6029395930249466,False,91.84167349474725,-0.08079539168745553,False,-4.629234947797577
6,0.09998997262149213,1258,170,1238.0,418.0,1.6029395930249468,-0.08047101126546087,91.84167349474727,-96.45232281340787,1.6029395930249466,False,91.84167349474725,-0.08047101126546075,False,-4.610649318660602
7,0.11665496805840748,1259,170,1238.0,417.0,1.6028366403423637,-0.08481627219789932,91.8357747405457,-96.69538917151812,1.602836640342364,False,91.83577474054572,-0.08481627219789933,False,-4.859614430972415
8,0.13331996349532285,1258,170,1238.0,417.0,1.6029395930249468,-0.08079539168745574,91.84167349474727,-96.47090844254485,1.6029395930249466,False,91.84167349474725,-0.08079539168745553,False,-4.629234947797577
9,0.1499849589322382,1259,170,1238.0,417.0,1.6028366403423637,-0.08481627219789932,91.8357747405457,-96.69538917151812,1.602836640342364,False,91.83577474054572,-0.08481627219789933,False,-4.859614430972415
10,0.16664995436915356,1259,170,1238.0,418.0,1.6028366403423637,-0.08447589909727816,91.8357747405457,-96.67588722939274,1.602836640342364,False,91.83577474054572,-0.08447589909727826,False,-4.840112488847045
11,0.1833149498060689,1259,170,1237.0,418.0,1.6028366403423637,-0.08847807248097564,91.8357747405457,-96.90519487315821,1.602836640342364,False,91.83577474054572,-0.08847807248097572,False,-5.0694201326125015
12,0.19997994524298426,1259,171,1237.0,418.0,1.5996344836660155,-0.0888344054752883,91.6523046776513,-96.74214118693918,1.5996344836660157,False,91.65230467765132,-0.08883440547528831,False,-5.089836509287872
13,0.21664494067989962,1259,171,1238.0,418.0,1.5996344836660155,-0.08481627219789932,91.6523046776513,-96.51191910862373,1.5996344836660157,False,91.65230467765132,-0.08481627219789933,False,-4.859614430972415
14,0.23330993611681497,1258,171,1237.0,418.0,1.5997271592086744,-0.08481627219789932,91.65761459510975,-96.51722902608216,1.5997271592086744,False,91.65761459510975,-0.08481627219789933,False,-4.859614430972415
15,0.24997493155373032,1259,171,1237.0,418.0,1.5996344836660155,-0.0888344054752883,91.6523046776513,-96.74214118693918,1.5996344836660157,False,91.65230467765132,-0.08883440547528831,False,-5.089836509287872
16,0.2666399269906457,1259,171,1238.0,418.0,1.5996344836660155,-0.08481627219789932,91.6523046776513,-96.51191910862373,1.5996344836660157,False,91.65230467765132,-0.08481627219789933,False,-4.859614430972415
17,0.28330492242756106,1259,171,1237.0,419.0,1.5996344836660155,-0.08847807248097564,91.6523046776513,-96.72172481026381,1.5996344836660157,False,91.65230467765132,-0.08847807248097572,False,-5.0694201326125015
18,0.2999699178644764,1259,172,1237.0,419.0,1.596431735316574,-0.0888344054752883,91.46880071438582,-96.5586372236737,1.5964317353165738,False,91.46880071438581,-0.08883440547528831,False,-5.089836509287872
19,0.31663491330139176,1259,172,1238.0,419.0,1.596431735316574,-0.08481627219789932,91.46880071438582,-96.32841514535824,1.5964317353165738,False,91.46880071438581,-0.08481627219789933,False,-4.859614430972415
20,0.3332999087383071,1259,172,1238.0,419.0,1.596431735316574,-0.08481627219789932,91.46880071438582,-96.32841514535824,1.5964317353165738,False,91.46880071438581,-0.08481627219789933,False,-4.859614430972415
21,0.34996490417522247,1259,172,1237.0,419.0,1.596431735316574,-0.0888344054752883,91.46880071438582,-96.5586372236737,1.5964317353165738,False,91.46880071438581,-0.08883440547528831,False,-5.089836509287872
22,0.3666298996121378,1259,172,1238.0,420.0,1.596431735316574,-0.08447589909727816,91.46880071438582,-96.30891320323286,1.5964317353165738,False,91.46880071438581,-0.08447589909727826,False,-4.840112488847045
23,0.3832948950490532,1259,172,1237.0,419.0,1.596431735316574,-0.0888344054752883,91.46880071438582,-96.5586372236737,1.5964317353165738,False,91.46880071438581,-0.08883440547528831,False,-5.089836509287872
24,0.39995989048596853,1259,172,1237.0,420.0,1.596431735316574,-0.08847807248097564,91.46880071438582,-96.53822084699833,1.5964317353165738,False,91.46880071438581,-0.08847807248097572,False,-5.0694201326125015
25,0.4166248859228839,1259,172,1237.0,420.0,1.596431735316574,-0.08847807248097564,91.46880071438582,-96.53822084699833,1.5964317353165738,False,91.46880071438581,-0.08847807248097572,False,-5.0694201326125015
26,0.43328988135979923,1259,172,1237.0,419.0,1.596431735316574,-0.0888344054752883,91.46880071438582,-96.5586372236737,1.5964317353165738,False,91.46880071438581,-0.08883440547528831,False,-5.089836509287872
27,0.4499548767967146,1259,172,1237.0,419.0,1.596431735316574,-0.0888344054752883,91.46880071438582,-96.5586372236737,1.5964317353165738,False,91.46880071438581,-0.08883440547528831,False,-5.089836509287872
28,0.46661987223362994,1259,172,1237.0,419.0,1.596431735316574,-0.0888344054752883,91.46880071438582,-96.5586372236737,1.5964317353165738,False,91.46880071438581,-0.08883440547528831,False,-5.089836509287872
29,0.4832848676705453,1259,172,1237.0,419.0,1.596431735316574,-0.0888344054752883,91.46880071438582,-96.5586372236737,1.5964317353165738,False,91.46880071438581,-0.08883440547528831,False,-5.089836509287872
30,0.49994986310746065,1259,172,1236.0,419.0,1.596431735316574,-0.09284966472255013,91.46880071438582,-96.78869463219267,1.5964317353165738,False,91.46880071438581,-0.09284966472255007,False,-5.319893917806847
31,0.516614858544376,1259,171,1237.0,419.0,1.5996344836660155,-0.08847807248097564,91.6523046776513,-96.72172481026381,1.5996344836660157,False,91.65230467765132,-0.08847807248097572,False,-5.0694201326125015
32,0.5332798539812914,1259,171,1237.0,418.0,1.5996344836660155,-0.0888344054752883,91.6523046776513,-96.74214118693918,1.5996344836660157,False,91.65230467765132,-0.08883440547528831,False,-5.089836509287872
33,0.5499448494182068,1259,171,1237.0,418.0,1.5996344836660155,-0.0888344054752883,91.6523046776513,-96.74214118693918,1.5996344836660157,False,91.65230467765132,-0.08883440547528831,False,-5.089836509287872
34,0.5666098448551221,1259,171,1238.0,418.0,1.5996344836660155,-0.08481627219789932,91.6523046776513,-96.51191910862373,1.5996344836660157,False,91.65230467765132,-0.08481627219789933,False,-4.859614430972415
35,0.5832748402920375,1259,171,1237.0,418.0,1.5996344836660155,-0.0888344054752883,91.6523046776513,-96.74214118693918,1.5996344836660157,False,91.65230467765132,-0.08883440547528831,False,-5.089836509287872
36,0.5999398357289528,1259,171,1237.0,418.0,1.5996344836660155,-0.0888344054752883,91.6523046776513,-96.74214118693918,1.5996344836660157,False,91.65230467765132,-0.08883440547528831,False,-5.089836509287872
37,0.6166048311658682,1259,171,1237.0,418.0,1.5996344836660155,-0.0888344054752883,91.6523046776513,-96.74214118693918,1.5996344836660157,False,91.65230467765132,-0.08883440547528831,False,-5.089836509287872
38,0.6332698266027835,1259,171,1237.0,419.0,1.5996344836660155,-0.08847807248097564,91.6523046776513,-96.72172481026381,1.5996344836660157,False,91.65230467765132,-0.08847807248097572,False,-5.0694201326125015
39,0.6499348220396989,1259,172,1237.0,419.0,1.596431735316574,-0.0888344054752883,91.46880071438582,-96.5586372236737,1.5964317353165738,False,91.46880071438581,-0.08883440547528831,False,-5.089836509287872
40,0.6665998174766142,1259,172,1237.0,420.0,1.596431735316574,-0.08847807248097564,91.46880071438582,-96.53822084699833,1.5964317353165738,False,91.46880071438581,-0.08847807248097572,False,-5.0694201326125015
41,0.6832648129135296,1259,172,1237.0,420.0,1.596431735316574,-0.08847807248097564,91.46880071438582,-96.53822084699833,1.5964317353165738,False,91.46880071438581,-0.08847807248097572,False,-5.0694201326125015
42,0.6999298083504449,1259,173,1236.0,420.0,1.593228460851906,-0.09284966472255013,91.28526660693832,-96.60516052474517,1.5932284608519058,False,91.28526660693831,-0.09284966472255007,False,-5.319893917806847
43,0.7165948037873603,1260,173,1237.0,421.0,1.5931568166168308,-0.09247740610091737,91.28116169464207,-96.579726764542,1.5931568166168306,False,91.28116169464205,-0.09247740610091748,False,-5.298565069899942
44,0.7332597992242756,1260,174,1236.0,421.0,1.5899633083784055,-0.09686192369459891,91.09818715074003,-96.64796657395878,1.5899633083784055,False,91.09818715074003,-0.09686192369459912,False,-5.549779423218755
45,0.749924794661191,1260,174,1236.0,421.0,1.5899633083784055,-0.09686192369459891,91.09818715074003,-96.64796657395878,1.5899633083784055,False,91.09818715074003,-0.09686192369459912,False,-5.549779423218755
46,0.7665897900981063,1260,175,1237.0,422.0,1.5867694090968238,-0.09284966472255013,90.91519020171555,-96.23508411952238,1.5867694090968243,False,90.91519020171557,-0.09284966472255007,False,-5.319893917806847
47,0.7832547855350217,1260,174,1236.0,422.0,1.5899633083784055,-0.0964737751825869,91.09818715074003,-96.6257273023962,1.5899633083784055,False,91.09818715074003,-0.09647377518258704,False,-5.52754015165618
48,0.7999197809719371,1260,175,1235.0,422.0,1.5867694090968238,-0.1008710567213119,90.91519020171555,-96.69467602687145,1.5867694090968243,False,90.91519020171557,-0.1008710567213118,False,-5.779485825155902
49,0.8165847764088524,1262,179,1235.0,427.0,1.5739709193049025,-0.1084438560410838,90.18189075249718,-96.39526601777557,1.5739709193049025,False,90.18189075249718,-0.10844385604108364,False,-6.213375265278369
50,0.8332497718457678,1266,188,1232.0,436.0,1.5457232123741316,-0.13624739720057955,88.56341636444157,-96.36981719367732,1.5457232123741314,False,88.56341636444155,-0.13624739720057955,False,-7.806400829235756
51,0.8499147672826831,1270,201,1229.0,449.0,1.5058722223680623,-0.16384063368712676,86.28012282767577,-95.66749965069707,1.5058722223680618,False,86.28012282767574,-0.16384063368712676,False,-9.387376823021302
52,0.8665797627195985,1276,221,1226.0,467.0,1.4468154437159042,-0.2005205496774143,82.89641865926882,-94.38539986142801,1.446815443715904,False,82.8964186592688,-0.20052054967741428,False,-11.4889812021592
53,0.8832447581565138,1281,246,1221.0,490.0,1.3757049103328203,-0.24111767845146836,78.82208521749396,-92.63711055875557,1.3757049103328205,False,78.82208521749396,-0.24111767845146836,False,-13.815025341261611
54,0.8999097535934292,1286,277,1216.0,519.0,1.2921071080120625,-0.28157118495615857,74.03228396794557,-90.16512449843097,1.292107108012063,False,74.0322839679456,-0.2815711849561584,False,-16.132840530485375
55,0.9165747490303445,1287,313,1211.0,554.0,1.1979195066246349,-0.30548165196198995,68.63573192598544,-86.13854130209177,1.1979195066246344,False,68.63573192598541,-0.30548165196199006,False,-17.502809376106335
56,0.9332397444672599,1284,356,1206.0,595.0,1.0895034905029677,-0.3154613291439348,62.423951770591614,-80.4985545301264,1.0895034905029677,False,62.423951770591614,-0.31546132914393477,False,-18.074602759534777
57,0.9499047399041752,1275,403,1201.0,643.0,0.9737030645822693,-0.2990844116129578,55.78907609951826,-72.92535060309424,0.9737030645822689,False,55.78907609951823,-0.2990844116129576,False,-17.13627450357598
58,0.9665697353410906,1257,453,1197.0,697.0,0.8487779981909811,-0.24111767845146836,48.63139703990584,-62.44642238116745,0.8487779981909811,False,48.63139703990584,-0.24111767845146836,False,-13.815025341261611
59,0.9832347307780059,1229,506,1196.0,753.0,0.7131556825218526,-0.13281671393988792,40.8608107442738,-48.47064790182575,0.7131556825218528,False,40.86081074427381,-0.1328167139398877,False,-7.609837157551933
60,0.9998997262149213,1187,558,1200.0,804.0,0.5657014686561778,0.05279641769902074,32.41230661835121,-29.387294710787526,0.5657014686561777,False,32.4123066183512,0.05279641769902055,False,3.0250119075636785
61,1.0165647216518368,1129,607,1202.0,835.0,0.40291159085351574,0.30986207885047,23.085133672808276,-5.331344323526425,0.4029115908535159,False,23.085133672808283,0.30986207885047,False,17.75378934928186
62,1.033229717088752,1056,644,1194.0,835.0,0.23073026355941112,0.6256761717353726,13.219870307895393,22.628733674443943,0.23073026355941106,False,13.21987030789539,0.6256761717353725,False,35.848603982339334
63,1.0498947125256675,979,664,1160.0,813.0,0.0660196174786768,0.8820656244191782,3.7826454465963018,46.755992086194226,0.0660196174786769,False,3.782645446596308,0.8820656244191785,False,50.53863753279053
64,1.0665597079625828,904,666,1109.0,785.0,-0.08824757048462985,1.0448475963935648,-5.056213341052543,64.92157084879227,-0.08824757048462972,False,-5.056213341052536,1.0448475963935646,False,59.86535750773971
65,1.0832247033994982,835,654,1048.0,764.0,-0.23203117949793847,1.094089758694875,-13.29440730067431,75.98113288237732,-0.2320311794979384,False,-13.294407300674305,1.0940897586948752,False,62.686725581703016
66,1.0998896988364135,772,630,981.0,750.0,-0.37089128881266237,1.0495915433002148,-21.25050550713324,81.38767115085814,-0.37089128881266253,False,-21.250505507133248,1.049591543300215,False,60.13716564372491
67,1.1165546942733289,718,597,908.0,744.0,-0.502198584440118,0.9123088296345804,-28.773859365863057,81.04530491644417,-0.502198584440118,False,-28.773859365863057,0.91230882963458,False,52.271445550581085
68,1.1332196897102442,673,558,829.0,743.0,-0.6272214845676646,0.7005583163021042,-35.93714388565708,76.0761787125586,-0.6272214845676647,False,-35.937143885657086,0.7005583163021041,False,40.13903482690154
69,1.1498846851471596,640,518,739.0,737.0,-0.7373731037556042,0.4245613803643576,-42.24836677165827,66.57394201078436,-0.7373731037556039,False,-42.24836677165826,0.42456138036435753,False,24.325575239126106
70,1.166549680584075,617,481,641.0,721.0,-0.8313246416838933,0.09966865249116202,-47.63139337371252,53.341986511212134,-0.8313246416838931,False,-47.631393373712505,0.09966865249116186,False,5.710593137499633
71,1.1832146760209903,603,452,540.0,685.0,-0.9017533286043231,-0.26407182004729196,-51.66665989090137,36.53645911385336,-0.9017533286043231,False,-51.66665989090137,-0.2640718200472918,False,-15.130200777047984
72,1.1998796714579056,595,434,447.0,625.0,-0.9457263103957112,-0.6592282888106326,-54.18612616015352,16.41512747567296,-0.9457263103957114,False,-54.186126160153535,-0.6592282888106324,False,-37.77099868448055
73,1.216544666894821,592,426,381.0,539.0,-0.9648123602455697,-1.079118677834244,-55.279676264126714,-6.549269569513057,-0.9648123602455696,False,-55.27967626412671,-1.079118677834244,False,-61.828945833639764
74,1.2332096623317363,592,426,353.0,438.0,-0.9648123602455697,-1.5206292499407577,-55.279676264126714,-31.84596196162268,-0.9648123602455696,False,-55.27967626412671,-1.5206292499407577,False,-87.1256382257494
75,1.2498746577686517,592,426,368.0,340.0,-0.9648123602455697,-1.9373717166390754,-55.279676264126714,-55.723546447307555,-0.9648123602455696,False,-55.27967626412671,-1.9373717166390754,False,-111.00322271143426
76,1.266539653205567,592,423,418.0,260.0,-0.9705441747852257,-2.3235651254655494,-55.60808504620072,-77.52239006676086,-0.9705441747852257,False,-55.60808504620072,-2.3235651254655494,False,-133.1304751129616
77,1.2832046486424824,590,418,485.0,201.0,-0.982793723247329,-2.6909313275091598,-56.309932474020215,-97.86907555179052,-0.9827937232473292,False,-56.30993247402022,-2.6909313275091598,False,-154.17900802581073
78,1.2998696440793978,588,410,567.0,171.0,-1.001009014828931,-3.053951625142745,-57.353591804246186,-117.624947153552,-1.0010090148289308,False,-57.35359180424617,-3.053951625142745,False,-174.97853895779818
79,1.316534639516313,585,402,653.0,169.0,-1.0206840767665946,2.8576337454376706,-58.480889814932794,-137.78875717732683,-1.0206840767665946,False,-58.480889814932794,2.8576337454376697,False,163.73035300774035
80,1.3331996349532285,582,392,733.0,197.0,-1.044597728828577,2.4826831941610714,-59.851041150828706,-157.9016899556836,-1.044597728828577,False,-59.851041150828706,2.482683194161071,False,142.24726889348767
81,1.3498646303901438,580,382,796.0,258.0,-1.067639373982329,2.091934470279015,-61.17123017117677,-178.9697536639001,-1.0676393739823293,False,-61.17123017117678,2.091934470279014,False,119.85901616492306
82,1.3665296258270592,579,374,,,-1.0856466558078595,,-62.20297142028229,,-1.0856466558078592,False,-62.202971420282275,1.7060107688262507,True,97.74721685761291
83,1.3831946212639745,579,373,825.0,436.0,-1.0877754691320143,1.3200870673734877,-62.32494343912758,137.96036098943037,-1.0877754691320143,False,-62.32494343912758,1.3200870673734872,False,75.63541755030278
84,1.3998596167008899,580,381,790.0,525.0,-1.0697330323205396,0.9697225722971473,-61.291187957698604,116.85219864889498,-1.0697330323205394,False,-61.29118795769859,0.9697225722971465,False,55.56101069119634
85,1.4165246121378052,584,398,734.0,605.0,-1.0299718042702344,0.6270706625890183,-59.01303740215893,94.94153982498175,-1.0299718042702342,False,-59.01303740215892,0.6270706625890172,False,35.928502422822774
86,1.4331896075747206,593,427,667.0,671.0,-0.9615886759096919,0.2944620446341066,-55.094972757198484,71.96640514152568,-0.9615886759096917,False,-55.09497275719847,0.2944620446341055,False,16.871432384327115
87,1.449854603011636,609,466,592.0,718.0,-0.8685393952858895,-0.0673582610567683,-49.76364169072618,45.90429761683295,-0.8685393952858895,False,-49.76364169072618,-0.06735826105676956,False,-3.8593440738933085
88,1.4665195984485513,638,515,522.0,731.0,-0.7450474063421771,-0.49283639699360077,-42.68807192057523,14.450626382407986,-0.7450474063421773,False,-42.68807192057524,-0.49283639699360204,False,-28.237445538167332
89,1.4831845938854666,683,567,485.0,699.0,-0.5986593937144006,-0.982793723247329,-34.30065662569584,-22.00927584832438,-0.5986593937144007,False,-34.300656625695844,-0.9827937232473296,False,-56.30993247402024
90,1.499849589322382,736,609,500.0,640.0,-0.45709952672532383,-1.4401881568490826,-26.189873698788436,-56.32682939338903,-0.4570995267253237,False,-26.18987369878843,-1.440188156849084,False,-82.51670309217754
91,1.5165145847592973,789,638,552.0,584.0,-0.3321940389321956,-1.79481997383282,-19.033316410219367,-83.80229307618208,-0.33219403893219557,False,-19.033316410219363,-1.794819973832821,False,-102.8356094864015
92,1.5331795801962127,842,655,624.0,540.0,-0.2175541191340084,-2.0562190779241694,-12.46493284206499,-105.34774207727165,-0.21755411913400824,False,-12.46493284206498,-2.0562190779241707,False,-117.81267491933673
93,1.549844575633128,894,665,703.0,506.0,-0.10884644904707894,-2.2650194046858174,-6.236442145383384,-123.53961025834819,-0.10884644904707885,False,-6.236442145383379,-2.265019404685818,False,-129.7760524037316
94,1.5665095710700434,949,666,782.0,481.0,0.004115203107111478,-2.407286350999867,0.23578376987661054,-138.1631317616175,0.004115203107111665,False,0.23578376987662122,-2.4072863509998683,False,-137.92734799174096
95,1.5831745665069588,1003,659,855.0,458.0,0.11638191247196057,-2.5069054191200633,6.668192396304299,-150.3032925503587,0.11638191247196072,False,6.668192396304307,-2.5069054191200646,False,-143.63510015405444
96,1.5998395619438741,1055,644,920.0,435.0,0.22868682567222423,-2.5680817891077257,13.102789941262454,-160.24303790154067,0.2286868256722241,False,13.102789941262445,-2.568081789107726,False,-147.14024796027826
97,1.6165045573807895,1103,622,,,0.3392926144540447,,19.44003482817619,,0.33929261445404446,False,19.44003482817618,-2.628447985436992,True,-150.5989762352033
98,1.6331695528177048,1144,595,1036.0,373.0,0.44320255163385036,-2.6888141817662574,25.393635678048575,-179.4513401881769,0.4432025516338505,False,25.39363567804858,-2.688814181766258,False,-154.05770451012836
99,1.6498345482546202,1179,566,1084.0,339.0,0.541181114746325,-2.7452385467289027,31.007393827149542,171.70202368865668,0.5411811147463252,False,31.007393827149556,-2.7452385467289027,False,-157.29058248419375
100,1.6664995436915355,1206,536,1133.0,303.0,0.6289632870818831,-2.8379748266360845,36.03694181846707,161.35907825091383,0.6289632870818833,False,36.036941818467085,-2.837974826636085,False,-162.60397993061915
101,1.6831645391284509,1227,508,1182.0,269.0,0.7066142024083045,-2.9554869366262304,40.48601154199874,150.17706058326965,0.7066142024083044,False,40.486011541998735,-2.9554869366262313,False,-169.33692787473166
102,1.6998295345653662,1243,481,1232.0,240.0,0.7770231498329039,-3.0959811565909168,44.52014706938679,138.09319920592245,0.7770231498329041,False,44.5201470693868,-3.095981156590918,False,-177.38665372469083
103,1.7164945300022816,1255,457,1283.0,218.0,0.8383400981313293,3.024969463731068,48.03334941950844,125.28463400823371,0.8383400981313294,False,48.03334941950845,3.0249694637310682,False,173.31798342774215
104,1.733159525439197,1264,435,1332.0,206.0,0.8933682509238501,2.852942587908489,51.18623032892092,112.27533915136637,0.8933682509238503,False,51.18623032892093,2.8529425879084886,False,163.46156948028724
105,1.7498245208761123,1270,416,1381.0,206.0,0.9397945670209739,2.655350020502288,53.84626229962639,98.29408700513137,0.9397945670209742,False,53.8462622996264,2.655350020502288,False,152.14034930475773
106,1.7664895163130276,1275,400,1426.0,217.0,0.9799847418712808,2.4517113278679874,56.1489896964418,84.32372197480869,0.9799847418712808,False,56.1489896964418,2.4517113278679865,False,140.47271167125044
107,1.783154511749943,1278,387,1465.0,241.0,1.0119254936735915,2.2336879223759087,57.97905996918908,70.00183073229593,1.0119254936735915,False,57.97905996918908,2.2336879223759087,False,127.98089070148501
108,1.7998195071868583,1280,376,1495.0,277.0,1.0388098267905084,2.0023188857185206,59.51941879181221,55.20500259919682,1.0388098267905086,False,59.51941879181222,2.0023188857185197,False,114.72442139100899
109,1.8164845026237737,1281,369,1513.0,324.0,1.0558518684952456,1.762382823357653,60.49585585577958,40.48124180896403,1.055851868495246,False,60.49585585577961,1.7623828233576528,False,100.97709766474358
110,1.833149498060689,1282,366,1517.0,378.0,1.0639513078217184,1.5197768109279255,60.959919545608756,26.116877522413073,1.0639513078217187,False,60.95991954560877,1.519776810927926,False,87.07679706802185
111,1.8498144934976044,1281,369,1507.0,436.0,1.0558518684952456,1.282590231959933,60.49585585577958,12.991151280229847,1.055851868495246,False,60.49585585577961,1.282590231959933,False,73.48700713600942
112,1.8664794889345198,1280,378,1486.0,495.0,1.0343608691901653,1.0542680076156912,59.2645122980799,1.1405950139653493,1.0343608691901656,False,59.264512298079914,1.0542680076156916,False,60.40510731204526
113,1.8831444843714351,1277,394,1456.0,551.0,0.9954869766165318,0.8507810254762908,57.03720232036574,-8.29104027076213,0.9954869766165322,False,57.037202320365765,0.8507810254762909,False,48.74616204960363
114,1.8998094798083505,1270,418,1419.0,605.0,0.9357695914045828,0.6727814411390625,53.615648184164115,-15.068111072166623,0.9357695914045827,False,53.61564818416411,0.6727814411390618,False,38.54753711199746
115,1.9164744752452658,1259,447,1379.0,656.0,0.8629624475283234,0.521204783494682,49.444106121652695,-19.581271765377576,0.8629624475283233,False,49.44410612165269,0.5212047834946816,False,29.862834356275084
116,1.9331394706821812,1242,483,1337.0,706.0,0.7720210349680163,0.40272494243908397,44.233546998989084,-21.159107492580556,0.7720210349680166,False,44.23354699898909,0.4027249424390842,False,23.074439506408538
117,1.9498044661190965,1217,521,1293.0,752.0,0.6697140545844128,0.3178494038361625,38.3717888082809,-20.16035944771947,0.6697140545844129,False,38.371788808280904,0.31784940383616167,False,18.211429360561382
118,1.9664694615560119,1183,561,1248.0,794.0,0.5545785233879768,0.2720532893646773,31.775008798728283,-16.187503515480955,0.5545785233879768,False,31.775008798728283,0.27205328936467765,False,15.587505283247355
119,1.9831344569929272,1138,599,1202.0,832.0,0.4277058536003263,0.26806692919097963,24.505740284338962,-9.146636614663537,0.4277058536003264,False,24.50574028433897,0.2680669291909794,False,15.359103669675408
120,1.9997994524298426,1084,632,1153.0,861.0,0.2942959675426469,0.2926582356298651,16.86191686791273,-0.09383512657627334,0.29429596754264686,False,16.861916867912726,0.29265823562986526,False,16.768081741336452
121,2.016464447866758,1022,655,1100.0,878.0,0.15660187698201536,0.3364750591017295,8.972626614896393,10.305974183047644,0.15660187698201522,False,8.972626614896386,0.3364750591017298,False,19.278600797944055
122,2.0331294433036735,956,666,1040.0,886.0,0.018516402068009044,0.3647348142644133,1.0609116902642277,19.83685380857464,0.018516402068009086,False,1.0609116902642302,0.3647348142644127,False,20.897765498838822
123,2.0497944387405886,891,664,973.0,885.0,-0.11519028169268408,0.3552950139583206,-6.5999169819138706,26.95682176376731,-0.11519028169268397,False,-6.599916981913864,0.35529501395832064,False,20.356904781853444
124,2.066459434177504,830,652,898.0,878.0,-0.24298365330479615,0.29226848261129845,-13.921937825034837,30.66768836335493,-0.2429836533047962,False,-13.92193782503484,0.29226848261129845,False,16.74575053832009
125,2.0831244296144193,777,632,817.0,865.0,-0.35974013191547255,0.1700165110096919,-20.611591280236066,30.352819808630912,-0.3597401319154727,False,-20.611591280236073,0.17001651100969184,False,9.741228528394837
126,2.099789425051335,732,607,731.0,844.0,-0.4664539627186496,-0.004219384243003488,-26.725843400931268,26.484090491663167,-0.4664539627186497,False,-26.725843400931275,-0.004219384243002722,False,-0.2417529092680577
127,2.11645442048825,696,579,643.0,811.0,-0.561522626107766,-0.22459412721667524,-32.172876577077524,19.304580984137726,-0.5615226261077662,False,-32.17287657707753,-0.22459412721667604,False,-12.868295592939832
128,2.1331194159251656,668,552,559.0,765.0,-0.6435011087932844,-0.472993131308296,-36.86989764584402,9.769387483201491,-0.6435011087932843,False,-36.86989764584401,-0.47299313130829646,False,-27.10051016264255
129,2.1497844113620808,647,527,484.0,703.0,-0.7128825717974143,-0.7470688621488583,-40.84516265242373,-1.9587301543465392,-0.7128825717974143,False,-40.84516265242373,-0.7470688621488577,False,-42.80389280677024
130,2.1664494067989963,631,505,425.0,629.0,-0.7713585243056671,-1.0289502939684376,-44.195587934154055,-14.758921238982788,-0.7713585243056671,False,-44.195587934154055,-1.0289502939684372,False,-58.95450917313681
131,2.1831144022359115,619,485,387.0,548.0,-0.8217170990660853,-1.3056387682685937,-47.08092173022005,-27.72666926022969,-0.8217170990660851,False,-47.08092173022004,-1.3056387682685937,False,-74.80759099044973
132,2.199779397672827,610,467,369.0,467.0,-0.8653555376440284,-1.5707963267948966,-49.58122008527706,-40.41877991472293,-0.8653555376440285,False,-49.58122008527707,-1.5707963267948966,False,-90.0
133,2.216444393109742,601,450,370.0,391.0,-0.908154438283088,-1.8208614160462515,-52.033416459694934,-52.294257757969966,-0.9081544382830877,False,-52.03341645969492,-1.8208614160462524,False,-104.32767421766493
134,2.2331093885466577,595,435,384.0,324.0,-0.9438606606951495,-2.0550789051799803,-54.079232306261495,-63.66811552691726,-0.9438606606951496,False,-54.0792323062615,-2.0550789051799807,False,-117.7473478331788
135,2.249774383983573,590,421,408.0,267.0,-0.9769985530942169,-2.2730532583039036,-55.977893682686705,-74.25846462658711,-0.9769985530942167,False,-55.97789368268669,-2.2730532583039036,False,-130.2363583092738
136,2.2664393794204885,586,409,439.0,222.0,-1.005502343305646,-2.475387288706217,-57.6110405619279,-84.21820374127017,-1.005502343305646,False,-57.6110405619279,-2.4753872887062176,False,-141.8292443031981
137,2.2831043748574036,584,400,474.0,187.0,-1.025932411343353,-2.664886085489772,-58.781597235653635,-93.90512834604938,-1.0259324113433532,False,-58.78159723565364,-2.6648860854897727,False,-152.68672558170306
138,2.299769370294319,582,394,514.0,164.0,-1.0405102453633872,-2.854129448104511,-59.61684559944382,-103.91272596094758,-1.0405102453633872,False,-59.61684559944382,-2.854129448104512,False,-163.52957156039145
139,2.3164343657312343,582,391,555.0,151.0,-1.0466487832303122,-3.0295636911638053,-59.96855791159986,-113.61265535816136,-1.046648783230312,False,-59.96855791159985,-3.029563691163805,False,-173.58121326976118
140,2.33309936116815,582,392,597.0,150.0,-1.044597728828577,3.079688379180021,-59.851041150828706,-123.69581250667093,-1.044597728828577,False,-59.851041150828706,3.0796883791800216,False,176.4531463425004
141,2.349764356605065,583,397,639.0,160.0,-1.03320968013615,2.9095614740918547,-59.19855402386317,-134.0958532768111,-1.0332096801361503,False,-59.19855402386318,2.9095614740918556,False,166.70559269932573
142,2.3664293520419806,586,406,679.0,178.0,-1.0114503714706153,2.754299050383717,-57.95183747220559,-144.23845142391693,-1.0114503714706151,False,-57.951837472205575,2.754299050383718,False,157.80971110387753
143,2.3830943474788957,590,420,715.0,206.0,-0.9789252705909021,2.612937316468968,-56.08828646356078,-154.20143317052822,-0.978925270590902,False,-56.08828646356077,2.612937316468969,False,149.71028036591105
144,2.3997593429158113,596,437,750.0,242.0,-0.9387889647166427,2.473136983721672,-53.78864553171958,-164.51104314331403,-0.9387889647166427,False,-53.78864553171958,2.4731369837216732,False,141.70031132496646
145,2.4164243383527264,606,459,783.0,284.0,-0.8850668158886104,2.3505127331514974,-50.71059313749964,-174.61494756115962,-0.8850668158886101,False,-50.710593137499636,2.350512733151497,False,134.67445930134068
146,2.433089333789642,619,486,810.0,324.0,-0.8200845612210026,2.274225590709389,-46.987384201801426,177.290912210096,-0.8200845612210026,False,-46.987384201801426,2.2742255907093885,False,130.30352800829453
147,2.449754329226557,638,516,,,-0.7435621232836686,,-42.60297146994041,,-0.7435621232836684,False,-42.6029714699404,2.1758654310594494,True,124.66790598812004
148,2.4664193246634727,663,547,881.0,426.0,-0.6585861713378607,2.077505271409511,-37.734208063339125,156.76649203128468,-0.6585861713378609,False,-37.73420806333913,2.0775052714095104,False,119.03228396794556
149,2.483084320100388,694,577,920.0,473.0,-0.5673808955022868,2.002081138210858,-32.508530688634224,147.21933015086444,-0.5673808955022865,False,-32.50853068863421,2.0020811382108583,False,114.71079946223024
150,2.4997493155373034,731,606,966.0,527.0,-0.4692655274257615,1.8950978960659608,-26.886934192476716,135.46804540117822,-0.46926552742576133,False,-26.88693419247671,1.8950978960659626,False,108.58111120870159
151,2.5164143109742185,772,630,1016.0,586.0,-0.37089128881266237,1.749206826145937,-21.25050550713324,121.47267414076939,-0.37089128881266253,False,-21.250505507133248,1.7492068261459366,False,100.2221686336361
152,2.533079306411134,818,649,1066.0,653.0,-0.2684157673754634,1.5546686929512603,-15.379090625379346,104.45504527260665,-0.26841576737546324,False,-15.379090625379337,1.5546686929512603,False,89.07595464722729
153,2.5497443018480492,869,662,1108.0,728.0,-0.16043490761386603,1.301360701558188,-9.1922430928458,83.75471891631385,-0.16043490761386625,False,-9.192243092845812,1.3013607015581883,False,74.56247582346808
154,2.566409297284965,927,666,1131.0,805.0,-0.04112905637755206,0.9726817083716276,-2.3565213457893552,58.087078045058384,-0.04112905637755215,False,-2.3565213457893606,0.9726817083716277,False,55.73055669926902
155,2.58307429272188,992,661,1122.0,865.0,0.09328356933643005,0.5673633328475177,5.3447548208934235,27.1627696017455,0.09328356933643,False,5.344754820893421,0.5673633328475169,False,32.507524422638866
156,2.5997392881587955,1059,642,1083.0,876.0,0.23783592745745075,0.10220671810725354,13.62699485989154,-7.770981274462594,0.23783592745745086,False,13.626994859891546,0.10220671810725435,False,5.856013585429004
157,2.6164042835957106,1115,615,1041.0,835.0,0.36855951422463473,-0.32447534329357386,21.116904664463398,-39.70797239124369,0.36855951422463473,False,21.116904664463398,-0.3244753432935745,False,-18.59106772678034
158,2.633069279032626,1157,585,1014.0,773.0,0.47835243137865757,-0.6502749255932068,27.407575437818405,-64.66558419749279,0.47835243137865735,False,27.407575437818394,-0.6502749255932052,False,-37.2580087596743
159,2.6497342744695414,1188,556,998.0,702.0,0.5699921288358105,-0.9156096063618447,32.658143337969015,-85.11870946413735,0.5699921288358105,False,32.658143337969015,-0.9156096063618442,False,-52.460566126168324
160,2.666399269906457,1210,529,990.0,632.0,0.6457894343185052,-1.1329256958490583,37.001009040591235,-101.91286991466424,0.6457894343185053,False,37.00100904059124,-1.1329256958490568,False,-64.91186087407293
161,2.683064265343372,1228,505,990.0,565.0,0.7129180912696815,-1.3238413816559715,40.84719776827517,-116.69772168192999,0.7129180912696818,False,40.84719776827519,-1.3238413816559707,False,-75.85052391365475
162,2.6997292607802876,1240,485,993.0,500.0,0.7653339666268579,-1.5101420725677315,43.85040620572516,-130.37517342899505,0.7653339666268577,False,43.85040620572514,-1.5101420725677315,False,-86.5247672232699
163,2.7163942562172028,1248,469,1002.0,441.0,0.8057343425731361,-1.6841297235603006,46.16517723818875,-142.658702550728,0.8057343425731363,False,46.165177238188754,-1.6841297235603,False,-96.49352531253923
164,2.7330592516541183,1254,458,,,0.8349302653435259,,47.83798039192198,,0.8349302653435258,False,47.837980391921974,-1.8710559284681203,True,-107.20360793415495
165,2.7497242470910335,1256,452,,,0.8489955863695685,,48.64386392421084,,0.8489955863695684,False,48.643863924210834,-2.057982133375944,True,-117.91369055577087
166,2.766389242527949,1257,450,1063.0,295.0,0.8542546526984929,-2.2449083382837647,48.94518622903756,-177.56895940642417,0.8542546526984927,False,48.94518622903755,-2.2449083382837642,False,-128.62377317738657
167,2.783054237964864,1256,453,1095.0,263.0,0.8471751249577979,-2.4386283418639474,48.53955916854996,171.73732904165976,0.8471751249577979,False,48.53955916854996,-2.4386283418639465,False,-139.7231117897902
168,2.7997192334017797,1253,459,1132.0,242.0,0.8315192794119595,-2.63293042881446,47.642545294064725,161.50165338329666,0.8315192794119595,False,47.642545294064725,-2.6329304288144613,False,-150.85580132263865
169,2.816384228838695,1248,469,1173.0,232.0,0.8057343425731361,-2.835108088739931,46.16517723818875,151.39509481361193,0.8057343425731363,False,46.165177238188754,-2.835108088739929,False,-162.43972794819922
170,2.8330492242756105,1242,482,1216.0,234.0,0.7736734075616667,-3.037135530116172,44.32822097478833,141.65673134032704,0.7736734075616667,False,44.32822097478833,-3.0371355301161707,False,-174.0150476848845
171,2.8497142197125256,1233,497,1259.0,250.0,0.7340337641358586,3.036715714859559,42.057036705086034,131.93395733741943,0.7340337641358587,False,42.057036705086034,3.036715714859561,False,173.99099404250558
172,2.866379215149441,1222,513,1301.0,280.0,0.6902912257613099,2.814700756319892,39.55077387103534,121.71970005837524,0.6902912257613099,False,39.55077387103534,2.8147007563198905,False,161.2704739294105
173,2.8830442105863563,1209,531,1341.0,323.0,0.641218007737388,2.576108765434969,36.7390855911393,110.86107423494137,0.6412180077373879,False,36.73908559113929,2.57610876543497,False,147.60015982608076
174,2.899709206023272,1194,549,1375.0,384.0,0.5898764302113857,2.30998463515952,33.79742988535565,98.55494044935215,0.5898764302113859,False,33.79742988535566,2.3099846351595197,False,132.35237033470776
175,2.916374201460187,1178,565,1398.0,462.0,0.5404195002705842,2.008666957740735,30.96375653207352,84.12438259385345,0.540419500270584,False,30.963756532073518,2.0086669577407363,False,115.08813912592707
176,2.9330391968971026,1162,580,1401.0,556.0,0.4931956569026999,1.6708792294694883,28.258029614706892,67.47629830996581,0.49319565690269984,False,28.25802961470689,1.670879229469488,False,95.73432792467267
177,2.9497041923340177,1147,592,1375.0,660.0,0.451929395398412,1.2809498368832768,25.893646994228014,47.49937242715497,0.45192939539841204,False,25.893646994228018,1.280949836883277,False,73.393019421383
178,2.9663691877709333,1133,602,1312.0,757.0,0.4151419967604226,0.8571311600719476,23.785884313005912,25.324113648268856,0.41514199676042285,False,23.785884313005923,0.8571311600719476,False,49.10999796127478
179,2.9830341832078484,1119,611,1217.0,828.0,0.37970605715518524,0.4241944079037666,21.75555453054533,2.548994735391402,0.37970605715518513,False,21.75555453054532,0.42419440790376584,False,24.30454926593667
180,2.999699178644764,1101,622,1106.0,863.0,0.33526324540997043,0.020743912017768002,19.209168987850074,-18.020630378641265,0.33526324540997043,False,19.209168987850074,0.020743912017767485,False,1.1885386092087844
181,3.016364174081679,1074,636,998.0,865.0,0.2716253530048537,-0.3204399391575476,15.56298633592925,-33.922842437085606,0.2716253530048536,False,15.562986335929244,-0.32043993915754854,False,-18.359856101156417
182,3.0330291695185947,1039,649,900.0,850.0,0.19370251139516506,-0.6050270653075076,11.098336384027693,-45.7638337173339,0.19370251139516492,False,11.098336384027686,-0.6050270653075067,False,-34.66549733330616
183,3.04969416495551,996,660,815.0,824.0,0.10173093045019717,-0.8346337025154977,5.828752960735209,-53.649741554250724,0.10173093045019721,False,5.828752960735212,-0.8346337025154966,False,-47.82098859351544
184,3.0663591603924254,947,666,741.0,796.0,0.0,-1.00784542882339,0.0,-57.74528947313284,0.0,False,0.0,-1.0078454288233907,False,-57.74528947313289
185,3.0830241558293405,895,664,675.0,771.0,-0.1070274730493742,-1.1181171992984729,-6.1322224976793045,-57.931174023111126,-0.10702747304937432,False,-6.132222497679312,-1.1181171992984744,False,-64.06339652079052
186,3.099689151266256,841,655,618.0,748.0,-0.21956040986778846,-1.1756868371600147,-12.579884833586792,-54.78200896476653,-0.21956040986778858,False,-12.579884833586798,-1.1756868371600149,False,-67.36189379835334
187,3.1163541467031712,790,638,566.0,729.0,-0.3302415325673936,-1.1849136573968229,-18.92144603604378,-48.96910562020455,-0.33024153256739375,False,-18.921446036043786,-1.184913657396823,False,-67.89055165624835
188,3.133019142140087,743,613,523.0,713.0,-0.44028737317893146,-1.1441688336680205,-25.226608256054252,-40.32943696352921,-0.4402873731789314,False,-25.22660825605425,-1.1441688336680187,False,-65.55604521958337
189,3.149684137577002,700,582,490.0,699.0,-0.5509607310433079,-1.0624857017840694,-31.56772456622402,-29.308221938998564,-0.550960731043308,False,-31.567724566224026,-1.0624857017840696,False,-60.87594650522259
190,3.1663491330139175,664,547,466.0,684.0,-0.656879680417835,-0.9655143372054246,-37.63643333584425,-17.683463245397576,-0.656879680417835,False,-37.63643333584425,-0.9655143372054233,False,-55.31989658124175
191,3.1830141284508326,635,510,453.0,667.0,-0.7573681234376018,-0.8590112204084543,-43.393997010717754,-5.823720473068804,-0.757368123437602,False,-43.39399701071776,-0.8590112204084548,False,-49.217717483786586
192,3.1996791238877482,613,473,447.0,647.0,-0.8506959488602767,-0.7618730924122314,-48.741287518570765,5.089174798769368,-0.8506959488602766,False,-48.74128751857076,-0.7618730924122303,False,-43.652112719801345
193,3.2163441193246634,598,441,445.0,626.0,-0.9286719954703977,-0.6910049602080149,-53.208985892446094,13.617318049921451,-0.9286719954703977,False,-53.208985892446094,-0.6910049602080157,False,-39.59166784252469
194,3.233009114761579,588,411,445.0,606.0,-0.9990366091257011,-0.6327488350021832,-57.24058128196358,20.986743544518788,-0.9990366091257012,False,-57.240581281963586,-0.6327488350021824,False,-36.25383773744475
195,3.249674110198494,581,387,445.0,587.0,-1.0560749624326848,-0.5971766580926775,-60.50863819682981,26.292936064392414,-1.0560749624326848,False,-60.50863819682981,-0.5971766580926783,False,-34.21570213243744
196,3.2663391056354096,577,369,444.0,571.0,-1.0985375205298922,-0.582268721432652,-62.941563563128845,29.580023282559264,-1.0985375205298924,False,-62.94156356312886,-0.5822687214326514,False,-33.36154028056955
197,3.2830041010723248,575,356,443.0,560.0,-1.1288844246358831,-0.5743048301747018,-64.68031308969036,31.77507016670244,-1.1288844246358831,False,-64.68031308969036,-0.5743048301747002,False,-32.90524292298781
198,3.2996690965092403,574,348,441.0,553.0,-1.147608027067641,-0.5755174407363733,-65.75309648631097,32.77837609594631,-1.147608027067641,False,-65.75309648631097,-0.5755174407363732,False,-32.974720390364666
199,3.3163340919461555,574,346,438.0,550.0,-1.1520746085474085,-0.5880026035475675,-66.00901275395294,32.31894522797315,-1.1520746085474085,False,-66.00901275395294,-0.5880026035475687,False,-33.690067525979856
200,3.332999087383071,575,350,435.0,552.0,-1.142145364151246,-0.6060593315986426,-65.44010895629891,30.715467121177035,-1.142145364151246,False,-65.44010895629891,-0.6060593315986438,False,-34.72464183512194
201,3.349664082819986,576,360,431.0,558.0,-1.1190787374636793,-0.6320916609456394,-64.11848859949751,27.90230416189817,-1.1190787374636795,False,-64.11848859949752,-0.6320916609456404,False,-36.2161844375994
202,3.3663290782569018,578,374,429.0,569.0,-1.0867652751719874,-0.6524658238076814,-62.267063588728426,24.883525608021905,-1.0867652751719872,False,-62.26706358872842,-0.652465823807681,False,-37.383537980706514
203,3.382994073693817,583,395,427.0,583.0,-1.037273268912661,-0.6926418432093046,-59.43138051043397,19.745926180378714,-1.037273268912661,False,-59.43138051043397,-0.6926418432093051,False,-39.68545433005528
204,3.3996590691307325,591,421,425.0,600.0,-0.9756970681913082,-0.7477348229123987,-55.903324090650045,13.061274542807585,-0.975697068191308,False,-55.90332409065003,-0.747734822912399,False,-42.84204954784247
205,3.4163240645676476,603,452,426.0,618.0,-0.9017533286043231,-0.8174571465489309,-51.66665989090137,4.8298154608404005,-0.9017533286043231,False,-51.66665989090137,-0.8174571465489322,False,-46.83684443006104
206,3.432989060004563,620,487,432.0,638.0,-0.8169334468880582,-0.8941123818351138,-46.806838649760536,-4.42202723978103,-0.8169334468880582,False,-46.806838649760536,-0.8941123818351144,False,-51.22886588954159
207,3.4496540554414783,645,524,445.0,657.0,-0.7204740589706139,-0.9839484571451695,-41.28012282767577,-15.095971025151394,-0.720474058970614,False,-41.28012282767577,-0.9839484571451678,False,-56.37609385282706
208,3.466319050878394,676,560,468.0,677.0,-0.6195022881144042,-1.0584068664841588,-35.4948665076529,-25.147379949555827,-0.6195022881144041,False,-35.4948665076529,-1.0584068664841588,False,-60.64224645720873
209,3.482984046315309,714,593,501.0,699.0,-0.5136531012234441,-1.1090284148283875,-29.43015483390941,-34.11249269584109,-0.513653101223444,False,-29.430154833909402,-1.109028414828387,False,-63.54264752975047
210,3.4996490417522246,757,621,543.0,722.0,-0.40680592121832615,-1.1298291380655072,-23.308262366741552,-41.426178815315595,-0.4068059212183259,False,-23.30826236674154,-1.1298291380655066,False,-64.73444118205711
211,3.5163140371891397,804,643,593.0,750.0,-0.2995609855033537,-1.1014777010842596,-17.163580176121805,-45.94644332377874,-0.29956098550335364,False,-17.1635801761218,-1.10147770108426,False,-63.11002349990056
212,3.5329790326260553,852,657,653.0,782.0,-0.19658910841180655,-1.0099417153201977,-11.263726210236305,-46.6016716318139,-0.19658910841180655,False,-11.263726210236305,-1.009941715320199,False,-57.86539784205028
213,3.5496440280629704,901,665,721.0,816.0,-0.09456248771883768,-0.8727883074823652,-5.418031446547079,-44.58905498055883,-0.09456248771883757,False,-5.418031446547072,-0.8727883074823666,False,-50.007086427105975
214,3.566309023499886,947,665,801.0,849.0,0.0,-0.6707516016847958,0.0,-38.43123587817888,0.0,False,0.0,-0.6707516016847954,False,-38.43123587817885
215,3.582974018936801,989,661,891.0,874.0,0.08709717960433452,-0.431216236068906,4.9903007988212815,-29.69717118308659,0.0870971796043345,False,4.99030079882128,-0.4312162360689058,False,-24.706870384265283
216,3.5996390143737167,1025,653,990.0,885.0,0.16343400145447265,-0.14973294003362475,9.36407851227624,-17.94314403028839,0.16343400145447262,False,9.364078512276238,-0.14973294003362625,False,-8.579065518012227
217,3.616304009810632,1055,643,1092.0,877.0,0.2291636552489709,0.15682131959424891,13.130110263557047,-4.144910513134354,0.22916365524897087,False,13.130110263557045,0.1568213195942505,False,8.985199750422794
218,3.6329690052475474,1080,632,1190.0,843.0,0.2861712165400776,0.48056328863045333,16.396402925870824,11.137845301581363,0.2861712165400778,False,16.396402925870834,0.48056328863045294,False,27.534248227452174
219,3.6496340006844625,1102,622,1272.0,789.0,0.33727935331812037,0.7943000054057279,19.324683462030016,26.185354514936662,0.3372793533181202,False,19.324683462030006,0.7943000054057272,False,45.51003797696664
220,3.666298996121378,1122,610,1334.0,719.0,0.38650630511392003,1.0958921576110419,22.145180038223284,40.64481539437504,0.38650630511392015,False,22.14518003822329,1.0958921576110434,False,62.7899954325984
221,3.6829639915582937,1141,596,1376.0,646.0,0.43636393265457746,1.3611564809206842,25.001811672838173,52.98670994079637,0.4363639326545776,False,25.001811672838183,1.361156480920684,False,77.98852161363456
222,3.699628986995209,1161,581,1399.0,573.0,0.4902161589126305,1.6043971212108898,28.087316954808202,63.83786675351499,0.4902161589126304,False,28.087316954808195,1.6043971212108907,False,91.9251837083232
223,3.7162939824321244,1178,565,1410.0,507.0,0.5404195002705842,1.8157749899217608,30.96375653207352,73.07248693585296,0.540419500270584,False,30.963756532073518,1.81577498992176,False,104.03624346792643
224,3.7329589778690395,1194,548,1411.0,448.0,0.5911315044757826,2.0026194780532034,33.869340343681074,80.87230371945925,0.5911315044757828,False,33.86934034368109,2.002619478053205,False,114.74164406314044
225,3.749623973305955,1208,532,1405.0,397.0,0.6380242123924704,2.1715740773545718,36.55609459724699,87.8659349351857,0.6380242123924704,False,36.55609459724699,2.1715740773545704,False,124.42202953243265
226,3.7662889687428702,1219,517,1395.0,355.0,0.6790683584131607,2.314798034642811,38.90775093795122,93.72040687225959,0.6790683584131605,False,38.90775093795121,2.3147980346428128,False,132.6281578102109
227,3.782953964179786,1228,505,1383.0,321.0,0.7129180912696815,2.4415324478614018,40.84719776827517,99.04230703842785,0.7129180912696818,False,40.84719776827519,2.4415324478614018,False,139.88950480670303
228,3.799618959616701,1234,495,1369.0,295.0,0.7389200320464454,2.547842986879022,42.33699923393286,103.64365077624068,0.7389200320464453,False,42.33699923393285,2.547842986879022,False,145.98065001017355
229,3.8162839550536165,1238,488,1355.0,276.0,0.7570251451522229,2.6373020038319845,43.374345802500905,107.73192831846671,0.7570251451522227,False,43.3743458025009,2.6373020038319837,False,151.10627412096753
230,3.8329489504905316,1240,485,1341.0,264.0,0.7653339666268579,2.7129215665775472,43.85040620572516,111.58854970918789,0.7653339666268577,False,43.85040620572514,2.712921566577549,False,155.43895591491312
231,3.849613945927447,1240,486,1327.0,259.0,0.7636987318122872,2.775600154130483,43.756714152337395,115.27346029520005,0.763698731812287,False,43.75671415233738,2.7756001541304833,False,159.0301744475375
232,3.8662789413643623,1236,492,1314.0,260.0,0.747147278914202,2.8172581256159956,42.80838575646754,118.60861464026613,0.747147278914202,False,42.80838575646754,2.8172581256159965,False,161.41700039673373
233,3.882943936801278,1230,501,1302.0,265.0,0.7225670672982792,2.8454775077148287,41.40004337133672,121.6338085201271,0.7225670672982791,False,41.400043371336714,2.845477507714829,False,163.03385189146385
234,3.899608932238193,1222,514,1291.0,277.0,0.6888194343949277,2.858284689214339,39.46644643741785,124.30120290142597,0.6888194343949277,False,39.46644643741785,2.85828468921434,False,163.76764933884385
235,3.9162739276751086,1209,530,1283.0,294.0,0.6425861959653081,2.837743000178903,36.8174770021786,125.77322025086451,0.6425861959653081,False,36.8174770021786,2.8377430001789037,False,162.5906972530432
236,3.9329389231120238,1193,550,1275.0,315.0,0.5867541647454867,2.8058658809421657,33.618537251640184,127.14573560610262,0.5867541647454866,False,33.61853725164018,2.8058658809421644,False,160.76427285774275
237,3.9496039185489393,1172,571,1270.0,342.0,0.5221705757421602,2.737228015384505,29.918170175942063,126.91344267056049,0.5221705757421602,False,29.918170175942063,2.737228015384506,False,156.83161284650257
238,3.9662689139858545,1145,593,1266.0,375.0,0.44704757144457485,2.634883708975179,25.61393908534728,125.35377694670717,0.44704757144457474,False,25.613939085347273,2.6348837089751775,False,150.96771603205434
239,3.98293390942277,1114,614,1265.0,414.0,0.3673282262826401,2.4948992172529727,21.04635706202176,121.90083839706621,0.3673282262826403,False,21.04635706202177,2.4948992172529714,False,142.9471954590879
240,3.999598904859685,1079,633,1260.0,463.0,0.28353978571431976,2.3248657125303445,16.245633045474275,116.95936021718941,0.2835397857143196,False,16.245633045474264,2.324865712530343,False,133.20499326266358
241,4.0162639002966,1040,648,1254.0,522.0,0.1961625148521003,2.102928723961592,11.239284199697675,109.24965630013325,0.19616251485210023,False,11.239284199697671,2.1029287239615932,False,120.488940499831
242,4.032928895733516,1002,659,1240.0,595.0,0.11432188639938566,1.8334896721076057,6.550161596658846,98.50105839593213,0.11432188639938579,False,6.550161596658853,1.833489672107607,False,105.05121999259106
243,4.0495938911704314,965,664,1208.0,679.0,0.037172950963676905,1.5091461561556376,2.129853202265453,84.33785221384365,0.03717295096367712,False,2.1298532022654655,1.5091461561556372,False,86.4677054161091
244,4.066258886607347,934,666,1152.0,768.0,-0.026742594234704205,1.1331651512544636,-1.5322377828794387,66.45781844106376,-0.026742594234704153,False,-1.5322377828794356,1.1331651512544632,False,64.9255806581843
245,4.082923882044262,911,665,1064.0,850.0,-0.07409093254550916,0.6910049602080149,-4.245097735046148,43.836765577570795,-0.07409093254550925,False,-4.245097735046153,0.6910049602080157,False,39.59166784252469
246,4.099588877481177,897,665,947.0,899.0,-0.10272986741866949,0.21050956212735614,-5.885987833028267,17.947297290072772,-0.10272986741866941,False,-5.885987833028262,0.21050956212735628,False,12.06130945704451
247,4.116253872918093,890,663,823.0,893.0,-0.11746910491162589,-0.28346016365386906,-6.730483934615653,-9.510587102838654,-0.11746910491162588,False,-6.730483934615652,-0.2834601636538707,False,-16.241071037454407
248,4.132918868355008,880,662,718.0,839.0,-0.1381191010585188,-0.7411792190017954,-7.913641560794028,-34.5527995508114,-0.138119101058519,False,-7.913641560794039,-0.741179219001797,False,-42.46644111160551
249,4.149583863791923,863,660,645.0,761.0,-0.17324566645236494,-1.1369350638758247,-9.926245506651705,-55.21533523386972,-0.17324566645236494,False,-9.926245506651705,-1.1369350638758249,False,-65.14158074052143
250,4.166248859228839,840,654,600.0,674.0,-0.22201714764797822,-1.4876550949064553,-12.720645539762003,-72.51571276951182,-0.22201714764797842,False,-12.720645539762016,-1.4876550949064544,False,-85.23635830927377
251,4.182913854665754,811,645,577.0,592.0,-0.2845371738007622,-1.7935339663113075,-16.302779173364055,-86.45914750963263,-0.28453717380076204,False,-16.302779173364048,-1.7935339663113083,False,-102.76192668299674
252,4.19957885010267,780,633,570.0,518.0,-0.3531949704754474,-2.071809713598486,-20.236581153490857,-98.46937138991024,-0.35319497047544735,False,-20.236581153490853,-2.071809713598487,False,-118.70595254340114
253,4.2162438455395845,749,616,573.0,456.0,-0.42628183119802276,-2.3086113869153615,-24.42414981075489,-107.84953919533885,-0.42628183119802276,False,-24.42414981075489,-2.308611386915363,False,-132.2736890060938
254,4.2329088409765,720,598,582.0,405.0,-0.49750108619187966,-2.520853211742209,-28.504712541968903,-115.92953726285813,-0.4975010861918796,False,-28.5047125419689,-2.52085321174221,False,-144.4342498048271
255,4.249573836413416,694,577,590.0,362.0,-0.5673808955022868,-2.691052908055673,-32.508530688634224,-121.6774433893626,-0.5673808955022865,False,-32.50853068863421,-2.691052908055674,False,-154.18597407799692
256,4.266238831850331,672,556,601.0,328.0,-0.6314793607851112,-2.839707035444316,-36.1811022226059,-126.52212596196028,-0.6314793607851112,False,-36.1811022226059,-2.8397070354443166,False,-162.7032281845662
257,4.282903827287246,655,536,609.0,302.0,-0.6869520041848153,-2.9474865555594665,-39.35945056784318,-129.51908923726648,-0.6869520041848154,False,-39.35945056784319,-2.9474865555594647,False,-168.87853980510957
258,4.2995688227241615,641,519,614.0,280.0,-0.7342799444887701,-3.0290988871896345,-42.0711418003069,-131.48344016343341,-0.7342799444887702,False,-42.071141800306904,-3.029098887189633,False,-173.55458196374025
259,4.316233818161077,631,504,619.0,263.0,-0.7728988143780866,-3.09184121150728,-44.28384005452959,-132.86561228945286,-0.7728988143780864,False,-44.28384005452958,-3.0918412115072798,False,-177.14945234398243
260,4.332898813597993,624,494,622.0,251.0,-0.7995259517943357,-3.133362386751928,-45.80946264899555,-133.71897779692827,-0.7995259517943358,False,-45.80946264899555,-3.1333623867519265,False,-179.52844044592376
261,4.349563809034907,620,486,624.0,243.0,-0.8185613559000131,3.1251332347550136,-46.90011096557686,-134.04294426689412,-0.8185613559000133,False,-46.90011096557687,3.125133234755012,False,179.0569447675289
262,4.366228804471823,618,484,625.0,240.0,-0.8248721187024005,3.112911995634567,-47.26169103966181,-134.38158961483097,-0.8248721187024004,False,-47.261691039661805,3.112911995634569,False,178.35671934550734
263,4.3828937999087385,619,485,624.0,241.0,-0.8217170990660853,3.121103717853705,-47.08092173022005,-134.0930078141726,-0.8217170990660851,False,-47.08092173022004,3.121103717853707,False,178.8260704556075
264,4.399558795345654,623,491,622.0,246.0,-0.8058677449191588,-3.137511043602798,-46.17282062959299,-133.59332034453374,-0.8058677449191589,False,-46.172820629593,-3.1375110436027995,False,-179.7661409741268
265,4.416223790782569,629,502,619.0,257.0,-0.7791482447757494,-3.100798970721928,-44.64190604067643,-133.02078810019978,-0.7791482447757492,False,-44.64190604067642,-3.100798970721929,False,-177.66269414087625
266,4.432888786219484,638,516,616.0,271.0,-0.7435621232836686,-3.0520369249392263,-42.60297146994041,-132.26586324716328,-0.7435621232836684,False,-42.6029714699404,-3.0520369249392267,False,-174.8688347171037
267,4.4495537816564,652,533,611.0,289.0,-0.6961298700660168,-2.975115073302955,-39.88530354777314,-130.5762337182407,-0.6961298700660166,False,-39.885303547773134,-2.9751150733029554,False,-170.4615372660139
268,4.4662187770933155,669,553,606.0,314.0,-0.6404916595811219,-2.883857077027495,-36.69746890732814,-128.5353703252813,-0.6404916595811221,False,-36.69746890732815,-2.8838570770274963,False,-165.23283923260948
269,4.48288377253023,690,574,598.0,345.0,-0.5779793543190624,-2.759581386718057,-33.115777648178685,-124.99658903362506,-0.5779793543190626,False,-33.11577764817869,-2.7595813867180574,False,-158.1123666818038
270,4.499548767967146,717,595,590.0,383.0,-0.5060749632963412,-2.6018671157338322,-28.995959514118393,-120.0800450713067,-0.5060749632963413,False,-28.9959595141184,-2.601867115733832,False,-149.07600458542507
271,4.516213763404061,746,615,582.0,431.0,-0.4328450295872714,-2.4136026048291446,-24.800193378565897,-113.48904929992594,-0.4328450295872712,False,-24.800193378565886,-2.413602604829144,False,-138.2892426784918
272,4.532878758840977,778,632,579.0,490.0,-0.3578005032210853,-2.190570301639045,-20.500458742225206,-105.00997426839174,-0.35780050322108536,False,-20.50045874222521,-2.1905703016390454,False,-125.51043301061698
273,4.549543754277892,812,646,584.0,562.0,-0.2819802765862312,-1.923786714621807,-16.15627975432267,-94.06857967684542,-0.28198027658623115,False,-16.156279754322668,-1.9237867146218086,False,-110.22485943116817
274,4.566208749714807,843,655,603.0,648.0,-0.215546047259549,-1.5999547270400405,-12.349878798699542,-79.32077447270044,-0.21554604725954896,False,-12.349878798699539,-1.5999547270400392,False,-91.6706532713999
275,4.582873745151723,870,661,646.0,742.0,-0.1587363454587446,-1.223818721575242,-9.094922650116697,-61.02472498524065,-0.1587363454587445,False,-9.09492265011669,-1.2238187215752419,False,-70.11964763535734
276,4.599538740588638,891,664,721.0,828.0,-0.11519028169268408,-0.8033603032453056,-6.5999169819138706,-39.4292378223921,-0.11519028169268397,False,-6.599916981913864,-0.8033603032453058,False,-46.029154804305996
277,4.616203736025553,904,665,827.0,890.0,-0.08842857814811718,-0.32972910849878123,-5.066584316229892,-13.82550198336148,-0.08842857814811733,False,-5.0665843162299,-0.3297291084987819,False,-18.892086299591405
278,4.632868731462469,913,666,946.0,902.0,-0.06984504991674083,0.13892970426308895,-4.001826580109811,11.961912283385486,-0.0698450499167409,False,-4.001826580109816,0.13892970426308793,False,7.960085703275619
279,4.649533726899384,922,666,1055.0,868.0,-0.051395028904949,0.582268721432652,-2.9447182442064506,36.30625852477602,-0.05139502890494896,False,-2.9447182442064483,0.5822687214326514,False,33.36154028056955
280,4.6661987223363,939,666,1139.0,803.0,-0.016459418834779648,0.9702085753693027,-0.9430552324710091,56.53191184853229,-0.016459418834779527,False,-0.9430552324710021,0.9702085753693019,False,55.588856616061236
281,4.682863717773214,963,664,1198.0,730.0,0.03304581701892995,1.2969986069869581,1.893385845746274,72.41916036895341,0.033045817018929835,False,1.8933858457462671,1.296998606986957,False,74.31254621469961
282,4.69952871321013,993,660,1236.0,656.0,0.09554156077690334,1.5872557456296763,5.474128200609209,85.46892703186181,0.09554156077690346,False,5.474128200609215,1.587255745629676,False,90.943055232471
283,4.716193708647046,1025,653,1259.0,588.0,0.16343400145447265,1.8417431771333173,9.36407851227624,96.16003248447801,0.16343400145447262,False,9.364078512276238,1.841743177133317,False,105.52411099675426
284,4.732858704083961,1059,642,1273.0,530.0,0.23783592745745075,2.052960337863712,13.62699485989154,103.99896800745067,0.23783592745745086,False,13.626994859891546,2.0529603378637127,False,117.62596286734227
285,4.749523699520876,1090,628,1281.0,481.0,0.3089738455141636,2.226744925457042,17.702897327888678,109.88018895297297,0.3089738455141635,False,17.70289732788867,2.226744925457041,False,127.58308628086155
286,4.766188694957791,1119,611,1288.0,440.0,0.37970605715518524,2.362076775287722,21.75555453054533,113.58147557931251,0.37970605715518513,False,21.75555453054532,2.362076775287722,False,135.33703010985784
287,4.782853690394707,1144,594,1296.0,408.0,0.44413788957843775,2.4564489656979203,25.447226594691873,115.2969317290753,0.4441378895784376,False,25.447226594691863,2.45644896569792,False,140.74415832376712
288,4.7995186858316226,1165,577,1303.0,380.0,0.5021660974697251,2.5305260897587143,28.771997999570374,116.21646689134727,0.5021660974697251,False,28.771997999570374,2.530526089758716,False,144.98846489091775
289,4.816183681268537,1182,561,1312.0,359.0,0.5526794223867673,2.569754923672833,31.666198326489912,115.5699131829264,0.5526794223867673,False,31.666198326489912,2.569754923672832,False,147.23611150941628
290,4.832848676705453,1195,547,1322.0,342.0,0.5942642624737312,2.5869493615647317,34.04883415519939,114.17244607652255,0.5942642624737311,False,34.04883415519938,2.5869493615647308,False,148.2212802317219
291,4.849513672142368,1204,536,1332.0,331.0,0.6252798909960305,2.583431934709335,35.82589876847271,112.19384774968901,0.6252798909960307,False,35.82589876847272,2.583431934709335,False,148.01974651816172
292,4.866178667579284,1211,528,1343.0,326.0,0.6489955589965009,2.5627851931805123,37.184706453233126,109.6520689146296,0.6489955589965009,False,37.184706453233126,2.5627851931805132,False,146.83677536786277
293,4.882843663016199,1214,523,1354.0,325.0,0.6614467200797891,2.5261369947389407,37.898105433343076,106.83888283705969,0.6614467200797893,False,37.89810543334309,2.526136994738941,False,144.73698827040278
294,4.899508658453114,1216,522,1365.0,331.0,0.6664855662347364,2.479101259828344,38.18681005163728,103.85522912209213,0.6664855662347362,False,38.18681005163727,2.4791012598283437,False,142.0420391737294
295,4.91617365389003,1214,524,1375.0,343.0,0.6600361198457012,2.414607494957836,37.817283993349676,100.52953464839057,0.6600361198457012,False,37.817283993349676,2.414607494957835,False,138.34681864174016
296,4.932838649326945,1210,529,1385.0,361.0,0.6457894343185052,2.335789159505807,37.001009040591235,96.82985163150136,0.6457894343185053,False,37.00100904059124,2.335789159505808,False,133.83086067209263
297,4.94950364476386,1203,538,1393.0,386.0,0.6207777479516433,2.2455372690184494,35.56794497326515,93.09186328082498,0.6207777479516432,False,35.56794497326514,2.245537269018449,False,128.65980825409008
298,4.966168640200776,1194,548,1399.0,420.0,0.5911315044757826,2.128957045675355,33.869340343681074,88.11091313815717,0.5911315044757828,False,33.86934034368109,2.1289570456753566,False,121.98025348183836
299,4.982833635637691,1182,561,1402.0,461.0,0.5526794223867673,1.9974238199217726,31.666198326489912,82.77775645392666,0.5526794223867673,False,31.666198326489912,1.9974238199217709,False,114.44395478041643
300,4.999498631074607,1167,575,1399.0,510.0,0.5081726178353302,1.8439649019825632,29.116146266078925,76.5352601877765,0.5081726178353301,False,29.116146266078918,1.843964901982563,False,105.65140645385539
301,5.0161636265115215,1150,589,1389.0,568.0,0.4607093216683256,1.658437355241945,26.396699713930104,68.62476132827175,0.4607093216683258,False,26.396699713930115,1.6584373552419436,False,95.02146104220178
302,5.032828621948437,1132,603,1369.0,633.0,0.4122864182816397,1.4448837011090985,23.62227171810326,59.16346624268996,0.4122864182816395,False,23.62227171810325,1.4448837011090987,False,82.78573796079326
303,5.049493617385353,1112,616,1334.0,701.0,0.36178346557366936,1.2051326096179475,20.72866567498777,48.32034660970767,0.36178346557366936,False,20.72866567498777,1.205132609617948,False,69.04901228469546
304,5.066158612822268,1092,627,1281.0,770.0,0.31367535980458616,0.9230758337586088,17.972274254050333,34.916075190837546,0.31367535980458605,False,17.972274254050326,0.9230758337586096,False,52.88834944488793
305,5.082823608259183,1071,637,1210.0,829.0,0.26495551348179125,0.626625073946363,15.180832681228223,20.722139392971492,0.26495551348179136,False,15.180832681228228,0.6266250739463644,False,35.902972074199795
306,5.0994886036960985,1049,646,1124.0,871.0,0.21548569150556338,0.3217505543966422,12.346420668726836,6.088528154195183,0.21548569150556318,False,12.346420668726825,0.3217505543966439,False,18.43494882292211
307,5.116153599133014,1023,654,1031.0,892.0,0.1589843719326234,0.033600794415993215,9.109133520277464,-7.183949811954316,0.1589843719326236,False,9.109133520277476,0.0336007944159924,False,1.925183708323108
308,5.13281859456993,994,660,940.0,894.0,0.09760552358427949,-0.22679884805388587,5.592384558543834,-18.587001350460348,0.09760552358427965,False,5.592384558543843,-0.2267988480538854,False,-12.994616791916478
309,5.149483590006844,961,665,855.0,882.0,0.028857965911962533,-0.45438861433868305,1.653439652087851,-27.68798951249203,0.028857965911962324,False,1.653439652087839,-0.45438861433868283,False,-26.03454986040417
310,5.16614858544376,924,666,780.0,860.0,-0.04728981948443431,-0.6385342622197835,-2.7095070703936126,-33.875811229299806,-0.047289819484434226,False,-2.7095070703936077,-0.6385342622197818,False,-36.58531829969331
311,5.1828135808806755,884,663,713.0,834.0,-0.1297025371559121,-0.7853981633974483,-7.431407971172507,-37.56859202882749,-0.12970253715591218,False,-7.431407971172511,-0.7853981633974492,False,-45.00000000000005
312,5.199478576317591,843,656,655.0,807.0,-0.2151070731365696,-0.8941123818351138,-12.324727434137365,-38.90413845540419,-0.2151070731365694,False,-12.324727434137355,-0.8941123818351144,False,-51.22886588954159
313,5.216143571754506,803,643,604.0,779.0,-0.3015315227445166,-0.9712867512932531,-17.27648364341379,-38.37414790266248,-0.3015315227445168,False,-17.2764836434138,-0.9712867512932526,False,-55.65063154607623
314,5.232808567191421,765,626,559.0,752.0,-0.38744535594910695,-1.0218543055973655,-22.19898368782773,-36.348955300172754,-0.3874453559491071,False,-22.19898368782774,-1.0218543055973655,False,-58.547938988000496
315,5.249473562628337,730,606,522.0,727.0,-0.471131098859666,-1.0439184078603376,-26.993823562019614,-32.81829536439424,-0.471131098859666,False,-26.993823562019614,-1.043918407860339,False,-59.81211892641392
316,5.266138558065252,700,583,490.0,701.0,-0.549853182676585,-1.0588591504876925,-31.504266719204193,-29.16389370254829,-0.5498531826765851,False,-31.504266719204196,-1.0588591504876916,False,-60.66816042175243
317,5.282803553502167,674,559,464.0,678.0,-0.6242315455722486,-1.0552473193359175,-35.76583300021815,-24.695384740223755,-0.6242315455722487,False,-35.76583300021816,-1.055247319335919,False,-60.461217740441995
318,5.299468548939083,652,534,445.0,656.0,-0.6947382761967031,-1.0382281998082825,-39.80557109226519,-19.68052292821453,-0.6947382761967029,False,-39.80557109226518,-1.0382281998082838,False,-59.48609402047981
319,5.316133544375998,635,512,429.0,635.0,-0.7543522411534251,-1.0325212120865777,-43.22119968432615,-15.937908025966912,-0.7543522411534251,False,-43.22119968432615,-1.0325212120865785,False,-59.159107710293114
320,5.332798539812914,622,492,417.0,617.0,-0.8058034940839864,-1.0232340908548991,-46.16913932790742,-12.457855531984135,-0.8058034940839862,False,-46.16913932790741,-1.0232340908548991,False,-58.626994859891546
321,5.3494635352498285,613,475,409.0,601.0,-0.8473220709296042,-1.017502001472604,-48.5479785525509,-9.75059177794337,-0.8473220709296041,False,-48.547978552550894,-1.0175020014726037,False,-58.298570330494265
322,5.366128530686744,607,463,401.0,587.0,-0.8766369217346929,-1.0289502939684376,-50.22759578073817,-8.726913392398668,-0.876636921734693,False,-50.22759578073818,-1.028950293968439,False,-58.95450917313692
323,5.38279352612366,603,455,397.0,578.0,-0.8964099944855581,-1.0325212120865777,-51.36050939736788,-7.798598312925185,-0.8964099944855581,False,-51.36050939736788,-1.0325212120865785,False,-59.159107710293114
324,5.399458521560575,601,451,393.0,572.0,-0.9063606345394872,-1.0439184078603376,-51.93063907591185,-7.881479850501989,-0.906360634539487,False,-51.930639075911834,-1.043918407860339,False,-59.81211892641392
325,5.41612351699749,602,452,391.0,568.0,-0.9031651119125143,-1.0681350663744893,-51.747549116047736,-9.452082137136546,-0.9031651119125144,False,-51.74754911604774,-1.068135066374488,False,-61.199631253184215
326,5.4327885124344055,604,458,392.0,571.0,-0.8896882969305543,-1.081083858518645,-50.97538449630275,-10.966157896533812,-0.8896882969305544,False,-50.97538449630276,-1.081083858518646,False,-61.941542392836624
327,5.449453507871321,609,468,396.0,577.0,-0.8651011649833841,-1.0978031954866005,-49.56664560539863,-13.332844231958855,-0.865101164983384,False,-49.56664560539862,-1.0978031954866019,False,-62.89948983735755
328,5.466118503308237,616,481,400.0,587.0,-0.8328309133452384,-1.1145835250392888,-47.71769638270775,-16.14323551685742,-0.8328309133452385,False,-47.71769638270776,-1.11458352503929,False,-63.86093189956522
329,5.482783498745151,626,498,410.0,601.0,-0.7900929645849435,-1.125838130240996,-45.268992293696485,-19.23678098401249,-0.7900929645849435,False,-45.268992293696485,-1.1258381302409965,False,-64.505773277709
330,5.499448494182067,640,518,424.0,620.0,-0.7373731037556042,-1.1296168463799159,-42.24836677165827,-22.473910992788788,-0.7373731037556039,False,-42.24836677165826,-1.1296168463799177,False,-64.72227776444714
331,5.5161134896189825,657,540,441.0,643.0,-0.6781193077490456,-1.125838130240996,-38.853374340353334,-25.652398937355645,-0.6781193077490455,False,-38.85337434035333,-1.1258381302409965,False,-64.505773277709
332,5.532778485055898,678,563,464.0,670.0,-0.6123013175407552,-1.1071487177940904,-35.082281285384916,-28.3526675375371,-0.612301317540755,False,-35.0822812853849,-1.1071487177940895,False,-63.43494882292195
333,5.549443480492814,703,586,494.0,700.0,-0.5411436131056458,-1.0714496051147666,-31.00524514141381,-30.384295192620986,-0.5411436131056457,False,-31.005245141413805,-1.0714496051147648,False,-61.389540334034685
334,5.566108475929728,733,607,531.0,733.0,-0.46458393831519046,-1.013087483166104,-26.61869889502659,-31.426938167922025,-0.4645839383151906,False,-26.6186988950266,-1.0130874831661032,False,-58.04563706294855
335,5.582773471366644,765,626,575.0,769.0,-0.38744535594910695,-0.9256131338016726,-22.19898368782773,-30.834742340886088,-0.3874453559491071,False,-22.19898368782774,-0.9256131338016722,False,-53.03372602871378
336,5.5994384668035595,799,642,628.0,805.0,-0.3100170642117226,-0.8093456803196559,-17.762669356367944,-28.609422293092674,-0.31001706421172237,False,-17.76266935636793,-0.8093456803196553,False,-46.37209164946058
337,5.616103462240475,836,654,688.0,839.0,-0.2300320931382327,-0.6747409422235526,-13.179868089380998,-25.47994016470908,-0.2300320931382327,False,-13.179868089380998,-0.6747409422235542,False,-38.65980825409018
338,5.63276845767739,872,662,758.0,869.0,-0.15436379055584332,-0.5033993843966541,-8.844393708491218,-19.99826642692086,-0.15436379055584348,False,-8.844393708491227,-0.5033993843966549,False,-28.84266013541211
339,5.649433453114305,909,666,835.0,891.0,-0.0780305438461546,-0.31774523536139215,-4.470820835495177,-13.734640111103607,-0.07803054384615482,False,-4.470820835495189,-0.317745235361393,False,-18.205460946598823
340,5.666098448551221,943,666,918.0,902.0,-0.008230266837865256,-0.10553860603552644,-0.47155955407616096,-5.575357147453412,-0.008230266837865319,False,-0.47155955407616457,-0.10553860603552678,False,-6.046916701529602
341,5.6827634439881365,976,663,1001.0,900.0,0.059969414352937574,0.10509657413192951,3.4359943422945856,2.585595796748747,0.059969414352937456,False,3.435994342294579,0.10509657413193096,False,6.021590139043428
342,5.699428439425051,1007,657,1083.0,884.0,0.12512898820025312,0.3230715575912482,7.169362918616782,11.341273812079452,0.1251289882002533,False,7.169362918616794,0.3230715575912484,False,18.510636730696245
343,5.716093434861967,1036,650,1158.0,855.0,0.18714581630053895,0.5368249794469454,10.722665427551487,20.03514023195566,0.18714581630053884,False,10.722665427551481,0.5368249794469442,False,30.757805659507063
344,5.732758430298882,1063,640,1224.0,816.0,0.24702365005121815,0.7409171370285529,14.153412587851403,28.29801233280077,0.24702365005121818,False,14.153412587851404,0.7409171370285534,False,42.4514249206522
345,5.749423425735798,1089,628,1280.0,772.0,0.306946790691321,0.9247868620583448,17.586755641698158,35.39962850339203,0.30694679069132125,False,17.586755641698172,0.9247868620583439,False,52.98638414509015
346,5.766088421172713,1113,615,1325.0,726.0,0.36455240574431025,1.088459305347185,20.887314260489724,41.476810107645335,0.36455240574431036,False,20.88731426048973,1.088459305347186,False,62.364124368135116
347,5.782753416609628,1134,601,1360.0,680.0,0.418003919620268,1.2345157514248029,23.949860414167063,46.78268188489558,0.41800391962026806,False,23.949860414167066,1.2345157514248015,False,70.73254229906257
348,5.799418412046544,1154,586,1387.0,637.0,0.4714982818609498,1.3553106352893332,27.014861598302122,50.63871773297104,0.47149828186094966,False,27.014861598302115,1.3553106352893316,False,77.65357933127308
349,5.816083407483459,1170,571,1407.0,597.0,0.5183194404199563,1.4615286369175282,29.697516375646025,54.0419061572364,0.5183194404199565,False,29.697516375646035,1.461528636917528,False,83.73942253288243
350,5.832748402920374,1184,558,1423.0,563.0,0.5600248311277889,1.5498788759755944,32.087059246148954,56.71445910373258,0.5600248311277891,False,32.08705924614897,1.549878875975594,False,88.80151834988149
351,5.84941339835729,1196,546,1434.0,533.0,0.597400823074352,1.6253639502987907,34.228545839801974,58.89794868503003,0.5974008230743522,False,34.22854583980198,1.6253639502987909,False,93.12649452483201
352,5.866078393794205,1204,536,1441.0,509.0,0.6252798909960305,1.684231318602113,35.82589876847271,60.67344751118186,0.6252798909960307,False,35.82589876847272,1.6842313186021123,False,96.49934627965453
353,5.882743389231121,1210,528,1446.0,491.0,0.6471691345253036,1.726310064924553,37.08006003943411,61.830220811697934,0.6471691345253037,False,37.08006003943411,1.7263100649245544,False,98.9102808511321
354,5.899408384668035,1214,523,1448.0,478.0,0.6614467200797891,1.7607846147136124,37.898105433343076,62.98742162131566,0.6614467200797893,False,37.89810543334309,1.7607846147136108,False,100.88552705465865
355,5.916073380104951,1215,522,1448.0,472.0,0.664676580394864,1.7821827432448905,38.083162797813664,64.02838671116578,0.6646765803948638,False,38.08316279781365,1.782182743244892,False,102.11154950897954
356,5.932738375541867,1213,524,1446.0,471.0,0.6582194571138932,1.7944584222758246,37.713196886018366,65.10169722209085,0.6582194571138933,False,37.71319688601837,1.7944584222758238,False,102.81489410810917
357,5.949403370978782,1209,529,1443.0,476.0,0.64395940390327,1.7935339663113075,36.89615602141768,65.86577066157903,0.6439594039032701,False,36.89615602141769,1.7935339663113083,False,102.76192668299674
358,5.966068366415697,1203,537,1437.0,487.0,0.6221018257536476,1.7813058889222528,35.64380904306695,66.41750041397756,0.6221018257536475,False,35.643809043066945,1.7813058889222546,False,102.06130945704462
359,5.982733361852612,1194,547,1429.0,505.0,0.5923912901046917,1.7476524582688757,33.9415207433088,66.19158917116101,0.5923912901046915,False,33.94152074330879,1.747652458268874,False,100.13310991446971
360,5.999398357289528,1182,560,1419.0,528.0,0.5538543924717979,1.7050057741240754,31.733519153416296,65.95611574932896,0.553854392471798,False,31.7335191534163,1.705005774124075,False,97.68963490274524
361,6.0160633527264435,1167,574,1405.0,558.0,0.5092508902204571,1.6379222149969974,29.1779267229122,64.6681033671352,0.5092508902204571,False,29.1779267229122,1.6379222149969976,False,93.84603009004739
362,6.032728348163358,1149,590,1388.0,595.0,0.45777683496179833,1.5498788759755944,26.228680602167874,62.57283774771362,0.45777683496179833,False,26.228680602167874,1.549878875975594,False,88.80151834988149
363,6.049393343600274,1128,605,1364.0,637.0,0.4026177708756825,1.4360250423171654,23.0682990281418,59.20987517172723,0.4026177708756826,False,23.06829902814181,1.4360250423171657,False,82.27817419986904
364,6.066058339037189,1104,620,1333.0,684.0,0.34273596346682106,1.2982736110342539,19.63732419399882,54.74827437147301,0.3427359634668212,False,19.637324193998825,1.2982736110342543,False,74.38559856547184
365,6.082723334474105,1079,633,1293.0,735.0,0.28353978571431976,1.1260144038157613,16.245633045474275,48.27023996410841,0.2835397857143196,False,16.245633045474264,1.1260144038157627,False,64.51587300958278
366,6.09938832991102,1052,644,1241.0,787.0,0.22254489545662903,0.9230758337586088,12.750883261844972,40.13746618304291,0.22254489545662892,False,12.750883261844967,0.9230758337586096,False,52.88834944488793
367,6.116053325347935,1025,653,1177.0,835.0,0.16343400145447265,0.6958181893838117,9.36407851227624,30.5033670478508,0.16343400145447262,False,9.364078512276238,0.6958181893838109,False,39.86744556012699
368,6.132718320784851,998,659,1099.0,874.0,0.10607220057545969,0.439170389325224,6.077489416638982,19.085120378813578,0.10607220057545952,False,6.077489416638972,0.43917038932522345,False,25.162609795452525
369,6.149383316221766,970,664,1014.0,898.0,0.04748493895021517,0.18586394582193286,2.720686592283703,7.9285330669612515,0.047484938950215216,False,2.720686592283706,0.18586394582193222,False,10.649219659244906
370,6.166048311658681,942,666,925.0,904.0,-0.010287702888966044,-0.07130746478529032,-0.5894419564222985,-3.4961748235525727,-0.010287702888966077,False,-0.5894419564223004,-0.07130746478529204,False,-4.085616779974975
371,6.182713307095597,913,666,840.0,894.0,-0.06984504991674083,-0.30986207885047,-4.001826580109811,-13.751962769172044,-0.0698450499167409,False,-4.001826580109816,-0.3098620788504718,False,-17.75378934928196
372,6.199378302532512,882,663,762.0,871.0,-0.13377187067393806,-0.5232783221319756,-7.664563607186518,-22.31707576166282,-0.13377187067393814,False,-7.664563607186523,-0.5232783221319757,False,-29.981639368849343
373,6.216043297969428,850,657,693.0,840.0,-0.20061875577897106,-0.7090761146524328,-11.494607997300836,-29.132460725818024,-0.20061875577897093,False,-11.494607997300829,-0.7090761146524329,False,-40.62706872311888
374,6.2327082934063425,818,648,634.0,805.0,-0.26896206961685626,-0.8644122033763201,-15.410391438149695,-34.1167795749176,-0.2689620696168564,False,-15.410391438149704,-0.8644122033763217,False,-49.5271710130674
375,6.249373288843258,786,636,584.0,769.0,-0.33940731966115806,-0.9885276053622446,-19.446606952431964,-37.191852766998466,-0.339407319661158,False,-19.44660695243196,-0.9885276053622434,False,-56.63845971943035
376,6.266038284280174,755,621,542.0,733.0,-0.4106247292097501,-1.0867054695403617,-23.527063947420974,-38.73657303102419,-0.41062472920975024,False,-23.527063947420984,-1.0867054695403624,False,-62.263636978445206
377,6.282703279717089,727,604,506.0,699.0,-0.478627761768176,-1.1648128378867473,-27.423350707109506,-39.315508826457254,-0.478627761768176,False,-27.423350707109506,-1.1648128378867462,False,-66.73885953356671
378,6.299368275154004,703,585,477.0,668.0,-0.5422330637520173,-1.21883157963399,-31.067666065438694,-38.76623938485223,-0.5422330637520174,False,-31.0676660654387,-1.2188315796339886,False,-69.83390545029084
379,6.3160332705909195,682,566,452.0,639.0,-0.6016273528307273,-1.2634615495967578,-34.470708156828735,-37.920306212124416,-0.6016273528307274,False,-34.47070815682874,-1.2634615495967587,False,-72.39101436895321
380,6.332698266027835,664,549,433.0,614.0,-0.6542533825843856,-1.2965035152647124,-37.48595755424325,-36.79822199429988,-0.6542533825843857,False,-37.48595755424326,-1.296503515264714,False,-74.28417954854321
381,6.349363261464751,650,532,418.0,591.0,-0.7008544078844502,-1.3217650009515085,-40.155999624919325,-35.57555643770736,-0.7008544078844503,False,-40.15599962491933,-1.3217650009515083,False,-75.73155606262667
382,6.366028256901665,640,518,405.0,571.0,-0.7373731037556042,-1.3489756579033279,-42.24836677165827,-35.04224509208597,-0.7373731037556039,False,-42.24836677165826,-1.3489756579033276,False,-77.29061186374423
383,6.382693252338581,631,507,397.0,555.0,-0.7682925224929618,-1.368474698416593,-44.01991897030658,-34.387905619402375,-0.7682925224929615,False,-44.01991897030656,-1.3684746984165912,False,-78.40782458970884
384,6.3993582477754964,626,499,391.0,542.0,-0.7885231532249819,-1.3898196526338376,-45.179048728138994,-34.45175165211803,-0.7885231532249817,False,-45.17904872813898,-1.389819652633836,False,-79.63080038025693
385,6.416023243212412,624,495,387.0,534.0,-0.7979366912288883,-1.407701034584656,-45.71840472604884,-34.936923371851485,-0.7979366912288883,False,-45.71840472604884,-1.4077010345846546,False,-80.65532809790024
386,6.432688238649327,624,495,387.0,530.0,-0.7979366912288883,-1.4241767571213613,-45.71840472604884,-35.880912737633274,-0.7979366912288883,False,-45.71840472604884,-1.4241767571213622,False,-81.59931746368215
387,6.449353234086242,626,498,389.0,532.0,-0.7900929645849435,-1.4283086048052016,-45.268992293696485,-36.56706260386057,-0.7900929645849435,False,-45.268992293696485,-1.4283086048052027,False,-81.83605489755713
388,6.466018229523158,630,505,393.0,538.0,-0.7729377491234337,-1.4324453566177713,-44.286070851114395,-37.78700246619601,-0.7729377491234337,False,-44.286070851114395,-1.4324453566177695,False,-82.0730733173103
389,6.482683224960073,637,515,400.0,551.0,-0.746657865733969,-1.420049945674475,-42.78034444680211,-38.582524138127134,-0.7466578657339689,False,-42.780344446802104,-1.4200499456744744,False,-81.36286858492922
390,6.499348220396988,646,528,411.0,568.0,-0.7131052615064161,-1.402199387185467,-40.857921832890526,-39.48218508866715,-0.7131052615064162,False,-40.85792183289053,-1.4021993871854654,False,-80.34010692155758
391,6.516013215833904,659,542,424.0,590.0,-0.6720400710056449,-1.3693124822817426,-38.50505973229562,-39.95076633703054,-0.6720400710056449,False,-38.50505973229562,-1.3693124822817424,False,-78.45582606932616
392,6.532678211270819,674,559,442.0,618.0,-0.6242315455722486,-1.3217650009515085,-35.76583300021815,-39.96572306240853,-0.6242315455722487,False,-35.76583300021816,-1.3217650009515083,False,-75.73155606262667
393,6.549343206707735,692,577,465.0,651.0,-0.5709554602418706,-1.2556681921409223,-32.71333816180866,-39.23114971668832,-0.5709554602418705,False,-32.71333816180865,-1.2556681921409236,False,-71.94448787849704
394,6.5660082021446495,714,594,494.0,687.0,-0.5126187918053986,-1.1708522736377356,-29.37089326954477,-37.714000443194045,-0.5126187918053988,False,-29.370893269544784,-1.1708522736377347,False,-67.08489371273878
395,6.582673197581565,739,611,530.0,726.0,-0.449629835638863,-1.0677694611399913,-25.76189192526774,-35.41679169101194,-0.44962983563886283,False,-25.76189192526773,-1.0677694611399922,False,-61.17868361627971
396,6.599338193018481,766,626,575.0,767.0,-0.3855217671581039,-0.9348772125588276,-22.08877016858458,-31.475748473990997,-0.38552176715810393,False,-22.088770168584585,-0.9348772125588276,False,-53.564518642575585
397,6.616003188455396,796,640,627.0,807.0,-0.3171784112073666,-0.79135047405204,-18.172984314847035,-27.168057964011815,-0.31717841120736656,False,-18.172984314847035,-0.7913504740520416,False,-45.34104227885895
398,6.632668183892311,827,651,688.0,843.0,-0.2494696508978248,-0.626625073946363,-14.29355811304739,-21.609413961152327,-0.2494696508978249,False,-14.293558113047396,-0.6266250739463644,False,-35.902972074199795
399,6.6493331793292265,859,659,758.0,874.0,-0.18169004501874142,-0.439170389325224,-10.41007275911581,-14.752537036336747,-0.1816900450187413,False,-10.410072759115803,-0.43917038932522345,False,-25.162609795452525
400,6.665998174766142,891,664,834.0,895.0,-0.11519028169268408,-0.24192056868440487,-6.5999169819138706,-7.261110581107282,-0.11519028169268397,False,-6.599916981913864,-0.2419205686844066,False,-13.861027563021247
401,6.682663170203058,921,666,914.0,903.0,-0.05344699228153171,-0.029527280763816062,-3.0622870854000537,1.3704985171355721,-0.05344699228153171,False,-3.0622870854000537,-0.02952728076381561,False,-1.6917885682644562
402,6.699328165639972,952,665,994.0,900.0,0.010308913146243284,0.1768561314739792,0.590657214646671,9.542452699823139,0.01030891314624327,False,0.5906572146466702,0.17685613147397916,False,10.13310991446981
403,6.715993161076888,982,661,1071.0,884.0,0.07263705478330638,0.37973298206161465,4.1617966753440045,17.595300538703512,0.07263705478330618,False,4.161796675343992,0.3797329820616149,False,21.75709721404753
404,6.7326581565138035,1011,656,1141.0,857.0,0.1336522473171937,0.5740985169942165,7.657709693713878,25.235712354774282,0.1336522473171935,False,7.657709693713867,0.5740985169942157,False,32.89342204848813
405,6.749323151950719,1040,648,1202.0,824.0,0.1961625148521003,0.7440017078479142,11.239284199697675,31.388873610513098,0.19616251485210023,False,11.239284199697671,0.7440017078479144,False,42.628157810210794
406,6.765988147387634,1067,637,1255.0,787.0,0.2567850960422421,0.8973540851399052,14.71270224508197,36.70189956225775,0.256785096042242,False,14.712702245081964,0.8973540851399058,False,51.41460180733974
407,6.782653142824549,1093,625,1298.0,748.0,0.3170240534690955,1.0303768265243125,18.164140267908916,40.87210320001755,0.31702405346909535,False,18.16414026790891,1.0303768265243107,False,59.03624346792638
408,6.799318138261465,1117,611,1335.0,711.0,0.3756967949594449,1.140718191739034,21.525840727768053,43.832497272673606,0.37569679495944497,False,21.525840727768056,1.1407181917390332,False,65.3583380004416
409,6.8159831336983805,1138,597,1363.0,676.0,0.4295145294940277,1.233131996549647,24.609369779555106,46.04388920528045,0.42951452949402746,False,24.60936977955509,1.2331319965496483,False,70.65325898483565
410,6.832648129135295,1156,583,1386.0,644.0,0.4784248584082984,1.3115474805122347,27.411725200939493,47.734410063428136,0.4784248584082986,False,27.411725200939507,1.3115474805122354,False,75.14613526436767
411,6.849313124572211,1172,569,1405.0,617.0,0.5243903388728083,1.367630014845971,30.045353234846946,48.31407455124132,0.5243903388728084,False,30.045353234846953,1.3676300148459717,False,78.3594277860883
412,6.865978120009126,1185,556,1419.0,593.0,0.564316261158635,1.4139750072006476,32.33294007499213,48.681860174585175,0.564316261158635,False,32.33294007499213,1.4139750072006478,False,81.0148002495773
413,6.882643115446042,1194,546,1430.0,575.0,0.5936558096553426,1.448527922855778,34.013972376672875,48.980564109814885,0.5936558096553428,False,34.01397237667289,1.448527922855778,False,82.99453648648777
414,6.899308110882957,1201,538,1438.0,561.0,0.6170715305796513,1.474052864455957,35.35559435989193,49.10141355260399,0.6170715305796515,False,35.355594359891946,1.474052864455956,False,84.45700791249588
415,6.915973106319872,1205,533,1442.0,550.0,0.6311504101984826,1.4991890119436302,36.162254742323725,49.734948334434236,0.6311504101984826,False,36.162254742323725,1.4991890119436313,False,85.89720307675805
416,6.932638101756788,1207,531,1444.0,546.0,0.6375487981386927,1.5075894948974364,36.52885536698517,49.84965992889749,0.6375487981386927,False,36.52885536698517,1.507589494897438,False,86.37851529588275
417,6.949303097193703,1206,532,1443.0,545.0,0.6343480463341549,1.5159989198217811,36.345465797316265,50.51487405486345,0.6343480463341549,False,36.345465797316265,1.515998919821783,False,86.86033985217983
418,6.965968092630618,1202,536,1439.0,550.0,0.6215768013700588,1.5117931630008639,35.61372736174585,51.00564037493696,0.6215768013700589,False,35.61372736174586,1.5117931630008634,False,86.61936773668279
419,6.982633088067534,1196,543,1433.0,562.0,0.601234345471156,1.4907986402624973,34.448190493807715,50.968279697075275,0.601234345471156,False,34.448190493807715,1.490798640262497,False,85.41647019088296
420,6.999298083504449,1188,553,1424.0,577.0,0.5736375704872542,1.4694498235292288,32.86701175905793,51.32626133541047,0.5736375704872541,False,32.86701175905793,1.469449823529228,False,84.19327309446837
421,7.015963078941365,1176,565,1411.0,598.0,0.5365910350551174,1.4312830579019473,30.744401633214633,51.262076873145595,0.5365910350551175,False,30.74440163321464,1.4312830579019469,False,82.00647850636018
422,7.032628074378279,1162,578,1394.0,625.0,0.4952888752158351,1.3709152708204868,28.377962189649033,50.169696898399124,0.4952888752158353,False,28.377962189649043,1.3709152708204861,False,78.54765908804812
423,7.049293069815195,1144,592,1373.0,657.0,0.4460196604269095,1.294227768195608,25.555044122320055,48.59874472392412,0.4460196604269093,False,25.555044122320044,1.2942277681956078,False,74.15378884624417
424,7.065958065252111,1124,607,1345.0,692.0,0.39296053429239924,1.2036224929766774,22.514980130160332,46.44750884441786,0.3929605342923992,False,22.51498013016033,1.2036224929766774,False,68.96248897457819
425,7.082623060689026,1100,621,1310.0,731.0,0.333945071844894,1.0882830317724197,19.133643205905482,43.22038143035583,0.33394507184489397,False,19.13364320590548,1.08828303177242,False,62.354024636261336
426,7.099288056125941,1075,634,1268.0,772.0,0.27480520613523457,0.9500568849473122,15.745178499771537,38.6890713050555,0.2748052061352344,False,15.745178499771528,0.9500568849473119,False,54.434249804827004
427,7.115953051562856,1048,645,1217.0,811.0,0.21388211213714817,0.794353147898415,12.25454233880239,33.25854047870808,0.21388211213714836,False,12.254542338802402,0.7943531478984163,False,45.51308281751053
428,7.132618046999772,1019,653,1155.0,847.0,0.15106026251525606,0.6114175272111867,8.655115494262446,26.376528335263718,0.15106026251525595,False,8.65511549426244,0.6114175272111879,False,35.03164382952623
429,7.1492830424366876,990,660,1086.0,877.0,0.08934484005348757,0.4165127351873055,5.11908225633623,18.74533958334647,0.08934484005348775,False,5.119082256336241,0.4165127351873039,False,23.86442183968261
430,7.165948037873602,961,664,1010.0,897.0,0.028917556608932894,0.20727991668300638,1.6568539475224957,10.219410456237117,0.028917556608933026,False,1.6568539475225033,0.2072799166830066,False,11.87626440375962
431,7.182613033310518,931,665,932.0,904.0,-0.03297773075373703,0.004184076002074724,-1.8894847901079108,2.1292146861887606,-0.03297773075373689,False,-1.8894847901079028,0.004184076002076154,False,0.23972989608093428
432,7.199278028747433,900,664,854.0,899.0,-0.09680391713163569,-0.19330057864443415,-5.546455891976891,-5.528851441785837,-0.0968039171316355,False,-5.54645589197688,-0.19330057864443262,False,-11.075307333762641
433,7.215943024184349,869,661,782.0,884.0,-0.1607627406258347,-0.3719728371687995,-9.211026540816666,-12.101447122462533,-0.1607627406258345,False,-9.211026540816656,-0.3719728371687978,False,-21.312473663279114
434,7.232608019621264,839,654,715.0,860.0,-0.22402364703792346,-0.5418460328264589,-12.83560948640144,-18.209881340461713,-0.22402364703792355,False,-12.835609486401445,-0.5418460328264594,False,-31.045490826863183
435,7.249273015058179,808,645,656.0,831.0,-0.29047001761244,-0.6851436878918729,-16.642706084283503,-22.613135591949337,-0.29047001761243996,False,-16.6427060842835,-0.6851436878918733,False,-39.25584167623286
436,7.265938010495095,779,633,605.0,799.0,-0.35513696533334255,-0.8089232343826652,-20.347849262684356,-26.000038017514253,-0.3551369653333425,False,-20.347849262684353,-0.8089232343826644,False,-46.347887280198556
437,7.28260300593201,752,619,561.0,766.0,-0.4180129577793755,-0.9148477281327512,-23.95037826253849,-28.466535456599896,-0.4180129577793754,False,-23.950378262538482,-0.9148477281327523,False,-52.416913719138456
438,7.299268001368925,727,603,526.0,734.0,-0.47959372444500803,-0.9931979720941201,-27.47869629165914,-29.427355730286042,-0.4795937244450079,False,-27.478696291659134,-0.9931979720941193,False,-56.90605202194515
439,7.315932996805841,705,587,495.0,703.0,-0.5364354576047312,-1.066126967422197,-30.7354877019201,-30.349087956453197,-0.536435457604731,False,-30.735487701920086,-1.0661269674221963,False,-61.08457565837326
440,7.332597992242756,686,570,469.0,674.0,-0.5897756513349794,-1.1238757821069176,-33.7916556810735,-30.601683330617405,-0.5897756513349792,False,-33.791655681073486,-1.1238757821069179,False,-64.39333901169091
441,7.349262987679672,670,555,449.0,648.0,-0.6362082307961997,-1.172476187417442,-36.45204651610725,-30.72589060250189,-0.6362082307961998,False,-36.45204651610725,-1.1724761874174412,False,-67.1779371186091
442,7.365927983116587,658,542,432.0,623.0,-0.6737294793183124,-1.2266516247252184,-38.601855698485785,-31.680105331134516,-0.6737294793183124,False,-38.601855698485785,-1.2266516247252177,False,-70.28196102962028
443,7.382592978553502,648,530,420.0,603.0,-0.7069768862529703,-1.2609342479444265,-40.50679179559567,-31.73941885512248,-0.7069768862529702,False,-40.50679179559566,-1.2609342479444265,False,-72.24621065071814
444,7.399257973990418,642,522,411.0,587.0,-0.7282733649693802,-1.2965035152647124,-41.72699014453614,-32.557189404007,-0.7282733649693802,False,-41.72699014453614,-1.296503515264714,False,-74.28417954854321
445,7.415922969427333,637,516,404.0,573.0,-0.745172196358328,-1.3308732323252317,-42.69522186182605,-33.5581974173436,-0.745172196358328,False,-42.69522186182605,-1.3308732323252315,False,-76.25341927916965
446,7.432587964864249,636,513,401.0,566.0,-0.7512499523216786,-1.3489756579033279,-43.043451627436504,-34.24716023630773,-0.7512499523216785,False,-43.0434516274365,-1.3489756579033276,False,-77.29061186374423
447,7.4492529603011635,636,514,401.0,563.0,-0.7497543512766036,-1.3652310140723551,-42.957759999718355,-35.26421516699311,-0.7497543512766036,False,-42.957759999718355,-1.3652310140723536,False,-78.22197516671136
448,7.465917955738079,638,518,404.0,564.0,-0.7406058871873629,-1.3766902287645697,-42.43359161837786,-36.444948186731786,-0.7406058871873631,False,-42.433591618377875,-1.37669022876457,False,-78.87853980510967
449,7.482582951174995,643,524,409.0,572.0,-0.7237479927581892,-1.368474698416593,-41.46770541610911,-36.94011917359982,-0.7237479927581894,False,-41.46770541610912,-1.3684746984165912,False,-78.40782458970884
450,7.49924794661191,651,533,417.0,585.0,-0.6977955207015903,-1.3521273809209546,-39.98073829933479,-37.49045399151369,-0.6977955207015905,False,-39.980738299334796,-1.3521273809209546,False,-77.47119229084849
451,7.515912942048825,661,545,428.0,602.0,-0.6646368738264258,-1.3308732323252317,-38.08088777902321,-38.17253150014645,-0.6646368738264257,False,-38.0808877790232,-1.3308732323252315,False,-76.25341927916965
452,7.5325779374857404,674,559,444.0,625.0,-0.6242315455722486,-1.2913485626685244,-35.76583300021815,-38.222989520973385,-0.6242315455722487,False,-35.76583300021816,-1.2913485626685244,False,-73.98882252119154
453,7.549242932922656,689,574,463.0,652.0,-0.5797577962605973,-1.2384641567771786,-33.21767486553769,-37.741094396022966,-0.5797577962605973,False,-33.21767486553769,-1.2384641567771801,False,-70.95876926156073
454,7.565907928359572,708,590,489.0,683.0,-0.5277710963956223,-1.1692157866860171,-30.239056372461288,-36.75207354471585,-0.5277710963956221,False,-30.23905637246128,-1.1692157866860171,False,-66.99112991717713
455,7.582572923796486,730,606,520.0,718.0,-0.471131098859666,-1.0808390005411683,-26.993823562019614,-34.93368950212742,-0.471131098859666,False,-26.993823562019614,-1.080839000541168,False,-61.927513064147035
456,7.599237919233402,754,621,558.0,754.0,-0.41252939009212786,-0.9745971854974165,-23.636192977384884,-32.20411247694568,-0.41252939009212763,False,-23.636192977384873,-0.9745971854974158,False,-55.840305454330526
457,7.615902914670317,781,634,603.0,791.0,-0.35053841072204256,-0.8480028124546374,-20.084371491596443,-28.502610677278152,-0.3505384107220424,False,-20.084371491596432,-0.8480028124546379,False,-48.586982168874634
458,7.632567910107233,810,645,656.0,826.0,-0.2865170994252209,-0.7049749875780165,-16.416220555395345,-23.975870895112628,-0.28651709942522086,False,-16.41622055539534,-0.7049749875780158,False,-40.39209145050794
459,7.649232905544148,840,655,717.0,858.0,-0.22156490569976478,-0.5447547332268438,-12.6947339848106,-18.517413098862622,-0.22156490569976484,False,-12.694733984810602,-0.5447547332268421,False,-31.212147083673127
460,7.665897900981063,870,661,785.0,883.0,-0.1587363454587446,-0.365663717176949,-9.094922650116697,-11.856065065187874,-0.1587363454587445,False,-9.09492265011669,-0.36566371717695034,False,-20.95098771530464
461,7.682562896417979,900,664,858.0,898.0,-0.09680391713163569,-0.1775961672834879,-5.546455891976891,-4.629054951066323,-0.0968039171316355,False,-5.54645589197688,-0.1775961672834896,False,-10.175510843043304
462,7.699227891854894,930,666,934.0,904.0,-0.03496516785698147,0.016805140515041995,-2.0033565481715234,2.9662201738077294,-0.03496516785698134,False,-2.003356548171516,0.016805140515042893,False,0.9628636256362644
463,7.715892887291809,959,664,1009.0,898.0,0.02478831003729964,0.21050956212735614,1.4202655463990457,10.641043910645452,0.02478831003729942,False,1.420265546399033,0.21050956212735628,False,12.06130945704451
464,7.732557882728725,987,661,1081.0,881.0,0.08296917407871446,0.4037940918851321,4.753783504396568,18.38191375293926,0.0829691740787144,False,4.753783504396566,0.40379409188513193,False,23.135697257335824
465,7.74922287816564,1015,655,1146.0,855.0,0.1421917790282859,0.5798821323938134,8.146988819777592,25.07780998143435,0.14219177902828584,False,8.146988819777588,0.5798821323938128,False,33.22479880121191
466,7.765887873602556,1041,647,1203.0,824.0,0.1986306353849109,0.7411792190017954,11.380697089557303,31.08574402204813,0.198630635384911,False,11.380697089557309,0.741179219001797,False,42.46644111160551
467,7.7825528690394705,1067,637,1252.0,789.0,0.2567850960422421,0.883009810267973,14.71270224508197,35.88003315192045,0.256785096042242,False,14.712702245081964,0.8830098102679713,False,50.59273539700234
468,7.799217864476386,1091,626,1293.0,754.0,0.31230414173209053,1.005991417351594,17.893709245704272,39.74535319492583,0.31230414173209065,False,17.893709245704276,1.005991417351595,False,57.63906244063016
469,7.815882859913302,1112,614,1327.0,719.0,0.3633080729606885,1.1164942401015805,20.816019243678433,43.1543885648081,0.36330807296068857,False,20.816019243678436,1.1164942401015807,False,63.97040780848656
470,7.832547855350217,1132,601,1354.0,687.0,0.4140291676147547,1.2012099524220767,23.72212389963999,45.102136683255424,0.4140291676147547,False,23.72212389963999,1.2012099524220758,False,68.82426058289536
471,7.849212850787132,1149,589,1377.0,659.0,0.4587456874793569,1.272913917941948,26.284191762394602,46.648403419141,0.45874568747935696,False,26.284191762394606,1.272913917941949,False,72.93259518153567
472,7.8658778462240475,1163,577,1394.0,634.0,0.4982872129824641,1.3288757581104917,28.549754289231554,47.5892181477473,0.49828721298246403,False,28.54975428923155,1.3288757581104917,False,76.13897243697885
473,7.882542841660963,1174,566,1407.0,614.0,0.5316108426216083,1.367630014845971,30.459057625611575,47.900370160476676,0.5316108426216082,False,30.459057625611567,1.3676300148459717,False,78.3594277860883
474,7.899207837097879,1183,558,1417.0,598.0,0.5581235779864939,1.4014925486391092,31.978125465366762,48.32148259068743,0.5581235779864939,False,31.978125465366762,1.4014925486391085,False,80.29960805605417
475,7.915872832534793,1189,552,1424.0,586.0,0.5767530781209051,1.4271124962482484,33.045517197506925,48.722005727897255,0.5767530781209054,False,33.04551719750694,1.4271124962482489,False,81.7675229254042
476,7.932537827971709,1192,548,1427.0,580.0,0.5873752510577246,1.4354585102624873,33.65412287604476,48.59159142813231,0.5873752510577246,False,33.65412287604476,1.4354585102624888,False,82.24571430417718
477,7.9492028234086245,1193,548,1428.0,577.0,0.5892557357236994,1.4480128343593874,33.76186671084419,49.20315737872466,0.5892557357236994,False,33.76186671084419,1.448012834359389,False,82.96502408956894
478,7.96586781884554,1191,549,1426.0,580.0,0.5842408658054787,1.4396387160933264,33.474535829723024,49.01068662605712,0.5842408658054787,False,33.474535829723024,1.4396387160933273,False,82.4852224557802
479,7.982532814282455,1187,554,1421.0,588.0,0.5705262306876357,1.4265069322571542,32.68874511990872,49.04408154458066,0.5705262306876357,False,32.68874511990872,1.4265069322571549,False,81.73282666448941
480,7.99919780971937,1180,561,1414.0,601.0,0.5488678399729352,1.4014925486391092,31.44781074091105,48.85179731514317,0.5488678399729352,False,31.44781074091105,1.4014925486391085,False,80.29960805605417
481,8.015862805156285,1170,570,1402.0,619.0,0.5194222047972108,1.3626484931539147,29.760700120260083,48.31330749732048,0.5194222047972108,False,29.760700120260083,1.362648493153916,False,78.07400761758063
482,8.0325278005932,1158,581,1387.0,642.0,0.4843751435506959,1.3104657480335227,27.75265142649827,47.33150513227693,0.4843751435506958,False,27.752651426498264,1.310465748033522,False,75.08415655877518
483,8.049192796030116,1143,594,1368.0,669.0,0.4421665386598971,1.2490457723982544,25.334276507120254,46.230774669957746,0.44216653865989697,False,25.334276507120247,1.2490457723982544,False,71.56505117707799
484,8.065857791467032,1125,606,1342.0,700.0,0.39579078614450225,1.1620178304868094,22.677141616244917,43.901575789597594,0.39579078614450225,False,22.677141616244917,1.1620178304868105,False,66.57871740584257
485,8.082522786903947,1104,619,1311.0,734.0,0.34345677836799116,1.0636978224025597,19.678623845646005,41.26677205527686,0.34345677836799116,False,19.678623845646005,1.0636978224025597,False,60.94539590092286
486,8.099187782340863,1080,631,1273.0,770.0,0.2867715568112775,0.9466367923122314,16.430799889682316,37.80749304161079,0.2867715568112774,False,16.430799889682312,0.9466367923122299,False,54.238292931293024
487,8.115852777777778,1055,642,1227.0,805.0,0.22964244228513467,0.8122573742758878,13.157542740014808,33.38137668437166,0.22964244228513486,False,13.15754274001482,0.8122573742758874,False,46.53891942438643
488,8.132517773214694,1028,651,1173.0,839.0,0.17030859034075574,0.6569796522436236,9.757963441347803,27.884197858184365,0.17030859034075574,False,9.757963441347803,0.6569796522436242,False,37.64216129953219
489,8.149182768651608,1000,658,1111.0,868.0,0.11042760005278779,0.4862426330875049,6.327035424783367,21.532615270458894,0.11042760005278796,False,6.327035424783377,0.4862426330875067,False,27.859650695242372
490,8.165847764088523,972,663,1044.0,890.0,0.051713685607410506,0.30714335966663053,2.962975928371051,14.635042285995548,0.0517136856074103,False,2.9629759283710393,0.30714335966662887,False,17.59801821436651
491,8.182512759525439,943,665,971.0,902.0,-0.008247235691532719,0.1175983406109762,-0.4725317977744817,7.2104203925253225,-0.00824723569153285,False,-0.4725317977744892,0.11759834061097507,False,6.737888594750783
492,8.199177754962355,913,665,897.0,903.0,-0.06998859098961109,-0.0671258882021007,-4.010050877772057,0.16402078772467799,-0.06998859098961097,False,-4.01005087777205,-0.0671258882020993,False,-3.8460300900472957
493,8.21584275039927,884,663,826.0,895.0,-0.1297025371559121,-0.24497866312686414,-7.431407971172507,-6.604835496753972,-0.12970253715591218,False,-7.431407971172511,-0.24497866312686511,False,-14.036243467926534
494,8.232507745836186,855,658,759.0,878.0,-0.190143471033547,-0.41145624341370224,-10.894418392190264,-12.680287809722342,-0.19014347103354723,False,-10.894418392190277,-0.4114562434137028,False,-23.574706201912647
495,8.249172741273101,825,651,700.0,855.0,-0.25345303652983475,-0.549738226935052,-14.521789297934612,-16.97589094244893,-0.25345303652983464,False,-14.521789297934605,-0.5497382269350517,False,-31.497680240383534
496,8.265837736710017,797,641,646.0,827.0,-0.31457520461278343,-0.6819116146255717,-18.023831563776795,-21.04682595521991,-0.3145752046127832,False,-18.023831563776785,-0.681911614625573,False,-39.070657518996796
497,8.28250273214693,771,629,599.0,797.0,-0.37357541378176773,-0.7971623265472071,-21.40429453954866,-24.269742358435856,-0.37357541378176773,False,-21.40429453954866,-0.7971623265472054,False,-45.674036897984415
498,8.299167727583846,746,616,561.0,768.0,-0.43197134848157487,-0.883009810267973,-24.750135138569163,-25.84260025843327,-0.43197134848157503,False,-24.75013513856917,-0.8830098102679713,False,-50.59273539700234
499,8.315832723020762,724,601,527.0,739.0,-0.48711747711552983,-0.9597297629638178,-27.909775565780322,-27.078689325137344,-0.4871174771155298,False,-27.90977556578032,-0.9597297629638177,False,-54.98846489091766
500,8.332497718457677,704,587,498.0,712.0,-0.5382487366759503,-1.0253946613414127,-30.839380939780355,-27.911405490328942,-0.5382487366759503,False,-30.839380939780355,-1.0253946613414122,False,-58.75078643010927
501,8.349162713894593,687,572,476.0,686.0,-0.5856441173545324,-1.075442928313905,-33.554936221079,-28.06340467849812,-0.5856441173545326,False,-33.55493622107901,-1.0754429283139046,False,-61.61834089957708
502,8.365827709331509,673,559,457.0,663.0,-0.6259665502174243,-1.1220729827841756,-35.86524144382232,-28.424804775366436,-0.6259665502174245,False,-35.86524144382233,-1.122072982784175,False,-64.29004621918871
503,8.382492704768424,663,548,442.0,642.0,-0.6572696018567515,-1.1686382679808633,-37.65877418863584,-29.299266344146126,-0.6572696018567514,False,-37.65877418863583,-1.1686382679808638,False,-66.95804053278198
504,8.39915770020534,655,539,431.0,626.0,-0.6828406638414339,-1.2003359795629696,-39.12388811802556,-29.650297508634015,-0.6828406638414339,False,-39.12388811802556,-1.2003359795629684,False,-68.77418562665953
505,8.415822695642253,650,532,424.0,612.0,-0.7008544078844502,-1.2305782151502134,-40.155999624919325,-30.35093846392969,-0.7008544078844503,False,-40.15599962491933,-1.2305782151502136,False,-70.50693808884903
506,8.432487691079169,647,529,419.0,603.0,-0.7100403649866573,-1.256961174366988,-40.682316197664015,-31.33625410537196,-0.7100403649866571,False,-40.682316197664,-1.2569611743669888,False,-72.01857030303601
507,8.449152686516085,646,528,417.0,600.0,-0.7131052615064161,-1.2661718975503518,-40.857921832890526,-31.68838403481548,-0.7131052615064162,False,-40.85792183289053,-1.2661718975503504,False,-72.54630586770594
508,8.465817681953,648,530,419.0,601.0,-0.7069768862529703,-1.2701508177022853,-40.50679179559567,-32.26748940383569,-0.7069768862529702,False,-40.50679179559566,-1.2701508177022838,False,-72.77428119943127
509,8.482482677389916,652,535,423.0,606.0,-0.6933513145340415,-1.2701508177022853,-39.72610404264823,-33.048177156783126,-0.6933513145340413,False,-39.726104042648224,-1.2701508177022838,False,-72.77428119943127
510,8.499147672826831,658,542,430.0,617.0,-0.6737294793183124,-1.2529983209850046,-38.601855698485785,-33.189659830933394,-0.6737294793183124,False,-38.601855698485785,-1.2529983209850037,False,-71.79151552941913
511,8.515812668263747,667,552,441.0,632.0,-0.6452193201608383,-1.2305782151502134,-36.968343905516264,-33.538594183332755,-0.6452193201608383,False,-36.968343905516264,-1.2305782151502136,False,-70.50693808884903
512,8.532477663700663,678,564,456.0,652.0,-0.6110754314377115,-1.1934003595584717,-35.012043185516774,-33.364760686578585,-0.6110754314377114,False,-35.01204318551677,-1.1934003595584706,False,-68.3768038720953
513,8.549142659137576,692,577,475.0,676.0,-0.5709554602418706,-1.1427809095071757,-32.71333816180866,-32.76318486107416,-0.5709554602418705,False,-32.71333816180865,-1.1427809095071773,False,-65.47652302288292
514,8.565807654574492,709,591,500.0,704.0,-0.5248916765121898,-1.0751445832603679,-30.07407776569456,-31.52716922147627,-0.5248916765121896,False,-30.074077765694547,-1.0751445832603679,False,-61.60124698717082
515,8.582472650011407,730,605,530.0,735.0,-0.47208227307607653,-0.9944211062037129,-27.0483218302016,-29.927810614001768,-0.47208227307607675,False,-27.048321830201612,-0.9944211062037134,False,-56.97613244420338
516,8.599137645448323,752,619,566.0,768.0,-0.4180129577793755,-0.895400076670389,-23.95037826253849,-27.352267106365137,-0.4180129577793754,False,-23.950378262538482,-0.8954000766703878,False,-51.30264536890355
517,8.615802640885239,777,632,608.0,799.0,-0.35974013191547255,-0.79135047405204,-20.611591280236066,-24.7294509986228,-0.3597401319154727,False,-20.611591280236073,-0.7913504740520416,False,-45.34104227885895
518,8.632467636322154,804,643,657.0,830.0,-0.2995609855033537,-0.6662053648835761,-17.163580176121805,-21.007175520680125,-0.29956098550335364,False,-17.1635801761218,-0.6662053648835773,False,-38.170755696802004
519,8.64913263175907,833,653,713.0,858.0,-0.23650428972389353,-0.5295895987820763,-13.550697637918345,-16.79255124632122,-0.23650428972389337,False,-13.550697637918336,-0.5295895987820778,False,-30.34324888423966
520,8.665797627195985,863,659,774.0,880.0,-0.17360013271258498,-0.3828446425313149,-9.946554927342099,-11.988827298896936,-0.1736001327125849,False,-9.946554927342094,-0.3828446425313139,False,-21.93538222623898
521,8.6824626226329,892,663,841.0,895.0,-0.11338324804238618,-0.21638584481804565,-6.496381580313682,-5.901614074133116,-0.11338324804238598,False,-6.4963815803136695,-0.21638584481804557,False,-12.397995654446786
522,8.699127618069815,921,665,910.0,903.0,-0.0535569818743805,-0.04618561965887765,-3.0685890248606515,0.4223479442105225,-0.053556981874380405,False,-3.068589024860646,-0.04618561965887835,False,-2.6462410806501744
523,8.71579261350673,950,664,980.0,901.0,0.006198267730121377,0.12591262568579822,0.35513458122808766,6.859127457978668,0.006198267730121554,False,0.3551345812280978,0.12591262568579964,False,7.214262039206842
524,8.732457608943646,978,662,1048.0,890.0,0.06422689274733298,0.29788240885294875,3.6799298856615765,13.387474932802816,0.06422689274733306,False,3.6799298856615814,0.29788240885294925,False,17.06740481846442
525,8.749122604380561,1005,656,1111.0,871.0,0.12125102106994563,0.4580506525194391,6.947171768959704,19.297197423617575,0.12125102106994579,False,6.947171768959713,0.45805065251943944,False,26.244369192577288
526,8.765787599817477,1031,650,1169.0,846.0,0.1768561314739792,0.6134600655737035,10.133109914469811,25.015562742722143,0.17685613147397916,False,10.13310991446981,0.6134600655737046,False,35.148672657192
527,8.782452595254393,1056,641,1219.0,816.0,0.23217854299060015,0.7499101102337746,13.302850606858131,29.663833723727485,0.23217854299060026,False,13.302850606858138,0.749910110233774,False,42.96668433058557
528,8.799117590691308,1078,631,1262.0,784.0,0.28268687859019415,0.8771281411474733,16.196765066945236,34.05897551296015,0.28268687859019437,False,16.196765066945247,0.8771281411474732,False,50.25574057990537
529,8.815782586128222,1099,621,1299.0,752.0,0.331919695372435,0.9909141944010833,19.017597682108487,37.75760351667959,0.3319196953724348,False,19.017597682108477,0.990914194401082,False,56.77520119878799
530,8.832447581565138,1118,610,1329.0,721.0,0.3784999592590434,1.086513748409813,21.686450211416794,40.566201955404466,0.37849995925904345,False,21.686450211416794,1.0865137484098142,False,62.25265216682131
531,8.849112577002053,1134,599,1353.0,694.0,0.41977334360916835,1.1615041288686656,24.051240940900254,42.49804353029355,0.4197733436091684,False,24.051240940900257,1.161504128868664,False,66.54928447119373
532,8.865777572438969,1148,588,1372.0,668.0,0.45774797243402615,1.2277723863741932,26.227026901140448,44.119149040806235,0.4577479724340261,False,26.227026901140444,1.2277723863741947,False,70.34617594194678
533,8.882442567875884,1159,579,1387.0,646.0,0.48839503094882897,1.2849823583573698,27.982974008529123,45.641091874115276,0.48839503094882897,False,27.982974008529123,1.284982358357368,False,73.6240658826443
534,8.8991075633128,1168,572,1399.0,629.0,0.5133578657700254,1.3288757581104917,29.413239088465886,46.72573334851296,0.5133578657700255,False,29.413239088465893,1.3288757581104917,False,76.13897243697885
535,8.915772558749715,1174,566,1406.0,616.0,0.5316108426216083,1.3585258310788055,30.459057625611575,47.37873885470659,0.5316108426216082,False,30.459057625611567,1.3585258310788042,False,77.83779648031809
536,8.932437554186631,1178,562,1411.0,608.0,0.5438770354747033,1.3758780533719766,31.161858706787456,47.670146876102216,0.5438770354747033,False,31.161858706787456,1.3758780533719772,False,78.83200558288972
537,8.949102549623545,1179,561,1412.0,605.0,0.5469553549165153,1.3841530407361171,31.338233418796346,47.96789401558267,0.5469553549165154,False,31.338233418796353,1.3841530407361162,False,79.30612743437896
538,8.96576754506046,1177,563,1411.0,605.0,0.5408033774110369,1.3932001595114087,30.985751072073015,48.83873808488377,0.540803377411037,False,30.985751072073022,1.3932001595114087,False,79.8244891569568
539,8.982432540497376,1173,566,1406.0,612.0,0.5296837164288573,1.3758780533719766,30.348641428177825,48.48336415471186,0.529683716428857,False,30.348641428177814,1.3758780533719772,False,78.83200558288972
540,8.999097535934292,1167,572,1399.0,624.0,0.5114199986658374,1.350302565428225,29.302207482138677,48.06443058258632,0.5114199986658372,False,29.302207482138666,1.3503025654282261,False,77.36663806472507
541,9.015762531371207,1158,580,1388.0,639.0,0.48540480827725846,1.3196890376417834,27.8116468696438,47.800965256911624,0.4854048082772584,False,27.811646869643795,1.3196890376417834,False,75.61261212655542
542,9.032427526808123,1146,590,1373.0,660.0,0.4518719021060261,1.2716783918832588,25.890352871223993,46.971451881670305,0.451871902106026,False,25.890352871223985,1.2716783918832597,False,72.86180475289434
543,9.049092522245038,1132,601,1354.0,685.0,0.4140291676147547,1.2090670852749643,23.72212389963999,45.55231723479948,0.4140291676147547,False,23.72212389963999,1.2090670852749632,False,69.2744411344394
544,9.065757517681954,1115,612,1329.0,713.0,0.37089128881266237,1.1298291380655072,21.25050550713324,43.48393567492391,0.37089128881266253,False,21.250505507133248,1.1298291380655066,False,64.73444118205711
545,9.082422513118868,1095,623,1299.0,744.0,0.3224276023636036,1.0354382438957448,18.473740813956816,40.85250050770692,0.3224276023636037,False,18.473740813956816,1.0354382438957437,False,59.32624132166369
546,9.099087508555783,1073,634,1262.0,777.0,0.2707196292562142,0.9230758337586088,15.511092187727439,37.37725725716045,0.27071962925621396,False,15.511092187727426,0.9230758337586096,False,52.88834944488793
547,9.115752503992699,1049,643,1218.0,811.0,0.2168387031223454,0.7883655137385233,12.423942524000617,32.74607412687968,0.21683870312234532,False,12.423942524000614,0.7883655137385226,False,45.170016650880264
548,9.132417499429614,1024,652,1167.0,841.0,0.16171108353020036,0.6477204930362879,9.265362586767997,27.846287968344118,0.16171108353020047,False,9.265362586768005,0.6477204930362888,False,37.11165055511218
549,9.14908249486653,998,658,1108.0,868.0,0.10629244301132114,0.4825132950224769,6.090108378683524,21.55586698505516,0.10629244301132124,False,6.09010837868353,0.4825132950224784,False,27.645975363738767
550,9.165747490303445,971,662,1044.0,889.0,0.04975144208251325,0.31114087293310727,2.8505476560175644,14.976511197065722,0.049751442082513364,False,2.850547656017571,0.3111408729331089,False,17.82705885308337
551,9.182412485740361,944,665,975.0,901.0,-0.006185488122967197,0.13060816994581406,-0.35440236367431793,7.837699271496861,-0.006185488122967264,False,-0.3544023636743218,0.1306081699458126,False,7.483296907822464
552,9.199077481177277,916,665,906.0,903.0,-0.06383069456671843,-0.041992107221369514,-3.657229402061601,1.251258885416309,-0.06383069456671864,False,-3.657229402061613,-0.04199210722136826,False,-2.405970516645228
553,9.215742476614192,889,663,838.0,896.0,-0.11951056533565238,-0.21548569150556338,-6.847451000955358,-5.498969667771484,-0.11951056533565252,False,-6.847451000955366,-0.21548569150556318,False,-12.346420668726825
554,9.232407472051106,861,658,774.0,882.0,-0.178011881248316,-0.370460347231927,-10.199329498712506,-11.026484874627899,-0.1780118812483158,False,-10.199329498712496,-0.37046034723192633,False,-21.22581437334037
555,9.249072467488022,833,652,715.0,862.0,-0.23698682528402448,-0.511937176307204,-13.57834488897883,-15.753494689268678,-0.2369868252840246,False,-13.578344888978837,-0.5119371763072031,False,-29.331839578247465
556,9.265737462924937,806,644,664.0,837.0,-0.2950119839235918,-0.6343193968699077,-16.902941584603102,-19.4408827193265,-0.2950119839235916,False,-16.90294158460309,-0.634319396869909,False,-36.343824303929665
557,9.282402458361853,781,633,618.0,810.0,-0.3512501909961484,-0.7442449407560053,-20.12515349724337,-22.516940532039712,-0.3512501909961485,False,-20.125153497243378,-0.7442449407560048,False,-42.642094029283065
558,9.299067453798768,757,621,579.0,783.0,-0.40680592121832615,-0.8324222952401945,-23.308262366741552,-24.386021923114548,-0.4068059212183259,False,-23.30826236674154,-0.8324222952401961,False,-47.69428428985619
559,9.315732449235684,735,608,545.0,756.0,-0.4599023081609703,-0.9090248259535488,-26.350461245948594,-25.73282475380398,-0.4599023081609701,False,-26.350461245948583,-0.9090248259535478,False,-52.08328599975251
560,9.3323974446726,716,595,518.0,732.0,-0.5079165001199124,-0.9655143372054246,-29.10147180192695,-26.218424779314876,-0.5079165001199124,False,-29.10147180192695,-0.9655143372054233,False,-55.31989658124175
561,9.349062440109515,699,582,495.0,708.0,-0.5527645521148087,-1.017502001472604,-31.67107590061778,-26.627494429876506,-0.5527645521148088,False,-31.671075900617787,-1.0175020014726037,False,-58.298570330494265
562,9.365727435546429,686,570,476.0,687.0,-0.5897756513349794,-1.0624857017840694,-33.7916556810735,-27.084290824149083,-0.5897756513349792,False,-33.791655681073486,-1.0624857017840696,False,-60.87594650522259
563,9.382392430983344,675,560,460.0,668.0,-0.6212445105300607,-1.1052899838751888,-35.59468849904311,-27.733762715088023,-0.6212445105300608,False,-35.594688499043116,-1.1052899838751884,False,-63.32845121413111
564,9.39905742642026,667,552,449.0,652.0,-0.6452193201608383,-1.140718191739034,-36.968343905516264,-28.389994094925402,-0.6452193201608383,False,-36.968343905516264,-1.1407181917390332,False,-65.3583380004416
565,9.415722421857176,662,546,441.0,640.0,-0.6616103837643317,-1.1686382679808633,-37.90748267172693,-29.050557861055044,-0.6616103837643319,False,-37.90748267172694,-1.1686382679808638,False,-66.95804053278198
566,9.432387417294091,658,543,436.0,633.0,-0.672384837529131,-1.1856388204314225,-38.52481339900877,-29.407287038581032,-0.672384837529131,False,-38.52481339900877,-1.1856388204314214,False,-67.93210043758972
567,9.449052412731007,658,542,434.0,630.0,-0.6737294793183124,-1.1964627107873127,-38.601855698485785,-29.950407974408854,-0.6737294793183124,False,-38.601855698485785,-1.196462710787312,False,-68.55226367289461
568,9.465717408167922,659,543,436.0,631.0,-0.6706964748932309,-1.1949374762518046,-38.428077345684116,-30.036796825558326,-0.6706964748932309,False,-38.428077345684116,-1.1949374762518055,False,-68.46487417124249
569,9.482382403604838,663,547,440.0,637.0,-0.6585861713378607,-1.1872011564167917,-37.734208063339125,-30.287407632393734,-0.6585861713378609,False,-37.73420806333913,-1.1872011564167906,False,-68.02161569573279
570,9.499047399041752,669,554,448.0,648.0,-0.6392092896512732,-1.1686382679808633,-36.62399452257333,-30.334046010208628,-0.6392092896512733,False,-36.623994522573334,-1.1686382679808638,False,-66.95804053278198
571,9.515712394478667,678,563,460.0,663.0,-0.6123013175407552,-1.140718191739034,-35.082281285384916,-30.276056715056757,-0.612301317540755,False,-35.0822812853849,-1.1407181917390332,False,-65.3583380004416
572,9.532377389915583,689,573,475.0,682.0,-0.5809230758068725,-1.0997000659818472,-33.284440465492175,-29.723732045525832,-0.5809230758068726,False,-33.28444046549218,-1.099700065981846,False,-63.00817251101794
573,9.549042385352498,702,585,496.0,705.0,-0.5440426728220445,-1.0433257430294363,-31.17134902771985,-28.60681270521751,-0.5440426728220444,False,-31.17134902771984,-1.0433257430294347,False,-59.77816173293728
574,9.565707380789414,719,597,522.0,731.0,-0.500354278014246,-0.9734808376604899,-28.668188391531736,-27.108155043274373,-0.500354278014246,False,-28.668188391531736,-0.9734808376604889,False,-55.77634343480606
575,9.58237237622633,738,610,551.0,758.0,-0.4524226361329831,-0.901294367418772,-25.921907606602872,-25.718455745406093,-0.45242263613298306,False,-25.92190760660287,-0.901294367418771,False,-51.64036335200891
576,9.599037371663245,760,623,587.0,787.0,-0.3994303441358201,-0.812098048402714,-22.885672928440545,-23.644117795845823,-0.39943034413582,False,-22.88567292844054,-0.8120980484027136,False,-46.529790724286336
577,9.61570236710016,784,635,628.0,815.0,-0.34399819202617016,-0.714090698612158,-19.7096445632304,-21.20473865679473,-0.3439981920261701,False,-19.709644563230395,-0.7140906986121571,False,-40.91438322002507
578,9.632367362537074,811,645,675.0,841.0,-0.2845371738007622,-0.6066051085945269,-16.302779173364055,-18.453133380177317,-0.28453717380076204,False,-16.302779173364048,-0.6066051085945254,False,-34.755912553541286
579,9.64903235797399,838,653,728.0,864.0,-0.22649001545098055,-0.48056328863045333,-12.97692198719399,-14.557326240258206,-0.22649001545098058,False,-12.976921987193991,-0.48056328863045294,False,-27.534248227452174
580,9.665697353410906,867,659,786.0,883.0,-0.16548720143690188,-0.3469776052196545,-9.48171820576577,-10.398634158876881,-0.165487201436902,False,-9.481718205765777,-0.34697760521965293,False,-19.880352364642555
581,9.682362348847821,896,663,848.0,896.0,-0.10520024942055292,-0.20316631194892554,-6.027530295521267,-5.613041918390478,-0.10520024942055306,False,-6.027530295521275,-0.20316631194892665,False,-11.640572213911804
582,9.699027344284737,924,665,912.0,902.0,-0.04738717851460007,-0.05058970876938464,-2.7150853319195978,-0.18349146736210534,-0.04738717851460006,False,-2.715085331919597,-0.05058970876938318,False,-2.898576799281626
583,9.715692339721652,952,664,977.0,901.0,0.010330211039878384,0.10509657413192951,0.5918774940644808,5.429712644978856,0.01033021103987819,False,0.5918774940644697,0.10509657413193096,False,6.021590139043428
584,9.732357335158568,979,661,1041.0,891.0,0.06643017564367905,0.26330654956916083,3.806168696695566,11.280185311769552,0.06643017564367915,False,3.806168696695572,0.2633065495691618,False,15.086354008465173
585,9.749022330595484,1005,656,1100.0,875.0,0.12125102106994563,0.40929219792623106,6.947171768959704,16.50354375984648,0.12125102106994579,False,6.947171768959713,0.4092921979262307,False,23.450715528806164
586,9.765687326032397,1029,650,1155.0,852.0,0.17272951082565158,0.5577088436287925,9.896671967669098,22.057690969382307,0.17272951082565147,False,9.896671967669093,0.5577088436287916,False,31.95436293705135
587,9.782352321469313,1052,642,1204.0,826.0,0.22347660114063303,0.690446457054692,12.804266065286752,26.755401903707742,0.22347660114063306,False,12.804266065286754,0.6904464570546907,False,39.55966796899442
588,9.799017316906228,1073,633,1247.0,797.0,0.27128838037978636,0.8149753344026918,15.543679226701448,31.150967841835705,0.27128838037978653,False,15.543679226701457,0.8149753344026927,False,46.694647068537215
589,9.815682312343144,1093,624,1283.0,768.0,0.3176910367778349,0.922261703465222,18.202355596505356,34.639347618597704,0.31769103677783495,False,18.20235559650536,0.922261703465221,False,52.84170321510301
590,9.83234730778006,1110,614,1313.0,739.0,0.3592755932269053,1.0188665435038249,20.58497517396062,37.791777655890826,0.35927559322690517,False,20.58497517396061,1.018866543503826,False,58.37675282985151
591,9.849012303216975,1125,604,1338.0,713.0,0.3974675937369943,1.0978031954866005,22.773215614350207,40.126274223007286,0.3974675937369945,False,22.773215614350217,1.0978031954866019,False,62.89948983735755
592,9.86567729865389,1137,596,1358.0,688.0,0.428437118368314,1.1763265438450003,24.54763866925127,42.85090762227805,0.428437118368314,False,24.54763866925127,1.1763265438450006,False,67.39854629152931
593,9.882342294090806,1147,588,1372.0,668.0,0.45577375597670555,1.2291808361470895,26.11391263029071,44.312961539299096,0.45577375597670544,False,26.113912630290702,1.2291808361470906,False,70.42687416958988
594,9.89900728952772,1155,582,1383.0,652.0,0.47748071868357783,1.272913917941948,27.35762997944236,45.57496520209324,0.4774807186835779,False,27.357629979442365,1.272913917941949,False,72.93259518153567
595,9.915672284964636,1160,577,1390.0,639.0,0.49243806277603025,1.307489777225736,28.21462266866482,46.69902332287006,0.4924380627760301,False,28.214622668664813,1.3074897772257366,False,74.91364599153492
596,9.932337280401551,1163,574,1394.0,631.0,0.5014781571735449,1.3288757581104917,28.73258192404227,47.40639051293658,0.5014781571735449,False,28.73258192404227,1.3288757581104917,False,76.13897243697885
597,9.949002275838467,1164,574,1396.0,628.0,0.5034276074718329,1.3421095011226725,28.84427719850469,48.05293286023287,0.5034276074718331,False,28.844277198504706,1.3421095011226711,False,76.89721005873747
598,9.965667271275382,1162,576,1393.0,629.0,0.49739844217568646,1.3452625002041019,28.49883147304876,48.57903212586332,0.4973984421756863,False,28.49883147304875,1.3452625002041003,False,77.07786359891199
599,9.982332266712298,1157,580,1388.0,635.0,0.483447001567199,1.3370531459259951,27.699472808055,48.9080294381939,0.4834470015671988,False,27.699472808054985,1.3370531459259958,False,76.60750224624894
600,9.998997262149214,1150,586,1380.0,647.0,0.4636476090008061,1.3115474805122347,26.56505117707799,48.581084087289625,0.46364760900080615,False,26.565051177077994,1.3115474805122354,False,75.14613526436767
601,10.01566225758613,1141,593,1368.0,662.0,0.43914271123981646,1.2757061207728524,25.161023957973704,47.93155266131721,0.4391427112398163,False,25.161023957973693,1.2757061207728526,False,73.09257661929094
602,10.032327253023043,1129,601,1352.0,682.0,0.4080409313286628,1.2223854240236565,23.37902323371983,46.65850250114522,0.4080409313286628,False,23.37902323371983,1.2223854240236562,False,70.03752573486506
603,10.048992248459959,1115,611,1332.0,707.0,0.37167481226996546,1.154283591607591,21.295398094386204,44.8401800659311,0.37167481226996557,False,21.29539809438621,1.1542835916075909,False,66.1355781603173
604,10.065657243896874,1098,620,1307.0,734.0,0.33058784982456824,1.0714496051147666,18.94128855325243,42.44825178078234,0.33058784982456846,False,18.941288553252445,1.0714496051147648,False,61.389540334034685
605,10.08232223933379,1079,630,1276.0,763.0,0.28532942018213536,0.9769594837265746,16.34817154735125,39.627483625461295,0.28532942018213525,False,16.348171547351242,0.9769594837265743,False,55.97565517281254
606,10.098987234770705,1058,639,1238.0,794.0,0.23727465529936403,0.85988695361133,13.594836334074971,35.67305696621584,0.23727465529936387,False,13.594836334074962,0.8598869536113298,False,49.2678933002908
607,10.11565223020762,1036,647,1194.0,824.0,0.1883199014473244,0.7287424425995209,10.789935551251292,30.9639307617559,0.18831990144732424,False,10.789935551251283,0.7287424425995219,False,41.75386631300726
608,10.132317225644536,1012,654,1142.0,852.0,0.13628079677639252,0.5809769580203017,7.808314483967366,25.479213204945133,0.1362807967763926,False,7.80831448396737,0.580976958020301,False,33.287527688912455
609,10.148982221081452,987,659,1085.0,876.0,0.08331400313758602,0.4241944079037666,4.773540754123378,19.53100851181333,0.08331400313758586,False,4.773540754123368,0.42419440790376584,False,24.30454926593667
610,10.165647216518366,962,662,1023.0,893.0,0.03111029136220606,0.2581758664478214,1.7824883944767078,13.009899125116647,0.03111029136220589,False,1.782488394476698,0.25817586644782153,False,14.79238751959337
611,10.182312211955281,937,664,956.0,902.0,-0.0206582178091924,0.07966298504578714,-1.1836286927287183,5.747981519266115,-0.020658217809192525,False,-1.1836286927287254,0.07966298504578617,False,4.5643528265373385
612,10.198977207392197,911,664,890.0,902.0,-0.07424345165158135,-0.08800737352774077,-4.253836436119192,-0.7886146330517182,-0.07424345165158153,False,-4.253836436119203,-0.08800737352774135,False,-5.042451069170946
613,10.215642202829113,885,662,827.0,894.0,-0.12792823099797682,-0.24497866312686414,-7.329747716758743,-6.706495751167729,-0.127928230997977,False,-7.329747716758754,-0.24497866312686511,False,-14.036243467926534
614,10.232307198266028,859,657,767.0,879.0,-0.1824350909594447,-0.39287050746464774,-10.452760747061463,-12.057061225825764,-0.18243509095944477,False,-10.452760747061465,-0.3928705074646466,False,-22.509821972887153
615,10.248972193702944,833,651,713.0,859.0,-0.2374712966623071,-0.5232783221319756,-13.60610305424931,-16.37553631460002,-0.23747129666230693,False,-13.6061030542493,-0.5232783221319757,False,-29.981639368849343
616,10.26563718913986,807,644,665.0,836.0,-0.2930378208285154,-0.636801041548249,-16.789830371184742,-19.696181699064912,-0.29303782082851537,False,-16.78983037118474,-0.6368010415482495,False,-36.48601207024968
617,10.282302184576775,783,634,623.0,812.0,-0.3466471129721638,-0.7321939838539574,-19.861416553699634,-22.09020850600206,-0.346647112972164,False,-19.861416553699648,-0.7321939838539571,False,-41.95162505970168
618,10.298967180013689,761,623,587.0,788.0,-0.3975128548938386,-0.8119406011488455,-22.775808887613262,-23.744960773530508,-0.3975128548938387,False,-22.77580888761327,-0.8119406011488444,False,-46.5207696611437
619,10.315632175450604,740,611,555.0,764.0,-0.44774623656065476,-0.8797913665868817,-25.653969647791676,-24.75436250968369,-0.4477462365606546,False,-25.653969647791666,-0.8797913665868826,False,-50.40833215747541
620,10.33229717088752,722,599,529.0,742.0,-0.49280209285310445,-0.9331236282727466,-28.235480055696993,-25.228565608265697,-0.4928020928531045,False,-28.235480055696996,-0.933123628272746,False,-53.464045663962644
621,10.348962166324435,707,588,507.0,722.0,-0.5317240672588056,-0.9804895798595247,-30.46554491945988,-25.712369863046167,-0.5317240672588057,False,-30.465544919459887,-0.9804895798595261,False,-56.17791478250613
622,10.365627161761351,694,578,491.0,704.0,-0.5662413333534024,-1.015302591529353,-32.44323858701029,-25.729314836316586,-0.5662413333534024,False,-32.44323858701029,-1.0153025915293519,False,-58.17255342332683
623,10.382292157198266,685,569,476.0,687.0,-0.5927334966973671,-1.0568181251971787,-33.96112773679065,-26.59009054993592,-0.5927334966973672,False,-33.96112773679066,-1.0568181251971787,False,-60.55121828672658
624,10.398957152635182,677,562,465.0,674.0,-0.615279347981351,-1.0847643974548002,-35.25290986089254,-26.89951187931928,-0.615279347981351,False,-35.25290986089254,-1.0847643974548014,False,-62.1524217402119
625,10.415622148072098,672,557,458.0,665.0,-0.630214278217528,-1.1034173918274317,-36.1086183307478,-27.11254126229708,-0.6302142782175277,False,-36.10861833074779,-1.1034173918274313,False,-63.22115959304487
626,10.432287143509011,670,555,454.0,659.0,-0.6362082307961997,-1.1220729827841756,-36.45204651610725,-27.837999703081483,-0.6362082307961998,False,-36.45204651610725,-1.122072982784175,False,-64.29004621918871
627,10.448952138945927,670,554,454.0,658.0,-0.6374848513425144,-1.1220729827841756,-36.52519148545077,-27.764854733737973,-0.6374848513425144,False,-36.52519148545077,-1.122072982784175,False,-64.29004621918871
628,10.465617134382843,672,556,457.0,661.0,-0.6314793607851112,-1.1164942401015805,-36.1811022226059,-27.78930558588064,-0.6314793607851112,False,-36.1811022226059,-1.1164942401015807,False,-63.97040780848656
629,10.482282129819758,676,561,462.0,668.0,-0.6182604284368914,-1.1071487177940904,-35.423713189383946,-28.011235633538057,-0.6182604284368916,False,-35.42371318938395,-1.1071487177940895,False,-63.43494882292195
630,10.498947125256674,683,567,472.0,680.0,-0.5986593937144006,-1.079118677834244,-34.30065662569584,-27.52828920794392,-0.5986593937144007,False,-34.300656625695844,-1.079118677834245,False,-61.828945833639814
631,10.51561212069359,692,575,485.0,696.0,-0.5732544103929726,-1.041821248170739,-32.845058302777765,-26.84690222445711,-0.5732544103929724,False,-32.84505830277776,-1.0418212481707378,False,-59.69196052723482
632,10.532277116130505,704,585,502.0,714.0,-0.5404195002705842,-1.0024671106367216,-30.96375653207352,-26.473378008084772,-0.540419500270584,False,-30.963756532073518,-1.0024671106367222,False,-57.43713454015834
633,10.54894211156742,718,596,524.0,737.0,-0.5032122486452162,-0.9423066007622575,-28.831938046658667,-25.158253184337724,-0.503212248645216,False,-28.831938046658653,-0.942306600762258,False,-53.99019123099643
634,10.565607107004334,735,607,550.0,761.0,-0.4608333575186444,-0.8765899654416449,-26.403806444661686,-23.821098938663248,-0.4608333575186445,False,-26.403806444661694,-0.8765899654416458,False,-50.22490538332499
635,10.58227210244125,754,619,583.0,784.0,-0.41420148445838123,-0.8032534085370008,-23.731996927518807,-22.291033261149035,-0.41420148445838123,False,-23.731996927518807,-0.8032534085369996,False,-46.02303018866777
636,10.598937097878165,776,630,619.0,809.0,-0.36314700994617627,-0.7200153013186058,-20.80679101271123,-20.44704693768515,-0.36314700994617644,False,-20.806791012711237,-0.7200153013186075,False,-41.253837950396466
637,10.615602093315081,800,640,660.0,833.0,-0.30930849836537455,-0.6275628612006474,-17.722071523865086,-18.2346318020863,-0.30930849836537444,False,-17.72207152386508,-0.6275628612006479,False,-35.9567033259514
638,10.632267088751997,826,649,707.0,855.0,-0.2524897887722806,-0.523838467711257,-14.46659926680132,-15.54713407965375,-0.25248978877228057,False,-14.466599266801316,-0.5238384677112577,False,-30.01373334645512
639,10.648932084188912,853,656,758.0,874.0,-0.19497034229263138,-0.4109657038594954,-11.170977743588796,-12.375622612183532,-0.19497034229263122,False,-11.170977743588788,-0.41096570385949605,False,-23.54660035577237
640,10.665597079625828,880,661,814.0,890.0,-0.13840260173428717,-0.28060513042474605,-7.929884953004663,-8.147604730051285,-0.13840260173428698,False,-7.929884953004652,-0.2806051304247461,False,-16.077489683055962
641,10.682262075062743,908,663,873.0,898.0,-0.08057054346379847,-0.14784936525875556,-4.616352093551013,-3.8547925394638094,-0.08057054346379866,False,-4.616352093551024,-0.1478493652587538,False,-8.471144633014731
642,10.698927070499657,935,664,933.0,902.0,-0.02478831003729964,-0.008403163547646988,-1.4202655463990457,0.9387997405606846,-0.02478831003729942,False,-1.420265546399033,-0.008403163547647807,False,-0.48146580583839943
643,10.715592065936573,961,662,993.0,899.0,0.029037479172645066,0.13420944732917872,1.6637250042915919,6.025909898453659,0.029037479172644876,False,1.663725004291581,0.13420944732918016,False,7.689634902745342
644,10.732257061373488,987,659,1052.0,888.0,0.08331400313758602,0.27656855859928864,4.773540754123378,11.072670399632443,0.08331400313758586,False,4.773540754123368,0.276568558599287,False,15.846211153755734
645,10.748922056810404,1011,654,1108.0,872.0,0.13420944732917872,0.41864986146843797,7.689634902745259,16.29723525313283,0.13420944732917883,False,7.689634902745266,0.4186498614684382,False,23.986870155878094
646,10.76558705224732,1033,648,1158.0,851.0,0.1817331968267754,0.5519297832910718,10.412545175594516,21.210701994554032,0.18173319682677525,False,10.412545175594506,0.5519297832910723,False,31.623247170148588
647,10.782252047684235,1054,641,1204.0,826.0,0.22806587303314785,0.681298225287849,13.067211975765867,25.968300922981022,0.22806587303314796,False,13.067211975765874,0.6812982252878506,False,39.03551289874697
648,10.79891704312115,1073,633,1243.0,799.0,0.27128838037978636,0.7973023629557582,15.543679226701448,30.13838116647119,0.27128838037978653,False,15.543679226701457,0.7973023629557581,False,45.68206039317265
649,10.815582038558066,1090,624,1278.0,772.0,0.3115814134208494,0.903888122555586,17.852299963735536,33.93667461070324,0.31158141342084944,False,17.85229996373554,0.9038881225555855,False,51.78897457443876
650,10.83224703399498,1105,616,1305.0,746.0,0.3476656245204814,0.9944211062037129,19.919772966803567,37.056359477399795,0.3476656245204812,False,19.91977296680356,0.9944211062037134,False,56.97613244420338
651,10.848912029431895,1118,608,1328.0,722.0,0.3801034762477838,1.073453610448074,21.778324967249144,39.726036414505884,0.38010347624778396,False,21.778324967249155,1.0734536104480732,False,61.50436138175496
652,10.865577024868811,1129,601,1346.0,701.0,0.4080409313286628,1.13897317553659,23.37902323371983,41.87933270313982,0.4080409313286628,False,23.37902323371983,1.1389731755365915,False,65.25835593685976
653,10.882242020305727,1138,595,1359.0,682.0,0.43133760322262377,1.195762920838562,24.71382420994484,43.798344452340714,0.43133760322262393,False,24.71382420994485,1.1957629208385612,False,68.51216866228552
654,10.898907015742642,1144,590,1369.0,668.0,0.44791636010549174,1.2370941502573463,25.663717008906637,45.216556661162215,0.44791636010549185,False,25.663717008906644,1.2370941502573451,False,70.88027367006877
655,10.915572011179558,1148,587,1375.0,658.0,0.4587215404723831,1.2676606432759496,26.28280824080713,46.34879647374379,0.458721540472383,False,26.282808240807125,1.2676606432759492,False,72.63160471455089
656,10.932237006616473,1149,586,1378.0,652.0,0.46167522497075997,1.2901911963701507,26.45204189657734,47.4704684203667,0.46167522497075986,False,26.452041896577335,1.2901911963701522,False,73.92251031694414
657,10.948902002053389,1148,586,1377.0,651.0,0.45969896219834183,1.294227768195608,26.33881038050896,47.8149784657352,0.45969896219834183,False,26.33881038050896,1.2942277681956078,False,74.15378884624417
658,10.965566997490303,1145,589,1374.0,654.0,0.45085303161857526,1.294227768195608,25.831975892422623,48.32181295382157,0.45085303161857526,False,25.831975892422623,1.2942277681956078,False,74.15378884624417
659,10.982231992927218,1140,593,1367.0,662.0,0.4371572419266278,1.2757061207728524,25.047264945975254,48.04531167331566,0.43715724192662764,False,25.047264945975243,1.2757061207728526,False,73.09257661929094
660,10.998896988364134,1132,599,1358.0,675.0,0.41578585070595614,1.24639325872525,23.822774426707827,47.59029891180625,0.415785850705956,False,23.822774426707817,1.2463932587252486,False,71.41307333851401
661,11.01556198380105,1122,606,1343.0,692.0,0.3897803047812851,1.19968669737435,22.332766401290538,46.40421809624814,0.3897803047812851,False,22.332766401290538,1.19968669737435,False,68.73698449753869
662,11.032226979237965,1109,614,1325.0,712.0,0.35725475430190196,1.1448666702609547,20.469189632482173,45.1268386786662,0.357254754301902,False,20.469189632482177,1.144866670260953,False,65.59602831114827
663,11.04889197467488,1094,622,1302.0,736.0,0.3210716678750054,1.0694307653272264,18.396051490463908,42.87781784423175,0.3210716678750054,False,18.396051490463908,1.0694307653272261,False,61.27386933469563
664,11.065556970111796,1077,630,1275.0,763.0,0.28123220191829523,0.9793053653039,16.11341823308929,39.99664605334149,0.2812322019182951,False,16.113418233089284,0.979305365303901,False,56.11006428643085
665,11.082221965548712,1058,638,1241.0,790.0,0.23777343526905567,0.8776726885922428,13.623414321243965,36.66352652899134,0.2377734352690557,False,13.623414321243967,0.8776726885922415,False,50.28694085023523
666,11.098886960985627,1038,646,1200.0,819.0,0.19285201408121797,0.7525741359704854,11.049606477451311,32.069715284362054,0.19285201408121777,False,11.0496064774513,0.7525741359704838,False,43.119321761813275
667,11.115551956422541,1016,652,1153.0,846.0,0.1451582348602815,0.6148652991472469,8.316954219062909,26.91223239112314,0.14515823486028134,False,8.3169542190629,0.6148652991472474,False,35.22918661018609
668,11.132216951859457,994,657,1100.0,869.0,0.09821546688340069,0.4636476090008061,5.627331735325765,20.93771944175221,0.09821546688340055,False,5.627331735325757,0.46364760900080526,False,26.56505117707794
669,11.148881947296372,971,661,1043.0,887.0,0.049854704307963495,0.3084180111024965,2.856464145718992,14.814586216273023,0.04985470430796335,False,2.8564641457189834,0.30841801110249634,False,17.671050361992005
670,11.165546942733288,947,663,982.0,899.0,0.0,0.14723191804075808,0.0,8.43576751335149,0.0,False,0.0,0.14723191804075952,False,8.435767513351566
671,11.182211938170203,923,664,919.0,902.0,-0.0495461945911252,-0.016805140515041995,-2.8387878410053813,1.875924215369174,-0.0495461945911253,False,-2.8387878410053875,-0.016805140515042893,False,-0.9628636256362644
672,11.198876933607119,899,663,858.0,898.0,-0.09905364641863897,-0.17272951082565158,-5.675355885169155,-4.221316082499954,-0.09905364641863912,False,-5.6753558851691635,-0.17272951082565058,False,-9.896671967669041
673,11.215541929044035,874,660,800.0,888.0,-0.15092681209072883,-0.31383515242790877,-8.647469348162806,-9.333960348801243,-0.150926812090729,False,-8.647469348162817,-0.3138351524279095,False,-17.981429696964085
674,11.23220692448095,850,655,746.0,871.0,-0.20144084522696862,-0.4487233440107211,-11.541710253053335,-14.16824352775792,-0.2014408452269687,False,-11.54171025305334,-0.44872334401071967,False,-25.709953780811183
675,11.248871919917864,825,649,698.0,852.0,-0.2544878860011666,-0.5590419890640936,-14.581081805073271,-17.44966473889802,-0.2544878860011668,False,-14.581081805073282,-0.5590419890640952,False,-32.030746543971375
676,11.26553691535478,801,641,656.0,831.0,-0.30670917738944775,-0.6518691143055769,-17.573141402344653,-19.77620764229595,-0.3067091773894477,False,-17.57314140234465,-0.6518691143055761,False,-37.34934904464055
677,11.282201910791695,779,631,618.0,809.0,-0.356581957812253,-0.7352926439455092,-20.43064123315407,-21.698523971939178,-0.3565819578122529,False,-20.430641233154063,-0.7352926439455096,False,-42.129165205093265
678,11.29886690622861,758,621,586.0,788.0,-0.40489178628508343,-0.8001463565520431,-23.19859051364819,-22.64641870955384,-0.4048917862850834,False,-23.198590513648185,-0.8001463565520446,False,-45.8450092232021
679,11.315531901665526,740,610,559.0,769.0,-0.44865341883077775,-0.8500139672954314,-25.70594736311882,-22.996265490080585,-0.4486534188307778,False,-25.70594736311882,-0.8500139672954319,False,-48.702212853199434
680,11.332196897102442,724,600,536.0,749.0,-0.48810181131244706,-0.9006126446884143,-27.96617376089408,-23.63512975586725,-0.4881018113124469,False,-27.96617376089407,-0.9006126446884153,False,-51.60130351676139
681,11.348861892539357,711,590,517.0,732.0,-0.5222924069584638,-0.9389419459370044,-29.925150590449206,-23.872260119541856,-0.5222924069584636,False,-29.925150590449192,-0.9389419459370032,False,-53.797410709991
682,11.365526887976273,700,582,502.0,716.0,-0.5509607310433079,-0.9758332788110025,-31.56772456622402,-24.343403818059357,-0.550960731043308,False,-31.567724566224026,-0.9758332788110025,False,-55.91112838428339
683,11.382191883413187,692,575,489.0,704.0,-0.5732544103929726,-1.004704864286966,-32.845058302777765,-24.720290077129537,-0.5732544103929724,False,-32.84505830277776,-1.0047048642869676,False,-57.56534837990739
684,11.398856878850102,686,570,481.0,694.0,-0.5897756513349794,-1.0267977437395888,-33.7916556810735,-25.03952144876037,-0.5897756513349792,False,-33.791655681073486,-1.0267977437395892,False,-58.83117712983391
685,11.415521874287018,683,567,476.0,687.0,-0.5986593937144006,-1.0454294529795805,-34.30065662569584,-25.598038808704462,-0.5986593937144007,False,-34.300656625695844,-1.0454294529795796,False,-59.89869543440025
686,11.432186869723933,682,566,474.0,685.0,-0.6016273528307273,-1.0511326142509112,-34.470708156828735,-25.75475434830129,-0.6016273528307274,False,-34.47070815682874,-1.0511326142509105,False,-60.22546250512998
687,11.448851865160849,683,567,476.0,686.0,-0.5986593937144006,-1.049052815792073,-34.30065662569584,-25.80564220550494,-0.5986593937144007,False,-34.300656625695844,-1.0490528157920735,False,-60.10629883120081
688,11.465516860597765,686,570,481.0,692.0,-0.5897756513349794,-1.0339713473479513,-33.7916556810735,-25.450538659419372,-0.5897756513349792,False,-33.791655681073486,-1.0339713473479506,False,-59.24219434049284
689,11.48218185603468,692,575,489.0,702.0,-0.5732544103929726,-1.011754337730803,-32.845058302777765,-25.124195153250945,-0.5732544103929724,False,-32.84505830277776,-1.0117543377308031,False,-57.969253456028724
690,11.498846851471596,700,582,501.0,715.0,-0.5509607310433079,-0.9816349752143809,-31.56772456622402,-24.675816535989174,-0.550960731043308,False,-31.567724566224026,-0.98163497521438,False,-56.24354110221315
691,11.51551184690851,710,590,518.0,731.0,-0.5241225006159327,-0.9373704438257521,-30.030007233135834,-23.67736303838457,-0.5241225006159329,False,-30.030007233135844,-0.9373704438257526,False,-53.70737027152044
692,11.532176842345425,723,599,538.0,749.0,-0.49094779268729727,-0.8894981015070477,-28.129236482245833,-22.835250619007287,-0.4909477926872974,False,-28.12923648224584,-0.8894981015070478,False,-50.96448710125313
693,11.54884183778234,738,610,562.0,770.0,-0.4524226361329831,-0.8329812666744317,-25.921907606602872,-21.804403387303392,-0.45242263613298306,False,-25.92190760660287,-0.8329812666744303,False,-47.72631099390619
694,11.565506833219256,756,620,591.0,791.0,-0.40954546197042085,-0.7675429182578958,-23.465226489640674,-20.511743321691497,-0.40954546197042063,False,-23.465226489640663,-0.7675429182578952,False,-43.97696981133213
695,11.582171828656172,777,630,624.0,813.0,-0.36120375549368167,-0.6963485807629505,-20.695450734063282,-19.202384013578513,-0.36120375549368156,False,-20.695450734063275,-0.696348580762951,False,-39.89783474764184
696,11.598836824093087,799,640,661.0,834.0,-0.3112797328919454,-0.6182963634663426,-17.83501494266806,-17.590757172240107,-0.3112797328919452,False,-17.835014942668053,-0.6182963634663423,False,-35.425772114908156
697,11.615501819530003,823,648,704.0,853.0,-0.25900579917102823,-0.5259487304013317,-14.839939161912914,-15.294703330347357,-0.2590057991710282,False,-14.83993916191291,-0.5259487304013319,False,-30.134642492260294
698,11.632166814966919,849,655,751.0,871.0,-0.20346099294820486,-0.4259296565339419,-11.657456191473143,-12.746515497378482,-0.20346099294820474,False,-11.657456191473136,-0.4259296565339419,False,-24.403971688851616
699,11.648831810403832,875,659,802.0,886.0,-0.14919619504786114,-0.31114087293310727,-8.548312295653076,-9.278746557430209,-0.1491961950478613,False,-8.548312295653085,-0.3111408729331089,False,-17.82705885308337
700,11.665496805840748,901,662,856.0,895.0,-0.09514751601325162,-0.19078408593630433,-5.451551098712734,-5.479571823698701,-0.09514751601325155,False,-5.451551098712731,-0.19078408593630414,False,-10.931122922411433
701,11.682161801277664,927,663,912.0,900.0,-0.04138422567684768,-0.06320683189746022,-2.3711414697003046,-1.2503432344170387,-0.04138422567684774,False,-2.371141469700308,-0.06320683189746035,False,-3.621484704117347
702,11.69882679671458,952,662,968.0,900.0,0.010373071917728639,0.0671258882021007,0.5943332414715261,3.251696848575847,0.010373071917728627,False,0.5943332414715254,0.0671258882020993,False,3.8460300900472957
703,11.715491792151495,977,660,1024.0,893.0,0.06241880999595735,0.19904572336856055,3.576334374997351,7.828145504149662,0.0624188099959575,False,3.57633437499736,0.19904572336855963,False,11.40447987914697
704,11.73215678758841,1000,656,1078.0,881.0,0.11088779529939219,0.3337021765375503,6.3534026701657815,12.766323659765368,0.11088779529939208,False,6.353402670165775,0.33370217653754963,False,19.119726329931115
705,11.748821783025326,1021,651,1128.0,864.0,0.15583860158776994,0.46552377940730005,8.928894156199947,17.743653666817494,0.15583860158776996,False,8.928894156199949,0.46552377940729883,False,26.672547823017368
706,11.765486778462241,1041,644,1174.0,843.0,0.19988105597440972,0.5891613515805157,11.452340911951845,22.304117985834964,0.19988105597440953,False,11.452340911951834,0.5891613515805147,False,33.75645889778675
707,11.782151773899155,1060,638,1214.0,819.0,0.24189384000721348,0.7049749875780165,13.859496122626116,26.532595327881864,0.24189384000721326,False,13.859496122626103,0.7049749875780158,False,40.39209145050794
708,11.79881676933607,1076,630,1249.0,795.0,0.27917994046787675,0.8090623841765212,15.995832313522916,30.36002766258376,0.279179940467877,False,15.995832313522929,0.8090623841765208,False,46.355859976106636
709,11.815481764772986,1090,623,1278.0,771.0,0.3122399715896292,0.903888122555586,17.890032567370483,33.89894200706831,0.31223997158962913,False,17.89003256737048,0.9038881225555855,False,51.78897457443876
710,11.832146760209902,1103,616,1302.0,747.0,0.34360499788000465,0.9886143792812577,19.687116198125864,36.95631530063582,0.3436049978800044,False,19.687116198125853,0.988614379281259,False,56.64343149876176
711,11.848811755646818,1114,610,1322.0,727.0,0.3704423046695242,1.0584068664841588,21.224780610663124,39.41746584654561,0.370442304669524,False,21.224780610663114,1.0584068664841588,False,60.64224645720873
712,11.865476751083733,1122,605,1337.0,709.0,0.3906070436976868,1.1202565812607763,22.380135051959574,41.80583902603725,0.39060704369768695,False,22.380135051959584,1.1202565812607759,False,64.1859740779968
713,11.882141746520649,1129,600,1348.0,694.0,0.4089078289509254,1.165353576378236,23.428692808745403,43.34114875820394,0.40890782895092537,False,23.4286928087454,1.1653535763782372,False,66.76984156694942
714,11.898806741957564,1133,598,1355.0,683.0,0.4186681821910052,1.2051326096179475,23.987919855958815,45.06109242873662,0.4186681821910052,False,23.987919855958815,1.205132609617948,False,69.04901228469546
715,11.915471737394478,1135,596,1359.0,676.0,0.4244520070737514,1.2277723863741932,24.31930861118292,46.026867330763785,0.4244520070737514,False,24.31930861118292,1.2277723863741947,False,70.34617594194678
716,11.932136732831394,1134,596,1359.0,674.0,0.42245404611826565,1.2370941502573463,24.204833880801658,46.675439789267195,0.42245404611826576,False,24.204833880801665,1.2370941502573451,False,70.88027367006877
717,11.94880172826831,1132,598,1356.0,676.0,0.41666946632757806,1.2357132291041089,23.873401872538594,46.927750843609395,0.41666946632757806,False,23.873401872538594,1.2357132291041104,False,70.8011527161481
718,11.965466723705225,1127,602,1351.0,683.0,0.4031745584366988,1.223818721575242,23.100200605473418,47.019447029883935,0.4031745584366986,False,23.100200605473407,1.2238187215752419,False,70.11964763535734
719,11.98213171914214,1120,606,1341.0,693.0,0.38575673274487643,1.195762920838562,22.102232705037462,46.409935957248095,0.38575673274487654,False,22.10223270503747,1.1957629208385612,False,68.51216866228552
720,11.998796714579056,1111,612,1328.0,709.0,0.36282333298709624,1.1504361610785447,20.788245689030315,45.126890940002845,0.36282333298709624,False,20.788245689030315,1.1504361610785452,False,65.91513662903319
721,12.015461710015972,1099,618,1311.0,727.0,0.334028245761362,1.0958921576110419,19.13840872028467,43.65158671231366,0.3340282457613619,False,19.138408720284666,1.0958921576110434,False,62.7899954325984
722,12.032126705452887,1085,626,1289.0,748.0,0.30007373343394766,1.0318198269657504,17.192958468498905,41.925962834557495,0.3000737334339476,False,17.1929584684989,1.0318198269657515,False,59.11892130305645
723,12.048791700889801,1070,633,1262.0,772.0,0.2651309733874018,0.9441712528485336,15.190885793293472,38.90614213250683,0.2651309733874019,False,15.190885793293475,0.944171252848534,False,54.097027925800305
724,12.065456696326716,1053,640,1231.0,798.0,0.22648128693404307,0.8448518227061051,12.976421880012063,35.43002187498264,0.2264812869340429,False,12.976421880012055,0.8448518227061044,False,48.406443754994676
725,12.082121691763632,1033,647,1192.0,824.0,0.18211380861975443,0.7318778949381332,10.43435262496512,31.49916187390899,0.18211380861975446,False,10.434352624965122,0.7318778949381333,False,41.93351449887411
726,12.098786687200548,1014,652,1148.0,848.0,0.14100711120220583,0.5996843151378045,8.079112353218266,26.280267944371168,0.14100711120220577,False,8.079112353218262,0.5996843151378037,False,34.35938029758938
727,12.115451682637463,993,657,1100.0,869.0,0.09613876681991027,0.4674140695328358,5.508345586373213,21.272507882892683,0.09613876681991007,False,5.508345586373202,0.46741406953283615,False,26.78085346926591
728,12.132116678074379,971,660,1045.0,886.0,0.04995839572194276,0.3164314556251264,2.8624052261117474,15.267781686389192,0.04995839572194294,False,2.8624052261117576,0.31643145562512487,False,18.130186912500847
729,12.148781673511294,949,662,988.0,897.0,0.004149353779866456,0.1644585463992785,0.2377404592930032,9.185040154242087,0.004149353779866249,False,0.23774045929299134,0.1644585463992776,False,9.422780613535028
730,12.16544666894821,927,663,929.0,902.0,-0.04138422567684768,0.008368005512292491,-2.3711414697003046,2.850592868496867,-0.04138422567684774,False,-2.371141469700308,0.008368005512291887,False,0.4794513987965335
731,12.182111664385124,904,662,871.0,899.0,-0.08897607214100724,-0.13835097017712528,-5.0979534113312575,-2.8289732713583478,-0.08897607214100711,False,-5.09795341133125,-0.13835097017712528,False,-7.926926682689598
732,12.19877665982204,880,660,817.0,890.0,-0.1386872611337421,-0.26735539552188037,-7.946194735192159,-7.372141058262411,-0.1386872611337422,False,-7.946194735192164,-0.26735539552188214,False,-15.318335793454676
733,12.215441655258955,857,656,766.0,878.0,-0.18686963281815536,-0.3890201032932934,-10.706841279639681,-11.582368784809365,-0.18686963281815538,False,-10.706841279639683,-0.3890201032932943,False,-22.2892100644491
734,12.23210665069587,834,651,719.0,861.0,-0.2354646787857593,-0.5010133868035894,-13.491132318827617,-15.214820224573465,-0.2354646787857595,False,-13.49113231882763,-0.5010133868035886,False,-28.705952543401043
735,12.248771646132786,812,644,677.0,842.0,-0.28313191246710984,-0.5984188934785372,-16.22226362983285,-18.064613347376103,-0.2831319124671099,False,-16.222263629832852,-0.5984188934785379,False,-34.286876977209005
736,12.265436641569702,790,636,641.0,824.0,-0.33158630278165785,-0.6701836821064823,-18.998495693736025,-19.40020078950264,-0.3315863027816577,False,-18.998495693736015,-0.670183682106483,False,-38.39869648323871
737,12.282101637006617,771,627,609.0,804.0,-0.3750947561871974,-0.7411792190017954,-21.491346447015033,-20.975094664590394,-0.37509475618719756,False,-21.491346447015044,-0.741179219001797,False,-42.46644111160551
738,12.298766632443533,752,617,582.0,786.0,-0.4197095820410845,-0.7883480073486928,-24.047587672153913,-21.1214259364746,-0.41970958204108433,False,-24.047587672153902,-0.7883480073486915,False,-45.16901360862843
739,12.315431627880447,736,608,559.0,769.0,-0.45802442553362516,-0.8327001308932526,-26.24286649698078,-21.46733660319381,-0.4580244255336252,False,-26.242866496980785,-0.8327001308932509,False,-47.710203100174496
740,12.332096623317362,723,599,540.0,753.0,-0.49094779268729727,-0.8712401007256189,-28.129236482245833,-21.789144231884872,-0.4909477926872974,False,-28.12923648224584,-0.8712401007256183,False,-49.91838071413066
741,12.348761618754278,713,591,524.0,740.0,-0.5175725514225525,-0.9031934852680342,-29.654722788330034,-22.094452001239624,-0.5175725514225524,False,-29.654722788330027,-0.9031934852680337,False,-51.74917478956962
742,12.365426614191193,704,585,512.0,728.0,-0.5404195002705842,-0.930636893115173,-30.96375653207352,-22.35780970259338,-0.540419500270584,False,-30.963756532073518,-0.9306368931151745,False,-53.321566234666996
743,12.382091609628109,699,580,503.0,718.0,-0.5549957273385867,-0.9573362612211931,-31.79891282429442,-23.052414518513636,-0.5549957273385866,False,-31.798912824294412,-0.9573362612211938,False,-54.8513273428081
744,12.398756605065024,695,577,497.0,713.0,-0.5655874793146749,-0.9689377971002007,-32.40577551017362,-23.11027087437116,-0.5655874793146749,False,-32.40577551017362,-0.9689377971001996,False,-55.51604638454473
745,12.41542160050194,694,576,495.0,711.0,-0.56852454773104,-0.9747200809127987,-32.57405713457251,-23.273289708380954,-0.5685245477310401,False,-32.57405713457252,-0.9747200809127996,False,-55.84734684295353
746,12.432086595938856,695,577,497.0,712.0,-0.5655874793146749,-0.9723774333163594,-32.40577551017362,-23.307347512617422,-0.5655874793146749,False,-32.40577551017362,-0.9723774333163604,False,-55.713123022791095
747,12.44875159137577,698,580,502.0,717.0,-0.5567995422587083,-0.9607555284512624,-31.902263806240114,-23.14497311787831,-0.5567995422587084,False,-31.90226380624012,-0.9607555284512621,False,-55.0472369241184
748,12.465416586812685,703,584,510.0,726.0,-0.5433264688263294,-0.9364769299249889,-31.130313561494965,-22.525862134575448,-0.5433264688263293,False,-31.130313561494958,-0.9364769299249893,False,-53.656175696070434
749,12.4820815822496,711,590,522.0,736.0,-0.5222924069584638,-0.9130583240211865,-29.925150590449206,-22.389237825253172,-0.5222924069584636,False,-29.925150590449192,-0.9130583240211863,False,-52.31438841570237
750,12.498746577686516,720,597,538.0,751.0,-0.49850624448687686,-0.8685393952858895,-28.562303870014805,-21.201337820711373,-0.49850624448687686,False,-28.562303870014805,-0.8685393952858895,False,-49.76364169072618
751,12.515411573123432,732,605,557.0,768.0,-0.4683424101883013,-0.8208862165611219,-26.83404347077447,-20.199272198639928,-0.46834241018830136,False,-26.834043470774475,-0.8208862165611208,False,-47.03331566941433
752,12.532076568560347,747,614,580.0,785.0,-0.4318231512583066,-0.7735643962942974,-24.741644063140335,-19.580331026108375,-0.43182315125830684,False,-24.741644063140345,-0.7735643962942973,False,-44.321975089248696
753,12.548741563997263,764,624,608.0,804.0,-0.3909468330152248,-0.714090698612158,-22.399603545778135,-18.51477967424699,-0.3909468330152248,False,-22.399603545778135,-0.7140906986121571,False,-40.91438322002507
754,12.565406559434178,783,633,640.0,823.0,-0.3473523132783835,-0.6451831929932239,-19.90182155495736,-17.064452416328834,-0.34735231327838356,False,-19.901821554957362,-0.6451831929932226,False,-36.96627397128612
755,12.582071554871092,805,642,676.0,842.0,-0.2981947028155227,-0.5728522476727977,-17.085297944487298,-15.73671813174696,-0.29819470281552274,False,-17.085297944487298,-0.5728522476727989,False,-32.82201607623431
756,12.598736550308008,827,649,716.0,859.0,-0.2504896293795502,-0.4862426330875049,-14.351998575244417,-13.507652119997852,-0.2504896293795502,False,-14.351998575244417,-0.4862426330875067,False,-27.859650695242372
757,12.615401545744923,851,655,760.0,875.0,-0.19941902936665534,-0.39220631123986943,-11.425868737304773,-11.04589759513413,-0.19941902936665556,False,-11.425868737304786,-0.39220631123987104,False,-22.471766332438992
758,12.632066541181839,876,659,808.0,887.0,-0.14715401552293317,-0.28984648991161976,-8.431304027866672,-8.175676550750346,-0.14715401552293317,False,-8.431304027866672,-0.2898464899116213,False,-16.606980578617094
759,12.648731536618754,901,662,858.0,896.0,-0.09514751601325162,-0.1817331968267754,-5.451551098712734,-4.960994076881776,-0.09514751601325155,False,-5.451551098712731,-0.18173319682677658,False,-10.412545175594582
760,12.66539653205567,925,663,909.0,900.0,-0.045517193771413604,-0.0674082643902822,-2.607943098381158,-1.2542659554840119,-0.04551719377141339,False,-2.6079430983811456,-0.06740826439028069,False,-3.8622090538650813
761,12.682061527492586,949,662,962.0,900.0,0.004149353779866456,0.05456762350389413,0.2377404592930032,2.888754065539001,0.004149353779866249,False,0.23774045929299134,0.05456762350389255,False,3.1264945248319163
762,12.698726522929501,973,660,1014.0,894.0,0.05411378422907827,0.17345298478670165,3.10049144980778,6.837632522417106,0.0541137842290782,False,3.100491449807776,0.173452984786703,False,9.938123972224957
763,12.715391518366415,994,657,1065.0,884.0,0.09821546688340069,0.303135683518947,5.627331735325765,11.74106355012333,0.09821546688340055,False,5.627331735325757,0.3031356835189456,False,17.36839528544901
764,12.73205651380333,1015,652,1112.0,869.0,0.1430832936681563,0.4203601657163518,8.198068846016293,15.886794524950549,0.1430832936681563,False,8.198068846016293,0.42036016571635315,False,24.084863370966918
765,12.748721509240246,1034,646,1155.0,851.0,0.18457044594088398,0.5332150139708782,10.57510757526017,19.975862298280386,0.18457044594088412,False,10.575107575260176,0.533215013970878,False,30.550969873540538
766,12.765386504677162,1051,641,1195.0,832.0,0.22188215492098712,0.6460094647365517,12.712911026240452,24.30070482866935,0.22188215492098706,False,12.712911026240448,0.6460094647365509,False,37.013615854909744
767,12.782051500114077,1067,634,1229.0,809.0,0.25840760789152223,0.7468416132627935,14.805665326255689,27.985207078444024,0.25840760789152206,False,14.80566532625568,0.7468416132627951,False,42.790872404699805
768,12.798716495550993,1080,628,1258.0,788.0,0.2885873618940774,0.8386023429409392,16.534837857345156,31.513537082953132,0.2885873618940775,False,16.53483785734516,0.8386023429409377,False,48.04837494029822
769,12.815381490987908,1092,622,1282.0,767.0,0.3169919227429521,0.9189272124893197,18.16229931290821,34.48835164245119,0.31699192274295207,False,18.162299312908207,0.9189272124893186,False,52.650650955359346
770,12.832046486424824,1102,617,1301.0,747.0,0.3408478231535395,0.9921283412617993,19.529141722919274,37.315624966696866,0.3408478231535397,False,19.529141722919285,0.9921283412618003,False,56.8447666896162
771,12.84871148186174,1110,612,1316.0,731.0,0.36079855088752133,1.0469578590836397,20.672234220291035,39.3140324332539,0.36079855088752133,False,20.672234220291035,1.0469578590836406,False,59.98626665354498
772,12.865376477298653,1116,609,1328.0,718.0,0.3752708228559573,1.0958921576110419,21.501434324047903,41.28856110855041,0.37527082285595714,False,21.501434324047896,1.0958921576110434,False,62.7899954325984
773,12.882041472735569,1120,606,1335.0,707.0,0.38575673274487643,1.1316259374696727,22.102232705037462,42.73515749950998,0.38575673274487654,False,22.10223270503747,1.1316259374696713,False,64.83739020454738
774,12.898706468172485,1121,605,1339.0,701.0,0.38859354410911595,1.1559820436738364,22.264770023483138,43.96812227193531,0.3885935441091162,False,22.264770023483152,1.1559820436738377,False,66.23289229541851
775,12.9153714636094,1120,605,1340.0,699.0,0.38657671938442917,1.1670022349097644,22.14921447874095,44.71508826392323,0.38657671938442917,False,22.14921447874095,1.1670022349097628,False,66.86430274266408
776,12.932036459046316,1118,607,1336.0,701.0,0.3809100912607991,1.1636921547389079,21.82454060318681,44.85010851583732,0.380910091260799,False,21.824540603186804,1.1636921547389072,False,66.6746491190241
777,12.948701454483231,1113,610,1331.0,707.0,0.36841993909224685,1.1521464653264586,21.108907598452593,44.90422224566931,0.3684199390922469,False,21.108907598452596,1.1521464653264601,False,66.013129844122
778,12.965366449920147,1106,614,1321.0,718.0,0.35117395644500365,1.1202565812607763,20.120785579209706,44.065188498787116,0.3511739564450038,False,20.120785579209713,1.1202565812607759,False,64.1859740779968
779,12.982031445357062,1097,620,1307.0,731.0,0.328553170551451,1.0845536937073916,18.82471001824007,43.31563928651766,0.32855317055145106,False,18.824710018240072,1.0845536937073916,False,62.14034930475773
780,12.998696440793976,1086,625,1289.0,748.0,0.30275690932256677,1.026041593568053,17.346693122608045,41.44115979371874,0.3027569093225666,False,17.346693122608034,1.0260415935680527,False,58.78785291632677
781,13.015361436230892,1073,631,1268.0,768.0,0.27243290319969954,0.9583515603856817,15.609255553838885,39.30024414603753,0.2724329031996997,False,15.609255553838894,0.9583515603856831,False,54.9094996998765
782,13.032026431667807,1058,638,1241.0,790.0,0.23777343526905567,0.8776726885922428,13.623414321243965,36.66352652899134,0.2377734352690557,False,13.623414321243967,0.8776726885922415,False,50.28694085023523
783,13.048691427104723,1042,644,1209.0,812.0,0.20195039377507765,0.782413097636874,11.570905234317001,33.25806309603308,0.2019503937750775,False,11.570905234316994,0.7824130976368728,False,44.828968330350015
784,13.065356422541639,1024,650,1172.0,836.0,0.16238720704364304,0.6721128273807938,9.30410161051782,29.205126755006514,0.16238720704364296,False,9.304101610517815,0.6721128273807935,False,38.5092283655243
785,13.082021417978554,1005,654,1130.0,856.0,0.12175759779046096,0.5541370513421143,6.976196477044811,24.77351783668254,0.1217575977904608,False,6.976196477044802,0.5541370513421136,False,31.749714313727317
786,13.09868641341547,985,658,1083.0,875.0,0.07933106674482007,0.4241944079037666,4.545335308748828,19.75921395718789,0.07933106674482016,False,4.545335308748833,0.42419440790376584,False,24.30454926593667
787,13.115351408852385,965,661,1032.0,890.0,0.037404583367481835,0.2846323319793205,2.1431247614019453,14.165106573979662,0.03740458336748187,False,2.1431247614019475,0.2846323319793207,False,16.30823133538161
788,13.132016404289299,944,663,978.0,898.0,-0.00621110025286632,0.14368383054664818,-0.3558698306218785,8.588346905217717,-0.006211100252866419,False,-0.3558698306218842,0.14368383054664946,False,8.232477074595911
789,13.148681399726215,923,663,923.0,901.0,-0.04964860638860627,0.0,-2.8446556047733953,2.8446556047734,-0.04964860638860635,False,-2.8446556047734,0.0,False,0.0
790,13.16534639516313,901,662,870.0,899.0,-0.09514751601325162,-0.130063287501013,-5.451551098712734,-2.000526344691948,-0.09514751601325155,False,-5.451551098712731,-0.13006328750101304,False,-7.452077443404679
791,13.182011390600046,879,660,818.0,891.0,-0.1407301939902253,-0.2581758664478214,-8.063246165697251,-6.7291413538961224,-0.14073019399022524,False,-8.063246165697247,-0.25817586644782153,False,-14.79238751959337
792,13.198676386036961,857,656,771.0,879.0,-0.18686963281815536,-0.36807500509724905,-10.706841279639681,-10.382303056688947,-0.18686963281815538,False,-10.706841279639683,-0.3680750050972499,False,-21.089144336328683
793,13.215341381473877,836,651,727.0,865.0,-0.23144565475642054,-0.47109626081304934,-13.260859204184845,-13.730968284797168,-0.23144565475642054,False,-13.260859204184845,-0.4710962608130487,False,-26.99182748898196
794,13.232006376910793,815,645,688.0,848.0,-0.2765946308193323,-0.5590419890640936,-15.847704981926867,-16.18304156204442,-0.2765946308193321,False,-15.847704981926857,-0.5590419890640952,False,-32.030746543971375
795,13.248671372347708,795,638,653.0,832.0,-0.3204399391575476,-0.6318543808578923,-18.35985610115636,-17.842733188852588,-0.32043993915754765,False,-18.359856101156364,-0.6318543808578916,False,-36.2025892900089
796,13.265336367784622,776,630,624.0,815.0,-0.36314700994617627,-0.6877865165269237,-20.80679101271123,-18.600473590286345,-0.36314700994617644,False,-20.806791012711237,-0.6877865165269235,False,-39.40726460299756
797,13.282001363221537,760,621,598.0,799.0,-0.40105408582742896,-0.738374031554702,-22.978706474389163,-19.327009235754748,-0.40105408582742896,False,-22.978706474389163,-0.7383740315547023,False,-42.30571571014391
798,13.298666358658453,745,613,577.0,784.0,-0.43650072157929287,-0.7765488368811906,-25.0096491009085,-19.483321838176728,-0.43650072157929287,False,-25.0096491009085,-0.7765488368811901,False,-44.492970939085204
799,13.315331354095369,732,606,559.0,771.0,-0.46739641993039494,-0.8090623841765212,-26.779842221535944,-19.576017754570724,-0.4673964199303948,False,-26.779842221535937,-0.8090623841765208,False,-46.355859976106636
800,13.331996349532284,723,599,544.0,758.0,-0.49094779268729727,-0.8445008470080361,-28.129236482245833,-20.257097846537867,-0.4909477926872974,False,-28.12923648224584,-0.8445008470080353,False,-48.386334328783654
801,13.3486613449692,715,594,532.0,748.0,-0.5107824828143067,-0.8712401007256189,-29.265680514473278,-20.652700199657414,-0.5107824828143066,False,-29.26568051447327,-0.8712401007256183,False,-49.91838071413066
802,13.365326340406115,710,590,524.0,742.0,-0.5241225006159327,-0.8856526389030238,-30.030007233135834,-20.71415109063134,-0.5241225006159329,False,-30.030007233135844,-0.885652638903025,False,-50.74415832376724
803,13.381991335843031,707,587,519.0,736.0,-0.532797143357281,-0.9006126446884143,-30.527027650998885,-21.07427586576245,-0.5327971433572811,False,-30.527027650998892,-0.9006126446884153,False,-51.60130351676139
804,13.398656331279945,706,587,518.0,735.0,-0.5346182600568322,-0.903888122555586,-30.631369951883965,-21.157604622554825,-0.5346182600568321,False,-30.631369951883958,-0.9038881225555855,False,-51.78897457443876
805,13.41532132671686,707,587,520.0,737.0,-0.532797143357281,-0.894752453712551,-30.527027650998885,-20.73851165570483,-0.5327971433572811,False,-30.527027650998892,-0.8947524537125524,False,-51.2655393067038
806,13.431986322153776,710,590,526.0,742.0,-0.5241225006159327,-0.8803498697402047,-30.030007233135834,-20.410324797869684,-0.5241225006159329,False,-30.030007233135844,-0.8803498697402041,False,-50.44033203100548
807,13.448651317590691,716,594,534.0,750.0,-0.5089423867525688,-0.8621700546672264,-29.16025077623705,-20.238454578758493,-0.5089423867525689,False,-29.160250776237056,-0.862170054667228,False,-49.39870535499563
808,13.465316313027607,724,599,547.0,761.0,-0.48908980881117475,-0.8296171077931012,-28.022781847740657,-19.510777040653927,-0.4890898088111748,False,-28.02278184774066,-0.8296171077931014,False,-47.53355888839459
809,13.481981308464523,734,606,563.0,774.0,-0.4636476090008061,-0.7942474899137061,-26.56505117707799,-18.94197788383678,-0.46364760900080615,False,-26.565051177077994,-0.7942474899137046,False,-45.5070290609147
810,13.498646303901438,746,614,583.0,788.0,-0.4337220271503024,-0.7527687986706527,-24.85044163757083,-18.280033475390752,-0.4337220271503024,False,-24.85044163757083,-0.752768798670651,False,-43.13047511296148
811,13.515311299338354,760,622,607.0,805.0,-0.40024065703397416,-0.6963485807629505,-22.932100437589785,-16.96573431005201,-0.40024065703397405,False,-22.932100437589778,-0.696348580762951,False,-39.89783474764184
812,13.531976294775268,777,630,634.0,821.0,-0.36120375549368167,-0.6426628860222918,-20.695450734063282,-16.1264202847111,-0.36120375549368156,False,-20.695450734063275,-0.6426628860222934,False,-36.82187101877447
813,13.548641290212183,795,638,665.0,838.0,-0.3204399391575476,-0.5763752205911837,-18.35985610115636,-14.66401145464028,-0.32043993915754765,False,-18.359856101156364,-0.576375220591185,False,-33.02386755579672
814,13.565306285649099,816,646,701.0,854.0,-0.2740431580372089,-0.5050551888870511,-15.701516359968696,-13.236014384441944,-0.2740431580372089,False,-15.701516359968696,-0.5050551888870523,False,-28.93753074441069
815,13.581971281086014,838,652,740.0,869.0,-0.22695357495966026,-0.4241944079037666,-13.003481990594496,-11.301067275342227,-0.2269535749596603,False,-13.003481990594498,-0.42419440790376584,False,-24.30454926593667
816,13.59863627652293,860,657,781.0,881.0,-0.1804069031670853,-0.33905907872732344,-10.336554146499312,-9.090100070170244,-0.1804069031670852,False,-10.336554146499306,-0.339059078727324,False,-19.426654216669576
817,13.615301271959845,883,660,826.0,892.0,-0.13255153229667402,-0.2409177717439294,-7.594643368591445,-6.208928162031837,-0.13255153229667416,False,-7.594643368591453,-0.2409177717439306,False,-13.80357153062334
818,13.631966267396761,907,662,873.0,897.0,-0.08279782530853373,-0.14368383054664818,-4.743965943040456,-3.488511131555377,-0.08279782530853375,False,-4.743965943040457,-0.14368383054664946,False,-8.232477074595911
819,13.648631262833677,930,663,921.0,901.0,-0.03518216419867631,-0.03779711649456458,-2.0157895227204166,-0.14982573018244227,-0.03518216419867626,False,-2.0157895227204135,-0.037797116494566296,False,-2.1656152529029575
820,13.66529625827059,953,662,970.0,900.0,0.012447489868861053,0.07130746478529032,0.7131886350175889,3.3724281449572926,0.012447489868860906,False,0.7131886350175805,0.07130746478529204,False,4.085616779974975
821,13.681961253707506,974,660,1018.0,894.0,0.056190786201237096,0.18586394582193286,3.2194948968528294,7.4297247623921105,0.056190786201236964,False,3.219494896852822,0.18586394582193222,False,10.649219659244906
822,13.698626249144422,995,656,1065.0,884.0,0.10050059905462982,0.29788240885294875,5.75826016436676,11.309144654097643,0.10050059905462971,False,5.758260164366754,0.29788240885294925,False,17.06740481846442
823,13.715291244581337,1014,652,1108.0,871.0,0.14100711120220583,0.4054427504166607,8.079112353218266,15.151046079832394,0.14100711120220577,False,8.079112353218262,0.4054427504166611,False,23.230158433050683
824,13.731956240018253,1032,647,1149.0,855.0,0.18004193016522457,0.5123894603107377,10.315642733856473,19.042110808934805,0.18004193016522452,False,10.31564273385647,0.512389460310736,False,29.357753542791173
825,13.748621235455168,1047,642,1185.0,836.0,0.21316188819196974,0.6182963634663426,12.213276546439404,23.212495568468782,0.21316188819196968,False,12.2132765464394,0.6182963634663423,False,35.425772114908156
826,13.765286230892084,1061,636,1217.0,817.0,0.24497866312686414,0.7113498241769309,14.036243467926479,26.72109921478483,0.24497866312686423,False,14.036243467926484,0.7113498241769314,False,40.75734268271134
827,13.781951226329,1074,631,1244.0,798.0,0.27448847839595003,0.7943000054057279,15.727031337055813,29.78300663991087,0.27448847839595025,False,15.727031337055827,0.7943000054057272,False,45.51003797696664
828,13.798616221765913,1084,626,1266.0,780.0,0.29802619288833526,0.8685393952858895,17.0756430368534,32.68799865387278,0.2980261928883352,False,17.075643036853396,0.8685393952858895,False,49.76364169072618
829,13.815281217202829,1093,622,1285.0,763.0,0.3190331697808657,0.9373704438257521,18.27925415312424,35.42811611839616,0.31903316978086593,False,18.279254153124253,0.9373704438257526,False,53.70737027152044
830,13.831946212639744,1100,618,1299.0,749.0,0.3360645051506339,0.9886143792812577,19.25507778928384,37.38835370947785,0.3360645051506337,False,19.255077789283828,0.988614379281259,False,56.64343149876176
831,13.84861120807666,1104,615,1309.0,737.0,0.3463693824853923,1.0339713473479513,19.845503768965514,39.396690571527365,0.3463693824853924,False,19.84550376896552,1.0339713473479506,False,59.24219434049284
832,13.865276203513575,1107,614,1316.0,729.0,0.35320392615379503,1.0677694611399913,20.23709427606285,40.94158934021681,0.35320392615379514,False,20.23709427606286,1.0677694611399922,False,61.17868361627971
833,13.881941198950491,1108,613,1319.0,723.0,0.3559837507060229,1.0902330381644434,20.39636649069235,42.06938528185548,0.35598375070602284,False,20.396366490692348,1.0902330381644418,False,62.465751772547726
834,13.898606194387407,1107,614,1318.0,723.0,0.35320392615379503,1.0939668071559656,20.23709427606285,42.442586701375994,0.35320392615379514,False,20.23709427606286,1.0939668071559652,False,62.67968097743883
835,13.915271189824322,1103,616,1315.0,726.0,0.34360499788000465,1.0921685650267206,19.687116198125864,42.889533094764644,0.3436049978800044,False,19.687116198125853,1.0921685650267214,False,62.576649292890544
836,13.931936185261236,1098,619,1307.0,732.0,0.3312870500292024,1.0751445832603679,18.981349774012653,42.61989721315815,0.3312870500292022,False,18.981349774012642,1.0751445832603679,False,61.60124698717082
837,13.948601180698152,1091,622,1296.0,743.0,0.31494793824183337,1.0375813128240183,18.04518762760395,41.4038424988555,0.3149479382418332,False,18.045187627603944,1.0375813128240168,False,59.44903012645936
838,13.965266176135067,1082,627,1282.0,756.0,0.2933029462266197,0.9979440791220989,16.80502093753784,40.37296298622791,0.29330294622661945,False,16.80502093753783,0.9979440791220995,False,57.177983923765794
839,13.981931171571983,1070,632,1263.0,772.0,0.2656903566430614,0.9432334655942491,15.222936092973054,38.82036058107556,0.2656903566430615,False,15.22293609297306,0.9432334655942505,False,54.0432966740487
840,13.998596167008898,1058,638,1240.0,790.0,0.23777343526905567,0.8749781374110849,13.623414321243965,36.50914011862899,0.2377734352690557,False,13.623414321243967,0.8749781374110839,False,50.13255443987291
841,14.015261162445814,1043,643,1213.0,810.0,0.2044464591778382,0.7943000054057279,11.713919247283805,33.79611872968288,0.20444645917783832,False,11.71391924728381,0.7943000054057272,False,45.51003797696664
842,14.03192615788273,1027,648,1180.0,830.0,0.16930377815578745,0.6990462732401619,9.700391943945801,30.35200919706442,0.16930377815578757,False,9.700391943945808,0.6990462732401603,False,40.05240114101013
843,14.048591153319645,1010,653,1143.0,850.0,0.13241304732317905,0.5938368430683221,7.586708764084202,26.43763606310325,0.13241304732317882,False,7.5867087640841895,0.5938368430683205,False,34.02434482718736
844,14.065256148756559,992,657,1102.0,868.0,0.09406123462798634,0.48056328863045333,5.389311759973409,22.14493646747879,0.09406123462798632,False,5.389311759973408,0.48056328863045294,False,27.534248227452174
845,14.081921144193474,974,660,1056.0,883.0,0.056190786201237096,0.3523668169245701,3.2194948968528294,16.969636553383996,0.056190786201236964,False,3.219494896852822,0.35236681692456884,False,20.18913145023674
846,14.09858613963039,954,662,1007.0,894.0,0.014521800691824951,0.22459412721667524,0.8320378905717287,12.036257702368045,0.01452180069182507,False,0.8320378905717356,0.22459412721667604,False,12.868295592939832
847,14.115251135067306,935,663,956.0,900.0,-0.024839610504088883,0.0883767861448488,-1.4232048466331204,6.4868216996632055,-0.02483961050408867,False,-1.4232048466331082,0.088376786144849,False,5.063616853030098
848,14.131916130504221,914,662,906.0,901.0,-0.06835805584759001,-0.033460310449650164,-3.916628095786485,1.9994935258240405,-0.06835805584759003,False,-3.916628095786486,-0.03346031044965159,False,-1.9171345699625217
849,14.148581125941137,894,661,856.0,897.0,-0.10974439623345732,-0.15964666966066154,-6.287890729388512,-2.859189655486646,-0.10974439623345722,False,-6.287890729388507,-0.15964666966065977,False,-9.147080384875052
850,14.165246121378052,873,659,809.0,889.0,-0.15327677929331596,-0.27139528080163583,-8.782112550865213,-6.767691618836368,-0.15327677929331607,False,-8.78211255086522,-0.27139528080163444,False,-15.549804169701511
851,14.181911116814968,853,655,766.0,878.0,-0.19537045123712662,-0.3719728371687995,-11.193902297453809,-10.118571365825394,-0.19537045123712682,False,-11.19390229745382,-0.3719728371687978,False,-21.312473663279114
852,14.198576112251882,833,650,726.0,864.0,-0.23795771530242163,-0.4636476090008061,-13.633972789404366,-12.931078387673635,-0.2379577153024215,False,-13.633972789404357,-0.46364760900080526,False,-26.56505117707794
853,14.215241107688797,814,644,691.0,850.0,-0.27915338674305923,-0.5382751147083189,-15.994310897160519,-14.84658139254641,-0.27915338674305934,False,-15.994310897160526,-0.5382751147083198,False,-30.840892289706986
854,14.231906103125713,796,638,660.0,835.0,-0.31847187762038986,-0.604223660410364,-18.247094481255193,-16.372371142204546,-0.31847187762038986,False,-18.247094481255193,-0.6042236604103657,False,-34.61946562345984
855,14.248571098562628,779,630,632.0,820.0,-0.35730868300810004,-0.6584874971603162,-20.472279519741925,-17.25627492967697,-0.35730868300810004,False,-20.472279519741925,-0.6584874971603156,False,-37.728554449418866
856,14.265236093999544,764,623,610.0,807.0,-0.3917418593703276,-0.6968727446734324,-22.445155200527193,-17.4827119269583,-0.39174185937032746,False,-22.445155200527186,-0.6968727446734313,False,-39.927867127485435
857,14.28190108943646,750,616,590.0,794.0,-0.42437875102567996,-0.7321939838539574,-24.315111348804617,-17.636513710897074,-0.4243787510256798,False,-24.315111348804606,-0.7321939838539571,False,-41.95162505970168
858,14.298566084873375,740,609,574.0,783.0,-0.4495640331779459,-0.7618730924122314,-25.758121721975616,-17.893990997825785,-0.4495640331779458,False,-25.75812172197561,-0.7618730924122303,False,-43.652112719801345
859,14.31523108031029,731,604,561.0,773.0,-0.47116626431311,-0.7883480073486928,-26.99583839408662,-18.1731752145419,-0.4711662643131098,False,-26.995838394086608,-0.7883480073486915,False,-45.16901360862843
860,14.331896075747204,725,600,551.0,765.0,-0.4862426330875049,-0.8119406011488455,-27.85965069524227,-18.661118965901483,-0.4862426330875049,False,-27.85965069524227,-0.8119406011488444,False,-46.5207696611437
861,14.34856107118412,720,597,544.0,759.0,-0.49850624448687686,-0.8267946189469824,-28.562303870014805,-18.809538319774397,-0.49850624448687686,False,-28.562303870014805,-0.8267946189469839,False,-47.371842189789305
862,14.365226066621036,718,595,541.0,757.0,-0.504229659803801,-0.8296171077931012,-28.89023141207509,-18.643327476319474,-0.504229659803801,False,-28.89023141207509,-0.8296171077931014,False,-47.53355888839459
863,14.381891062057951,719,595,542.0,757.0,-0.5023805906795906,-0.8296171077931012,-28.784287555229884,-18.74927133316468,-0.5023805906795906,False,-28.784287555229884,-0.8296171077931014,False,-47.53355888839459
864,14.398556057494867,720,597,545.0,760.0,-0.49850624448687686,-0.8208862165611219,-28.562303870014805,-18.47101179939957,-0.49850624448687686,False,-28.562303870014805,-0.8208862165611208,False,-47.03331566941433
865,14.415221052931782,724,600,553.0,766.0,-0.48810181131244706,-0.8002338701164222,-27.96617376089408,-17.883849620197005,-0.4881018113124469,False,-27.96617376089407,-0.800233870116422,False,-45.85002338109107
866,14.431886048368698,731,604,562.0,774.0,-0.47116626431311,-0.7824483194462039,-26.99583839408662,-17.835147997284885,-0.4711662643131098,False,-26.995838394086608,-0.7824483194462033,False,-44.83098639137147
867,14.448551043805614,739,609,576.0,784.0,-0.4514530915525543,-0.7499101102337746,-25.866356794094518,-17.10032753649108,-0.4514530915525543,False,-25.866356794094518,-0.749910110233774,False,-42.96668433058557
868,14.465216039242527,750,615,593.0,796.0,-0.42524101221287475,-0.7145112200339636,-24.36451527566882,-16.57396204702061,-0.4252410122128749,False,-24.36451527566883,-0.7145112200339625,False,-40.938477322689366
869,14.481881034679443,763,622,615.0,810.0,-0.3944697829498962,-0.6669082042393105,-22.601453708470693,-15.609571717090509,-0.394469782949896,False,-22.601453708470682,-0.6669082042393093,False,-38.21102542556114
870,14.498546030116358,777,629,639.0,824.0,-0.361939845423521,-0.6158699519395265,-20.737625580385156,-14.54912339467455,-0.361939845423521,False,-20.737625580385156,-0.6158699519395263,False,-35.28674897505971
871,14.515211025553274,794,637,667.0,838.0,-0.32306288960126867,-0.5635034222608851,-18.510140091453547,-13.77622774527345,-0.32306288960126883,False,-18.510140091453554,-0.5635034222608866,False,-32.28636783672708
872,14.53187602099019,812,643,698.0,853.0,-0.28371116983719846,-0.4973427163468224,-16.255452632390774,-12.240185985854215,-0.28371116983719835,False,-16.255452632390767,-0.4973427163468216,False,-28.495638618244932
873,14.548541016427105,832,650,732.0,866.0,-0.23996617377864618,-0.4335814839517618,-13.749048983419309,-11.09334012203587,-0.23996617377864604,False,-13.7490489834193,-0.43358148395176244,False,-24.842389105455222
874,14.56520601186402,853,655,770.0,879.0,-0.19537045123712662,-0.3548510431119804,-11.193902297453809,-9.137564828677496,-0.19537045123712682,False,-11.19390229745382,-0.35485104311198157,False,-20.331467126131365
875,14.581871007300936,875,659,811.0,888.0,-0.14919619504786114,-0.27252271576064285,-8.548312295653076,-7.066089138875128,-0.1491961950478613,False,-8.548312295653085,-0.272522715760644,False,-15.614401434528265
876,14.59853600273785,897,661,853.0,895.0,-0.10357809759460818,-0.18586394582193286,-5.934587842165192,-4.714631817079743,-0.10357809759460812,False,-5.93458784216519,-0.18586394582193222,False,-10.649219659244906
877,14.615200998174766,919,663,898.0,900.0,-0.05790620524810725,-0.0883767861448488,-3.3177811683348435,-1.7458356846952447,-0.05790620524810741,False,-3.317781168334853,-0.088376786144849,False,-5.063616853030098
878,14.631865993611681,940,662,943.0,900.0,-0.014521800691824951,0.012604374487651676,-0.8320378905717287,1.5542153521165425,-0.01452180069182507,False,-0.8320378905717356,0.012604374487651171,False,0.7221774615447815
879,14.648530989048597,961,661,987.0,897.0,0.02909781411771015,0.10972698888407616,1.6671819420009748,4.619711419735481,0.029097814117710286,False,1.6671819420009826,0.10972698888407706,False,6.286893361736514
880,14.665195984485512,981,658,1031.0,892.0,0.07101011124067928,0.21050956212735614,4.068579676845409,7.992729780199085,0.07101011124067913,False,4.0685796768454,0.21050956212735628,False,12.06130945704451
881,14.681860979922428,1000,655,1074.0,881.0,0.11111932834987484,0.3164314556251264,6.366668536776227,11.763518375724699,0.11111932834987481,False,6.366668536776225,0.31643145562512487,False,18.130186912500847
882,14.698525975359344,1016,651,1113.0,869.0,0.14546210188928227,0.41864986146843797,8.334364517357832,15.652505638520244,0.1454621018892821,False,8.334364517357823,0.4186498614684382,False,23.986870155878094
883,14.71519097079626,1032,647,1150.0,854.0,0.18004193016522457,0.5181049902083273,10.315642733856473,19.369586549747538,0.18004193016522452,False,10.31564273385647,0.5181049902083288,False,29.68522928360408
884,14.731855966233175,1046,642,1182.0,837.0,0.21109333322274654,0.6090030164042272,12.094757077012101,22.798545473686552,0.2110933332227467,False,12.09475707701211,0.6090030164042268,False,34.893302550698635
885,14.748520961670089,1058,637,1211.0,821.0,0.23827427673114665,0.6936681856474233,13.65211042322694,26.092148996867667,0.23827427673114654,False,13.652110423226935,0.6936681856474216,False,39.74425942009452
886,14.765185957107004,1069,633,1235.0,804.0,0.2630738957086199,0.7705624566784743,15.073023924168698,29.076952694740218,0.26307389570862005,False,15.073023924168709,0.7705624566784728,False,44.14997661890882
887,14.78185095254392,1078,629,1255.0,788.0,0.28387963046015047,0.8389184318567634,16.26510471510007,31.801380786025813,0.2838796304601505,False,16.265104715100072,0.8389184318567651,False,48.06648550112599
888,14.798515947980835,1085,626,1271.0,774.0,0.30007373343394766,0.8986834994141027,17.192958468498905,34.29781316597677,0.3000737334339476,False,17.1929584684989,0.8986834994141013,False,51.49077163447559
889,14.81518094341775,1090,623,1283.0,762.0,0.3122399715896292,0.9466367923122314,17.890032567370483,36.34826036392265,0.31223997158962913,False,17.89003256737048,0.9466367923122299,False,54.238292931293024
890,14.831845938854666,1093,621,1291.0,753.0,0.31970835165368316,0.982793723247329,18.31793922484042,37.99199324917979,0.3197083516536834,False,18.317939224840433,0.9827937232473296,False,56.30993247402024
891,14.848510934291582,1095,620,1296.0,747.0,0.32447534329357386,1.0072929045340115,18.591067726780302,39.1225644364927,0.32447534329357364,False,18.59106772678029,1.0072929045340118,False,57.71363216327302
892,14.865175929728498,1094,621,1298.0,744.0,0.3217505543966422,1.0282170026689061,18.43494882292201,40.477545853598016,0.32175055439664213,False,18.434948822922006,1.0282170026689066,False,58.91249467652005
893,14.881840925165411,1092,622,1295.0,745.0,0.3169919227429521,1.026041593568053,18.16229931290821,40.62555360341857,0.31699192274295207,False,18.162299312908207,1.0260415935680527,False,58.78785291632677
894,14.898505920602327,1087,624,1289.0,750.0,0.30544765107798005,1.013087483166104,17.500861268952846,40.544775793995754,0.30544765107798,False,17.500861268952843,1.0130874831661032,False,58.04563706294855
895,14.915170916039242,1081,627,1280.0,758.0,0.2912515399651502,0.9886143792812577,16.68748401668893,39.955947482072744,0.2912515399651503,False,16.687484016688934,0.988614379281259,False,56.64343149876176
896,14.931835911476158,1074,631,1267.0,768.0,0.27448847839595003,0.9534937870944942,15.727031337055813,38.90413845540419,0.27448847839595025,False,15.727031337055827,0.9534937870944944,False,54.63116979246001
897,14.948500906913074,1064,635,1251.0,782.0,0.25168997175818675,0.9045909619113205,14.420773127510985,37.40847117568707,0.25168997175818664,False,14.420773127510978,0.904590961911321,False,51.8292443031981
898,14.96516590234999,1052,640,1231.0,797.0,0.22441600903714554,0.8507810254762908,12.85809017299818,35.88807187660544,0.22441600903714543,False,12.858090172998175,0.8507810254762909,False,48.74616204960363
899,14.981830897786905,1040,644,1206.0,814.0,0.19780998170763106,0.7734939638391385,11.333677097407277,32.98426250942007,0.1978099817076311,False,11.333677097407278,0.7734939638391367,False,44.317939606827245
900,14.99849589322382,1025,649,1177.0,832.0,0.16480289596229453,0.6931236382026539,9.442510390173073,30.270548759591623,0.16480289596229447,False,9.44251039017307,0.6931236382026533,False,39.71305914976467
901,15.015160888660734,1010,653,1144.0,850.0,0.13241304732317905,0.5973154891344067,7.586708764084202,26.636947801109677,0.13241304732317882,False,7.5867087640841895,0.5973154891344059,False,34.22365656519384
902,15.03182588409765,993,656,1106.0,866.0,0.09633949292208074,0.4936573587028494,5.519846344865694,22.76463683438335,0.09633949292208088,False,5.519846344865702,0.49365735870284766,False,28.28448317924895
903,15.048490879534565,976,659,1064.0,880.0,0.06046898795111592,0.37894509813114835,3.4646178010263693,18.247336989059264,0.06046898795111577,False,3.464617801026361,0.3789450981311475,False,21.71195479008557
904,15.065155874971481,958,661,1020.0,892.0,0.022865037346006013,0.26221833432139385,1.3100701383351536,13.713933729231131,0.0228650373460062,False,1.3100701383351643,0.26221833432139263,False,15.024003867566218
905,15.081820870408396,940,662,974.0,899.0,-0.014521800691824951,0.14248772198969495,-0.8320378905717287,8.995982993014657,-0.01452180069182507,False,-0.8320378905717356,0.14248772198969561,False,8.163945102442971
906,15.098485865845312,921,663,926.0,901.0,-0.05377832345616751,0.021005313472176913,-3.081270963327797,4.284786772632818,-0.05377832345616751,False,-3.081270963327797,0.021005313472176823,False,1.203515809305021
907,15.115150861282228,902,662,880.0,900.0,-0.0930911522812464,-0.09217503755646181,-5.333730135725064,0.05248950727993955,-0.09309115228124654,False,-5.333730135725072,-0.09217503755646206,False,-5.281240628445133
908,15.131815856719143,883,660,835.0,894.0,-0.13255153229667402,-0.20232162837830375,-7.594643368591445,-3.997532041699634,-0.13255153229667416,False,-7.594643368591453,-0.2023216283783036,False,-11.592175410291063
909,15.148480852156057,864,657,793.0,885.0,-0.17227928660976471,-0.3018856181454772,-9.870876020264195,-7.425895795169635,-0.17227928660976488,False,-9.870876020264204,-0.30188561814547654,False,-17.29677181543379
910,15.165145847592973,845,653,755.0,874.0,-0.21239240870444517,-0.3867319776141511,-12.169188619382357,-9.988921500656327,-0.2123924087044453,False,-12.169188619382366,-0.3867319776141507,False,-22.158110120038668
911,15.181810843029888,827,648,719.0,862.0,-0.2510026866430346,-0.46737893496746485,-14.381394591090604,-12.397445815864504,-0.2510026866430346,False,-14.381394591090604,-0.4673789349674635,False,-26.77884040695503
912,15.198475838466804,810,643,688.0,849.0,-0.2876877188918683,-0.5346889039760393,-16.483292110250094,-14.152125440052707,-0.2876877188918683,False,-16.483292110250094,-0.5346889039760399,False,-30.635417550302826
913,15.21514083390372,793,637,662.0,837.0,-0.32502923117289456,-0.5798821323938134,-18.62280316458883,-14.601995636623116,-0.3250292311728944,False,-18.62280316458882,-0.5798821323938128,False,-33.22479880121191
914,15.231805829340635,779,630,638.0,824.0,-0.35730868300810004,-0.6284897260326391,-20.472279519741925,-15.537529249261674,-0.35730868300810004,False,-20.472279519741925,-0.6284897260326403,False,-36.009808769003676
915,15.24847082477755,765,624,618.0,813.0,-0.3890201032932934,-0.6610431688506869,-22.289210064449048,-15.585773586649164,-0.3890201032932934,False,-22.289210064449048,-0.6610431688506857,False,-37.874983651098134
916,15.265135820214466,754,618,602.0,803.0,-0.4150423292876855,-0.6877865165269237,-23.780173787463337,-15.627090815534233,-0.4150423292876857,False,-23.78017378746335,-0.6877865165269235,False,-39.40726460299756
917,15.28180081565138,745,613,588.0,793.0,-0.43650072157929287,-0.7172545775299638,-25.0096491009085,-16.086011027997323,-0.43650072157929287,False,-25.0096491009085,-0.7172545775299639,False,-41.09566012890582
918,15.298465811088295,739,609,577.0,786.0,-0.4514530915525543,-0.7411792190017954,-25.866356794094518,-16.60008431751092,-0.4514530915525543,False,-25.866356794094518,-0.741179219001797,False,-42.46644111160551
919,15.315130806525211,734,606,571.0,781.0,-0.4636476090008061,-0.7499101102337746,-26.56505117707799,-16.401633153507632,-0.46364760900080615,False,-26.565051177077994,-0.749910110233774,False,-42.96668433058557
920,15.331795801962127,731,604,565.0,777.0,-0.47116626431311,-0.76475212986323,-26.99583839408662,-16.82123102071712,-0.4711662643131098,False,-26.995838394086608,-0.7647521298632292,False,-43.817069414803676
921,15.348460797399042,731,604,565.0,777.0,-0.47116626431311,-0.76475212986323,-26.99583839408662,-16.82123102071712,-0.4711662643131098,False,-26.995838394086608,-0.7647521298632292,False,-43.817069414803676
922,15.365125792835958,731,605,568.0,779.0,-0.47021411874620345,-0.7527687986706527,-26.941284471620783,-16.1891906413408,-0.47021411874620345,False,-26.941284471620783,-0.752768798670651,False,-43.13047511296148
923,15.381790788272873,735,607,573.0,783.0,-0.4608333575186444,-0.7440017078479142,-26.403806444661686,-16.2243513655491,-0.4608333575186445,False,-26.403806444661694,-0.7440017078479144,False,-42.628157810210794
924,15.398455783709789,740,610,582.0,789.0,-0.44865341883077775,-0.7231640938390715,-25.70594736311882,-15.728303109262608,-0.4486534188307778,False,-25.70594736311882,-0.7231640938390704,False,-41.43425047238136
925,15.415120779146703,748,615,595.0,798.0,-0.4290496337188748,-0.6963485807629505,-24.58273321372538,-15.315101533916438,-0.4290496337188747,False,-24.582733213725376,-0.696348580762951,False,-39.89783474764184
926,15.431785774583618,757,620,610.0,808.0,-0.4076315054576269,-0.6636157467843974,-23.355564859286005,-14.66681664988229,-0.4076315054576267,False,-23.355564859285995,-0.6636157467843979,False,-38.02238150916833
927,15.448450770020534,768,626,629.0,819.0,-0.3816655728837192,-0.6241595344826653,-21.867826511679826,-13.893880557027055,-0.38166557288371905,False,-21.86782651167982,-0.6241595344826649,False,-35.761707068706876
928,15.46511576545745,782,632,651.0,832.0,-0.350013900671173,-0.5798821323938134,-20.054319279369423,-13.170479521842518,-0.3500139006711729,False,-20.05431927936942,-0.5798821323938128,False,-33.22479880121191
929,15.481780760894365,797,638,677.0,844.0,-0.31650125878011565,-0.5274705837654604,-18.134186338678518,-12.087651928384126,-0.3165012587801157,False,-18.13418633867852,-0.5274705837654601,False,-30.22183826706262
930,15.49844575633128,814,644,705.0,856.0,-0.27915338674305923,-0.47490416918385475,-15.994310897160519,-11.215693670241171,-0.27915338674305934,False,-15.994310897160526,-0.4749041691838549,False,-27.210004567401697
931,15.515110751768196,832,650,736.0,869.0,-0.23996617377864618,-0.4131288322784014,-13.749048983419309,-9.921489501301146,-0.23996617377864604,False,-13.7490489834193,-0.413128832278403,False,-23.67053848472055
932,15.531775747205112,851,655,770.0,879.0,-0.19941902936665534,-0.3469776052196545,-11.425868737304773,-8.454483627337872,-0.19941902936665556,False,-11.425868737304786,-0.34697760521965293,False,-19.880352364642555
933,15.548440742642025,871,658,807.0,888.0,-0.15767599042500863,-0.27139528080163583,-9.034168781898174,-6.515635387803423,-0.15767599042500846,False,-9.034168781898165,-0.27139528080163444,False,-15.549804169701511
934,15.565105738078941,892,661,846.0,895.0,-0.11385064097536178,-0.19410609803032688,-6.523161222747424,-4.598298972142932,-0.1138506409753619,False,-6.523161222747431,-0.1941060980303284,False,-11.121460194890439
935,15.581770733515857,913,662,886.0,899.0,-0.07042277023580182,-0.11343499180721633,-4.034927516130957,-2.4644187635236143,-0.07042277023580201,False,-4.034927516130969,-0.1134349918072175,False,-6.499346279654634
936,15.598435728952772,933,663,928.0,901.0,-0.028977393851561332,-0.021005313472176913,-1.6602823689828055,0.4567665596777881,-0.028977393851561395,False,-1.660282368982809,-0.021005313472176823,False,-1.203515809305021
937,15.615100724389688,953,662,969.0,899.0,0.012447489868861053,0.0674082643902822,0.7131886350175889,3.149020418847577,0.012447489868860906,False,0.7131886350175805,0.06740826439028069,False,3.8622090538650813
938,15.631765719826603,971,660,1010.0,895.0,0.04995839572194276,0.1644585463992785,2.8624052261117474,6.560375387423321,0.04995839572194294,False,2.8624052261117576,0.1644585463992776,False,9.422780613535028
939,15.648430715263519,989,657,1050.0,888.0,0.08782381993215167,0.2581758664478214,5.031934222829206,9.760453296764162,0.08782381993215171,False,5.031934222829209,0.25817586644782153,False,14.79238751959337
940,15.665095710700434,1006,654,1088.0,878.0,0.12383564896894092,0.35091999741042856,7.095260039183899,13.01097475917544,0.12383564896894095,False,7.095260039183901,0.3509199974104291,False,20.106234798359367
941,15.681760706137348,1020,650,1123.0,866.0,0.15408794632863065,0.44495819655390045,8.828588998468884,16.665637723822144,0.15408794632863065,False,8.828588998468884,0.4449581965539018,False,25.494226722291103
942,15.698425701574264,1034,646,1155.0,852.0,0.18457044594088398,0.5310873950188547,10.57510757526017,19.853958711917386,0.18457044594088412,False,10.575107575260176,0.5310873950188544,False,30.429066287177534
943,15.71509069701118,1046,642,1183.0,837.0,0.21109333322274654,0.612444766409215,12.094757077012101,22.99574322311149,0.2110933332227467,False,12.09475707701211,0.6124447664092152,False,35.0905003001236
944,15.731755692448095,1056,638,1208.0,822.0,0.23364478472634778,0.690446457054692,13.386860070062406,26.172807898932085,0.23364478472634786,False,13.386860070062411,0.6904464570546907,False,39.55966796899442
945,15.74842068788501,1064,635,1228.0,808.0,0.25168997175818675,0.7586982783921826,14.420773127510985,29.049436148202663,0.25168997175818664,False,14.420773127510978,0.7586982783921812,False,43.470209275713565
946,15.765085683321926,1072,632,1246.0,795.0,0.26980542862204254,0.818027528124244,15.45871234976122,31.410812537277195,0.2698054286220426,False,15.458712349761223,0.8180275281242437,False,46.869524887038416
947,15.781750678758842,1077,630,1258.0,784.0,0.28123220191829523,0.8658213392168801,16.11341823308929,33.49449031640272,0.2812322019182951,False,16.113418233089284,0.865821339216879,False,49.60790854949195
948,15.798415674195757,1080,628,1268.0,775.0,0.2885873618940774,0.9071805800104992,16.534837857345156,35.44278063348653,0.2885873618940775,False,16.53483785734516,0.9071805800105004,False,51.977618490831766
949,15.815080669632671,1081,627,1273.0,769.0,0.2912515399651502,0.9339952852466475,16.68748401668893,36.826503913061416,0.2912515399651503,False,16.687484016688934,0.9339952852466489,False,53.51398792975043
950,15.831745665069587,1081,627,1275.0,765.0,0.2912515399651502,0.9524999633285539,16.68748401668893,37.88674386840288,0.2912515399651503,False,16.687484016688934,0.9524999633285525,False,54.57422788509174
951,15.848410660506502,1079,628,1274.0,765.0,0.2865347669575948,0.9583515603856817,16.417232830434777,38.49226686944164,0.28653476695759483,False,16.41723283043478,0.9583515603856831,False,54.9094996998765
952,15.865075655943418,1076,630,1269.0,769.0,0.27917994046787675,0.9466367923122314,15.995832313522916,38.2424606177702,0.279179940467877,False,15.995832313522929,0.9466367923122299,False,54.238292931293024
953,15.881740651380333,1070,632,1261.0,775.0,0.2656903566430614,0.9281334407726048,15.222936092973054,37.95519288825256,0.2656903566430615,False,15.22293609297306,0.928133440772605,False,53.178128981225626
954,15.898405646817249,1063,635,1249.0,784.0,0.2496273899697995,0.895400076670389,14.30259589613585,37.00004947276778,0.24962738996979938,False,14.302595896135843,0.8954000766703878,False,51.30264536890355
955,15.915070642254165,1055,639,1234.0,795.0,0.23109066719589708,0.8539473071493137,13.240519915187205,35.68705671103026,0.23109066719589721,False,13.240519915187212,0.853947307149312,False,48.927576626217366
956,15.93173563769108,1044,642,1214.0,808.0,0.20695073227154784,0.7973023629557582,11.857403526301535,33.824656866871116,0.2069507322715478,False,11.857403526301534,0.7973023629557581,False,45.68206039317265
957,15.948400633127994,1032,647,1191.0,823.0,0.18004193016522457,0.7346953878814758,10.315642733856473,31.779302219479057,0.18004193016522452,False,10.31564273385647,0.7346953878814766,False,42.09494495333558
958,15.96506562856491,1019,650,1165.0,839.0,0.1520097378205026,0.6577380027737101,8.709516422004967,28.976095162292644,0.15200973782050253,False,8.709516422004965,0.6577380027737085,False,37.68561158429753
959,15.981730624001825,1005,654,1134.0,854.0,0.12175759779046096,0.5728522476727977,6.976196477044811,25.845819599189433,0.1217575977904608,False,6.976196477044802,0.5728522476727989,False,32.82201607623431
960,15.99839561943874,990,657,1099.0,868.0,0.08990374367755748,0.476829519638931,5.151105075150002,22.169213947411148,0.08990374367755738,False,5.151105075149997,0.4768295196389296,False,27.32031902256107
961,16.015060614875654,974,660,1061.0,881.0,0.056190786201237096,0.37503340595633455,3.2194948968528294,18.268336440861614,0.056190786201236964,False,3.219494896852822,0.3750334059563336,False,21.487831337714386
962,16.03172561031257,957,661,1020.0,891.0,0.02078702624457386,0.26735539552188037,1.1910088724417596,14.12732692101281,0.02078702624457396,False,1.1910088724417651,0.26735539552188214,False,15.318335793454676
963,16.048390605749486,940,662,977.0,897.0,-0.014521800691824951,0.15616481407278227,-0.8320378905717287,9.77962264538735,-0.01452180069182507,False,-0.8320378905717356,0.15616481407278116,False,8.947584754815564
964,16.0650556011864,923,663,935.0,901.0,-0.04964860638860627,0.050377507181057816,-2.8446556047733953,5.731074148638004,-0.04964860638860635,False,-2.8446556047734,0.05037750718105727,False,2.8864185438645786
965,16.081720596623317,905,662,892.0,900.0,-0.08691738970361512,-0.05456762350389413,-4.979999596310984,1.8535050714789754,-0.08691738970361529,False,-4.979999596310993,-0.05456762350389255,False,-3.1264945248319163
966,16.098385592060232,887,660,850.0,896.0,-0.12435499454676144,-0.15551373812965635,-7.125016348901798,-1.785264502230211,-0.12435499454676124,False,-7.125016348901787,-0.15551373812965608,False,-8.910280851131997
967,16.115050587497148,870,658,811.0,890.0,-0.1597157936863347,-0.2490313258433882,-9.151040899809178,-5.117403037564155,-0.1597157936863347,False,-9.151040899809178,-0.2490313258433865,False,-14.268443937373233
968,16.131715582934063,852,655,773.0,881.0,-0.19739555984988075,-0.3362805753700938,-11.309932474020213,-7.957525226917156,-0.19739555984988089,False,-11.30993247402022,-0.33628057537009326,False,-19.267457700937324
969,16.14838057837098,835,651,740.0,870.0,-0.2334561270063428,-0.40929219792623106,-13.37605077893356,-10.074664749872612,-0.23345612700634266,False,-13.376050778933553,-0.4092921979262307,False,-23.450715528806164
970,16.165045573807895,819,646,710.0,860.0,-0.26806692919097963,-0.47109626081304934,-15.35910366967542,-11.632723819306579,-0.2680669291909794,False,-15.359103669675408,-0.4710962608130487,False,-26.99182748898196
971,16.18171056924481,804,641,684.0,848.0,-0.3007837714791761,-0.5253668738153162,-17.233640651784214,-12.86766391381548,-0.3007837714791761,False,-17.233640651784214,-0.5253668738153152,False,-30.101304565599644
972,16.198375564681726,789,635,661.0,837.0,-0.334225284799411,-0.5648049094433026,-19.149698225564197,-13.21123933380571,-0.33422528479941116,False,-19.149698225564208,-0.5648049094433034,False,-32.360937559369944
973,16.21504056011864,777,630,642.0,827.0,-0.36120375549368167,-0.6007777505596751,-20.695450734063282,-13.726578798369419,-0.36120375549368156,False,-20.695450734063275,-0.6007777505596756,False,-34.422029532432745
974,16.231705555555557,766,624,625.0,818.0,-0.38709032535345766,-0.6284897260326391,-22.178641933099012,-13.831166835904588,-0.38709032535345766,False,-22.178641933099012,-0.6284897260326403,False,-36.009808769003676
975,16.248370550992473,757,620,612.0,810.0,-0.4076315054576269,-0.6518691143055769,-23.355564859286005,-13.99378418535458,-0.4076315054576267,False,-23.355564859285995,-0.6518691143055761,False,-37.34934904464055
976,16.265035546429388,750,616,602.0,804.0,-0.42437875102567996,-0.6669082042393105,-24.315111348804617,-13.895914076756583,-0.4243787510256798,False,-24.315111348804606,-0.6669082042393093,False,-38.21102542556114
977,16.2817005418663,746,614,594.0,798.0,-0.4337220271503024,-0.690446457054692,-24.85044163757083,-14.709226331423665,-0.4337220271503024,False,-24.85044163757083,-0.6904464570546907,False,-39.55966796899442
978,16.298365537303216,743,612,589.0,795.0,-0.4411794804149806,-0.6995562260692778,-25.27772223555295,-14.80389705031636,-0.4411794804149807,False,-25.277722235552954,-0.6995562260692765,False,-40.08161928586924
979,16.31503053274013,742,611,588.0,795.0,-0.4439688000585726,-0.6968727446734324,-25.437538478843706,-14.490328648641801,-0.44396880005857264,False,-25.43753847884371,-0.6968727446734313,False,-39.927867127485435
980,16.331695528177047,743,612,591.0,796.0,-0.4411794804149806,-0.690446457054692,-25.27772223555295,-14.28194573344154,-0.4411794804149807,False,-25.277722235552954,-0.6904464570546907,False,-39.55966796899442
981,16.348360523613962,746,614,596.0,800.0,-0.4337220271503024,-0.6786624907483126,-24.85044163757083,-14.034054796143769,-0.4337220271503024,False,-24.85044163757083,-0.6786624907483123,False,-38.884496433714574
982,16.365025519050878,751,617,604.0,806.0,-0.4216163030024585,-0.6610431688506869,-24.156834735949772,-13.718148915148445,-0.42161630300245845,False,-24.15683473594977,-0.6610431688506857,False,-37.874983651098134
983,16.381690514487794,758,620,615.0,813.0,-0.40571438001234955,-0.6376726985221499,-23.245721662474473,-13.290232673562848,-0.4057143800123497,False,-23.245721662474484,-0.6376726985221488,False,-36.53595433603726
984,16.39835550992471,766,625,630.0,821.0,-0.3863045340147638,-0.6066051085945269,-22.133619405813917,-12.622293147727465,-0.38630453401476395,False,-22.133619405813924,-0.6066051085945254,False,-34.755912553541286
985,16.415020505361625,777,630,648.0,831.0,-0.36120375549368167,-0.5705827629957897,-20.695450734063282,-11.99653344850879,-0.36120375549368156,False,-20.695450734063275,-0.5705827629957909,False,-32.69198418257214
986,16.43168550079854,789,635,668.0,841.0,-0.334225284799411,-0.5310873950188547,-19.149698225564197,-11.279368061613354,-0.33422528479941116,False,-19.149698225564208,-0.5310873950188544,False,-30.429066287177534
987,16.448350496235456,803,641,692.0,852.0,-0.3027613505890383,-0.4842825783850835,-17.346947588432556,-10.400400244746194,-0.3027613505890381,False,-17.346947588432542,-0.48428257838508415,False,-27.74734783317879
988,16.46501549167237,819,646,718.0,863.0,-0.26806692919097963,-0.43561756904095966,-15.35910366967542,-9.599944518120317,-0.2680669291909794,False,-15.359103669675408,-0.4356175690409607,False,-24.9590481877958
989,16.481680487109287,836,651,748.0,872.0,-0.23144565475642054,-0.37894509813114835,-13.260859204184845,-8.451095585900779,-0.23144565475642054,False,-13.260859204184845,-0.3789450981311475,False,-21.71195479008557
990,16.498345482546203,854,655,779.0,881.0,-0.19334371816624893,-0.3204225339290187,-11.077779046292928,-7.281079808727269,-0.19334371816624873,False,-11.077779046292918,-0.320422533929019,False,-18.358858855020213
991,16.515010477983118,872,658,813.0,889.0,-0.1556348632080116,-0.2500650892513549,-8.91722080691496,-5.4104534107499145,-0.1556348632080118,False,-8.91722080691497,-0.25006508925135407,False,-14.327674217664836
992,16.531675473420034,891,661,848.0,895.0,-0.11590232700762652,-0.1817331968267754,-6.640714173282136,-3.771831002312373,-0.11590232700762648,False,-6.6407141732821335,-0.18173319682677658,False,-10.412545175594582
993,16.54834046885695,911,662,885.0,899.0,-0.0745503779455277,-0.1092676898773683,-4.271422017383911,-1.9891554497336335,-0.07455037794552766,False,-4.271422017383908,-0.10926768987736679,False,-6.260577467117465
994,16.56500546429386,929,662,922.0,901.0,-0.03732705263531634,-0.02928033234577806,-2.1386825776663034,0.46104311151284133,-0.03732705263531644,False,-2.138682577666309,-0.029280332345777538,False,-1.6776394661534424
995,16.581670459730777,948,662,961.0,899.0,0.0020746858199706176,0.054797406973115484,0.11887074129995491,3.0207894065203122,0.002074685819970501,False,0.11887074129994823,0.054797406973115415,False,3.1396601478202606
996,16.598335455167692,966,660,999.0,896.0,0.039562679159935166,0.13892970426308895,2.266774542094462,5.693311161181214,0.039562679159935055,False,2.266774542094456,0.13892970426308793,False,7.960085703275619
997,16.615000450604608,982,658,1035.0,891.0,0.07309131899540686,0.22366209548092808,4.187824097481197,8.62707001062803,0.07309131899540677,False,4.187824097481192,0.22366209548092897,False,12.814894108109272
998,16.631665446041524,998,655,1070.0,882.0,0.10695867123311481,0.30714335966663053,6.128280443984807,11.469737770381794,0.10695867123311498,False,6.128280443984817,0.30714335966662887,False,17.59801821436651
999,16.64833044147844,1012,652,1103.0,872.0,0.1368510897135617,0.39220631123986943,7.840989862353279,14.630776470085621,0.13685108971356152,False,7.840989862353269,0.39220631123987104,False,22.471766332438992
1000,16.664995436915355,1024,648,1133.0,861.0,0.16306895770941734,0.472993131308296,9.343163046346922,17.757347116295616,0.16306895770941754,False,9.343163046346934,0.47299313130829646,False,27.10051016264255
1001,16.68166043235227,1035,645,1160.0,848.0,0.18703538349272572,0.5519297832910718,10.71633809374401,20.906909076404546,0.18703538349272586,False,10.716338093744017,0.5519297832910723,False,31.623247170148588
1002,16.698325427789186,1045,642,1184.0,835.0,0.20902294280626463,0.6241595344826653,11.976132444203355,23.785574624503543,0.20902294280626466,False,11.976132444203357,0.6241595344826649,False,35.761707068706876
1003,16.7149904232261,1053,639,1204.0,822.0,0.22695795704220115,0.6898813257218057,13.003733065429566,26.523555263319945,0.22695795704220112,False,13.003733065429564,0.6898813257218066,False,39.52728832874956
1004,16.731655418663017,1059,636,1221.0,811.0,0.2408464552414116,0.7468416132627935,13.799485396019369,28.991387008680363,0.24084645524141157,False,13.799485396019367,0.7468416132627951,False,42.790872404699805
1005,16.748320414099933,1064,634,1233.0,801.0,0.25222116453122,0.79135047405204,14.451208231513641,30.88983404734522,0.25222116453122023,False,14.451208231513654,0.7913504740520416,False,45.34104227885895
1006,16.76498540953685,1067,633,1243.0,794.0,0.25895290870722815,0.8298791897663438,14.836908761560679,32.711666317787156,0.258952908707228,False,14.83690876156067,0.8298791897663449,False,47.5485750793479
1007,16.781650404973764,1068,633,1249.0,787.0,0.26101453624935184,0.8658213392168801,14.955031318652296,34.65287723083971,0.2610145362493519,False,14.9550313186523,0.865821339216879,False,49.60790854949195
1008,16.79831540041068,1068,632,1251.0,784.0,0.2615660478367118,0.8776726885922428,14.986630604960581,35.30031024527473,0.26156604783671167,False,14.986630604960576,0.8776726885922415,False,50.28694085023523
1009,16.814980395847595,1066,633,1250.0,785.0,0.2568890268871871,0.8803498697402047,14.71865704385855,35.72167498714695,0.2568890268871873,False,14.71865704385856,0.8803498697402041,False,50.44033203100548
1010,16.831645391284507,1062,635,1246.0,786.0,0.2475626367040197,0.8835888388388599,14.184294248270815,36.44161704206093,0.24756263670401957,False,14.184294248270806,0.8835888388388611,False,50.625911290331814
1011,16.848310386721423,1057,637,1238.0,792.0,0.23620695828242136,0.8626252207714327,13.533661801205449,35.891122650538506,0.23620695828242155,False,13.53366180120546,0.8626252207714344,False,49.42478445174407
1012,16.864975382158338,1051,640,1227.0,800.0,0.2223487820699473,0.8329812666744317,12.739646792482093,34.986664201424176,0.22234878206994724,False,12.73964679248209,0.8329812666744303,False,47.72631099390619
1013,16.881640377595254,1043,642,1212.0,810.0,0.20487671703710847,0.7883655137385233,11.738571206722323,33.431445444157994,0.2048767170371084,False,11.73857120672232,0.7883655137385226,False,45.170016650880264
1014,16.89830537303217,1033,646,1193.0,821.0,0.18249600024803592,0.7406519319428327,10.456250592230882,31.97997919630413,0.1824960002480358,False,10.456250592230877,0.740651931942832,False,42.43622978853495
1015,16.914970368469085,1022,649,1172.0,834.0,0.15857210210343303,0.681298225287849,9.085512199044278,29.95000069970261,0.1585721021034332,False,9.085512199044286,0.6812982252878506,False,39.03551289874697
1016,16.931635363906,1010,652,1146.0,847.0,0.13269030554030165,0.6090030164042272,7.602594489760649,27.290708060938012,0.1326903055403017,False,7.602594489760652,0.6090030164042268,False,34.893302550698635
1017,16.948300359342916,997,655,1117.0,860.0,0.10487693873023389,0.5295895987820763,6.009005957494525,24.334242926745056,0.10487693873023396,False,6.009005957494529,0.5295895987820778,False,30.34324888423966
1018,16.96496535477983,983,658,1085.0,873.0,0.07517189263510927,0.4429738631207448,4.307032186002318,21.073500605422183,0.07517189263510948,False,4.3070321860023295,0.44297386312074494,False,25.38053279142451
1019,16.981630350216747,968,660,1050.0,883.0,0.04372211860158762,0.3523668169245701,2.5050928672413995,17.684038582995427,0.04372211860158748,False,2.5050928672413915,0.35236681692456884,False,20.18913145023674
1020,16.998295345653663,953,661,1012.0,892.0,0.012473365544857314,0.2500650892513549,0.7146712020442226,13.613003015620656,0.012473365544857451,False,0.7146712020442305,0.25006508925135407,False,14.327674217664836
1021,17.01496034109058,937,662,974.0,898.0,-0.020743912017768002,0.15551373812965635,-1.1885386092088142,10.098819460340833,-0.02074391201776793,False,-1.18853860920881,0.15551373812965608,False,8.910280851131997
1022,17.031625336527494,921,662,933.0,901.0,-0.053889681076423154,0.05016707685413893,-3.087651284985066,5.962013059235675,-0.05388968107642311,False,-3.0876512849850637,0.05016707685413735,False,2.874361774250509
1023,17.04829033196441,904,661,893.0,900.0,-0.08916007580188726,-0.04599264736156945,-5.108496044514639,2.4733114620632106,-0.08916007580188712,False,-5.108496044514631,-0.04599264736156883,False,-2.635184582451395
1024,17.064955327401325,888,660,856.0,897.0,-0.12230318927013055,-0.13420944732917872,-7.007456566168176,-0.6821783365770796,-0.12230318927013073,False,-7.0074565661681865,-0.13420944732918016,False,-7.689634902745342
1025,17.08162032283824,871,658,818.0,891.0,-0.15767599042500863,-0.22366209548092808,-9.034168781898174,-3.780725326211057,-0.15767599042500846,False,-9.034168781898165,-0.22366209548092897,False,-12.814894108109272
1026,17.098285318275153,856,655,785.0,884.0,-0.18928543758540808,-0.3006455090926114,-10.845256696930846,-6.380462103637794,-0.18928543758540828,False,-10.845256696930859,-0.300645509092611,False,-17.225718800568625
1027,17.114950313712068,840,652,754.0,875.0,-0.22292710032589744,-0.36807500509724905,-12.772781987763402,-8.31636234856524,-0.22292710032589724,False,-12.772781987763391,-0.3680750050972499,False,-21.089144336328683
1028,17.131615309148984,825,647,726.0,866.0,-0.25553103525063875,-0.4245613803643576,-14.640849854470265,-9.68472538465584,-0.2555310352506388,False,-14.640849854470268,-0.4245613803643593,False,-24.32557523912621
1029,17.1482803045859,811,643,701.0,856.0,-0.28570060557219906,-0.47670656810002165,-16.369438903618818,-10.943835514678177,-0.2857006055721989,False,-16.369438903618807,-0.47670656810002043,False,-27.313274418296935
1030,17.164945300022815,798,638,680.0,847.0,-0.3145280929839552,-0.5139782015977179,-18.02113226627895,-11.427649446994462,-0.31452809298395534,False,-18.02113226627896,-0.5139782015977161,False,-29.44878171327332
1031,17.18161029545973,786,633,661.0,838.0,-0.34148483431825144,-0.5475622359399975,-19.565639774159983,-11.807365365948481,-0.3414848343182513,False,-19.565639774159973,-0.5475622359399992,False,-31.373005140108557
1032,17.198275290896646,776,629,647.0,830.0,-0.36388633819000527,-0.5705827629957897,-20.84915140075745,-11.842832781814618,-0.36388633819000527,False,-20.84915140075745,-0.5705827629957909,False,-32.69198418257214
1033,17.21494028633356,768,625,635.0,824.0,-0.38244210833764797,-0.5891613515805157,-21.91231871583222,-11.844140181954582,-0.3824421083376479,False,-21.912318715832217,-0.5891613515805147,False,-33.75645889778675
1034,17.231605281770477,762,622,624.0,818.0,-0.39639651244483226,-0.6134600655737035,-22.711847176793903,-12.436825480398033,-0.3963965124448321,False,-22.711847176793892,-0.6134600655737046,False,-35.148672657192
1035,17.248270277207393,757,619,617.0,814.0,-0.40846025864833024,-0.6226707887570673,-23.403048919371308,-12.273359302490674,-0.40846025864833013,False,-23.4030489193713,-0.6226707887570662,False,-35.67640822186192
1036,17.26493527264431,755,618,614.0,812.0,-0.4131288322784014,-0.6284897260326391,-23.670538484720456,-12.339270284283153,-0.41312883227840125,False,-23.670538484720446,-0.6284897260326403,False,-36.009808769003676
1037,17.281600268081224,754,618,613.0,811.0,-0.4150423292876855,-0.6309494667237168,-23.780173787463337,-12.370567741835599,-0.4150423292876857,False,-23.78017378746335,-0.6309494667237168,False,-36.15074152929895
1038,17.29826526351814,755,618,615.0,812.0,-0.4131288322784014,-0.6251085342329235,-23.670538484720456,-12.145542264435198,-0.41312883227840125,False,-23.670538484720446,-0.6251085342329219,False,-35.81608074915557
1039,17.314930258955055,758,620,621.0,816.0,-0.40571438001234955,-0.6100407983436342,-23.245721662474473,-11.707041413407111,-0.4057143800123497,False,-23.245721662474484,-0.6100407983436327,False,-34.95276307588149
1040,17.33159525439197,763,623,629.0,821.0,-0.3936686057389033,-0.5949630479838942,-22.555549635638737,-11.533321980077872,-0.3936686057389034,False,-22.555549635638744,-0.5949630479838959,False,-34.08887161571672
1041,17.348260249828886,769,626,640.0,827.0,-0.37973298206161465,-0.5705827629957897,-21.75709721404752,-10.934886968524562,-0.3797329820616149,False,-21.75709721404753,-0.5705827629957909,False,-32.69198418257214
1042,17.3649252452658,778,630,654.0,834.0,-0.3592576436920245,-0.5461665634337878,-20.583946741367726,-10.70909225455248,-0.3592576436920245,False,-20.583946741367726,-0.5461665634337862,False,-31.293038995920107
1043,17.381590240702714,788,634,671.0,842.0,-0.3368710324716221,-0.5123894603107377,-19.301288400838455,-10.056465141952813,-0.3368710324716222,False,-19.301288400838462,-0.512389460310736,False,-29.357753542791173
1044,17.39825523613963,800,639,691.0,851.0,-0.3099400799423271,-0.47490416918385475,-17.75825848264268,-9.451746084759014,-0.3099400799423271,False,-17.75825848264268,-0.4749041691838549,False,-27.210004567401697
1045,17.414920231576545,813,643,713.0,861.0,-0.2817194233883572,-0.43007813505586256,-16.141333967012002,-8.50032803254634,-0.2817194233883571,False,-16.141333967011995,-0.43007813505586157,False,-24.641661999558284
1046,17.43158522701346,827,648,739.0,869.0,-0.2510026866430346,-0.37894509813114835,-14.381394591090604,-7.33056019899502,-0.2510026866430346,False,-14.381394591090604,-0.3789450981311475,False,-21.71195479008557
1047,17.448250222450376,843,652,766.0,878.0,-0.2168736156664083,-0.32837297413931005,-12.425942865427487,-6.38844265891351,-0.21687361566640817,False,-12.425942865427478,-0.32837297413930955,False,-18.814385524340963
1048,17.46491521788729,860,656,795.0,886.0,-0.1807777139470772,-0.2754261036960354,-10.357800039190803,-5.422953270324595,-0.18077771394707742,False,-10.357800039190815,-0.2754261036960344,False,-15.780753309515333
1049,17.481580213324207,877,658,826.0,892.0,-0.14540992071629685,-0.21459288149122355,-8.331374756375727,-3.963891666622429,-0.14540992071629688,False,-8.331374756375729,-0.21459288149122457,False,-12.295266422998207
1050,17.498245208761123,895,661,858.0,896.0,-0.10768987083282068,-0.15616481407278227,-6.170175095029609,-2.7774096597860076,-0.10768987083282067,False,-6.170175095029608,-0.15616481407278116,False,-8.947584754815564
1051,17.51491020419804,913,662,892.0,899.0,-0.07042277023580182,-0.0883767861448488,-4.034927516130957,-1.0286893368991288,-0.07042277023580201,False,-4.034927516130969,-0.088376786144849,False,-5.063616853030098
1052,17.531575199634954,930,662,927.0,900.0,-0.03525509583586226,-0.012604374487651676,-2.019968197724151,1.2977907361793388,-0.03525509583586217,False,-2.0199681977241455,-0.012604374487651171,False,-0.7221774615447815
1053,17.54824019507187,948,661,961.0,899.0,0.002078999083687848,0.05456762350389413,0.11911787310687913,3.007376651725116,0.0020789990836878047,False,0.11911787310687665,0.05456762350389255,False,3.1264945248319163
1054,17.564905190508785,964,660,996.0,897.0,0.0354018696175572,0.13420944732917872,2.0283777159584453,5.6612571867868136,0.03540186961755731,False,2.028377715958452,0.13420944732918016,False,7.689634902745342
1055,17.5815701859457,979,658,1029.0,890.0,0.06684586440739673,0.212270495716091,3.8299859084476005,8.332217611234244,0.0668458644073966,False,3.8299859084475925,0.21227049571609058,False,12.162203519681812
1056,17.598235181382616,993,655,1061.0,884.0,0.09654105635048646,0.28865006568130397,5.531395078617528,11.007035441095184,0.09654105635048627,False,5.531395078617517,0.2886500656813027,False,16.538430519712648
1057,17.614900176819532,1006,652,1091.0,875.0,0.12435499454676144,0.3641654193081543,7.125016348901798,13.740125222067393,0.12435499454676124,False,7.125016348901787,0.36416541930815427,False,20.86514157096918
1058,17.631565172256444,1018,650,1120.0,865.0,0.14993020521824374,0.4429738631207448,8.590367980535678,16.79016481088884,0.14993020521824363,False,8.590367980535671,0.44297386312074494,False,25.38053279142451
1059,17.64823016769336,1028,647,1144.0,855.0,0.1717389392712733,0.5087298243155532,9.83991639829751,19.308155447415526,0.17173893927127315,False,9.839916398297502,0.5087298243155516,False,29.14807184571295
1060,17.664895163130275,1037,644,1166.0,845.0,0.19158649656275636,0.5705827629957897,10.977097664743592,21.71488651782848,0.19158649656275628,False,10.977097664743589,0.5705827629957909,False,32.69198418257214
1061,17.68156015856719,1043,642,1185.0,833.0,0.20487671703710847,0.6392994528464125,11.738571206722323,24.89058928639991,0.2048767170371084,False,11.73857120672232,0.6392994528464122,False,36.6291604931222
1062,17.698225154004106,1049,640,1200.0,824.0,0.21820854074993534,0.6872074879560368,12.502428438679734,26.87166027098853,0.21820854074993523,False,12.502428438679729,0.6872074879560373,False,39.374088709668285
1063,17.714890149441022,1053,638,1212.0,816.0,0.22743660306946167,0.7290779656497262,13.031157462672299,28.741932905041033,0.2274366030694619,False,13.031157462672311,0.7290779656497257,False,41.773090367713294
1064,17.731555144877937,1055,637,1220.0,809.0,0.23206615768028296,0.7646296366009722,13.29641140289769,30.51363966495989,0.23206615768028316,False,13.2964114028977,0.7646296366009722,False,43.810051067857565
1065,17.748220140314853,1056,637,1225.0,804.0,0.23413758037517224,0.79135047405204,13.41509518090246,31.92594709795638,0.2341375803751724,False,13.415095180902469,0.7913504740520416,False,45.34104227885895
1066,17.76488513575177,1056,637,1228.0,802.0,0.23413758037517224,0.8061666901939245,13.41509518090246,32.77485375123997,0.2341375803751724,False,13.415095180902469,0.8061666901939262,False,46.18994893214254
1067,17.781550131188684,1053,638,1226.0,802.0,0.22743660306946167,0.812098048402714,13.031157462672299,33.498633261614074,0.2274366030694619,False,13.031157462672311,0.8120980484027136,False,46.529790724286336
1068,17.7982151266256,1050,639,1221.0,804.0,0.2207441100614165,0.8032534085370008,12.647705858890497,33.375324329777335,0.2207441100614167,False,12.64770585889051,0.8032534085369996,False,46.02303018866777
1069,17.814880122062515,1045,641,1213.0,810.0,0.2094632220406626,0.7824308130563733,12.00135858614161,32.828624762978095,0.2094632220406627,False,12.001358586141615,0.7824308130563722,False,44.82998334911964
1070,17.83154511749943,1038,643,1202.0,817.0,0.19407055132196704,0.7558209923922049,11.119423518525752,32.18592941293711,0.19407055132196716,False,11.119423518525757,0.7558209923922057,False,43.30535293146289
1071,17.848210112936346,1030,646,1187.0,825.0,0.17626319020041142,0.7200153013186058,10.099136881995266,31.154701068401096,0.17626319020041148,False,10.09913688199527,0.7200153013186075,False,41.253837950396466
1072,17.864875108373262,1021,649,1169.0,836.0,0.1564923839352614,0.6695019593761246,8.966353125431365,29.39328352255967,0.15649238393526144,False,8.966353125431365,0.6695019593761238,False,38.35963664799099
1073,17.881540103810178,1011,652,1148.0,846.0,0.1347712844777311,0.6148652991472469,7.721825800130975,27.507360810055076,0.1347712844777309,False,7.721825800130964,0.6148652991472474,False,35.22918661018609
1074,17.89820509924709,999,654,1123.0,857.0,0.1092676898773683,0.5483501198704639,6.260577467117551,25.15757009695282,0.10926768987736812,False,6.260577467117542,0.548350119870463,False,31.41814756407031
1075,17.914870094684005,987,656,1096.0,868.0,0.0838366420684145,0.47490416918385475,4.803485759069079,22.406518808332606,0.08383664206841468,False,4.80348575906909,0.4749041691838549,False,27.210004567401697
1076,17.93153509012092,974,658,1066.0,878.0,0.05642539641811793,0.39608144156430747,3.23293707211075,19.460857872981617,0.056425396418117835,False,3.2329370721107447,0.3960814415643057,False,22.69379494509226
1077,17.948200085557836,960,660,1033.0,886.0,0.02707671430845675,0.3124299188543654,1.5513814529560592,16.349534291013875,0.02707671430845693,False,1.5513814529560694,0.31242991885436666,False,17.900915743969993
1078,17.964865080994752,945,661,998.0,894.0,-0.0041579801956767365,0.22366209548092808,-0.2382347165112572,13.053128824620483,-0.004157980195676814,False,-0.2382347165112616,0.22366209548092897,False,12.814894108109272
1079,17.981530076431667,930,662,963.0,898.0,-0.03525509583586226,0.13892970426308895,-2.019968197724151,9.980053900999815,-0.03525509583586217,False,-2.0199681977241455,0.13892970426308793,False,7.960085703275619
1080,17.998195071868583,916,661,926.0,900.0,-0.06436005254259668,0.041816613207517075,-3.6875593799310127,6.083474830252757,-0.06436005254259669,False,-3.687559379931013,0.04181661320751573,False,2.3959154503216675
1081,18.0148600673055,900,661,891.0,900.0,-0.09740388386999431,-0.03763911919938858,-5.58083145393307,3.4242687792182864,-0.09740388386999443,False,-5.580831453933077,-0.037639119199390336,False,-2.1565626747148925
1082,18.031525062742414,885,659,856.0,896.0,-0.12872065761784082,-0.12175759779046096,-7.375150417650768,0.39895394060595235,-0.12872065761784102,False,-7.375150417650779,-0.12175759779045947,False,-6.976196477044725
1083,18.04819005817933,871,657,822.0,891.0,-0.1580010795992081,-0.20641910492155582,-9.052795019545195,-2.774148503328066,-0.15800107959920817,False,-9.0527950195452,-0.20641910492155446,False,-11.82694352287319
1084,18.064855053616245,855,655,792.0,885.0,-0.1913153753519777,-0.26735539552188037,-10.961563563629499,-4.356772229825068,-0.19131537535197785,False,-10.961563563629507,-0.26735539552188214,False,-15.318335793454676
1085,18.08152004905316,841,652,763.0,877.0,-0.22091109458303573,-0.3337021765375503,-12.65727336722329,-6.462452962707854,-0.2209110945830357,False,-12.657273367223288,-0.33370217653754963,False,-19.119726329931115
1086,18.098185044490076,828,648,737.0,869.0,-0.24899672286927638,-0.3906070436976868,-14.266461332998123,-8.113673718961458,-0.24899672286927643,False,-14.266461332998125,-0.3906070436976883,False,-22.38013505195966
1087,18.114850039926992,815,644,715.0,861.0,-0.27716070733358933,-0.4318231512583066,-15.880138777075272,-8.861505286065073,-0.27716070733358933,False,-15.880138777075272,-0.43182315125830684,False,-24.741644063140345
1088,18.131515035363908,803,640,696.0,854.0,-0.30337991783948065,-0.4636476090008061,-17.382388881227914,-9.182662295850088,-0.3033799178394805,False,-17.382388881227904,-0.46364760900080526,False,-26.56505117707794
1089,18.148180030800823,793,636,679.0,846.0,-0.32569271531563193,-0.4973427163468224,-18.660818005741536,-9.834820612503433,-0.3256927153156317,False,-18.660818005741525,-0.4973427163468216,False,-28.495638618244932
1090,18.164845026237735,784,632,666.0,840.0,-0.34610386908320445,-0.5160340910978656,-19.83029097161599,-9.736284533161157,-0.34610386908320434,False,-19.830290971615984,-0.5160340910978647,False,-29.56657550477709
1091,18.18151002167465,777,629,654.0,835.0,-0.361939845423521,-0.5382751147083189,-20.737625580385156,-10.10326670932178,-0.361939845423521,False,-20.737625580385156,-0.5382751147083198,False,-30.840892289706986
1092,18.198175017111566,772,627,646.0,830.0,-0.37315641275662553,-0.5554937352655436,-21.380287549196357,-10.44715902747676,-0.3731564127566256,False,-21.38028754919636,-0.5554937352655429,False,-31.82744657667307
1093,18.214840012548482,768,625,641.0,827.0,-0.38244210833764797,-0.5612647910390186,-21.91231871583222,-10.245784999995623,-0.3824421083376479,False,-21.912318715832217,-0.5612647910390187,False,-32.15810371582784
1094,18.231505007985398,766,624,638.0,826.0,-0.38709032535345766,-0.5648049094433026,-22.178641933099012,-10.182295626270879,-0.38709032535345766,False,-22.178641933099012,-0.5648049094433034,False,-32.360937559369944
1095,18.248170003422313,766,624,638.0,826.0,-0.38709032535345766,-0.5648049094433026,-22.178641933099012,-10.182295626270879,-0.38709032535345766,False,-22.178641933099012,-0.5648049094433034,False,-32.360937559369944
1096,18.26483499885923,767,624,641.0,827.0,-0.3851575063634742,-0.5554937352655436,-22.06789956241022,-9.759547014262898,-0.38515750636347423,False,-22.067899562410222,-0.5554937352655429,False,-31.82744657667307
1097,18.281499994296144,771,626,647.0,831.0,-0.3758588505430919,-0.5439985830553079,-21.535125828757558,-9.633697041408556,-0.375858850543092,False,-21.53512582875756,-0.5439985830553091,False,-31.168822870166192
1098,18.29816498973306,775,629,655.0,835.0,-0.36582994930546386,-0.5274705837654604,-20.96051211468794,-9.26132615237471,-0.36582994930546375,False,-20.960512114687933,-0.5274705837654601,False,-30.22183826706262
1099,18.314829985169975,782,631,666.0,841.0,-0.3507279482482035,-0.5046693593726996,-20.095231191904816,-8.820193149721874,-0.3507279482482035,False,-20.095231191904816,-0.5046693593726985,False,-28.91542434162664
1100,18.33149498060689,790,635,681.0,847.0,-0.3322626507436113,-0.47490416918385475,-19.03724757743823,-8.172756989963453,-0.33226265074361105,False,-19.03724757743822,-0.4749041691838549,False,-27.210004567401697
1101,18.348159976043807,800,639,697.0,854.0,-0.3099400799423271,-0.4467636600691884,-17.75825848264268,-7.8394136791392,-0.3099400799423271,False,-17.75825848264268,-0.44676366006918755,False,-25.59767216178183
1102,18.364824971480722,811,643,715.0,862.0,-0.28570060557219906,-0.4131288322784014,-16.369438903618818,-7.301099581101639,-0.2857006055721989,False,-16.369438903618807,-0.413128832278403,False,-23.67053848472055
1103,18.381489966917638,824,647,737.0,869.0,-0.2575345075480677,-0.3734971461064775,-14.755640361484323,-6.644169770597908,-0.2575345075480677,False,-14.755640361484323,-0.37349714610647666,False,-21.39981013208218
1104,18.398154962354553,838,650,761.0,876.0,-0.22788631072914733,-0.32837297413931005,-13.056923813586993,-5.75746171075401,-0.2278863107291471,False,-13.05692381358698,-0.32837297413930955,False,-18.814385524340963
1105,18.41481995779147,852,654,787.0,883.0,-0.19780123934081031,-0.27656855859928864,-11.333176196685493,-4.513034957070339,-0.1978012393408104,False,-11.333176196685498,-0.276568558599287,False,-15.846211153755734
1106,18.431484953228384,868,657,815.0,889.0,-0.16412861656475408,-0.22459412721667524,-9.40387702648138,-3.464418566458394,-0.1641286165647542,False,-9.403877026481387,-0.22459412721667604,False,-12.868295592939832
1107,18.448149948665296,884,659,844.0,894.0,-0.13077339164574633,-0.16859693960942962,-7.492763413912644,-2.1671296645296896,-0.13077339164574653,False,-7.492763413912655,-0.16859693960942934,False,-9.65989307844232
1108,18.464814944102212,901,660,874.0,897.0,-0.09554156077690334,-0.11343499180721633,-5.474128200609209,-1.025218079045368,-0.09554156077690346,False,-5.474128200609215,-0.1134349918072175,False,-6.499346279654634
1109,18.481479939539128,917,661,905.0,900.0,-0.062289376913584105,-0.05016707685413893,-3.5689184056479952,0.6945566313973874,-0.06228937691358416,False,-3.5689184056479983,-0.05016707685413735,False,-2.874361774250509
1110,18.498144934976043,934,661,936.0,899.0,-0.02702044918726479,0.008403163547646988,-1.5481576989779677,2.0296235048163274,-0.027020449187264983,False,-1.5481576989779788,0.008403163547647807,False,0.48146580583839943
1111,18.51480993041296,949,660,967.0,898.0,0.004166642554263516,0.07548654493392346,0.23873103309890856,4.086329401639543,0.004166642554263689,False,0.23873103309891847,0.07548654493392348,False,4.325060434738461
1112,18.531474925849874,964,659,998.0,895.0,0.035475715557416625,0.1430832936681563,2.0326087766465673,6.165460069369715,0.0354757155574168,False,2.032608776646577,0.14308329366815542,False,8.198068846016241
1113,18.54813992128679,978,657,1028.0,890.0,0.06489825160694386,0.21138641644999373,3.718395914855996,8.393153594123453,0.06489825160694407,False,3.718395914856008,0.21138641644999367,False,12.111549508979436
1114,18.564804916723705,990,655,1057.0,885.0,0.09028023649764902,0.28346016365386906,5.172676524758225,11.068394512696086,0.09028023649764894,False,5.172676524758221,0.2834601636538707,False,16.241071037454407
1115,18.58146991216062,1002,653,1083.0,877.0,0.11575921772081071,0.3469776052196545,6.632514615138462,13.247837749504185,0.11575921772081088,False,6.632514615138472,0.34697760521965293,False,19.880352364642555
1116,18.598134907597537,1012,650,1108.0,868.0,0.13742614549694318,0.41481428312106017,7.873938131725628,15.893169572855928,0.137426145496943,False,7.873938131725616,0.4148142831210606,False,23.767107704581594
1117,18.614799903034452,1021,648,1131.0,860.0,0.15682131959424891,0.478627761768176,8.985199750422703,18.438150956686815,0.15682131959424872,False,8.98519975042269,0.4786277617681769,False,27.423350707109556
1118,18.631464898471368,1028,646,1150.0,851.0,0.17210025121943728,0.5368249794469454,9.860618048014956,20.89718761149219,0.17210025121943717,False,9.860618048014949,0.5368249794469442,False,30.757805659507063
1119,18.648129893908283,1034,644,1167.0,842.0,0.18534794999569476,0.5914909614909966,10.619655276155134,23.27028043741407,0.1853479499956947,False,10.619655276155132,0.5914909614909973,False,33.88993571356925
1120,18.6647948893452,1039,642,1180.0,835.0,0.19656292057518973,0.6309494667237168,11.262225757723584,24.888515771575374,0.19656292057518954,False,11.262225757723572,0.6309494667237168,False,36.15074152929895
1121,18.681459884782115,1042,642,1191.0,827.0,0.20280091261042962,0.6780282413619009,11.619636373979052,27.228520246735382,0.20280091261042976,False,11.619636373979061,0.6780282413619005,False,38.84815662071442
1122,18.69812488021903,1043,641,1197.0,822.0,0.205308764103359,0.7049749875780165,11.763325680169487,28.62876577033849,0.20530876410335885,False,11.76332568016948,0.7049749875780158,False,40.39209145050794
1123,18.714789875655942,1044,641,1202.0,819.0,0.20738690097373813,0.7259445040887914,11.882394152092738,29.71116209291255,0.2073869009737379,False,11.882394152092726,0.7259445040887904,False,41.593556245005225
1124,18.731454871092858,1043,641,1202.0,817.0,0.205308764103359,0.7346953878814758,11.763325680169487,30.331619273166048,0.20530876410335885,False,11.76332568016948,0.7346953878814766,False,42.09494495333558
1125,18.748119866529773,1040,642,1200.0,818.0,0.19864399865196167,0.7378150601204649,11.381462748359818,30.892226257733917,0.1986439986519617,False,11.38146274835982,0.7378150601204645,False,42.27368900609371
1126,18.76478486196669,1036,643,1195.0,821.0,0.18990817897071757,0.7290779656497262,10.88093715003721,30.892153217676096,0.18990817897071777,False,10.880937150037223,0.7290779656497257,False,41.773090367713294
1127,18.781449857403604,1031,645,1185.0,826.0,0.1787177819389311,0.7049749875780165,10.239774629040122,30.152316821467867,0.17871778193893118,False,10.239774629040127,0.7049749875780158,False,40.39209145050794
1128,18.79811485284052,1024,647,1174.0,832.0,0.1634119650238491,0.681298225287849,9.362815917805978,29.67269698094091,0.16341196502384925,False,9.362815917805987,0.6812982252878506,False,39.03551289874697
1129,18.814779848277436,1017,649,1159.0,841.0,0.14816002073183138,0.636801041548249,8.488943880504717,27.997068189744944,0.1481600207318312,False,8.488943880504706,0.6368010415482495,False,36.48601207024968
1130,18.83144484371435,1008,652,1141.0,849.0,0.1285248947978767,0.5938368430683221,7.363934034281245,26.660410792906216,0.12852489479787677,False,7.3639340342812485,0.5938368430683205,False,34.02434482718736
1131,18.848109839151267,998,654,1119.0,858.0,0.1071825999936803,0.5353580828991518,6.141110616876805,24.532648061459447,0.1071825999936804,False,6.141110616876811,0.5353580828991511,False,30.67375867833621
1132,18.864774834588182,987,656,1097.0,867.0,0.0838366420684145,0.48056328863045333,4.803485759069079,22.73076246838311,0.08383664206841468,False,4.80348575906909,0.48056328863045294,False,27.534248227452174
1133,18.881439830025098,975,658,1071.0,876.0,0.05851054432966771,0.41481428312106017,3.35240724710307,20.414700457478503,0.058510544329667624,False,3.3524072471030655,0.4148142831210606,False,23.767107704581594
1134,18.898104825462013,963,659,1042.0,884.0,0.033390507903715665,0.33766433024524956,1.9131351786811253,17.433605836483302,0.03339050790371578,False,1.9131351786811321,0.33766433024525,False,19.346741015164458
1135,18.91476982089893,949,660,1011.0,891.0,0.004166642554263516,0.26221833432139385,0.23873103309890856,14.785272834467378,0.004166642554263689,False,0.23873103309891847,0.26221833432139263,False,15.024003867566218
1136,18.931434816335845,936,661,980.0,895.0,-0.022865037346006013,0.18586394582193286,-1.3100701383351536,11.959289797580096,-0.0228650373460062,False,-1.3100701383351643,0.18586394582193222,False,10.649219659244906
1137,18.94809981177276,922,661,947.0,898.0,-0.05192832578132125,0.10509657413192951,-2.9752739044500904,8.99686404349344,-0.05192832578132123,False,-2.9752739044500895,0.10509657413193096,False,6.021590139043428
1138,18.964764807209676,908,661,914.0,899.0,-0.0809040991552306,0.025204745326941735,-4.635463426902643,6.079588957838498,-0.08090409915523056,False,-4.63546342690264,0.025204745326941946,False,1.4441255309358578
1139,18.981429802646588,894,660,882.0,899.0,-0.10997119338305049,-0.05016707685413893,-6.300885248865798,3.4265234746152013,-0.10997119338305028,False,-6.300885248865787,-0.05016707685413735,False,-2.874361774250509
1140,18.998094798083503,880,658,850.0,895.0,-0.13926008444912275,-0.12591262568579822,-7.979015093570161,0.7647530543634081,-0.13926008444912252,False,-7.9790150935701485,-0.12591262568579964,False,-7.214262039206842
1141,19.01475979352042,867,656,821.0,891.0,-0.1665110743918631,-0.19330057864443415,-9.540381804842637,-1.5349255289201011,-0.1665110743918632,False,-9.540381804842642,-0.19330057864443262,False,-11.075307333762641
1142,19.031424788957334,853,654,793.0,885.0,-0.19577218465255797,-0.2541247495556341,-11.2169199266474,-3.3433556927094714,-0.19577218465255797,False,-11.2169199266474,-0.2541247495556327,False,-14.560275619356796
1143,19.04808978439425,841,651,768.0,878.0,-0.22136496270745326,-0.31114087293310727,-12.683278095207934,-5.143780757875338,-0.2213649627074532,False,-12.68327809520793,-0.3111408729331089,False,-17.82705885308337
1144,19.064754779831166,829,648,745.0,872.0,-0.24698871067105696,-0.35877067027057225,-14.151410708829363,-6.404634510754093,-0.2469887106710571,False,-14.15141070882937,-0.3587706702705731,False,-20.556045219583513
1145,19.08141977526808,818,644,726.0,865.0,-0.2711691466557548,-0.3944697829498962,-15.536847637538813,-7.0646060709318785,-0.27116914665575464,False,-15.536847637538802,-0.39446978294989776,False,-22.601453708470782
1146,19.098084770704997,808,641,709.0,858.0,-0.29284927418259493,-0.428015417287721,-16.77902744413215,-7.7444495329850245,-0.29284927418259477,False,-16.77902744413214,-0.4280154172877211,False,-24.52347697711719
1147,19.114749766141912,799,638,694.0,853.0,-0.31255239068523183,-0.45430208669331623,-17.90793286298781,-8.121659328525649,-0.3125523906852319,False,-17.90793286298781,-0.4543020866933176,False,-26.029592191513537
1148,19.131414761578828,791,635,683.0,848.0,-0.33029735482925365,-0.4692655274257615,-18.924644416051233,-7.9622897764254885,-0.3302973548292538,False,-18.924644416051244,-0.4692655274257618,False,-26.886934192476733
1149,19.148079757015743,785,632,673.0,844.0,-0.3441447020696782,-0.4860319293400963,-19.718038970379688,-8.129539289408479,-0.34414470206967795,False,-19.718038970379673,-0.486031929340097,False,-27.847578259788204
1150,19.16474475245266,781,631,667.0,841.0,-0.35268209475271917,-0.4973427163468224,-20.207195539163806,-8.288443079081178,-0.35268209475271917,False,-20.207195539163806,-0.4973427163468216,False,-28.495638618244932
1151,19.181409747889575,779,629,662.0,839.0,-0.3580382485265394,-0.5083106250108272,-20.514080544826776,-8.609972949950658,-0.3580382485265394,False,-20.514080544826776,-0.5083106250108287,False,-29.12405349477751
1152,19.19807474332649,778,629,661.0,838.0,-0.3599904793752586,-0.5103426130441365,-20.625935133093623,-8.614542700013516,-0.3599904793752584,False,-20.625935133093616,-0.5103426130441377,False,-29.240477833107207
1153,19.214739738763406,778,629,663.0,839.0,-0.3599904793752586,-0.5010133868035894,-20.625935133093623,-8.080017410307454,-0.3599904793752584,False,-20.625935133093616,-0.5010133868035886,False,-28.705952543401043
1154,19.23140473420032,780,630,668.0,841.0,-0.35535688202018045,-0.487987370663628,-20.360449560684668,-7.59916723402735,-0.35535688202018045,False,-20.360449560684668,-0.4879873706636282,False,-27.959616794712016
1155,19.248069729637233,784,632,673.0,844.0,-0.34610386908320445,-0.4823370214477118,-19.83029097161599,-7.805584660248972,-0.34610386908320434,False,-19.830290971615984,-0.4823370214477123,False,-27.635875631864984
1156,19.26473472507415,789,634,683.0,848.0,-0.33490768986939795,-0.4599023081609703,-19.18879715599278,-7.161664089955808,-0.3349076898693979,False,-19.188797155992777,-0.4599023081609701,False,-26.350461245948583
1157,19.281399720511065,796,637,694.0,853.0,-0.31912243955388336,-0.4411794804149806,-18.28436893435624,-6.993353301196721,-0.3191224395538832,False,-18.284368934356234,-0.4411794804149807,False,-25.277722235552954
1158,19.29806471594798,804,640,708.0,858.0,-0.30139880135745833,-0.41481428312106017,-17.26887926808423,-6.4982284364973335,-0.30139880135745845,False,-17.268879268084238,-0.4148142831210606,False,-23.767107704581594
1159,19.314729711384896,813,643,724.0,865.0,-0.2817194233883572,-0.3812827744718905,-16.141333967012002,-5.7045598112657245,-0.2817194233883571,False,-16.141333967011995,-0.38128277447189163,False,-21.845893778277794
1160,19.33139470682181,824,646,743.0,872.0,-0.2580629692455464,-0.3441447020696782,-14.785918986384171,-4.93211998399551,-0.2580629692455463,False,-14.785918986384164,-0.34414470206967707,False,-19.718038970379624
1161,19.348059702258727,837,650,764.0,877.0,-0.2299044281319047,-0.31114087293310727,-13.172553423326892,-4.654505429756388,-0.22990442813190448,False,-13.17255342332688,-0.3111408729331089,False,-17.82705885308337
1162,19.364724697695642,849,653,787.0,883.0,-0.20429760209487283,-0.26330654956916083,-11.705390364679259,-3.3809636437858535,-0.20429760209487302,False,-11.70539036467927,-0.2633065495691618,False,-15.086354008465173
1163,19.381389693132558,863,655,811.0,888.0,-0.17503247280074632,-0.2195776234975388,-10.02862196922114,-2.5522491327004575,-0.1750324728007464,False,-10.028621969221145,-0.21957762349753907,False,-12.580871101921602
1164,19.398054688569474,878,658,836.0,892.0,-0.14336118240129886,-0.1775961672834879,-8.213990697599597,-1.961520145443621,-0.14336118240129903,False,-8.213990697599607,-0.1775961672834896,False,-10.175510843043304
1165,19.41471968400639,893,659,863.0,896.0,-0.11226088532035049,-0.12591262568579822,-6.432074933258222,-0.7821871059485498,-0.11226088532035039,False,-6.432074933258216,-0.12591262568579964,False,-7.214262039206842
1166,19.431384679443305,908,660,891.0,898.0,-0.08107191254516395,-0.07130746478529032,-4.645078425891606,0.5594616459167358,-0.081071912545164,False,-4.645078425891609,-0.07130746478529204,False,-4.085616779974975
1167,19.44804967488022,923,661,919.0,899.0,-0.049854704307963495,-0.016805140515041995,-2.856464145718992,1.8936005200827701,-0.04985470430796335,False,-2.8564641457189834,-0.016805140515042893,False,-0.9628636256362644
1168,19.464714670317136,937,660,947.0,899.0,-0.020830320036217084,0.041816613207517075,-1.193489423982035,3.589404874303786,-0.02083032003621721,False,-1.1934894239820422,0.04181661320751573,False,2.3959154503216675
1169,19.48137966575405,952,660,976.0,897.0,0.010416289930969661,0.10092178466729385,0.5968094512291772,5.185582871134863,0.010416289930969658,False,0.596809451229177,0.10092178466729251,False,5.782392322363964
1170,19.498044661190967,965,659,1003.0,893.0,0.03756061462447767,0.16098781377080748,2.152064693899928,7.071857588205404,0.03756061462447757,False,2.1520646938999226,0.16098781377080584,False,9.22392228210525
1171,19.51470965662788,977,657,1029.0,889.0,0.0628103526541007,0.2204937613666717,3.5987681168082992,9.034593818466707,0.06281035265410084,False,3.5987681168083068,0.2204937613666722,False,12.63336193527504
1172,19.531374652064795,989,655,1055.0,884.0,0.08819169399751381,0.28060513042474605,5.053011854166777,11.024477828889184,0.08819169399751381,False,5.053011854166777,0.2806051304247461,False,16.077489683055962
1173,19.54803964750171,998,653,1078.0,877.0,0.10740746474035652,0.3430239404207034,6.153994417822631,13.499829640230681,0.10740746474035667,False,6.15399441782264,0.3430239404207036,False,19.65382405805332
1174,19.564704642938626,1007,651,1100.0,871.0,0.12670608739343886,0.39994405315716103,7.259724046259812,15.655382241001368,0.1267060873934387,False,7.259724046259803,0.3999440531571601,False,22.91510628726112
1175,19.58136963837554,1015,649,1119.0,864.0,0.143985980243746,0.45053974553412024,8.249788977020698,17.564236944982472,0.14398598024374598,False,8.249788977020698,0.4505397455341189,False,25.814025922003093
1176,19.598034633812457,1021,647,1135.0,856.0,0.15715162953795675,0.4993467216801301,9.004125116128366,19.60633454983685,0.1571516295379567,False,9.004125116128362,0.49934672168012995,False,28.61045966596521
1177,19.614699629249372,1026,646,1150.0,849.0,0.16793127892848175,0.5483501198704639,9.621753530836218,21.796394033234133,0.16793127892848192,False,9.621753530836228,0.548350119870463,False,31.41814756407031
1178,19.631364624686288,1029,645,1161.0,844.0,0.17454951467564456,0.585679727353805,10.000950506971257,23.55602601677452,0.1745495146756446,False,10.000950506971261,0.5856797273538064,False,33.55697652374586
1179,19.648029620123204,1031,644,1169.0,838.0,0.17909477459664214,0.6182963634663426,10.261374717234386,25.164397397673778,0.17909477459664203,False,10.261374717234379,0.6182963634663423,False,35.425772114908156
1180,19.66469461556012,1032,644,1175.0,835.0,0.18118076484547857,0.6426628860222918,10.380893154598157,26.440977864176226,0.1811807648454784,False,10.380893154598148,0.6426628860222934,False,36.82187101877447
1181,19.681359610997035,1031,644,1178.0,832.0,0.17909477459664214,0.6636157467843974,10.261374717234386,27.761006791933905,0.17909477459664203,False,10.261374717234379,0.6636157467843979,False,38.02238150916833
1182,19.69802460643395,1029,645,1176.0,832.0,0.17454951467564456,0.6662053648835761,10.000950506971257,28.169805189830665,0.1745495146756446,False,10.000950506971261,0.6662053648835773,False,38.170755696802004
1183,19.714689601870866,1026,646,1172.0,834.0,0.16793127892848175,0.6603062493083264,9.621753530836218,28.21100774064403,0.16793127892848192,False,9.621753530836228,0.6603062493083272,False,37.83276127148028
1184,19.73135459730778,1022,647,1166.0,837.0,0.1592398132680465,0.6485346233296747,9.123769230710394,28.03452755418654,0.1592398132680466,False,9.1237692307104,0.6485346233296738,False,37.15829678489688
1185,19.748019592744697,1016,648,1155.0,841.0,0.1463813294789799,0.6241595344826653,8.38703237865949,27.374674690047403,0.14638132947897997,False,8.387032378659494,0.6241595344826649,False,35.761707068706876
1186,19.764684588181613,1010,650,1144.0,848.0,0.13324829918503242,0.5949630479838942,7.634565170598845,26.454306445117776,0.13324829918503234,False,7.63456517059884,0.5949630479838959,False,34.08887161571672
1187,19.781349583618525,1002,652,1129.0,854.0,0.11600227833534263,0.5612647910390186,6.646440962516998,25.511662753310837,0.11600227833534271,False,6.646440962517002,0.5612647910390187,False,32.15810371582784
1188,19.79801457905544,993,654,1110.0,861.0,0.09674346233893974,0.5144513130590278,5.542992087504075,23.93289691574168,0.0967434623389396,False,5.542992087504067,0.5144513130590269,False,29.475889003245694
1189,19.814679574492356,983,656,1090.0,869.0,0.07548654493392346,0.46552377940730005,4.32506043473846,22.34748738827898,0.07548654493392348,False,4.325060434738461,0.46552377940729883,False,26.672547823017368
1190,19.83134456992927,973,658,1068.0,876.0,0.05433975721276864,0.4109657038594954,3.1134387480572165,20.433161607715103,0.054339757212768625,False,3.113438748057216,0.41096570385949605,False,23.54660035577237
1191,19.848009565366187,961,659,1042.0,882.0,0.029219239126328678,0.34841090277124015,1.674139082522156,18.288335182612784,0.029219239126328844,False,1.6741390825221656,0.34841090277123854,False,19.962474265134848
1192,19.864674560803103,950,660,1016.0,889.0,0.006249918621698962,0.28060513042474605,0.35809395932357113,15.719395723732383,0.006249918621699102,False,0.3580939593235791,0.2806051304247461,False,16.077489683055962
1193,19.881339556240018,937,660,988.0,893.0,-0.020830320036217084,0.21548569150556338,-1.193489423982035,13.539910092708867,-0.02083032003621721,False,-1.1934894239820422,0.21548569150556318,False,12.346420668726825
1194,19.898004551676934,925,660,959.0,896.0,-0.04580127978157396,0.1430832936681563,-2.624220027782057,10.822288873798344,-0.04580127978157389,False,-2.624220027782053,0.14308329366815542,False,8.198068846016241
1195,19.91466954711385,912,660,929.0,898.0,-0.07278784860392513,0.07130746478529032,-4.170436524842112,8.256053304816993,-0.07278784860392529,False,-4.1704365248421205,0.07130746478529204,False,4.085616779974975
1196,19.931334542550765,899,660,900.0,898.0,-0.09966865249116202,0.004201655946871886,-5.710593137499642,5.9513302902214456,-0.09966865249116186,False,-5.710593137499633,0.004201655946872052,False,0.2407371527218122
1197,19.94799953798768,887,658,871.0,896.0,-0.12486992755995127,-0.0671258882021007,-7.15451983728953,3.3084897472421657,-0.12486992755995141,False,-7.154519837289538,-0.0671258882020993,False,-3.8460300900472957
1198,19.964664533424596,874,657,843.0,894.0,-0.15186155480684735,-0.130063287501013,-8.701026160726993,1.2489487173223155,-0.15186155480684738,False,-8.701026160726995,-0.13006328750101304,False,-7.452077443404679
1199,19.98132952886151,862,655,818.0,890.0,-0.17707315477887528,-0.18509101269405182,-10.145544433896337,-0.4593894192751687,-0.17707315477887509,False,-10.145544433896326,-0.18509101269405193,False,-10.60493385317152
1200,19.997994524298427,850,653,793.0,884.0,-0.20226960736186,-0.24192056868440487,-11.589194825602863,-2.2718327374182983,-0.20226960736186017,False,-11.589194825602874,-0.2419205686844066,False,-13.861027563021247
1201,20.014659519735343,839,650,771.0,879.0,-0.2258663024740417,-0.28865006568130397,-12.941185865987855,-3.5972446537248715,-0.2258663024740417,False,-12.941185865987855,-0.2886500656813027,False,-16.538430519712648
1202,20.03132451517226,829,648,752.0,874.0,-0.24698871067105696,-0.32837297413931005,-14.151410708829363,-4.662974815511618,-0.2469887106710571,False,-14.15141070882937,-0.32837297413930955,False,-18.814385524340963
1203,20.04798951060917,820,645,734.0,868.0,-0.26661595015378514,-0.36807500509724905,-15.27596869468222,-5.813175641646404,-0.26661595015378525,False,-15.275968694682227,-0.3680750050972499,False,-21.089144336328683
1204,20.064654506046086,811,642,720.0,864.0,-0.2862857984039112,-0.3890201032932934,-16.402967983077232,-5.88624208137181,-0.28628579840391133,False,-16.40296798307724,-0.3890201032932943,False,-22.2892100644491
1205,20.081319501483,804,639,709.0,859.0,-0.30201627447503293,-0.4076315054576269,-17.30425787168404,-6.0513069876019765,-0.302016274475033,False,-17.304257871684044,-0.4076315054576263,False,-23.35556485928597
1206,20.097984496919917,798,637,699.0,855.0,-0.3151717019436257,-0.42628183119802276,-18.05800834332488,-6.366141467430009,-0.31517170194362576,False,-18.058008343324882,-0.4262818311980219,False,-24.424149810754837
1207,20.114649492356833,793,635,692.0,852.0,-0.32635881670676264,-0.43561756904095966,-18.69898280418112,-6.260065383614633,-0.3263588167067626,False,-18.698982804181117,-0.4356175690409607,False,-24.9590481877958
1208,20.131314487793748,791,634,688.0,851.0,-0.3309729543211049,-0.44316630201901835,-18.963353415575494,-6.428205312534238,-0.33097295432110485,False,-18.96335341557549,-0.4431663020190193,False,-25.39155872810978
1209,20.147979483230664,789,633,685.0,849.0,-0.33559278164257555,-0.4487233440107211,-19.22805002317499,-6.481903757636289,-0.33559278164257567,False,-19.228050023174998,-0.44872334401071967,False,-25.709953780811183
1210,20.16464447866758,789,634,685.0,850.0,-0.33490768986939795,-0.4487233440107211,-19.18879715599278,-6.521156624818484,-0.3349076898693979,False,-19.188797155992777,-0.44872334401071967,False,-25.709953780811183
1211,20.181309474104495,790,634,689.0,851.0,-0.3329416605822123,-0.43561756904095966,-19.076151975437927,-5.882896212357816,-0.3329416605822124,False,-19.076151975437934,-0.4356175690409607,False,-24.9590481877958
1212,20.19797446954141,793,635,693.0,852.0,-0.32635881670676264,-0.4318231512583066,-18.69898280418112,-6.042661258959203,-0.3263588167067626,False,-18.698982804181117,-0.43182315125830684,False,-24.741644063140345
1213,20.214639464978326,797,637,700.0,856.0,-0.31714835151741994,-0.41695260495747566,-18.17126202147962,-5.718362499569227,-0.31714835151742005,False,-18.171262021479627,-0.4169526049574763,False,-23.88962452104888
1214,20.23130446041524,803,639,711.0,860.0,-0.3040009393401446,-0.3944697829498962,-17.41797079220284,-5.183482916267842,-0.3040009393401446,False,-17.41797079220284,-0.39446978294989776,False,-22.601453708470782
1215,20.247969455852157,810,642,723.0,864.0,-0.2882765229497508,-0.3734971461064775,-16.51702809772694,-4.882782034355293,-0.2882765229497508,False,-16.51702809772694,-0.37349714610647666,False,-21.39981013208218
1216,20.264634451289073,818,644,737.0,869.0,-0.2711691466557548,-0.34555558058171215,-15.536847637538813,-4.262028716986125,-0.27116914665575464,False,-15.536847637538802,-0.34555558058171343,False,-19.798876354525003
1217,20.28129944672599,828,647,754.0,875.0,-0.24950807352104648,-0.31383515242790877,-14.295759567195812,-3.6856701297682366,-0.24950807352104665,False,-14.295759567195823,-0.3138351524279095,False,-17.981429696964085
1218,20.297964442162904,839,650,772.0,879.0,-0.2258663024740417,-0.2846323319793205,-12.941185865987855,-3.3670454693937293,-0.2258663024740417,False,-12.941185865987855,-0.2846323319793207,False,-16.30823133538161
1219,20.31462943759982,850,653,792.0,884.0,-0.20226960736186,-0.24599699271376327,-11.589194825602863,-2.50539462980624,-0.20226960736186017,False,-11.589194825602874,-0.24599699271376352,False,-14.094589455409114
1220,20.33129443303673,863,655,814.0,889.0,-0.17503247280074632,-0.20641910492155582,-10.02862196922114,-1.7983215536521222,-0.1750324728007464,False,-10.028621969221145,-0.20641910492155446,False,-11.82694352287319
1221,20.347959428473647,875,657,837.0,892.0,-0.14981245657289735,-0.1603144609293133,-8.583621480113948,-0.6017205260506358,-0.14981245657289755,False,-8.583621480113958,-0.1603144609293139,False,-9.18534200616462
1222,20.364624423910563,889,658,860.0,896.0,-0.12074862172202394,-0.12125102106994563,-6.918386406693666,-0.028785362266046347,-0.12074862172202394,False,-6.918386406693666,-0.1212510210699449,False,-6.947171768959662
1223,20.38128941934748,903,660,885.0,897.0,-0.09141120186028087,-0.07580383736113926,-5.237476066812514,0.8942361151231305,-0.09141120186028084,False,-5.237476066812512,-0.07580383736113916,False,-4.343239951689381
1224,20.397954414784394,916,660,910.0,898.0,-0.06449376487050784,-0.025204745326941735,-3.6952205319891918,2.2510950010533404,-0.06449376487050795,False,-3.695220531989198,-0.025204745326941946,False,-1.4441255309358578
1225,20.41461941022131,929,660,935.0,899.0,-0.037482436691661486,0.025099330520065605,-2.147585428298503,3.5856711357021696,-0.03748243669166129,False,-2.147585428298492,0.025099330520067298,False,1.4380857074037539
1226,20.431284405658225,943,660,960.0,898.0,-0.008333140440135918,0.07130746478529032,-0.4774537773095774,4.5630705572844485,-0.008333140440135889,False,-0.47745377730957567,0.07130746478529204,False,4.085616779974975
1227,20.44794940109514,955,659,986.0,895.0,0.01669990874245044,0.13060816994581406,0.9568342891960363,6.5264626186265176,0.016699908742450642,False,0.9568342891960478,0.1306081699458126,False,7.483296907822464
1228,20.464614396532056,966,658,1009.0,892.0,0.039728039622481635,0.1817331968267754,2.276248998696706,8.136296176897808,0.039728039622481504,False,2.2762489986966985,0.18173319682677658,False,10.412545175594582
1229,20.48127939196897,977,656,1033.0,889.0,0.0629419593073733,0.23586960333565749,3.6063086225966603,9.908024163961352,0.06294195930737345,False,3.606308622596669,0.23586960333565798,False,13.514332786558047
1230,20.497944387405887,987,655,1054.0,883.0,0.08401231180749458,0.2858139684375267,4.813550893706532,11.562383223649075,0.08401231180749447,False,4.813550893706526,0.2858139684375267,False,16.3759341173556
1231,20.514609382842803,995,653,1074.0,878.0,0.10113369958028279,0.33766433024524956,5.7945341524941885,13.552206862670236,0.10113369958028295,False,5.794534152494198,0.33766433024525,False,19.346741015164458
1232,20.53127437827972,1003,651,1093.0,873.0,0.11834042272220721,0.3851575063634742,6.780406767776542,15.287492794633671,0.11834042272220735,False,6.78040676777655,0.38515750636347335,False,22.06789956241017
1233,20.547939373716634,1008,650,1108.0,866.0,0.12906576838907022,0.4335814839517618,7.394923808306717,17.447465297148472,0.12906576838907036,False,7.394923808306725,0.43358148395176244,False,24.842389105455222
1234,20.56460436915355,1013,649,1122.0,861.0,0.13980688147604356,0.47490416918385475,8.010344255463025,19.199660311938658,0.13980688147604337,False,8.010344255463014,0.4749041691838549,False,27.210004567401697
1235,20.581269364590465,1017,648,1134.0,856.0,0.14847197480207144,0.5123894603107377,8.5068175321314,20.850936010659883,0.1484719748020713,False,8.506817532131391,0.512389460310736,False,29.357753542791173
1236,20.597934360027377,1019,647,1142.0,851.0,0.15297113047587052,0.5425793241259905,8.764600163612425,22.32290515986755,0.15297113047587052,False,8.764600163612425,0.5425793241259917,False,31.087505323480052
1237,20.614599355464293,1020,647,1148.0,848.0,0.15506206297682346,0.567051071390732,8.884401771163763,23.605231387896712,0.15506206297682334,False,8.884401771163756,0.5670510713907326,False,32.48963315906052
1238,20.63126435090121,1020,647,1152.0,845.0,0.15506206297682346,0.5880026035475675,8.884401771163763,24.805665754816022,0.15506206297682334,False,8.884401771163756,0.5880026035475687,False,33.690067525979856
1239,20.647929346338124,1018,647,1152.0,844.0,0.15087884899618675,0.5973154891344067,8.644721265273159,25.578935299920733,0.15087884899618675,False,8.644721265273159,0.5973154891344059,False,34.22365656519384
1240,20.66459434177504,1016,648,1149.0,845.0,0.1463813294789799,0.5938368430683221,8.38703237865949,25.637312448527968,0.14638132947897997,False,8.387032378659494,0.5938368430683205,False,34.02434482718736
1241,20.681259337211955,1012,649,1144.0,848.0,0.1377154780209743,0.585679727353805,7.890515664228479,25.6664608595173,0.1377154780209744,False,7.8905156642284835,0.5856797273538064,False,33.55697652374586
1242,20.69792433264887,1007,650,1135.0,850.0,0.12697278961407893,0.5693131911006619,7.275004957889255,25.34423811330356,0.12697278961407887,False,7.275004957889252,0.5693131911006617,False,32.61924307119281
1243,20.714589328085786,1001,652,1125.0,855.0,0.11391151001120803,0.5483501198704639,6.526648761604445,24.891498802465904,0.11391151001120825,False,6.5266487616044575,0.548350119870463,False,31.41814756407031
1244,20.731254323522702,995,653,1112.0,861.0,0.10113369958028279,0.5123894603107377,5.7945341524941885,23.563219390297075,0.10113369958028295,False,5.794534152494198,0.512389460310736,False,29.357753542791173
1245,20.747919318959617,987,654,1096.0,866.0,0.08418871753885106,0.47490416918385475,4.823658197595177,22.386346369806514,0.08418871753885115,False,4.823658197595182,0.4749041691838549,False,27.210004567401697
1246,20.764584314396533,978,656,1078.0,872.0,0.06503420876644352,0.4335814839517618,3.7261856862899134,21.116203419165284,0.0650342087664435,False,3.7261856862899125,0.43358148395176244,False,24.842389105455222
1247,20.78124930983345,968,657,1059.0,878.0,0.04399674686570227,0.3906070436976868,2.520827907710173,19.859307144249396,0.0439967468657021,False,2.520827907710163,0.3906070436976883,False,22.38013505195966
1248,20.797914305270364,958,658,1036.0,883.0,0.023008491281093675,0.3337021765375503,1.3182894433702201,17.801436886560932,0.0230084912810935,False,1.3182894433702104,0.33370217653754963,False,19.119726329931115
1249,20.81457930070728,948,659,1014.0,888.0,0.0020876796392431856,0.28060513042474605,0.1196152323040288,15.95787445075194,0.0020876796392430563,False,0.11961523230402141,0.2806051304247461,False,16.077489683055962
1250,20.831244296144195,936,660,989.0,893.0,-0.0229126561874469,0.22366209548092808,-1.3127984969750188,14.127692605084238,-0.022912656187446867,False,-1.312798496975017,0.22366209548092897,False,12.814894108109272
1251,20.84790929158111,925,660,963.0,895.0,-0.04580127978157396,0.1603144609293133,-2.624220027782057,11.809562033946648,-0.04580127978157389,False,-2.624220027782053,0.1603144609293139,False,9.18534200616462
1252,20.864574287018023,913,660,937.0,897.0,-0.07071522321994635,0.10092178466729385,-4.051683837828445,9.834076160192488,-0.07071522321994639,False,-4.051683837828447,0.10092178466729251,False,5.782392322363964
1253,20.88123928245494,901,659,911.0,898.0,-0.09573980587420454,0.041816613207517075,-5.485486807993727,7.8814022583154815,-0.09573980587420472,False,-5.485486807993738,0.04181661320751573,False,2.3959154503216675
1254,20.897904277891854,890,658,885.0,897.0,-0.11868641316081648,-0.020917450819302335,-6.800230559660733,5.601748909542254,-0.11868641316081652,False,-6.8002305596607355,-0.020917450819300853,False,-1.1984816501184048
1255,20.91456927332877,879,657,859.0,895.0,-0.141603541257735,-0.0838366420684145,-8.11328527817484,3.309799519105751,-0.141603541257735,False,-8.11328527817484,-0.08383664206841601,False,-4.803485759069166
1256,20.931234268765685,868,656,835.0,893.0,-0.16446724651498984,-0.13835097017712528,-9.423279093446615,1.4963524107570203,-0.1644672465149899,False,-9.423279093446618,-0.13835097017712528,False,-7.926926682689598
1257,20.9478992642026,858,653,813.0,888.0,-0.18598611200223578,-0.18919902209996817,-10.656219265775535,-0.18408618855502448,-0.1859861120022357,False,-10.65621926577553,-0.18919902209996664,False,-10.840305454330478
1258,20.964564259639516,847,652,792.0,885.0,-0.20877718218206526,-0.23180819876373931,-11.96205139766623,-1.3195800480257525,-0.20877718218206542,False,-11.96205139766624,-0.2318081987637406,False,-13.281631445692042
1259,20.981229255076432,838,649,774.0,881.0,-0.22835550931208706,-0.26916749278570046,-13.083806912142958,-2.338354406595711,-0.22835550931208726,False,-13.083806912142968,-0.2691674927857015,False,-15.42216131873873
1260,20.997894250513347,829,647,757.0,875.0,-0.24749628117117156,-0.30587887140485215,-14.180492356291273,-3.345076017431593,-0.24749628117117162,False,-14.180492356291277,-0.30587887140485037,False,-17.52556837372277
1261,21.014559245950263,822,645,743.0,871.0,-0.2626090780170461,-0.3362805753700938,-15.046391832198506,-4.221065868738847,-0.262609078017046,False,-15.046391832198504,-0.33628057537009326,False,-19.267457700937324
1262,21.03122424138718,815,643,732.0,867.0,-0.27772904565762674,-0.3548510431119804,-15.912702164378155,-4.41876496175315,-0.2777290456576269,False,-15.912702164378164,-0.35485104311198157,False,-20.331467126131365
1263,21.047889236824094,809,641,722.0,864.0,-0.2908596607908784,-0.3719728371687995,-16.665030993924084,-4.647442669355115,-0.2908596607908782,False,-16.665030993924073,-0.3719728371687978,False,-21.312473663279114
1264,21.06455423226101,805,640,715.0,862.0,-0.29941524165349015,-0.3851575063634742,-17.155229668634632,-4.912669893775578,-0.2994152416534903,False,-17.155229668634643,-0.38515750636347335,False,-22.06789956241017
1265,21.081219227697925,802,638,711.0,860.0,-0.3066101708983891,-0.3890201032932934,-17.56746874826259,-4.721741316186447,-0.30661017089838927,False,-17.567468748262602,-0.3890201032932943,False,-22.2892100644491
1266,21.09788422313484,800,638,708.0,858.0,-0.31057416244336894,-0.39608144156430747,-17.79458873381548,-4.899206211276884,-0.3105741624433689,False,-17.794588733815477,-0.3960814415643057,False,-22.69379494509226
1267,21.114549218571756,800,638,708.0,859.0,-0.31057416244336894,-0.3944697829498962,-17.79458873381548,-4.806864974655205,-0.3105741624433689,False,-17.794588733815477,-0.39446978294989776,False,-22.601453708470782
1268,21.13121421400867,800,638,711.0,860.0,-0.31057416244336894,-0.3812827744718905,-17.79458873381548,-4.051305044462244,-0.3105741624433689,False,-17.794588733815477,-0.38128277447189163,False,-21.845893778277794
1269,21.147879209445584,803,639,715.0,861.0,-0.3040009393401446,-0.3773959672364249,-17.41797079220284,-4.2052253357018134,-0.3040009393401446,False,-17.41797079220284,-0.3773959672364242,False,-21.623196127904603
1270,21.1645442048825,807,640,721.0,864.0,-0.29544083714372,-0.36657538984417876,-16.927513064147043,-4.075709647287208,-0.2954408371437198,False,-16.927513064147032,-0.36657538984417926,False,-21.00322271143429
1271,21.181209200319415,812,642,731.0,867.0,-0.2842927379378831,-0.34555558058171215,-16.288774030059447,-3.5101023244654885,-0.284292737937883,False,-16.28877403005944,-0.34555558058171343,False,-19.798876354525003
1272,21.19787419575633,818,644,741.0,870.0,-0.2711691466557548,-0.32837297413931005,-15.536847637538813,-3.277537886802186,-0.27116914665575464,False,-15.536847637538802,-0.32837297413930955,False,-18.814385524340963
1273,21.214539191193246,825,646,753.0,874.0,-0.2560557528441775,-0.30587887140485215,-14.670913958016294,-2.854654415706569,-0.2560557528441776,False,-14.670913958016301,-0.30587887140485037,False,-17.52556837372277
1274,21.231204186630162,834,648,768.0,879.0,-0.23691838428455056,-0.27829965900511133,-13.574423508563317,-2.3709723923595423,-0.2369183842845506,False,-13.574423508563319,-0.27829965900511056,False,-15.94539590092281
1275,21.247869182067078,843,650,784.0,882.0,-0.2177676392230042,-0.2490313258433882,-12.477166642005708,-1.791277295367632,-0.21776763922300413,False,-12.477166642005702,-0.2490313258433865,False,-14.268443937373233
1276,21.264534177503993,853,653,801.0,886.0,-0.19617555232178743,-0.2195776234975388,-11.240031191686278,-1.3408399102353137,-0.19617555232178763,False,-11.240031191686288,-0.21957762349753907,False,-12.580871101921602
1277,21.28119917294091,864,655,821.0,890.0,-0.17299031688434863,-0.18097667416105903,-9.911615054103882,-0.45758456563909194,-0.17299031688434852,False,-9.911615054103875,-0.18097667416105878,False,-10.369199619742966
1278,21.297864168377824,876,656,841.0,892.0,-0.14806800183754476,-0.14723191804075808,-8.483671586226633,0.047904072875163045,-0.14806800183754465,False,-8.483671586226626,-0.14723191804075952,False,-8.435767513351566
1279,21.31452916381474,888,658,861.0,895.0,-0.12280979876392878,-0.11343499180721633,-7.036483152024073,0.5371368723695001,-0.12280979876392895,False,-7.036483152024083,-0.1134349918072175,False,-6.499346279654634
1280,21.331194159251655,900,659,884.0,897.0,-0.09780799720609208,-0.0671258882021007,-5.603985442536424,1.7579553524890414,-0.0978079972060919,False,-5.6039854425364135,-0.0671258882020993,False,-3.8460300900472957
1281,21.34785915468857,912,660,906.0,898.0,-0.07278784860392513,-0.025204745326941735,-4.170436524842112,2.7263109939062624,-0.07278784860392529,False,-4.1704365248421205,-0.025204745326941946,False,-1.4441255309358578
1282,21.364524150125487,924,660,928.0,898.0,-0.04788004477077987,0.016805140515041995,-2.7433244882631134,3.706188113899316,-0.04788004477077967,False,-2.7433244882631023,0.016805140515042893,False,0.9628636256362644
1283,21.381189145562402,936,659,951.0,897.0,-0.02296047375036662,0.0629419593073733,-1.3155382415169203,4.921846864113575,-0.022960473750366805,False,-1.3155382415169308,0.06294195930737345,False,3.606308622596669
1284,21.397854140999314,947,659,973.0,896.0,0.0,0.1092676898773683,0.0,6.260577467117542,0.0,False,0.0,0.10926768987736679,False,6.260577467117465
1285,21.41451913643623,958,658,995.0,893.0,0.023008491281093675,0.15616481407278227,1.3182894433702201,7.629295311445405,0.0230084912810935,False,1.3182894433702104,0.15616481407278116,False,8.947584754815564
1286,21.431184131873145,968,657,1016.0,890.0,0.04399674686570227,0.20316631194892554,2.520827907710173,9.119744306201564,0.0439967468657021,False,2.520827907710163,0.20316631194892665,False,11.640572213911804
1287,21.44784912731006,977,656,1034.0,887.0,0.0629419593073733,0.24192056868440487,3.6063086225966603,10.254718940424477,0.06294195930737345,False,3.606308622596669,0.2419205686844066,False,13.861027563021247
1288,21.464514122746976,985,654,1053.0,883.0,0.07999768653239922,0.28865006568130397,4.583529809117021,11.954900710595691,0.07999768653239903,False,4.583529809117009,0.2886500656813027,False,16.538430519712648
1289,21.481179118183892,992,653,1070.0,878.0,0.09485193581530127,0.3337021765375503,5.4346156008625375,13.685110729068617,0.09485193581530105,False,5.434615600862525,0.33370217653754963,False,19.119726329931115
1290,21.497844113620808,997,652,1085.0,873.0,0.10553860603552644,0.37894509813114835,6.046916701529582,15.665038088556047,0.10553860603552634,False,6.046916701529576,0.3789450981311475,False,21.71195479008557
1291,21.514509109057723,1002,651,1097.0,869.0,0.1162463571990348,0.4109657038594954,6.660425651274908,16.88617470449742,0.11624635719903464,False,6.660425651274899,0.41096570385949605,False,23.54660035577237
1292,21.53117410449464,1005,650,1108.0,865.0,0.1227834924355091,0.4467636600691884,7.0349759104311405,18.562696251350726,0.1227834924355089,False,7.034975910431129,0.44676366006918755,False,25.59767216178183
1293,21.547839099931554,1007,650,1116.0,861.0,0.12697278961407893,0.476829519638931,7.275004957889255,20.045314064671892,0.12697278961407887,False,7.275004957889252,0.4768295196389296,False,27.32031902256107
1294,21.56450409536847,1008,649,1122.0,858.0,0.12933790636076845,0.4993467216801301,7.410516165530277,21.199943500434944,0.12933790636076825,False,7.410516165530265,0.49934672168012995,False,28.61045966596521
1295,21.581169090805385,1008,649,1126.0,856.0,0.12933790636076845,0.5181049902083273,7.410516165530277,22.274713118073716,0.12933790636076825,False,7.410516165530265,0.5181049902083288,False,29.68522928360408
1296,21.5978340862423,1007,649,1126.0,855.0,0.127240610881612,0.523838467711257,7.290349986182745,22.723383360272322,0.12724061088161198,False,7.290349986182743,0.5238384677112577,False,30.01373334645512
1297,21.614499081679217,1005,650,1124.0,856.0,0.1227834924355091,0.523838467711257,7.0349759104311405,22.978757436023937,0.1227834924355089,False,7.034975910431129,0.5238384677112577,False,30.01373334645512
1298,21.631164077116132,1001,651,1120.0,858.0,0.1141512670528072,0.5217435110028235,6.54038582819662,23.3533153406026,0.11415126705280709,False,6.540385828196614,0.5217435110028248,False,29.89370116879929
1299,21.647829072553048,997,652,1113.0,860.0,0.10553860603552644,0.5087298243155532,6.046916701529582,23.10115514418345,0.10553860603552634,False,6.046916701529576,0.5087298243155516,False,29.14807184571295
1300,21.66449406798996,992,653,1103.0,863.0,0.09485193581530127,0.4862426330875049,5.4346156008625375,22.425035094379744,0.09485193581530105,False,5.434615600862525,0.4862426330875067,False,27.859650695242372
1301,21.681159063426875,986,654,1092.0,868.0,0.08209356333513565,0.4599023081609703,4.703614704293192,21.646846541655407,0.08209356333513584,False,4.703614704293202,0.4599023081609701,False,26.350461245948583
1302,21.69782405886379,979,655,1078.0,871.0,0.06726678040102403,0.4297622790966885,3.8541026184120004,20.769462167751605,0.06726678040102385,False,3.8541026184119898,0.42976227909668907,False,24.623564786163644
1303,21.714489054300707,972,656,1062.0,876.0,0.05247279587095416,0.388318718172466,3.006469742657166,19.24255391455521,0.052472795870954325,False,3.0064697426571754,0.3883187181724672,False,22.249023657212437
1304,21.731154049737622,963,657,1046.0,881.0,0.033530405340494,0.3548510431119804,1.9211507113732222,18.41031641475807,0.033530405340493896,False,1.9211507113732162,0.35485104311198157,False,20.331467126131365
1305,21.747819045174538,953,658,1026.0,885.0,0.012551642069567633,0.31114087293310727,0.7191561165450754,17.1079027365382,0.012551642069567492,False,0.7191561165450674,0.3111408729331089,False,17.82705885308337
1306,21.764484040611453,944,659,1006.0,889.0,-0.006262966127667456,0.26330654956916083,-0.3588415263487375,15.445195534813847,-0.006262966127667635,False,-0.35884152634874783,0.2633065495691618,False,15.086354008465173
1307,21.78114903604837,933,659,985.0,892.0,-0.029219239126328678,0.2195776234975388,-1.674139082522156,14.255010184443742,-0.029219239126328844,False,-1.6741390825221656,0.21957762349753907,False,12.580871101921602
1308,21.797814031485284,923,659,962.0,894.0,-0.05006251900353232,0.1644585463992785,-2.8683710506958815,12.291151664230954,-0.0500625190035322,False,-2.868371050695875,0.1644585463992776,False,9.422780613535028
1309,21.8144790269222,912,659,939.0,896.0,-0.07293926870703143,0.11343499180721633,-4.1791122576835384,10.678458537338106,-0.0729392687070316,False,-4.179112257683548,0.1134349918072175,False,6.499346279654634
1310,21.831144022359116,902,659,916.0,897.0,-0.09367079266750492,0.058755822715722696,-5.36694108349301,8.733401746922814,-0.09367079266750489,False,-5.366941083493009,0.058755822715720996,False,3.366460663429704
1311,21.84780901779603,891,658,893.0,896.0,-0.11662318985872532,0.008403163547646988,-6.682016572257864,7.163482378096213,-0.11662318985872533,False,-6.682016572257865,0.008403163547647807,False,0.48146580583839943
1312,21.864474013232947,881,657,871.0,895.0,-0.13749179675735307,-0.041992107221369514,-7.877699671866829,5.471729155221534,-0.13749179675735324,False,-7.877699671866838,-0.04199210722136826,False,-2.405970516645228
1313,21.881139008669862,871,656,850.0,894.0,-0.15832750080842997,-0.08800737352774077,-9.071497577177167,4.029046508006257,-0.15832750080843017,False,-9.071497577177178,-0.08800737352774135,False,-5.042451069170946
1314,21.897804004106778,862,654,830.0,890.0,-0.17743894282065678,-0.1347712844777311,-10.166502544886772,2.444676744755801,-0.17743894282065664,False,-10.166502544886765,-0.13477128447773268,False,-7.721825800131065
1315,21.914468999543693,853,652,810.0,887.0,-0.1965805641053054,-0.18097667416105903,-11.263236657534923,0.8940370377919401,-0.19658056410530556,False,-11.263236657534932,-0.18097667416105878,False,-10.369199619742966
1316,21.931133994980605,845,651,794.0,884.0,-0.2132672428416708,-0.21548569150556338,-12.219312923219356,-0.12710774550749154,-0.21326724284167087,False,-12.21931292321936,-0.21548569150556318,False,-12.346420668726825
1317,21.94779899041752,837,649,778.0,880.0,-0.23037748533654331,-0.2500650892513549,-13.199657604620942,-1.1280166130439488,-0.23037748533654323,False,-13.199657604620937,-0.25006508925135407,False,-14.327674217664836
1318,21.964463985854437,830,647,764.0,877.0,-0.24548244142177725,-0.2794477641263722,-14.065107838035296,-1.9460696407731553,-0.24548244142177733,False,-14.065107838035301,-0.27944776412637395,False,-16.01117747880856
1319,21.981128981291352,824,645,754.0,874.0,-0.2585935555583922,-0.29665674760929417,-14.816319342777643,-2.1808602593125905,-0.25859355555839203,False,-14.816319342777634,-0.29665674760929406,False,-16.997179602090224
1320,21.997793976728268,820,644,744.0,871.0,-0.26716362592668585,-0.3230715575912482,-15.307348205010996,-3.203288525685236,-0.26716362592668563,False,-15.307348205010983,-0.3230715575912484,False,-18.510636730696245
1321,22.014458972165183,815,643,738.0,869.0,-0.27772904565762674,-0.32837297413931005,-15.912702164378155,-2.9016833599628495,-0.2777290456576269,False,-15.912702164378164,-0.32837297413930955,False,-18.814385524340963
1322,22.0311239676021,813,642,734.0,868.0,-0.2822973532996027,-0.3362805753700938,-16.174446911780738,-3.0930107891566117,-0.2822973532996027,False,-16.174446911780738,-0.33628057537009326,False,-19.267457700937324
1323,22.047788963039014,811,641,731.0,866.0,-0.2868733271727419,-0.34161549064780716,-16.436630901873748,-3.1364949285364387,-0.2868733271727417,False,-16.436630901873738,-0.3416154906478077,False,-19.573125830410227
1324,22.06445395847593,811,641,731.0,866.0,-0.2868733271727419,-0.34161549064780716,-16.436630901873748,-3.1364949285364387,-0.2868733271727417,False,-16.436630901873738,-0.3416154906478077,False,-19.573125830410227
1325,22.081118953912846,811,642,733.0,867.0,-0.2862857984039112,-0.3337021765375503,-16.402967983077232,-2.716758346853929,-0.28628579840391133,False,-16.40296798307724,-0.33370217653754963,False,-19.119726329931115
1326,22.09778394934976,814,642,737.0,868.0,-0.2802996563384511,-0.32837297413931005,-16.059987307160643,-2.7543982171803525,-0.280299656338451,False,-16.059987307160636,-0.32837297413930955,False,-18.814385524340963
1327,22.114448944786677,817,643,742.0,870.0,-0.27372956799989134,-0.31910505792279287,-15.68354897433305,-2.5998240659206417,-0.27372956799989145,False,-15.683548974333055,-0.3191050579227941,False,-18.283373040253775
1328,22.131113940223592,821,644,749.0,873.0,-0.2651575585263029,-0.3046244292445449,-15.192409009550273,-2.261285122743716,-0.26515755852630285,False,-15.19240900955027,-0.30462442924454436,False,-17.45369413229396
1329,22.147778935660508,827,646,759.0,875.0,-0.25203499762143655,-0.28865006568130397,-14.440541653298057,-2.0978888664146633,-0.25203499762143666,False,-14.440541653298062,-0.2886500656813027,False,-16.538430519712648
1330,22.164443931097424,833,648,770.0,878.0,-0.23893644058616342,-0.26735539552188037,-13.690049617465514,-1.6282861759890639,-0.23893644058616337,False,-13.69004961746551,-0.26735539552188214,False,-15.318335793454676
1331,22.18110892653434,840,650,784.0,882.0,-0.22384441721599993,-0.23684876094692026,-12.82534037404234,-0.7450940111191374,-0.22384441721600012,False,-12.825340374042351,-0.23684876094691987,False,-13.570434385161464
1332,22.197773921971255,849,651,798.0,885.0,-0.20514102256815492,-0.21459288149122355,-11.753714798153249,-0.5415516248448952,-0.2051410225681547,False,-11.753714798153236,-0.21459288149122457,False,-12.295266422998207
1333,22.214438917408167,858,653,813.0,888.0,-0.18598611200223578,-0.18919902209996817,-10.656219265775535,-0.18408618855502448,-0.1859861120022357,False,-10.65621926577553,-0.18919902209996664,False,-10.840305454330478
1334,22.231103912845082,868,655,831.0,891.0,-0.16480726397620224,-0.15551373812965635,-9.442760658934839,0.5324798078028232,-0.16480726397620238,False,-9.442760658934846,-0.15551373812965608,False,-8.910280851131997
1335,22.247768908281998,878,656,848.0,893.0,-0.1439552698689136,-0.12591262568579822,-8.248029402155536,1.033767362948765,-0.1439552698689135,False,-8.248029402155531,-0.12591262568579964,False,-7.214262039206842
1336,22.264433903718913,889,658,866.0,895.0,-0.12074862172202394,-0.09674346233893974,-6.918386406693666,1.3753943191895996,-0.12074862172202394,False,-6.918386406693666,-0.09674346233893871,False,-5.542992087504016
1337,22.28109889915583,900,658,887.0,897.0,-0.09801130990254796,-0.05433975721276864,-5.61563440196477,2.5021956539075645,-0.09801130990254814,False,-5.615634401964781,-0.05433975721276951,False,-3.1134387480572667
1338,22.297763894592745,911,659,906.0,897.0,-0.07501554627708189,-0.021005313472176913,-4.298074199545107,3.094558390240084,-0.07501554627708185,False,-4.298074199545105,-0.021005313472176823,False,-1.203515809305021
1339,22.31442889002966,921,659,925.0,898.0,-0.054226535533913656,0.01673483927434091,-3.1069516237094406,4.065787284958956,-0.054226535533913545,False,-3.1069516237094343,0.01673483927434205,False,0.9588356612495726
1340,22.331093885466576,932,659,945.0,897.0,-0.03130500973207262,0.05456762350389413,-1.7936449352637291,4.920139460095747,-0.03130500973207262,False,-1.7936449352637291,0.05456762350389255,False,3.1264945248319163
1341,22.34775888090349,942,659,965.0,896.0,-0.010438034261132142,0.09674346233893974,-0.5980553095758264,6.1410473970799035,-0.010438034261132323,False,-0.5980553095758367,0.09674346233893871,False,5.542992087504016
1342,22.364423876340407,952,658,984.0,894.0,0.010459869561822599,0.1347712844777311,0.5993063801497887,7.122519419981178,0.010459869561822543,False,0.5993063801497854,0.13477128447773268,False,7.721825800131065
1343,22.381088871777322,961,657,1002.0,892.0,0.02934168150127379,0.17272951082565158,1.6811545138400694,8.215517453829028,0.029341681501273698,False,1.681154513840064,0.17272951082565058,False,9.896671967669041
1344,22.397753867214238,969,656,1019.0,889.0,0.04618561965887765,0.21138641644999373,2.6462410806501344,9.465308428329312,0.046185619658877464,False,2.6462410806501238,0.21138641644999367,False,12.111549508979436
1345,22.414418862651154,975,655,1035.0,886.0,0.058879233797411355,0.2541247495556341,3.3735315975557056,11.186744021801168,0.058879233797411334,False,3.3735315975557048,0.2541247495556327,False,14.560275619356796
1346,22.43108385808807,982,654,1051.0,882.0,0.07370590119962146,0.29386933503246765,4.223037063946541,12.614435561729858,0.0737059011996215,False,4.223037063946544,0.29386933503246837,False,16.837472625676426
1347,22.447748853524985,987,653,1063.0,879.0,0.08436586388645466,0.3244030680696465,4.833807935669021,13.753118725816876,0.08436586388645484,False,4.833807935669031,0.32440306806964614,False,18.586926661485883
1348,22.4644138489619,991,652,1074.0,875.0,0.09295170900941659,0.35631125565237476,5.325740624767721,15.089390517120261,0.09295170900941674,False,5.325740624767729,0.35631125565237554,False,20.415131141888015
1349,22.481078844398812,994,652,1085.0,872.0,0.09924910143543489,0.39220631123986943,5.68655463271622,16.785211699722684,0.09924910143543508,False,5.686554632716231,0.39220631123987104,False,22.471766332438992
1350,22.497743839835728,996,652,1092.0,869.0,0.10344301074765969,0.4165127351873055,5.926847935967315,17.93757390371538,0.1034430107476596,False,5.926847935967309,0.4165127351873039,False,23.86442183968261
1351,22.514408835272643,997,651,1097.0,867.0,0.10576101408836872,0.4335814839517618,6.059659744287167,18.78272936116802,0.10576101408836891,False,6.0596597442871785,0.43358148395176244,False,24.842389105455222
1352,22.53107383070956,997,651,1100.0,866.0,0.10576101408836872,0.4467636600691884,6.059659744287167,19.538012417494702,0.10576101408836891,False,6.0596597442871785,0.44676366006918755,False,25.59767216178183
1353,22.547738826146475,996,651,1102.0,865.0,0.10366106666442185,0.4599023081609703,5.939341619695642,20.411119626252948,0.10366106666442176,False,5.939341619695638,0.4599023081609701,False,26.350461245948583
1354,22.56440382158339,994,652,1100.0,865.0,0.09924910143543489,0.46176791196650896,5.68655463271622,20.770797837533276,0.09924910143543508,False,5.686554632716231,0.4617679119665077,False,26.457352470249432
1355,22.581068817020306,991,652,1096.0,866.0,0.09295170900941659,0.45614305945352746,5.325740624767721,20.809331536104377,0.09295170900941674,False,5.325740624767729,0.4561430594535274,False,26.135072160872106
1356,22.59773381245722,987,653,1089.0,868.0,0.08436586388645466,0.4429738631207448,4.833807935669021,20.54672485575548,0.08436586388645484,False,4.833807935669031,0.44297386312074494,False,25.38053279142451
1357,22.614398807894137,982,654,1081.0,871.0,0.07370590119962146,0.428015417287721,4.223037063946541,20.300439913170646,0.0737059011996215,False,4.223037063946544,0.4280154172877211,False,24.52347697711719
1358,22.631063803331052,977,655,1071.0,874.0,0.06307411789691225,0.4054427504166607,3.6138807520036442,19.61627768104702,0.06307411789691209,False,3.6138807520036345,0.4054427504166611,False,23.230158433050683
1359,22.647728798767968,970,656,1058.0,877.0,0.04828177568550713,0.37894509813114835,2.7663419741769157,18.945612815908706,0.04828177568550718,False,2.7663419741769184,0.3789450981311475,False,21.71195479008557
1360,22.664393794204884,963,657,1044.0,881.0,0.033530405340494,0.3469776052196545,1.9211507113732222,17.959201653269417,0.033530405340493896,False,1.9211507113732162,0.34697760521965293,False,19.880352364642555
1361,22.6810587896418,956,657,1029.0,884.0,0.018865686021670786,0.31114087293310727,1.0809241866606887,16.746134666422595,0.018865686021670935,False,1.0809241866606971,0.3111408729331089,False,17.82705885308337
1362,22.697723785078715,947,658,1013.0,887.0,0.0,0.28060513042474605,0.0,16.077489683055962,0.0,False,0.0,0.2806051304247461,False,16.077489683055962
1363,22.71438878051563,939,658,996.0,890.0,-0.01673483927434091,0.2409177717439294,-0.9588356612495073,14.762407191872787,-0.016734839274340718,False,-0.9588356612494964,0.2409177717439306,False,13.80357153062334
1364,22.731053775952546,929,659,977.0,894.0,-0.03756061462447767,0.201483844513154,-2.152064693899928,13.696238624573764,-0.03756061462447757,False,-2.1520646938999226,0.20148384451315238,False,11.54417393067374
1365,22.747718771389458,920,659,958.0,894.0,-0.056307847189477546,0.1603144609293133,-3.2262019974246376,12.411544003589233,-0.05630784718947757,False,-3.226201997424639,0.1603144609293139,False,9.18534200616462
1366,22.764383766826374,910,659,938.0,895.0,-0.07709117606097186,0.11809202841909398,-4.416999025993654,11.183173848546716,-0.07709117606097182,False,-4.416999025993651,0.11809202841909539,False,6.766174822553141
1367,22.78104876226329,901,658,919.0,896.0,-0.09593887285328682,0.07548654493392346,-5.496892505735561,9.821952940474024,-0.09593887285328684,False,-5.496892505735562,0.07548654493392348,False,4.325060434738461
1368,22.797713757700205,891,658,898.0,896.0,-0.11662318985872532,0.029403288204005115,-6.682016572257864,8.366700890154148,-0.11662318985872533,False,-6.682016572257865,0.02940328820400495,False,1.684684317896282
1369,22.81437875313712,882,657,878.0,896.0,-0.13543415986471463,-0.01673483927434091,-7.759805762148233,6.800970100898724,-0.1354341598647144,False,-7.75980576214822,-0.01673483927434205,False,-0.9588356612495726
1370,22.831043748574036,873,656,860.0,895.0,-0.15422760991306136,-0.05433975721276864,-8.836591132408433,5.723152384351225,-0.1542276099130615,False,-8.836591132408442,-0.05433975721276951,False,-3.1134387480572667
1371,22.84770874401095,865,654,843.0,892.0,-0.17130034280816903,-0.09217503755646181,-9.81478667205227,4.533546043607159,-0.17130034280816897,False,-9.814786672052266,-0.09217503755646206,False,-5.281240628445133
1372,22.864373739447867,857,653,825.0,890.0,-0.18802719849676242,-0.13420944732917872,-10.773164907533063,3.083530004787804,-0.18802719849676253,False,-10.77316490753307,-0.13420944732918016,False,-7.689634902745342
1373,22.881038734884783,850,651,811.0,887.0,-0.2031051226029412,-0.16377410783361504,-11.637066322635672,2.2535011502490865,-0.203105122602941,False,-11.637066322635661,-0.16377410783361412,False,-9.383565172386524
1374,22.897703730321698,843,650,796.0,884.0,-0.2177676392230042,-0.1982172523518861,-12.477166642005708,1.1201546555630355,-0.21776763922300413,False,-12.477166642005702,-0.1982172523518848,False,-11.35701198644259
1375,22.914368725758614,838,648,784.0,882.0,-0.22882661005390365,-0.22679884805388587,-13.11079899637453,0.11618220445802396,-0.2288266100539036,False,-13.110798996374527,-0.2267988480538854,False,-12.994616791916478
1376,22.93103372119553,832,647,775.0,879.0,-0.24144867274627868,-0.2409177717439294,-13.833989917397153,0.03041838677386806,-0.2414486727462788,False,-13.833989917397158,-0.2409177717439306,False,-13.80357153062334
1377,22.947698716632445,829,646,766.0,877.0,-0.24800589908633625,-0.2662520491509254,-14.209691311994467,-1.0454273910633147,-0.24800589908633608,False,-14.209691311994456,-0.2662520491509248,False,-15.255118703057747
1378,22.96436371206936,825,645,759.0,875.0,-0.2565825822322478,-0.2794477641263722,-14.701099058476183,-1.310078420332283,-0.2565825822322476,False,-14.701099058476172,-0.27944776412637395,False,-16.01117747880856
1379,22.981028707506276,823,645,755.0,874.0,-0.260602391747341,-0.28865006568130397,-14.931417178137554,-1.6070133415751584,-0.2606023917473408,False,-14.931417178137542,-0.2886500656813027,False,-16.538430519712648
1380,22.99769370294319,822,644,753.0,873.0,-0.2631493031303415,-0.2926582356298651,-15.07734445117731,-1.6907372901591384,-0.26314930313034157,False,-15.077344451177314,-0.29265823562986526,False,-16.768081741336452
1381,23.014358698380104,822,644,753.0,873.0,-0.2631493031303415,-0.2926582356298651,-15.07734445117731,-1.6907372901591384,-0.26314930313034157,False,-15.077344451177314,-0.29265823562986526,False,-16.768081741336452
1382,23.03102369381702,822,644,756.0,874.0,-0.2631493031303415,-0.2794477641263722,-15.07734445117731,-0.9338330276311417,-0.26314930313034157,False,-15.077344451177314,-0.27944776412637395,False,-16.01117747880856
1383,23.047688689253935,824,645,759.0,874.0,-0.2585935555583922,-0.27656855859928864,-14.816319342777643,-1.0298918109781774,-0.25859355555839203,False,-14.816319342777634,-0.276568558599287,False,-15.846211153755734
1384,23.06435368469085,827,646,763.0,876.0,-0.25203499762143655,-0.27139528080163583,-14.440541653298057,-1.1092625164035246,-0.25203499762143666,False,-14.440541653298062,-0.27139528080163444,False,-15.549804169701511
1385,23.081018680127766,831,647,771.0,878.0,-0.24346656750510687,-0.2541247495556341,-13.949606770579576,-0.6106688487773082,-0.24346656750510665,False,-13.949606770579564,-0.2541247495556327,False,-14.560275619356796
1386,23.09768367556468,836,648,779.0,880.0,-0.23287637958353433,-0.2409177717439294,-13.342833698423048,-0.460737832200234,-0.23287637958353447,False,-13.342833698423057,-0.2409177717439306,False,-13.80357153062334
1387,23.114348671001597,842,650,789.0,882.0,-0.21979507152403238,-0.22459412721667524,-12.59332995610312,-0.2749656368366597,-0.21979507152403244,False,-12.593329956103121,-0.22459412721667604,False,-12.868295592939832
1388,23.131013666438513,849,651,801.0,885.0,-0.20514102256815492,-0.20232162837830375,-11.753714798153249,0.16153938786217456,-0.2051410225681547,False,-11.753714798153236,-0.2023216283783036,False,-11.592175410291063
1389,23.147678661875428,856,652,814.0,887.0,-0.19045972655747515,-0.1768561314739792,-10.912538498959046,0.7794285844892413,-0.19045972655747523,False,-10.91253849895905,-0.17685613147397916,False,-10.13310991446981
1390,23.164343657312344,864,654,827.0,890.0,-0.17334801535943298,-0.15551373812965635,-9.93210966706448,1.0218288159324644,-0.17334801535943312,False,-9.932109667064488,-0.15551373812965608,False,-8.910280851131997
1391,23.18100865274926,873,655,843.0,892.0,-0.15454715942372413,-0.12591262568579822,-8.85489997071488,1.6406379315081323,-0.154547159423724,False,-8.854899970714873,-0.12591262568579964,False,-7.214262039206842
1392,23.197673648186175,882,656,858.0,894.0,-0.13571520812411178,-0.10050059905462982,-7.7759086412511875,2.0176484768844194,-0.13571520812411197,False,-7.775908641251198,-0.10050059905463016,False,-5.75826016436678
1393,23.21433864362309,891,657,874.0,895.0,-0.11686546516526553,-0.07130746478529032,-6.695897924802856,2.6102811448279897,-0.11686546516526564,False,-6.695897924802862,-0.07130746478529204,False,-4.085616779974975
1394,23.231003639060006,901,658,892.0,897.0,-0.09593887285328682,-0.03763911919938858,-5.496892505735561,3.3403298310207714,-0.09593887285328684,False,-5.496892505735562,-0.037639119199390336,False,-2.1565626747148925
1395,23.24766863449692,911,658,909.0,897.0,-0.07517189263510927,-0.008368005512292491,-4.307032186002318,3.8275807872057457,-0.07517189263510948,False,-4.3070321860023295,-0.008368005512291887,False,-0.4794513987965335
1396,23.264333629933837,920,658,926.0,897.0,-0.05642539641811793,0.025099330520065605,-3.23293707211075,4.671022779514397,-0.056425396418117835,False,-3.2329370721107447,0.025099330520067298,False,1.4380857074037539
1397,23.28099862537075,929,658,943.0,897.0,-0.03763911919938858,0.05851054432966771,-2.1565626747147917,5.508969921817856,-0.03763911919938856,False,-2.1565626747147904,0.058510544329667624,False,3.3524072471030655
1398,23.297663620807665,938,658,960.0,895.0,-0.018826227394062336,0.09256174873423176,-1.078663373833346,6.382060920655229,-0.018826227394062478,False,-1.0786633738333542,0.09256174873423006,False,5.303397546821772
1399,23.31432861624458,947,658,976.0,894.0,0.0,0.12226840393911868,0.0,7.005463513512228,0.0,False,0.0,0.12226840393912042,False,7.005463513512329
1400,23.330993611681496,955,657,992.0,893.0,0.016769916224385718,0.15551373812965635,0.960845422445266,7.949435428686757,0.016769916224385728,False,0.9608454224452666,0.15551373812965608,False,8.910280851131997
1401,23.34765860711841,962,656,1007.0,890.0,0.031502180115401894,0.18998828791871572,1.8049419660734731,9.08058508858526,0.031502180115401845,False,1.8049419660734705,0.18998828791871603,False,10.885527054658755
1402,23.364323602555327,967,656,1020.0,888.0,0.041992107221369514,0.22459412721667524,2.4059705166453,10.462325076294476,0.04199210722136959,False,2.405970516645304,0.22459412721667604,False,12.868295592939832
1403,23.380988597992243,973,655,1034.0,885.0,0.0546822740837001,0.25924884628266204,3.1330635191736165,11.720801216458751,0.0546822740837003,False,3.133063519173628,0.259248846282663,False,14.85386473563243
1404,23.39765359342916,977,654,1045.0,882.0,0.06320683189746022,0.28984648991161976,3.6214847041173397,12.985495874499671,0.06320683189746035,False,3.621484704117347,0.2898464899116213,False,16.606980578617094
1405,23.414318588866074,981,654,1054.0,880.0,0.07160731485126633,0.3124299188543654,4.102796923242021,13.798118820727908,0.07160731485126615,False,4.1027969232420105,0.31242991885436666,False,17.900915743969993
1406,23.43098358430299,983,653,1063.0,878.0,0.07596348400853371,0.34161549064780716,4.352387030798503,15.220738799611688,0.07596348400853392,False,4.352387030798514,0.3416154906478077,False,19.573125830410227
1407,23.447648579739905,985,653,1069.0,875.0,0.08016609190914319,0.36172924151993224,4.593178726451761,16.132380139108772,0.08016609190914314,False,4.593178726451758,0.3617292415199316,False,20.725558865560505
1408,23.46431357517682,985,653,1073.0,874.0,0.08016609190914319,0.37894509813114835,4.593178726451761,17.118776063633867,0.08016609190914314,False,4.593178726451758,0.3789450981311475,False,21.71195479008557
1409,23.480978570613736,985,653,1076.0,873.0,0.08016609190914319,0.39220631123986943,4.593178726451761,17.878587605987132,0.08016609190914314,False,4.593178726451758,0.39220631123987104,False,22.471766332438992
1410,23.49764356605065,985,653,1077.0,873.0,0.08016609190914319,0.39608144156430747,4.593178726451761,18.100616218640603,0.08016609190914314,False,4.593178726451758,0.3960814415643057,False,22.69379494509226
1411,23.514308561487567,982,653,1075.0,873.0,0.07386116210323444,0.39994405315716103,4.231932858446952,18.683173428814225,0.07386116210323435,False,4.231932858446947,0.3999440531571601,False,22.91510628726112
1412,23.530973556924483,980,654,1072.0,874.0,0.06950809650682394,0.39608144156430747,3.9825205718290317,18.71127437326334,0.06950809650682377,False,3.9825205718290224,0.3960814415643057,False,22.69379494509226
1413,23.547638552361395,976,654,1065.0,875.0,0.061105268126958025,0.3828446425313149,3.5010739696899638,18.434308256549073,0.061105268126957935,False,3.501073969689959,0.3828446425313139,False,21.93538222623898
1414,23.56430354779831,972,654,1057.0,877.0,0.05269379131927003,0.3641654193081543,3.019131849137267,17.8460097218319,0.05269379131927021,False,3.019131849137277,0.36416541930815427,False,20.86514157096918
1415,23.580968543235226,967,655,1049.0,880.0,0.04208040744189057,0.349484524690076,2.4110297466112307,17.612958523265736,0.04208040744189079,False,2.411029746611243,0.3494845246900766,False,20.023988269877005
1416,23.59763353867214,962,656,1037.0,882.0,0.031502180115401894,0.3204225339290187,1.8049419660734731,16.553916888946716,0.031502180115401845,False,1.8049419660734705,0.320422533929019,False,18.358858855020213
1417,23.614298534109057,955,657,1025.0,884.0,0.016769916224385718,0.29911793491163785,0.960845422445266,16.17734982466044,0.016769916224385728,False,0.9608454224452666,0.2991179349116386,False,17.138195247105756
1418,23.630963529545973,948,658,1013.0,888.0,0.0020920471571390623,0.2754261036960354,0.1198654726464104,15.660887836868987,0.0020920471571388433,False,0.11986547264639785,0.2754261036960344,False,15.780753309515333
1419,23.64762852498289,940,658,998.0,890.0,-0.014643304737745713,0.24497866312686414,-0.8389995595967521,14.875243027523233,-0.014643304737745666,False,-0.8389995595967494,0.24497866312686511,False,14.036243467926534
1420,23.664293520419804,932,658,983.0,891.0,-0.031370458470345655,0.21548569150556338,-1.7973948717412305,14.143815540468076,-0.031370458470345586,False,-1.7973948717412265,0.21548569150556318,False,12.346420668726825
1421,23.68095851585672,924,658,967.0,893.0,-0.04808007172826762,0.18097667416105903,-2.7547851887160046,13.123984808458987,-0.04808007172826745,False,-2.754785188715995,0.18097667416105878,False,10.369199619742966
1422,23.697623511293635,916,658,951.0,894.0,-0.06476286091828312,0.14723191804075808,-3.7106385998103657,12.14640611316184,-0.06476286091828332,False,-3.7106385998103772,0.14723191804075952,False,8.435767513351566
1423,23.71428850673055,907,658,934.0,895.0,-0.08348749226241442,0.11343499180721633,-4.783480948767463,11.282827228422036,-0.08348749226241425,False,-4.783480948767454,0.1134349918072175,False,6.499346279654634
1424,23.730953502167466,899,658,918.0,895.0,-0.10008290267459158,0.07999768653239922,-5.734327924672677,10.317857733789708,-0.10008290267459152,False,-5.734327924672673,0.0799976865323977,False,4.583529809116934
1425,23.747618497604382,890,657,901.0,895.0,-0.11893289431298916,0.04618561965887765,-6.81435288940975,9.460593970059891,-0.11893289431298903,False,-6.814352889409742,0.04618561965887835,False,2.6462410806501744
1426,23.764283493041297,882,656,884.0,895.0,-0.13571520812411178,0.008368005512292491,-7.7759086412511875,8.255360040047757,-0.13571520812411197,False,-7.775908641251198,0.008368005512291887,False,0.4794513987965335
1427,23.780948488478213,875,655,868.0,894.0,-0.15043379158672315,-0.02928033234577806,-8.619221354069868,6.941581887916385,-0.15043379158672332,False,-8.619221354069879,-0.029280332345777538,False,-1.6776394661534424
1428,23.79761348391513,867,654,853.0,892.0,-0.167200658118713,-0.058755822715722696,-9.57989204201204,6.2134313785822375,-0.1672006581187131,False,-9.579892042012043,-0.058755822715720996,False,-3.366460663429704
1429,23.81427847935204,860,653,838.0,891.0,-0.18189924735704793,-0.09217503755646181,-10.42205917016504,5.140818541719924,-0.18189924735704777,False,-10.422059170165031,-0.09217503755646206,False,-5.281240628445133
1430,23.830943474788956,854,652,825.0,889.0,-0.19454191900233267,-0.12175759779046096,-11.146430897209573,4.170234420164763,-0.19454191900233253,False,-11.146430897209564,-0.12175759779045947,False,-6.976196477044725
1431,23.84760847022587,849,651,814.0,887.0,-0.20514102256815492,-0.14723191804075808,-11.753714798153249,3.317947284801773,-0.2051410225681547,False,-11.753714798153236,-0.14723191804075952,False,-8.435767513351566
1432,23.864273465662787,844,650,802.0,885.0,-0.21573838618401148,-0.1768561314739792,-12.360899007307328,2.227789092837515,-0.21573838618401142,False,-12.360899007307324,-0.17685613147397916,False,-10.13310991446981
1433,23.880938461099703,840,649,794.0,883.0,-0.22430586474857234,-0.19410609803032688,-12.851779370125465,1.7303191752351115,-0.2243058647485725,False,-12.851779370125476,-0.1941060980303284,False,-11.121460194890439
1434,23.89760345653662,837,648,786.0,881.0,-0.23085245852960706,-0.21548569150556338,-13.226871563965346,0.8804508952385065,-0.23085245852960723,False,-13.226871563965357,-0.21548569150556318,False,-12.346420668726825
1435,23.914268451973534,835,647,780.0,880.0,-0.23538299805442553,-0.23180819876373931,-13.48645235765465,0.2048209119626709,-0.2353829980544253,False,-13.486452357654638,-0.2318081987637406,False,-13.281631445692042
1436,23.93093344741045,833,647,776.0,879.0,-0.23942877056296874,-0.2409177717439294,-13.718258047264232,-0.08531348335903281,-0.23942877056296874,False,-13.718258047264232,-0.2409177717439306,False,-13.80357153062334
1437,23.947598442847365,833,647,774.0,878.0,-0.23942877056296874,-0.2500650892513549,-13.718258047264232,-0.6094161704006535,-0.23942877056296874,False,-13.718258047264232,-0.25006508925135407,False,-14.327674217664836
1438,23.96426343828428,833,647,774.0,878.0,-0.23942877056296874,-0.2500650892513549,-13.718258047264232,-0.6094161704006535,-0.23942877056296874,False,-13.718258047264232,-0.25006508925135407,False,-14.327674217664836
1439,23.980928433721196,834,647,777.0,879.0,-0.2374068744650839,-0.2409177717439294,-13.602411934241461,-0.2011595963818038,-0.2374068744650839,False,-13.602411934241461,-0.2409177717439306,False,-13.80357153062334
1440,23.997593429158112,836,647,780.0,880.0,-0.23335715502434323,-0.23586960333565749,-13.370380102074941,-0.14395268448307108,-0.2333571550243434,False,-13.37038010207495,-0.23586960333565798,False,-13.514332786558047
1441,24.014258424595027,839,648,785.0,881.0,-0.22679884805388587,-0.22773899193233446,-12.994616791916505,-0.053866276370168005,-0.22679884805388584,False,-12.994616791916503,-0.22773899193233405,False,-13.048483068286645
1442,24.030923420031943,842,649,792.0,882.0,-0.220248723390689,-0.21138641644999373,-12.619322293430773,0.507772784451333,-0.2202487233906889,False,-12.619322293430768,-0.21138641644999367,False,-12.111549508979436
1443,24.04758841546886,847,650,799.0,884.0,-0.20963984587421253,-0.20232162837830375,-12.011478386365441,0.41930297607438327,-0.20963984587421258,False,-12.011478386365445,-0.2023216283783036,False,-11.592175410291063
1444,24.064253410905774,852,651,808.0,886.0,-0.19902821146046484,-0.18509101269405182,-11.403476520721918,0.7985426675504006,-0.1990282114604649,False,-11.403476520721922,-0.18509101269405193,False,-10.60493385317152
1445,24.08091840634269,858,652,818.0,888.0,-0.18637109837892102,-0.16789592325037456,-10.678277360329632,1.058549560630774,-0.18637109837892085,False,-10.678277360329623,-0.1678959232503736,False,-9.619727799698799
1446,24.097583401779602,864,653,830.0,890.0,-0.17370718121371115,-0.14248772198969495,-9.95268835465983,1.7887432522168996,-0.17370718121371098,False,-9.95268835465982,-0.14248772198969561,False,-8.163945102442971
1447,24.114248397216517,871,654,841.0,891.0,-0.1589843719326234,-0.12591262568579822,-9.109133520277464,1.89487148107071,-0.1589843719326236,False,-9.109133520277476,-0.12591262568579964,False,-7.214262039206842
1448,24.130913392653433,879,655,855.0,893.0,-0.1421917790282859,-0.10050059905462982,-8.146988819777592,2.3887286554108345,-0.14219177902828584,False,-8.146988819777588,-0.10050059905463016,False,-5.75826016436678
1449,24.14757838809035,887,656,869.0,894.0,-0.12538912034151625,-0.07548654493392346,-7.184267392426861,2.859206957688414,-0.12538912034151606,False,-7.184267392426849,-0.07548654493392348,False,-4.325060434738461
1450,24.164243383527264,895,657,883.0,895.0,-0.10858587776109802,-0.050377507181057816,-6.221512510434381,3.335093966569761,-0.10858587776109818,False,-6.2215125104343905,-0.05037750718105727,False,-2.8864185438645786
1451,24.18090837896418,903,658,898.0,896.0,-0.09179153515222487,-0.021005313472176913,-5.2592675592492215,4.055751749944204,-0.09179153515222493,False,-5.259267559249225,-0.021005313472176823,False,-1.203515809305021
1452,24.197573374401095,912,658,913.0,896.0,-0.07309131899540686,0.004201655946871886,-4.187824097481197,4.428561250203004,-0.07309131899540677,False,-4.187824097481192,0.004201655946872052,False,0.2407371527218122
1453,24.21423836983801,920,658,927.0,896.0,-0.05642539641811793,0.029403288204005115,-3.23293707211075,4.917621390007052,-0.056425396418117835,False,-3.2329370721107447,0.02940328820400495,False,1.684684317896282
1454,24.230903365274926,928,658,942.0,897.0,-0.039728039622481635,0.05851054432966771,-2.276248998696706,5.628656245799764,-0.039728039622481504,False,-2.2762489986966985,0.058510544329667624,False,3.3524072471030655
1455,24.247568360711842,935,658,957.0,895.0,-0.025099330520065605,0.09256174873423176,-1.4380857074036568,6.7414832542255265,-0.02509933052006552,False,-1.438085707403652,0.09256174873423006,False,5.303397546821772
1456,24.264233356148758,942,657,970.0,894.0,-0.010481796405099164,0.1175983406109762,-0.6005626957275806,7.33845129047844,-0.010481796405099164,False,-0.6005626957275806,0.11759834061097507,False,6.737888594750783
1457,24.280898351585673,949,657,984.0,893.0,0.00419284754718217,0.14723191804075808,0.24023246859531763,8.195535044756157,0.004192847547181966,False,0.24023246859530595,0.14723191804075952,False,8.435767513351566
1458,24.29756334702259,955,656,996.0,891.0,0.016805140515041995,0.17272951082565158,0.9628636256362129,8.93380834203288,0.016805140515042005,False,0.9628636256362134,0.17272951082565058,False,9.896671967669041
1459,24.314228342459504,960,656,1007.0,889.0,0.02730413712291691,0.19904572336856055,1.5644118203896131,9.840068058757403,0.027304137122917016,False,1.5644118203896193,0.19904572336855963,False,11.40447987914697
1460,24.33089333789642,964,656,1019.0,887.0,0.03569911267932397,0.23374318086890142,2.0454084888872277,11.347089264863868,0.0356991126793238,False,2.045408488887218,0.23374318086890256,False,13.392497753751163
1461,24.347558333333335,968,655,1027.0,885.0,0.044181755849742176,0.25110728915311337,2.531428141667663,11.855959731776933,0.04418175584974238,False,2.5314281416676745,0.251107289153115,False,14.387387873444684
1462,24.364223328770247,971,654,1035.0,883.0,0.05058970876938464,0.27252271576064285,2.89857679928171,12.715824635246486,0.05058970876938451,False,2.8985767992817024,0.272522715760644,False,15.614401434528265
1463,24.380888324207163,973,654,1042.0,882.0,0.054797406973115484,0.29386933503246765,3.1396601478202646,13.697812477856115,0.054797406973115415,False,3.1396601478202606,0.29386933503246837,False,16.837472625676426
1464,24.39755331964408,974,654,1047.0,880.0,0.056900537274835156,0.3124299188543654,3.2601606378748773,14.640755106095048,0.05690053727483502,False,3.2601606378748693,0.31242991885436666,False,17.900915743969993
1465,24.414218315080994,974,654,1050.0,879.0,0.056900537274835156,0.3257452069169275,3.2601606378748773,15.40366491508079,0.05690053727483502,False,3.2601606378748693,0.32574520691692754,False,18.66382555295566
1466,24.43088331051791,974,654,1053.0,879.0,0.056900537274835156,0.33766433024524956,3.2601606378748773,16.086580377289565,0.05690053727483502,False,3.2601606378748693,0.33766433024525,False,19.346741015164458
1467,24.447548305954825,973,654,1052.0,878.0,0.054797406973115484,0.33905907872732344,3.1396601478202646,16.28699406884929,0.054797406973115415,False,3.1396601478202606,0.339059078727324,False,19.426654216669576
1468,24.46421330139174,971,654,1049.0,879.0,0.05058970876938464,0.3337021765375503,2.89857679928171,16.22114953064944,0.05058970876938451,False,2.8985767992817024,0.33370217653754963,False,19.119726329931115
1469,24.480878296828656,968,654,1046.0,880.0,0.044274844669506,0.3323321700177181,2.536761738159984,16.504469000279382,0.04427484466950604,False,2.5367617381599863,0.3323321700177182,False,19.04123073843937
1470,24.497543292265572,965,655,1040.0,881.0,0.0378766133675201,0.3204225339290187,2.170170088207698,16.18868876681251,0.03787661336752013,False,2.1701700882077,0.320422533929019,False,18.358858855020213
1471,24.514208287702488,962,655,1033.0,882.0,0.03156845648777807,0.303135683518947,1.8087393224920654,15.559655962957034,0.031568456487778285,False,1.8087393224920778,0.3031356835189456,False,17.36839528544901
1472,24.530873283139403,957,656,1025.0,884.0,0.021005313472176913,0.28984648991161976,1.203515809305026,15.403464769311972,0.021005313472176823,False,1.203515809305021,0.2898464899116213,False,16.606980578617094
1473,24.54753827857632,952,656,1015.0,886.0,0.01050381536782631,0.26735539552188037,0.601824289361102,14.71651150409346,0.010503815367826519,False,0.6018242893611139,0.26735539552188214,False,15.318335793454676
1474,24.564203274013234,946,657,1005.0,888.0,-0.0020964329873986312,0.2500650892513549,-0.12011676220994447,14.447790979874835,-0.0020964329873986998,False,-0.1201167622099484,0.25006508925135407,False,14.327674217664836
1475,24.58086826945015,940,657,994.0,890.0,-0.014673999087783211,0.22773899193233446,-0.840758216308798,13.889241284595476,-0.01467399908778333,False,-0.8407582163088048,0.22773899193233405,False,13.048483068286645
1476,24.597533264887065,933,657,982.0,890.0,-0.02934168150127379,0.20727991668300638,-1.6811545138400694,13.557418917599685,-0.029341681501273698,False,-1.681154513840064,0.2072799166830066,False,11.87626440375962
1477,24.61419826032398,926,658,969.0,892.0,-0.043904821824266624,0.1817331968267754,-2.5155609908043455,12.928106166398862,-0.043904821824266804,False,-2.5155609908043557,0.18173319682677658,False,10.412545175594582
1478,24.630863255760893,919,658,957.0,893.0,-0.05851054432966771,0.1603144609293133,-3.35240724710307,12.537749253267659,-0.058510544329667624,False,-3.3524072471030655,0.1603144609293139,False,9.18534200616462
1479,24.64752825119781,911,657,943.0,893.0,-0.07532889082834011,0.1347712844777311,-4.316027519865624,12.037853319996596,-0.07532889082834027,False,-4.316027519865633,0.13477128447773268,False,7.721825800131065
1480,24.664193246634724,903,657,929.0,894.0,-0.09198288775184985,0.1092676898773683,-5.270231255606589,11.530808722724142,-0.09198288775185004,False,-5.270231255606601,0.10926768987736679,False,6.260577467117465
1481,24.68085824207164,896,657,915.0,894.0,-0.10651359848001261,0.07999768653239922,-6.102779653655783,10.6863094627728,-0.10651359848001274,False,-6.10277965365579,0.0799976865323977,False,4.583529809116934
1482,24.697523237508555,889,656,902.0,894.0,-0.12125102106994563,0.05456762350389413,-6.947171768959704,10.073666293791705,-0.12125102106994579,False,-6.947171768959713,0.05456762350389255,False,3.1264945248319163
1483,24.71418823294547,881,655,888.0,894.0,-0.13806339600398548,0.02928033234577806,-7.910449896271723,9.588089362425189,-0.13806339600398543,False,-7.91044989627172,0.029280332345777538,False,1.6776394661534424
1484,24.730853228382387,875,654,877.0,893.0,-0.15074638112042166,0.008368005512292491,-8.637131415070755,9.116582813867318,-0.1507463811204217,False,-8.637131415070758,0.008368005512291887,False,0.4794513987965335
1485,24.747518223819302,869,654,864.0,892.0,-0.1630952922102408,-0.021005313472176913,-9.34467190209969,8.141156092794661,-0.16309529221024066,False,-9.344671902099682,-0.021005313472176823,False,-1.203515809305021
1486,24.764183219256218,863,653,851.0,891.0,-0.17575745120487332,-0.050377507181057816,-10.070160172015747,7.1837416281511475,-0.1757574512048734,False,-10.070160172015752,-0.05037750718105727,False,-2.8864185438645786
1487,24.780848214693133,858,652,840.0,890.0,-0.18637109837892102,-0.07548654493392346,-10.678277360329632,6.353216925591163,-0.18637109837892085,False,-10.678277360329623,-0.07548654493392348,False,-4.325060434738461
1488,24.79751321013005,854,651,831.0,889.0,-0.19494458436563503,-0.09633949292208074,-11.1695019230829,5.649655578217197,-0.194944584365635,False,-11.169501923082898,-0.09633949292208044,False,-5.519846344865676
1489,24.814178205566964,850,650,820.0,887.0,-0.20352543811816495,-0.12591262568579822,-11.66114862772186,4.446886588515111,-0.20352543811816481,False,-11.661148627721852,-0.12591262568579964,False,-7.214262039206842
1490,24.83084320100388,847,650,813.0,887.0,-0.20963984587421253,-0.14248772198969495,-12.011478386365441,3.8475332839224987,-0.20963984587421258,False,-12.011478386365445,-0.14248772198969561,False,-8.163945102442971
1491,24.847508196440796,845,649,807.0,885.0,-0.21414920263945114,-0.15964666966066154,-12.26984549733238,3.122765112457214,-0.21414920263945092,False,-12.269845497332367,-0.15964666966065977,False,-9.147080384875052
1492,24.86417319187771,844,649,802.0,884.0,-0.21618419833337285,-0.1768561314739792,-12.38644216192139,2.253332247451589,-0.216184198333373,False,-12.386442161921398,-0.17685613147397916,False,-10.13310991446981
1493,24.880838187314627,843,649,799.0,883.0,-0.21821737670165547,-0.18586394582193286,-12.50293470142128,1.8537150421763378,-0.2182173767016553,False,-12.50293470142127,-0.18586394582193222,False,-10.649219659244906
1494,24.89750318275154,844,649,797.0,883.0,-0.21618419833337285,-0.1982172523518861,-12.38644216192139,1.029430175478731,-0.216184198333373,False,-12.386442161921398,-0.1982172523518848,False,-11.35701198644259
1495,24.914168178188454,844,649,796.0,883.0,-0.21618419833337285,-0.20232162837830375,-12.38644216192139,0.7942667516303107,-0.216184198333373,False,-12.386442161921398,-0.2023216283783036,False,-11.592175410291063
1496,24.93083317362537,845,649,799.0,884.0,-0.21414920263945114,-0.19330057864443415,-12.26984549733238,1.1945381635696497,-0.21414920263945092,False,-12.269845497332367,-0.19330057864443262,False,-11.075307333762641
1497,24.947498169062285,848,650,802.0,884.0,-0.20760345354180437,-0.19410609803032688,-11.894801700285653,0.7733415053953118,-0.20760345354180432,False,-11.89480170028565,-0.1941060980303284,False,-11.121460194890439
1498,24.9641631644992,850,650,806.0,885.0,-0.20352543811816495,-0.18509101269405182,-11.66114862772186,1.0562147745503565,-0.20352543811816481,False,-11.661148627721852,-0.18509101269405193,False,-10.60493385317152
1499,24.980828159936117,853,651,813.0,886.0,-0.19698722994199092,-0.16859693960942962,-11.28653689364916,1.626643815206834,-0.1969872299419908,False,-11.286536893649153,-0.16859693960942934,False,-9.65989307844232
1500,24.997493155373032,857,651,820.0,887.0,-0.188806813988297,-0.15551373812965635,-10.817833584841011,1.9075527337090026,-0.1888068139882968,False,-10.817833584841,-0.15551373812965608,False,-8.910280851131997
1501,25.014158150809948,862,652,828.0,889.0,-0.17817502318894465,-0.14248772198969495,-10.208676843372103,2.044731740929174,-0.17817502318894451,False,-10.208676843372094,-0.14248772198969561,False,-8.163945102442971
1502,25.030823146246863,867,653,837.0,890.0,-0.1675475761714212,-0.12591262568579822,-9.599768982269113,2.385506943062345,-0.16754757617142113,False,-9.599768982269111,-0.12591262568579964,False,-7.214262039206842
1503,25.04748814168378,873,654,847.0,891.0,-0.15486802523009655,-0.1092676898773683,-8.873284227210082,2.6127067600925233,-0.15486802523009668,False,-8.87328422721009,-0.10926768987736679,False,-6.260577467117465
1504,25.064153137120694,879,655,857.0,892.0,-0.1421917790282859,-0.09256174873423176,-8.146988819777592,2.843591272955714,-0.14219177902828584,False,-8.146988819777588,-0.09256174873423006,False,-5.303397546821772
1505,25.08081813255761,886,656,868.0,894.0,-0.12745656123611568,-0.07548654493392346,-7.302723030080159,2.9776625953417057,-0.12745656123611582,False,-7.302723030080167,-0.07548654493392348,False,-4.325060434738461
1506,25.097483127994526,892,656,881.0,895.0,-0.1150360823312636,-0.04599264736156945,-6.591082009300864,3.9558974268494382,-0.1150360823312635,False,-6.591082009300859,-0.04599264736156883,False,-2.635184582451395
1507,25.11414812343144,899,657,891.0,895.0,-0.10029131741691719,-0.033600794415993215,-5.74626920979624,3.8210855014730765,-0.1002913174169171,False,-5.746269209796235,-0.0336007944159924,False,-1.925183708323108
1508,25.130813118868357,906,657,904.0,896.0,-0.08574313408280543,-0.008368005512292491,-4.912719705169074,4.4332683063725025,-0.0857431340828052,False,-4.912719705169061,-0.008368005512291887,False,-0.4794513987965335
1509,25.147478114305272,913,657,917.0,896.0,-0.07115847789723893,0.01673483927434091,-4.077080460086743,5.035916121336253,-0.07115847789723873,False,-4.077080460086732,0.01673483927434205,False,0.9588356612495726
1510,25.164143109742184,920,657,928.0,895.0,-0.05654343694481738,0.033600794415993215,-3.23970029610213,5.16488400442528,-0.05654343694481723,False,-3.239700296102121,0.0336007944159924,False,1.925183708323108
1511,25.1808081051791,926,657,941.0,896.0,-0.04399674686570227,0.06267929449123805,-2.520827907710173,6.112086944915704,-0.0439967468657021,False,-2.520827907710163,0.06267929449123955,False,3.5912590372056163
1512,25.197473100616016,933,657,952.0,894.0,-0.02934168150127379,0.07999768653239922,-1.6811545138400694,6.264684322957099,-0.029341681501273698,False,-1.681154513840064,0.0799976865323977,False,4.583529809116934
1513,25.21413809605293,939,657,964.0,894.0,-0.016769916224385718,0.10509657413192951,-0.960845422445266,6.982435561488618,-0.016769916224385728,False,-0.9608454224452666,0.10509657413193096,False,6.021590139043428
1514,25.230803091489847,944,656,976.0,893.0,-0.006302437561293284,0.13420944732917872,-0.36110307290682825,8.05073797565209,-0.006302437561293228,False,-0.3611030729068251,0.13420944732918016,False,7.689634902745342
1515,25.247468086926762,949,656,985.0,891.0,0.004201655946871886,0.1520097378205026,0.2407371527218027,8.468779269283177,0.004201655946872052,False,0.2407371527218122,0.15200973782050298,False,8.70951642200499
1516,25.264133082363678,953,656,994.0,890.0,0.012604374487651676,0.17345298478670165,0.7221774615448104,9.215946510680075,0.012604374487651615,False,0.7221774615448069,0.173452984786703,False,9.938123972224957
1517,25.280798077800593,956,655,1003.0,889.0,0.018945101523409807,0.1982172523518861,1.0854743597382484,10.271537626704426,0.01894510152340967,False,1.0854743597382404,0.1982172523518848,False,11.35701198644259
1518,25.29746307323751,959,655,1010.0,888.0,0.025257785407512917,0.21548569150556338,1.4471645036976082,10.89925616502923,0.02525778540751311,False,1.4471645036976193,0.21548569150556318,False,12.346420668726825
1519,25.314128068674425,961,655,1016.0,886.0,0.029465154078709657,0.23374318086890142,1.6882289714127467,11.704268782338353,0.029465154078709865,False,1.6882289714127587,0.23374318086890256,False,13.392497753751163
1520,25.33079306411134,963,655,1021.0,886.0,0.033671479531357296,0.24599699271376327,1.9292336671079122,12.165355788301175,0.033671479531357296,False,1.9292336671079122,0.24599699271376352,False,14.094589455409114
1521,25.347458059548256,963,654,1025.0,885.0,0.03374246255742194,0.26221833432139385,1.9333006949184834,13.090703172647817,0.03374246255742186,False,1.9333006949184788,0.26221833432139263,False,15.024003867566218
1522,25.36412305498517,963,655,1027.0,884.0,0.033671479531357296,0.27252271576064285,1.9292336671079122,13.685167767420277,0.033671479531357296,False,1.9292336671079122,0.272522715760644,False,15.614401434528265
1523,25.380788050422087,963,655,1028.0,884.0,0.033671479531357296,0.27656855859928864,1.9292336671079122,13.916977486647925,0.033671479531357296,False,1.9292336671079122,0.276568558599287,False,15.846211153755734
1524,25.397453045859002,962,654,1027.0,884.0,0.03163501222811241,0.2754261036960354,1.8125526855155916,13.968200623999795,0.03163501222811238,False,1.81255268551559,0.2754261036960344,False,15.780753309515333
1525,25.414118041295918,960,655,1024.0,884.0,0.027361590861545246,0.27252271576064285,1.5677036771302646,14.046697757397938,0.027361590861545437,False,1.5677036771302755,0.272522715760644,False,15.614401434528265
1526,25.43078303673283,957,655,1021.0,885.0,0.02104952213704643,0.27139528080163583,1.2060487792199577,14.34375539048162,0.021049522137046583,False,1.2060487792199666,0.27139528080163444,False,15.549804169701511
1527,25.447448032169746,954,655,1016.0,886.0,0.014735775422073447,0.26221833432139385,0.8442977395374178,14.179706128028869,0.014735775422073605,False,0.8442977395374268,0.26221833432139263,False,15.024003867566218
1528,25.46411302760666,951,656,1009.0,887.0,0.008403163547646988,0.24599699271376327,0.48146580583835247,13.613123649570738,0.008403163547646919,False,0.4814658058383485,0.24599699271376352,False,14.094589455409114
1529,25.480778023043577,947,656,1003.0,888.0,0.0,0.23684876094692026,0.0,13.570434385161489,0.0,False,0.0,0.23684876094691987,False,13.570434385161464
1530,25.497443018480492,942,656,994.0,889.0,-0.01050381536782631,0.2195776234975388,-0.601824289361102,13.18269539128269,-0.010503815367826519,False,-0.6018242893611139,0.21957762349753907,False,12.580871101921602
1531,25.514108013917408,937,657,985.0,890.0,-0.020961290086983123,0.20316631194892554,-1.2009934551335433,12.84156566904527,-0.02096129008698311,False,-1.2009934551335424,0.20316631194892665,False,11.640572213911804
1532,25.530773009354323,931,657,975.0,891.0,-0.033530405340494,0.18586394582193286,-1.9211507113732222,12.570370370618175,-0.033530405340493896,False,-1.9211507113732162,0.18586394582193222,False,10.649219659244906
1533,25.54743800479124,926,657,965.0,892.0,-0.04399674686570227,0.1644585463992785,-2.520827907710173,11.943608521245242,-0.0439967468657021,False,-2.520827907710163,0.1644585463992776,False,9.422780613535028
1534,25.564103000228155,919,657,955.0,893.0,-0.05863292730034042,0.15137544373402623,-3.35941927480689,12.03259332268665,-0.05863292730034031,False,-3.3594192748068834,0.15137544373402534,False,8.673174047879716
1535,25.58076799566507,913,657,944.0,894.0,-0.07115847789723893,0.130063287501013,-4.077080460086743,11.529157903491411,-0.07115847789723873,False,-4.077080460086732,0.13006328750101304,False,7.452077443404679
1536,25.597432991101986,907,657,934.0,894.0,-0.08366170373596188,0.11343499180721633,-4.793462530944487,11.29280881059906,-0.08366170373596171,False,-4.793462530944478,0.1134349918072175,False,6.499346279654634
1537,25.6140979865389,901,656,922.0,894.0,-0.09633949292208074,0.08800737352774077,-5.519846344865694,10.562297414036596,-0.09633949292208088,False,-5.519846344865702,0.08800737352774135,False,5.042451069170946
1538,25.630762981975817,894,656,912.0,894.0,-0.11088779529939219,0.07548654493392346,-6.3534026701657815,10.678463104904235,-0.11088779529939208,False,-6.353402670165775,0.07548654493392348,False,4.325060434738461
1539,25.647427977412733,888,656,900.0,894.0,-0.12332060132892483,0.050377507181057816,-7.065749983162804,9.952168527027416,-0.12332060132892497,False,-7.065749983162812,0.05037750718105727,False,2.8864185438645786
1540,25.664092972849648,882,655,890.0,893.0,-0.13599741803738394,0.033600794415993215,-7.792078078218435,9.717261786541595,-0.13599741803738397,False,-7.792078078218436,0.0336007944159924,False,1.925183708323108
1541,25.680757968286564,877,654,879.0,894.0,-0.14661956967353545,0.008333140440135918,-8.400682536317898,8.878136313627465,-0.1466195696735353,False,-8.40068253631789,0.008333140440136333,False,0.4774537773096011
1542,25.69742296372348,872,654,870.0,892.0,-0.1569268688457766,-0.008403163547646988,-8.991247277066003,8.509781471227653,-0.15692686884577656,False,-8.991247277066002,-0.008403163547647807,False,-0.48146580583839943
1543,25.71408795916039,867,653,861.0,892.0,-0.1675475761714212,-0.025099330520065605,-9.599768982269113,8.161683274865458,-0.16754757617142113,False,-9.599768982269111,-0.025099330520067298,False,-1.4380857074037539
1544,25.730752954597307,863,653,853.0,891.0,-0.17575745120487332,-0.041992107221369514,-10.070160172015747,7.664189655370448,-0.1757574512048734,False,-10.070160172015752,-0.04199210722136826,False,-2.405970516645228
1545,25.747417950034222,860,652,845.0,890.0,-0.18227615625287918,-0.0629419593073733,-10.443654459157107,6.837345836560451,-0.18227615625287896,False,-10.443654459157095,-0.06294195930737345,False,-3.606308622596669
1546,25.764082945471138,857,651,838.0,889.0,-0.188806813988297,-0.07966298504578714,-10.817833584841011,6.253480758303611,-0.1888068139882968,False,-10.817833584841,-0.07966298504578617,False,-4.5643528265373385
1547,25.780747940908054,855,651,833.0,889.0,-0.19290028976164814,-0.09217503755646181,-11.052372470193083,5.77113184174796,-0.1929002897616483,False,-11.052372470193093,-0.09217503755646206,False,-5.281240628445133
1548,25.79741293634497,853,650,829.0,888.0,-0.19739555984988075,-0.10050059905462982,-11.309932474020213,5.5516723096534415,-0.19739555984988089,False,-11.30993247402022,-0.10050059905463016,False,-5.75826016436678
1549,25.814077931781885,853,650,825.0,888.0,-0.19739555984988075,-0.11710874456686428,-11.309932474020213,4.600095666263269,-0.19739555984988089,False,-11.30993247402022,-0.11710874456686327,False,-6.709836807756875
1550,25.8307429272188,852,651,823.0,887.0,-0.19902821146046484,-0.12226840393911868,-11.403476520721918,4.398013007209693,-0.1990282114604649,False,-11.403476520721922,-0.12226840393912042,False,-7.005463513512329
1551,25.847407922655716,853,651,821.0,887.0,-0.19698722994199092,-0.1347712844777311,-11.28653689364916,3.5647110935181896,-0.1969872299419908,False,-11.286536893649153,-0.13477128447773268,False,-7.721825800131065
1552,25.86407291809263,854,651,821.0,887.0,-0.19494458436563503,-0.13892970426308895,-11.1695019230829,3.209416219807228,-0.194944584365635,False,-11.169501923082898,-0.13892970426308793,False,-7.960085703275619
1553,25.880737913529547,856,651,823.0,888.0,-0.1908543612396901,-0.13835097017712528,-10.93514940069945,3.0082227180098466,-0.19085436123969002,False,-10.935149400699444,-0.13835097017712528,False,-7.926926682689598
1554,25.897402908966463,858,652,826.0,888.0,-0.18637109837892102,-0.1347712844777311,-10.678277360329632,2.9564515601986594,-0.18637109837892085,False,-10.678277360329623,-0.13477128447773268,False,-7.721825800131065
1555,25.914067904403378,861,652,830.0,889.0,-0.18022635585275398,-0.130063287501013,-10.326209547385707,2.8741321039810366,-0.18022635585275415,False,-10.326209547385716,-0.13006328750101304,False,-7.452077443404679
1556,25.930732899840294,864,652,836.0,889.0,-0.1740678234019038,-0.1175983406109762,-9.973351629957632,3.235463035206782,-0.17406782340190396,False,-9.97335162995764,-0.11759834061097507,False,-6.737888594750783
1557,25.94739789527721,867,653,842.0,890.0,-0.1675475761714212,-0.10509657413192951,-9.599768982269113,3.5781788432257593,-0.16754757617142113,False,-9.599768982269111,-0.10509657413193096,False,-6.021590139043428
1558,25.964062890714125,871,654,849.0,891.0,-0.1589843719326234,-0.09256174873423176,-9.109133520277464,3.8057359734556013,-0.1589843719326236,False,-9.109133520277476,-0.09256174873423006,False,-5.303397546821772
1559,25.980727886151037,876,654,858.0,892.0,-0.1486836131442525,-0.07548654493392346,-8.518943515921519,4.193883081183052,-0.14868361314425238,False,-8.518943515921514,-0.07548654493392348,False,-4.325060434738461
1560,25.997392881587952,881,655,866.0,893.0,-0.13806339600398548,-0.0629419593073733,-7.910449896271723,4.304141273675051,-0.13806339600398543,False,-7.91044989627172,-0.06294195930737345,False,-3.606308622596669
1561,26.014057877024868,886,656,874.0,894.0,-0.12745656123611568,-0.050377507181057816,-7.302723030080159,4.416304486215537,-0.12745656123611582,False,-7.302723030080167,-0.05037750718105727,False,-2.8864185438645786
1562,26.030722872461784,891,656,884.0,895.0,-0.11710874456686428,-0.02928033234577806,-6.7098368077569335,5.032197341603458,-0.11710874456686415,False,-6.709836807756926,-0.029280332345777538,False,-1.6776394661534424
1563,26.0473878678987,897,656,894.0,895.0,-0.10465821607405422,-0.012551642069567633,-5.996474072411539,5.277317955866454,-0.10465821607405434,False,-5.996474072411546,-0.012551642069567492,False,-0.7191561165450674
1564,26.064052863335615,903,657,903.0,895.0,-0.09198288775184985,0.0,-5.270231255606589,5.270231255606601,-0.09198288775185004,False,-5.270231255606601,0.0,False,0.0
1565,26.08071785877253,909,657,913.0,896.0,-0.07949668016670973,0.01673483927434091,-4.5548242588538255,5.513659920103328,-0.07949668016670985,False,-4.554824258853833,0.01673483927434205,False,0.9588356612495726
1566,26.097382854209446,914,657,923.0,895.0,-0.06907233216408595,0.03779711649456458,-3.9575531141278533,6.123168367030701,-0.06907233216408581,False,-3.9575531141278453,0.037797116494566296,False,2.1656152529029575
1567,26.11404784964636,920,657,933.0,895.0,-0.05654343694481738,0.05456762350389413,-3.23970029610213,6.366194820934139,-0.05654343694481723,False,-3.239700296102121,0.05456762350389255,False,3.1264945248319163
1568,26.130712845083277,925,657,943.0,895.0,-0.04608893166255424,0.07548654493392346,-2.6407012665312264,6.9657617012696935,-0.046088931662554344,False,-2.6407012665312326,0.07548654493392348,False,4.325060434738461
1569,26.147377840520193,930,657,952.0,895.0,-0.03562433514263541,0.09217503755646181,-2.0411240516325884,7.3223646800777145,-0.0356243351426353,False,-2.041124051632582,0.09217503755646206,False,5.281240628445133
1570,26.16404283595711,935,657,960.0,894.0,-0.025151927495691003,0.10509657413192951,-1.4410992921221446,7.462689431165499,-0.025151927495691062,False,-1.441099292122148,0.10509657413193096,False,6.021590139043428
1571,26.180707831394024,939,657,969.0,894.0,-0.016769916224385718,0.12591262568579822,-0.960845422445266,8.175107461652033,-0.016769916224385728,False,-0.9608454224452666,0.12591262568579964,False,7.214262039206842
1572,26.19737282683094,943,657,976.0,892.0,-0.00838554767927458,0.13951326889294935,-0.48045649092815546,8.473977984567934,-0.008385547679274463,False,-0.4804564909281488,0.1395132688929479,False,7.99352149363971
1573,26.214037822267855,946,657,982.0,892.0,-0.0020964329873986312,0.1520097378205026,-0.12011676220994447,8.829633184214913,-0.0020964329873986998,False,-0.1201167622099484,0.15200973782050298,False,8.70951642200499
1574,26.23070281770477,949,656,988.0,892.0,0.004201655946871886,0.16377410783361504,0.2407371527218027,9.142828019664762,0.004201655946872052,False,0.2407371527218122,0.16377410783361412,False,9.383565172386524
1575,26.247367813141683,951,656,994.0,890.0,0.008403163547646988,0.1817331968267754,0.48146580583835247,9.931079369756159,0.008403163547646919,False,0.4814658058383485,0.18173319682677658,False,10.412545175594582
1576,26.264032808578598,953,656,997.0,890.0,0.012604374487651676,0.18586394582193286,0.7221774615448104,9.927042197700125,0.012604374487651615,False,0.7221774615448069,0.18586394582193222,False,10.649219659244906
1577,26.280697804015514,954,656,1000.0,889.0,0.014704822377851432,0.19491827342292004,0.8425242607404145,10.325470156369905,0.014704822377851645,False,0.8425242607404267,0.19491827342292112,False,11.167994417110382
1578,26.29736279945243,954,656,1002.0,889.0,0.014704822377851432,0.20316631194892554,0.8425242607404145,10.798047953171325,0.014704822377851645,False,0.8425242607404267,0.20316631194892665,False,11.640572213911804
1579,26.314027794889345,954,656,1002.0,889.0,0.014704822377851432,0.20316631194892554,0.8425242607404145,10.798047953171325,0.014704822377851645,False,0.8425242607404267,0.20316631194892665,False,11.640572213911804
1580,26.33069279032626,953,656,1002.0,889.0,0.012604374487651676,0.20727991668300638,0.7221774615448104,11.154086942214787,0.012604374487651615,False,0.7221774615448069,0.2072799166830066,False,11.87626440375962
1581,26.347357785763176,952,656,1000.0,889.0,0.01050381536782631,0.20316631194892554,0.601824289361102,11.03874792455064,0.010503815367826519,False,0.6018242893611139,0.20316631194892665,False,11.640572213911804
1582,26.36402278120009,950,656,998.0,889.0,0.006302437561293284,0.20316631194892554,0.36110307290682825,11.279469141004903,0.006302437561293228,False,0.3611030729068251,0.20316631194892665,False,11.640572213911804
1583,26.380687776637007,947,656,994.0,890.0,0.0,0.1982172523518861,0.0,11.357011986442666,0.0,False,0.0,0.1982172523518848,False,11.35701198644259
1584,26.397352772073923,944,656,990.0,890.0,-0.006302437561293284,0.19410609803032688,-0.36110307290682825,11.482563267797188,-0.006302437561293228,False,-0.3611030729068251,0.1941060980303284,False,11.121460194890439
1585,26.41401776751084,941,657,984.0,891.0,-0.01257795301228264,0.1817331968267754,-0.7206636225176557,11.133208798112166,-0.012577953012282705,False,-0.7206636225176595,0.18173319682677658,False,10.412545175594582
1586,26.430682762947754,937,657,978.0,892.0,-0.020961290086983123,0.17272951082565158,-1.2009934551335433,11.097665422802635,-0.02096129008698311,False,-1.2009934551335424,0.17272951082565058,False,9.896671967669041
1587,26.44734775838467,933,657,971.0,893.0,-0.02934168150127379,0.15964666966066154,-1.6811545138400694,10.828234898715216,-0.029341681501273698,False,-1.681154513840064,0.15964666966065977,False,9.147080384875052
1588,26.464012753821585,929,657,963.0,893.0,-0.03771795246686421,0.1430832936681563,-2.1610794882263713,10.359148334242667,-0.03771795246686427,False,-2.1610794882263744,0.14308329366815542,False,8.198068846016241
1589,26.4806777492585,924,657,956.0,894.0,-0.04818071276759353,0.13420944732917872,-2.7605514955151893,10.45018639826044,-0.048180712767593725,False,-2.7605514955152004,0.13420944732918016,False,7.689634902745342
1590,26.497342744695416,919,657,946.0,894.0,-0.05863292730034042,0.11343499180721633,-3.35941927480689,9.858765554461467,-0.05863292730034031,False,-3.3594192748068834,0.1134349918072175,False,6.499346279654634
1591,26.514007740132328,914,657,938.0,894.0,-0.06907233216408595,0.10092178466729385,-3.9575531141278533,9.739945436491885,-0.06907233216408581,False,-3.9575531141278453,0.10092178466729251,False,5.782392322363964
1592,26.530672735569244,909,657,929.0,895.0,-0.07949668016670973,0.0838366420684145,-4.5548242588538255,9.358310017922896,-0.07949668016670985,False,-4.554824258853833,0.08383664206841601,False,4.803485759069166
1593,26.54733773100616,904,657,921.0,895.0,-0.08990374367755748,0.07130746478529032,-5.151105075150002,9.23672185512487,-0.08990374367755738,False,-5.151105075149997,0.07130746478529204,False,4.085616779974975
1594,26.564002726443075,898,657,911.0,895.0,-0.10236630106243909,0.05456762350389413,-5.865157015243315,8.991651540075324,-0.10236630106243894,False,-5.865157015243306,0.05456762350389255,False,3.1264945248319163
1595,26.58066772187999,893,656,902.0,895.0,-0.11296242686470927,0.03763911919938858,-6.47227030290307,8.628832977617865,-0.11296242686470936,False,-6.472270302903075,0.037639119199390336,False,2.1565626747148925
1596,26.597332717316906,888,656,895.0,894.0,-0.12332060132892483,0.029403288204005115,-7.065749983162804,8.750434301059094,-0.12332060132892497,False,-7.065749983162812,0.02940328820400495,False,1.684684317896282
1597,26.61399771275382,883,655,886.0,894.0,-0.13393027125484244,0.012551642069567633,-7.67363929194476,8.392795408489828,-0.13393027125484247,False,-7.673639291944761,0.012551642069567492,False,0.7191561165450674
1598,26.630662708190737,879,655,879.0,894.0,-0.1421917790282859,0.0,-8.146988819777592,8.146988819777588,-0.14219177902828584,False,-8.146988819777588,0.0,False,0.0
1599,26.647327703627653,875,655,872.0,893.0,-0.15043379158672315,-0.012604374487651676,-8.619221354069868,7.897043892525071,-0.15043379158672332,False,-8.619221354069879,-0.012604374487651171,False,-0.7221774615447815
1600,26.66399269906457,871,654,865.0,893.0,-0.1589843719326234,-0.025099330520065605,-9.109133520277464,7.671047812873798,-0.1589843719326236,False,-9.109133520277476,-0.025099330520067298,False,-1.4380857074037539
1601,26.680657694501484,868,654,860.0,893.0,-0.16514867741462683,-0.033460310449650164,-9.462322208025617,7.545187638063177,-0.1651486774146269,False,-9.462322208025622,-0.03346031044965159,False,-1.9171345699625217
1602,26.6973226899384,865,653,855.0,891.0,-0.17165543490067284,-0.041992107221369514,-9.835131950291206,7.429161433645895,-0.1716554349006727,False,-9.8351319502912,-0.04199210722136826,False,-2.405970516645228
1603,26.713987685375315,863,653,851.0,891.0,-0.17575745120487332,-0.050377507181057816,-10.070160172015747,7.1837416281511475,-0.1757574512048734,False,-10.070160172015752,-0.05037750718105727,False,-2.8864185438645786
1604,26.73065268081223,861,652,848.0,891.0,-0.18022635585275398,-0.05433975721276864,-10.326209547385707,7.212770799328499,-0.18022635585275415,False,-10.326209547385716,-0.05433975721276951,False,-3.1134387480572667
1605,26.747317676249146,861,652,846.0,890.0,-0.18022635585275398,-0.0629419593073733,-10.326209547385707,6.719900924789046,-0.18022635585275415,False,-10.326209547385716,-0.06294195930737345,False,-3.606308622596669
1606,26.763982671686062,860,652,844.0,890.0,-0.18227615625287918,-0.0671258882021007,-10.443654459157107,6.597624369109723,-0.18227615625287896,False,-10.443654459157095,-0.0671258882020993,False,-3.8460300900472957
1607,26.780647667122974,860,652,844.0,890.0,-0.18227615625287918,-0.0671258882021007,-10.443654459157107,6.597624369109723,-0.18227615625287896,False,-10.443654459157095,-0.0671258882020993,False,-3.8460300900472957
1608,26.79731266255989,861,652,844.0,890.0,-0.18022635585275398,-0.07130746478529032,-10.326209547385707,6.240592767410817,-0.18022635585275415,False,-10.326209547385716,-0.07130746478529204,False,-4.085616779974975
1609,26.813977657996805,862,653,845.0,891.0,-0.1778062292486788,-0.07130746478529032,-10.18754650708487,6.101929727109986,-0.17780622924867862,False,-10.187546507084859,-0.07130746478529204,False,-4.085616779974975
1610,26.83064265343372,864,653,848.0,892.0,-0.17370718121371115,-0.06684586440739673,-9.95268835465983,6.1227024462122275,-0.17370718121371098,False,-9.95268835465982,-0.06684586440739793,False,-3.829985908447669
1611,26.847307648870636,866,653,851.0,891.0,-0.16960222796346738,-0.0629419593073733,-9.717491858322353,6.111183235725688,-0.16960222796346747,False,-9.717491858322358,-0.06294195930737345,False,-3.606308622596669
1612,26.86397264430755,868,654,856.0,892.0,-0.16514867741462683,-0.050377507181057816,-9.462322208025617,6.575903664161018,-0.1651486774146269,False,-9.462322208025622,-0.05037750718105727,False,-2.8864185438645786
1613,26.880637639744467,872,654,861.0,893.0,-0.1569268688457766,-0.04599264736156945,-8.991247277066003,6.356062694614581,-0.15692686884577656,False,-8.991247277066002,-0.04599264736156883,False,-2.635184582451395
1614,26.897302635181383,875,655,867.0,893.0,-0.15043379158672315,-0.033600794415993215,-8.619221354069868,6.694037645746719,-0.15043379158672332,False,-8.619221354069879,-0.0336007944159924,False,-1.925183708323108
1615,26.9139676306183,879,655,873.0,894.0,-0.1421917790282859,-0.025099330520065605,-8.146988819777592,6.708903112373936,-0.14219177902828584,False,-8.146988819777588,-0.025099330520067298,False,-1.4380857074037539
1616,26.930632626055214,882,655,880.0,895.0,-0.13599741803738394,-0.008333140440135918,-7.792078078218435,7.314624300908861,-0.13599741803738397,False,-7.792078078218436,-0.008333140440136333,False,-0.4774537773096011
1617,26.94729762149213,887,656,888.0,894.0,-0.12538912034151625,0.004201655946871886,-7.184267392426861,7.425004545148662,-0.12538912034151606,False,-7.184267392426849,0.004201655946872052,False,0.2407371527218122
1618,26.963962616929045,891,656,894.0,895.0,-0.11710874456686428,0.012551642069567633,-6.7098368077569335,7.428992924302019,-0.11710874456686415,False,-6.709836807756926,0.012551642069567492,False,0.7191561165450674
1619,26.98062761236596,896,656,903.0,896.0,-0.10673567264913565,0.029158400245143854,-6.115503566285407,7.786156837685373,-0.10673567264913553,False,-6.1155035662854,0.029158400245144378,False,1.6706532713999978
1620,26.997292607802876,901,657,910.0,895.0,-0.09613876681991027,0.03779711649456458,-5.508345586373213,7.673960839276083,-0.09613876681991007,False,-5.508345586373202,0.037797116494566296,False,2.1656152529029575
1621,27.013957603239792,905,657,918.0,895.0,-0.08782381993215167,0.05456762350389413,-5.031934222829206,8.158428747661228,-0.08782381993215171,False,-5.031934222829209,0.05456762350389255,False,3.1264945248319163
1622,27.030622598676707,910,657,927.0,896.0,-0.07741312234572603,0.07101011124067928,-4.435445189339985,8.504024866185405,-0.07741312234572595,False,-4.43544518933998,0.07101011124067824,False,4.068579676845349
1623,27.04728759411362,915,658,934.0,895.0,-0.06684586440739673,0.07999768653239922,-3.8299859084476005,8.413515717564628,-0.0668458644073966,False,-3.8299859084475925,0.0799976865323977,False,4.583529809116934
1624,27.063952589550535,919,657,942.0,895.0,-0.05863292730034042,0.09633949292208074,-3.35941927480689,8.879265619672585,-0.05863292730034031,False,-3.3594192748068834,0.09633949292208044,False,5.519846344865676
1625,27.08061758498745,924,658,949.0,895.0,-0.04808007172826762,0.10509657413192951,-2.7547851887160046,8.776375327759347,-0.04808007172826745,False,-2.754785188715995,0.10509657413193096,False,6.021590139043428
1626,27.097282580424366,928,657,957.0,894.0,-0.039811239033763296,0.12175759779046096,-2.2810159738211184,9.257212450865918,-0.03981123903376327,False,-2.2810159738211166,0.12175759779045947,False,6.976196477044725
1627,27.113947575861282,931,657,962.0,894.0,-0.033530405340494,0.130063287501013,-1.9211507113732222,9.373228154777895,-0.033530405340493896,False,-1.9211507113732162,0.13006328750101304,False,7.452077443404679
1628,27.130612571298197,935,657,968.0,894.0,-0.025151927495691003,0.13835097017712528,-1.4410992921221446,9.368025974811745,-0.025151927495691062,False,-1.441099292122148,0.13835097017712528,False,7.926926682689598
1629,27.147277566735113,938,657,973.0,892.0,-0.018865686021670786,0.14784936525875556,-1.0809241866606887,9.552068819675531,-0.018865686021670935,False,-1.0809241866606971,0.1478493652587538,False,8.471144633014731
1630,27.16394256217203,940,657,977.0,892.0,-0.014673999087783211,0.15616481407278227,-0.840758216308798,9.78834297112442,-0.01467399908778333,False,-0.8407582163088048,0.15616481407278116,False,8.947584754815564
1631,27.180607557608944,942,657,981.0,892.0,-0.010481796405099164,0.1644585463992785,-0.6005626957275806,10.023343309262659,-0.010481796405099164,False,-0.6005626957275806,0.1644585463992776,False,9.422780613535028
1632,27.19727255304586,944,657,984.0,892.0,-0.006289225252707374,0.16859693960942962,-0.36034606338723113,10.020239141829576,-0.006289225252707364,False,-0.36034606338723063,0.16859693960942934,False,9.65989307844232
1633,27.213937548482775,945,657,985.0,891.0,-0.00419284754718217,0.16930377815578745,-0.24023246859531763,9.940624412541114,-0.004192847547181966,False,-0.24023246859530595,0.16930377815578623,False,9.700391943945732
1634,27.23060254391969,945,657,986.0,892.0,-0.00419284754718217,0.17272951082565158,-0.24023246859531763,10.136904436264423,-0.004192847547181966,False,-0.24023246859530595,0.17272951082565058,False,9.896671967669041
1635,27.247267539356606,945,657,986.0,891.0,-0.00419284754718217,0.17345298478670165,-0.24023246859531763,10.178356440820188,-0.004192847547181966,False,-0.24023246859530595,0.173452984786703,False,9.938123972224957
1636,27.263932534793522,945,657,986.0,891.0,-0.00419284754718217,0.17345298478670165,-0.24023246859531763,10.178356440820188,-0.004192847547181966,False,-0.24023246859530595,0.173452984786703,False,9.938123972224957
1637,27.280597530230438,944,657,984.0,892.0,-0.006289225252707374,0.16859693960942962,-0.36034606338723113,10.020239141829576,-0.006289225252707364,False,-0.36034606338723063,0.16859693960942934,False,9.65989307844232
1638,27.297262525667353,942,657,981.0,892.0,-0.010481796405099164,0.1644585463992785,-0.6005626957275806,10.023343309262659,-0.010481796405099164,False,-0.6005626957275806,0.1644585463992776,False,9.422780613535028
1639,27.313927521104265,940,657,978.0,892.0,-0.014673999087783211,0.1603144609293133,-0.840758216308798,10.026100222473373,-0.01467399908778333,False,-0.8407582163088048,0.1603144609293139,False,9.18534200616462
1640,27.33059251654118,938,657,974.0,893.0,-0.018865686021670786,0.15137544373402623,-1.0809241866606887,9.754098234540463,-0.018865686021670935,False,-1.0809241866606971,0.15137544373402534,False,8.673174047879716
1641,27.347257511978096,935,657,970.0,893.0,-0.025151927495691003,0.14723191804075808,-1.4410992921221446,9.876866805473636,-0.025151927495691062,False,-1.441099292122148,0.14723191804075952,False,8.435767513351566
1642,27.363922507415012,932,657,964.0,893.0,-0.03143618135627439,0.1347712844777311,-1.801160515722367,9.522986315853347,-0.03143618135627424,False,-1.801160515722358,0.13477128447773268,False,7.721825800131065
1643,27.380587502851927,929,658,959.0,894.0,-0.03763911919938858,0.12644049725838966,-2.1565626747147917,9.401069527155975,-0.03763911919938856,False,-2.1565626747147904,0.12644049725838968,False,7.2445068524411855
1644,27.397252498288843,925,658,953.0,894.0,-0.04599264736156945,0.11809202841909398,-2.635184582451431,9.401359405004484,-0.04599264736156927,False,-2.6351845824514206,0.11809202841909539,False,6.766174822553141
1645,27.41391749372576,921,658,945.0,895.0,-0.05433975721276864,0.10092178466729385,-3.1134387480572165,8.895831070421256,-0.054339757212768625,False,-3.113438748057216,0.10092178466729251,False,5.782392322363964
1646,27.430582489162674,917,658,939.0,896.0,-0.06267929449123805,0.09217503755646181,-3.5912590372055306,8.872499665650647,-0.06267929449123821,False,-3.59125903720554,0.09217503755646206,False,5.281240628445133
1647,27.44724748459959,913,657,932.0,895.0,-0.07115847789723893,0.07966298504578714,-4.077080460086743,8.641433286624148,-0.07115847789723873,False,-4.077080460086732,0.07966298504578617,False,4.5643528265373385
1648,27.463912480036505,908,657,924.0,895.0,-0.0815795465364691,0.0671258882021007,-4.674163711130772,8.520193801178142,-0.08157954653646904,False,-4.674163711130769,0.0671258882020993,False,3.8460300900472957
1649,27.48057747547342,904,657,917.0,896.0,-0.08990374367755748,0.05433975721276864,-5.151105075150002,8.264543823207212,-0.08990374367755738,False,-5.151105075149997,0.05433975721276951,False,3.1134387480572667
1650,27.497242470910336,900,657,910.0,895.0,-0.09821546688340069,0.041992107221369514,-5.627331735325765,8.03330225197106,-0.09821546688340055,False,-5.627331735325757,0.04199210722136826,False,2.405970516645228
1651,27.513907466347252,896,657,902.0,895.0,-0.10651359848001261,0.025204745326941735,-6.102779653655783,7.546905184591623,-0.10651359848001274,False,-6.10277965365579,0.025204745326941946,False,1.4441255309358578
1652,27.530572461784168,891,656,896.0,896.0,-0.11710874456686428,0.020830320036217084,-6.7098368077569335,7.903326231738968,-0.11710874456686415,False,-6.709836807756926,0.020830320036218097,False,1.193489423982093
1653,27.547237457221083,888,656,889.0,895.0,-0.12332060132892483,0.004184076002074724,-7.065749983162804,7.305479879243644,-0.12332060132892497,False,-7.065749983162812,0.004184076002076154,False,0.23972989608093428
1654,27.563902452658,884,656,882.0,894.0,-0.13158814145792064,-0.008403163547646988,-7.539445139509308,7.057979333670966,-0.13158814145792075,False,-7.539445139509314,-0.008403163547647807,False,-0.48146580583839943
1655,27.580567448094914,881,656,877.0,894.0,-0.13777700728685252,-0.016805140515041995,-7.894041031479839,6.931177405843636,-0.13777700728685272,False,-7.8940410314798495,-0.016805140515042893,False,-0.9628636256362644
1656,27.597232443531826,878,655,873.0,894.0,-0.1442541510049453,-0.020917450819302335,-8.265154029826228,7.066672379707736,-0.1442541510049451,False,-8.265154029826217,-0.020917450819300853,False,-1.1984816501184048
1657,27.613897438968742,875,655,867.0,893.0,-0.15043379158672315,-0.033600794415993215,-8.619221354069868,6.694037645746719,-0.15043379158672332,False,-8.619221354069879,-0.0336007944159924,False,-1.925183708323108
1658,27.630562434405658,873,654,864.0,893.0,-0.15486802523009655,-0.03763911919938858,-8.873284227210082,6.716721552495299,-0.15486802523009668,False,-8.87328422721009,-0.037639119199390336,False,-2.1565626747148925
1659,27.647227429842573,871,654,861.0,893.0,-0.1589843719326234,-0.041816613207517075,-9.109133520277464,6.713218069955732,-0.1589843719326236,False,-9.109133520277476,-0.04181661320751573,False,-2.3959154503216675
1660,27.66389242527949,870,654,858.0,892.0,-0.161040518396468,-0.050377507181057816,-9.226942034716508,6.340523490851894,-0.16104051839646782,False,-9.226942034716497,-0.05037750718105727,False,-2.8864185438645786
1661,27.680557420716404,868,654,857.0,892.0,-0.16514867741462683,-0.04618561965887765,-9.462322208025617,6.8160811273754724,-0.1651486774146269,False,-9.462322208025622,-0.04618561965887835,False,-2.6462410806501744
1662,27.69722241615332,868,654,856.0,892.0,-0.16514867741462683,-0.050377507181057816,-9.462322208025617,6.575903664161018,-0.1651486774146269,False,-9.462322208025622,-0.05037750718105727,False,-2.8864185438645786
1663,27.713887411590235,868,653,855.0,892.0,-0.16549149536485833,-0.05433975721276864,-9.481964229715208,6.36852548165799,-0.1654914953648583,False,-9.481964229715206,-0.05433975721276951,False,-3.1134387480572667
1664,27.73055240702715,868,654,856.0,892.0,-0.16514867741462683,-0.050377507181057816,-9.462322208025617,6.575903664161018,-0.1651486774146269,False,-9.462322208025622,-0.05037750718105727,False,-2.8864185438645786
1665,27.747217402464067,869,654,859.0,893.0,-0.1630952922102408,-0.041816613207517075,-9.34467190209969,6.948756451777938,-0.16309529221024066,False,-9.344671902099682,-0.04181661320751573,False,-2.3959154503216675
1666,27.763882397900982,870,654,861.0,892.0,-0.161040518396468,-0.03779711649456458,-9.226942034716508,7.0613267818136425,-0.16104051839646782,False,-9.226942034716497,-0.037797116494566296,False,-2.1656152529029575
1667,27.780547393337898,872,654,864.0,893.0,-0.1569268688457766,-0.033460310449650164,-8.991247277066003,7.074112707103556,-0.15692686884577656,False,-8.991247277066002,-0.03346031044965159,False,-1.9171345699625217
1668,27.797212388774813,875,655,867.0,894.0,-0.15043379158672315,-0.033460310449650164,-8.619221354069868,6.702086784107433,-0.15043379158672332,False,-8.619221354069879,-0.03346031044965159,False,-1.9171345699625217
1669,27.81387738421173,877,655,871.0,893.0,-0.14631528800503021,-0.025204745326941735,-8.38324848092935,6.939122949993506,-0.14631528800503002,False,-8.383248480929339,-0.025204745326941946,False,-1.4441255309358578
1670,27.830542379648644,880,655,876.0,894.0,-0.14012818852449874,-0.01673483927434091,-8.028753793267311,7.0699181320178015,-0.14012818852449893,False,-8.028753793267324,-0.01673483927434205,False,-0.9588356612495726
1671,27.84720737508556,883,655,881.0,895.0,-0.13393027125484244,-0.008333140440135918,-7.67363929194476,7.196185514635186,-0.13393027125484247,False,-7.673639291944761,-0.008333140440136333,False,-0.4774537773096011
1672,27.863872370522472,886,656,887.0,894.0,-0.12745656123611568,0.004201655946871886,-7.302723030080159,7.543460182801954,-0.12745656123611582,False,-7.302723030080167,0.004201655946872052,False,0.2407371527218122
1673,27.880537365959388,890,656,893.0,895.0,-0.1191803964898625,0.012551642069567633,-6.828533719564892,7.547689836109976,-0.11918039648986234,False,-6.828533719564883,0.012551642069567492,False,0.7191561165450674
1674,27.897202361396303,893,656,900.0,895.0,-0.11296242686470927,0.02928033234577806,-6.47227030290307,8.149909769056542,-0.11296242686470936,False,-6.472270302903075,0.029280332345777538,False,1.6776394661534424
1675,27.91386735683322,897,657,906.0,895.0,-0.10444040050629932,0.03779711649456458,-5.9839941596669375,8.149609412569806,-0.10444040050629955,False,-5.98399415966695,0.037797116494566296,False,2.1656152529029575
1676,27.930532352270134,901,657,912.0,896.0,-0.09613876681991027,0.04599264736156945,-5.508345586373213,8.143530168824649,-0.09613876681991007,False,-5.508345586373202,0.04599264736156883,False,2.635184582451395
1677,27.94719734770705,905,657,919.0,895.0,-0.08782381993215167,0.058755822715722696,-5.031934222829206,8.398394886259014,-0.08782381993215171,False,-5.031934222829209,0.058755822715720996,False,3.366460663429704
1678,27.963862343143965,909,657,925.0,895.0,-0.07949668016670973,0.0671258882021007,-4.5548242588538255,8.400854348901204,-0.07949668016670985,False,-4.554824258853833,0.0671258882020993,False,3.8460300900472957
1679,27.98052733858088,913,657,931.0,895.0,-0.07115847789723893,0.07548654493392346,-4.077080460086743,8.402140894825193,-0.07115847789723873,False,-4.077080460086732,0.07548654493392348,False,4.325060434738461
1680,27.997192334017797,916,657,938.0,895.0,-0.06489825160694386,0.09217503755646181,-3.718395914855996,8.999636543301115,-0.06489825160694407,False,-3.718395914856008,0.09217503755646206,False,5.281240628445133
1681,28.013857329454712,920,657,943.0,894.0,-0.05654343694481738,0.09674346233893974,-3.23970029610213,8.782692383606213,-0.05654343694481723,False,-3.239700296102121,0.09674346233893871,False,5.542992087504016
1682,28.030522324891628,923,657,949.0,895.0,-0.05027207199772771,0.10881220481724505,-2.8803775528476065,9.114857648388831,-0.050272071997727874,False,-2.8803775528476163,0.1088122048172444,False,6.23448009554119
1683,28.047187320328543,926,657,955.0,894.0,-0.04399674686570227,0.12175759779046096,-2.520827907710173,9.49702438475499,-0.0439967468657021,False,-2.520827907710163,0.12175759779045947,False,6.976196477044725
1684,28.06385231576546,929,657,959.0,893.0,-0.03771795246686421,0.12644049725838966,-2.1610794882263713,9.40558634066756,-0.03771795246686427,False,-2.1610794882263744,0.12644049725838968,False,7.2445068524411855
1685,28.080517311202374,931,657,963.0,894.0,-0.033530405340494,0.13420944732917872,-1.9211507113732222,9.610785614118482,-0.033530405340493896,False,-1.9211507113732162,0.13420944732918016,False,7.689634902745342
1686,28.09718230663929,933,657,967.0,893.0,-0.02934168150127379,0.1430832936681563,-1.6811545138400694,9.879223359856356,-0.029341681501273698,False,-1.681154513840064,0.14308329366815542,False,8.198068846016241
1687,28.113847302076206,935,657,969.0,893.0,-0.025151927495691003,0.1430832936681563,-1.4410992921221446,9.639168138138439,-0.025151927495691062,False,-1.441099292122148,0.14308329366815542,False,8.198068846016241
1688,28.130512297513118,936,657,971.0,892.0,-0.023056710036398722,0.14784936525875556,-1.3210521745425734,9.792196807557396,-0.02305671003639853,False,-1.3210521745425625,0.1478493652587538,False,8.471144633014731
1689,28.147177292950033,937,657,974.0,892.0,-0.020961290086983123,0.15616481407278227,-1.2009934551335433,10.148578209949184,-0.02096129008698311,False,-1.2009934551335424,0.15616481407278116,False,8.947584754815564
1690,28.16384228838695,937,657,973.0,892.0,-0.020961290086983123,0.1520097378205026,-1.2009934551335433,9.910509877138507,-0.02096129008698311,False,-1.2009934551335424,0.15200973782050298,False,8.70951642200499
1691,28.180507283823864,937,657,973.0,893.0,-0.020961290086983123,0.15137544373402623,-1.2009934551335433,9.874167503013307,-0.02096129008698311,False,-1.2009934551335424,0.15137544373402534,False,8.673174047879716
1692,28.19717227926078,937,657,973.0,892.0,-0.020961290086983123,0.1520097378205026,-1.2009934551335433,9.910509877138507,-0.02096129008698311,False,-1.2009934551335424,0.15200973782050298,False,8.70951642200499
1693,28.213837274697696,937,657,970.0,892.0,-0.020961290086983123,0.13951326889294935,-1.2009934551335433,9.194514948773328,-0.02096129008698311,False,-1.2009934551335424,0.1395132688929479,False,7.99352149363971
1694,28.23050227013461,935,657,968.0,893.0,-0.025151927495691003,0.13892970426308895,-1.4410992921221446,9.401184995397818,-0.025151927495691062,False,-1.441099292122148,0.13892970426308793,False,7.960085703275619
1695,28.247167265571527,933,657,966.0,892.0,-0.02934168150127379,0.13951326889294935,-1.6811545138400694,9.674676007479851,-0.029341681501273698,False,-1.681154513840064,0.1395132688929479,False,7.99352149363971
1696,28.263832261008442,931,657,962.0,893.0,-0.033530405340494,0.13060816994581406,-1.9211507113732222,9.404447619195782,-0.033530405340493896,False,-1.9211507113732162,0.1306081699458126,False,7.483296907822464
1697,28.280497256445358,929,657,958.0,894.0,-0.03771795246686421,0.12175759779046096,-2.1610794882263713,9.137275965271176,-0.03771795246686427,False,-2.1610794882263744,0.12175759779045947,False,6.976196477044725
1698,28.297162251882273,927,657,954.0,893.0,-0.04190417658128521,0.11391151001120803,-2.4009324620785852,8.927581223683024,-0.04190417658128531,False,-2.400932462078591,0.11391151001120647,False,6.526648761604355
1699,28.31382724731919,924,657,950.0,894.0,-0.04818071276759353,0.1092676898773683,-2.7605514955151893,9.021128962632742,-0.048180712767593725,False,-2.7605514955152004,0.10926768987736679,False,6.260577467117465
1700,28.330492242756105,920,657,945.0,894.0,-0.05654343694481738,0.10509657413192951,-3.23970029610213,9.261290435145472,-0.05654343694481723,False,-3.239700296102121,0.10509657413193096,False,6.021590139043428
1701,28.34715723819302,917,657,939.0,895.0,-0.0628103526541007,0.09217503755646181,-3.5987681168082992,8.880008745253415,-0.06281035265410084,False,-3.5987681168083068,0.09217503755646206,False,5.281240628445133
1702,28.363822233629936,914,657,933.0,895.0,-0.06907233216408595,0.07966298504578714,-3.9575531141278533,8.521905940665235,-0.06907233216408581,False,-3.9575531141278453,0.07966298504578617,False,4.5643528265373385
1703,28.38048722906685,910,657,928.0,895.0,-0.07741312234572603,0.07548654493392346,-4.435445189339985,8.76050562407844,-0.07741312234572595,False,-4.43544518933998,0.07548654493392348,False,4.325060434738461
1704,28.397152224503763,907,657,922.0,895.0,-0.08366170373596188,0.0629419593073733,-4.793462530944487,8.399771153541147,-0.08366170373596171,False,-4.793462530944478,0.06294195930737345,False,3.606308622596669
1705,28.41381721994068,904,656,916.0,895.0,-0.09009159781316277,0.05016707685413893,-5.161868324284264,8.036230098534869,-0.09009159781316267,False,-5.161868324284258,0.05016707685413735,False,2.874361774250509
1706,28.430482215377594,900,657,910.0,895.0,-0.09821546688340069,0.041992107221369514,-5.627331735325765,8.03330225197106,-0.09821546688340055,False,-5.627331735325757,0.04199210722136826,False,2.405970516645228
1707,28.44714721081451,897,656,904.0,895.0,-0.10465821607405422,0.02928033234577806,-5.996474072411539,7.674113538565014,-0.10465821607405434,False,-5.996474072411546,0.029280332345777538,False,1.6776394661534424
1708,28.463812206251426,893,656,899.0,894.0,-0.11296242686470927,0.025204745326941735,-6.47227030290307,7.916395833838908,-0.11296242686470936,False,-6.472270302903075,0.025204745326941946,False,1.4441255309358578
1709,28.48047720168834,890,656,894.0,894.0,-0.1191803964898625,0.016805140515041995,-6.828533719564892,7.791397345201096,-0.11918039648986234,False,-6.828533719564883,0.016805140515042893,False,0.9628636256362644
1710,28.497142197125257,888,656,888.0,894.0,-0.12332060132892483,0.0,-7.065749983162804,7.065749983162812,-0.12332060132892497,False,-7.065749983162812,0.0,False,0.0
1711,28.513807192562172,885,655,884.0,894.0,-0.12979253805567809,-0.004184076002074724,-7.4365646428814784,7.196834746800636,-0.12979253805567792,False,-7.436564642881469,-0.004184076002076154,False,-0.23972989608093428
1712,28.530472187999088,882,655,880.0,894.0,-0.13599741803738394,-0.008368005512292491,-7.792078078218435,7.312626679421878,-0.13599741803738397,False,-7.792078078218436,-0.008368005512291887,False,-0.4794513987965335
1713,28.547137183436003,880,655,877.0,894.0,-0.14012818852449874,-0.012551642069567633,-8.028753793267311,7.30959767672223,-0.14012818852449893,False,-8.028753793267324,-0.012551642069567492,False,-0.7191561165450674
1714,28.56380217887292,878,655,874.0,893.0,-0.1442541510049453,-0.016805140515041995,-8.265154029826228,7.302290404190003,-0.1442541510049451,False,-8.265154029826217,-0.016805140515042893,False,-0.9628636256362644
1715,28.580467174309835,877,655,872.0,893.0,-0.14631528800503021,-0.021005313472176913,-8.38324848092935,7.1797326716243175,-0.14631528800503002,False,-8.383248480929339,-0.021005313472176823,False,-1.203515809305021
1716,28.59713216974675,876,654,870.0,893.0,-0.1486836131442525,-0.025099330520065605,-8.518943515921519,7.0808578085178615,-0.14868361314425238,False,-8.518943515921514,-0.025099330520067298,False,-1.4380857074037539
1717,28.613797165183666,875,654,868.0,893.0,-0.15074638112042166,-0.02928033234577806,-8.637131415070755,6.95949194891729,-0.1507463811204217,False,-8.637131415070758,-0.029280332345777538,False,-1.6776394661534424
1718,28.63046216062058,875,654,868.0,892.0,-0.15074638112042166,-0.029403288204005115,-8.637131415070755,6.952447097174451,-0.1507463811204217,False,-8.637131415070758,-0.02940328820400495,False,-1.684684317896282
1719,28.647127156057497,875,654,868.0,892.0,-0.15074638112042166,-0.029403288204005115,-8.637131415070755,6.952447097174451,-0.1507463811204217,False,-8.637131415070758,-0.02940328820400495,False,-1.684684317896282
1720,28.66379215149441,875,654,868.0,893.0,-0.15074638112042166,-0.02928033234577806,-8.637131415070755,6.95949194891729,-0.1507463811204217,False,-8.637131415070758,-0.029280332345777538,False,-1.6776394661534424
1721,28.680457146931325,875,654,870.0,893.0,-0.15074638112042166,-0.020917450819302335,-8.637131415070755,7.438649764952277,-0.1507463811204217,False,-8.637131415070758,-0.020917450819300853,False,-1.1984816501184048
1722,28.69712214236824,877,654,872.0,893.0,-0.14661956967353545,-0.020917450819302335,-8.400682536317898,7.2022008861994085,-0.1466195696735353,False,-8.40068253631789,-0.020917450819300853,False,-1.1984816501184048
1723,28.713787137805156,878,655,874.0,893.0,-0.1442541510049453,-0.016805140515041995,-8.265154029826228,7.302290404190003,-0.1442541510049451,False,-8.265154029826217,-0.016805140515042893,False,-0.9628636256362644
1724,28.73045213324207,880,655,877.0,893.0,-0.14012818852449874,-0.012604374487651676,-8.028753793267311,7.306576331722491,-0.14012818852449893,False,-8.028753793267324,-0.012604374487651171,False,-0.7221774615447815
1725,28.747117128678987,882,655,880.0,894.0,-0.13599741803738394,-0.008368005512292491,-7.792078078218435,7.312626679421878,-0.13599741803738397,False,-7.792078078218436,-0.008368005512291887,False,-0.4794513987965335
1726,28.763782124115902,884,655,884.0,894.0,-0.13186197234528638,0.0,-7.555134493655687,7.555134493655682,-0.1318619723452863,False,-7.555134493655682,0.0,False,0.0
1727,28.780447119552818,886,656,889.0,894.0,-0.12745656123611568,0.012604374487651676,-7.302723030080159,8.024900491624974,-0.12745656123611582,False,-7.302723030080167,0.012604374487651171,False,0.7221774615447815
1728,28.797112114989734,889,656,893.0,894.0,-0.12125102106994563,0.016805140515041995,-6.947171768959704,7.910035394595926,-0.12125102106994579,False,-6.947171768959713,0.016805140515042893,False,0.9628636256362644
1729,28.81377711042665,892,656,898.0,894.0,-0.1150360823312636,0.025204745326941735,-6.591082009300864,8.035207540236716,-0.1150360823312635,False,-6.591082009300859,0.025204745326941946,False,1.4441255309358578
1730,28.830442105863565,895,656,903.0,895.0,-0.10881220481724505,0.033460310449650164,-6.234480095541226,8.151614665503661,-0.10881220481724485,False,-6.234480095541215,0.03346031044965159,False,1.9171345699625217
1731,28.84710710130048,898,656,909.0,895.0,-0.10257985241829468,0.04599264736156945,-5.877392606643136,8.512577189094577,-0.10257985241829459,False,-5.877392606643132,0.04599264736156883,False,2.635184582451395
1732,28.863772096737396,901,657,913.0,894.0,-0.09613876681991027,0.05058970876938464,-5.508345586373213,8.40692238565493,-0.09613876681991007,False,-5.508345586373202,0.05058970876938318,False,2.898576799281626
1733,28.88043709217431,904,656,919.0,895.0,-0.09009159781316277,0.06267929449123805,-5.161868324284264,8.753127361489797,-0.09009159781316267,False,-5.161868324284258,0.06267929449123955,False,3.5912590372056163
1734,28.897102087611227,907,657,924.0,895.0,-0.08366170373596188,0.07130746478529032,-4.793462530944487,8.879079310919376,-0.08366170373596171,False,-4.793462530944478,0.07130746478529204,False,4.085616779974975
1735,28.913767083048143,910,657,928.0,894.0,-0.07741312234572603,0.07580383736113926,-4.435445189339985,8.778685141029362,-0.07741312234572595,False,-4.43544518933998,0.07580383736113916,False,4.343239951689381
1736,28.930432078485055,913,657,933.0,894.0,-0.07115847789723893,0.08418871753885106,-4.077080460086743,8.900738657681915,-0.07115847789723873,False,-4.077080460086732,0.08418871753885071,False,4.823658197595157
1737,28.94709707392197,916,657,938.0,894.0,-0.06489825160694386,0.09256174873423176,-3.718395914855996,9.021793461677857,-0.06489825160694407,False,-3.718395914856008,0.09256174873423006,False,5.303397546821772
1738,28.963762069358886,918,657,943.0,894.0,-0.06072190521561201,0.10509657413192951,-3.479108892847989,9.50069903189133,-0.06072190521561183,False,-3.4791088928479788,0.10509657413193096,False,6.021590139043428
1739,28.9804270647958,921,657,946.0,894.0,-0.05445345221232247,0.10509657413192951,-3.1199529916833932,9.141543130726737,-0.05445345221232234,False,-3.1199529916833857,0.10509657413193096,False,6.021590139043428
1740,28.997092060232717,923,657,950.0,894.0,-0.05027207199772771,0.11343499180721633,-2.8803775528476065,9.379723832502174,-0.050272071997727874,False,-2.8803775528476163,0.1134349918072175,False,6.499346279654634
1741,29.013757055669632,925,657,953.0,893.0,-0.04608893166255424,0.11809202841909398,-2.6407012665312264,9.406876089084298,-0.046088931662554344,False,-2.6407012665312326,0.11809202841909539,False,6.766174822553141
1742,29.030422051106548,926,657,956.0,893.0,-0.04399674686570227,0.12644049725838966,-2.520827907710173,9.76533476015135,-0.0439967468657021,False,-2.520827907710163,0.12644049725838968,False,7.2445068524411855
1743,29.047087046543464,928,657,958.0,893.0,-0.039811239033763296,0.12644049725838966,-2.2810159738211184,9.525522826262302,-0.03981123903376327,False,-2.2810159738211166,0.12644049725838968,False,7.2445068524411855
1744,29.06375204198038,928,657,959.0,893.0,-0.039811239033763296,0.13060816994581406,-2.2810159738211184,9.764312881643656,-0.03981123903376327,False,-2.2810159738211166,0.1306081699458126,False,7.483296907822464
1745,29.080417037417295,929,657,960.0,893.0,-0.03771795246686421,0.13060816994581406,-2.1610794882263713,9.644376396048914,-0.03771795246686427,False,-2.1610794882263744,0.1306081699458126,False,7.483296907822464
1746,29.09708203285421,930,656,960.0,893.0,-0.03569911267932397,0.12591262568579822,-2.0454084888872277,9.259670528093984,-0.0356991126793238,False,-2.045408488887218,0.12591262568579964,False,7.214262039206842
1747,29.113747028291126,929,657,960.0,893.0,-0.03771795246686421,0.13060816994581406,-2.1610794882263713,9.644376396048914,-0.03771795246686427,False,-2.1610794882263744,0.1306081699458126,False,7.483296907822464
1748,29.13041202372804,930,657,960.0,893.0,-0.03562433514263541,0.12644049725838966,-2.0411240516325884,9.285630904073768,-0.0356243351426353,False,-2.041124051632582,0.12644049725838968,False,7.2445068524411855
1749,29.147077019164957,929,656,958.0,893.0,-0.03779711649456458,0.12175759779046096,-2.1656152529028594,9.141811729947683,-0.03779711649456452,False,-2.165615252902856,0.12175759779045947,False,6.976196477044725
1750,29.163742014601873,928,656,957.0,893.0,-0.03989478746747549,0.12175759779046096,-2.2858029464577556,9.26199942350256,-0.039894787467475545,False,-2.2858029464577587,0.12175759779045947,False,6.976196477044725
1751,29.18040701003879,926,657,955.0,893.0,-0.04399674686570227,0.12226840393911868,-2.520827907710173,9.526291421222416,-0.0439967468657021,False,-2.520827907710163,0.12226840393912042,False,7.005463513512329
1752,29.1970720054757,925,656,952.0,893.0,-0.04618561965887765,0.11343499180721633,-2.6462410806501344,9.145587360304706,-0.046185619658877464,False,-2.6462410806501238,0.1134349918072175,False,6.499346279654634
1753,29.213737000912616,923,657,948.0,893.0,-0.05027207199772771,0.10553860603552644,-2.8803775528476065,8.927294254377193,-0.050272071997727874,False,-2.8803775528476163,0.10553860603552678,False,6.046916701529602
1754,29.23040199634953,921,657,945.0,894.0,-0.05445345221232247,0.10092178466729385,-3.1199529916833932,8.902345314047427,-0.05445345221232234,False,-3.1199529916833857,0.10092178466729251,False,5.782392322363964
1755,29.247066991786447,919,657,942.0,893.0,-0.05863292730034042,0.09715082314954833,-3.35941927480689,8.925751417497874,-0.05863292730034031,False,-3.3594192748068834,0.0971508231495477,False,5.566332142690939
1756,29.263731987223363,917,657,938.0,894.0,-0.0628103526541007,0.0883767861448488,-3.5987681168082992,8.66238496983838,-0.06281035265410084,False,-3.5987681168083068,0.088376786144849,False,5.063616853030098
1757,29.280396982660278,914,657,934.0,894.0,-0.06907233216408595,0.08418871753885106,-3.9575531141278533,8.781211311723027,-0.06907233216408581,False,-3.9575531141278453,0.08418871753885071,False,4.823658197595157
1758,29.297061978097194,911,657,929.0,894.0,-0.07532889082834011,0.07580383736113926,-4.316027519865624,8.659267471555015,-0.07532889082834027,False,-4.316027519865633,0.07580383736113916,False,4.343239951689381
1759,29.31372697353411,909,656,924.0,894.0,-0.07966298504578714,0.0629419593073733,-4.5643528265373945,8.170661449134059,-0.07966298504578706,False,-4.56435282653739,0.06294195930737345,False,3.606308622596669
1760,29.330391968971025,906,656,919.0,894.0,-0.08592238237474796,0.05456762350389413,-4.92298987578231,8.049484400614325,-0.08592238237474792,False,-4.922989875782307,0.05456762350389255,False,3.1264945248319163
1761,29.34705696440794,903,656,915.0,894.0,-0.09217503755646181,0.050377507181057816,-5.2812406284451185,8.167659172309737,-0.09217503755646161,False,-5.281240628445107,0.05037750718105727,False,2.8864185438645786
1762,29.363721959844856,901,656,910.0,894.0,-0.09633949292208074,0.03779711649456458,-5.519846344865694,7.685461597768557,-0.09633949292208088,False,-5.519846344865702,0.037797116494566296,False,2.1656152529029575
1763,29.38038695528177,898,656,907.0,894.0,-0.10257985241829468,0.03779711649456458,-5.877392606643136,8.043007859545988,-0.10257985241829459,False,-5.877392606643132,0.037797116494566296,False,2.1656152529029575
1764,29.397051950718687,895,656,902.0,894.0,-0.10881220481724505,0.029403288204005115,-6.234480095541226,7.919164413437523,-0.10881220481724485,False,-6.234480095541215,0.02940328820400495,False,1.684684317896282
1765,29.413716946155603,893,656,898.0,894.0,-0.11296242686470927,0.021005313472176913,-6.47227030290307,7.675786112208096,-0.11296242686470936,False,-6.472270302903075,0.021005313472176823,False,1.203515809305021
1766,29.43038194159252,891,656,894.0,894.0,-0.11710874456686428,0.012604374487651676,-6.7098368077569335,7.432014269301733,-0.11710874456686415,False,-6.709836807756926,0.012604374487651171,False,0.7221774615447815
1767,29.447046937029434,889,655,892.0,894.0,-0.12150378402520141,0.012551642069567633,-6.961654019513114,7.680810136058203,-0.12150378402520134,False,-6.9616540195131105,0.012551642069567492,False,0.7191561165450674
1768,29.46371193246635,887,655,889.0,894.0,-0.12565033060984618,0.008368005512292491,-7.199233638367645,7.678685037164218,-0.12565033060984598,False,-7.199233638367634,0.008368005512291887,False,0.4794513987965335
1769,29.48037692790326,885,655,886.0,894.0,-0.12979253805567809,0.004184076002074724,-7.4365646428814784,7.676294538962327,-0.12979253805567792,False,-7.436564642881469,0.004184076002076154,False,0.23972989608093428
1770,29.497041923340177,884,655,883.0,893.0,-0.13186197234528638,-0.004201655946871886,-7.555134493655687,7.314397340933896,-0.1318619723452863,False,-7.555134493655682,-0.004201655946872052,False,-0.2407371527218122
1771,29.513706918777093,883,655,881.0,893.0,-0.13393027125484244,-0.008403163547646988,-7.67363929194476,7.192173486106413,-0.13393027125484247,False,-7.673639291944761,-0.008403163547647807,False,-0.48146580583839943
1772,29.530371914214008,882,655,881.0,893.0,-0.13599741803738394,-0.004201655946871886,-7.792078078218435,7.551340925496625,-0.13599741803738397,False,-7.792078078218436,-0.004201655946872052,False,-0.2407371527218122
1773,29.547036909650924,882,655,879.0,893.0,-0.13599741803738394,-0.012604374487651676,-7.792078078218435,7.06990061667363,-0.13599741803738397,False,-7.792078078218436,-0.012604374487651171,False,-0.7221774615447815
1774,29.56370190508784,882,654,879.0,893.0,-0.13628079677639252,-0.012551642069567633,-7.808314483967366,7.0891583674223035,-0.1362807967763926,False,-7.80831448396737,-0.012551642069567492,False,-0.7191561165450674
1775,29.580366900524755,881,655,880.0,893.0,-0.13806339600398548,-0.004201655946871886,-7.910449896271723,7.669712743549933,-0.13806339600398543,False,-7.91044989627172,-0.004201655946872052,False,-0.2407371527218122
1776,29.59703189596167,882,654,881.0,893.0,-0.13628079677639252,-0.004184076002074724,-7.808314483967366,7.568584587886512,-0.1362807967763926,False,-7.80831448396737,-0.004184076002076154,False,-0.23972989608093428
1777,29.613696891398586,882,655,881.0,893.0,-0.13599741803738394,-0.004201655946871886,-7.792078078218435,7.551340925496625,-0.13599741803738397,False,-7.792078078218436,-0.004201655946872052,False,-0.2407371527218122
1778,29.6303618868355,883,655,883.0,894.0,-0.13393027125484244,0.0,-7.67363929194476,7.673639291944761,-0.13393027125484247,False,-7.673639291944761,0.0,False,0.0
1779,29.647026882272417,884,655,884.0,894.0,-0.13186197234528638,0.0,-7.555134493655687,7.555134493655682,-0.1318619723452863,False,-7.555134493655682,0.0,False,0.0
1780,29.663691877709333,885,655,887.0,893.0,-0.12979253805567809,0.008403163547646988,-7.4365646428814784,7.9180304487198425,-0.12979253805567792,False,-7.436564642881469,0.008403163547647807,False,0.48146580583839943
1781,29.68035687314625,887,655,890.0,894.0,-0.12565033060984618,0.012551642069567633,-7.199233638367645,7.918389754912727,-0.12565033060984598,False,-7.199233638367634,0.012551642069567492,False,0.7191561165450674
1782,29.697021868583164,889,655,893.0,894.0,-0.12150378402520141,0.01673483927434091,-6.961654019513114,7.920489680762632,-0.12150378402520134,False,-6.9616540195131105,0.01673483927434205,False,0.9588356612495726
1783,29.71368686402008,891,655,896.0,894.0,-0.11735303428962171,0.020917450819302335,-6.723833577849355,7.922315227967844,-0.11735303428962185,False,-6.723833577849363,0.020917450819300853,False,1.1984816501184048
1784,29.730351859456995,893,656,899.0,894.0,-0.11296242686470927,0.025204745326941735,-6.47227030290307,7.916395833838908,-0.11296242686470936,False,-6.472270302903075,0.025204745326941946,False,1.4441255309358578
1785,29.747016854893907,895,656,904.0,894.0,-0.10881220481724505,0.03779711649456458,-6.234480095541226,8.400095348444097,-0.10881220481724485,False,-6.234480095541215,0.037797116494566296,False,2.1656152529029575
1786,29.763681850330823,898,656,907.0,894.0,-0.10257985241829468,0.03779711649456458,-5.877392606643136,8.043007859545988,-0.10257985241829459,False,-5.877392606643132,0.037797116494566296,False,2.1656152529029575
1787,29.78034684576774,900,656,911.0,894.0,-0.09842047340148082,0.04618561965887765,-5.639077743584428,8.285318824234567,-0.09842047340148063,False,-5.6390777435844175,0.04618561965887835,False,2.6462410806501744
1788,29.797011841204654,902,656,914.0,894.0,-0.09425767512363263,0.050377507181057816,-5.4005669712993996,8.286985515164014,-0.09425767512363281,False,-5.40056697129941,0.05037750718105727,False,2.8864185438645786
1789,29.81367683664157,904,656,918.0,894.0,-0.09009159781316277,0.058755822715722696,-5.161868324284264,8.528328987714064,-0.09009159781316267,False,-5.161868324284258,0.058755822715720996,False,3.366460663429704
1790,29.830341832078485,907,656,922.0,894.0,-0.0838366420684145,0.0629419593073733,-4.803485759069079,8.409794381665733,-0.08383664206841468,False,-4.80348575906909,0.06294195930737345,False,3.606308622596669
1791,29.8470068275154,909,656,926.0,895.0,-0.07966298504578714,0.07101011124067928,-4.5643528265373945,8.63293250338279,-0.07966298504578706,False,-4.56435282653739,0.07101011124067824,False,4.068579676845349
1792,29.863671822952316,911,656,929.0,894.0,-0.07548654493392346,0.07548654493392346,-4.32506043473846,8.650120869476922,-0.07548654493392348,False,-4.325060434738461,0.07548654493392348,False,4.325060434738461
1793,29.88033681838923,913,656,933.0,894.0,-0.07130746478529032,0.0838366420684145,-4.085616779974877,8.889102539043963,-0.07130746478529026,False,-4.085616779974873,0.08383664206841601,False,4.803485759069166
1794,29.897001813826147,915,656,937.0,894.0,-0.0671258882021007,0.09217503755646181,-3.846030090047376,9.127270718492504,-0.06712588820210064,False,-3.846030090047372,0.09217503755646206,False,5.281240628445133
1795,29.913666809263063,916,656,939.0,893.0,-0.06503420876644352,0.09674346233893974,-3.7261856862899134,9.26917777379398,-0.0650342087664435,False,-3.7261856862899125,0.09674346233893871,False,5.542992087504016
1796,29.93033180469998,918,656,941.0,894.0,-0.060849157916851034,0.09633949292208074,-3.4863999355606246,9.006246280426316,-0.06084915791685086,False,-3.4863999355606143,0.09633949292208044,False,5.519846344865676
1797,29.946996800136894,919,656,943.0,893.0,-0.058755822715722696,0.10092178466729385,-3.3664606634298013,9.148852985793846,-0.05875582271572277,False,-3.3664606634298058,0.10092178466729251,False,5.782392322363964
1798,29.96366179557381,920,656,945.0,893.0,-0.056661971852792786,0.10509657413192951,-3.2464918460540924,9.26808198509743,-0.05666197185279298,False,-3.2464918460541035,0.10509657413193096,False,6.021590139043428
1799,29.980326791010725,921,656,947.0,894.0,-0.05456762350389413,0.10881220481724505,-3.126494524832007,9.360974620373232,-0.054567623503894325,False,-3.126494524832018,0.1088122048172444,False,6.23448009554119
1800,29.99699178644764,922,656,948.0,893.0,-0.05247279587095416,0.1092676898773683,-3.006469742657166,9.267047209774717,-0.052472795870954325,False,-3.0064697426571754,0.10926768987736679,False,6.260577467117465
1801,30.013656781884553,922,656,948.0,893.0,-0.05247279587095416,0.1092676898773683,-3.006469742657166,9.267047209774717,-0.052472795870954325,False,-3.0064697426571754,0.10926768987736679,False,6.260577467117465
1802,30.03032177732147,923,656,948.0,893.0,-0.050377507181057816,0.10509657413192951,-2.88641854386461,8.908008682907955,-0.05037750718105771,False,-2.886418543864604,0.10509657413193096,False,6.021590139043428
1803,30.046986772758384,923,656,949.0,893.0,-0.050377507181057816,0.1092676898773683,-2.88641854386461,9.146996010982171,-0.05037750718105771,False,-2.886418543864604,0.10926768987736679,False,6.260577467117465
1804,30.0636517681953,922,656,948.0,893.0,-0.05247279587095416,0.1092676898773683,-3.006469742657166,9.267047209774717,-0.052472795870954325,False,-3.0064697426571754,0.10926768987736679,False,6.260577467117465
1805,30.080316763632215,922,656,947.0,893.0,-0.05247279587095416,0.10509657413192951,-3.006469742657166,9.028059881700502,-0.052472795870954325,False,-3.0064697426571754,0.10509657413193096,False,6.021590139043428
1806,30.09698175906913,921,656,946.0,893.0,-0.05456762350389413,0.10509657413192951,-3.126494524832007,9.148084663875343,-0.054567623503894325,False,-3.126494524832018,0.10509657413193096,False,6.021590139043428
1807,30.113646754506046,920,656,944.0,893.0,-0.056661971852792786,0.10092178466729385,-3.2464918460540924,9.028884168418143,-0.05666197185279298,False,-3.2464918460541035,0.10092178466729251,False,5.782392322363964
1808,30.130311749942962,919,656,941.0,893.0,-0.058755822715722696,0.09256174873423176,-3.3664606634298013,8.66985821025168,-0.05875582271572277,False,-3.3664606634298058,0.09256174873423006,False,5.303397546821772
1809,30.146976745379877,918,656,940.0,893.0,-0.060849157916851034,0.09256174873423176,-3.4863999355606246,8.78979748238249,-0.06084915791685086,False,-3.4863999355606143,0.09256174873423006,False,5.303397546821772
1810,30.163641740816793,916,656,936.0,894.0,-0.06503420876644352,0.0838366420684145,-3.7261856862899134,8.529671445359002,-0.0650342087664435,False,-3.7261856862899125,0.08383664206841601,False,4.803485759069166
1811,30.18030673625371,914,656,934.0,894.0,-0.06921697955219178,0.0838366420684145,-3.9658407989839075,8.769326558052995,-0.06921697955219175,False,-3.965840798983906,0.08383664206841601,False,4.803485759069166
1812,30.196971731690624,913,656,930.0,893.0,-0.07130746478529032,0.07160731485126633,-4.085616779974877,8.188413703216883,-0.07130746478529026,False,-4.085616779974873,0.07160731485126703,False,4.102796923242061
1813,30.21363672712754,911,656,927.0,893.0,-0.07548654493392346,0.0674082643902822,-4.32506043473846,8.187269488603619,-0.07548654493392348,False,-4.325060434738461,0.06740826439028069,False,3.8622090538650813
1814,30.230301722564455,909,656,925.0,894.0,-0.07966298504578714,0.0671258882021007,-4.5643528265373945,8.410382916584762,-0.07966298504578706,False,-4.56435282653739,0.0671258882020993,False,3.8460300900472957
1815,30.24696671800137,907,656,923.0,894.0,-0.0838366420684145,0.0671258882021007,-4.803485759069079,8.649515849116462,-0.08383664206841468,False,-4.80348575906909,0.0671258882020993,False,3.8460300900472957
1816,30.263631713438286,905,656,918.0,894.0,-0.08800737352774077,0.05456762350389413,-5.042451069170913,8.168945594002913,-0.0880073735277409,False,-5.042451069170921,0.05456762350389255,False,3.1264945248319163
1817,30.2802967088752,903,656,915.0,894.0,-0.09217503755646181,0.050377507181057816,-5.2812406284451185,8.167659172309737,-0.09217503755646161,False,-5.281240628445107,0.05037750718105727,False,2.8864185438645786
1818,30.296961704312114,901,655,913.0,894.0,-0.09654105635048646,0.05016707685413893,-5.531395078617528,8.405756852868128,-0.09654105635048627,False,-5.531395078617517,0.05016707685413735,False,2.874361774250509
1819,30.31362669974903,899,655,909.0,893.0,-0.10071075298929544,0.041992107221369514,-5.770301097871168,8.176271614516459,-0.10071075298929522,False,-5.7703010978711555,0.04199210722136826,False,2.405970516645228
1820,30.330291695185945,898,655,906.0,893.0,-0.10279429348966378,0.033600794415993215,-5.889679174986849,7.814862883309993,-0.10279429348966396,False,-5.88967917498686,0.0336007944159924,False,1.925183708323108
1821,30.34695669062286,896,655,903.0,893.0,-0.10695867123311481,0.029403288204005115,-6.128280443984807,7.812964761881099,-0.10695867123311498,False,-6.128280443984817,0.02940328820400495,False,1.684684317896282
1822,30.363621686059776,895,655,901.0,893.0,-0.10903947356737492,0.025204745326941735,-6.247501635738882,7.69162716667473,-0.10903947356737476,False,-6.247501635738872,0.025204745326941946,False,1.4441255309358578
1823,30.380286681496692,893,655,898.0,893.0,-0.11319821824609416,0.021005313472176913,-6.485780153901984,7.689295963207008,-0.11319821824609422,False,-6.485780153901986,0.021005313472176823,False,1.203515809305021
1824,30.396951676933607,892,655,896.0,893.0,-0.11527612597095205,0.016805140515041995,-6.604835496753972,7.567699122390185,-0.11527612597095205,False,-6.604835496753972,0.016805140515042893,False,0.9628636256362644
1825,30.413616672370523,891,655,894.0,893.0,-0.11735303428962171,0.012604374487651676,-6.723833577849355,7.44601103939417,-0.11735303428962185,False,-6.723833577849363,0.012604374487651171,False,0.7221774615447815
1826,30.43028166780744,889,655,892.0,893.0,-0.12150378402520141,0.012604374487651676,-6.961654019513114,7.683831481057918,-0.12150378402520134,False,-6.9616540195131105,0.012604374487651171,False,0.7221774615447815
1827,30.446946663244354,889,655,892.0,893.0,-0.12150378402520141,0.012604374487651676,-6.961654019513114,7.683831481057918,-0.12150378402520134,False,-6.9616540195131105,0.012604374487651171,False,0.7221774615447815
1828,30.46361165868127,889,654,891.0,893.0,-0.12175759779046096,0.008368005512292491,-6.976196477044811,7.455647875841386,-0.1217575977904608,False,-6.976196477044802,0.008368005512291887,False,0.4794513987965335
1829,30.480276654118185,888,654,891.0,893.0,-0.12383564896894092,0.012551642069567633,-7.095260039183899,7.814416155728968,-0.12383564896894095,False,-7.095260039183901,0.012551642069567492,False,0.7191561165450674
1830,30.4969416495551,888,654,891.0,893.0,-0.12383564896894092,0.012551642069567633,-7.095260039183899,7.814416155728968,-0.12383564896894095,False,-7.095260039183901,0.012551642069567492,False,0.7191561165450674
1831,30.513606644992016,888,654,890.0,893.0,-0.12383564896894092,0.008368005512292491,-7.095260039183899,7.57471143798046,-0.12383564896894095,False,-7.095260039183901,0.008368005512291887,False,0.4794513987965335
1832,30.530271640428932,888,654,891.0,893.0,-0.12383564896894092,0.012551642069567633,-7.095260039183899,7.814416155728968,-0.12383564896894095,False,-7.095260039183901,0.012551642069567492,False,0.7191561165450674
1833,30.546936635865844,888,654,892.0,893.0,-0.12383564896894092,0.01673483927434091,-7.095260039183899,8.054095700433397,-0.12383564896894095,False,-7.095260039183901,0.01673483927434205,False,0.9588356612495726
1834,30.56360163130276,889,655,893.0,893.0,-0.12150378402520141,0.016805140515041995,-6.961654019513114,7.924517645149324,-0.12150378402520134,False,-6.9616540195131105,0.016805140515042893,False,0.9628636256362644
1835,30.580266626739675,890,654,895.0,893.0,-0.11967848927744486,0.020917450819302335,-6.857072334099268,8.055553984217767,-0.11967848927744473,False,-6.857072334099261,0.020917450819300853,False,1.1984816501184048
1836,30.59693162217659,891,654,896.0,893.0,-0.1175983406109762,0.020917450819302335,-6.737888594750847,7.93637024486934,-0.1175983406109764,False,-6.737888594750859,0.020917450819300853,False,1.1984816501184048
1837,30.613596617613506,892,654,898.0,893.0,-0.11551716902533926,0.025099330520065605,-6.618646246451301,8.056731953854946,-0.11551716902533915,False,-6.618646246451295,0.025099330520067298,False,1.4380857074037539
1838,30.630261613050422,893,655,900.0,893.0,-0.11319821824609416,0.029403288204005115,-6.485780153901984,8.170464471798269,-0.11319821824609422,False,-6.485780153901986,0.02940328820400495,False,1.684684317896282
1839,30.646926608487338,895,655,902.0,893.0,-0.10903947356737492,0.029403288204005115,-6.247501635738882,7.932185953635179,-0.10903947356737476,False,-6.247501635738872,0.02940328820400495,False,1.684684317896282
1840,30.663591603924253,896,655,905.0,893.0,-0.10695867123311481,0.03779711649456458,-6.128280443984807,8.293895696887672,-0.10695867123311498,False,-6.128280443984817,0.037797116494566296,False,2.1656152529029575
1841,30.68025659936117,897,655,907.0,894.0,-0.10487693873023389,0.041816613207517075,-6.009005957494525,8.404921407816273,-0.10487693873023396,False,-6.009005957494529,0.04181661320751573,False,2.3959154503216675
1842,30.696921594798084,899,655,910.0,894.0,-0.10071075298929544,0.04599264736156945,-5.770301097871168,8.4054856803226,-0.10071075298929522,False,-5.7703010978711555,0.04599264736156883,False,2.635184582451395
1843,30.713586590235,900,655,912.0,893.0,-0.09862633475314046,0.050377507181057816,-5.650872730199384,8.537291274064,-0.09862633475314064,False,-5.650872730199395,0.05037750718105727,False,2.8864185438645786
1844,30.730251585671915,902,655,915.0,893.0,-0.09445493539504667,0.05456762350389413,-5.4118691523170295,8.538363677149041,-0.09445493539504657,False,-5.411869152317023,0.05456762350389255,False,3.1264945248319163
1845,30.74691658110883,904,655,917.0,894.0,-0.09028023649764902,0.05433975721276864,-5.172676524758225,8.286115272815437,-0.09028023649764894,False,-5.172676524758221,0.05433975721276951,False,3.1134387480572667
1846,30.763581576545747,905,655,920.0,893.0,-0.08819169399751381,0.0629419593073733,-5.053011854166777,8.659320476763446,-0.08819169399751381,False,-5.053011854166777,0.06294195930737345,False,3.606308622596669
1847,30.780246571982662,907,656,923.0,893.0,-0.0838366420684145,0.0674082643902822,-4.803485759069079,8.665694812934246,-0.08383664206841468,False,-4.80348575906909,0.06740826439028069,False,3.8622090538650813
1848,30.796911567419578,908,656,926.0,894.0,-0.08175017036177452,0.07548654493392346,-4.683939736205151,9.009000170943608,-0.08175017036177445,False,-4.683939736205146,0.07548654493392348,False,4.325060434738461
1849,30.81357656285649,909,656,927.0,893.0,-0.07966298504578714,0.07580383736113926,-4.5643528265373945,8.907592778226771,-0.07966298504578706,False,-4.56435282653739,0.07580383736113916,False,4.343239951689381
1850,30.830241558293405,911,656,930.0,893.0,-0.07548654493392346,0.07999768653239922,-4.32506043473846,8.908590243855471,-0.07548654493392348,False,-4.325060434738461,0.0799976865323977,False,4.583529809116934
1851,30.84690655373032,912,656,932.0,893.0,-0.07339732590161163,0.08418871753885106,-4.205357001708586,9.029015199303757,-0.07339732590161141,False,-4.205357001708574,0.08418871753885071,False,4.823658197595157
1852,30.863571549167236,912,656,933.0,893.0,-0.07339732590161163,0.0883767861448488,-4.205357001708586,9.268973854738672,-0.07339732590161141,False,-4.205357001708574,0.088376786144849,False,5.063616853030098
1853,30.880236544604152,914,656,935.0,893.0,-0.06921697955219178,0.0883767861448488,-3.9658407989839075,9.029457652014003,-0.06921697955219175,False,-3.965840798983906,0.088376786144849,False,5.063616853030098
1854,30.896901540041068,914,656,936.0,893.0,-0.06921697955219178,0.09256174873423176,-3.9658407989839075,9.26923834580578,-0.06921697955219175,False,-3.965840798983906,0.09256174873423006,False,5.303397546821772
1855,30.913566535477983,915,656,936.0,893.0,-0.0671258882021007,0.0883767861448488,-3.846030090047376,8.909646943077469,-0.06712588820210064,False,-3.846030090047372,0.088376786144849,False,5.063616853030098
1856,30.9302315309149,915,656,937.0,893.0,-0.0671258882021007,0.09256174873423176,-3.846030090047376,9.149427636869246,-0.06712588820210064,False,-3.846030090047372,0.09256174873423006,False,5.303397546821772
1857,30.946896526351814,916,656,937.0,893.0,-0.06503420876644352,0.0883767861448488,-3.7261856862899134,8.789802539320009,-0.0650342087664435,False,-3.7261856862899125,0.088376786144849,False,5.063616853030098
1858,30.96356152178873,915,656,937.0,893.0,-0.0671258882021007,0.09256174873423176,-3.846030090047376,9.149427636869246,-0.06712588820210064,False,-3.846030090047372,0.09256174873423006,False,5.303397546821772
1859,30.980226517225645,916,656,937.0,893.0,-0.06503420876644352,0.0883767861448488,-3.7261856862899134,8.789802539320009,-0.0650342087664435,False,-3.7261856862899125,0.088376786144849,False,5.063616853030098
1860,30.99689151266256,916,656,937.0,893.0,-0.06503420876644352,0.0883767861448488,-3.7261856862899134,8.789802539320009,-0.0650342087664435,False,-3.7261856862899125,0.088376786144849,False,5.063616853030098
1861,31.013556508099477,916,656,936.0,893.0,-0.06503420876644352,0.08418871753885106,-3.7261856862899134,8.549843883885094,-0.0650342087664435,False,-3.7261856862899125,0.08418871753885071,False,4.823658197595157
1862,31.030221503536392,915,656,936.0,893.0,-0.0671258882021007,0.0883767861448488,-3.846030090047376,8.909646943077469,-0.06712588820210064,False,-3.846030090047372,0.088376786144849,False,5.063616853030098
1863,31.046886498973308,915,655,934.0,893.0,-0.06726678040102403,0.07966298504578714,-3.8541026184120004,8.418455444949405,-0.06726678040102385,False,-3.8541026184119898,0.07966298504578617,False,4.5643528265373385
1864,31.063551494410223,914,655,933.0,893.0,-0.06936223306256382,0.07966298504578714,-3.9741632120876855,8.538516038625076,-0.06936223306256384,False,-3.9741632120876864,0.07966298504578617,False,4.5643528265373385
1865,31.080216489847135,913,656,931.0,893.0,-0.07130746478529032,0.07580383736113926,-4.085616779974877,8.428856731664254,-0.07130746478529026,False,-4.085616779974873,0.07580383736113916,False,4.343239951689381
1866,31.09688148528405,912,655,930.0,893.0,-0.07355129048853978,0.07548654493392346,-4.214178522734044,8.539238957472495,-0.07355129048853959,False,-4.214178522734033,0.07548654493392348,False,4.325060434738461
1867,31.113546480720967,911,655,928.0,893.0,-0.07564485906301649,0.07130746478529032,-4.33413116617278,8.41974794614767,-0.07564485906301632,False,-4.33413116617277,0.07130746478529204,False,4.085616779974975
1868,31.130211476157882,909,655,926.0,893.0,-0.07982998571223732,0.07130746478529032,-4.573921259900861,8.659538039875734,-0.07982998571223732,False,-4.573921259900861,0.07130746478529204,False,4.085616779974975
1869,31.146876471594798,909,655,924.0,893.0,-0.07982998571223732,0.0629419593073733,-4.573921259900861,8.18022988249753,-0.07982998571223732,False,-4.573921259900861,0.06294195930737345,False,3.606308622596669
1870,31.163541467031713,908,655,923.0,893.0,-0.08192150780260102,0.0629419593073733,-4.693756648437081,8.300065271033736,-0.08192150780260121,False,-4.693756648437092,0.06294195930737345,False,3.606308622596669
1871,31.18020646246863,906,655,921.0,893.0,-0.0861023798264986,0.0629419593073733,-4.933302970090731,8.5396115926874,-0.0861023798264986,False,-4.933302970090731,0.06294195930737345,False,3.606308622596669
1872,31.196871457905544,905,655,918.0,893.0,-0.08819169399751381,0.05456762350389413,-5.053011854166777,8.179506378998795,-0.08819169399751381,False,-5.053011854166777,0.05456762350389255,False,3.1264945248319163
1873,31.21353645334246,904,655,916.0,893.0,-0.09028023649764902,0.050377507181057816,-5.172676524758225,8.059095068622826,-0.09028023649764894,False,-5.172676524758221,0.05037750718105727,False,2.8864185438645786
1874,31.230201448779376,903,655,914.0,893.0,-0.0923679895441039,0.04618561965887765,-5.29229596298567,7.938537043635791,-0.09236798954410386,False,-5.292295962985668,0.04618561965887835,False,2.6462410806501744
1875,31.24686644421629,901,655,912.0,893.0,-0.09654105635048646,0.04618561965887765,-5.531395078617528,8.177636159267665,-0.09654105635048627,False,-5.531395078617517,0.04618561965887835,False,2.6462410806501744
1876,31.263531439653207,900,654,910.0,893.0,-0.09883305627870358,0.041816613207517075,-5.662717001148657,8.058632451470391,-0.09883305627870342,False,-5.662717001148648,0.04181661320751573,False,2.3959154503216675
1877,31.280196435090122,899,655,908.0,893.0,-0.10071075298929544,0.03779711649456458,-5.770301097871168,7.935916350774036,-0.10071075298929522,False,-5.7703010978711555,0.037797116494566296,False,2.1656152529029575
1878,31.296861430527038,898,655,907.0,893.0,-0.10279429348966378,0.03779711649456458,-5.889679174986849,8.055294427889715,-0.10279429348966396,False,-5.88967917498686,0.037797116494566296,False,2.1656152529029575
1879,31.313526425963953,898,654,905.0,893.0,-0.10300962982851805,0.02928033234577806,-5.9020170383789985,7.579656504532458,-0.10300962982851791,False,-5.9020170383789905,0.029280332345777538,False,1.6776394661534424
1880,31.33019142140087,896,655,904.0,893.0,-0.10695867123311481,0.033600794415993215,-6.128280443984807,8.053464152307976,-0.10695867123311498,False,-6.128280443984817,0.0336007944159924,False,1.925183708323108
1881,31.346856416837785,896,654,903.0,893.0,-0.1071825999936803,0.02928033234577806,-6.141110616876805,7.818750083030279,-0.1071825999936804,False,-6.141110616876811,0.029280332345777538,False,1.6776394661534424
1882,31.363521412274697,896,654,902.0,893.0,-0.1071825999936803,0.025099330520065605,-6.141110616876805,7.579196324280463,-0.1071825999936804,False,-6.141110616876811,0.025099330520067298,False,1.4380857074037539
1883,31.380186407711612,895,654,902.0,893.0,-0.1092676898773683,0.02928033234577806,-6.260577467117551,7.938216933271034,-0.10926768987736812,False,-6.260577467117542,0.029280332345777538,False,1.6776394661534424
1884,31.396851403148528,895,654,900.0,893.0,-0.1092676898773683,0.020917450819302335,-6.260577467117551,7.459059117236048,-0.10926768987736812,False,-6.260577467117542,0.020917450819300853,False,1.1984816501184048
1885,31.413516398585443,894,654,900.0,893.0,-0.11135182629487822,0.025099330520065605,-6.379989687770385,7.8180753951740405,-0.11135182629487828,False,-6.379989687770388,0.025099330520067298,False,1.4380857074037539
1886,31.43018139402236,894,655,901.0,893.0,-0.11111932834987484,0.029403288204005115,-6.366668536776227,8.051352854672507,-0.11111932834987481,False,-6.366668536776225,0.02940328820400495,False,1.684684317896282
1887,31.446846389459274,894,654,901.0,893.0,-0.11135182629487822,0.02928033234577806,-6.379989687770385,8.057629153923855,-0.11135182629487828,False,-6.379989687770388,0.029280332345777538,False,1.6776394661534424
1888,31.46351138489619,894,655,900.0,893.0,-0.11111932834987484,0.025204745326941735,-6.366668536776227,7.810794067712083,-0.11111932834987481,False,-6.366668536776225,0.025204745326941946,False,1.4441255309358578
1889,31.480176380333106,894,654,901.0,893.0,-0.11135182629487822,0.02928033234577806,-6.379989687770385,8.057629153923855,-0.11135182629487828,False,-6.379989687770388,0.029280332345777538,False,1.6776394661534424
1890,31.49684137577002,894,654,902.0,893.0,-0.11135182629487822,0.033460310449650164,-6.379989687770385,8.297124257732834,-0.11135182629487828,False,-6.379989687770388,0.03346031044965159,False,1.9171345699625217
1891,31.513506371206937,894,654,902.0,893.0,-0.11135182629487822,0.033460310449650164,-6.379989687770385,8.297124257732834,-0.11135182629487828,False,-6.379989687770388,0.03346031044965159,False,1.9171345699625217
1892,31.530171366643852,895,655,904.0,893.0,-0.10903947356737492,0.03779711649456458,-6.247501635738882,8.413116888641728,-0.10903947356737476,False,-6.247501635738872,0.037797116494566296,False,2.1656152529029575
1893,31.546836362080768,896,655,905.0,893.0,-0.10695867123311481,0.03779711649456458,-6.128280443984807,8.293895696887672,-0.10695867123311498,False,-6.128280443984817,0.037797116494566296,False,2.1656152529029575
1894,31.563501357517683,896,654,906.0,893.0,-0.1071825999936803,0.041816613207517075,-6.141110616876805,8.537026067198555,-0.1071825999936804,False,-6.141110616876811,0.04181661320751573,False,2.3959154503216675
1895,31.5801663529546,898,655,907.0,893.0,-0.10279429348966378,0.03779711649456458,-5.889679174986849,8.055294427889715,-0.10279429348966396,False,-5.88967917498686,0.037797116494566296,False,2.1656152529029575
1896,31.596831348391515,899,655,909.0,893.0,-0.10071075298929544,0.041992107221369514,-5.770301097871168,8.176271614516459,-0.10071075298929522,False,-5.7703010978711555,0.04199210722136826,False,2.405970516645228
1897,31.61349634382843,899,655,910.0,893.0,-0.10071075298929544,0.04618561965887765,-5.770301097871168,8.416542178521304,-0.10071075298929522,False,-5.7703010978711555,0.04618561965887835,False,2.6462410806501744
1898,31.630161339265342,900,655,912.0,893.0,-0.09862633475314046,0.050377507181057816,-5.650872730199384,8.537291274064,-0.09862633475314064,False,-5.650872730199395,0.05037750718105727,False,2.8864185438645786
1899,31.646826334702258,901,655,913.0,893.0,-0.09654105635048646,0.050377507181057816,-5.531395078617528,8.417813622482146,-0.09654105635048627,False,-5.531395078617517,0.05037750718105727,False,2.8864185438645786
1900,31.663491330139173,902,655,915.0,893.0,-0.09445493539504667,0.05456762350389413,-5.4118691523170295,8.538363677149041,-0.09445493539504657,False,-5.411869152317023,0.05456762350389255,False,3.1264945248319163
1901,31.68015632557609,903,655,916.0,893.0,-0.0923679895441039,0.05456762350389413,-5.29229596298567,8.418790487817686,-0.09236798954410386,False,-5.292295962985668,0.05456762350389255,False,3.1264945248319163
1902,31.696821321013005,903,655,918.0,893.0,-0.0923679895441039,0.0629419593073733,-5.29229596298567,8.898604585582337,-0.09236798954410386,False,-5.292295962985668,0.06294195930737345,False,3.606308622596669
1903,31.71348631644992,904,655,919.0,893.0,-0.09028023649764902,0.0629419593073733,-5.172676524758225,8.77898514735489,-0.09028023649764894,False,-5.172676524758221,0.06294195930737345,False,3.606308622596669
1904,31.730151311886836,905,655,920.0,893.0,-0.08819169399751381,0.0629419593073733,-5.053011854166777,8.659320476763446,-0.08819169399751381,False,-5.053011854166777,0.06294195930737345,False,3.606308622596669
1905,31.74681630732375,906,655,922.0,893.0,-0.0861023798264986,0.0671258882021007,-4.933302970090731,8.779333060138104,-0.0861023798264986,False,-4.933302970090731,0.0671258882020993,False,3.8460300900472957
1906,31.763481302760667,906,655,922.0,893.0,-0.0861023798264986,0.0671258882021007,-4.933302970090731,8.779333060138104,-0.0861023798264986,False,-4.933302970090731,0.0671258882020993,False,3.8460300900472957
1907,31.780146298197582,907,655,924.0,893.0,-0.08401231180749458,0.07130746478529032,-4.813550893706532,8.899167673681399,-0.08401231180749447,False,-4.813550893706526,0.07130746478529204,False,4.085616779974975
1908,31.796811293634498,908,655,925.0,893.0,-0.08192150780260102,0.07130746478529032,-4.693756648437081,8.779373428411965,-0.08192150780260121,False,-4.693756648437092,0.07130746478529204,False,4.085616779974975
1909,31.813476289071414,908,655,924.0,893.0,-0.08192150780260102,0.0671258882021007,-4.693756648437081,8.539786738484464,-0.08192150780260121,False,-4.693756648437092,0.0671258882020993,False,3.8460300900472957
1910,31.83014128450833,909,655,925.0,893.0,-0.07982998571223732,0.0671258882021007,-4.573921259900861,8.419951349948233,-0.07982998571223732,False,-4.573921259900861,0.0671258882020993,False,3.8460300900472957
1911,31.846806279945245,909,655,927.0,893.0,-0.07982998571223732,0.07548654493392346,-4.573921259900861,8.898981694639323,-0.07982998571223732,False,-4.573921259900861,0.07548654493392348,False,4.325060434738461
1912,31.86347127538216,909,655,926.0,893.0,-0.07982998571223732,0.07130746478529032,-4.573921259900861,8.659538039875734,-0.07982998571223732,False,-4.573921259900861,0.07130746478529204,False,4.085616779974975
1913,31.880136270819076,909,655,927.0,892.0,-0.07982998571223732,0.07580383736113926,-4.573921259900861,8.917161211590242,-0.07982998571223732,False,-4.573921259900861,0.07580383736113916,False,4.343239951689381
1914,31.896801266255988,909,655,927.0,893.0,-0.07982998571223732,0.07548654493392346,-4.573921259900861,8.898981694639323,-0.07982998571223732,False,-4.573921259900861,0.07548654493392348,False,4.325060434738461
1915,31.913466261692903,910,655,926.0,892.0,-0.0777377634742503,0.0674082643902822,-4.454045755860789,8.316254809725955,-0.07773776347425043,False,-4.454045755860797,0.06740826439028069,False,3.8622090538650813
1916,31.93013125712982,909,655,927.0,893.0,-0.07982998571223732,0.07548654493392346,-4.573921259900861,8.898981694639323,-0.07982998571223732,False,-4.573921259900861,0.07548654493392348,False,4.325060434738461
1917,31.946796252566735,909,655,927.0,892.0,-0.07982998571223732,0.07580383736113926,-4.573921259900861,8.917161211590242,-0.07982998571223732,False,-4.573921259900861,0.07580383736113916,False,4.343239951689381
1918,31.96346124800365,909,655,926.0,893.0,-0.07982998571223732,0.07130746478529032,-4.573921259900861,8.659538039875734,-0.07982998571223732,False,-4.573921259900861,0.07130746478529204,False,4.085616779974975
1919,31.980126243440566,909,655,926.0,893.0,-0.07982998571223732,0.07130746478529032,-4.573921259900861,8.659538039875734,-0.07982998571223732,False,-4.573921259900861,0.07130746478529204,False,4.085616779974975
1920,31.99679123887748,909,655,925.0,893.0,-0.07982998571223732,0.0671258882021007,-4.573921259900861,8.419951349948233,-0.07982998571223732,False,-4.573921259900861,0.0671258882020993,False,3.8460300900472957
1921,32.0134562343144,908,654,924.0,893.0,-0.08209356333513565,0.06684586440739673,-4.703614704293192,8.533600612740795,-0.08209356333513584,False,-4.703614704293202,0.06684586440739793,False,3.829985908447669
1922,32.03012122975131,907,655,923.0,893.0,-0.08401231180749458,0.0671258882021007,-4.813550893706532,8.659580983753898,-0.08401231180749447,False,-4.813550893706526,0.0671258882020993,False,3.8460300900472957
1923,32.04678622518823,907,654,922.0,893.0,-0.08418871753885106,0.06267929449123805,-4.823658197595177,8.414917234800697,-0.08418871753885115,False,-4.823658197595182,0.06267929449123955,False,3.5912590372056163
1924,32.06345122062514,907,654,920.0,893.0,-0.08418871753885106,0.05433975721276864,-4.823658197595177,7.9370969456523985,-0.08418871753885115,False,-4.823658197595182,0.05433975721276951,False,3.1134387480572667
1925,32.08011621606206,905,655,920.0,893.0,-0.08819169399751381,0.0629419593073733,-5.053011854166777,8.659320476763446,-0.08819169399751381,False,-5.053011854166777,0.06294195930737345,False,3.606308622596669
1926,32.09678121149897,905,654,919.0,893.0,-0.0883767861448488,0.05851054432966771,-5.063616853030085,8.416024100133162,-0.088376786144849,False,-5.063616853030098,0.058510544329667624,False,3.3524072471030655
1927,32.11344620693589,905,654,917.0,892.0,-0.0883767861448488,0.050377507181057816,-5.063616853030085,7.950035396894702,-0.088376786144849,False,-5.063616853030098,0.05037750718105727,False,2.8864185438645786
1928,32.1301112023728,904,654,916.0,893.0,-0.09046966464264383,0.05016707685413893,-5.183529957987421,8.057891732238025,-0.09046966464264372,False,-5.183529957987414,0.05016707685413735,False,2.874361774250509
1929,32.14677619780972,903,654,915.0,893.0,-0.09256174873423176,0.05016707685413893,-5.30339754682187,8.17775932107246,-0.09256174873423184,False,-5.303397546821874,0.05016707685413735,False,2.874361774250509
1930,32.16344119324663,903,654,914.0,893.0,-0.09256174873423176,0.04599264736156945,-5.30339754682187,7.9385821292732945,-0.09256174873423184,False,-5.303397546821874,0.04599264736156883,False,2.635184582451395
1931,32.18010618868355,902,654,914.0,893.0,-0.09465302056908181,0.05016707685413893,-5.423218596773357,8.297580371023958,-0.09465302056908165,False,-5.423218596773348,0.05016707685413735,False,2.874361774250509
1932,32.196771184120465,902,654,914.0,892.0,-0.09465302056908181,0.050377507181057816,-5.423218596773357,8.309637140637978,-0.09465302056908165,False,-5.423218596773348,0.05037750718105727,False,2.8864185438645786
1933,32.213436179557384,902,654,912.0,892.0,-0.09465302056908181,0.041992107221369514,-5.423218596773357,7.829189113418652,-0.09465302056908165,False,-5.423218596773348,0.04199210722136826,False,2.405970516645228
1934,32.230101174994296,900,654,912.0,892.0,-0.09883305627870358,0.050377507181057816,-5.662717001148657,8.549135545013277,-0.09883305627870342,False,-5.662717001148648,0.05037750718105727,False,2.8864185438645786
1935,32.246766170431215,900,654,911.0,892.0,-0.09883305627870358,0.04618561965887765,-5.662717001148657,8.308958081798798,-0.09883305627870342,False,-5.662717001148648,0.04618561965887835,False,2.6462410806501744
1936,32.26343116586813,900,654,910.0,892.0,-0.09883305627870358,0.041992107221369514,-5.662717001148657,8.068687517793952,-0.09883305627870342,False,-5.662717001148648,0.04199210722136826,False,2.405970516645228
1937,32.280096161305046,899,654,911.0,892.0,-0.10092178466729385,0.050377507181057816,-5.78239232236404,8.668810866228645,-0.10092178466729385,False,-5.78239232236404,0.05037750718105727,False,2.8864185438645786
1938,32.29676115674196,899,654,910.0,893.0,-0.10092178466729385,0.04599264736156945,-5.78239232236404,8.41757690481546,-0.10092178466729385,False,-5.78239232236404,0.04599264736156883,False,2.635184582451395
1939,32.31342615217887,899,654,910.0,892.0,-0.10092178466729385,0.04618561965887765,-5.78239232236404,8.428633403014164,-0.10092178466729385,False,-5.78239232236404,0.04618561965887835,False,2.6462410806501744
1940,32.33009114761579,899,654,910.0,892.0,-0.10092178466729385,0.04618561965887765,-5.78239232236404,8.428633403014164,-0.10092178466729385,False,-5.78239232236404,0.04618561965887835,False,2.6462410806501744
1941,32.3467561430527,899,654,910.0,892.0,-0.10092178466729385,0.04618561965887765,-5.78239232236404,8.428633403014164,-0.10092178466729385,False,-5.78239232236404,0.04618561965887835,False,2.6462410806501744
1942,32.36342113848962,899,654,910.0,892.0,-0.10092178466729385,0.04618561965887765,-5.78239232236404,8.428633403014164,-0.10092178466729385,False,-5.78239232236404,0.04618561965887835,False,2.6462410806501744
1943,32.38008613392653,899,654,910.0,892.0,-0.10092178466729385,0.04618561965887765,-5.78239232236404,8.428633403014164,-0.10092178466729385,False,-5.78239232236404,0.04618561965887835,False,2.6462410806501744
1944,32.39675112936345,899,654,910.0,893.0,-0.10092178466729385,0.04599264736156945,-5.78239232236404,8.41757690481546,-0.10092178466729385,False,-5.78239232236404,0.04599264736156883,False,2.635184582451395
1945,32.413416124800364,899,654,910.0,892.0,-0.10092178466729385,0.04618561965887765,-5.78239232236404,8.428633403014164,-0.10092178466729385,False,-5.78239232236404,0.04618561965887835,False,2.6462410806501744
1946,32.43008112023728,899,654,910.0,893.0,-0.10092178466729385,0.04599264736156945,-5.78239232236404,8.41757690481546,-0.10092178466729385,False,-5.78239232236404,0.04599264736156883,False,2.635184582451395
1947,32.446746115674195,899,654,911.0,893.0,-0.10092178466729385,0.05016707685413893,-5.78239232236404,8.656754096614652,-0.10092178466729385,False,-5.78239232236404,0.05016707685413735,False,2.874361774250509
