frame,time_s,Gx,Gy,Bx,By,theta1_rad,theta2_rel_rad,theta1_deg,theta2_rel_deg,theta1_rad_filled,theta1_interpolated,theta1_deg_filled,theta2_rel_rad_filled,theta2_rel_interpolated,theta2_rel_deg_filled
0,0.0,1262,201,1245.0,447.0,1.5042281630190728,-0.06899599822871096,86.18592516570965,-90.13910466750688,1.5042281630190732,False,86.18592516570968,-0.06899599822871094,False,-3.9531795017972406
1,0.016665001085069447,1261,201,1245.0,448.0,1.5040167912192193,-0.064686951267782,86.17381445366996,-89.88010375088228,1.504016791219219,False,86.17381445366995,-0.0646869512677819,False,-3.706289297212333
2,0.033330002170138893,1262,202,1244.0,449.0,1.5010682830789506,-0.07274589877594403,86.0048773813726,-90.17291035812008,1.5010682830789506,False,86.0048773813726,-0.07274589877594417,False,-4.168032976747503
3,0.04999500325520834,1263,203,1245.0,449.0,1.49813963863223,-0.07304056530311932,85.83707841488108,-90.02199453999951,1.4981396386322299,False,85.83707841488108,-0.0730405653031192,False,-4.184916125118408
4,0.06666000434027779,1263,203,1245.0,449.0,1.49813963863223,-0.07304056530311932,85.83707841488108,-90.02199453999951,1.4981396386322299,False,85.83707841488108,-0.0730405653031192,False,-4.184916125118408
5,0.08332500542534722,1263,203,1244.0,450.0,1.49813963863223,-0.07677189126977804,85.83707841488108,-90.23578376987662,1.4981396386322299,False,85.83707841488108,-0.0767718912697779,False,-4.398705354995524
6,0.09999000651041667,1263,203,1245.0,450.0,1.49813963863223,-0.07274589877594403,85.83707841488108,-90.00511139162857,1.4981396386322299,False,85.83707841488108,-0.07274589877594417,False,-4.168032976747503
7,0.11665500759548611,1263,204,1244.0,450.0,1.4949924894337574,-0.07708273987648959,85.65676004831062,-90.07327571653823,1.4949924894337574,False,85.65676004831062,-0.07708273987648973,False,-4.416515668227634
8,0.13332000868055557,1263,205,1244.0,451.0,1.4918468439997663,-0.07708273987648959,85.47652784109833,-89.89304350932595,1.4918468439997667,False,85.47652784109836,-0.07708273987648973,False,-4.416515668227634
9,0.149985009765625,1263,204,1244.0,451.0,1.4949924894337574,-0.07677189126977804,85.65676004831062,-90.05546540330616,1.4949924894337574,False,85.65676004831062,-0.0767718912697779,False,-4.398705354995524
10,0.16665001085069445,1263,205,1244.0,451.0,1.4918468439997663,-0.07708273987648959,85.47652784109833,-89.89304350932595,1.4918468439997667,False,85.47652784109836,-0.07708273987648973,False,-4.416515668227634
11,0.18331501193576388,1263,205,1244.0,451.0,1.4918468439997663,-0.07708273987648959,85.47652784109833,-89.89304350932595,1.4918468439997667,False,85.47652784109836,-0.07708273987648973,False,-4.416515668227634
12,0.19998001302083335,1263,205,1244.0,451.0,1.4918468439997663,-0.07708273987648959,85.47652784109833,-89.89304350932595,1.4918468439997667,False,85.47652784109836,-0.07708273987648973,False,-4.416515668227634
13,0.21664501410590278,1263,205,1244.0,451.0,1.4918468439997663,-0.07708273987648959,85.47652784109833,-89.89304350932595,1.4918468439997667,False,85.47652784109836,-0.07708273987648973,False,-4.416515668227634
14,0.23331001519097222,1263,205,1244.0,451.0,1.4918468439997663,-0.07708273987648959,85.47652784109833,-89.89304350932595,1.4918468439997667,False,85.47652784109836,-0.07708273987648973,False,-4.416515668227634
15,0.24997501627604168,1263,205,1245.0,451.0,1.4918468439997663,-0.07304056530311932,85.47652784109833,-89.66144396621675,1.4918468439997667,False,85.47652784109836,-0.0730405653031192,False,-4.184916125118408
16,0.26664001736111115,1263,205,1243.0,451.0,1.4918468439997663,-0.08112239210090098,85.47652784109833,-90.12449853248536,1.4918468439997667,False,85.47652784109836,-0.08112239210090078,False,-4.647970691387022
17,0.28330501844618056,1263,205,1243.0,451.0,1.4918468439997663,-0.08112239210090098,85.47652784109833,-90.12449853248536,1.4918468439997667,False,85.47652784109836,-0.08112239210090078,False,-4.647970691387022
18,0.29997001953125,1264,205,1245.0,451.0,1.4920948672493408,-0.07708273987648959,85.49073852652008,-89.9072541947477,1.4920948672493406,False,85.49073852652006,-0.07708273987648973,False,-4.416515668227634
19,0.31663502061631943,1263,204,1244.0,450.0,1.4949924894337574,-0.07708273987648959,85.65676004831062,-90.07327571653823,1.4949924894337574,False,85.65676004831062,-0.07708273987648973,False,-4.416515668227634
20,0.3333000217013889,1263,205,1244.0,451.0,1.4918468439997663,-0.07708273987648959,85.47652784109833,-89.89304350932595,1.4918468439997667,False,85.47652784109836,-0.07708273987648973,False,-4.416515668227634
21,0.34996502278645836,1263,204,1245.0,450.0,1.4949924894337574,-0.07304056530311932,85.65676004831062,-89.84167617342904,1.4949924894337574,False,85.65676004831062,-0.0730405653031192,False,-4.184916125118408
22,0.36663002387152777,1263,204,1244.0,450.0,1.4949924894337574,-0.07708273987648959,85.65676004831062,-90.07327571653823,1.4949924894337574,False,85.65676004831062,-0.07708273987648973,False,-4.416515668227634
23,0.38329502495659723,1263,204,1244.0,450.0,1.4949924894337574,-0.07708273987648959,85.65676004831062,-90.07327571653823,1.4949924894337574,False,85.65676004831062,-0.07708273987648973,False,-4.416515668227634
24,0.3999600260416667,1263,204,1245.0,450.0,1.4949924894337574,-0.07304056530311932,85.65676004831062,-89.84167617342904,1.4949924894337574,False,85.65676004831062,-0.0730405653031192,False,-4.184916125118408
25,0.4166250271267361,1263,203,1244.0,449.0,1.49813963863223,-0.07708273987648959,85.83707841488108,-90.25359408310871,1.4981396386322299,False,85.83707841488108,-0.07708273987648973,False,-4.416515668227634
26,0.43329002821180557,1263,203,1245.0,449.0,1.49813963863223,-0.07304056530311932,85.83707841488108,-90.02199453999951,1.4981396386322299,False,85.83707841488108,-0.0730405653031192,False,-4.184916125118408
27,0.44995502929687503,1262,202,1246.0,448.0,1.5010682830789506,-0.06494916896802275,86.0048773813726,-89.72619064612236,1.5010682830789506,False,86.0048773813726,-0.06494916896802261,False,-3.7213132647497518
28,0.46662003038194444,1262,202,1245.0,448.0,1.5010682830789506,-0.06899599822871096,86.0048773813726,-89.95805688316983,1.5010682830789506,False,86.0048773813726,-0.06899599822871094,False,-3.9531795017972406
29,0.4832850314670139,1262,201,1246.0,447.0,1.5042281630190728,-0.06494916896802275,86.18592516570965,-89.90723843045942,1.5042281630190732,False,86.18592516570968,-0.06494916896802261,False,-3.7213132647497518
30,0.49995003255208337,1262,200,1246.0,447.0,1.5073893748280647,-0.064686951267782,86.3670492605118,-90.07333855772413,1.5073893748280645,False,86.36704926051179,-0.0646869512677819,False,-3.706289297212333
31,0.5166150336371528,1261,200,1246.0,446.0,1.507187985242629,-0.06090020827798799,86.35551048722846,-89.84483539302484,1.5071879852426289,False,86.35551048722844,-0.06090020827798792,False,-3.4893249057963867
32,0.5332800347222223,1261,199,1246.0,446.0,1.510360460858647,-0.060654254227165146,86.53727995063444,-90.01251272736454,1.5103604608586467,False,86.53727995063443,-0.06065425422716508,False,-3.475232776730092
33,0.5499450358072917,1261,199,1247.0,445.0,1.510360460858647,-0.05684924733283777,86.53727995063444,-89.7945018913014,1.5103604608586467,False,86.53727995063443,-0.056849247332837916,False,-3.2572219406669647
34,0.5666100368923611,1260,198,1247.0,444.0,1.5133516102767766,-0.05279641769902074,86.70866018818627,-89.73367209574997,1.5133516102767768,False,86.70866018818629,-0.05279641769902055,False,-3.0250119075636785
35,0.5832750379774306,1261,198,1247.0,444.0,1.513534154947487,-0.05684924733283777,86.71911922739059,-89.97634116805754,1.5135341549474868,False,86.71911922739058,-0.056849247332837916,False,-3.2572219406669647
36,0.5999400390625,1261,197,1247.0,443.0,1.5167090042426887,-0.05684924733283777,86.90102469259574,-90.15824663326269,1.5167090042426885,False,86.90102469259573,-0.056849247332837916,False,-3.2572219406669647
37,0.6166050401475694,1260,197,1247.0,443.0,1.516536539726437,-0.05279641769902074,86.89114320369875,-89.91615511126244,1.5165365397264372,False,86.89114320369876,-0.05279641769902055,False,-3.0250119075636785
38,0.6332700412326389,1261,197,1247.0,443.0,1.5167090042426887,-0.05684924733283777,86.90102469259574,-90.15824663326269,1.5167090042426885,False,86.90102469259573,-0.056849247332837916,False,-3.2572219406669647
39,0.6499350423177084,1260,196,1248.0,442.0,1.5197225714334908,-0.04874185130993159,87.07368937390778,-89.86639173962106,1.5197225714334905,False,87.07368937390777,-0.04874185130993158,False,-2.7927023657132826
40,0.6666000434027778,1260,196,1247.0,442.0,1.5197225714334908,-0.05279641769902074,87.07368937390778,-90.09870128147148,1.5197225714334905,False,87.07368937390777,-0.05279641769902055,False,-3.0250119075636785
41,0.6832650444878472,1260,195,1247.0,442.0,1.522909641256444,-0.05258306161094172,87.25629502377652,-90.26908252795985,1.5229096412564438,False,87.2562950237765,-0.052583061610941506,False,-3.012787504183328
42,0.6999300455729167,1260,195,1247.0,441.0,1.522909641256444,-0.05279641769902074,87.25629502377652,-90.28130693134021,1.5229096412564438,False,87.2562950237765,-0.05279641769902055,False,-3.0250119075636785
43,0.7165950466579861,1260,194,1248.0,440.0,1.5260976849276433,-0.04874185130993159,87.43895647103963,-90.23165883675291,1.5260976849276435,False,87.43895647103965,-0.04874185130993158,False,-2.7927023657132826
44,0.7332600477430555,1259,194,1248.0,440.0,1.5259546117160128,-0.04468568044046011,87.43075897985182,-89.99105987376046,1.5259546117160125,False,87.4307589798518,-0.044685680440460285,False,-2.5603008939086678
45,0.749925048828125,1260,193,1249.0,439.0,1.5292866380609744,-0.04468568044046011,87.62167002664452,-90.18197092055317,1.5292866380609746,False,87.62167002664454,-0.044685680440460285,False,-2.5603008939086678
46,0.7665900499131945,1259,193,1248.0,439.0,1.5291537476963082,-0.04468568044046011,87.61405596961119,-90.17435686351985,1.5291537476963084,False,87.6140559696112,-0.044685680440460285,False,-2.5603008939086678
47,0.7832550509982639,1259,193,1248.0,439.0,1.5291537476963082,-0.04468568044046011,87.61405596961119,-90.17435686351985,1.5291537476963084,False,87.6140559696112,-0.044685680440460285,False,-2.5603008939086678
48,0.7999200520833334,1259,192,1249.0,439.0,1.5323537367737086,-0.0404637315476606,87.7974018382342,-90.1158028792655,1.5323537367737083,False,87.79740183823418,-0.040463731547660586,False,-2.3184010410313145
49,0.8165850531684028,1259,192,1248.0,439.0,1.5323537367737086,-0.04450500603413473,87.7974018382342,-90.34735085119438,1.5323537367737083,False,87.79740183823418,-0.04450500603413454,False,-2.549949012960171
50,0.8332500542534722,1259,193,1249.0,439.0,1.5291537476963082,-0.04062803768137312,87.61405596961119,-89.94187105865234,1.5291537476963084,False,87.6140559696112,-0.04062803768137302,False,-2.327815089041149
51,0.8499150553385417,1259,193,1249.0,439.0,1.5291537476963082,-0.04062803768137312,87.61405596961119,-89.94187105865234,1.5291537476963084,False,87.6140559696112,-0.04062803768137302,False,-2.327815089041149
52,0.8665800564236111,1259,193,1248.0,440.0,1.5291537476963082,-0.04450500603413473,87.61405596961119,-90.16400498257137,1.5291537476963084,False,87.6140559696112,-0.04450500603413454,False,-2.549949012960171
53,0.8832450575086805,1260,194,1248.0,440.0,1.5260976849276433,-0.04874185130993159,87.43895647103963,-90.23165883675291,1.5260976849276435,False,87.43895647103965,-0.04874185130993158,False,-2.7927023657132826
54,0.8999100585937501,1260,194,1248.0,441.0,1.5260976849276433,-0.04854482638882817,87.43895647103963,-90.22037014031478,1.5260976849276435,False,87.43895647103965,-0.04854482638882818,False,-2.7814136692751594
55,0.9165750596788195,1260,195,1247.0,441.0,1.522909641256444,-0.05279641769902074,87.25629502377652,-90.28130693134021,1.5229096412564438,False,87.2562950237765,-0.05279641769902055,False,-3.0250119075636785
56,0.9332400607638889,1260,195,1247.0,441.0,1.522909641256444,-0.05279641769902074,87.25629502377652,-90.28130693134021,1.5229096412564438,False,87.2562950237765,-0.05279641769902055,False,-3.0250119075636785
57,0.9499050618489584,1260,195,1248.0,441.0,1.522909641256444,-0.04874185130993159,87.25629502377652,-90.0489973894898,1.5229096412564438,False,87.2562950237765,-0.04874185130993158,False,-2.7927023657132826
58,0.9665700629340278,1260,194,1247.0,440.0,1.5260976849276433,-0.05279641769902074,87.43895647103963,-90.46396837860331,1.5260976849276435,False,87.43895647103965,-0.05279641769902055,False,-3.0250119075636785
59,0.9832350640190972,1259,193,1248.0,439.0,1.5291537476963082,-0.04468568044046011,87.61405596961119,-90.17435686351985,1.5291537476963084,False,87.6140559696112,-0.044685680440460285,False,-2.5603008939086678
60,0.9999000651041667,1260,193,1249.0,440.0,1.5292866380609744,-0.04450500603413473,87.62167002664452,-90.1716190396047,1.5292866380609746,False,87.62167002664454,-0.04450500603413454,False,-2.549949012960171
61,1.0165650661892363,1261,198,1247.0,446.0,1.513534154947487,-0.05639176092595928,86.71911922739059,-89.9501291277588,1.5135341549474868,False,86.71911922739058,-0.05639176092595921,False,-3.23100990036821
62,1.0332300672743056,1265,208,1246.0,456.0,1.4829725068627448,-0.07646353481948343,84.96806577717079,-89.3491036089788,1.4829725068627448,False,84.96806577717079,-0.07646353481948331,False,-4.381037831808009
63,1.049895068359375,1269,224,1244.0,472.0,1.4349914509539652,-0.10046705551512812,82.21895377701648,-87.97529203813986,1.434991450953965,False,82.21895377701647,-0.10046705551512813,False,-5.756338261123383
64,1.0665600694444446,1273,245,1240.0,493.0,1.3739907373780413,-0.13228740129383595,78.72387034182965,-86.30338011871993,1.3739907373780413,False,78.72387034182965,-0.13228740129383576,False,-7.579509776890255
65,1.083225070529514,1277,272,1237.0,519.0,1.2989119767311341,-0.16054949827913623,74.42217422568898,-83.62098288002636,1.2989119767311337,False,74.42217422568895,-0.16054949827913623,False,-9.198808654337379
66,1.0998900716145834,1279,305,1233.0,551.0,1.210705960820639,-0.1848570320184407,69.36834178635381,-79.9598695343252,1.210705960820639,False,69.36834178635381,-0.18485703201844084,False,-10.591527747971385
67,1.116555072699653,1277,343,1230.0,589.0,1.112008946839269,-0.188781833972315,63.71341943467765,-74.52982177003072,1.1120089468392695,False,63.71341943467767,-0.18878183397231485,False,-10.816402335353066
68,1.1332200737847222,1271,386,1227.0,633.0,1.0044666298254432,-0.17628845250735992,57.55169855072747,-67.65228285629166,1.0044666298254432,False,57.55169855072747,-0.17628845250736003,False,-10.100584305564185
69,1.1498850748697917,1256,434,1226.0,682.0,0.8827801004372999,-0.12038282080055934,50.579573993192206,-57.47700155094394,0.8827801004372997,False,50.57957399319219,-0.12038282080055929,False,-6.897427557751746
70,1.1665500759548613,1232,485,1227.0,733.0,0.7515128334933308,-0.020158559284127634,43.05851360908563,-44.21351397713041,0.7515128334933308,False,43.05851360908563,-0.020158559284127797,False,-1.155000368044785
71,1.1832150770399306,1196,537,1230.0,780.0,0.6090320077937764,0.13901521820165255,34.894963634962046,-26.92997834391714,0.6090320077937763,False,34.89496363496204,0.1390152182016524,False,7.964985291044905
72,1.199880078125,1144,588,1230.0,811.0,0.44982815316568786,0.36807500509724905,25.773254682558274,-4.684110346229642,0.4498281531656878,False,25.77325468255827,0.368075005097249,False,21.08914433632863
73,1.2165450792100696,1078,629,1219.0,817.0,0.28387963046015047,0.6435011087932844,16.26510471510007,20.604792930743944,0.2838796304601505,False,16.265104715100072,0.6435011087932843,False,36.86989764584401
74,1.233210080295139,1005,656,1186.0,802.0,0.12125102106994563,0.8920258563471872,6.947171768959704,44.16214501627717,0.12125102106994579,False,6.947171768959713,0.8920258563471872,False,51.109316785236885
75,1.2498750813802084,931,665,1135.0,784.0,-0.03297773075373703,1.042721878368537,-1.8894847901079108,61.63304762657868,-0.03297773075373689,False,-1.8894847901079028,1.0427218783685372,False,59.74356283647075
76,1.2665400824652777,861,659,1073.0,769.0,-0.17764802643398853,1.0921685650267206,-10.178482153496027,72.75513144638654,-0.17764802643398836,False,-10.178482153496017,1.0921685650267206,False,62.576649292890494
77,1.2832050835503472,796,642,1004.0,762.0,-0.3158950585350485,1.047518004662921,-18.099453623096373,78.11781425424701,-0.3158950585350486,False,-18.09945362309638,1.0475180046629209,False,60.01836063115066
78,1.2998700846354168,739,614,928.0,761.0,-0.446920544687979,0.9097531579442097,-25.6066609883091,77.7316773372109,-0.44692054468797915,False,-25.60666098830911,0.90975315794421,False,52.12501634890181
79,1.316535085720486,691,579,843.0,765.0,-0.5704502810803463,0.6851436878918729,-32.68439352795536,71.9402352041882,-0.5704502810803462,False,-32.68439352795536,0.6851436878918729,False,39.25584167623284
80,1.3332000868055556,655,543,748.0,764.0,-0.6774227996893138,0.39832013937745453,-38.81346736813386,61.63553024952471,-0.6774227996893138,False,-38.81346736813386,0.3983201393774545,False,22.822062881390853
81,1.349865087890625,628,510,642.0,750.0,-0.7684506335910434,0.0582673029695334,-44.028978068920836,47.3674486126852,-0.7684506335910433,False,-44.02897806892083,0.05826730296953331,False,3.3384705437643474
82,1.3665300889756944,612,483,534.0,712.0,-0.8355129068354404,-0.32828640904257333,-47.871363290377886,29.06193758073305,-0.8355129068354405,False,-47.87136329037789,-0.32828640904257345,False,-18.80942570964484
83,1.383195090060764,603,467,439.0,644.0,-0.8754864587770478,-0.7472934492503273,-50.16167910877897,7.344918408961428,-0.8754864587770479,False,-50.16167910877897,-0.7472934492503271,False,-42.81676069981752
84,1.3998600911458334,599,459,376.0,550.0,-0.8950049647896149,-1.1833509708457897,-51.28000712569978,-16.521009186472497,-0.895004964789615,False,-51.28000712569979,-1.1833509708457897,False,-67.80101631217227
85,1.4165250922309027,597,455,357.0,444.0,-0.9048270894157867,-1.6165976065764707,-51.84277341263094,-40.78144661515113,-0.9048270894157868,False,-51.84277341263095,-1.6165976065764707,False,-92.62422002778206
86,1.4331900933159722,594,449,378.0,345.0,-0.9196342592722764,-2.0195196708056176,-52.69116175194113,-63.01879202887013,-0.9196342592722764,False,-52.69116175194113,-2.0195196708056176,False,-115.70995378081126
87,1.4498550944010418,591,440,428.0,263.0,-0.9399987088286491,-2.397347712833788,-53.857958763628346,-83.49994720708855,-0.9399987088286492,False,-53.85795876362835,-2.397347712833788,False,-137.3579059707169
88,1.466520095486111,587,429,497.0,206.0,-0.9656851265351237,-2.757997483211688,-55.32968208901945,-102.69193360671338,-0.9656851265351238,False,-55.32968208901946,-2.757997483211688,False,-158.02161569573283
89,1.4831850965711806,582,415,575.0,175.0,-0.9987668055492562,-3.112434253344649,-57.225122675735754,-121.10422405286428,-0.9987668055492565,False,-57.22512267573576,-3.112434253344649,False,-178.32934672860003
90,1.49985009765625,577,400,657.0,171.0,-1.0343608691901653,2.805501491724339,-59.2645122980799,-139.9920928084588,-1.0343608691901656,False,-59.264512298079914,2.805501491724339,False,160.74339489346127
91,1.5165150987413194,574,385,731.0,196.0,-1.068261916680689,2.4484176903456967,-61.206899240359476,-158.50910061766322,-1.0682619166806893,False,-61.20689924035949,2.4484176903456962,False,140.2840001419773
92,1.533180099826389,571,370,788.0,249.0,-1.102902458814242,2.0794585515702297,-63.19165610465716,-177.6641452179814,-1.102902458814242,False,-63.19165610465716,2.07945855157023,False,119.14419867736143
93,1.5498451009114584,569,357,,,-1.1328665189991112,,-64.90847029032616,,-1.1328665189991112,False,-64.90847029032616,1.7160064589738653,True,98.31992771639173
94,1.5665101019965277,568,351,816.0,406.0,-1.1469554506589086,1.3525543663774995,-65.7157066122808,143.21136336770277,-1.1469554506589086,False,-65.7157066122808,1.3525543663774995,False,77.49565675542198
95,1.5831751030815973,568,352,784.0,488.0,-1.1447653736648669,1.0088747645380813,-65.59022444371351,123.39449050900025,-1.1447653736648669,False,-65.59022444371351,1.0088747645380813,False,57.804266065286754
96,1.5998401041666668,570,364,733.0,561.0,-1.116743306098921,0.6912330326659397,-63.98467823895437,103.5894136707413,-1.116743306098921,False,-63.98467823895437,0.6912330326659397,False,39.604735431786914
97,1.616505105251736,574,385,668.0,623.0,-1.068261916680689,0.3761522681984148,-61.206899240359476,82.75883666240168,-1.0682619166806893,False,-61.20689924035949,0.37615226819841485,False,21.551937422042187
98,1.6331701063368056,582,417,598.0,671.0,-0.9949027553332146,0.0629090060351253,-57.00372890652995,60.60814944570566,-0.9949027553332144,False,-57.003728906529936,0.06290900603512561,False,3.6044205391757225
99,1.6498351074218751,599,459,527.0,698.0,-0.8950049647896149,-0.29260798353188233,-51.28000712569978,34.51480461748943,-0.895004964789615,False,-51.28000712569979,-0.292607983531882,False,-16.765202508210333
100,1.6665001085069444,629,510,469.0,693.0,-0.7668817613294393,-0.7184430027369195,-43.93908830973577,2.775336432204442,-0.7668817613294392,False,-43.93908830973577,-0.7184430027369197,False,-41.163751877531354
101,1.683165109592014,673,562,451.0,651.0,-0.6222277227692232,-1.189513552323006,-35.65102241071273,-32.50308381100955,-0.6222277227692232,False,-35.65102241071273,-1.1895135523230058,False,-68.15410622172226
102,1.6998301106770835,722,603,482.0,599.0,-0.4888523543277479,-1.5874614505088374,-28.009176708013836,-62.94566454585836,-0.4888523543277481,False,-28.00917670801385,-1.5874614505088376,False,-90.9548412538722
103,1.7164951117621527,773,631,541.0,554.0,-0.3682134888721239,-1.8912532208524087,-21.097078872160004,-87.26374867320638,-0.368213488872124,False,-21.097078872160008,-1.891253220852409,False,-108.36082754536642
104,1.7331601128472223,824,650,614.0,521.0,-0.2559617461956205,-2.121653861326613,-14.665527773807812,-106.89628406784155,-0.2559617461956205,False,-14.665527773807812,-2.121653861326614,False,-121.5618118416494
105,1.7498251139322918,878,661,690.0,499.0,-0.14247912671537696,-2.282044970533724,-8.163452629500755,-122.58809284113794,-0.1424791267153771,False,-8.163452629500764,-2.2820449705337236,False,-130.75154547063866
106,1.766490115017361,934,664,763.0,482.0,-0.026853047816137243,-2.387345882833952,-1.5385663069276563,-135.24627701739132,-0.026853047816137288,False,-1.5385663069276587,-2.3873458828339515,False,-136.78484332431896
107,1.7831551161024306,991,658,829.0,467.0,0.09179153515222487,-2.4381633896753008,5.2592675592492215,-144.9557395509547,0.09179153515222493,False,5.259267559249225,-2.438163389675301,False,-139.69647199170547
108,1.7998201171875001,1046,642,886.0,452.0,0.21109333322274654,-2.4416997838705496,12.094757077012101,-151.99384953079988,0.2110933332227467,False,12.09475707701211,-2.4416997838705505,False,-139.89909245378783
109,1.8164851182725694,1097,619,931.0,434.0,0.32924870971407394,-2.4102727660000243,18.864561476744427,-156.9630184438689,0.32924870971407394,False,18.864561476744427,-2.4102727660000234,False,-138.0984569671244
110,1.833150119357639,1142,589,,,0.44489363817938554,,25.4905277998991,,0.4448936381793853,False,25.490527799899084,-2.395095607541668,True,-137.22886984245937
111,1.8498151204427085,1180,555,,,0.5559582650615815,,31.854062173444156,,0.5559582650615815,False,31.854062173444156,-2.379918449083311,True,-136.35928271779423
112,1.8664801215277778,1209,519,1035.0,342.0,0.6579725541410457,-2.3647412906249565,37.699050387724974,-173.18874598085424,0.6579725541410459,False,37.69905038772499,-2.3647412906249556,False,-135.4896955931292
113,1.8831451226128473,1232,484,1045.0,322.0,0.7531512809621944,-2.2846834008934773,43.15238973400541,-174.05510612879715,0.7531512809621943,False,43.1523897340054,-2.2846834008934778,False,-130.90271639479178
114,1.8998101236979168,1249,452,1055.0,297.0,0.8376154605770054,-2.2449083382837647,47.991830745969004,-176.6156039233556,0.8376154605770054,False,47.991830745969004,-2.2449083382837642,False,-128.62377317738657
115,1.916475124782986,1260,423,1064.0,271.0,0.9106385052117795,-2.230425069431817,52.17574301073699,-179.96968600935372,0.9106385052117796,False,52.17574301073699,-2.230425069431817,False,-127.79394299861673
116,1.9331401258680556,1267,399,1072.0,247.0,0.9706340936781417,-2.232903702409494,55.6132370192633,176.45080477353716,0.9706340936781412,False,55.61323701926327,-2.2329037024094944,False,-127.93595820719958
117,1.9498051269531251,1272,380,1076.0,227.0,1.0191413442663497,-2.2336031622472765,58.3924977537511,173.6314679424055,1.01914134426635,False,58.392497753751115,-2.2336031622472774,False,-127.97603430384345
118,1.9664701280381944,1274,366,1080.0,211.0,1.0536284493347754,-2.2449083382837647,60.36846332179612,171.0077635008173,1.0536284493347754,False,60.36846332179612,-2.2449083382837642,False,-128.62377317738657
119,1.983135129123264,1275,357,1084.0,200.0,1.075946362813696,-2.258802441622316,61.6471855716764,168.93296776951937,1.0759463628136956,False,61.64718557167638,-2.258802441622315,False,-129.41984665880415
120,1.9998001302083335,1276,354,1086.0,193.0,1.084316147899453,-2.2737606385207423,62.12673893252182,167.59637285726845,1.084316147899453,False,62.12673893252182,-2.2737606385207414,False,-130.27688821020968
121,2.016465131293403,1275,357,1089.0,192.0,1.075946362813696,-2.2964366638039473,61.6471855716764,166.77668567325426,1.0759463628136956,False,61.64718557167638,-2.296436663803947,False,-131.5761287550693
122,2.0331301323784725,1274,365,1092.0,196.0,1.055942031690385,-2.3191743743184148,60.50102182632848,166.62007457033295,1.0559420316903854,False,60.501021826328504,-2.3191743743184148,False,-132.87890360333856
123,2.0497951334635416,1271,379,1094.0,204.0,1.0200028188981731,-2.3505127331514974,58.441856614312165,166.8836840843471,1.0200028188981731,False,58.441856614312165,-2.350512733151497,False,-134.67445930134068
124,2.066460134548611,1266,399,1096.0,216.0,0.9691744936722871,-2.393005050327515,55.529608099150565,167.36130216359163,0.9691744936722868,False,55.52960809915054,-2.393005050327515,False,-137.10908973725776
125,2.0831251356336806,1259,423,1100.0,232.0,0.9090878220477077,-2.4473695756988723,52.08689541007368,167.68915699365792,0.9090878220477077,False,52.08689541007368,-2.447369575698872,False,-140.2239475962684
126,2.09979013671875,1247,454,1102.0,250.0,0.8306633900307097,-2.5236655043516305,47.59350644478904,167.8111112531082,0.8306633900307094,False,47.593506444789035,-2.52366550435163,False,-144.5953823021027
127,2.1164551378038197,1230,488,1104.0,271.0,0.7431221830182343,-2.61552623459303,42.57776474949316,167.56362080258216,0.7431221830182344,False,42.57776474949317,-2.6155262345930304,False,-149.8586144479247
128,2.133120138888889,1205,524,1106.0,294.0,0.6435011087932844,-2.7351277170555237,36.86989764584402,166.41882773762248,0.6435011087932843,False,36.86989764584401,-2.735127717055523,False,-156.71127461653344
129,2.1497851399739583,1172,562,1109.0,318.0,0.5322958878735169,-2.888914431357237,30.498307827321415,163.9790878814727,0.5322958878735169,False,30.498307827321415,-2.888914431357236,False,-165.5226042912058
130,2.166450141059028,1130,597,1112.0,346.0,0.41354208954886706,-3.070002063104254,23.694216382171234,160.40762230549961,0.41354208954886706,False,23.694216382171234,-3.070002063104255,False,-175.89816131232922
131,2.1831151421440973,1079,627,1117.0,377.0,0.2871411615910961,2.9907472919688534,16.451976683653783,154.90522073634168,0.28714116159109615,False,16.451976683653786,2.9907472919688534,False,171.35719741999546
132,2.199780143229167,1022,649,1123.0,417.0,0.15857210210343303,2.7309925743504584,9.085512199044278,147.38883619280463,0.1585721021034332,False,9.085512199044286,2.7309925743504593,False,156.474348391849
133,2.2164451443142363,962,662,1127.0,470.0,0.03111029136220606,2.4316810351262683,1.7824883944767078,137.54257204026175,0.03111029136220589,False,1.782488394476698,2.4316810351262674,False,139.32506043473842
134,2.233110145399306,903,663,1123.0,542.0,-0.09084655884315403,2.0736395377227574,-5.205124404999612,124.01591814797264,-0.09084655884315396,False,-5.205124404999609,2.073639537722757,False,118.81079374297303
135,2.249775146484375,851,656,1098.0,634.0,-0.19901106732975968,1.6596307322701849,-11.402494234389092,106.49233074367693,-0.1990110673297596,False,-11.402494234389087,1.659630732270184,False,95.08983650928782
136,2.2664401475694445,810,646,1036.0,737.0,-0.2859352572168534,1.1880033683017819,-16.382883452513315,84.45046250353136,-0.2859352572168534,False,-16.382883452513315,1.188003368301782,False,68.06757905101804
137,2.283105148654514,782,634,928.0,826.0,-0.3485941376501304,0.6501345106680229,-19.972972850354942,57.22293642743562,-0.34859413765013025,False,-19.97297285035493,0.650134510668023,False,37.24996357708071
138,2.2997701497395835,770,629,787.0,870.0,-0.37550449500966665,0.07042277023580182,-21.51482275224518,25.549750268376137,-0.37550449500966643,False,-21.51482275224517,0.07042277023580112,False,4.034927516130917
139,2.316435150824653,771,630,648.0,835.0,-0.3728201333987474,-0.5404195002705842,-21.361020161252572,-9.602736370820965,-0.37282013339874753,False,-21.36102016125258,-0.540419500270584,False,-30.963756532073518
140,2.3331001519097225,773,631,558.0,736.0,-0.3682134888721239,-1.1164942401015805,-21.097078872160004,-42.87332893632656,-0.368213488872124,False,-21.097078872160008,-1.1164942401015807,False,-63.97040780848656
141,2.3497651529947916,765,627,524.0,616.0,-0.38666251327117845,-1.616407823793773,-22.15413010635971,-70.45921616894952,-0.3866625132711783,False,-22.1541301063597,-1.6164078237937733,False,-92.61334627530925
142,2.366430154079861,747,617,537.0,502.0,-0.4292105767566987,-2.071809713598486,-24.591954570534707,-94.11399797286639,-0.4292105767566987,False,-24.591954570534707,-2.071809713598487,False,-118.70595254340114
143,2.3830951551649306,721,601,581.0,409.0,-0.4926656786123038,-2.511558744043878,-28.227664095433635,-115.67405193745836,-0.4926656786123038,False,-28.227664095433635,-2.511558744043878,False,-143.90171603289198
144,2.39976015625,693,579,645.0,345.0,-0.5668913709191988,-2.9392710252114895,-32.480482996055386,-135.92734159365355,-0.566891370919199,False,-32.48048299605539,-2.9392710252114895,False,-168.40782458970895
145,2.4164251573350697,663,552,718.0,316.0,-0.6520479092258958,2.9126286372521344,-37.35959323897325,-155.75907855753903,-0.652047909225896,False,-37.359593238973254,2.9126286372521335,False,166.88132820348767
146,2.433090158420139,636,520,784.0,324.0,-0.7408807439468937,2.494834227326503,-42.44933975066962,-174.60718843873997,-0.7408807439468936,False,-42.449339750669616,2.4948342273265034,False,142.94347181059044
147,2.4497551595052083,615,488,,,-0.8228806000891098,,-47.147585428298505,,-0.8228806000891096,False,-47.14758542829849,2.08442404380634,True,119.42870042569551
148,2.466420160590278,599,457,850.0,431.0,-0.8985132447904972,1.6740138602861767,-51.48101676310049,147.39494580390104,-0.8985132447904971,False,-51.481016763100484,1.674013860286177,False,95.9139290408006
149,2.4830851616753473,588,433,831.0,506.0,-0.9568993228573124,1.2789620313912093,-54.82629261865035,128.10541917484497,-0.9568993228573124,False,-54.82629261865035,1.2789620313912096,False,73.27912655619461
150,2.499750162760417,583,418,781.0,576.0,-0.9917220574271658,0.8972884295691245,-56.82148834060726,108.23232836083972,-0.9917220574271659,False,-56.82148834060726,0.897288429569123,False,51.41084002023237
151,2.5164151638454864,581,414,710.0,630.0,-1.0019484683735376,0.5383745133462302,-57.40741852740074,88.25400593954939,-1.0019484683735378,False,-57.40741852740076,0.5383745133462305,False,30.846587412148622
152,2.5330801649305554,584,420,628.0,667.0,-0.9866177963849331,0.17628845250735992,-56.52903572535428,66.62962003091846,-0.986617796384933,False,-56.52903572535427,0.17628845250736092,False,10.100584305564235
153,2.549745166015625,590,439,543.0,684.0,-0.9431669009934023,-0.18953408658734539,-54.03948280335512,43.179979568033126,-0.9431669009934023,False,-54.03948280335512,-0.1895340865873436,False,-10.859503235321894
154,2.5664101671006945,605,470,466.0,671.0,-0.867491726732584,-0.6050270653075076,-49.703614704293194,15.038117370986987,-0.8674917267325841,False,-49.7036147042932,-0.6050270653075067,False,-34.66549733330616
155,2.583075168185764,628,509,418.0,625.0,-0.7699672895067535,-1.066126967422197,-44.115876051864575,-16.968699606508707,-0.7699672895067535,False,-44.115876051864575,-1.0661269674221963,False,-61.08457565837326
156,2.5997401692708335,658,547,420.0,562.0,-0.6670513579138033,-1.5078543674875233,-38.219227526931434,-48.174463850471895,-0.6670513579138033,False,-38.219227526931434,-1.5078543674875249,False,-86.39369137740343
157,2.616405170355903,690,577,459.0,500.0,-0.5745136856436783,-1.892546881191539,-32.91720945988848,-75.51773936303354,-0.5745136856436783,False,-32.91720945988848,-1.8925468811915387,False,-108.43494882292201
158,2.633070171440972,721,601,524.0,453.0,-0.4926656786123038,-2.2151091237216125,-28.227664095433635,-98.68873985473687,-0.4926656786123038,False,-28.227664095433635,-2.2151091237216107,False,-126.9164039501704
159,2.6497351725260416,752,620,602.0,424.0,-0.41716947764980317,-2.4883673780542557,-23.902050411010848,-118.67089822953255,-0.41716947764980317,False,-23.902050411010848,-2.4883673780542566,False,-142.57294864054344
160,2.666400173611111,785,636,686.0,407.0,-0.34135588525384686,-2.733542983064962,-19.55825153699744,-137.06222451022595,-0.34135588525384675,False,-19.55825153699743,-2.733542983064961,False,-156.62047604722332
161,2.6830651746961807,819,648,773.0,404.0,-0.266975114823901,-2.9552550948127445,-15.296547314430068,-154.02709700287414,-0.266975114823901,False,-15.296547314430068,-2.9552550948127454,False,-169.32364431730426
162,2.69973017578125,856,657,855.0,409.0,-0.18851049479677395,-3.1375604173786997,-10.800855745778012,-168.96811413732652,-0.18851049479677418,False,-10.800855745778026,-3.137560417378701,False,-179.7689698831046
163,2.7163951768663197,894,662,954.0,421.0,-0.10951852888535858,2.8975905526524883,-6.274949483612643,172.29465890757996,-0.10951852888535862,False,-6.274949483612645,2.8975905526524883,False,166.01970942396733
164,2.733060177951389,933,663,1026.0,436.0,-0.028977393851561332,2.752759443951833,-1.6602823689828055,159.38178052220212,-0.028977393851561395,False,-1.660282368982809,2.752759443951831,False,157.72149815321922
165,2.7497251790364583,971,660,1109.0,459.0,0.04995839572194276,2.5399390209314676,2.8624052261117474,142.66538089385176,0.04995839572194294,False,2.8624052261117576,2.5399390209314667,False,145.5277861199635
166,2.766390180121528,1009,653,1190.0,492.0,0.13033516246690763,2.297781485426854,7.467654731505702,124.18552662675413,0.13033516246690757,False,7.467654731505699,2.297781485426853,False,131.65318135825976
167,2.7830551812065973,1046,641,1264.0,539.0,0.21153771180407194,2.0084275023353295,12.120218094228058,102.9542012475876,0.211537711804072,False,12.120218094228061,2.00842750233533,False,115.0744193418157
168,2.799720182291667,1083,625,1323.0,600.0,0.29660289972960646,1.6745886672519394,16.994094345848396,78.95276870812508,0.2966028997296064,False,16.994094345848392,1.674588667251939,False,95.94686305397347
169,2.8163851833767364,1123,602,1352.0,670.0,0.39512759344211074,1.2821462611135928,22.63914347339401,50.822426006893274,0.39512759344211057,False,22.639143473394,1.282146261113592,False,73.46156948028725
170,2.8330501844618055,1161,571,1336.0,731.0,0.5007791289368101,0.8301443948520639,28.692530556316896,18.87123965514812,0.5007791289368102,False,28.6925305563169,0.8301443948520628,False,47.56377021146494
171,2.849715185546875,1194,538,1279.0,756.0,0.6039451302882903,0.3717764401637008,34.60350702299766,-13.30228607921962,0.6039451302882903,False,34.60350702299766,0.3717764401636998,False,21.301220943777988
172,2.8663801866319445,1216,508,1209.0,744.0,0.6868905652858776,-0.029652323188272874,39.35593037823612,-41.05488334968205,0.6868905652858777,False,39.355930378236124,-0.029652323188273044,False,-1.6989529714459506
173,2.883045187717014,1229,487,1142.0,709.0,0.7429788031543381,-0.3734971461064775,42.56954968842474,-63.96935982050698,0.7429788031543381,False,42.56954968842474,-0.37349714610647666,False,-21.39981013208218
174,2.8997101888020835,1237,474,1083.0,663.0,0.7785489554335132,-0.6837093116343713,44.60756929065913,-83.78122726110335,0.7785489554335134,False,44.60756929065914,-0.6837093116343702,False,-39.17365797044417
175,2.916375189887153,1239,470,1035.0,608.0,0.788834575987436,-0.9760370693115438,45.196891938071914,-101.11969665794119,0.788834575987436,False,45.196891938071914,-0.9760370693115448,False,-55.92280471986932
176,2.933040190972222,1236,475,1000.0,549.0,0.7751245522598746,-1.2669466733840062,44.411365441458436,-117.00206269450157,0.7751245522598746,False,44.411365441458436,-1.2669466733840054,False,-72.59069725304309
177,2.9497051920572916,1229,488,982.0,489.0,0.741358859718426,-1.5667477659188684,42.47673376649706,-132.24476831519885,0.7413588597184262,False,42.47673376649708,-1.566747765918869,False,-89.76803454870183
178,2.966370193142361,1216,507,981.0,433.0,0.6883881952367564,-1.875860368475826,39.44173825369386,-146.92062032321417,0.6883881952367563,False,39.441738253693856,-1.875860368475827,False,-107.47888206952035
179,2.9830351942274307,1199,531,,,0.6226707887570673,,35.67640822186198,,0.622670788757067,False,35.676408221861976,-2.2097419855559224,True,-126.60888958521288
180,2.9997001953125,1176,557,1035.0,350.0,0.5458626813493941,-2.5436236026360186,31.2756278350148,-177.01452493592026,0.5458626813493943,False,31.27562783501481,-2.5436236026360177,False,-145.7388971009054
181,3.0163651963975697,1149,582,1077.0,342.0,0.4656356779521519,-2.8501358591119264,26.678959137371102,170.0202850966225,0.465635677952152,False,26.67895913737111,-2.8501358591119264,False,-163.3007557660064
182,3.033030197482639,1117,605,1129.0,354.0,0.3805063771123649,3.093820263924762,21.80140948635181,155.46143420858752,0.3805063771123649,False,21.80140948635181,3.093820263924762,False,177.26284369493933
183,3.0496951985677083,1085,624,1180.0,392.0,0.3013452237101041,2.7529383086469124,17.26580949501459,140.4659368503367,0.3013452237101042,False,17.265809495014597,2.752938308646911,False,157.73174634535118
184,3.066360199652778,1052,639,1223.0,458.0,0.2248886307020433,2.3845959420309053,12.885169399703269,123.74211392269034,0.22488863070204346,False,12.885169399703278,2.3845959420309057,False,136.62728332239362
185,3.0830252007378474,1023,649,1248.0,550.0,0.1606504378580436,1.9853032013796825,9.204592066194598,104.54490242667218,0.16065043785804356,False,9.204592066194596,1.9853032013796827,False,113.74949449286677
186,3.099690201822917,999,655,1242.0,663.0,0.10903947356737492,1.5378864024199408,6.247501635738882,81.86689859348142,0.10903947356737476,False,6.247501635738872,1.5378864024199395,False,88.11440022922024
187,3.1163552029079864,985,658,1191.0,779.0,0.07933106674482007,1.039708931776042,4.545335308748828,55.025598404073634,0.07933106674482016,False,4.545335308748833,1.0397089317760404,False,59.57093371282236
188,3.1330202039930555,980,658,1090.0,870.0,0.06892828711826758,0.478627761768176,3.9492999409426917,23.47405076616682,0.06892828711826748,False,3.9492999409426863,0.4786277617681769,False,27.423350707109556
189,3.149685205078125,982,658,960.0,895.0,0.07309131899540686,-0.09256174873423176,4.187824097481197,-9.491221644303067,0.07309131899540677,False,4.187824097481192,-0.09256174873423006,False,-5.303397546821772
190,3.1663502061631945,978,659,842.0,855.0,0.06462803317241969,-0.6066051085945269,3.7029135390111287,-38.4588260925525,0.06462803317241983,False,3.7029135390111367,-0.606605108594529,False,-34.75591255354149
191,3.183015207248264,963,661,754.0,783.0,0.03325177256394547,-1.0424244363784985,1.90518622924298,-61.63170689503453,0.033251772563945625,False,1.9051862292429886,-1.0424244363784965,False,-59.72652066579145
192,3.1996802083333336,936,663,697.0,699.0,-0.02277039089380975,-1.4212926313082894,-1.304647296078421,-80.12942193092994,-0.022770390893809722,False,-1.3046472960784194,-1.4212926313082903,False,-81.43406922700841
193,3.216345209418403,900,662,665.0,615.0,-0.09720307293832454,-1.7681918866447774,-5.569325835068303,-95.74060663895192,-0.09720307293832464,False,-5.569325835068308,-1.7681918866447788,False,-101.3099324740203
194,3.233010210503472,859,658,650.0,541.0,-0.1820618142005356,-2.081138939839033,-10.431373564185648,-108.80910426892147,-0.18206181420053547,False,-10.431373564185641,-2.081138939839036,False,-119.2404778331073
195,3.2496752115885417,816,647,648.0,479.0,-0.27348519606208455,-2.356194490192345,-15.669547493665286,-119.3304525063347,-0.27348519606208477,False,-15.669547493665299,-2.356194490192344,False,-134.99999999999994
196,3.266340212673611,774,631,649.0,428.0,-0.3662820385730643,-2.589662870298721,-20.986414921684606,-127.39033790816683,-0.3662820385730643,False,-20.986414921684606,-2.5896628702987243,False,-148.37675282985163
197,3.2830052137586807,736,611,652.0,388.0,-0.45526010765087743,-2.781348506978913,-26.084482749066797,-133.27504805583771,-0.45526010765087754,False,-26.0844827490668,-2.7813485069789152,False,-159.35953080490464
198,3.2996702148437502,702,587,653.0,353.0,-0.5418635425881493,-2.9351735486682373,-31.046494062308295,-137.12656241481844,-0.5418635425881493,False,-31.046494062308295,-2.9351735486682387,False,-168.1730564771268
199,3.3163352159288197,674,563,651.0,324.0,-0.619260855558498,-3.0456537807365063,-35.48103344116242,-139.02207405310202,-0.619260855558498,False,-35.48103344116242,-3.045653780736508,False,-174.50310749426453
200,3.333000217013889,651,539,648.0,299.0,-0.6895099253783524,-3.1290933045704317,-39.50600865655993,-139.7778313979697,-0.6895099253783523,False,-39.50600865655992,-3.129093304570432,False,-179.28384005452963
201,3.3496652180989583,634,517,643.0,276.0,-0.7484918520069236,3.104265600954477,-42.885424119927336,-139.25325845773895,-0.7484918520069237,False,-42.88542411992734,3.104265600954477,False,177.8613174223337
202,3.366330219184028,621,498,636.0,256.0,-0.7978198847194035,3.079688379180021,-45.7117122060357,-137.83514145146393,-0.7978198847194036,False,-45.711712206035706,3.07968837918002,False,176.45314634250028
203,3.3829952202690974,611,482,629.0,241.0,-0.8386393361341747,3.0670422756442655,-48.05049449414141,-136.22092752324247,-0.8386393361341749,False,-48.05049449414142,3.067042275644269,False,175.7285779826163
204,3.399660221354167,605,470,620.0,228.0,-0.867491726732584,3.079688379180021,-49.703614704293194,-133.84323895320642,-0.8674917267325841,False,-49.7036147042932,3.07968837918002,False,176.45314634250028
205,3.4163252224392364,601,463,611.0,220.0,-0.8852242218372552,3.100463597212241,-50.71961183402725,-131.6369095117621,-0.8852242218372552,False,-50.71961183402725,3.10046359721224,False,177.64347865421058
206,3.4329902235243055,600,460,601.0,216.0,-0.8918522569584578,3.1374943158799447,-51.09937027293664,-129.13544718085697,-0.8918522569584577,False,-51.09937027293663,3.137494315879948,False,179.76518254620657
207,3.449655224609375,600,462,590.0,218.0,-0.8883712885185346,-3.1006319700554776,-50.899925472710805,-126.75320023480191,-0.8883712885185346,False,-50.899925472710805,-3.100631970055481,False,-177.6531257075129
208,3.4663202256944445,604,468,579.0,224.0,-0.8723416583312403,-3.039489928826591,-49.98149531582334,-124.1684494784593,-0.8723416583312402,False,-49.98149531582333,-3.0394899288265904,False,-174.14994479428262
209,3.482985226779514,609,478,568.0,237.0,-0.848208516051549,-2.973081514065953,-48.5987681168083,-121.74625478753549,-0.8482085160515491,False,-48.59876811680831,-2.973081514065953,False,-170.3450229043438
210,3.4996502278645836,617,493,556.0,255.0,-0.8118305750180833,-2.8906910587377608,-46.51446562821494,-119.1099319136623,-0.8118305750180834,False,-46.51446562821494,-2.890691058737758,False,-165.6243975418771
211,3.516315228949653,629,510,543.0,279.0,-0.7668817613294393,-2.7851961478992626,-43.93908830973577,-115.64089608098661,-0.7668817613294392,False,-43.93908830973577,-2.7851961478992635,False,-159.57998439072242
212,3.532980230034722,644,530,531.0,312.0,-0.7135465698161476,-2.6633741268702176,-40.8832069365022,-111.71688979750193,-0.7135465698161476,False,-40.8832069365022,-2.6633741268702167,False,-152.60009673400407
213,3.5496452311197917,663,551,518.0,353.0,-0.6533466810640957,-2.509500992644154,-37.434007383852546,-106.34980817854813,-0.6533466810640958,False,-37.434007383852546,-2.5095009926441563,False,-143.7838155624008
214,3.566310232204861,685,573,507.0,404.0,-0.5880026035475675,-2.3302637043347003,-33.690067525979785,-99.82420788491967,-0.5880026035475674,False,-33.69006752597978,-2.3302637043346976,False,-133.5142754108993
215,3.5829752332899307,710,593,501.0,467.0,-0.5209695037339546,-2.1133240460081453,-29.84935381898058,-91.23519476079716,-0.5209695037339546,False,-29.84935381898058,-2.1133240460081453,False,-121.08454857977773
216,3.5996402343750002,737,611,505.0,543.0,-0.45338677508910435,-1.8559140619674928,-25.97714869965277,-80.3588941900657,-0.4533867750891045,False,-25.977148699652776,-1.8559140619674892,False,-106.33604288971827
217,3.6163052354600698,764,626,524.0,630.0,-0.38936592958824334,-1.554131203080956,-22.309024451594325,-66.73613429453349,-0.38936592958824345,False,-22.309024451594333,-1.5541312030809564,False,-89.04515874612784
218,3.632970236545139,789,637,566.0,723.0,-0.33286847431036554,-1.2027213216976476,-19.071958710942813,-49.838896952728554,-0.3328684743103656,False,-19.071958710942816,-1.202721321697645,False,-68.91085566367121
219,3.6496352376302084,810,645,639.0,810.0,-0.2865170994252209,-0.8032534085370008,-16.416220555395345,-29.606809633272476,-0.28651709942522086,False,-16.41622055539534,-0.8032534085370031,False,-46.02303018866797
220,3.666300238715278,828,650,741.0,873.0,-0.24798015486377456,-0.3719728371687995,-14.208216276694836,-7.104257386584365,-0.24798015486377434,False,-14.208216276694824,-0.3719728371687978,False,-21.312473663279114
221,3.6829652398003474,844,654,858.0,895.0,-0.2139730948805034,0.0580260733925736,-12.259755266005167,15.58440437311599,-0.2139730948805032,False,-12.259755266005156,0.05802607339257193,False,3.324649107110734
222,3.699630240885417,864,658,969.0,877.0,-0.17192593725560368,0.4470745408881887,-9.850630593577094,35.46611491421926,-0.17192593725560368,False,-9.850630593577094,0.4470745408881882,False,25.61548432064214
223,3.7162952419704864,891,662,1063.0,835.0,-0.11566400682897236,0.782499620790254,-6.627059432872449,51.46098517474136,-0.11566400682897227,False,-6.627059432872443,0.7824996207902544,False,44.833925741868946
224,3.7329602430555555,924,663,1137.0,781.0,-0.047583103276983396,1.0648944712131028,-2.7263109939062655,63.74026982123257,-0.04758310327698334,False,-2.7263109939062624,1.0648944712131012,False,61.013958827326235
225,3.749625244140625,961,661,1196.0,726.0,0.02909781411771015,1.3009471708564273,1.6671819420009748,72.87160031755712,0.029097814117710286,False,1.6671819420009826,1.3009471708564284,False,74.53878225955816
226,3.7662902452256946,1001,654,1243.0,675.0,0.11343499180721633,1.4842363048074638,6.499346279654567,78.54112978590591,0.11343499180721617,False,6.499346279654557,1.4842363048074638,False,85.0404760655605
227,3.782955246310764,1041,643,1282.0,631.0,0.20030132170069068,1.62054776887741,11.476420364341745,81.37412729167583,0.2003013217006906,False,11.47642036434174,1.6205477688774081,False,92.85054765601747
228,3.7996202473958336,1079,627,1317.0,593.0,0.2871411615910961,1.7126933813990606,16.451976683653783,81.6781256705022,0.28714116159109615,False,16.451976683653786,1.7126933813990597,False,98.13010235415594
229,3.816285248480903,1113,607,1348.0,563.0,0.3707782689216427,1.7558873394889485,21.244029944376784,79.36090390879473,0.3707782689216428,False,21.244029944376788,1.7558873394889503,False,100.60493385317162
230,3.832950249565972,1143,586,1377.0,538.0,0.449759613069839,1.7731179551732004,25.769327624338715,75.82284778595236,0.44975961306983914,False,25.76932762433872,1.773117955173202,False,101.59217541029116
231,3.8496152506510417,1169,563,1404.0,522.0,0.5253102278244968,1.7435258376205482,30.09805898939941,69.7986129782697,0.5253102278244968,False,30.09805898939941,1.743525837620549,False,99.89667196766915
232,3.8662802517361112,1191,541,1426.0,510.0,0.5943678899532954,1.701953937496467,34.05477157241999,63.46000597179987,0.5943678899532951,False,34.05477157241997,1.7019539374964658,False,97.5147775442198
233,3.8829452528211807,1208,518,1444.0,505.0,0.6575517063488348,1.6258254586885539,37.67493758541389,55.47799942236144,0.6575517063488348,False,37.67493758541389,1.6258254586885528,False,93.15293700777525
234,3.8996102539062503,1222,498,1458.0,506.0,0.7130122089164624,1.536910996890779,40.85259031221342,47.205923296872214,0.7130122089164623,False,40.852590312213415,1.5369109968907786,False,88.05851360908561
235,3.91627525499132,1232,481,1466.0,510.0,0.7581011910353715,1.4474934097137262,43.43599869016775,39.49926455942965,0.7581011910353714,False,43.43599869016774,1.4474934097137258,False,82.93526324959737
236,3.932940256076389,1240,467,1469.0,519.0,0.7957426219885279,1.3475084761238982,45.5926938186167,31.61385472138773,0.795742621988528,False,45.59269381861671,1.347508476123899,False,77.20654854000446
237,3.9496052571614584,1244,457,1468.0,531.0,0.8202272787819784,1.2517267311225233,46.99556131570774,24.723097481319645,0.8202272787819784,False,46.99556131570774,1.251726731122524,False,71.71865879702742
238,3.966270258246528,1247,453,1463.0,546.0,0.8324837542776686,1.164229500200355,47.69780563331631,19.007631112789273,0.8324837542776686,False,47.69780563331631,1.1642295002003564,False,66.70543674610565
239,3.9829352593315974,1247,452,1455.0,563.0,0.8343101695466429,1.0805894995483416,47.802451519866786,14.110766190406974,0.8343101695466428,False,47.80245151986678,1.080589499548342,False,61.91321771027378
240,3.999600260416667,1244,458,1444.0,583.0,0.8184296231207194,1.0121970114513341,46.8925632332998,11.102053558616694,0.8184296231207195,False,46.89256323329981,1.0121970114513346,False,57.99461679191653
241,4.0162652615017365,1239,468,1432.0,604.0,0.7922946057857968,0.9569475411898851,45.39513704250749,9.433918283094425,0.7922946057857967,False,45.395137042507486,0.9569475411898836,False,54.829055325601836
242,4.032930262586806,1231,484,1417.0,628.0,0.7513976659250272,0.9119902906774204,43.05191499348505,9.201279619240289,0.751397665925027,False,43.051914993485035,0.9119902906774193,False,52.253194612725274
243,4.0495952636718755,1219,504,1400.0,654.0,0.6983702214860033,0.8787813554126517,40.01366622876451,10.336796551166408,0.6983702214860035,False,40.01366622876452,0.8787813554126522,False,50.35046277993096
244,4.066260264756945,1202,527,1380.0,683.0,0.6337475862306462,0.8511714147810849,36.31106196761923,12.457467741516146,0.6337475862306463,False,36.31106196761924,0.8511714147810849,False,48.76852970913538
245,4.082925265842014,1180,552,1354.0,711.0,0.5595652652966947,0.8304127791719753,32.06072806361883,15.518419436664596,0.5595652652966949,False,32.060728063618846,0.8304127791719758,False,47.57914750028344
246,4.099590266927083,1153,578,1324.0,740.0,0.4776187557949647,0.8124186125847132,27.36553892334101,19.182618775636957,0.47761875579496493,False,27.36553892334102,0.8124186125847146,False,46.54815769897805
247,4.116255268012153,1121,602,1288.0,770.0,0.3910836880848508,0.782413097636874,22.40744476367267,22.421523566677415,0.39108368808485094,False,22.40744476367268,0.7824130976368728,False,44.828968330350015
248,4.132920269097222,1083,625,1244.0,797.0,0.29660289972960646,0.7523771375132036,16.994094345848396,26.113940235792136,0.2966028997296064,False,16.994094345848392,0.7523771375132036,False,43.10803458164053
249,4.149585270182292,1042,642,1192.0,824.0,0.20280091261042962,0.6893094478800814,11.619636373979052,27.87488576804261,0.20280091261042976,False,11.619636373979061,0.6893094478800812,False,39.494522142021644
250,4.166250271267361,998,655,1134.0,849.0,0.10695867123311481,0.6114175272111867,6.128280443984807,28.90336338554137,0.10695867123311498,False,6.128280443984817,0.6114175272111879,False,35.03164382952623
251,4.182915272352431,954,662,1066.0,869.0,0.014521800691824951,0.4959557546841608,0.8320378905717287,27.58413367805629,0.01452180069182507,False,0.8320378905717356,0.49595575468416087,False,28.416171568628027
252,4.1995802734375,910,663,990.0,885.0,-0.0764552351688989,0.34587455983724136,-4.380562296858089,24.197714816477077,-0.07645523516889874,False,-4.38056229685808,0.3458745598372417,False,19.817152519618997
253,4.21624527452257,868,659,909.0,893.0,-0.16345548567001617,0.17345298478670165,-9.365309467153033,19.303433439377912,-0.1634554856700161,False,-9.36530946715303,0.173452984786703,False,9.938123972224957
254,4.232910275607639,830,651,825.0,889.0,-0.24347941387536423,-0.021005313472176913,-13.950342813377386,12.746827004072351,-0.24347941387536443,False,-13.950342813377397,-0.021005313472176823,False,-1.203515809305021
255,4.249575276692709,795,640,740.0,873.0,-0.319139594272287,-0.23180819876373931,-18.285351827319506,5.003720381627526,-0.3191395942722872,False,-18.28535182731952,-0.2318081987637406,False,-13.281631445692042
256,4.266240277777778,765,626,660.0,842.0,-0.38744535594910695,-0.45247488956206683,-22.19898368782773,-3.7259178197267344,-0.3874453559491071,False,-22.19898368782774,-0.4524748895620654,False,-25.924901507554374
257,4.282905278862847,737,612,588.0,800.0,-0.45247488956206683,-0.6701836821064823,-25.924901507554456,-12.473794975684207,-0.4524748895620667,False,-25.92490150755445,-0.670183682106483,False,-38.39869648323871
258,4.2995702799479165,713,595,528.0,750.0,-0.513418501795213,-0.8734055369251891,-29.416713276795583,-20.625737792375332,-0.5134185017952131,False,-29.41671327679559,-0.8734055369251905,False,-50.042451069170994
259,4.316235281032986,690,578,479.0,695.0,-0.573366646357394,-1.0645029752076398,-32.851488949848694,-28.140038808668372,-0.5733666463573939,False,-32.85148894984869,-1.0645029752076383,False,-60.99152775851698
260,4.332900282118056,671,560,444.0,640.0,-0.6281701124208794,-1.2319646480076782,-35.99149625797484,-34.59487858218515,-0.6281701124208796,False,-35.99149625797485,-1.2319646480076756,False,-70.58637484015985
261,4.349565283203125,654,542,418.0,588.0,-0.6804417523634796,-1.378294691984917,-38.98644061491329,-39.984028161106245,-0.6804417523634796,False,-38.98644061491329,-1.3782946919849195,False,-78.97046877601966
262,4.366230284288195,640,525,400.0,539.0,-0.7271818119474999,-1.5125290238253633,-41.66444876326764,-44.99708069296801,-0.7271818119474998,False,-41.664448763267636,-1.5125290238253655,False,-86.66152945623578
263,4.382895285373264,628,509,388.0,496.0,-0.7699672895067535,-1.624910111023975,-44.115876051864575,-48.98461539794322,-0.7699672895067535,False,-44.115876051864575,-1.624910111023972,False,-93.10049144980762
264,4.399560286458334,618,494,382.0,459.0,-0.8087220823327129,-1.7180282448356547,-46.33636211669593,-52.099405396655555,-0.808722082332713,False,-46.33636211669594,-1.7180282448356579,False,-98.43576751335166
265,4.416225287543403,612,483,378.0,427.0,-0.8355129068354404,-1.805694686202713,-47.871363290377886,-55.58732131823714,-0.8355129068354405,False,-47.87136329037789,-1.8056946862027132,False,-103.45868460861503
266,4.432890288628473,607,475,378.0,402.0,-0.8561460311510559,-1.8793897457187831,-49.05355423183141,-58.627546258019834,-0.8561460311510558,False,-49.053554231831406,-1.8793897457187825,False,-107.68110048985122
267,4.449555289713542,604,470,381.0,384.0,-0.8689316033975607,-1.9388713318921456,-49.78611356021573,-61.3030307761129,-0.8689316033975607,False,-49.78611356021573,-1.9388713318921447,False,-111.08914433632857
268,4.466220290798612,604,469,384.0,370.0,-0.8706341814336558,-1.9936502529278373,-49.883664095975654,-64.34408122197851,-0.8706341814336556,False,-49.88366409597564,-1.9936502529278357,False,-114.22774531795407
269,4.48288529188368,605,471,390.0,364.0,-0.8657932272186867,-2.032581740555338,-49.60629785064186,-66.85205739853389,-0.8657932272186866,False,-49.60629785064185,-2.0325817405553366,False,-116.45835524917567
270,4.49955029296875,609,478,397.0,364.0,-0.848208516051549,-2.064174949572419,-48.5987681168083,-69.66974467032082,-0.8482085160515491,False,-48.59876811680831,-2.0641749495724184,False,-118.26851278712911
271,4.516215294053819,615,488,405.0,368.0,-0.8228806000891098,-2.0899424410414196,-47.147585428298505,-72.59729586864373,-0.8228806000891096,False,-47.14758542829849,-2.0899424410414227,False,-119.74488129694241
272,4.532880295138889,623,502,414.0,380.0,-0.7884941287379978,-2.099168217211295,-45.17738574753227,-75.09609358667618,-0.7884941287379981,False,-45.177385747532284,-2.099168217211293,False,-120.27347933420835
273,4.549545296223958,634,518,424.0,399.0,-0.7470145669458927,-2.086345334253876,-42.800781920792545,-76.73800033876556,-0.747014566945893,False,-42.80078192079256,-2.0863453342538776,False,-119.5387822595582
274,4.566210297309028,649,537,434.0,423.0,-0.6955642671982832,-2.0583364472174157,-39.852896890571515,-78.08109435293875,-0.6955642671982831,False,-39.85289689057151,-2.058336447217414,False,-117.93399124351016
275,4.5828752983940975,668,557,447.0,456.0,-0.6371046075466742,-1.9994674138071424,-36.50340512076309,-78.05763896432387,-0.6371046075466742,False,-36.50340512076309,-1.999467413807146,False,-114.56104408508718
276,4.599540299479167,690,578,462.0,496.0,-0.573366646357394,-1.916041251903533,-32.851488949848694,-76.92958815718637,-0.5733666463573939,False,-32.85148894984869,-1.9160412519035361,False,-109.78107710703523
277,4.6162053005642365,716,598,480.0,545.0,-0.5048613716591264,-1.7917074213779323,-28.926425835253614,-73.73084753196967,-0.5048613716591266,False,-28.926425835253625,-1.7917074213779287,False,-102.65727336722308
278,4.632870301649306,744,616,504.0,601.0,-0.43574787351835276,-1.633215136790854,-24.96651408440202,-68.60982029059534,-0.43574787351835287,False,-24.96651408440203,-1.6332151367908523,False,-93.57633437499726
279,4.6495353027343755,774,631,537.0,663.0,-0.3662820385730643,-1.436586879465718,-20.986414921684606,-61.323950175570126,-0.3662820385730643,False,-20.986414921684606,-1.4365868794657146,False,-82.31036509725456
280,4.666200303819445,805,643,583.0,731.0,-0.29758804676143696,-1.1934003595584717,-17.050539112972125,-51.32626475912324,-0.29758804676143713,False,-17.050539112972135,-1.1934003595584741,False,-68.3768038720955
281,4.682865304904514,835,652,647.0,798.0,-0.23297923907710288,-0.9104900774865703,-13.34872711328738,-38.818511615232396,-0.23297923907710283,False,-13.348727113287376,-0.9104900774865712,False,-52.16723872851982
282,4.699530305989583,862,658,730.0,855.0,-0.1759846907972472,-0.5903417805676446,-10.083180041597045,-23.740912455167138,-0.1759846907972471,False,-10.083180041597037,-0.5903417805676412,False,-33.824092496763996
283,4.716195307074653,885,661,828.0,892.0,-0.12819129286236347,-0.24192056868440487,-7.3448200513389414,-6.516207511682208,-0.12819129286236342,False,-7.344820051338938,-0.2419205686844066,False,-13.861027563021247
284,4.732860308159722,907,663,934.0,900.0,-0.0826271812140492,0.11343499180721633,-4.734188756627661,11.233535036282237,-0.0826271812140491,False,-4.734188756627655,0.1134349918072175,False,6.499346279654634
285,4.749525309244792,930,663,1034.0,880.0,-0.03518216419867631,0.446920544687979,-2.0157895227204166,27.622450511029523,-0.03518216419867626,False,-2.0157895227204135,0.4469205446879805,False,25.606660988309184
286,4.766190310329861,955,662,1120.0,839.0,0.016595986545909314,0.7503248328642229,0.9508799859365008,42.03956620104235,0.016595986545909103,False,0.9508799859364886,0.7503248328642229,False,42.99044618697886
287,4.782855311414931,984,658,1188.0,787.0,0.07725181444521777,1.0069269680141963,4.426202927438745,53.26646261767914,0.07725181444521789,False,4.426202927438752,1.006926968014195,False,57.69266554511781
288,4.7995203125,1015,651,1242.0,733.0,0.14338293761166832,1.2241492138227328,8.215237179336187,61.923346266964174,0.1433829376116682,False,8.21523717933618,1.2241492138227343,False,70.13858344630046
289,4.81618531358507,1047,641,1284.0,681.0,0.21361035485428292,1.4035956686761837,12.23897179344227,68.18113616454572,0.21361035485428292,False,12.23897179344227,1.4035956686761821,False,80.42010795798788
290,4.832850314670139,1078,627,1318.0,634.0,0.28508221497938124,1.5416379265497528,16.334007732559762,71.99533899604025,0.285082214979381,False,16.33400773255975,1.541637926549754,False,88.3293467286001
291,4.849515315755209,1107,611,1346.0,593.0,0.35546111005261216,1.6459682194300058,20.366421387049957,73.94061079895239,0.3554611100526124,False,20.366421387049968,1.6459682194300065,False,94.30703218600236
292,4.866180316840278,1133,594,1369.0,560.0,0.422251153451272,1.7138796204630529,24.19320898728877,74.0048598587275,0.42225115345127184,False,24.193208987288763,1.7138796204630538,False,98.19806884601634
293,4.882845317925347,1155,576,1389.0,531.0,0.48364494297395666,1.7607846147136124,27.710814015253096,73.17471303940566,0.48364494297395666,False,27.710814015253096,1.7607846147136108,False,100.88552705465865
294,4.899510319010417,1174,558,1407.0,509.0,0.5408084539654778,1.778076243477903,30.98604193721695,70.89022246654267,0.5408084539654778,False,30.98604193721695,1.7780762434779014,False,101.87626440375952
295,4.916175320095486,1189,542,1422.0,492.0,0.5892764882088065,1.7821827432448905,33.76305574065523,68.34849376832419,0.5892764882088066,False,33.76305574065524,1.782182743244892,False,102.11154950897954
296,4.932840321180556,1201,527,1434.0,482.0,0.6318737258369005,1.761580412731201,36.20369767566088,64.72742524675056,0.6318737258369005,False,36.20369767566088,1.7615804127312025,False,100.93112292241153
297,4.949505322265625,1210,515,1445.0,478.0,0.6655736156141773,1.7269611408676788,38.13455912995491,60.813025624860686,0.6655736156141772,False,38.1345591299549,1.7269611408676795,False,98.94758475481567
298,4.966170323350695,1216,506,1452.0,477.0,0.6898912980983225,1.6930647307340152,39.52785970383564,57.4776038096766,0.6898912980983223,False,39.527859703835624,1.6930647307340152,False,97.00546351351223
299,4.982835324435764,1220,501,1456.0,482.0,0.7047652874522745,1.6511315330771494,40.38007651833961,54.22279174794632,0.7047652874522745,False,40.38007651833961,1.651131533077148,False,94.60286826628587
300,4.999500325520834,1221,500,1457.0,492.0,0.7081113391144804,1.6046816566990143,40.57179115661674,51.36969523429762,0.7081113391144802,False,40.571791156616726,1.6046816566990145,False,91.94148639091439
301,5.016165326605903,1220,502,1456.0,507.0,0.7032306410357483,1.549613055215937,40.292147755627774,48.49414018661843,0.7032306410357485,False,40.29214775562779,1.5496130552159357,False,88.78628794224612
302,5.032830327690973,1216,507,1451.0,526.0,0.6883881952367564,1.4901207468313007,39.44173825369386,45.9358915046219,0.6883881952367563,False,39.441738253693856,1.4901207468313018,False,85.37762975831583
303,5.049495328776042,1209,517,1443.0,550.0,0.6608377034744946,1.4306946023982663,37.863211352206314,44.10955113736173,0.6608377034744946,False,37.863211352206314,1.4306946023982654,False,81.972762489568
304,5.066160329861111,1200,530,1430.0,578.0,0.625902184859939,1.3650537153968612,35.86155358049156,42.350263120400825,0.6259021848599389,False,35.86155358049155,1.3650537153968614,False,78.2118167008924
305,5.08282533094618,1186,545,1413.0,610.0,0.5797383288879164,1.2919149342893808,33.21655946724486,40.80471375745774,0.5797383288879163,False,33.216559467244856,1.2919149342893803,False,74.02127322470257
306,5.09949033203125,1170,562,1391.0,646.0,0.5283999162749163,1.2075702404610946,30.275085097618767,38.91359314639992,0.5283999162749162,False,30.27508509761876,1.207570240461095,False,69.1886782440187
307,5.116155333116319,1150,580,1361.0,685.0,0.46962959148495403,1.1090462487234867,26.90779352654085,36.635875810131104,0.4696295914849542,False,26.90779352654086,1.1090462487234873,False,63.54366933667199
308,5.132820334201389,1126,598,1325.0,725.0,0.40460301932805065,1.0027675648437602,23.182045385747376,34.272303912411196,0.40460301932805054,False,23.18204538574737,1.0027675648437615,False,57.45434929815864
309,5.1494853352864585,1099,616,1281.0,766.0,0.335448327769508,0.8814868789148153,19.2197734259139,31.28570443206446,0.33544832776950795,False,19.219773425913896,0.8814868789148136,False,50.505477857978256
310,5.166150336371528,1068,632,1229.0,805.0,0.2615660478367118,0.7494854667828843,14.986630604960581,27.95572344809115,0.26156604783671167,False,14.986630604960576,0.7494854667828861,False,42.94235405305183
311,5.1828153374565975,1035,645,1167.0,841.0,0.18703538349272572,0.5926974047350627,10.71633809374401,23.24272172593227,0.18703538349272586,False,10.716338093744017,0.5926974047350626,False,33.95905981967626
312,5.199480338541667,1000,655,1097.0,871.0,0.11111932834987484,0.42208365861726244,6.366668536776227,17.816943703433544,0.11111932834987481,False,6.366668536776225,0.42208365861726094,False,24.183612240209694
313,5.2161453396267365,964,661,1021.0,891.0,0.03532833034555553,0.2429315830794659,2.024164226044285,11.894790194840837,0.0353283303455556,False,2.0241642260442894,0.24293158307946427,False,13.918954420885026
314,5.232810340711806,927,663,942.0,901.0,-0.04138422567684768,0.0629419593073733,-2.3711414697003046,5.977450092296977,-0.04138422567684774,False,-2.371141469700308,0.06294195930737345,False,3.606308622596669
315,5.249475341796876,890,662,860.0,899.0,-0.11771057405607173,-0.12591262568579822,-6.744319097475034,-0.4699429417317292,-0.11771057405607177,False,-6.744319097475037,-0.12591262568579964,False,-7.214262039206842
316,5.266140342881944,853,657,783.0,885.0,-0.1945718481130871,-0.29788240885294875,-11.14814570894038,-5.919259109524013,-0.19457184811308714,False,-11.148145708940383,-0.29788240885294925,False,-17.06740481846442
317,5.282805343967014,818,648,710.0,862.0,-0.26896206961685626,-0.46737893496746485,-15.410391438149695,-11.368448968805405,-0.2689620696168564,False,-15.410391438149704,-0.4673789349674635,False,-26.77884040695503
318,5.299470345052083,784,635,645.0,831.0,-0.34399819202617016,-0.6168629483728425,-19.7096445632304,-15.63399891652986,-0.3439981920261701,False,-19.709644563230395,-0.616862948372841,False,-35.34364347976018
319,5.316135346137153,752,620,588.0,797.0,-0.41716947764980317,-0.7472934492503273,-23.902050411010848,-18.914710288806674,-0.41716947764980317,False,-23.902050411010848,-0.7472934492503285,False,-42.81676069981759
320,5.332800347222222,723,602,539.0,758.0,-0.487987370663628,-0.8675656857591483,-27.95961679471201,-21.748235449660218,-0.4879873706636282,False,-27.959616794712016,-0.8675656857591463,False,-49.70785224437211
321,5.349465348307292,696,583,498.0,720.0,-0.5570364677657884,-0.9655143372054246,-31.9158386378548,-23.404057943387027,-0.5570364677657884,False,-31.9158386378548,-0.9655143372054269,False,-55.319896581241956
322,5.366130349392361,674,563,465.0,683.0,-0.619260855558498,-1.0495915433002148,-35.48103344116242,-24.65613220256247,-0.619260855558498,False,-35.48103344116242,-1.0495915433002168,False,-60.13716564372502
323,5.382795350477431,654,542,437.0,647.0,-0.6804417523634796,-1.120135000714263,-38.98644061491329,-25.192567410897446,-0.6804417523634796,False,-38.98644061491329,-1.1201350007142636,False,-64.17900802581076
324,5.3994603515625,639,524,416.0,615.0,-0.7302394474692695,-1.1833509708457897,-41.83963837395433,-25.961377938217947,-0.7302394474692697,False,-41.83963837395434,-1.1833509708457868,False,-67.80101631217211
325,5.41612535264757,626,506,399.0,584.0,-0.7776703419638107,-1.2398233724737917,-44.55722844702183,-26.479418137402682,-0.7776703419638107,False,-44.55722844702183,-1.2398233724737935,False,-71.03664658442462
326,5.432790353732639,617,492,385.0,558.0,-0.8134282033572947,-1.2936356194613072,-46.606002989282246,-27.513858233642484,-0.8134282033572946,False,-46.60600298928224,-1.2936356194613055,False,-74.11986122292463
327,5.449455354817709,610,480,377.0,536.0,-0.8434177447589901,-1.334926723459239,-48.32427714113224,-28.161390072309736,-0.8434177447589901,False,-48.32427714113224,-1.3349267234592403,False,-76.48566721344206
328,5.466120355902778,606,472,370.0,520.0,-0.8626532631340879,-1.37014344947501,-49.426391160771686,-29.077045821642532,-0.8626532631340877,False,-49.42639116077168,-1.3701434494750089,False,-78.50343698241416
329,5.482785356987847,604,468,366.0,508.0,-0.8723416583312403,-1.4042852524030336,-49.98149531582334,-30.478122879334027,-0.8723416583312402,False,-49.98149531582333,-1.4042852524030351,False,-80.45961819515746
330,5.499450358072917,603,467,366.0,503.0,-0.8754864587770478,-1.420049945674475,-50.16167910877897,-31.201189476150294,-0.8754864587770479,False,-50.16167910877897,-1.420049945674478,False,-81.36286858492942
331,5.516115359157986,605,470,366.0,501.0,-0.867491726732584,-1.4418093530231155,-49.703614704293194,-32.90597608641911,-0.8674917267325841,False,-49.7036147042932,-1.4418093530231175,False,-82.60959079071242
332,5.532780360243056,608,477,369.0,506.0,-0.8513401531787186,-1.4500477050728726,-48.77819770716159,-34.30341588614474,-0.8513401531787186,False,-48.77819770716159,-1.450047705072869,False,-83.08161359330613
333,5.549445361328125,614,487,376.0,518.0,-0.8260008364624667,-1.4412734195993302,-47.32636180357506,-35.25252226385433,-0.8260008364624669,False,-47.326361803575075,-1.4412734195993337,False,-82.57888406742961
334,5.566110362413195,622,500,384.0,534.0,-0.7931499461096552,-1.4288992721907328,-45.44414443311193,-36.42575321273208,-0.7931499461096552,False,-45.44414443311193,-1.4288992721907334,False,-81.86989764584406
335,5.582775363498264,634,517,397.0,556.0,-0.7484918520069236,-1.407701034584656,-42.885424119927336,-37.76990397797297,-0.7484918520069237,False,-42.88542411992734,-1.4077010345846546,False,-80.65532809790024
336,5.599440364583334,648,535,414.0,584.0,-0.699979607510682,-1.3643772218733408,-40.10587725558594,-38.06717922154079,-0.6999796075106821,False,-40.105877255585945,-1.3643772218733403,False,-78.1730564771267
337,5.616105365668403,665,554,434.0,618.0,-0.646063016083317,-1.3005194182946131,-37.01668412106669,-37.497589722023534,-0.6460630160833167,False,-37.016684121066675,-1.3005194182946127,False,-74.51427384309021
338,5.632770366753473,686,574,462.0,657.0,-0.585068339668371,-1.215945283682916,-33.521946589724145,-36.14658628414455,-0.5850683396683709,False,-33.52194658972414,-1.2159452836829132,False,-69.66853287386853
339,5.649435367838542,710,593,496.0,700.0,-0.5209695037339546,-1.1071487177940904,-29.84935381898058,-33.58559500394143,-0.5209695037339546,False,-29.84935381898058,-1.1071487177940895,False,-63.43494882292195
340,5.666100368923611,737,611,539.0,745.0,-0.45338677508910435,-0.9758332788110025,-25.97714869965277,-29.933979684630632,-0.4533867750891045,False,-25.977148699652776,-0.9758332788110025,False,-55.91112838428339
341,5.68276537000868,767,627,592.0,788.0,-0.38281851172048176,-0.8270407424960368,-21.933885041063043,-25.45205898932577,-0.38281851172048187,False,-21.93388504106305,-0.8270407424960382,False,-47.3859440303889
342,5.69943037109375,798,641,655.0,830.0,-0.3126124275649573,-0.6477204930362879,-17.911372722811212,-19.20027783230091,-0.31261242756495733,False,-17.911372722811215,-0.6477204930362888,False,-37.11165055511218
343,5.7160953721788195,830,651,726.0,865.0,-0.24347941387536423,-0.45236989166241065,-13.950342813377386,-11.968542757669043,-0.24347941387536443,False,-13.950342813377397,-0.4523698916624106,False,-25.918885571046413
344,5.732760373263889,863,658,806.0,890.0,-0.17395603775564647,-0.2409177717439294,-9.966946784216944,-3.8366247464063385,-0.1739560377556466,False,-9.966946784216953,-0.2409177717439306,False,-13.80357153062334
345,5.7494253743489585,896,662,889.0,901.0,-0.10541689548121422,-0.02928033234577806,-6.039943200445294,4.362303734291816,-0.10541689548121402,False,-6.039943200445283,-0.029280332345777538,False,-1.6776394661534424
346,5.766090375434028,929,663,973.0,898.0,-0.03724984249520468,0.18509101269405182,-2.1342587625022915,12.739192615673794,-0.0372498424952048,False,-2.1342587625022986,0.18509101269405193,False,10.60493385317152
347,5.7827553765190975,962,661,1052.0,883.0,0.03117492786795272,0.3851575063634742,1.7861917934584648,20.281707768951755,0.03117492786795273,False,1.7861917934584652,0.38515750636347335,False,22.06789956241017
348,5.799420377604167,995,655,1124.0,857.0,0.10071075298929544,0.5683292161581751,5.770301097871168,26.79256436197053,0.10071075298929522,False,5.7703010978711555,0.5683292161581761,False,32.56286545984176
349,5.816085378689237,1027,647,1188.0,826.0,0.16965940324081513,0.7325063645317282,9.720767760406869,32.24875539373254,0.1696594032408152,False,9.720767760406872,0.73250636453173,False,41.96952315413951
350,5.832750379774306,1059,636,1242.0,789.0,0.2408464552414116,0.8744477460319461,13.799485396019369,36.30267985633882,0.24084645524141157,False,13.799485396019367,0.8744477460319473,False,50.10216525235826
351,5.849415380859376,1088,622,1288.0,753.0,0.30879967659957624,0.9909141944010833,17.692918184160447,39.082283014627606,0.3087996765995764,False,17.692918184160458,0.990914194401082,False,56.77520119878799
352,5.866080381944444,1115,606,1326.0,717.0,0.37564023547306535,1.086513748409813,21.522600107907078,40.73005205891417,0.37564023547306524,False,21.52260010790707,1.0865137484098142,False,62.25265216682131
353,5.882745383029514,1139,589,1357.0,683.0,0.4389001870527833,1.1636921547389079,25.14712834562686,41.52752077339729,0.43890018705278333,False,25.14712834562686,1.1636921547389072,False,66.6746491190241
354,5.899410384114583,1159,573,1383.0,651.0,0.49469974887429574,1.2357132291041089,28.344207736678843,42.45694497946915,0.4946997488742957,False,28.34420773667884,1.2357132291041104,False,70.8011527161481
355,5.916075385199653,1176,556,1404.0,623.0,0.547041920013252,1.2849823583573698,31.343193233492503,42.2808726491519,0.5470419200132519,False,31.3431932334925,1.284982358357368,False,73.6240658826443
356,5.932740386284722,1189,542,1419.0,598.0,0.5892764882088065,1.331965127210239,33.76305574065523,42.552924507097266,0.5892764882088066,False,33.76305574065524,1.331965127210239,False,76.3159802477525
357,5.949405387369792,1200,529,1431.0,577.0,0.6272612373056135,1.3659196097577881,35.93942154976563,42.322007243512054,0.6272612373056132,False,35.939421549765626,1.365919609757789,False,78.26142879327773
358,5.966070388454861,1207,520,1440.0,559.0,0.6528466311007743,1.4049517552685251,37.40535663140856,43.09244936497486,0.6528466311007746,False,37.40535663140857,1.4049517552685238,False,80.49780599638333
359,5.982735389539931,1212,514,1446.0,546.0,0.6707116599996773,1.434887224574646,38.42894738819495,43.78403465717262,0.6707116599996774,False,38.428947388194956,1.434887224574645,False,82.2129820453675
360,5.999400390625,1214,511,1449.0,538.0,0.6787805823868757,1.4564042957222372,38.891262586200035,44.55455682340721,0.6787805823868758,False,38.89126258620004,1.456404295722237,False,83.44581940960724
361,6.01606539171007,1213,511,1449.0,533.0,0.6769476322791006,1.47784461778548,38.786242280966476,45.888017094265805,0.6769476322791004,False,38.78624228096646,1.477844617785479,False,84.67425937523223
362,6.0327303927951395,1210,515,1446.0,534.0,0.6655736156141773,1.4904611205126437,38.13455912995491,47.26257260375915,0.6655736156141772,False,38.1345591299549,1.490461120512645,False,85.39713173371413
363,6.049395393880209,1205,523,1441.0,541.0,0.6448990575564433,1.4946725235743694,36.949994209948564,48.688433145030864,0.6448990575564433,False,36.949994209948564,1.4946725235743692,False,85.6384273549794
364,6.066060394965278,1196,533,1432.0,551.0,0.6143292106952641,1.4946725235743694,35.19847100444175,50.43995635053768,0.614329210695264,False,35.19847100444174,1.4946725235743692,False,85.6384273549794
365,6.082725396050347,1185,546,1421.0,568.0,0.5765672697534087,1.47784461778548,33.034871162251164,51.6393882129811,0.5765672697534088,False,33.034871162251164,1.477844617785479,False,84.67425937523223
366,6.099390397135417,1171,561,1406.0,590.0,0.5314946305300106,1.4480128343593874,30.452399163234638,52.5126249263342,0.5314946305300108,False,30.45239916323465,1.448012834359389,False,82.96502408956894
367,6.116055398220486,1153,577,1387.0,617.0,0.4786464841526567,1.4014925486391092,27.424423420722672,52.87518463533153,0.47864648415265654,False,27.42442342072266,1.4014925486391085,False,80.29960805605417
368,6.132720399305556,1132,594,1363.0,649.0,0.42023955300435684,1.3370531459259951,24.0779527716139,52.529549474635004,0.420239553004357,False,24.077952771613912,1.3370531459259958,False,76.60750224624894
369,6.149385400390625,1108,610,1332.0,687.0,0.35826085639682087,1.2397002500907646,20.526835036280296,50.502757155233155,0.35826085639682104,False,20.526835036280307,1.2397002500907632,False,71.02959219151339
370,6.166050401475695,1082,625,1295.0,729.0,0.2945463829994291,1.1165824002000913,16.87626461671119,47.09919439334148,0.29454638299942904,False,16.876264616711186,1.116582400200091,False,63.97545901005266
371,6.182715402560764,1053,638,1248.0,772.0,0.22743660306946167,0.9687266558850535,13.031157462672299,42.47279142136329,0.2274366030694619,False,13.031157462672311,0.9687266558850531,False,55.50394888403558
372,6.199380403645834,1022,648,1191.0,814.0,0.15890526218119308,0.794353147898415,9.104600865402178,36.40848195210828,0.15890526218119305,False,9.104600865402176,0.7943531478984163,False,45.51308281751053
373,6.216045404730903,992,656,1124.0,854.0,0.09425767512363263,0.5880026035475675,5.4005669712993996,28.289500554680394,0.09425767512363281,False,5.40056697129941,0.5880026035475687,False,33.690067525979856
374,6.232710405815973,961,661,1047.0,882.0,0.02909781411771015,0.3711096294205465,1.6671819420009748,19.59583356046034,0.029097814117710286,False,1.6671819420009826,0.3711096294205447,False,21.26301550246122
375,6.249375406901042,931,663,962.0,899.0,-0.033114184906426626,0.13060816994581406,-1.8973030371540585,9.380599944976616,-0.03311418490642648,False,-1.8973030371540502,0.1306081699458126,False,7.483296907822464
376,6.266040407986111,902,662,876.0,900.0,-0.0930911522812464,-0.10881220481724505,-5.333730135725064,-0.9007499598161686,-0.09309115228124654,False,-5.333730135725072,-0.1088122048172444,False,-6.23448009554119
377,6.2827054090711805,872,660,793.0,886.0,-0.15499674192394097,-0.3362805753700938,-8.880659150520245,-10.3867985504171,-0.15499674192394108,False,-8.880659150520252,-0.33628057537009326,False,-19.267457700937324
378,6.29937041015625,842,654,717.0,859.0,-0.21799870468744134,-0.5475622359399975,-12.490405717909185,-18.882599422199263,-0.21799870468744142,False,-12.490405717909189,-0.5475622359399992,False,-31.373005140108557
379,6.3160354112413195,811,646,651.0,825.0,-0.2839589081521227,-0.729409542196857,-16.269646992259617,-25.522441312189812,-0.28395890815212255,False,-16.26964699225961,-0.7294095421968549,False,-41.792088304449315
380,6.332700412326389,781,634,594.0,786.0,-0.35053841072204256,-0.8882784836781006,-20.084371491596443,-30.8102366554391,-0.3505384107220424,False,-20.084371491596432,-0.8882784836780999,False,-50.894608147035505
381,6.3493654134114585,753,620,548.0,748.0,-0.415268257108591,-1.0126356079144385,-23.79311849807581,-34.22662802008595,-0.41526825710859105,False,-23.793118498075813,-1.01263560791444,False,-58.01974651816184
382,6.366030414496528,725,604,509.0,710.0,-0.4823370214477118,-1.1145835250392888,-27.635875631864955,-36.22505626770019,-0.48233702144771184,False,-27.63587563186496,-1.1145835250392864,False,-63.860931899565024
383,6.382695415581598,700,586,476.0,675.0,-0.5465543926284601,-1.1926011936410443,-31.315259971946872,-37.01575506594921,-0.54655439262846,False,-31.31525997194687,-1.192601193641046,False,-68.33101503789618
384,6.399360416666667,679,568,450.0,644.0,-0.6044717026433267,-1.250356387637349,-34.63367739654951,-37.00646650229412,-0.6044717026433268,False,-34.633677396549515,-1.2503563876373462,False,-71.64014389884348
385,6.416025417751737,661,550,430.0,616.0,-0.6580424276698447,-1.2924966677897853,-37.703053846024844,-36.35155025305231,-0.6580424276698444,False,-37.70305384602483,-1.2924966677897842,False,-74.05460409907708
386,6.432690418836806,646,533,412.0,590.0,-0.7060543816094613,-1.3318598862087332,-40.45393617294138,-35.856014209593106,-0.7060543816094613,False,-40.45393617294138,-1.3318598862087327,False,-76.30995038253447
387,6.449355419921876,634,518,400.0,569.0,-0.7470145669458927,-1.356203445303673,-42.800781920792545,-34.90395165620931,-0.747014566945893,False,-42.80078192079256,-1.3562034453036702,False,-77.70473357700169
388,6.466020421006944,626,506,391.0,552.0,-0.7776703419638107,-1.3774957481504624,-44.55722844702183,-34.36746421921543,-0.7776703419638107,False,-44.55722844702183,-1.3774957481504657,False,-78.92469266623746
389,6.482685422092014,620,497,383.0,539.0,-0.8009248658696826,-1.395402106251474,-45.889614521414366,-34.061036890460755,-0.8009248658696828,False,-45.88961452141438,-1.395402106251474,False,-79.95065141187513
390,6.499350423177083,616,491,379.0,531.0,-0.8165407394850939,-1.4035956686761837,-46.784338172987134,-33.635769785000825,-0.8165407394850939,False,-46.784338172987134,-1.4035956686761821,False,-80.42010795798788
391,6.516015424262153,615,489,377.0,525.0,-0.8212642116937181,-1.4206738407791344,-47.05497319518864,-34.34364194609647,-0.8212642116937179,False,-47.05497319518862,-1.4206738407791377,False,-81.39861514128529
392,6.532680425347222,616,491,378.0,527.0,-0.8165407394850939,-1.4206738407791344,-46.784338172987134,-34.614276968297986,-0.8165407394850939,False,-46.784338172987134,-1.4206738407791377,False,-81.39861514128529
393,6.549345426432292,619,496,382.0,533.0,-0.8040295476427131,-1.4159283015648,-46.06749968374021,-35.05921608904971,-0.8040295476427133,False,-46.067499683740216,-1.4159283015647972,False,-81.12671577278975
394,6.566010427517361,624,504,389.0,546.0,-0.7838525695740896,-1.3939401953209174,-44.911443997080056,-34.95544608845013,-0.7838525695740897,False,-44.91144399708006,-1.3939401953209156,False,-79.86689008553009
395,6.582675428602431,632,515,396.0,563.0,-0.7546386373269791,-1.37014344947501,-43.237608976339494,-35.26582800607474,-0.7546386373269791,False,-43.237608976339494,-1.3701434494750089,False,-78.50343698241416
396,6.5993404296875005,642,529,410.0,587.0,-0.7182211099059246,-1.3258176636680326,-41.15103835481112,-34.81271817726242,-0.7182211099059246,False,-41.15103835481112,-1.3258176636680332,False,-75.96375653207356
397,6.61600543077257,656,544,427.0,616.0,-0.6744058215926664,-1.2661718975503518,-38.64060725631255,-33.90569861139346,-0.6744058215926665,False,-38.64060725631255,-1.2661718975503504,False,-72.54630586770594
398,6.6326704318576395,672,561,449.0,649.0,-0.6251974911241791,-1.1949374762518046,-35.82117760358321,-32.643696567659234,-0.6251974911241791,False,-35.82117760358321,-1.194937476251802,False,-68.46487417124229
399,6.649335432942709,691,579,477.0,686.0,-0.5704502810803463,-1.1071487177940904,-32.68439352795536,-30.750555294966652,-0.5704502810803462,False,-32.68439352795536,-1.1071487177940895,False,-63.43494882292195
400,6.666000434027778,713,596,512.0,725.0,-0.5123894603107377,-1.000213563799107,-29.357753542791276,-27.950262274636657,-0.5123894603107377,False,-29.357753542791276,-1.0002135637991074,False,-57.30801581742796
401,6.682665435112847,739,613,556.0,765.0,-0.44782025290507,-0.8776726885922428,-25.658210471941654,-24.628730378293657,-0.4478202529050699,False,-25.658210471941647,-0.8776726885922415,False,-50.28694085023523
402,6.699330436197917,767,628,607.0,804.0,-0.3820448374370518,-0.7378150601204649,-21.8895567699047,-20.384132236189043,-0.38204483743705175,False,-21.889556769904697,-0.737815060120468,False,-42.27368900609392
403,6.715995437282986,797,641,667.0,840.0,-0.31457520461278343,-0.5786679855330974,-18.023831563776795,-15.131401746607063,-0.3145752046127832,False,-18.023831563776785,-0.5786679855330981,False,-33.1552333103839
404,6.732660438368056,829,651,735.0,869.0,-0.24547816358482275,-0.40710417205598876,-14.064862736032358,-9.260488144943505,-0.24547816358482288,False,-14.064862736032365,-0.4071041720559876,False,-23.325350880975794
405,6.749325439453125,861,658,809.0,890.0,-0.178011881248316,-0.2204937613666717,-10.199329498712506,-2.4340324365624935,-0.1780118812483158,False,-10.199329498712496,-0.2204937613666722,False,-12.63336193527504
406,6.765990440538195,894,662,886.0,901.0,-0.10951852888535858,-0.033460310449650164,-6.274949483612643,4.3578149136502,-0.10951852888535862,False,-6.274949483612645,-0.03346031044965159,False,-1.9171345699625217
407,6.782655441623264,927,663,963.0,899.0,-0.04138422567684768,0.15137544373402623,-2.3711414697003046,11.044315517580074,-0.04138422567684774,False,-2.371141469700308,0.15137544373402534,False,8.673174047879716
408,6.799320442708334,959,661,1038.0,887.0,0.024942850963658336,0.3362805753700938,1.429120089241441,17.838337611695902,0.024942850963658447,False,1.4291200892414473,0.33628057537009326,False,19.267457700937324
409,6.815985443793403,991,656,1106.0,866.0,0.09217503755646181,0.5010133868035894,5.2812406284451185,23.424711914955964,0.09217503755646161,False,5.281240628445107,0.5010133868035886,False,28.705952543401043
410,6.832650444878473,1023,648,1167.0,839.0,0.16098781377080748,0.6460094647365517,9.223922282105343,27.789693572804445,0.16098781377080762,False,9.22392228210535,0.6460094647365509,False,37.013615854909744
411,6.849315445963542,1053,637,1221.0,808.0,0.22791723710668668,0.7765488368811906,13.058695764495624,31.434275174589615,0.22791723710668688,False,13.058695764495637,0.7765488368811901,False,44.492970939085204
412,6.865980447048611,1081,625,1267.0,775.0,0.2924872969984993,0.8921338360465839,16.75828767920344,34.35721588708197,0.29248729699849907,False,16.758287679203427,0.8921338360465825,False,51.11550356628533
413,6.8826454481336805,1107,611,1305.0,742.0,0.35546111005261216,0.986298381795645,20.366421387049957,36.14431323042322,0.3554611100526124,False,20.366421387049968,0.9862983817956454,False,56.51073461747319
414,6.89931044921875,1129,596,1338.0,710.0,0.4124104415973873,1.0714496051147666,23.629377730656817,37.760162603377964,0.4124104415973875,False,23.629377730656827,1.0714496051147648,False,61.389540334034685
415,6.9159754503038195,1149,580,1364.0,681.0,0.4676396037632291,1.1316259374696727,26.793775628803157,38.04361457574428,0.4676396037632289,False,26.793775628803143,1.1316259374696713,False,64.83739020454738
416,6.932640451388889,1166,566,1386.0,654.0,0.5160717807237782,1.1902899496825317,29.568734961273368,38.62985555237482,0.5160717807237782,False,29.568734961273368,1.1902899496825299,False,68.19859051364809
417,6.949305452473959,1178,553,1402.0,630.0,0.5544920661514672,1.2397002500907646,31.77005516396792,39.25953702754554,0.5544920661514672,False,31.77005516396792,1.2397002500907632,False,71.02959219151339
418,6.965970453559028,1188,542,1415.0,609.0,0.5873648485319918,1.2837911419237478,33.653526855223994,39.902287353287235,0.5873648485319918,False,33.653526855223994,1.2837911419237464,False,73.55581420851115
419,6.982635454644098,1195,533,1424.0,593.0,0.6124350398235386,1.3145476490359826,35.089943007815265,40.22808925079113,0.6124350398235388,False,35.089943007815265,1.3145476490359833,False,75.31803225860642
420,6.999300455729167,1200,528,1430.0,581.0,0.6286254046672671,1.3443150398608537,36.01758258213789,41.00599553785005,0.6286254046672672,False,36.0175825821379,1.3443150398608523,False,77.02357811998787
421,7.015965456814237,1201,526,1433.0,573.0,0.6332498369642735,1.3709152708204868,36.282543035400344,42.26511605264782,0.6332498369642736,False,36.28254303540035,1.3709152708204861,False,78.54765908804812
422,7.032630457899306,1201,526,1433.0,569.0,0.6332498369642735,1.387531164727341,36.282543035400344,43.2171366463477,0.6332498369642736,False,36.28254303540035,1.387531164727342,False,79.4996796817481
423,7.049295458984376,1198,530,1431.0,570.0,0.6221388224662086,1.4007798157852047,35.64592879855255,44.61284267305261,0.6221388224662086,False,35.64592879855255,1.4007798157852065,False,80.25877147160527
424,7.065960460069444,1192,538,1425.0,577.0,0.6001503435706389,1.4049517552685251,34.38608175992393,46.11172423645949,0.6001503435706388,False,34.386081759923925,1.4049517552685238,False,80.49780599638333
425,7.082625461154514,1183,547,1416.0,587.0,0.5714751829448468,1.4007798157852047,32.743116079206324,47.51565539239884,0.5714751829448468,False,32.743116079206324,1.4007798157852065,False,80.25877147160527
426,7.099290462239583,1171,559,1404.0,603.0,0.5337970805279163,1.3841530407361171,30.584319830654543,48.721807603724486,0.5337970805279162,False,30.584319830654536,1.3841530407361162,False,79.30612743437896
427,7.115955463324653,1157,573,1388.0,625.0,0.49074940529600175,1.3493788766188746,28.11786972201599,49.19584487234976,0.49074940529600175,False,28.11786972201599,1.349378876618875,False,77.31371459436578
428,7.132620464409722,1139,588,1367.0,650.0,0.4398425828157362,1.305286668004985,25.20112364547507,49.58629348590443,0.4398425828157362,False,25.20112364547507,1.3052866680049853,False,74.78741713137953
429,7.149285465494792,1118,603,1341.0,681.0,0.3841693643925995,1.2343212676931672,22.01128319791936,48.7101160041366,0.38416936439259963,False,22.01128319791937,1.2343212676931685,False,70.72139920205605
430,7.1659504665798615,1095,617,1311.0,716.0,0.32654832430059016,1.1410340476982082,18.709840789493118,46.66659442434326,0.3265483243005902,False,18.70984078949312,1.1410340476982093,False,65.37643521383646
431,7.182615467664931,1068,631,1271.0,753.0,0.26211984126547283,1.0296527136892508,15.018360631150669,43.97639422743551,0.2621198412654726,False,15.018360631150657,1.0296527136892522,False,58.99475485858627
432,7.1992804687500005,1040,642,1223.0,792.0,0.19864399865196167,0.884174755465111,11.381462748359818,39.27801909180267,0.1986439986519617,False,11.38146274835982,0.8841747554651107,False,50.659481840162464
433,7.21594546983507,1011,651,1167.0,830.0,0.13505395999403508,0.716849019645583,7.7380219141868745,33.33440145959568,0.13505395999403502,False,7.738021914186872,0.7168490196455828,False,41.07242337378253
434,7.2326104709201395,981,658,1101.0,862.0,0.07101011124067928,0.5317240672588056,4.068579676845409,26.396965242614463,0.07101011124067913,False,4.0685796768454,0.531724067258807,False,30.465544919459965
435,7.249275472005209,951,661,1026.0,887.0,0.008315816623354337,0.3204225339290187,0.4764611957229348,17.88239765929725,0.008315816623354344,False,0.4764611957229352,0.320422533929019,False,18.358858855020213
436,7.265940473090278,922,663,946.0,900.0,-0.051713685607410506,0.10092178466729385,-2.962975928371051,8.745368250735105,-0.0517136856074103,False,-2.9629759283710393,0.10092178466729251,False,5.782392322363964
437,7.282605474175347,894,662,865.0,899.0,-0.10951852888535858,-0.12175759779046096,-6.274949483612643,-0.7012469934321564,-0.10951852888535862,False,-6.274949483612645,-0.12175759779045947,False,-6.976196477044725
438,7.299270475260417,865,658,786.0,884.0,-0.1698944044985329,-0.3362805753700938,-9.734232340654364,-9.533225360283001,-0.1698944044985331,False,-9.734232340654374,-0.33628057537009326,False,-19.267457700937324
439,7.315935476345486,836,652,716.0,860.0,-0.23097257555733408,-0.5232783221319756,-13.233753762701761,-16.747885606147577,-0.2309725755573342,False,-13.233753762701767,-0.5232783221319757,False,-29.981639368849343
440,7.332600477430556,807,644,653.0,828.0,-0.2930378208285154,-0.6968727446734324,-16.789830371184742,-23.138036756300746,-0.29303782082851537,False,-16.78983037118474,-0.6968727446734349,False,-39.927867127485634
441,7.349265478515625,779,633,598.0,793.0,-0.35513696533334255,-0.8469040651204465,-20.347849262684356,-28.17617932118985,-0.3551369653333425,False,-20.347849262684353,-0.846904065120448,False,-48.524028583874305
442,7.365930479600695,752,620,554.0,757.0,-0.41716947764980317,-0.9655143372054246,-23.902050411010848,-31.417846170230984,-0.41716947764980317,False,-23.902050411010848,-0.9655143372054269,False,-55.319896581241956
443,7.382595480685764,727,605,515.0,721.0,-0.47766538236274925,-1.0701286019201606,-27.368210428888244,-33.94564199737232,-0.47766538236274947,False,-27.368210428888254,-1.0701286019201603,False,-61.31385242626055
444,7.399260481770834,704,589,484.0,689.0,-0.5360936440529278,-1.1441688336680205,-30.71590322802139,-34.840141991562085,-0.5360936440529276,False,-30.715903228021375,-1.1441688336680187,False,-65.55604521958337
445,7.415925482855903,684,572,460.0,659.0,-0.5909403154255973,-1.2003359795629696,-33.85838601801635,-34.915799608643255,-0.5909403154255974,False,-33.858386018016354,-1.200335979562972,False,-68.77418562665973
446,7.432590483940973,667,556,438.0,633.0,-0.6400881527617461,-1.246427977330937,-36.67434966957316,-34.74071289851738,-0.6400881527617459,False,-36.67434966957315,-1.2464279773309386,False,-71.41506256809063
447,7.449255485026042,653,542,422.0,610.0,-0.6821085249214353,-1.2845105283909855,-39.081939647892376,-34.51509236903039,-0.6821085249214351,False,-39.08193964789237,-1.2845105283909888,False,-73.59703201692297
448,7.465920486111111,642,529,410.0,591.0,-0.7182211099059246,-1.3096574544123287,-41.15103835481112,-33.88680639086233,-0.7182211099059246,False,-41.15103835481112,-1.3096574544123314,False,-75.03784474567361
449,7.4825854871961806,634,518,400.0,575.0,-0.7470145669458927,-1.3318598862087332,-42.800781920792545,-33.50916846174196,-0.747014566945893,False,-42.80078192079256,-1.3318598862087327,False,-76.30995038253447
450,7.49925048828125,628,511,394.0,564.0,-0.766938721912654,-1.3480586872784857,-43.942351910752585,-33.29572140625074,-0.7669387219126538,False,-43.94235191075257,-1.3480586872784883,False,-77.23807331700345
451,7.51591548936632,626,507,391.0,557.0,-0.7761391687353252,-1.3611564809206842,-44.46949868332619,-33.51902293030838,-0.776139168735325,False,-44.46949868332618,-1.361156480920684,False,-77.98852161363456
452,7.532580490451389,625,506,389.0,554.0,-0.7792254022926673,-1.37014344947501,-44.64632684075354,-33.85711014166069,-0.7792254022926675,False,-44.646326840753545,-1.3701434494750089,False,-78.50343698241416
453,7.549245491536459,626,508,392.0,557.0,-0.7746127572758311,-1.3643772218733408,-44.382041748896775,-33.79101472822995,-0.7746127572758312,False,-44.38204174889678,-1.3643772218733403,False,-78.1730564771267
454,7.565910492621528,630,514,396.0,565.0,-0.7592904255398809,-1.356203445303673,-43.50413680812747,-34.20059676887439,-0.7592904255398807,False,-43.504136808127456,-1.3562034453036702,False,-77.70473357700169
455,7.582575493706598,636,522,403.0,578.0,-0.7379605781636752,-1.334926723459239,-42.28202657581269,-34.203640637629285,-0.7379605781636753,False,-42.282026575812694,-1.3349267234592403,False,-76.48566721344206
456,7.599240494791667,645,533,414.0,597.0,-0.707692347580146,-1.3005194182946131,-40.547784710047665,-33.96648913304256,-0.7076923475801458,False,-40.54778471004765,-1.3005194182946127,False,-74.51427384309021
457,7.615905495876737,656,546,430.0,622.0,-0.6717349392536722,-1.24639325872525,-38.487576970712155,-32.92549636780193,-0.671734939253672,False,-38.48757697071214,-1.2463932587252486,False,-71.41307333851401
458,7.632570496961806,670,560,449.0,651.0,-0.6298907199997307,-1.1801892830972098,-36.090079810441246,-31.52978513759918,-0.6298907199997306,False,-36.09007981044124,-1.1801892830972065,False,-67.61986494804023
459,7.649235498046875,688,576,473.0,682.0,-0.5792103330446924,-1.1127456742754576,-33.18630753382767,-30.569323273595057,-0.5792103330446925,False,-33.18630753382768,-1.112745674275459,False,-63.75563080742281
460,7.665900499131944,707,592,505.0,718.0,-0.5274705837654604,-1.013087483166104,-30.22183826706264,-27.823798795885953,-0.5274705837654605,False,-30.221838267062648,-1.0130874831661032,False,-58.04563706294855
461,7.682565500217014,730,607,542.0,754.0,-0.47018346364673724,-0.9071805800104992,-26.939528063800815,-25.038090427030887,-0.47018346364673747,False,-26.93952806380083,-0.9071805800104968,False,-51.97761849083157
462,7.699230501302083,756,622,588.0,790.0,-0.4078915045851045,-0.7853981633974483,-23.370461711967554,-21.62953828803244,-0.4078915045851046,False,-23.37046171196756,-0.7853981633974456,False,-44.999999999999844
463,7.715895502387153,784,635,641.0,825.0,-0.34399819202617016,-0.6451831929932239,-19.7096445632304,-17.2566294080558,-0.3439981920261701,False,-19.709644563230395,-0.6451831929932226,False,-36.96627397128612
464,7.7325605034722225,813,646,702.0,856.0,-0.2799993740821471,-0.4862426330875049,-16.042782401211756,-11.81686829403051,-0.27999937408214715,False,-16.04278240121176,-0.4862426330875067,False,-27.859650695242372
465,7.749225504557292,844,654,768.0,880.0,-0.2139730948805034,-0.3244030680696465,-12.259755266005167,-6.327171395480726,-0.2139730948805032,False,-12.259755266005156,-0.32440306806964614,False,-18.586926661485883
466,7.7658905056423615,874,659,840.0,895.0,-0.1512371215826157,-0.1430832936681563,-8.665248772390774,0.46717992637447525,-0.1512371215826156,False,-8.665248772390767,-0.14308329366815542,False,-8.198068846016241
467,7.782555506727431,906,662,913.0,901.0,-0.0848579683993512,0.02928033234577806,-4.862003447337333,6.539642913490809,-0.08485796839935134,False,-4.862003447337341,0.029280332345777538,False,1.6776394661534424
468,7.7992205078125005,937,662,986.0,895.0,-0.020743912017768002,0.20727991668300638,-1.1885386092088142,13.064803012968431,-0.02074391201776793,False,-1.18853860920881,0.2072799166830066,False,11.87626440375962
469,7.81588550889757,968,659,1055.0,882.0,0.04381327986561159,0.3719728371687995,2.5103160229250507,18.80215764035416,0.043813279865611676,False,2.5103160229250556,0.3719728371687978,False,21.312473663279114
470,7.83255050998264,999,653,1119.0,861.0,0.10949685966172691,0.5232783221319756,6.273707928553223,23.707931440296107,0.10949685966172673,False,6.273707928553213,0.5232783221319757,False,29.981639368849343
471,7.849215511067708,1028,645,1175.0,834.0,0.17246307152683013,0.6610431688506869,9.881406120350205,27.993577530748,0.17246307152683027,False,9.881406120350213,0.6610431688506857,False,37.874983651098134
472,7.865880512152778,1056,635,1225.0,805.0,0.2351293185949974,0.7824483194462039,13.471917595280258,31.359068796091247,0.2351293185949972,False,13.471917595280246,0.7824483194462033,False,44.83098639137147
473,7.882545513237847,1082,623,1266.0,774.0,0.2958000970528191,0.8835888388388599,16.948097140686677,33.67781414964507,0.29580009705281896,False,16.948097140686667,0.8835888388388611,False,50.625911290331814
474,7.899210514322917,1105,610,1302.0,743.0,0.3521279473335379,0.9769594837265746,20.175445230816653,35.800209941995895,0.35212794733353814,False,20.175445230816667,0.9769594837265743,False,55.97565517281254
475,7.915875515407986,1126,597,1333.0,715.0,0.4054704899241849,1.0526913365865693,23.231747789757566,37.08302292663845,0.405470489924185,False,23.23174778975757,1.0526913365865695,False,60.31477071639602
476,7.932540516493056,1144,583,1357.0,687.0,0.4546747690575024,1.1165824002000913,26.050945318080284,37.92451369197241,0.45467476905750237,False,26.05094531808028,1.116582400200091,False,63.97545901005266
477,7.949205517578125,1158,570,1376.0,664.0,0.4959270085888467,1.1636921547389079,28.414524538689044,38.260124580335095,0.49592700858884653,False,28.414524538689033,1.1636921547389072,False,66.6746491190241
478,7.965870518663195,1170,559,1392.0,643.0,0.5318393676157258,1.2090670852749643,30.47215114328776,38.802289991151696,0.531839367615726,False,30.472151143287775,1.2090670852749632,False,69.2744411344394
479,7.982535519748264,1179,550,1403.0,626.0,0.560055624993641,1.2436982297891037,32.088823604697176,39.16983595011009,0.560055624993641,False,32.088823604697176,1.2436982297891035,False,71.25865955480727
480,7.999200520833334,1185,544,1411.0,613.0,0.5790742693677309,1.2744753631401817,33.17851165939275,39.843547741942615,0.5790742693677311,False,33.17851165939276,1.2744753631401835,False,73.02205940133548
481,8.015865521918403,1188,540,1415.0,605.0,0.5899232157826814,1.2919149342893808,33.800110501133,40.221162723569606,0.5899232157826813,False,33.80011050113299,1.2919149342893803,False,74.02127322470257
482,8.032530523003473,1189,539,1417.0,599.0,0.5931274786030614,1.313472611823808,33.983701237191454,41.2727359263378,0.5931274786030611,False,33.98370123719145,1.3134726118238085,False,75.2564371635293
483,8.049195524088542,1187,541,1416.0,600.0,0.5867230137149168,1.3186382998403725,33.616752429061044,41.93565685609867,0.5867230137149169,False,33.61675242906105,1.318638299840373,False,75.55240928515974
484,8.065860525173612,1183,546,1412.0,604.0,0.5727171699074196,1.3227375912726034,32.81427669037202,42.97300469284867,0.5727171699074196,False,32.81427669037202,1.3227375912726025,False,75.78728138322063
485,8.082525526258681,1176,553,1404.0,613.0,0.5506072355687313,1.313472611823808,31.547470767453806,43.70896639607545,0.550607235568731,False,31.54747076745379,1.3134726118238085,False,75.2564371635293
486,8.099190527343751,1166,563,1394.0,627.0,0.5194272500277021,1.2971370057128062,29.7609891906739,44.559486686906844,0.519427250027702,False,29.760989190673897,1.2971370057128055,False,74.3204758775807
487,8.11585552842882,1153,575,1379.0,645.0,0.4807142249058978,1.270432885249984,27.542896239010588,45.247546240441515,0.48071422490589777,False,27.542896239010584,1.2704328852499849,False,72.79044247945215
488,8.13252052951389,1137,588,1360.0,667.0,0.4358217908601505,1.2303313799353668,24.97074923611986,45.52204623668323,0.4358217908601505,False,24.97074923611986,1.2303313799353681,False,70.49279547280317
489,8.149185530598958,1119,601,1336.0,695.0,0.3878561835153489,1.1620178304868094,22.222522373481024,44.35619503236149,0.3878561835153489,False,22.222522373481024,1.1620178304868105,False,66.57871740584257
490,8.165850531684027,1097,614,1307.0,726.0,0.3327693921715965,1.0808390005411683,19.066281722566217,42.861231341580826,0.3327693921715964,False,19.06628172256621,1.080839000541168,False,61.927513064147035
491,8.182515532769097,1073,627,1271.0,759.0,0.27475042812318345,0.982793723247329,15.742039950870891,40.56789252314932,0.2747504281231836,False,15.742039950870902,0.9827937232473296,False,56.30993247402024
492,8.199180533854166,1047,638,1226.0,793.0,0.21496697296586353,0.8571311600719476,12.316700285646846,36.79329767562794,0.21496697296586342,False,12.316700285646839,0.8571311600719476,False,49.10999796127478
493,8.215845534939236,1019,648,1175.0,826.0,0.15264932839526515,0.7196249120138116,8.74616226255521,32.48530802830942,0.15264932839526502,False,8.7461622625552,0.7196249120138134,False,41.23147029086472
494,8.232510536024305,991,655,1116.0,857.0,0.0923679895441039,0.5541370513421143,5.29229596298567,26.4574183507417,0.09236798954410386,False,5.292295962985668,0.5541370513421136,False,31.749714313727317
495,8.249175537109375,962,659,1048.0,880.0,0.03130500973207262,0.3711096294205465,1.7936449352637291,19.46937056719759,0.03130500973207262,False,1.7936449352637291,0.3711096294205447,False,21.26301550246122
496,8.265840538194444,933,662,975.0,896.0,-0.029037479172645066,0.1775961672834879,-1.6637250042915919,11.839235847334809,-0.029037479172644876,False,-1.663725004291581,0.1775961672834896,False,10.175510843043304
497,8.282505539279514,904,661,900.0,900.0,-0.08916007580188726,-0.01673483927434091,-5.108496044514639,4.149660383265134,-0.08916007580188712,False,-5.108496044514631,-0.01673483927434205,False,-0.9588356612495726
498,8.299170540364583,876,659,825.0,892.0,-0.14715401552293317,-0.21548569150556338,-8.431304027866672,-3.9151166408601523,-0.14715401552293317,False,-8.431304027866672,-0.21548569150556318,False,-12.346420668726825
499,8.315835541449653,848,654,755.0,875.0,-0.2059008225558759,-0.39832013937745453,-11.797248130723753,-11.02481475066709,-0.20590082255587605,False,-11.797248130723762,-0.3983201393774536,False,-22.8220628813908
500,8.332500542534722,819,647,692.0,851.0,-0.26751993472402574,-0.5568348707696853,-15.327763195301955,-16.576524785513634,-0.2675199347240258,False,-15.327763195301957,-0.5568348707696842,False,-31.904287980815514
501,8.349165543619792,792,638,635.0,820.0,-0.3263286780690382,-0.7117851063864423,-18.697255987439235,-22.085026528774215,-0.3263286780690384,False,-18.69725598743925,-0.7117851063864435,False,-40.78228251621351
502,8.365830544704862,766,626,587.0,788.0,-0.3855217671581039,-0.8352102961395945,-22.08877016858458,-25.76525480608582,-0.38552176715810393,False,-22.088770168584585,-0.8352102961395929,False,-47.8540249746703
503,8.382495545789931,741,613,546.0,755.0,-0.44406056201904964,-0.9413904702019925,-25.44279605189889,-28.494904764511364,-0.4440605620190494,False,-25.442796051898874,-0.9413904702019948,False,-53.93770081641039
504,8.399160546875,718,599,512.0,724.0,-0.5001824226388475,-1.0253946613414127,-28.658341803834762,-30.09244462627453,-0.5001824226388476,False,-28.65834180383477,-1.0253946613414158,False,-58.75078643010948
505,8.41582554796007,698,584,485.0,696.0,-0.5523452088131934,-1.0867054695403617,-31.647049299268144,-30.616587679177016,-0.5523452088131933,False,-31.647049299268136,-1.0867054695403624,False,-62.263636978445206
506,8.43249054904514,680,569,461.0,669.0,-0.6015232375619203,-1.1424500316480142,-34.46474279134322,-30.992822326675327,-0.6015232375619202,False,-34.46474279134322,-1.1424500316480177,False,-65.45756511801875
507,8.44915555013021,666,556,443.0,646.0,-0.6417968070774173,-1.1872011564167917,-36.77224835050793,-31.24936734522492,-0.6417968070774172,False,-36.77224835050792,-1.1872011564167906,False,-68.02161569573279
508,8.465820551215279,654,543,429.0,626.0,-0.6790931075803461,-1.2173940773767766,-38.90916896077741,-30.842373677134656,-0.6790931075803464,False,-38.90916896077742,-1.217394077376774,False,-69.75154263791192
509,8.482485552300348,645,533,417.0,610.0,-0.707692347580146,-1.2451036114792646,-40.547784710047665,-30.7913972842108,-0.7076923475801458,False,-40.54778471004765,-1.2451036114792657,False,-71.33918199425852
510,8.499150553385418,639,526,409.0,597.0,-0.7273594434630722,-1.2713810851414065,-41.674626299418456,-31.170144031946922,-0.7273594434630724,False,-41.67462629941846,-1.2713810851414067,False,-72.84477033136538
511,8.515815554470487,636,521,405.0,589.0,-0.7394183235769584,-1.2845105283909855,-42.365549235598365,-31.231482781324402,-0.7394183235769582,False,-42.36554923559836,-1.2845105283909888,False,-73.59703201692297
512,8.532480555555557,634,519,402.0,584.0,-0.7455419802549248,-1.2976277516072299,-42.71640891843295,-31.632184627711652,-0.7455419802549246,False,-42.71640891843293,-1.29762775160723,False,-74.34859354614461
513,8.549145556640624,635,520,404.0,585.0,-0.7424797493187438,-1.2965035152647124,-42.54095600989538,-31.743223538647754,-0.7424797493187438,False,-42.54095600989538,-1.2965035152647104,False,-74.28417954854301
514,8.565810557725694,638,524,408.0,591.0,-0.7318506269207975,-1.2873361631410276,-41.93195215656508,-31.826976805980603,-0.7318506269207976,False,-41.93195215656509,-1.2873361631410276,False,-73.7589289625457
515,8.582475558810764,644,531,415.0,603.0,-0.7121350296582089,-1.2661718975503518,-40.80233164283908,-31.743974224866946,-0.7121350296582087,False,-40.80233164283907,-1.2661718975503504,False,-72.54630586770594
516,8.599140559895833,652,541,425.0,620.0,-0.6851258285165956,-1.2358886369254987,-39.25481840940471,-31.556384434602517,-0.6851258285165955,False,-39.254818409404706,-1.2358886369255018,False,-70.8112028440074
517,8.615805560980903,662,552,440.0,641.0,-0.6537440284069896,-1.189513552323006,-37.45677370960111,-30.697332512121168,-0.6537440284069898,False,-37.45677370960111,-1.1895135523230067,False,-68.1541062217223
518,8.632470562065972,675,565,458.0,666.0,-0.615070740664981,-1.135178757753937,-35.24095754208899,-29.799994270115278,-0.6150707406649811,False,-35.240957542089,-1.135178757753934,False,-65.0409518122041
519,8.649135563151042,691,579,482.0,695.0,-0.5704502810803463,-1.0641041612668274,-32.68439352795536,-28.284283874942183,-0.5704502810803462,False,-32.68439352795536,-1.064104161266826,False,-60.96867740289746
520,8.665800564236111,710,593,512.0,727.0,-0.5209695037339546,-0.9758332788110025,-29.84935381898058,-26.061774565302805,-0.5209695037339546,False,-29.84935381898058,-0.9758332788110025,False,-55.91112838428339
521,8.68246556532118,732,608,548.0,761.0,-0.4655150204622276,-0.8771281411474733,-26.672045972431796,-23.58369460747359,-0.46551502046222737,False,-26.672045972431786,-0.8771281411474732,False,-50.25574057990537
522,8.69913056640625,756,621,590.0,793.0,-0.4087169042412234,-0.7676485483409506,-23.417753628674717,-20.56526834060612,-0.4087169042412233,False,-23.417753628674713,-0.7676485483409508,False,-43.983021969280834
523,8.71579556749132,782,634,639.0,824.0,-0.3485941376501304,-0.6451831929932239,-19.972972850354942,-16.993301120931264,-0.34859413765013025,False,-19.97297285035493,-0.6451831929932226,False,-36.96627397128612
524,8.73246056857639,810,644,696.0,852.0,-0.28710124886694083,-0.5013655614676703,-16.449689853010817,-12.276440812293533,-0.28710124886694066,False,-16.44968985301081,-0.5013655614676686,False,-28.726130665304265
525,8.749125569661459,839,652,758.0,876.0,-0.22494126505117096,-0.3469776052196545,-12.888185125765702,-6.9921672388769505,-0.22494126505117107,False,-12.888185125765707,-0.34697760521965293,False,-19.880352364642555
526,8.765790570746528,869,658,825.0,891.0,-0.16175425732195498,-0.18664328605877953,-9.267836262821115,-1.4260363027998615,-0.16175425732195503,False,-9.267836262821117,-0.18664328605877856,False,-10.693872565620929
527,8.782455571831598,899,661,894.0,899.0,-0.09946280646689776,-0.021005313472176913,-5.698799029079752,4.495283219774725,-0.09946280646689765,False,-5.698799029079746,-0.021005313472176823,False,-1.203515809305021
528,8.799120572916667,929,661,963.0,897.0,-0.037404583367481835,0.1430832936681563,-2.1431247614019453,10.341193607418239,-0.03740458336748187,False,-2.1431247614019475,0.14308329366815542,False,8.198068846016241
529,8.815785574001737,959,659,1030.0,887.0,0.02504695301799658,0.3018856181454772,1.435084697593664,15.861687117840171,0.025046953017996643,False,1.4350846975936675,0.30188561814547654,False,17.29677181543379
530,8.832450575086806,988,654,1092.0,870.0,0.08628313113277285,0.4487233440107211,4.943659257081722,20.766294523729556,0.08628313113277297,False,4.9436592570817295,0.44872334401071967,False,25.709953780811183
531,8.849115576171876,1016,648,1149.0,846.0,0.1463813294789799,0.5914909614909966,8.38703237865949,25.502903334909707,0.14638132947897997,False,8.387032378659494,0.5914909614909973,False,33.88993571356925
532,8.865780577256945,1043,639,1198.0,820.0,0.20617827003191186,0.708171106023464,11.81314470013717,28.76207084811886,0.20617827003191191,False,11.813144700137174,0.7081711060234639,False,40.57521554825603
533,8.882445578342015,1068,629,1242.0,791.0,0.26323432915257455,0.8210972760767723,15.08221608340005,31.963192405487185,0.2632343291525747,False,15.08221608340006,0.8210972760767739,False,47.04540848888732
534,8.899110579427084,1091,617,1279.0,763.0,0.31831414180665457,0.9104900774865703,18.2380568848501,33.92918184366968,0.3183141418066544,False,18.238056884850092,0.9104900774865712,False,52.16723872851982
535,8.915775580512154,1111,605,1310.0,736.0,0.3682770642610969,0.9886143792812577,21.100721473629058,35.54271002513262,0.36827706426109685,False,21.100721473629054,0.988614379281259,False,56.64343149876176
536,8.932440581597223,1128,593,1336.0,709.0,0.41304536214699067,1.0620665024793434,23.665755998475216,37.18617215581174,0.4130453621469905,False,23.665755998475206,1.0620665024793432,False,60.851928154286945
537,8.949105582682291,1143,582,1356.0,686.0,0.45364794231414085,1.1165824002000913,25.992112479394503,37.983346530658174,0.45364794231414063,False,25.99211247939449,1.116582400200091,False,63.97545901005266
538,8.96577058376736,1155,572,1372.0,666.0,0.48783643865964244,1.1620178304868094,27.95096902789018,38.62774837795232,0.48783643865964255,False,27.95096902789019,1.1620178304868105,False,66.57871740584257
539,8.98243558485243,1164,563,1385.0,649.0,0.5154831269662883,1.19968669737435,29.535007585374675,39.20197691216401,0.5154831269662883,False,29.535007585374675,1.19968669737435,False,68.73698449753869
540,8.9991005859375,1171,557,1393.0,636.0,0.5361176104998975,1.2289142642678519,30.717276404282675,39.69432432168995,0.5361176104998977,False,30.717276404282686,1.2289142642678534,False,70.41160072597272
541,9.01576558702257,1175,553,1399.0,628.0,0.5486578387979668,1.247707085112259,31.435778559892572,40.05257148561006,0.5486578387979666,False,31.435778559892558,1.2477070851122605,False,71.48835004550271
542,9.032430588107639,1176,552,1401.0,623.0,0.5518049525334213,1.26513017608456,31.616094894581764,40.8705247297062,0.5518049525334212,False,31.61609489458176,1.2651301760845612,False,72.48661962428804
543,9.049095589192708,1174,553,1400.0,623.0,0.5467037851779615,1.270432885249984,31.323819534524006,41.46662294492808,0.5467037851779617,False,31.323819534524016,1.2704328852499849,False,72.79044247945215
544,9.065760590277778,1170,557,1396.0,627.0,0.5341548993733293,1.270432885249984,30.60482134032695,42.18562113912515,0.5341548993733292,False,30.604821340326943,1.2704328852499849,False,72.79044247945215
545,9.082425591362847,1164,564,1389.0,635.0,0.5143654982476019,1.26513017608456,29.47097217673133,43.015647447556624,0.514365498247602,False,29.470972176731337,1.2651301760845612,False,72.48661962428804
546,9.099090592447917,1155,572,1378.0,648.0,0.48783643865964244,1.2423344637669318,27.95096902789018,43.22955248960331,0.48783643865964255,False,27.95096902789019,1.2423344637669302,False,71.18052151749339
547,9.115755593532986,1143,582,1363.0,665.0,0.45364794231414085,1.21003461883674,25.992112479394503,43.337764244671945,0.45364794231414063,False,25.99211247939449,1.2100346188367403,False,69.32987672406648
548,9.132420594618056,1128,593,1344.0,687.0,0.41304536214699067,1.1603304622311306,23.665755998475216,42.81628232783253,0.4130453621469905,False,23.665755998475206,1.16033046223113,False,66.48203832630772
549,9.149085595703125,1110,605,1321.0,712.0,0.3662274618610015,1.1014777010842596,20.98328790642371,42.126735593476816,0.3662274618610013,False,20.983287906423698,1.10147770108426,False,63.11002349990056
550,9.165750596788195,1090,617,1292.0,741.0,0.3162485466426769,1.0202469270110288,18.119706999771545,40.33613597915215,0.31624854664267676,False,18.119706999771537,1.02024692701103,False,58.45584297892376
551,9.182415597873264,1067,628,1256.0,772.0,0.26171350240120506,0.9197196053504169,14.995079129175986,37.70097259284058,0.26171350240120494,False,14.995079129175979,0.9197196053504157,False,52.69605172201651
552,9.199080598958334,1043,639,1213.0,802.0,0.20617827003191186,0.806416088959574,11.81314470013717,34.39109372869275,0.20617827003191191,False,11.813144700137174,0.8064160889595726,False,46.20423842882985
553,9.215745600043403,1017,647,1163.0,832.0,0.14878523556799514,0.6681141339945177,8.524766051905862,29.755354059017947,0.14878523556799506,False,8.524766051905859,0.6681141339945178,False,38.28012011092383
554,9.232410601128473,989,654,1107.0,860.0,0.0883767861448488,0.5201910459456235,5.063616853030085,24.741134620150042,0.088376786144849,False,5.063616853030098,0.5201910459456229,False,29.804751473180087
555,9.249075602213543,961,658,1043.0,881.0,0.02928033234577806,0.3523668169245701,1.6776394661534724,18.51149198408335,0.029280332345777982,False,1.6776394661534677,0.35236681692456884,False,20.18913145023674
556,9.265740603298612,933,661,975.0,895.0,-0.02909781411771015,0.1775961672834879,-1.6671819420009748,11.842692785044186,-0.029097814117710286,False,-1.6671819420009826,0.1775961672834896,False,10.175510843043304
557,9.282405604383682,905,660,905.0,900.0,-0.08727771294946145,0.0,-5.000644597558433,5.000644597558437,-0.08727771294946152,False,-5.000644597558437,0.0,False,0.0
558,9.299070605468751,878,658,834.0,893.0,-0.14336118240129886,-0.18509101269405182,-8.213990697599597,-2.3909431555719136,-0.14336118240129903,False,-8.213990697599607,-0.18509101269405193,False,-10.60493385317152
559,9.31573560655382,850,654,768.0,879.0,-0.20185438721201482,-0.349484524690076,-11.565404463447946,-8.458583806429031,-0.20185438721201487,False,-11.565404463447948,-0.3494845246900766,False,-20.023988269877005
560,9.33240060763889,823,648,706.0,858.0,-0.25900579917102823,-0.5083106250108272,-14.839939161912914,-14.284114332864522,-0.2590057991710282,False,-14.83993916191291,-0.5083106250108287,False,-29.12405349477751
561,9.349065608723958,797,639,652.0,830.0,-0.31585671301638024,-0.6493392409625774,-18.097256586713442,-19.10714139267062,-0.3158567130163803,False,-18.097256586713446,-0.6493392409625756,False,-37.20439797938396
562,9.365730609809027,771,629,605.0,802.0,-0.37357541378176773,-0.76475212986323,-21.40429453954866,-22.412774875255067,-0.37357541378176773,False,-21.40429453954866,-0.7647521298632327,False,-43.81706941480388
563,9.382395610894097,748,616,564.0,772.0,-0.42818162760347717,-0.8675656857591483,-24.53300012672155,-25.174852117650662,-0.4281816276034771,False,-24.533000126721547,-0.8675656857591463,False,-49.70785224437211
564,9.399060611979166,726,604,529.0,743.0,-0.48048418444161206,-0.9563326971742573,-27.529715891289783,-27.26411146715779,-0.4804841844416119,False,-27.529715891289776,-0.9563326971742541,False,-54.79382735844739
565,9.415725613064236,706,590,502.0,717.0,-0.5314042378454038,-1.0139614560252115,-30.447220043907812,-27.64849197527661,-0.531404237845404,False,-30.447220043907826,-1.0139614560252141,False,-58.09571201918459
566,9.432390614149305,689,576,478.0,693.0,-0.5774396161445142,-1.0645029752076398,-33.08485292873498,-27.906674829782084,-0.5774396161445141,False,-33.084852928734975,-1.0645029752076383,False,-60.99152775851698
567,9.449055615234375,675,564,459.0,671.0,-0.6162969373960713,-1.1108592759038567,-35.3112134396332,-28.336334702616462,-0.6162969373960712,False,-35.31121343963319,-1.1108592759038558,False,-63.647548142249605
568,9.465720616319445,663,552,445.0,653.0,-0.6520479092258958,-1.1369350638758247,-37.35959323897325,-27.781987501548176,-0.652047909225896,False,-37.359593238973254,-1.1369350638758249,False,-65.14158074052143
569,9.482385617404514,654,543,432.0,637.0,-0.6790931075803461,-1.1702618114091106,-38.90916896077741,-28.141893758299307,-0.6790931075803464,False,-38.90916896077742,-1.1702618114091123,False,-67.05106271907682
570,9.499050618489584,649,537,425.0,625.0,-0.6955642671982832,-1.1964627107873127,-39.852896890571515,-28.69936678232313,-0.6955642671982831,False,-39.85289689057151,-1.1964627107873156,False,-68.55226367289481
571,9.515715619574653,645,533,420.0,617.0,-0.707692347580146,-1.2134876437867965,-40.547784710047665,-28.9799357702104,-0.7076923475801458,False,-40.54778471004765,-1.2134876437867987,False,-69.5277204802582
572,9.532380620659723,644,531,417.0,613.0,-0.7121350296582089,-1.2241492138227328,-40.80233164283908,-29.336251803461284,-0.7121350296582087,False,-40.80233164283907,-1.2241492138227343,False,-70.13858344630046
573,9.549045621744792,645,532,419.0,614.0,-0.7090939989410834,-1.2227360551453321,-40.628093417378146,-29.429522000924873,-0.7090939989410834,False,-40.628093417378146,-1.222736055145333,False,-70.05761541830307
574,9.565710622829862,648,536,424.0,621.0,-0.6985939442287724,-1.2081175181410788,-40.02648459770627,-29.193550347597206,-0.6985939442287723,False,-40.026484597706265,-1.20811751814108,False,-69.22003494530355
575,9.582375623914931,654,542,431.0,632.0,-0.6804417523634796,-1.1872011564167917,-38.98644061491329,-29.03517508081958,-0.6804417523634796,False,-38.98644061491329,-1.1872011564167906,False,-68.02161569573279
576,9.599040625,661,551,441.0,648.0,-0.656736885789726,-1.1555280696863057,-37.62825180631647,-28.578629695607717,-0.656736885789726,False,-37.62825180631647,-1.155528069686305,False,-66.20688150192416
577,9.61570562608507,672,561,457.0,669.0,-0.6251974911241791,-1.1052899838751888,-35.82117760358321,-27.507273610547927,-0.6251974911241791,False,-35.82117760358321,-1.1052899838751884,False,-63.32845121413111
578,9.63237062717014,684,573,477.0,692.0,-0.5897621325235541,-1.049052815792073,-33.79088111023479,-26.315417720965986,-0.5897621325235542,False,-33.7908811102348,-1.0490528157920735,False,-60.10629883120081
579,9.64903562825521,700,586,501.0,718.0,-0.5465543926284601,-0.9851165994410915,-31.315259971946872,-25.12776350430735,-0.54655439262846,False,-31.31525997194687,-0.985116599441092,False,-56.44302347625424
580,9.665700629340279,719,599,531.0,747.0,-0.49834287393300286,-0.903888122555586,-28.552943426781113,-23.23603114765767,-0.4983428739330029,False,-28.552943426781116,-0.9038881225555855,False,-51.78897457443876
581,9.682365630425348,740,612,567.0,775.0,-0.44684246848576414,-0.8151512854161134,-25.60218755144178,-21.10254076756548,-0.44684246848576414,False,-25.60218755144178,-0.815151285416114,False,-46.70472831900731
582,9.699030631510418,764,625,608.0,805.0,-0.39015486195143134,-0.714090698612158,-22.354226946326282,-18.560156273698837,-0.39015486195143145,False,-22.35422694632629,-0.7140906986121607,False,-40.91438322002528
583,9.715695632595487,790,636,656.0,833.0,-0.33158630278165785,-0.5973154891344067,-18.998495693736025,-15.225160871457852,-0.3315863027816577,False,-18.998495693736015,-0.5973154891344095,False,-34.22365656519404
584,9.732360633680557,817,645,710.0,857.0,-0.272609819980622,-0.4674140695328358,-15.619392138710783,-11.161461330555118,-0.27260981998062217,False,-15.619392138710792,-0.46741406953283615,False,-26.78085346926591
585,9.749025634765625,845,652,769.0,878.0,-0.2128289403894617,-0.3244030680696465,-12.194200042557538,-6.392726618928358,-0.21282894038946187,False,-12.194200042557549,-0.32440306806964614,False,-18.586926661485883
586,9.765690635850694,874,657,832.0,892.0,-0.15186155480684735,-0.1768561314739792,-8.701026160726993,-1.4320837537428148,-0.15186155480684738,False,-8.701026160726995,-0.17685613147397916,False,-10.13310991446981
587,9.782355636935764,903,660,897.0,898.0,-0.09141120186028087,-0.025204745326941735,-5.237476066812514,3.7933505358766797,-0.09141120186028084,False,-5.237476066812512,-0.025204745326941946,False,-1.4441255309358578
588,9.799020638020833,932,660,963.0,896.0,-0.031239833430268277,0.13060816994581406,-1.7899106082460694,9.273207516068627,-0.03123983343026815,False,-1.789910608246062,0.1306081699458126,False,7.483296907822464
589,9.815685639105903,960,658,1026.0,887.0,0.027189950287398658,0.28060513042474605,1.557869396638463,14.519620286417485,0.027189950287398457,False,1.5578693966384514,0.2806051304247461,False,16.077489683055962
590,9.832350640190972,988,653,1086.0,871.0,0.08646464102749596,0.4224723923857155,4.95405900798922,19.251826036507136,0.08646464102749585,False,4.954059007989214,0.4224723923857141,False,24.205885044496274
591,9.849015641276042,1014,647,1140.0,850.0,0.14249657491602952,0.5554937352655436,8.164452337758245,23.662994238914855,0.1424965749160294,False,8.164452337758238,0.5554937352655429,False,31.82744657667307
592,9.865680642361111,1039,639,1188.0,825.0,0.19781449572817886,0.6753962501245075,11.3339357317333,27.363418899363086,0.19781449572817866,False,11.33393573173329,0.675396250124507,False,38.69735463109635
593,9.88234564344618,1063,630,1231.0,799.0,0.25228542244403457,0.7824308130563733,14.454889938718235,30.37509341040148,0.2522854224440345,False,14.454889938718232,0.7824308130563722,False,44.82998334911964
594,9.89901064453125,1084,619,1266.0,772.0,0.30249571286212174,0.8717500535547348,17.331727667800788,32.61587119118901,0.30249571286212174,False,17.331727667800788,0.8717500535547344,False,49.94759885898977
595,9.91567564561632,1103,609,1297.0,746.0,0.348771003583907,0.9559310276476498,19.98310652189998,34.78770686791397,0.3487710035839071,False,19.983106521899987,0.9559310276476509,False,54.77081338981401
596,9.93234064670139,1119,598,1322.0,721.0,0.3903663698154504,1.026041593568053,22.3663454542684,36.421507462058365,0.3903663698154505,False,22.366345454268405,1.0260415935680527,False,58.78785291632677
597,9.949005647786459,1133,588,1342.0,700.0,0.42773491238624206,1.0788543839455869,24.50740523012971,37.306397679138904,0.42773491238624217,False,24.507405230129717,1.0788543839455862,False,61.81380290926857
598,9.965670648871528,1144,580,1359.0,681.0,0.4576296274886475,1.1316259374696727,26.220246235243543,38.6171439693039,0.45762962748864755,False,26.220246235243547,1.1316259374696713,False,64.83739020454738
599,9.982335649956598,1152,572,1370.0,665.0,0.4818458020349313,1.1675665888408906,27.60773083269774,39.28890700837158,0.4818458020349312,False,27.607730832697733,1.1675665888408915,False,66.89663784106936
600,9.999000651041667,1158,567,1378.0,653.0,0.49916566066454576,1.1981514229450672,28.600085633937884,40.048934118408525,0.4991656606645458,False,28.600085633937887,1.1981514229450667,False,68.64901975234639
601,10.015665652126737,1162,564,1384.0,646.0,0.5104090197757842,1.2169712146209535,29.244282658561808,40.48303172812833,0.5104090197757842,False,29.244282658561808,1.2169712146209548,False,69.72731438669021
602,10.032330653211806,1162,564,1385.0,642.0,0.5104090197757842,1.2343212676931672,29.244282658561808,41.47711654349416,0.5104090197757842,False,29.244282658561808,1.2343212676931685,False,70.72139920205605
603,10.048995654296876,1160,565,1383.0,642.0,0.505332501813244,1.2383223228656413,28.953419604685898,41.99722317235184,0.505332501813244,False,28.953419604685898,1.238322322865642,False,70.95064277703776
604,10.065660655381945,1156,569,1379.0,647.0,0.4930211237805785,1.2343212676931672,28.248029603424094,42.47336959863188,0.4930211237805784,False,28.248029603424087,1.2343212676931685,False,70.72139920205605
605,10.082325656467015,1149,575,1371.0,656.0,0.47271994073168916,1.2209407249377986,27.084857495600204,42.86989307897881,0.4727199407316891,False,27.084857495600204,1.2209407249377975,False,69.95475057457894
606,10.098990657552084,1139,583,1359.0,670.0,0.4446118324548179,1.194214576314256,25.474381521238744,42.9490735345719,0.44461183245481806,False,25.474381521238755,1.1942145763142555,False,68.4234550558106
607,10.115655658637154,1127,592,1344.0,688.0,0.4119010172909708,1.154283591607591,23.60018986791777,42.53538829239952,0.41190101729097073,False,23.60018986791777,1.1542835916075909,False,66.1355781603173
608,10.132320659722222,1112,603,1323.0,709.0,0.37191763125078114,1.1052547806646704,21.309310597172612,42.01712362157051,0.37191763125078126,False,21.30931059717262,1.1052547806646693,False,63.32643421874305
609,10.148985660807291,1095,613,1298.0,734.0,0.3293523430025996,1.0332795759912121,18.870499226794006,40.33205953456967,0.32935234300259975,False,18.870499226794017,1.0332795759912123,False,59.20255876136369
610,10.16565066189236,1075,623,1268.0,761.0,0.2812785003580048,0.9500568849473122,16.11607093828269,38.31817886654434,0.2812785003580047,False,16.116070938282686,0.9500568849473119,False,54.434249804827004
611,10.18231566297743,1053,633,1231.0,790.0,0.2298598985865808,0.8480028124546374,13.170002068316196,35.416980100558405,0.22985989858658096,False,13.170002068316206,0.8480028124546379,False,48.586982168874634
612,10.1989806640625,1029,642,1188.0,818.0,0.1756598530080881,0.7346953878814758,10.064568207251867,32.03037674608368,0.17565985300808817,False,10.06456820725187,0.7346953878814766,False,42.09494495333558
613,10.21564566514757,1004,649,1138.0,845.0,0.12094203851522323,0.5996843151378045,6.92946837263094,27.429911924958482,0.12094203851522334,False,6.9294683726309465,0.5996843151378037,False,34.35938029758938
614,10.232310666232639,978,655,1081.0,869.0,0.06517073595432425,0.44858283537036436,3.7340081179442692,21.967895110789435,0.06517073595432432,False,3.734008117944273,0.44858283537036314,False,25.701903228733634
615,10.248975667317708,952,658,1019.0,886.0,0.010459869561822599,0.2858139684375267,0.5993063801497887,15.776627737205816,0.010459869561822543,False,0.5993063801497854,0.2858139684375267,False,16.3759341173556
616,10.265640668402778,925,660,953.0,896.0,-0.04580127978157396,0.11809202841909398,-2.624220027782057,9.390394850335117,-0.04580127978157389,False,-2.624220027782053,0.11809202841909539,False,6.766174822553141
617,10.282305669487847,899,659,887.0,898.0,-0.09987534947044246,-0.05016707685413893,-5.7224360020505145,2.84807422779992,-0.0998753494704423,False,-5.722436002050506,-0.05016707685413735,False,-2.874361774250509
618,10.298970670572917,872,657,820.0,890.0,-0.15595588223983387,-0.2195776234975388,-8.935613842581752,-3.645257259339834,-0.1559558822398337,False,-8.935613842581743,-0.21957762349753907,False,-12.580871101921602
619,10.315635671657986,846,652,758.0,875.0,-0.21080393951066906,-0.3758588505430919,-12.078176038692437,-9.456949790065119,-0.2108039395106691,False,-12.07817603869244,-0.37585885054309287,False,-21.53512582875761
620,10.332300672743056,820,646,702.0,854.0,-0.2660704620819207,-0.5160340910978656,-15.24471453038966,-14.321860974387482,-0.26607046208192076,False,-15.244714530389663,-0.5160340910978647,False,-29.56657550477709
621,10.348965673828125,795,637,651.0,829.0,-0.32109395567287813,-0.6435011087932844,-18.397328487216654,-18.47256915862737,-0.321093955672878,False,-18.397328487216647,-0.6435011087932878,False,-36.86989764584422
622,10.365630674913195,771,628,607.0,803.0,-0.3743336160075839,-0.7529611668960438,-21.44773632710535,-21.693760673283563,-0.3743336160075841,False,-21.44773632710536,-0.7529611668960428,False,-43.141497000388846
623,10.382295675998265,748,616,569.0,776.0,-0.42818162760347717,-0.8413867845980396,-24.53300012672155,-23.674911568829007,-0.4281816276034771,False,-24.533000126721547,-0.8413867845980363,False,-48.20791169555038
624,10.398960677083334,728,605,537.0,750.0,-0.4758079076081775,-0.9214570858323191,-27.26178496489918,-25.533817055716746,-0.4758079076081776,False,-27.26178496489919,-0.9214570858323157,False,-52.79560202061573
625,10.415625678168404,709,592,511.0,727.0,-0.523838467711257,-0.9723774333163594,-30.013733346455073,-25.699389676335976,-0.5238384677112569,False,-30.013733346455066,-0.9723774333163604,False,-55.713123022791095
626,10.432290679253473,694,580,489.0,706.0,-0.5639744035556494,-1.0196858582337704,-32.3133530771466,-26.110343028823625,-0.5639744035556493,False,-32.313353077146594,-1.0196858582337711,False,-58.42369610597027
627,10.448955680338543,680,569,471.0,686.0,-0.6015232375619203,-1.0604537137507601,-34.46474279134322,-26.294779375549652,-0.6015232375619202,False,-34.46474279134322,-1.0604537137507606,False,-60.75952216689289
628,10.465620681423612,670,559,457.0,671.0,-0.6311455381625075,-1.0867054695403617,-36.16197559522472,-26.101661383220435,-0.6311455381625075,False,-36.16197559522472,-1.0867054695403624,False,-62.263636978445206
629,10.482285682508682,662,551,446.0,657.0,-0.6550439907284011,-1.1145835250392888,-37.53125606414401,-26.329675835421135,-0.6550439907284011,False,-37.53125606414401,-1.1145835250392864,False,-63.860931899565024
630,10.498950683593751,657,546,439.0,647.0,-0.6700587021931906,-1.1369350638758247,-38.39153566168314,-26.75004507883828,-0.6700587021931907,False,-38.39153566168315,-1.1369350638758249,False,-65.14158074052143
631,10.51561568467882,654,542,435.0,641.0,-0.6804417523634796,-1.146234946430539,-38.98644061491329,-26.687984145960602,-0.6804417523634796,False,-38.98644061491329,-1.146234946430539,False,-65.67442476087389
632,10.532280685763888,654,542,434.0,639.0,-0.6804417523634796,-1.1555280696863057,-38.98644061491329,-27.220440887010895,-0.6804417523634796,False,-38.98644061491329,-1.155528069686305,False,-66.20688150192416
633,10.548945686848958,655,544,436.0,642.0,-0.6760796295095483,-1.1500328575180232,-38.736509385665464,-27.15551965148722,-0.6760796295095481,False,-38.73650938566546,-1.1500328575180205,False,-65.89202903715253
634,10.565610687934027,659,548,442.0,650.0,-0.6640461628266846,-1.1313976951153657,-38.04704253182609,-26.77727034911344,-0.6640461628266845,False,-38.04704253182608,-1.1313976951153677,False,-64.82431288093964
635,10.582275689019097,666,554,451.0,662.0,-0.6443561748525296,-1.1052899838751888,-36.91888932224366,-26.409561891887485,-0.6443561748525295,False,-36.91888932224365,-1.1052899838751884,False,-63.32845121413111
636,10.598940690104167,674,563,464.0,678.0,-0.619260855558498,-1.0697829399913072,-35.48103344116242,-25.81301401543651,-0.619260855558498,False,-35.48103344116242,-1.0697829399913061,False,-61.294047456598854
637,10.615605691189236,685,573,481.0,698.0,-0.5880026035475675,-1.0210580998598446,-33.690067525979785,-24.81225223363666,-0.5880026035475674,False,-33.69006752597978,-1.021058099859843,False,-58.50231975961636
638,10.632270692274306,699,584,502.0,720.0,-0.5505493997838679,-0.9665726663845327,-31.544157021076305,-23.83637735546395,-0.550549399783868,False,-31.544157021076312,-0.9665726663845291,False,-55.380534376540055
639,10.648935693359375,716,596,528.0,745.0,-0.5068943811047045,-0.9006126446884143,-29.04290869619547,-22.558394820565862,-0.5068943811047046,False,-29.04290869619548,-0.9006126446884153,False,-51.60130351676139
640,10.665600694444445,734,609,560.0,771.0,-0.4608464958787135,-0.8210972760767723,-26.40455921724337,-20.64084927164386,-0.4608464958787133,False,-26.404559217243357,-0.8210972760767703,False,-47.04540848888712
641,10.682265695529514,756,620,597.0,797.0,-0.40954546197042085,-0.7318778949381332,-23.465226489640674,-18.468288009233426,-0.40954546197042063,False,-23.465226489640663,-0.7318778949381297,False,-41.93351449887391
642,10.698930696614584,780,631,639.0,823.0,-0.3546334342021542,-0.6334258829691446,-20.318999054013815,-15.973630674465781,-0.354633434202154,False,-20.3189990540138,-0.6334258829691422,False,-36.292629728479454
643,10.715595697699653,805,641,687.0,847.0,-0.2988037631572891,-0.5201910459456235,-17.12019453153931,-12.684556941640821,-0.2988037631572893,False,-17.12019453153932,-0.5201910459456229,False,-29.804751473180087
644,10.732260698784723,832,649,740.0,868.0,-0.2404583523783515,-0.3977056192195359,-13.777248739949082,-9.009604729967334,-0.24045835237835167,False,-13.777248739949092,-0.3977056192195363,False,-22.786853469916426
645,10.748925699869792,859,655,798.0,884.0,-0.18318620361741106,-0.260330578761374,-10.495796332301788,-4.420047108923018,-0.183186203617411,False,-10.495796332301785,-0.2603305787613728,False,-14.915843441224727
646,10.765590700954862,887,658,858.0,894.0,-0.12486992755995127,-0.12226840393911868,-7.15451983728953,0.14905632377730987,-0.12486992755995141,False,-7.154519837289538,-0.12226840393912042,False,-7.005463513512329
647,10.782255702039931,915,659,921.0,898.0,-0.06670672550418742,0.025099330520065605,-3.8220138365276277,5.2600995439312745,-0.06670672550418733,False,-3.8220138365276224,0.025099330520067298,False,1.4380857074037539
648,10.798920703125,943,658,981.0,894.0,-0.008368005512292491,0.15964666966066154,-0.47945139879656806,9.626531783671712,-0.008368005512292331,False,-0.4794513987965589,0.15964666966065977,False,9.147080384875052
649,10.81558570421007,969,656,1041.0,883.0,0.04618561965887765,0.30714335966663053,2.6462410806501344,14.951777133716462,0.046185619658877464,False,2.6462410806501238,0.30714335966662887,False,17.59801821436651
650,10.83225070529514,995,651,1096.0,867.0,0.10156020130707769,0.4373872306071295,5.818970901394578,19.241471425309207,0.10156020130707777,False,5.818970901394583,0.43738723060712914,False,25.060442326703765
651,10.84891570638021,1020,645,1146.0,846.0,0.1557182898472613,0.5599397971143883,8.922000801242929,23.16018635482312,0.1557182898472611,False,8.922000801242918,0.5599397971143887,False,32.08218715606606
652,10.865580707465279,1042,637,1191.0,824.0,0.20495844086487064,0.6727814411390625,11.74325363713875,26.80428347485875,0.2049584408648708,False,11.743253637138759,0.6727814411390618,False,38.54753711199746
653,10.882245708550348,1064,628,1230.0,799.0,0.25545496920756205,0.7705624566784743,14.636491591237709,29.51348502767119,0.25545496920756205,False,14.636491591237709,0.7705624566784728,False,44.14997661890882
654,10.898910709635418,1083,619,1264.0,773.0,0.30041862207716474,0.8658213392168801,17.212719132157236,32.395189417334784,0.3004186220771645,False,17.212719132157225,0.865821339216879,False,49.60790854949195
655,10.915575710720487,1099,610,1292.0,750.0,0.3397791140507881,0.9432334655942491,19.467909201804407,34.57538747224422,0.339779114050788,False,19.4679092018044,0.9432334655942505,False,54.0432966740487
656,10.932240711805555,1114,600,1315.0,727.0,0.3784521482845487,1.0072929045340115,21.68371084436384,36.02992131890917,0.3784521482845489,False,21.683710844363848,1.0072929045340118,False,57.71363216327302
657,10.948905712890625,1126,592,1333.0,707.0,0.40986105260175276,1.0636978224025597,23.483308500869864,37.46208740005301,0.40986105260175254,False,23.48330850086985,1.0636978224025597,False,60.94539590092286
658,10.965570713975694,1136,585,1348.0,692.0,0.43662715981354133,1.1033822572620609,25.016893478100023,38.2022530526341,0.43662715981354117,False,25.016893478100013,1.1033822572620622,False,63.21914653073419
659,10.982235715060764,1143,580,1358.0,678.0,0.4556156532112245,1.1431180459636965,26.104854009099295,39.39098550986215,0.45561565321122455,False,26.1048540090993,1.1431180459636963,False,65.49583951896145
660,10.998900716145833,1147,576,1365.0,668.0,0.46767984521189954,1.171453873112189,26.796081293973465,40.32328152960882,0.46767984521189954,False,26.796081293973465,1.1714538731121884,False,67.11936282358226
661,11.015565717230903,1149,574,1369.0,663.0,0.47374827558612803,1.1863776065766947,27.143776742685752,40.83065302299087,0.4737482755861282,False,27.143776742685763,1.1863776065766949,False,67.97442976567663
662,11.032230718315972,1149,574,1369.0,661.0,0.47374827558612803,1.194214576314256,27.143776742685752,41.27967831312487,0.4737482755861282,False,27.143776742685763,1.1942145763142555,False,68.4234550558106
663,11.048895719401042,1146,577,1366.0,664.0,0.46465465800579175,1.194214576314256,26.622750834826515,41.8007042209841,0.46465465800579153,False,26.622750834826505,1.1942145763142555,False,68.4234550558106
664,11.065560720486111,1140,582,1360.0,671.0,0.4476008420500876,1.1863776065766947,25.645639155971807,42.32879060970481,0.44760084205008743,False,25.645639155971796,1.1863776065766949,False,67.97442976567663
665,11.08222572157118,1132,588,1350.0,682.0,0.4257037911911736,1.1636921547389079,24.39103055797272,42.28361856105142,0.4257037911911734,False,24.39103055797271,1.1636921547389072,False,66.6746491190241
666,11.09889072265625,1122,595,1335.0,697.0,0.39906094857613383,1.124192521789088,22.864508121899647,41.546978736783934,0.3990609485761336,False,22.864508121899636,1.1241925217890874,False,64.41148685868355
667,11.11555572374132,1109,604,1318.0,717.0,0.36495934835239957,1.0751445832603679,20.91063035443729,40.69061663273352,0.3649593483523996,False,20.910630354437295,1.0751445832603679,False,61.60124698717082
668,11.13222072482639,1094,613,1296.0,737.0,0.3272830014081085,1.0202469270110288,18.751934687058796,39.703908291864906,0.32728300140810873,False,18.75193468705881,1.02024692701103,False,58.45584297892376
669,11.148885725911459,1076,622,1267.0,762.0,0.2839678560574178,0.9382745065447728,16.27015966946851,37.48900958026692,0.2839678560574179,False,16.270159669468516,0.9382745065447722,False,53.759169249735386
670,11.165550726996528,1056,631,1234.0,788.0,0.2371377365204398,0.8480028124546374,13.586991465906529,34.99999070296808,0.2371377365204399,False,13.586991465906534,0.8480028124546379,False,48.586982168874634
671,11.182215728081598,1034,640,1195.0,814.0,0.18692254520401363,0.7466116550131146,10.709872936033328,32.06782383149557,0.18692254520401352,False,10.709872936033323,0.7466116550131154,False,42.777696767528944
672,11.198880729166667,1011,647,1149.0,839.0,0.13619654629547726,0.6231993299340659,7.8034872869889735,27.90320411361391,0.13619654629547728,False,7.803487286988975,0.6231993299340672,False,35.70669140060296
673,11.215545730251737,986,652,1097.0,862.0,0.08243984676761386,0.4862426330875049,4.723455283489496,23.13619541175278,0.08243984676761373,False,4.723455283489489,0.4862426330875067,False,27.859650695242372
674,11.232210731336806,961,656,1040.0,880.0,0.029403288204005115,0.33905907872732344,1.6846843178962914,17.741969898773245,0.02940328820400495,False,1.684684317896282,0.339059078727324,False,19.426654216669576
675,11.248875732421876,936,658,979.0,892.0,-0.023008491281093675,0.1817331968267754,-1.3182894433702201,11.730834618964742,-0.0230084912810935,False,-1.3182894433702104,0.18173319682677658,False,10.412545175594582
676,11.265540733506946,911,659,916.0,897.0,-0.07501554627708189,0.021005313472176913,-4.298074199545107,5.501590008850126,-0.07501554627708185,False,-4.298074199545105,0.021005313472176823,False,1.203515809305021
677,11.282205734592015,885,658,854.0,894.0,-0.12898697377178114,-0.13060816994581406,-7.390409209287705,-0.09288769853485386,-0.12898697377178125,False,-7.390409209287712,-0.1306081699458126,False,-7.483296907822464
678,11.298870735677085,860,654,793.0,884.0,-0.1815238768580907,-0.28346016365386906,-10.400552024821073,-5.840519012633249,-0.1815238768580909,False,-10.400552024821083,-0.2834601636538707,False,-16.241071037454407
679,11.315535736762154,835,649,736.0,867.0,-0.23441567572381078,-0.42628183119802276,-13.431028870681667,-10.993120940073213,-0.23441567572381095,False,-13.431028870681676,-0.4262818311980219,False,-24.424149810754837
680,11.332200737847222,811,642,685.0,847.0,-0.2862857984039112,-0.5511104685611261,-16.402967983077232,-15.173335910952543,-0.28628579840391133,False,-16.40296798307724,-0.5511104685611272,False,-31.57630389402983
681,11.348865738932291,788,634,640.0,823.0,-0.3368710324716221,-0.6643314288295015,-19.301288400838455,-18.762098668987598,-0.3368710324716222,False,-19.301288400838462,-0.6643314288294988,False,-38.06338706982591
682,11.36553074001736,765,624,600.0,799.0,-0.3890201032932934,-0.7559948751934432,-22.289210064449048,-21.026105617654668,-0.3890201032932934,False,-22.289210064449048,-0.7559948751934442,False,-43.315315682103765
683,11.38219574110243,745,614,566.0,775.0,-0.43561756904095966,-0.8382899622631684,-24.95904818779574,-23.071428658064868,-0.43561756904095983,False,-24.95904818779575,-0.8382899622631683,False,-48.03047684586059
684,11.3988607421875,726,602,538.0,752.0,-0.48242474459323875,-0.8973540851399052,-27.64090179786926,-23.773700009470442,-0.4824247445932386,False,-27.64090179786925,-0.8973540851399022,False,-51.414601807339544
685,11.41552574327257,709,591,514.0,732.0,-0.5248916765121898,-0.9447498043013652,-30.07407776569456,-24.05609871658413,-0.5248916765121896,False,-30.074077765694547,-0.9447498043013667,False,-54.13017648227878
686,11.432190744357639,696,580,496.0,714.0,-0.5603950485424201,-0.9804895798595247,-32.10827114150956,-24.06964364099649,-0.5603950485424201,False,-32.10827114150956,-0.9804895798595226,False,-56.17791478250593
687,11.448855745442708,684,571,479.0,697.0,-0.5921226508648789,-1.0196858582337704,-33.92612884865593,-24.497567257314305,-0.5921226508648791,False,-33.92612884865594,-1.0196858582337711,False,-58.42369610597027
688,11.465520746527778,675,563,468.0,684.0,-0.617527394215739,-1.041821248170739,-35.38171342227325,-24.310247104961636,-0.6175273942157391,False,-35.38171342227326,-1.0418212481707414,False,-59.69196052723502
689,11.482185747612847,669,557,459.0,674.0,-0.6353885626020226,-1.0624857017840694,-36.40508298797979,-24.4708635172428,-0.6353885626020226,False,-36.40508298797979,-1.0624857017840696,False,-60.87594650522259
690,11.498850748697917,666,554,454.0,667.0,-0.6443561748525296,-1.081083858518645,-36.91888932224366,-25.022653070592924,-0.6443561748525295,False,-36.91888932224365,-1.081083858518646,False,-61.941542392836624
691,11.515515749782987,664,552,452.0,665.0,-0.650347386079471,-1.081083858518645,-37.26216043971879,-24.679381953117776,-0.6503473860794711,False,-37.2621604397188,-1.081083858518646,False,-61.941542392836624
692,11.532180750868056,665,553,453.0,665.0,-0.6473505337486901,-1.0847643974548002,-37.090453449341105,-25.061968290870723,-0.64735053374869,False,-37.0904534493411,-1.0847643974547978,False,-62.15242174021169
693,11.548845751953126,668,556,457.0,670.0,-0.6383751391659639,-1.075442928313905,-36.57620122028631,-25.042139679290788,-0.638375139165964,False,-36.576201220286315,-1.0754429283139046,False,-61.61834089957708
694,11.565510753038195,673,561,466.0,681.0,-0.6234696878814098,-1.0454294529795805,-35.72218176994351,-24.176513664456802,-0.6234696878814097,False,-35.722181769943504,-1.0454294529795831,False,-59.89869543440046
695,11.582175754123265,681,568,478.0,694.0,-0.6009735741735002,-1.015302591529353,-34.43324939903389,-23.739304024292995,-0.6009735741735001,False,-34.43324939903388,-1.0153025915293554,False,-58.17255342332703
696,11.598840755208334,691,577,492.0,710.0,-0.5727366140007877,-0.9816349752143809,-32.81539075485847,-23.42815034735472,-0.5727366140007879,False,-32.815390754858484,-0.9816349752143836,False,-56.24354110221336
697,11.615505756293404,704,587,512.0,730.0,-0.5382487366759503,-0.930636893115173,-30.839380939780355,-22.482185294886566,-0.5382487366759503,False,-30.839380939780355,-0.930636893115171,False,-53.3215662346668
698,11.632170757378473,719,597,537.0,752.0,-0.500354278014246,-0.8653460875452751,-28.668188391531736,-20.912490242970787,-0.500354278014246,False,-28.668188391531736,-0.8653460875452765,False,-49.5806786345026
699,11.648835758463543,736,609,565.0,775.0,-0.45709952672532383,-0.8002338701164222,-26.189873698788436,-19.66014968230264,-0.4570995267253237,False,-26.18987369878843,-0.800233870116422,False,-45.85002338109107
700,11.665500759548612,756,620,599.0,799.0,-0.40954546197042085,-0.7200153013186058,-23.465226489640674,-17.788611460755703,-0.40954546197042063,False,-23.465226489640663,-0.7200153013186039,False,-41.25383795039626
701,11.682165760633682,779,630,638.0,823.0,-0.35730868300810004,-0.6309494667237168,-20.472279519741925,-15.678462009557023,-0.35730868300810004,False,-20.472279519741925,-0.6309494667237132,False,-36.15074152929874
702,11.698830761718751,803,639,682.0,845.0,-0.3040009393401446,-0.5310873950188547,-17.41797079220284,-13.011095494974722,-0.3040009393401446,False,-17.41797079220284,-0.5310873950188544,False,-30.429066287177534
703,11.71549576280382,828,647,731.0,864.0,-0.24950807352104648,-0.4203601657163518,-14.295759567195812,-9.789103803771019,-0.24950807352104665,False,-14.295759567195823,-0.42036016571635315,False,-24.084863370966918
704,11.732160763888889,854,653,784.0,880.0,-0.19414089274151675,-0.29911793491163785,-11.123453784990907,-6.0147414621148005,-0.1941408927415167,False,-11.123453784990904,-0.2991179349116386,False,-17.138195247105756
705,11.748825764973958,881,656,840.0,891.0,-0.13777700728685252,-0.17272951082565158,-7.894041031479839,-2.0026309361892682,-0.13777700728685272,False,-7.8940410314798495,-0.17272951082565058,False,-9.896671967669041
706,11.765490766059028,907,658,899.0,896.0,-0.08348749226241442,-0.033600794415993215,-4.783480948767463,2.85829724044432,-0.08348749226241425,False,-4.783480948767454,-0.0336007944159924,False,-1.925183708323108
707,11.782155767144097,934,658,957.0,896.0,-0.027189950287398658,0.09633949292208074,-1.557869396638463,7.077715741504153,-0.027189950287398457,False,-1.5578693966384514,0.09633949292208044,False,5.519846344865676
708,11.798820768229167,959,656,1014.0,888.0,0.025204745326941735,0.23277174150088592,1.4441255309358456,11.892712846975106,0.025204745326941946,False,1.4441255309358578,0.23277174150088698,False,13.336838377911015
709,11.815485769314236,984,653,1068.0,875.0,0.07806513335514272,0.36172924151993224,4.472802668375626,16.25275619718491,0.07806513335514254,False,4.472802668375615,0.3617292415199316,False,20.725558865560505
710,11.832150770399306,1007,647,1118.0,859.0,0.12777963869265563,0.4823370214477118,7.32123400479572,20.314641627069243,0.12777963869265552,False,7.321234004795714,0.4823370214477123,False,27.635875631864984
711,11.848815771484375,1029,641,1163.0,837.0,0.17603307902919144,0.5996843151378045,10.085952483065547,24.273427814523878,0.17603307902919152,False,10.085952483065553,0.5996843151378037,False,34.35938029758938
712,11.865480772569445,1050,633,1203.0,816.0,0.22357201188359319,0.6963485807629505,12.809732698178577,27.088102049463245,0.2235720118835931,False,12.809732698178571,0.696348580762951,False,39.89783474764184
713,11.882145773654514,1068,625,1237.0,793.0,0.26549130376706165,0.7883655137385233,15.211531203278327,29.958485447601962,0.26549130376706165,False,15.211531203278327,0.7883655137385226,False,45.170016650880264
714,11.898810774739584,1085,617,1267.0,769.0,0.30587887140485215,0.8749781374110849,17.52556837372287,32.60698606615009,0.30587887140485215,False,17.52556837372287,0.8749781374110839,False,50.13255443987291
715,11.915475775824653,1099,609,1292.0,748.0,0.3405113828938592,0.9466367923122314,19.509865115981306,34.728427815311804,0.34051138289385907,False,19.509865115981302,0.9466367923122299,False,54.238292931293024
716,11.932140776909723,1112,601,1311.0,730.0,0.3735249710320387,0.9956585105571283,21.401404382882152,35.64562610832301,0.3735249710320385,False,21.40140438288214,0.9956585105571278,False,57.04703049120514
717,11.948805777994792,1122,595,1327.0,712.0,0.39906094857613383,1.0521756985746242,22.864508121899647,37.420718712655386,0.3990609485761336,False,22.864508121899636,1.0521756985746258,False,60.285226834555125
718,11.965470779079862,1128,590,1339.0,700.0,0.4157322640539553,1.0902330381644434,23.819704137709945,38.646047634837856,0.41573226405395536,False,23.819704137709945,1.0902330381644418,False,62.465751772547726
719,11.982135780164931,1134,586,1346.0,689.0,0.4316265257294835,1.118533425146343,24.730378250194242,39.35686625500341,0.43162652572948357,False,24.730378250194246,1.1185334251463424,False,64.0872445051976
720,11.99880078125,1136,584,1351.0,683.0,0.4375752835982462,1.1392737678712728,25.071216969419584,40.20436163957139,0.43757528359824605,False,25.071216969419574,1.1392737678712734,False,65.27557860899101
721,12.01546578233507,1136,584,1353.0,682.0,0.4375752835982462,1.14660191889113,25.071216969419584,40.624233764643705,0.43757528359824605,False,25.071216969419574,1.146601918891129,False,65.69545073406323
722,12.03213078342014,1134,586,1350.0,682.0,0.4316265257294835,1.1525719972156676,24.730378250194242,41.307132775227565,0.43162652572948357,False,24.730378250194246,1.1525719972156665,False,66.03751102542176
723,12.04879578450521,1129,589,1344.0,688.0,0.41867794714847856,1.1392737678712728,23.98847934680916,41.287099262181805,0.4186779471484785,False,23.988479346809157,1.1392737678712734,False,65.27557860899101
724,12.065460785590279,1123,594,1335.0,698.0,0.4019729387657953,1.1147243304452858,23.03135286975075,40.837646585310665,0.40197293876579554,False,23.031352869750762,1.1147243304452843,False,63.86899945506133
725,12.082125786675348,1113,600,1323.0,711.0,0.37639455818017464,1.0845536937073916,21.56581961541532,40.57452968934242,0.3763945581801744,False,21.56581961541531,1.0845536937073916,False,62.14034930475773
726,12.098790787760418,1101,608,1305.0,728.0,0.3453900998617267,1.039072259536091,19.789395007678976,39.74506007286114,0.34539009986172653,False,19.78939500767897,1.0390722595360913,False,59.534455080540134
727,12.115455788845487,1087,616,1284.0,749.0,0.3107012803172734,0.9769594837265746,17.801872051490882,38.17378312132166,0.3107012803172733,False,17.801872051490875,0.9769594837265743,False,55.97565517281254
728,12.132120789930555,1071,624,1257.0,770.0,0.2723402539884094,0.9053021487624722,15.603947145056743,36.266045163157514,0.2723402539884092,False,15.603947145056733,0.9053021487624733,False,51.86999230821432
729,12.148785791015625,1052,632,1226.0,793.0,0.2282525701763338,0.824184671781782,13.077908934117572,34.14439429835352,0.2282525701763336,False,13.07790893411756,0.8241846717817829,False,47.222303232471155
730,12.165450792100694,1032,640,1188.0,817.0,0.18272156076209756,0.7224185009645038,10.469174257711416,30.92235688972225,0.18272156076209756,False,10.469174257711416,0.7224185009645048,False,41.39153114743372
731,12.182115793185764,1010,646,1146.0,841.0,0.13437839929186005,0.6090030164042272,7.699315137147351,27.193987413551294,0.1343783992918599,False,7.699315137147343,0.6090030164042268,False,34.893302550698635
732,12.198780794270833,987,652,1097.0,861.0,0.08454375551299814,0.4844779290370232,4.84400037508068,22.914540225979337,0.08454375551299798,False,4.84400037508067,0.48447792903702336,False,27.758540601060034
733,12.215445795355903,964,656,1044.0,879.0,0.03569911267932397,0.344443587394299,2.0454084888872277,17.689755349151618,0.0356991126793238,False,2.045408488887218,0.3444435873942986,False,19.735163838038833
734,12.232110796440972,940,658,988.0,891.0,-0.014643304737745713,0.20316631194892554,-0.8389995595967521,12.479571773508502,-0.014643304737745666,False,-0.8389995595967494,0.20316631194892665,False,11.640572213911804
735,12.248775797526042,916,658,928.0,896.0,-0.06476286091828312,0.050377507181057816,-3.7106385998103657,6.597057143674981,-0.06476286091828332,False,-3.7106385998103772,0.05037750718105727,False,2.8864185438645786
736,12.265440798611111,891,657,868.0,895.0,-0.11686546516526553,-0.09633949292208074,-6.695897924802856,1.1760515799371614,-0.11686546516526564,False,-6.695897924802862,-0.09633949292208044,False,-5.519846344865676
737,12.28210579969618,867,654,811.0,887.0,-0.167200658118713,-0.23586960333565749,-9.57989204201204,-3.9344407445459777,-0.1672006581187131,False,-9.579892042012043,-0.23586960333565798,False,-13.514332786558047
738,12.29877080078125,843,650,755.0,873.0,-0.2177676392230042,-0.3758588505430919,-12.477166642005708,-9.057959186751859,-0.21776763922300413,False,-12.477166642005702,-0.37585885054309287,False,-21.53512582875761
739,12.31543580186632,820,644,706.0,855.0,-0.26716362592668585,-0.49535339848099147,-15.307348205010996,-13.074310895411886,-0.26716362592668563,False,-15.307348205010983,-0.49535339848099014,False,-28.38165910042282
740,12.33210080295139,797,637,662.0,834.0,-0.31714835151741994,-0.6007777505596751,-18.17126202147962,-16.250767510953093,-0.31714835151742005,False,-18.171262021479627,-0.6007777505596721,False,-34.42202953243254
741,12.348765804036459,776,628,622.0,812.0,-0.36462854810350126,-0.6968727446734324,-20.89167689631354,-19.03619023117196,-0.3646285481035014,False,-20.891676896313548,-0.6968727446734349,False,-39.927867127485634
742,12.365430805121528,756,619,588.0,791.0,-0.4103771947879783,-0.7736340002476896,-23.51288126976924,-20.81308183224625,-0.4103771947879782,False,-23.512881269769235,-0.7736340002476894,False,-44.325963102015486
743,12.382095806206598,738,609,559.0,771.0,-0.4533386958545628,-0.8352102961395945,-25.974393962431318,-21.879631012239084,-0.4533386958545629,False,-25.97439396243132,-0.8352102961395929,False,-47.8540249746703
744,12.398760807291668,721,599,535.0,751.0,-0.4946527075391092,-0.8856526389030238,-28.341512466709997,-22.40264585705718,-0.4946527075391094,False,-28.341512466710007,-0.885652638903025,False,-50.74415832376724
745,12.415425808376737,707,589,516.0,734.0,-0.5306548920006481,-0.9214570858323191,-30.404285689607644,-22.391316331008284,-0.5306548920006482,False,-30.40428568960765,-0.9214570858323157,False,-52.79560202061573
746,12.432090809461807,696,580,501.0,720.0,-0.5603950485424201,-0.9481255380378293,-32.10827114150956,-22.215320636628437,-0.5603950485424201,False,-32.10827114150956,-0.9481255380378286,False,-54.323591778137974
747,12.448755810546876,687,573,487.0,706.0,-0.584471129117105,-0.9839484571451695,-33.48772894565592,-22.888364907171237,-0.5844711291171052,False,-33.48772894565593,-0.9839484571451678,False,-56.37609385282706
748,12.465420811631946,681,567,478.0,698.0,-0.6021776729614623,-0.9977179882374141,-34.502239177700936,-22.66279069258599,-0.6021776729614623,False,-34.502239177700936,-0.9977179882374116,False,-57.1650298702868
749,12.482085812717015,677,563,473.0,690.0,-0.6140476304943366,-1.0139614560252115,-35.18233764733416,-22.913374371850285,-0.6140476304943365,False,-35.18233764733415,-1.0139614560252141,False,-58.09571201918459
750,12.498750813802085,675,562,469.0,686.0,-0.6187621296180368,-1.0289502939684376,-35.4524585496403,-23.50205062349653,-0.6187621296180366,False,-35.45245854964029,-1.0289502939684354,False,-58.954509173136714
751,12.515415814887154,676,562,470.0,688.0,-0.6170228900816109,-1.0218543055973655,-35.35280746464081,-23.195131523359677,-0.617022890081611,False,-35.35280746464082,-1.0218543055973655,False,-58.547938988000496
752,12.532080815972222,678,565,476.0,693.0,-0.6098538208810496,-1.005991417351594,-34.94205005641142,-22.697012384218695,-0.6098538208810496,False,-34.94205005641142,-1.005991417351595,False,-57.63906244063016
753,12.548745817057291,683,569,482.0,701.0,-0.5962620027507541,-0.9897140279975696,-34.1632962416361,-22.543140487517224,-0.5962620027507541,False,-34.1632962416361,-0.9897140279975716,False,-56.706436729153445
754,12.565410818142361,690,575,493.0,713.0,-0.5768200208465217,-0.9597297629638178,-33.04935273315386,-21.939112157763816,-0.5768200208465215,False,-33.049352733153846,-0.9597297629638177,False,-54.98846489091766
755,12.58207581922743,700,583,510.0,728.0,-0.549853182676585,-0.9189272124893197,-31.504266719204193,-21.146384236155228,-0.5498531826765851,False,-31.504266719204196,-0.9189272124893222,False,-52.65065095535955
756,12.5987408203125,712,592,529.0,745.0,-0.5183615955790202,-0.8744477460319461,-29.69993168834509,-20.40223356401311,-0.5183615955790204,False,-29.6999316883451,-0.8744477460319473,False,-50.10216525235826
757,12.61540582139757,726,602,551.0,764.0,-0.48242474459323875,-0.823954713532103,-27.64090179786926,-19.56822579743102,-0.4824247445932386,False,-27.64090179786925,-0.8239547135321033,False,-47.209127595300295
758,12.632070822482639,743,612,579.0,785.0,-0.4411794804149806,-0.7586982783921826,-25.27772223555295,-18.192487040160685,-0.4411794804149807,False,-25.277722235552954,-0.7586982783921812,False,-43.470209275713565
759,12.648735823567709,763,622,612.0,806.0,-0.3944697829498962,-0.6872074879560368,-22.601453708470693,-16.772635001197553,-0.394469782949896,False,-22.601453708470682,-0.6872074879560373,False,-39.374088709668285
760,12.665400824652778,783,631,648.0,827.0,-0.348771003583907,-0.6031529594223374,-19.98310652189998,-14.57501245382534,-0.3487710035839071,False,-19.983106521899987,-0.6031529594223386,False,-34.5581189757254
761,12.682065825737848,806,640,690.0,848.0,-0.29742924984257363,-0.5087298243155532,-17.041440719721574,-12.106631125991461,-0.29742924984257346,False,-17.041440719721564,-0.5087298243155516,False,-29.14807184571295
762,12.698730826822917,830,647,736.0,865.0,-0.24548244142177725,-0.40710417205598876,-14.065107838035296,-9.26024304294057,-0.24548244142177733,False,-14.065107838035301,-0.4071041720559876,False,-23.325350880975794
763,12.715395827907987,855,652,786.0,879.0,-0.1925016348099795,-0.2950902060220442,-11.029531223980479,-5.877892156728602,-0.19250163480997973,False,-11.029531223980491,-0.2950902060220457,False,-16.90742338070917
764,12.732060828993056,881,656,838.0,890.0,-0.13777700728685252,-0.1817331968267754,-7.894041031479839,-2.518504144114682,-0.13777700728685272,False,-7.8940410314798495,-0.18173319682677658,False,-10.412545175594582
765,12.748725830078126,906,658,894.0,895.0,-0.08556463029476112,-0.05058970876938464,-4.902492191487037,2.0039153922053297,-0.08556463029476102,False,-4.902492191487032,-0.05058970876938318,False,-2.898576799281626
766,12.765390831163195,931,657,948.0,895.0,-0.033530405340494,0.07130746478529032,-1.9211507113732222,6.006767491348089,-0.033530405340493896,False,-1.9211507113732162,0.07130746478529204,False,4.085616779974975
767,12.782055832248265,955,656,1003.0,889.0,0.016805140515041995,0.20316631194892554,0.9628636256362129,10.67770858827554,0.016805140515042005,False,0.9628636256362134,0.20316631194892665,False,11.640572213911804
768,12.798720833333334,979,652,1055.0,878.0,0.06769302269396865,0.3244030680696465,3.878524502847706,14.708402158638197,0.06769302269396871,False,3.878524502847709,0.32440306806964614,False,18.586926661485883
769,12.815385834418404,1001,648,1103.0,863.0,0.11487660541689913,0.4429738631207448,6.581944655178011,18.79858813624648,0.11487660541689904,False,6.581944655178005,0.44297386312074494,False,25.38053279142451
770,12.832050835503473,1022,642,1147.0,845.0,0.16093373925617896,0.5519297832910718,9.220824040637911,22.402423129510655,0.16093373925617893,False,9.22082404063791,0.5519297832910723,False,31.623247170148588
771,12.848715836588543,1042,636,1186.0,825.0,0.20539538918976738,0.6510767214444798,11.768288932020644,25.535659345962774,0.2053953891897673,False,11.76828893202064,0.651076721444479,False,37.30394827798339
772,12.865380837673612,1059,629,1220.0,804.0,0.2444545541601783,0.7437555842988599,14.006214236130416,28.607841733480782,0.24445455416017836,False,14.00621423613042,0.7437555842988601,False,42.6140559696112
773,12.882045838758682,1075,621,1249.0,783.0,0.28248748974284643,0.8210972760767723,16.185340927510232,30.860067561377008,0.28248748974284643,False,16.185340927510232,0.8210972760767739,False,47.04540848888732
774,12.898710839843751,1089,614,1274.0,763.0,0.31621044487286815,0.8927680854329957,18.117523929169526,33.03431945011605,0.3162104448728682,False,18.11752392916953,0.8927680854329942,False,51.15184337928548
775,12.915375840928819,1100,608,1294.0,745.0,0.34331992975644315,0.9559310276476498,19.67078299777208,35.10003039204186,0.3433199297564431,False,19.670782997772076,0.9559310276476509,False,54.77081338981401
776,12.932040842013889,1110,602,1310.0,730.0,0.36860217755405505,1.0014831356942346,21.11934909317916,36.26140783562802,0.3686021775540551,False,21.119349093179164,1.001483135694233,False,57.38075692880708
777,12.948705843098958,1117,597,1321.0,717.0,0.3871042195169818,1.039072259536091,22.17943801002881,37.3550170705113,0.3871042195169818,False,22.17943801002881,1.0390722595360913,False,59.534455080540134
778,12.965370844184028,1122,594,1330.0,708.0,0.39992542337746034,1.0694307653272264,22.914038879511068,38.35983045518459,0.3999254233774603,False,22.914038879511065,1.0694307653272261,False,61.27386933469563
779,12.982035845269097,1124,592,1334.0,703.0,0.40577026336510624,1.0845536937073916,23.248923542732474,38.891425762025264,0.40577026336510613,False,23.248923542732467,1.0845536937073916,False,62.14034930475773
780,12.998700846354167,1124,592,1335.0,700.0,0.40577026336510624,1.0977150353880898,23.248923542732474,39.64551509305888,0.40577026336510613,False,23.248923542732467,1.0977150353880916,False,62.89443863579145
781,13.015365847439236,1122,594,1332.0,702.0,0.39992542337746034,1.0957855705297999,22.914038879511068,39.86984956318148,0.3999254233774603,False,22.914038879511065,1.0957855705297987,False,62.783888442692465
782,13.032030848524306,1118,597,1326.0,708.0,0.3891588187869244,1.0805894995483416,22.29715787678718,39.61605983348659,0.3891588187869246,False,22.29715787678719,1.080589499548342,False,61.91321771027378
783,13.048695849609375,1111,601,1317.0,716.0,0.37146428897915157,1.061639365038245,21.283335998333364,39.544118983306625,0.37146428897915174,False,21.283335998333374,1.0616393650382463,False,60.82745498164008
784,13.065360850694445,1102,607,1304.0,730.0,0.34820677569569053,1.0238504507310606,19.950778645221597,38.71153103423519,0.3482067756956906,False,19.9507786452216,1.0238504507310608,False,58.66230967945682
785,13.082025851779514,1091,613,1288.0,746.0,0.32105755381457934,0.9769594837265746,18.395242814369702,37.58041235844287,0.32105755381457923,False,18.395242814369695,0.9769594837265743,False,55.97565517281254
786,13.098690852864584,1077,620,1265.0,763.0,0.2872814533971342,0.9205214012016899,16.460014812040036,36.28197642828559,0.2872814533971342,False,16.460014812040036,0.9205214012016896,False,52.741991240325596
787,13.115355853949653,1061,627,1239.0,784.0,0.2497104890098143,0.8480028124546374,14.307357120410286,34.279625048464325,0.2497104890098143,False,14.307357120410286,0.8480028124546379,False,48.586982168874634
788,13.132020855034723,1044,635,1208.0,805.0,0.21004244035033656,0.7674360235495911,12.03454535070263,31.936299844991392,0.2100424403503367,False,12.034545350702638,0.7674360235495925,False,43.9708451956941
789,13.148685856119792,1024,641,1172.0,826.0,0.16550041851865757,0.6747409422235526,9.48247548876785,29.177332765322245,0.1655004185186577,False,9.482475488767859,0.6747409422235542,False,38.65980825409018
790,13.165350857204862,1003,647,1130.0,847.0,0.11934448795385957,0.5657580297420903,6.837935467906047,25.57761186195264,0.11934448795385943,False,6.837935467906039,0.5657580297420921,False,32.41554732985878
791,13.182015858289931,982,652,1085.0,866.0,0.07401707730192114,0.44858283537036436,4.240866141293644,21.461037087440054,0.07401707730192131,False,4.240866141293654,0.44858283537036314,False,25.701903228733634
792,13.198680859375001,960,655,1034.0,881.0,0.027361590861545246,0.3164314556251264,1.5677036771302646,16.562483235370674,0.027361590861545437,False,1.5677036771302755,0.31643145562512487,False,18.130186912500847
793,13.21534586046007,937,657,979.0,891.0,-0.020961290086983123,0.1775961672834879,-1.2009934551335433,11.376504298176744,-0.02096129008698311,False,-1.2009934551335424,0.1775961672834896,False,10.175510843043304
794,13.23201086154514,914,658,924.0,895.0,-0.06892828711826758,0.04216907957643982,-3.9492999409426917,6.365410226624015,-0.06892828711826748,False,-3.9492999409426863,0.04216907957643912,False,2.4161102856812784
795,13.24867586263021,891,656,868.0,893.0,-0.11710874456686428,-0.09674346233893974,-6.7098368077569335,1.1668447202528591,-0.11710874456686415,False,-6.709836807756926,-0.09674346233893871,False,-5.542992087504016
796,13.265340863715279,868,654,813.0,886.0,-0.16514867741462683,-0.23277174150088592,-9.462322208025617,-3.8745161698853416,-0.1651486774146269,False,-9.462322208025622,-0.23277174150088698,False,-13.336838377911015
797,13.282005864800349,845,650,762.0,874.0,-0.213707326688069,-0.3548510431119804,-12.244527870249854,-8.08693925588144,-0.2137073266880689,False,-12.24452787024985,-0.35485104311198157,False,-20.331467126131365
798,13.298670865885418,823,644,715.0,858.0,-0.26113887238256783,-0.46737893496746485,-14.962155254326548,-11.816685152628558,-0.26113887238256783,False,-14.962155254326548,-0.4673789349674635,False,-26.77884040695503
799,13.315335866970486,801,637,673.0,839.0,-0.3092264894050004,-0.5648049094433026,-17.71737275655339,-14.643564802816504,-0.3092264894050003,False,-17.717372756553385,-0.5648049094433034,False,-32.360937559369944
800,13.332000868055555,781,629,636.0,819.0,-0.35412522691469,-0.6518691143055769,-20.289880921324325,-17.05946812331628,-0.35412522691468995,False,-20.289880921324322,-0.6518691143055761,False,-37.34934904464055
801,13.348665869140625,762,621,603.0,800.0,-0.3972038542813198,-0.7262954797868606,-22.75810445664898,-18.85556121456732,-0.39720385428131966,False,-22.758104456648972,-0.726295479786863,False,-41.613665671216445
802,13.365330870225694,745,612,575.0,781.0,-0.4373872306071295,-0.7883480073486928,-25.060442326703782,-20.108571281924718,-0.4373872306071296,False,-25.06044232670379,-0.788348007348695,False,-45.16901360862863
803,13.381995871310764,729,602,553.0,765.0,-0.476829519638931,-0.8237274646460384,-27.320319022561147,-19.875788170668585,-0.47682951963893094,False,-27.320319022561144,-0.8237274646460406,False,-47.19610719322986
804,13.398660872395833,716,594,532.0,749.0,-0.5089423867525688,-0.8707361210665053,-29.16025077623705,-20.729254030465984,-0.5089423867525689,False,-29.160250776237056,-0.870736121066507,False,-49.889504806703144
805,13.415325873480903,705,586,518.0,737.0,-0.5375167508036844,-0.8915070078796207,-30.79744123863632,-20.282147719202165,-0.5375167508036842,False,-30.797441238636306,-0.8915070078796177,False,-51.07958895783832
806,13.431990874565972,697,580,506.0,725.0,-0.5585993153435624,-0.9214570858323191,-32.005383208083494,-20.790218812532437,-0.5585993153435624,False,-32.005383208083494,-0.9214570858323157,False,-52.79560202061573
807,13.448655875651042,691,575,497.0,716.0,-0.5750392755362983,-0.9423066007622575,-32.94732354249034,-21.042867688506046,-0.5750392755362981,False,-32.94732354249033,-0.942306600762258,False,-53.99019123099643
808,13.465320876736111,687,572,491.0,711.0,-0.5856441173545324,-0.9539333784220542,-33.554936221079,-21.101420299160736,-0.5856441173545326,False,-33.55493622107901,-0.9539333784220574,False,-54.656356520239925
809,13.481985877821181,686,571,489.0,708.0,-0.5885925739805931,-0.9631430738004699,-33.72387034182965,-21.46016285419444,-0.5885925739805931,False,-33.72387034182965,-0.9631430738004667,False,-55.18403319602392
810,13.49865087890625,687,571,490.0,709.0,-0.5868212691886587,-0.9597297629638178,-33.62238205302052,-21.366082837897153,-0.5868212691886585,False,-33.62238205302051,-0.9597297629638177,False,-54.98846489091766
811,13.51531587999132,690,574,495.0,714.0,-0.5779793543190624,-0.9481255380378293,-33.115777648178685,-21.207814129959335,-0.5779793543190626,False,-33.11577764817869,-0.9481255380378286,False,-54.323591778137974
812,13.53198088107639,695,578,504.0,722.0,-0.56444983364954,-0.9247868620583448,-32.34059321498004,-20.645790930110145,-0.5644498336495403,False,-32.34059321498005,-0.9247868620583475,False,-52.986384145090355
813,13.548645882161459,702,583,515.0,733.0,-0.5462376164392103,-0.894752453712551,-31.297110033252626,-19.96842927345109,-0.5462376164392104,False,-31.297110033252633,-0.8947524537125489,False,-51.265539306703594
814,13.565310883246529,711,590,531.0,747.0,-0.5222924069584638,-0.8535417492649328,-29.925150590449206,-18.979189280644984,-0.5222924069584636,False,-29.925150590449192,-0.8535417492649344,False,-48.90433987109428
815,13.581975884331598,724,599,550.0,763.0,-0.48908980881117475,-0.8149753344026918,-28.022781847740657,-18.6718652207965,-0.4890898088111748,False,-28.02278184774066,-0.8149753344026891,False,-46.69464706853701
816,13.598640885416668,738,607,573.0,780.0,-0.45518120734595996,-0.7617339426183755,-26.07996209459273,-17.5641779293006,-0.45518120734596,False,-26.079962094592734,-0.7617339426183776,False,-43.64414002389346
817,13.615305886501737,754,617,600.0,799.0,-0.41588639547546125,-0.702256931509007,-23.828535217652586,-16.407823091621236,-0.41588639547546125,False,-23.828535217652586,-0.7022569315090053,False,-40.23635830927372
818,13.631970887586807,773,626,632.0,818.0,-0.3719728371687995,-0.6334258829691446,-21.312473663279206,-14.980156065200395,-0.3719728371687996,False,-21.312473663279214,-0.6334258829691422,False,-36.292629728479454
819,13.648635888671876,794,634,669.0,836.0,-0.3250508724471294,-0.5541370513421143,-18.62404311826577,-13.125671195461578,-0.32505087244712927,False,-18.624043118265764,-0.5541370513421136,False,-31.749714313727317
820,13.665300889756946,815,641,708.0,854.0,-0.2788725606897831,-0.46552377940730005,-15.978220749530482,-10.694327073486951,-0.2788725606897833,False,-15.978220749530491,-0.46552377940729883,False,-26.672547823017368
821,13.681965890842015,839,648,752.0,869.0,-0.22679884805388587,-0.37503340595633455,-12.994616791916505,-8.493214545797933,-0.22679884805388584,False,-12.994616791916503,-0.3750334059563336,False,-21.487831337714386
822,13.698630891927085,863,652,800.0,882.0,-0.17612217382581954,-0.26735539552188037,-10.091057238888915,-5.227278554565667,-0.1761221738258194,False,-10.091057238888908,-0.26735539552188214,False,-15.318335793454676
823,13.715295893012152,887,655,850.0,890.0,-0.12565033060984618,-0.15616481407278227,-7.199233638367645,-1.7483511164479812,-0.12565033060984598,False,-7.199233638367634,-0.15616481407278116,False,-8.947584754815564
824,13.731960894097222,911,657,902.0,894.0,-0.07532889082834011,-0.03795644518831435,-4.316027519865624,2.141283405255569,-0.07532889082834027,False,-4.316027519865633,-0.03795644518831409,False,-2.174744114610039
825,13.748625895182292,934,656,953.0,894.0,-0.02730413712291691,0.07966298504578714,-1.5644118203896131,6.128764646927009,-0.027304137122917016,False,-1.5644118203896193,0.07966298504578617,False,4.5643528265373385
826,13.765290896267361,957,655,1004.0,888.0,0.02104952213704643,0.19904572336856055,1.2060487792199577,10.198431099927054,0.021049522137046583,False,1.2060487792199666,0.19904572336855963,False,11.40447987914697
827,13.78195589735243,979,652,1053.0,879.0,0.06769302269396865,0.3151281346539744,3.878524502847706,14.176987618655318,0.06769302269396871,False,3.878524502847709,0.3151281346539747,False,18.055512121503053
828,13.7986208984375,1000,647,1098.0,864.0,0.1130068409101778,0.4241944079037666,6.474815040259519,17.8297342256772,0.11300684091017787,False,6.474815040259522,0.42419440790376584,False,24.30454926593667
829,13.81528589952257,1019,642,1140.0,848.0,0.15460054543120083,0.5310873950188547,8.85795876362835,21.571107523549205,0.15460054543120094,False,8.857958763628355,0.5310873950188544,False,30.429066287177534
830,13.831950900607639,1037,636,1177.0,830.0,0.194863919688872,0.6251085342329235,11.164880177548593,24.651200571607053,0.19486391968887196,False,11.16488017754859,0.6251085342329219,False,35.81608074915557
831,13.848615901692709,1054,630,1209.0,810.0,0.23344273020192802,0.7109093731835666,13.37528319858163,27.35682350112757,0.23344273020192796,False,13.375283198581629,0.710909373183565,False,40.7321066997091
832,13.865280902777778,1068,624,1237.0,791.0,0.2660614640569874,0.79135047405204,15.244198981537027,30.096843297321836,0.26606146405698716,False,15.244198981537014,0.7913504740520416,False,45.34104227885895
833,13.881945903862848,1081,617,1261.0,773.0,0.2975338361804882,0.8567056281827387,17.047433075478807,32.03818370449608,0.297533836180488,False,17.047433075478796,0.8567056281827377,False,49.08561677997482
834,13.898610904947917,1091,612,1279.0,756.0,0.3217505543966422,0.9171604298753748,18.43494882292201,34.11447294534127,0.32175055439664213,False,18.434948822922006,0.9171604298753735,False,52.5494217682632
835,13.915275906032987,1099,607,1294.0,743.0,0.3419850568526295,0.9617933103906694,19.594300414197182,35.51239703510416,0.3419850568526295,False,19.594300414197182,0.961793310390668,False,55.10669744930126
836,13.931940907118056,1106,603,1306.0,732.0,0.35954767089120676,0.9979440791220989,20.60056407582487,36.57741984794088,0.35954767089120665,False,20.600564075824863,0.9979440791220995,False,57.177983923765794
837,13.948605908203126,1110,600,1312.0,724.0,0.3702017130111487,1.0202469270110288,21.210995724052154,37.24484725487154,0.37020171301114857,False,21.210995724052147,1.02024692701103,False,58.45584297892376
838,13.965270909288195,1111,600,1316.0,719.0,0.3722693311190469,1.0448475963935648,21.329461515279547,38.535895992460176,0.37226933111904703,False,21.329461515279554,1.0448475963935664,False,59.86535750773981
839,13.981935910373265,1111,600,1316.0,718.0,0.3722693311190469,1.0485039198364328,21.329461515279547,38.74538789427125,0.37226933111904703,False,21.329461515279554,1.0485039198364312,False,60.07484940955071
840,13.998600911458334,1108,601,1313.0,721.0,0.36526239938278277,1.0412067280128203,20.927993899455338,38.72875721630508,0.3652623993827828,False,20.92799389945534,1.0412067280128205,False,59.65675111576044
841,14.015265912543404,1104,604,1306.0,727.0,0.35462883529577416,1.0238504507310606,20.318735556087862,38.34357412336895,0.35462883529577427,False,20.31873555608787,1.0238504507310608,False,58.66230967945682
842,14.031930913628473,1097,608,1296.0,737.0,0.3370910524532204,0.9956585105571283,19.313894617192584,37.73313587401258,0.33709105245322046,False,19.313894617192588,0.9956585105571278,False,57.04703049120514
843,14.048595914713543,1088,614,1281.0,749.0,0.31412769442676725,0.9604181884786175,17.998191118828956,37.02971764859585,0.31412769442676725,False,17.998191118828956,0.9604181884786165,False,55.027908767424755
844,14.065260915798612,1076,619,1264.0,764.0,0.28580477176672175,0.913816674551273,16.375407186932904,35.98243151353493,0.2858047717667218,False,16.375407186932907,0.9138166745512741,False,52.35783870046791
845,14.081925916883682,1063,626,1241.0,781.0,0.2544520639294124,0.8543577136071252,14.57902935154834,34.37206183258665,0.25445206392941255,False,14.57902935154835,0.8543577136071256,False,48.951091184135
846,14.098590917968751,1047,632,1214.0,800.0,0.21773173902556855,0.782413097636874,12.475109712208958,32.35385861814112,0.21773173902556842,False,12.47510971220895,0.7824130976368728,False,44.828968330350015
847,14.11525591905382,1030,638,1182.0,819.0,0.17927702022528547,0.6985302406869417,10.271816622590356,29.75101803102897,0.17927702022528536,False,10.27181662259035,0.6985302406869422,False,40.02283465361937
848,14.131920920138889,1012,644,1146.0,839.0,0.13918049020307044,0.6020696709098432,7.974454679197838,26.521596436766572,0.13918049020307066,False,7.974454679197851,0.6020696709098416,False,34.49605111596432
849,14.148585921223958,992,648,1105.0,857.0,0.09585914711001318,0.49565174353452884,5.492324557127438,22.906428455701757,0.09585914711001298,False,5.492324557127426,0.49565174353453045,False,28.398753012829285
850,14.165250922309028,971,652,1060.0,872.0,0.050803704058221655,0.3844187202182019,2.9108378261677537,19.11473240815561,0.050803704058221655,False,2.9108378261677537,0.38441872021820345,False,22.025570234323467
851,14.181915923394097,950,655,1011.0,885.0,0.006315705498437864,0.25924884628266204,0.36186326970805754,14.492001465924329,0.00631570549843774,False,0.36186326970805044,0.259248846282663,False,14.85386473563243
852,14.198580924479167,928,656,959.0,892.0,-0.03989478746747549,0.13060816994581406,-2.2858029464577556,9.769099854280299,-0.039894787467475545,False,-2.2858029464577587,0.1306081699458126,False,7.483296907822464
853,14.215245925564236,906,656,907.0,894.0,-0.08592238237474796,0.004201655946871886,-4.92298987578231,5.16372702850412,-0.08592238237474792,False,-4.922989875782307,0.004201655946872052,False,0.2407371527218122
854,14.231910926649306,884,655,855.0,892.0,-0.13186197234528638,-0.12175759779046096,-7.555134493655687,0.5789380166108806,-0.1318619723452863,False,-7.555134493655682,-0.12175759779045947,False,-6.976196477044725
855,14.248575927734375,863,652,805.0,883.0,-0.17612217382581954,-0.24599699271376327,-10.091057238888915,-4.00353221652018,-0.1761221738258194,False,-10.091057238888908,-0.24599699271376352,False,-14.094589455409114
856,14.265240928819445,841,648,757.0,872.0,-0.2227376395164109,-0.35877067027057225,-12.761926682996691,-7.794118536586772,-0.2227376395164109,False,-12.761926682996691,-0.3587706702705731,False,-20.556045219583513
857,14.281905929904514,820,642,714.0,857.0,-0.26826559210059164,-0.4580506525194391,-15.370486215941977,-10.873882976635285,-0.26826559210059164,False,-15.370486215941977,-0.45805065251943944,False,-26.244369192577288
858,14.298570930989584,800,636,674.0,840.0,-0.31184988780865364,-0.5532943253222926,-17.867682413064077,-13.833747256441647,-0.31184988780865375,False,-17.867682413064085,-0.5532943253222911,False,-31.70142966950563
859,14.315235932074653,781,629,640.0,822.0,-0.35412522691469,-0.6309494667237168,-20.289880921324325,-15.860860607974626,-0.35412522691468995,False,-20.289880921324322,-0.6309494667237132,False,-36.15074152929874
860,14.331900933159723,764,621,610.0,805.0,-0.39334114488218164,-0.6968727446734324,-22.53678751059285,-17.391079616892654,-0.39334114488218175,False,-22.536787510592855,-0.6968727446734349,False,-39.927867127485634
861,14.348565934244792,748,613,584.0,788.0,-0.43079558291778597,-0.7529611668960438,-24.68276873406724,-18.458728266321664,-0.43079558291778586,False,-24.68276873406723,-0.7529611668960428,False,-43.141497000388846
862,14.365230935329862,734,605,563.0,773.0,-0.46458834249563846,-0.7942474899137061,-26.618951235978475,-18.888077824936296,-0.4645883424956385,False,-26.61895123597848,-0.7942474899137082,False,-45.5070290609149
863,14.381895936414931,722,597,546.0,760.0,-0.49479900164241314,-0.8237274646460384,-28.34989450139696,-18.84621269183276,-0.4947990016424133,False,-28.34989450139697,-0.8237274646460406,False,-47.19610719322986
864,14.398560937500001,712,591,531.0,748.0,-0.519408100093293,-0.856285106760933,-29.75989198025431,-19.30163069705627,-0.5194081000932931,False,-29.759891980254313,-0.8562851067609358,False,-49.061522677310734
865,14.41522593858507,705,585,520.0,739.0,-0.5386019813704119,-0.8765899654416449,-30.859620369908395,-19.365285013416546,-0.5386019813704119,False,-30.859620369908395,-0.8765899654416458,False,-50.22490538332499
866,14.43189093967014,700,581,513.0,733.0,-0.5520722867190959,-0.8882784836781006,-31.631412015140487,-19.263196131895047,-0.5520722867190959,False,-31.631412015140487,-0.8882784836780999,False,-50.894608147035505
867,14.44855594075521,697,579,508.0,728.0,-0.5597249339586692,-0.9031934852680342,-32.06987640407047,-19.679298385499177,-0.5597249339586692,False,-32.06987640407047,-0.9031934852680337,False,-51.74917478956962
868,14.465220941840279,696,579,508.0,727.0,-0.561522626107766,-0.903888122555586,-32.172876577077524,-19.61609799736125,-0.5615226261077662,False,-32.17287657707753,-0.9038881225555855,False,-51.78897457443876
869,14.481885942925349,698,580,511.0,730.0,-0.5567995422587083,-0.894752453712551,-31.902263806240114,-19.3632755004636,-0.5567995422587084,False,-31.90226380624012,-0.8947524537125489,False,-51.265539306703594
870,14.498550944010418,701,583,516.0,735.0,-0.5480473944605703,-0.883009810267973,-31.400802675732088,-19.191932721270348,-0.5480473944605704,False,-31.400802675732095,-0.8830098102679713,False,-50.59273539700234
871,14.515215945095486,707,587,525.0,743.0,-0.532797143357281,-0.8621700546672264,-30.527027650998885,-18.871677703996657,-0.5327971433572811,False,-30.527027650998892,-0.8621700546672244,False,-49.39870535499542
872,14.531880946180555,715,592,539.0,755.0,-0.5128502897712041,-0.8237274646460384,-29.384157125951287,-17.81195006727844,-0.5128502897712042,False,-29.384157125951294,-0.8237274646460406,False,-47.19610719322986
873,14.548545947265625,725,599,555.0,767.0,-0.48722814310299334,-0.7913152541034756,-27.91611625979763,-17.422908064653814,-0.48722814310299345,False,-27.916116259797633,-0.7913152541034734,False,-45.33902432445132
874,14.565210948350694,737,607,575.0,783.0,-0.4570687565477896,-0.7440017078479142,-26.188110697480855,-16.44004711272993,-0.4570687565477898,False,-26.188110697480866,-0.7440017078479144,False,-42.628157810210794
875,14.581875949435764,752,615,599.0,799.0,-0.4214192068878042,-0.6936681856474233,-24.145541960421653,-15.59871745967296,-0.421419206887804,False,-24.145541960421642,-0.6936681856474252,False,-39.74425942009473
876,14.598540950520833,769,623,627.0,815.0,-0.3820621907150843,-0.636801041548249,-21.89055103949668,-14.59546103075296,-0.38206219071508407,False,-21.890551039496664,-0.6368010415482459,False,-36.48601207024947
877,14.615205951605903,787,631,659.0,832.0,-0.3409154251310197,-0.567051071390732,-19.533015030915628,-12.956618128144848,-0.3409154251310196,False,-19.53301503091562,-0.5670510713907326,False,-32.48963315906052
878,14.631870952690972,807,638,695.0,848.0,-0.29665674760929417,-0.4899573262537283,-16.99717960209023,-11.075307333762717,-0.29665674760929406,False,-16.997179602090224,-0.4899573262537267,False,-28.072486935852865
879,14.648535953776042,829,644,735.0,864.0,-0.2490313258433882,-0.4037940918851321,-14.268443937373329,-8.867253319962515,-0.24903132584338827,False,-14.268443937373334,-0.40379409188513193,False,-23.135697257335824
880,14.665200954861112,851,649,777.0,876.0,-0.20190187920310243,-0.3151281346539744,-11.568125554097938,-6.4873865674051014,-0.20190187920310265,False,-11.56812555409795,-0.3151281346539747,False,-18.055512121503053
881,14.681865955946181,874,653,823.0,886.0,-0.15312589706450777,-0.21548569150556338,-8.773467635950977,-3.572953032775849,-0.15312589706450774,False,-8.773467635950976,-0.21548569150556318,False,-12.346420668726825
882,14.69853095703125,897,655,871.0,892.0,-0.10487693873023389,-0.1092676898773683,-6.009005957494525,-0.2515715096230378,-0.10487693873023396,False,-6.009005957494529,-0.10926768987736679,False,-6.260577467117465
883,14.71519595811632,919,656,918.0,894.0,-0.058755822715722696,-0.004201655946871886,-3.3664606634298013,3.1257235107079935,-0.05875582271572277,False,-3.3664606634298058,-0.004201655946872052,False,-0.2407371527218122
884,14.73186095920139,941,655,967.0,892.0,-0.01263090719362769,0.1092676898773683,-0.7236976736162976,6.9842751407338515,-0.012630907193627472,False,-0.723697673616285,0.10926768987736679,False,6.260577467117465
885,14.74852596028646,963,653,1014.0,885.0,0.033813745380813845,0.21638584481804565,1.937384899850616,10.460610754596171,0.03381374538081383,False,1.9373848998506151,0.21638584481804557,False,12.397995654446786
886,14.765190961371529,983,650,1059.0,875.0,0.07644647637726203,0.3257452069169275,4.380060455063662,14.283765097892006,0.07644647637726187,False,4.380060455063653,0.32574520691692754,False,18.66382555295566
887,14.781855962456598,1002,646,1101.0,863.0,0.11748225052559104,0.428015417287721,6.731237122814964,17.792239854302213,0.11748225052559125,False,6.731237122814976,0.4280154172877211,False,24.52347697711719
888,14.798520963541668,1020,641,1140.0,846.0,0.15704741047893372,0.5295895987820763,8.998153803901522,21.34509508033805,0.1570474104789339,False,8.99815380390153,0.5295895987820778,False,30.34324888423966
889,14.815185964626737,1036,636,1174.0,829.0,0.19275228380661039,0.6207394418475843,11.043892353626617,24.521857841546364,0.19275228380661025,False,11.043892353626608,0.6207394418475829,False,35.565750195172896
890,14.831850965711807,1051,630,1203.0,813.0,0.22712341798731164,0.6931236382026539,13.013213279258643,26.699845870506053,0.22712341798731162,False,13.013213279258641,0.6931236382026533,False,39.71305914976467
891,14.848515966796876,1063,625,1229.0,795.0,0.25499942474599613,0.7734939638391385,14.610390816209422,29.707548790617913,0.25499942474599635,False,14.610390816209435,0.7734939638391367,False,44.317939606827245
892,14.865180967881946,1074,620,1250.0,779.0,0.2809991125560535,0.8361009389134209,16.10006319638344,31.804991850281038,0.28099911255605337,False,16.100063196383434,0.8361009389134217,False,47.90505504666452
893,14.881845968967015,1083,615,1267.0,766.0,0.30301575842657996,0.8835888388388599,17.36152408379874,33.264387206532994,0.30301575842658,False,17.361524083798745,0.8835888388388611,False,50.625911290331814
894,14.898510970052085,1090,611,1280.0,754.0,0.320357797637019,0.9256131338016726,18.355149738707286,34.67857629000651,0.3203577976370191,False,18.355149738707293,0.9256131338016722,False,53.03372602871378
895,14.915175971137153,1095,608,1289.0,745.0,0.3329232738353815,0.9559310276476498,19.075098492445548,35.69571489736838,0.33292327383538156,False,19.07509849244555,0.9559310276476509,False,54.77081338981401
896,14.931840972222222,1098,607,1295.0,739.0,0.3399049842489014,0.9804545462272519,19.475121032922775,36.700786470313034,0.33990498424890125,False,19.475121032922765,0.9804545462272536,False,56.1759075032359
897,14.948505973307292,1099,606,1298.0,736.0,0.3427264984306649,0.9921283412617993,19.63678188737413,37.20798480224202,0.34272649843066505,False,19.636781887374138,0.9921283412618003,False,56.8447666896162
898,14.965170974392361,1098,607,1296.0,737.0,0.3399049842489014,0.9898193687745949,19.475121032922775,37.23735127816473,0.33990498424890125,False,19.475121032922765,0.9898193687745938,False,56.712472311087446
899,14.98183597547743,1094,609,1291.0,741.0,0.3301185599089347,0.9804545462272519,18.91440022171858,37.26150728151723,0.3301185599089349,False,18.91440022171859,0.9804545462272536,False,56.1759075032359
900,14.9985009765625,1089,612,1282.0,748.0,0.31757811685735876,0.9569475411898851,18.19588576163912,36.6331695639628,0.3175781168573586,False,18.19588576163911,0.9569475411898836,False,54.829055325601836
901,15.01516597764757,1081,616,1270.0,758.0,0.29817655893454853,0.9264491945147977,17.08425837668349,35.99737040230908,0.29817655893454864,False,17.084258376683497,0.9264491945147988,False,53.08162877899263
902,15.03183097873264,1071,621,1255.0,771.0,0.27410178261436835,0.8868451186969318,15.70487530081567,35.107607082297065,0.27410178261436835,False,15.70487530081567,0.8868451186969324,False,50.81248238311276
903,15.048495979817709,1060,626,1235.0,785.0,0.2481415413516345,0.8332657616880934,14.21746304131965,33.525148316161946,0.24814154135163458,False,14.217463041319654,0.833265761688093,False,47.74261135748157
904,15.065160980902778,1046,632,1211.0,802.0,0.21562160415819456,0.7704738984073634,12.35420789010503,31.79069471362826,0.21562160415819465,False,12.354207890105036,0.7704738984073636,False,44.14490260373329
905,15.081825981987848,1031,637,1183.0,820.0,0.18177842523018192,0.6931236382026539,10.415136572223824,29.29792257754088,0.18177842523018173,False,10.415136572223814,0.6931236382026533,False,39.71305914976467
906,15.098490983072917,1014,642,1150.0,836.0,0.14401762094995602,0.6114175272111867,8.251601855947346,26.78004197357883,0.14401762094995618,False,8.251601855947355,0.6114175272111879,False,35.03164382952623
907,15.115155984157987,996,647,1113.0,854.0,0.10454252786319908,0.5144513130590278,5.98984562619012,23.48604337705564,0.10454252786319929,False,5.989845626190132,0.5144513130590269,False,29.475889003245694
908,15.131820985243056,977,651,1072.0,869.0,0.06360834155226763,0.4109657038594954,3.644489512771559,19.902110843000784,0.06360834155226769,False,3.644489512771562,0.41096570385949605,False,23.54660035577237
909,15.148485986328126,957,654,1027.0,880.0,0.021093917253554445,0.3003634415449125,1.2085924320268584,16.000965088521042,0.021093917253554473,False,1.2085924320268602,0.30036344154491346,False,17.209557520547953
910,15.165150987413195,937,656,980.0,889.0,-0.021005313472176913,0.18249600024803592,-1.203515809305026,11.659766401535897,-0.021005313472176823,False,-1.203515809305021,0.1824960002480367,False,10.456250592230928
911,15.181815988498265,916,656,931.0,894.0,-0.06503420876644352,0.0629419593073733,-3.7261856862899134,7.332494308886582,-0.0650342087664435,False,-3.7261856862899125,0.06294195930737345,False,3.606308622596669
912,15.198480989583334,895,655,882.0,893.0,-0.10903947356737492,-0.05456762350389413,-6.247501635738882,3.1210071109068798,-0.10903947356737476,False,-6.247501635738872,-0.05456762350389255,False,-3.1264945248319163
913,15.215145990668404,875,653,834.0,888.0,-0.15106026251525606,-0.17272951082565158,-8.655115494262446,-1.241556473406653,-0.15106026251525595,False,-8.65511549426244,-0.17272951082565058,False,-9.896671967669041
914,15.231810991753473,854,650,788.0,880.0,-0.1953488987698035,-0.2794477641263722,-11.1926674320381,-4.818510046770354,-0.19534889876980355,False,-11.192667432038103,-0.27944776412637395,False,-16.01117747880856
915,15.248475992838543,834,646,745.0,868.0,-0.23789734497364917,-0.3812827744718905,-13.630513824357886,-8.215379953919843,-0.237897344973649,False,-13.630513824357877,-0.38128277447189163,False,-21.845893778277794
916,15.265140993923612,815,641,705.0,853.0,-0.2788725606897831,-0.478627761768176,-15.978220749530482,-11.445129957579015,-0.2788725606897833,False,-15.978220749530491,-0.4786277617681769,False,-27.423350707109556
917,15.281805995008682,796,635,670.0,839.0,-0.32043129394829056,-0.5532943253222926,-18.359360767152925,-13.342068902352796,-0.32043129394829073,False,-18.359360767152936,-0.5532943253222911,False,-31.70142966950563
918,15.29847099609375,779,628,639.0,823.0,-0.35877067027057225,-0.6226707887570673,-20.556045219583467,-15.12036300227851,-0.3587706702705722,False,-20.556045219583464,-0.6226707887570697,False,-35.676408221862125
919,15.31513599717882,763,621,613.0,807.0,-0.39527405591463155,-0.6786624907483126,-22.6475351549265,-16.236961278788087,-0.3952740559146317,False,-22.647535154926512,-0.6786624907483159,False,-38.88449643371478
920,15.331800998263889,748,613,590.0,794.0,-0.43079558291778597,-0.7176553721273997,-24.68276873406724,-16.435855233723306,-0.43079558291778586,False,-24.68276873406723,-0.7176553721274033,False,-41.11862396779074
921,15.348465999348958,736,606,571.0,780.0,-0.45988469167193835,-0.7588557256460511,-26.349451895477227,-17.129778443379006,-0.45988469167193813,False,-26.349451895477213,-0.7588557256460504,False,-43.4792303388562
922,15.365131000434028,726,600,555.0,769.0,-0.48437979361044914,-0.7912804484928253,-27.752917855296616,-17.58411225456119,-0.484379793610449,False,-27.75291785529661,-0.7912804484928273,False,-45.33703010985793
923,15.381796001519097,718,595,544.0,761.0,-0.504229659803801,-0.8089232343826652,-28.89023141207509,-17.457655868123517,-0.504229659803801,False,-28.89023141207509,-0.808923234382668,False,-46.34788728019876
924,15.398461002604167,712,590,535.0,753.0,-0.5204584494511494,-0.8265513860388912,-29.820072565473758,-17.53783340524316,-0.5204584494511493,False,-29.82007256547375,-0.8265513860388936,False,-47.357905970717034
925,15.415126003689236,708,588,530.0,748.0,-0.5299012084586002,-0.8386023429409392,-30.36110280355983,-17.68727213673848,-0.5299012084586003,False,-30.361102803559838,-0.8386023429409377,False,-48.04837494029822
926,15.431791004774306,707,587,527.0,747.0,-0.532797143357281,-0.844153986113171,-30.527027650998885,-17.839433012430913,-0.5327971433572811,False,-30.527027650998892,-0.8441539861131702,False,-48.366460663429756
927,15.448456005859375,707,587,528.0,747.0,-0.532797143357281,-0.8413867845980396,-30.527027650998885,-17.680884044551686,-0.5327971433572811,False,-30.527027650998892,-0.8413867845980363,False,-48.20791169555038
928,15.465121006944445,710,589,533.0,751.0,-0.5251812023498494,-0.8296171077931012,-30.090666374252447,-17.44289251414213,-0.5251812023498497,False,-30.090666374252457,-0.8296171077930978,False,-47.53355888839438
929,15.481786008029514,714,592,541.0,758.0,-0.51469121709281,-0.8060441969316666,-29.489634491869626,-16.693296093326644,-0.51469121709281,False,-29.489634491869626,-0.8060441969316656,False,-46.18293058519622
930,15.498451009114584,721,597,552.0,766.0,-0.4966544852097869,-0.7853981633974483,-28.456205878763356,-16.54379412123664,-0.49665448520978694,False,-28.45620587876336,-0.7853981633974456,False,-44.999999999999844
931,15.515116010199653,730,602,566.0,777.0,-0.4749572116089047,-0.7529611668960438,-27.213043674492187,-15.928453325896722,-0.4749572116089045,False,-27.213043674492173,-0.7529611668960428,False,-43.141497000388846
932,15.531781011284723,741,609,585.0,790.0,-0.4476715247506145,-0.7113498241769309,-25.649688976396586,-15.107653706314718,-0.44767152475061467,False,-25.649688976396593,-0.7113498241769278,False,-40.75734268271113
933,15.548446012369793,754,616,607.0,804.0,-0.41673370035959756,-0.6636157467843974,-23.877082211474416,-14.145299297693885,-0.41673370035959767,False,-23.877082211474423,-0.6636157467843944,False,-38.02238150916813
934,15.565111013454862,769,623,632.0,818.0,-0.3820621907150843,-0.612444766409215,-21.89055103949668,-13.19994926062691,-0.38206219071508407,False,-21.890551039496664,-0.6124447664092116,False,-35.090500300123395
935,15.581776014539932,786,631,661.0,834.0,-0.34288347125460944,-0.5519297832910718,-19.645775767684402,-11.97747140246415,-0.3428834712546096,False,-19.645775767684412,-0.5519297832910723,False,-31.623247170148588
936,15.598441015625001,805,637,693.0,848.0,-0.30126432628821176,-0.487987370663628,-17.26117441416667,-10.698442380545346,-0.30126432628821176,False,-17.26117441416667,-0.4879873706636282,False,-27.959616794712016
937,15.61510601671007,824,643,728.0,861.0,-0.25966115227808917,-0.41481428312106017,-14.87748812903829,-8.889619575543279,-0.25966115227808917,False,-14.87748812903829,-0.4148142831210606,False,-23.767107704581594
938,15.63177101779514,845,648,767.0,874.0,-0.21459288149122355,-0.3323321700177181,-12.295266422998148,-6.7459643154412126,-0.21459288149122369,False,-12.295266422998157,-0.3323321700177182,False,-19.04123073843937
939,15.64843601888021,867,652,809.0,883.0,-0.16789592325037456,-0.24599699271376327,-9.619727799698852,-4.474861655710239,-0.1678959232503745,False,-9.619727799698849,-0.24599699271376352,False,-14.094589455409114
940,15.66510101996528,888,654,852.0,890.0,-0.12383564896894092,-0.15137544373402623,-7.095260039183899,-1.577914008695865,-0.12383564896894095,False,-7.095260039183901,-0.15137544373402534,False,-8.673174047879716
941,15.681766021050349,909,656,898.0,894.0,-0.07966298504578714,-0.04618561965887765,-4.5643528265373945,1.918111745887266,-0.07966298504578706,False,-4.56435282653739,-0.04618561965887835,False,-2.6462410806501744
942,15.698431022135416,931,656,943.0,893.0,-0.033600794415993215,0.05058970876938464,-1.9251837083231549,4.823760507604861,-0.033600794415993285,False,-1.9251837083231589,0.05058970876938318,False,2.898576799281626
943,15.715096023220486,951,654,988.0,889.0,0.008438618254244435,0.15616481407278227,0.4834972108902608,8.464087543925368,0.008438618254244634,False,0.48349721089027226,0.15616481407278116,False,8.947584754815564
944,15.731761024305555,971,652,1031.0,882.0,0.050803704058221655,0.2551823906208184,2.9108378261677537,11.710036162463902,0.050803704058221655,False,2.9108378261677537,0.25518239062081705,False,14.62087398863158
945,15.748426025390625,989,648,1072.0,871.0,0.08950381835161035,0.35631125565237476,5.128191041852838,15.286940100035139,0.08950381835161014,False,5.128191041852826,0.35631125565237554,False,20.415131141888015
946,15.765091026475694,1006,644,1110.0,858.0,0.12647644455963053,0.45236989166241065,7.2465664810871715,18.67231908995926,0.1264764445596307,False,7.24656648108718,0.4523698916624106,False,25.918885571046413
947,15.781756027560764,1022,640,1144.0,844.0,0.16162135518301302,0.5389764998291462,9.260221531171478,21.620857165772122,0.16162135518301302,False,9.260221531171478,0.5389764998291469,False,30.88107869694365
948,15.798421028645834,1036,635,1175.0,829.0,0.1931654666374018,0.6217107611239197,11.067565985998232,24.55383670426847,0.19316546663740164,False,11.067565985998224,0.6217107611239214,False,35.6214026902668
949,15.815086029730903,1049,630,1201.0,813.0,0.22290023232837577,0.6931236382026539,12.771242564901442,26.941816584863254,0.22290023232837575,False,12.771242564901442,0.6931236382026533,False,39.71305914976467
950,15.831751030815973,1060,626,1224.0,799.0,0.2481415413516345,0.7586982783921826,14.21746304131965,29.252746234393985,0.24814154135163458,False,14.217463041319654,0.7586982783921812,False,43.470209275713565
951,15.848416031901042,1069,622,1242.0,784.0,0.26931248336029706,0.8182221908244113,15.430468666732231,31.450209571454398,0.2693124833602969,False,15.430468666732223,0.8182221908244109,False,46.88067823818662
952,15.865081032986112,1076,618,1256.0,773.0,0.28642222405108664,0.85988695361133,16.410784596877726,32.85710870341308,0.2864222240510865,False,16.41078459687772,0.8598869536113298,False,49.2678933002908
953,15.881746034071181,1082,616,1267.0,765.0,0.30027083694828505,0.8927680854329957,17.20425166799763,33.94759171128794,0.30027083694828516,False,17.20425166799764,0.8927680854329942,False,51.15184337928548
954,15.89841103515625,1085,614,1273.0,758.0,0.3078625584656751,0.9171604298753748,17.639225270182738,34.91019649808054,0.3078625584656751,False,17.639225270182738,0.9171604298753735,False,52.5494217682632
955,15.91507603624132,1086,613,1277.0,754.0,0.3106244488472544,0.9348772125588276,17.797469932525004,35.76704871005058,0.31062444884725426,False,17.797469932524997,0.9348772125588276,False,53.564518642575585
956,15.93174103732639,1086,613,1277.0,754.0,0.3106244488472544,0.9348772125588276,17.797469932525004,35.76704871005058,0.31062444884725426,False,17.797469932524997,0.9348772125588276,False,53.564518642575585
957,15.94840603841146,1083,615,1273.0,756.0,0.30301575842657996,0.9323670257390969,17.36152408379874,36.059171448216894,0.30301575842658,False,17.361524083798745,0.9323670257390972,False,53.420695532015664
958,15.965071039496529,1078,617,1266.0,762.0,0.2912468427698455,0.913816674551273,16.687214887222424,35.670623813245406,0.2912468427698456,False,16.687214887222428,0.9138166745512741,False,52.35783870046791
959,15.981736040581598,1072,620,1255.0,771.0,0.2767981586319901,0.8809150010730908,15.859366266605688,34.613345404644804,0.2767981586319901,False,15.859366266605688,0.8809150010730917,False,50.47271167125054
960,15.998401041666668,1063,624,1241.0,781.0,0.25554909394138176,0.8480028124546374,14.64188454123337,33.945097627641246,0.2555490939413816,False,14.641884541233361,0.8480028124546379,False,48.586982168874634
961,16.015066042751737,1053,629,1223.0,794.0,0.23183536111309477,0.8003224283875333,13.283187733671697,32.57190966259503,0.23183536111309477,False,13.283187733671697,0.8003224283875348,False,45.85509739626681
962,16.031731043836807,1041,634,1201.0,809.0,0.2041636460154076,0.7406519319428327,11.697715246685782,30.738514541849216,0.2041636460154077,False,11.697715246685789,0.740651931942832,False,42.43622978853495
963,16.048396044921876,1027,638,1175.0,824.0,0.17292786985289404,0.6721128273807938,9.908037102758414,28.601191262765905,0.1729278698528942,False,9.908037102758422,0.6721128273807935,False,38.5092283655243
964,16.065061046006946,1012,643,1144.0,839.0,0.13947721661716506,0.5926974047350627,7.991455850395511,25.967603969280756,0.13947721661716495,False,7.991455850395504,0.5926974047350626,False,33.95905981967626
965,16.081726047092015,995,647,1110.0,855.0,0.10242405035050386,0.5050551888870511,5.868465805719311,23.069064938691305,0.10242405035050384,False,5.86846580571931,0.5050551888870523,False,28.93753074441069
966,16.098391048177085,977,651,1073.0,868.0,0.06360834155226763,0.4165127351873055,3.644489512771559,20.21993232691115,0.06360834155226769,False,3.644489512771562,0.4165127351873039,False,23.86442183968261
967,16.115056049262154,959,653,1031.0,879.0,0.025364537950264335,0.3084180111024965,1.4532809738495545,16.217769388142468,0.0253645379502645,False,1.4532809738495638,0.30841801110249634,False,17.671050361992005
968,16.131721050347224,940,655,988.0,888.0,-0.014735775422073447,0.20316631194892554,-0.8442977395374178,12.484869953449154,-0.014735775422073605,False,-0.8442977395374268,0.20316631194892665,False,11.640572213911804
969,16.148386051432293,921,656,942.0,893.0,-0.05456762350389413,0.0883767861448488,-3.126494524832007,8.19011137786209,-0.054567623503894325,False,-3.126494524832018,0.088376786144849,False,5.063616853030098
970,16.165051052517363,901,656,896.0,894.0,-0.09633949292208074,-0.021005313472176913,-5.519846344865694,4.316330535560655,-0.09633949292208088,False,-5.519846344865702,-0.021005313472176823,False,-1.203515809305021
971,16.181716053602432,881,654,851.0,892.0,-0.13835097017712528,-0.12538912034151625,-7.926926682689598,0.7426592902627481,-0.13835097017712528,False,-7.926926682689598,-0.1253891203415165,False,-7.184267392426875
972,16.198381054687502,862,652,807.0,884.0,-0.17817502318894465,-0.23277174150088592,-10.208676843372103,-3.128161534538843,-0.17817502318894451,False,-10.208676843372094,-0.23277174150088698,False,-13.336838377911015
973,16.21504605577257,843,648,766.0,874.0,-0.21866894587394195,-0.32837297413931005,-12.528807709151511,-6.28557781518948,-0.21866894587394192,False,-12.52880770915151,-0.32837297413930955,False,-18.814385524340963
974,16.23171105685764,824,644,728.0,863.0,-0.25912627902449253,-0.4131288322784014,-14.846842149032772,-8.82369633568767,-0.2591262790244926,False,-14.846842149032776,-0.413128832278403,False,-23.67053848472055
975,16.24837605794271,807,638,693.0,849.0,-0.29665674760929417,-0.49535339848099147,-16.99717960209023,-11.384479498332672,-0.29665674760929406,False,-16.997179602090224,-0.49535339848099014,False,-28.38165910042282
976,16.26504105902778,790,632,662.0,835.0,-0.33430772646090096,-0.562574559421413,-19.15442178482362,-13.078726131455099,-0.3343077264609011,False,-19.15442178482363,-0.5625745594214138,False,-32.23314791627875
977,16.28170606011285,774,626,636.0,822.0,-0.3700253944517353,-0.6134600655737035,-21.20089341474794,-13.947779242444009,-0.3700253944517353,False,-21.20089341474794,-0.6134600655737046,False,-35.148672657192
978,16.298371061197916,761,620,614.0,809.0,-0.39994405315716103,-0.6610431688506869,-22.915106287261175,-14.959877363837041,-0.399944053157161,False,-22.91510628726117,-0.6610431688506893,False,-37.87498365109834
979,16.315036062282985,748,613,594.0,797.0,-0.43079558291778597,-0.6968727446734324,-24.68276873406724,-15.245098393418253,-0.43079558291778586,False,-24.68276873406723,-0.6968727446734349,False,-39.927867127485634
980,16.331701063368055,737,607,579.0,788.0,-0.4570687565477896,-0.7176553721273997,-26.188110697480855,-14.930513270309675,-0.4570687565477898,False,-26.188110697480866,-0.7176553721274033,False,-41.11862396779074
981,16.348366064453124,729,603,566.0,778.0,-0.4758650461955615,-0.7499101102337746,-27.265058764803626,-15.701625565781981,-0.47586504619556136,False,-27.26505876480362,-0.7499101102337775,False,-42.96668433058578
982,16.365031065538194,723,599,557.0,771.0,-0.49094779268729727,-0.7676485483409506,-28.129236482245833,-15.85378548703499,-0.4909477926872974,False,-28.12923648224584,-0.7676485483409508,False,-43.983021969280834
983,16.381696066623263,719,596,550.0,767.0,-0.5013655614676703,-0.7795158783020714,-28.72613066530436,-15.936839224837833,-0.5013655614676704,False,-28.726130665304368,-0.779515878302071,False,-44.66296989014217
984,16.398361067708333,717,595,548.0,764.0,-0.5060749632963412,-0.7853981633974483,-28.995959514118393,-16.0040404858816,-0.5060749632963413,False,-28.9959595141184,-0.7853981633974456,False,-44.999999999999844
985,16.415026068793402,717,595,547.0,764.0,-0.5060749632963412,-0.7883480073486928,-28.995959514118393,-16.173054094510107,-0.5060749632963413,False,-28.9959595141184,-0.788348007348695,False,-45.16901360862863
986,16.43169106987847,719,596,552.0,768.0,-0.5013655614676703,-0.7706499702428534,-28.72613066530436,-15.428860111493636,-0.5013655614676704,False,-28.726130665304368,-0.7706499702428502,False,-44.154990776797796
987,16.44835607096354,723,599,559.0,772.0,-0.49094779268729727,-0.7586982783921826,-28.129236482245833,-15.340972793467824,-0.4909477926872974,False,-28.12923648224584,-0.7586982783921812,False,-43.470209275713565
988,16.46502107204861,729,602,568.0,780.0,-0.476829519638931,-0.7352926439455092,-27.320319022561147,-14.808846182532095,-0.47682951963893094,False,-27.320319022561144,-0.7352926439455061,False,-42.12916520509306
989,16.48168607313368,737,607,582.0,789.0,-0.4570687565477896,-0.7054502392496215,-26.188110697480855,-14.231210668016638,-0.4570687565477898,False,-26.188110697480866,-0.7054502392496218,False,-40.4193213654975
990,16.49835107421875,747,613,598.0,800.0,-0.4327006442105757,-0.6727814411390625,-24.791920705857827,-13.75561640613966,-0.43270064421057564,False,-24.791920705857823,-0.6727814411390654,False,-38.54753711199766
991,16.51501607530382,759,619,618.0,812.0,-0.4046168344085917,-0.6309494667237168,-23.18283693155601,-12.967904597742928,-0.40461683440859186,False,-23.18283693155602,-0.6309494667237132,False,-36.15074152929874
992,16.53168107638889,773,625,642.0,825.0,-0.37273350606110883,-0.5798821323938134,-21.356056780415425,-11.868742020796514,-0.3727335060611088,False,-21.35605678041542,-0.5798821323938128,False,-33.22479880121191
993,16.54834607747396,789,632,669.0,838.0,-0.3362805753700938,-0.5274705837654604,-19.267457700937356,-10.954380566125295,-0.3362805753700937,False,-19.26745770093735,-0.5274705837654601,False,-30.22183826706262
994,16.565011078559028,806,638,699.0,851.0,-0.29865235287985126,-0.46552377940730005,-17.111519361667213,-9.56102846135023,-0.29865235287985126,False,-17.111519361667213,-0.46552377940729883,False,-26.672547823017368
995,16.581676079644097,825,644,731.0,863.0,-0.2571115358951299,-0.4054427504166607,-14.731405870917316,-8.498752562133353,-0.25711153589513014,False,-14.731405870917328,-0.4054427504166611,False,-23.230158433050683
996,16.598341080729167,844,648,767.0,874.0,-0.21663182782268647,-0.32837297413931005,-12.412089442444657,-6.402296081896335,-0.21663182782268642,False,-12.412089442444653,-0.32837297413930955,False,-18.814385524340963
997,16.615006081814236,864,652,806.0,882.0,-0.1740678234019038,-0.24702365005121815,-9.973351629957632,-4.180060957893763,-0.17406782340190396,False,-9.97335162995764,-0.24702365005121862,False,-14.15341258785143
998,16.631671082899306,885,654,846.0,889.0,-0.130063287501013,-0.1644585463992785,-7.4520774434046775,-1.9707031701303999,-0.13006328750101304,False,-7.452077443404679,-0.1644585463992776,False,-9.422780613535028
999,16.648336083984375,905,656,888.0,893.0,-0.08800737352774077,-0.07160731485126633,-5.042451069170913,0.9396541459288851,-0.0880073735277409,False,-5.042451069170921,-0.07160731485126703,False,-4.102796923242061
1000,16.665001085069445,925,656,930.0,893.0,-0.04618561965887765,0.021093917253554445,-2.6462410806501344,3.8548335126769837,-0.046185619658877464,False,-2.6462410806501238,0.02109391725355536,False,1.208592432026911
1001,16.681666086154515,944,655,972.0,891.0,-0.006315705498437864,0.11809202841909398,-0.36186326970805754,7.128038092261115,-0.00631570549843774,False,-0.36186326970805044,0.11809202841909539,False,6.766174822553141
1002,16.698331087239584,963,653,1013.0,886.0,0.033813745380813845,0.21138641644999373,1.937384899850616,10.174164609128821,0.03381374538081383,False,1.9373848998506151,0.21138641644999367,False,12.111549508979436
1003,16.714996088324654,981,650,1052.0,877.0,0.07221463115270767,0.303135683518947,4.1375935841441045,13.230801701304983,0.07221463115270765,False,4.137593584144104,0.3031356835189456,False,17.36839528544901
1004,16.731661089409723,997,647,1089.0,866.0,0.10666006399965021,0.3977056192195359,6.1111715097752075,16.675681960141194,0.10666006399965022,False,6.111171509775208,0.3977056192195363,False,22.786853469916426
1005,16.748326090494793,1012,643,1122.0,854.0,0.13947721661716506,0.48056328863045333,7.991455850395511,19.542792377056696,0.13947721661716495,False,7.991455850395504,0.48056328863045294,False,27.534248227452174
1006,16.764991091579862,1025,639,1152.0,840.0,0.16832663281779703,0.5635034222608851,9.644405640108065,22.641962196618927,0.1683266328177968,False,9.644405640108053,0.5635034222608866,False,32.28636783672708
1007,16.78165609266493,1038,635,1179.0,827.0,0.19739555984988075,0.6334258829691446,11.309932474020213,24.98269725445939,0.19739555984988089,False,11.30993247402022,0.6334258829691457,False,36.29262972847966
1008,16.79832109375,1048,630,1200.0,813.0,0.2207855937007063,0.6931236382026539,12.650082696340645,27.062976453424056,0.22078559370070616,False,12.650082696340638,0.6931236382026533,False,39.71305914976467
1009,16.81498609483507,1057,627,1219.0,800.0,0.2412905871193859,0.7525741359704854,13.824932278174515,29.294389483638845,0.24129058711938578,False,13.82493227817451,0.7525741359704838,False,43.119321761813275
1010,16.83165109592014,1064,624,1234.0,790.0,0.2576562723249746,0.7973023629557582,14.762616969294442,30.919443423878217,0.25765627232497446,False,14.762616969294431,0.7973023629557581,False,45.68206039317265
1011,16.84831609700521,1069,621,1245.0,781.0,0.2698939728613093,0.8329812666744317,15.4637855609714,32.26252543293488,0.26989397286130945,False,15.463785560971411,0.8329812666744303,False,47.72631099390619
1012,16.86498109809028,1072,620,1252.0,775.0,0.2767981586319901,0.85988695361133,15.859366266605688,33.40852703368514,0.2767981586319901,False,15.859366266605688,0.8598869536113298,False,49.2678933002908
1013,16.88164609917535,1074,619,1256.0,771.0,0.2816059288933276,0.8749781374110849,16.134831211448837,33.99772322842413,0.2816059288933275,False,16.13483121144883,0.8749781374110839,False,50.13255443987291
1014,16.89831110026042,1073,619,1256.0,770.0,0.27950266594356715,0.8809150010730908,16.014323121221327,34.45838855002918,0.2795026659435673,False,16.014323121221338,0.8809150010730917,False,50.47271167125054
1015,16.914976101345488,1071,620,1253.0,772.0,0.27469390540110933,0.8749781374110849,15.738801437449453,34.39375300242351,0.2746939054011093,False,15.73880143744945,0.8749781374110839,False,50.13255443987291
1016,16.931641102430557,1067,622,1247.0,777.0,0.26510306459334804,0.85988695361133,15.18928673718289,34.07860656310792,0.26510306459334787,False,15.189286737182881,0.8598869536113298,False,49.2678933002908
1017,16.948306103515627,1061,625,1237.0,784.0,0.25078641197757723,0.8361009389134209,14.369002965544293,33.53605208112019,0.2507864119775771,False,14.369002965544286,0.8361009389134217,False,47.90505504666452
1018,16.964971104600696,1054,628,1223.0,794.0,0.23444719362596877,0.794353147898415,13.432834713454426,32.08024810405605,0.23444719362596889,False,13.432834713454433,0.7943531478984163,False,45.51308281751053
1019,16.981636105685766,1044,632,1207.0,805.0,0.21139549366074817,0.7556450413787833,12.11206959484542,31.18320208614732,0.21139549366074828,False,12.112069594845424,0.7556450413787843,False,43.29527168099279
1020,16.998301106770835,1033,637,1185.0,817.0,0.1860084518811499,0.7012599228662774,10.657499246552147,29.521734675355198,0.18600845188115,False,10.657499246552154,0.7012599228662779,False,40.179233921907375
1021,17.014966107855905,1020,640,1161.0,830.0,0.15738321402582928,0.6384293010557998,9.01739392988416,27.561910538100197,0.15738321402582933,False,9.017393929884163,0.6384293010558011,False,36.579304467984436
1022,17.031631108940974,1006,644,1133.0,844.0,0.12647644455963053,0.5657580297420903,7.2465664810871715,25.168980848771497,0.1264764445596307,False,7.24656648108718,0.5657580297420921,False,32.41554732985878
1023,17.048296110026044,990,648,1101.0,858.0,0.09162309245093313,0.4862426330875049,5.249616503375422,22.610034191866834,0.09162309245093292,False,5.24961650337541,0.4862426330875067,False,27.859650695242372
1024,17.064961111111113,974,651,1065.0,870.0,0.05726217184740965,0.3938180418362781,3.280880772609413,19.283230920715795,0.05726217184740978,False,3.2808807726094207,0.3938180418362798,False,22.564111693325316
1025,17.081626112196183,957,653,1028.0,881.0,0.021138500003567262,0.3018856181454772,1.2111468354416797,16.085624979992144,0.021138500003567096,False,1.2111468354416701,0.30188561814547654,False,17.29677181543379
1026,17.09829111328125,939,655,986.0,888.0,-0.016840513076531283,0.19904572336856055,-0.964890324120116,12.369370203267135,-0.016840513076531227,False,-0.9648903241201129,0.19904572336855963,False,11.40447987914697
1027,17.11495611436632,921,655,944.0,892.0,-0.0546822740837001,0.09674346233893974,-3.1330635191736165,8.676055606677695,-0.0546822740837003,False,-3.133063519173628,0.09674346233893871,False,5.542992087504016
1028,17.131621115451388,902,655,902.0,894.0,-0.09445493539504667,0.0,-5.4118691523170295,5.411869152317023,-0.09445493539504657,False,-5.411869152317023,0.0,False,0.0
1029,17.148286116536458,884,654,860.0,891.0,-0.1321369386222528,-0.10092178466729385,-7.570888900834287,1.7884965784702502,-0.13213693862225284,False,-7.570888900834291,-0.10092178466729251,False,-5.782392322363964
1030,17.164951117621527,866,652,818.0,885.0,-0.16995468229298152,-0.20316631194892554,-9.737686003874625,-1.9028862100371096,-0.16995468229298138,False,-9.737686003874618,-0.20316631194892665,False,-11.640572213911804
1031,17.181616118706597,847,649,779.0,878.0,-0.21007381711807097,-0.28865006568130397,-12.036343107068573,-4.502087412644155,-0.21007381711807094,False,-12.036343107068571,-0.2886500656813027,False,-16.538430519712648
1032,17.198281119791666,830,645,743.0,867.0,-0.24649611264499596,-0.3734971461064775,-14.123186920939592,-7.276623211142635,-0.24649611264499605,False,-14.123186920939597,-0.37349714610647666,False,-21.39981013208218
1033,17.214946120876736,813,640,709.0,856.0,-0.28346016365386906,-0.4487233440107211,-16.24107103745431,-9.468882743356954,-0.28346016365386895,False,-16.241071037454308,-0.44872334401071967,False,-25.709953780811183
1034,17.231611121961805,797,635,681.0,845.0,-0.318450236346155,-0.5046693593726996,-18.24585452757825,-10.669569814048465,-0.318450236346155,False,-18.24585452757825,-0.5046693593726985,False,-28.91542434162664
1035,17.248276123046875,783,629,654.0,832.0,-0.3502008506881248,-0.5660914625079305,-20.06503072632066,-12.36962089377204,-0.3502008506881249,False,-20.065030726320668,-0.5660914625079307,False,-32.43465162009271
1036,17.264941124131944,770,623,632.0,820.0,-0.38011712061197833,-0.6110665638310787,-21.77910673173163,-13.2324283773507,-0.38011712061197844,False,-21.779106731731638,-0.6110665638310806,False,-35.01153510908244
1037,17.281606125217014,758,618,614.0,810.0,-0.40736907271204414,-0.6435011087932844,-23.34052857055808,-13.52936907528594,-0.40736907271204403,False,-23.340528570558075,-0.6435011087932878,False,-36.86989764584422
1038,17.298271126302083,748,613,599.0,800.0,-0.43079558291778597,-0.6727814411390625,-24.68276873406724,-13.86476837793025,-0.43079558291778586,False,-24.68276873406723,-0.6727814411390654,False,-38.54753711199766
1039,17.314936127387153,740,608,586.0,792.0,-0.45047809759676216,-0.6968727446734324,-25.810493755376864,-14.11737337210862,-0.45047809759676216,False,-25.810493755376864,-0.6968727446734349,False,-39.927867127485634
1040,17.331601128472222,733,605,577.0,787.0,-0.46646715040135317,-0.7086262721276703,-26.726598999491742,-13.874695645512725,-0.46646715040135334,False,-26.726598999491753,-0.7086262721276668,False,-40.60129464500427
1041,17.34826612955729,730,602,572.0,782.0,-0.4749572116089047,-0.7204010902378455,-27.213043674492187,-14.062898352759543,-0.4749572116089045,False,-27.213043674492173,-0.7204010902378428,False,-41.27594202725157
1042,17.36493113064236,728,601,568.0,780.0,-0.47966885824933314,-0.729409542196857,-27.48300114154573,-14.309087162903714,-0.47966885824933314,False,-27.48300114154573,-0.7294095421968549,False,-41.792088304449315
1043,17.38159613172743,727,601,568.0,780.0,-0.48153647267088,-0.7262954797868606,-27.590007565658134,-14.02365810555816,-0.48153647267087996,False,-27.59000756565813,-0.726295479786863,False,-41.613665671216445
1044,17.3982611328125,729,602,571.0,782.0,-0.476829519638931,-0.7204010902378455,-27.320319022561147,-13.955623004690572,-0.47682951963893094,False,-27.320319022561144,-0.7204010902378428,False,-41.27594202725157
1045,17.41492613389757,733,604,578.0,787.0,-0.4674140695328358,-0.7027466474345994,-26.780853469265892,-13.483563495704708,-0.4674140695328357,False,-26.780853469265885,-0.7027466474346014,False,-40.26441696497072
1046,17.43159113498264,739,608,588.0,794.0,-0.45236989166241065,-0.6819116146255717,-25.918885571046417,-13.151771947950305,-0.4523698916624106,False,-25.918885571046413,-0.6819116146255695,False,-39.07065751899659
1047,17.44825613606771,746,612,601.0,802.0,-0.4354860420129137,-0.6518691143055769,-24.95151224419681,-12.397836800443795,-0.43548604201291363,False,-24.951512244196806,-0.6518691143055761,False,-37.34934904464055
1048,17.46492113715278,756,617,616.0,811.0,-0.41205025431556896,-0.6251085342329235,-23.608740519574337,-12.207340229581312,-0.41205025431556885,False,-23.60874051957433,-0.6251085342329219,False,-35.81608074915557
1049,17.481586138237848,767,622,635.0,822.0,-0.3867319776141511,-0.583373006993856,-22.158110120038693,-11.266701062565119,-0.3867319776141511,False,-22.158110120038693,-0.5833730069938561,False,-33.42481118260381
1050,17.498251139322917,780,628,658.0,833.0,-0.3568122884412848,-0.5368249794469454,-20.443838206090188,-10.313967453416955,-0.35681228844128476,False,-20.443838206090184,-0.5368249794469442,False,-30.757805659507063
1051,17.514916140407987,795,634,682.0,844.0,-0.3230715575912482,-0.4936573587028494,-18.510636730696238,-9.773846448552806,-0.3230715575912484,False,-18.510636730696245,-0.49365735870284766,False,-28.28448317924895
1052,17.531581141493056,811,639,711.0,855.0,-0.28805544705062586,-0.4335814839517618,-16.504361381755018,-8.338027723700156,-0.2880554470506258,False,-16.504361381755015,-0.43358148395176244,False,-24.842389105455222
1053,17.548246142578126,829,644,741.0,865.0,-0.2490313258433882,-0.37894509813114835,-14.268443937373329,-7.443510852712289,-0.24903132584338827,False,-14.268443937373334,-0.3789450981311475,False,-21.71195479008557
1054,17.564911143663196,847,648,775.0,875.0,-0.21050956212735614,-0.30714335966663053,-12.061309457044501,-5.536708757322101,-0.21050956212735628,False,-12.06130945704451,-0.30714335966662887,False,-17.59801821436651
1055,17.581576144748265,865,651,811.0,883.0,-0.17237000993361842,-0.22868682567222423,-9.876074083824411,-3.226715857438043,-0.17237000993361828,False,-9.876074083824403,-0.22868682567222365,False,-13.10278994126242
1056,17.598241145833335,885,654,848.0,889.0,-0.130063287501013,-0.15616481407278227,-7.4520774434046775,-1.495507311410962,-0.13006328750101304,False,-7.452077443404679,-0.15616481407278116,False,-8.947584754815564
1057,17.614906146918404,904,655,887.0,892.0,-0.09028023649764902,-0.07160731485126633,-5.172676524758225,1.0698796015162104,-0.09028023649764894,False,-5.172676524758221,-0.07160731485126703,False,-4.102796923242061
1058,17.631571148003474,923,655,926.0,893.0,-0.050483385173921286,0.012604374487651676,-2.892484905999003,3.614662367543821,-0.05048338517392148,False,-2.892484905999014,0.012604374487651171,False,0.7221774615447815
1059,17.648236149088543,941,654,964.0,891.0,-0.012657551834051962,0.09674346233893974,-0.725224299059252,6.26821638656333,-0.01265755183405215,False,-0.7252242990592628,0.09674346233893871,False,5.542992087504016
1060,17.664901150173613,958,652,1003.0,886.0,0.023300866913441774,0.18998828791871572,1.335041333136235,9.550485721522493,0.023300866913441798,False,1.3350413331362363,0.18998828791871603,False,10.885527054658755
1061,17.681566151258682,975,650,1039.0,880.0,0.059504138864393916,0.27139528080163583,3.4093360204901466,12.140468149211449,0.05950413886439376,False,3.4093360204901377,0.27139528080163444,False,15.549804169701511
1062,17.69823115234375,990,647,1074.0,869.0,0.09181818784103064,0.36172924151993224,5.260794645830468,15.464764219730084,0.09181818784103069,False,5.260794645830471,0.3617292415199316,False,20.725558865560505
1063,17.71489615342882,1004,644,1106.0,859.0,0.12223241880099626,0.4429738631207448,7.00340171697262,18.37713107445188,0.12223241880099645,False,7.003401716972631,0.44297386312074494,False,25.38053279142451
1064,17.73156115451389,1017,640,1134.0,847.0,0.1510153429213594,0.5144513130590278,8.652541791114725,20.82334721213102,0.15101534292135943,False,8.652541791114727,0.5144513130590269,False,29.475889003245694
1065,17.74822615559896,1028,636,1159.0,835.0,0.17579790209746762,0.5821819475136389,10.072477837438937,23.284090663799386,0.1757979020974676,False,10.072477837438935,0.5821819475136394,False,33.35656850123835
1066,17.76489115668403,1038,633,1180.0,823.0,0.1982444560806038,0.6418147697509796,11.358570645285207,25.414706890606613,0.19824445608060381,False,11.358570645285209,0.6418147697509795,False,36.77327753589182
1067,17.7815561577691,1046,630,1199.0,813.0,0.21655030497608926,0.6963485807629505,12.407418527400745,27.490416220241055,0.21655030497608907,False,12.407418527400733,0.696348580762951,False,39.89783474764184
1068,17.79822115885417,1052,627,1213.0,803.0,0.23071655572812796,0.7409171370285529,13.21908490701659,29.232340013635575,0.2307165557281281,False,13.219084907016597,0.7409171370285534,False,42.4514249206522
1069,17.81488615993924,1057,625,1223.0,795.0,0.24233316665301483,0.7734939638391385,13.88466768525817,30.433271921569176,0.24233316665301485,False,13.884667685258172,0.7734939638391367,False,44.317939606827245
1070,17.831551161024308,1060,624,1231.0,789.0,0.24921368280512338,0.8032534085370008,14.278892221645584,31.744137967022265,0.24921368280512324,False,14.278892221645576,0.8032534085369996,False,46.02303018866777
1071,17.848216162109377,1061,624,1234.0,786.0,0.2513277841608404,0.8182221908244113,14.400021306791055,32.48065693139558,0.25132778416084056,False,14.400021306791064,0.8182221908244109,False,46.88067823818662
1072,17.864881163194447,1061,624,1235.0,785.0,0.2513277841608404,0.824184671781782,14.400021306791055,32.822281925680066,0.25132778416084056,False,14.400021306791064,0.8241846717817829,False,47.222303232471155
1073,17.881546164279513,1059,625,1232.0,787.0,0.24656428547665346,0.8182221908244113,14.127092936471023,32.75358530171561,0.24656428547665366,False,14.127092936471033,0.8182221908244109,False,46.88067823818662
1074,17.898211165364582,1055,627,1225.0,791.0,0.23706743577396167,0.8033603032453056,13.582963529836713,32.44619127446927,0.2370674357739615,False,13.582963529836702,0.8033603032453058,False,46.029154804305996
1075,17.914876166449652,1049,629,1215.0,798.0,0.2233803362198676,0.7764431788964815,12.798750491611731,31.68816669087781,0.22338033621986764,False,12.798750491611733,0.7764431788964821,False,44.48691718248957
1076,17.93154116753472,1042,632,1202.0,806.0,0.20716170370013415,0.7435065183015194,11.869491298757376,30.73029424038598,0.20716170370013431,False,11.869491298757387,0.743506518301519,False,42.59978553914334
1077,17.94820616861979,1033,635,1185.0,816.0,0.1868072219765816,0.6985302406869417,10.703265401821644,29.319569251797702,0.1868072219765815,False,10.70326540182164,0.6985302406869422,False,40.02283465361937
1078,17.96487116970486,1022,639,1165.0,827.0,0.16196735198603543,0.6502749255932068,9.280045687709682,27.97796307196471,0.16196735198603562,False,9.280045687709693,0.6502749255932052,False,37.2580087596743
1079,17.98153617078993,1010,642,1142.0,839.0,0.13552771398550073,0.5903417805676446,7.765166018425333,26.05892647833887,0.13552771398550068,False,7.76516601842533,0.5903417805676447,False,33.8240924967642
1080,17.998201171875,997,646,1115.0,851.0,0.10688721075981081,0.5222924069584638,6.12418606046248,23.800964529986732,0.10688721075981089,False,6.124186060462486,0.5222924069584636,False,29.925150590449192
1081,18.01486617296007,982,648,1084.0,862.0,0.07464736431423029,0.4447819229791353,4.276978926980869,21.207148063436442,0.07464736431423047,False,4.2769789269808784,0.44478192297913566,False,25.48412699041732
1082,18.03153117404514,967,651,1052.0,873.0,0.042437351096558426,0.365663717176949,2.431481111547674,18.519506603756884,0.04243735109655855,False,2.431481111547681,0.36566371717695034,False,20.95098771530464
1083,18.048196175130208,951,653,1016.0,882.0,0.008456458035170032,0.27656855859928864,0.4845193550447355,15.361691798711101,0.008456458035170034,False,0.4845193550447356,0.276568558599287,False,15.846211153755734
1084,18.064861176215278,934,654,977.0,888.0,-0.027419286839183953,0.1817331968267754,-1.5710094131438437,11.983554588738356,-0.027419286839184043,False,-1.5710094131438488,0.18173319682677658,False,10.412545175594582
1085,18.081526177300347,917,655,939.0,892.0,-0.06307411789691225,0.09256174873423176,-3.6138807520036442,8.91727829882551,-0.06307411789691209,False,-3.6138807520036345,0.09256174873423006,False,5.303397546821772
1086,18.098191178385417,900,654,899.0,894.0,-0.09883305627870358,-0.004166642554263516,-5.662717001148657,5.423985968049755,-0.09883305627870342,False,-5.662717001148648,-0.004166642554263689,False,-0.23873103309891847
1087,18.114856179470486,883,653,859.0,891.0,-0.13448978267299888,-0.10050059905462982,-7.705696934794504,1.94743677042774,-0.13448978267299871,False,-7.705696934794494,-0.10050059905463016,False,-5.75826016436678
1088,18.131521180555556,865,651,821.0,886.0,-0.17237000993361842,-0.18509101269405182,-9.876074083824411,-0.7288597693470921,-0.17237000993361828,False,-9.876074083824403,-0.18509101269405193,False,-10.60493385317152
1089,18.148186181640625,849,648,785.0,879.0,-0.20641910492155582,-0.27027690850028346,-11.826943522873268,-3.6587826340364966,-0.2064191049215558,False,-11.826943522873266,-0.2702769085002821,False,-15.485726156909687
1090,18.164851182725695,833,645,751.0,870.0,-0.24041942420085866,-0.349484524690076,-13.775018319674606,-6.248969950202352,-0.2404194242008586,False,-13.775018319674603,-0.3494845246900766,False,-20.023988269877005
1091,18.181516183810764,817,641,720.0,861.0,-0.27485831899115143,-0.415268257108591,-15.74822164225346,-8.04489685582236,-0.2748583189911513,False,-15.748221642253453,-0.4152682571085897,False,-23.79311849807574
1092,18.198181184895834,802,636,692.0,849.0,-0.30787173639825377,-0.47670656810002165,-17.639751126984148,-9.67352329131285,-0.30787173639825394,False,-17.63975112698416,-0.47670656810002043,False,-27.313274418296935
1093,18.214846185980903,789,631,669.0,838.0,-0.3369710864134135,-0.5253668738153162,-19.30702106942675,-10.794283496172946,-0.33697108641341345,False,-19.307021069426746,-0.5253668738153152,False,-30.101304565599644
1094,18.231511187065973,776,627,648.0,829.0,-0.36537365574479697,-0.5648049094433026,-20.93436841944273,-11.426569139927151,-0.3653736557447971,False,-20.934368419442738,-0.5648049094433034,False,-32.360937559369944
1095,18.248176188151042,766,622,631.0,819.0,-0.3886710479385617,-0.6007777505596751,-22.269210665806483,-12.152818866626221,-0.38867104793856155,False,-22.269210665806472,-0.6007777505596721,False,-34.42202953243254
1096,18.26484118923611,756,617,616.0,811.0,-0.41205025431556896,-0.6251085342329235,-23.608740519574337,-12.207340229581312,-0.41205025431556885,False,-23.60874051957433,-0.6251085342329219,False,-35.81608074915557
1097,18.28150619032118,749,613,605.0,805.0,-0.4288871798769533,-0.6435011087932844,-24.573425294217593,-12.296472351626418,-0.42888717987695335,False,-24.573425294217596,-0.6435011087932878,False,-36.86989764584422
1098,18.29817119140625,743,610,596.0,799.0,-0.4429738631207448,-0.6610431688506869,-25.380532791424503,-12.494450859673702,-0.44297386312074494,False,-25.38053279142451,-0.6610431688506893,False,-37.87498365109834
1099,18.31483619249132,739,608,591.0,796.0,-0.45236989166241065,-0.6669082042393105,-25.918885571046417,-12.2921398545148,-0.4523698916624106,False,-25.918885571046413,-0.6669082042393129,False,-38.211025425561346
1100,18.33150119357639,738,607,588.0,795.0,-0.45518120734595996,-0.6734422416549913,-26.07996209459273,-12.505436098067548,-0.45518120734596,False,-26.079962094592734,-0.673442241654989,False,-38.58539819266015
1101,18.34816619466146,738,607,589.0,795.0,-0.45518120734595996,-0.6701836821064823,-26.07996209459273,-12.318734388645924,-0.45518120734596,False,-26.079962094592734,-0.670183682106483,False,-38.39869648323871
1102,18.36483119574653,740,608,592.0,797.0,-0.45047809759676216,-0.6643314288295015,-25.810493755376864,-12.252893314449192,-0.45047809759676216,False,-25.810493755376864,-0.6643314288294988,False,-38.06338706982591
1103,18.3814961968316,744,610,599.0,801.0,-0.4410738335927019,-0.6493392409625774,-25.271669118517412,-11.932728860866659,-0.4410738335927018,False,-25.271669118517405,-0.6493392409625756,False,-37.20439797938396
1104,18.398161197916668,749,613,609.0,807.0,-0.4288871798769533,-0.6251085342329235,-24.573425294217593,-11.24265545493807,-0.42888717987695335,False,-24.573425294217596,-0.6251085342329219,False,-35.81608074915557
1105,18.414826199001737,757,617,621.0,814.0,-0.41012734054149097,-0.604223660410364,-23.498565675952097,-11.12089994750766,-0.41012734054149114,False,-23.498565675952104,-0.6042236604103621,False,-34.61946562345964
1106,18.431491200086807,766,622,637.0,823.0,-0.3886710479385617,-0.5705827629957897,-22.269210665806483,-10.422773516765595,-0.38867104793856155,False,-22.269210665806472,-0.5705827629957909,False,-32.69198418257214
1107,18.448156201171876,777,627,656.0,833.0,-0.36342066122941585,-0.5310873950188547,-20.822470076299197,-9.606596210878346,-0.36342066122941574,False,-20.82247007629919,-0.5310873950188544,False,-30.429066287177534
1108,18.464821202256946,790,632,676.0,842.0,-0.33430772646090096,-0.4973427163468224,-19.15442178482362,-9.341216833421356,-0.3343077264609011,False,-19.15442178482363,-0.4973427163468216,False,-28.495638618244932
1109,18.481486203342016,803,636,701.0,852.0,-0.30587887140485215,-0.4411794804149806,-17.52556837372287,-7.752153861830084,-0.30587887140485215,False,-17.52556837372287,-0.4411794804149807,False,-25.277722235552954
1110,18.498151204427085,819,641,727.0,862.0,-0.2708349684861239,-0.3944697829498962,-15.517700638813553,-7.083753069657147,-0.270834968486124,False,-15.51770063881356,-0.39446978294989776,False,-22.601453708470782
1111,18.514816205512155,835,646,757.0,871.0,-0.23586960333565749,-0.3337021765375503,-13.514332786558018,-5.605393543373147,-0.23586960333565754,False,-13.514332786558022,-0.33370217653754963,False,-19.119726329931115
1112,18.531481206597224,852,649,788.0,879.0,-0.19985457128697937,-0.27139528080163583,-11.450823451140362,-4.098980718561231,-0.19985457128697925,False,-11.450823451140357,-0.27139528080163444,False,-15.549804169701511
1113,18.548146207682294,870,652,821.0,885.0,-0.16171108353020036,-0.20727991668300638,-9.265362586767997,-2.6109018169916163,-0.16171108353020047,False,-9.265362586768005,-0.2072799166830066,False,-11.87626440375962
1114,18.564811208767363,888,654,856.0,890.0,-0.12383564896894092,-0.1347712844777311,-7.095260039183899,-0.6265657609470885,-0.12383564896894095,False,-7.095260039183901,-0.13477128447773268,False,-7.721825800131065
1115,18.581476209852433,906,655,892.0,893.0,-0.0861023798264986,-0.058755822715722696,-4.933302970090731,1.5668423066609254,-0.0861023798264986,False,-4.933302970090731,-0.058755822715720996,False,-3.366460663429704
1116,18.598141210937502,923,655,928.0,893.0,-0.050483385173921286,0.021005313472176913,-2.892484905999003,4.096000715304035,-0.05048338517392148,False,-2.892484905999014,0.021005313472176823,False,1.203515809305021
1117,18.61480621202257,940,654,964.0,890.0,-0.014766859041440077,0.10134650326566776,-0.8460786997391169,6.652805605270691,-0.01476685904144004,False,-0.8460786997391146,0.10134650326566685,False,5.806726905531526
1118,18.63147121310764,957,652,999.0,887.0,0.021183271578959544,0.1768561314739792,1.2137120577538092,8.919397856716003,0.021183271578959495,False,1.2137120577538065,0.17685613147397916,False,10.13310991446981
1119,18.64813621419271,972,650,1034.0,880.0,0.053141408844935456,0.26330654956916083,3.0447784441939847,12.041575564271145,0.053141408844935345,False,3.0447784441939785,0.2633065495691618,False,15.086354008465173
1120,18.66480121527778,986,648,1065.0,872.0,0.08314123188844123,0.33905907872732344,4.763641690726178,14.663012525943373,0.08314123188844125,False,4.763641690726179,0.339059078727324,False,19.426654216669576
1121,18.681466216362846,999,645,1094.0,863.0,0.11136526920284726,0.4109657038594954,6.380759909661394,17.16584044611095,0.11136526920284728,False,6.380759909661395,0.41096570385949605,False,23.54660035577237
1122,18.698131217447916,1011,642,1121.0,853.0,0.13765208313430966,0.48056328863045333,7.8868834047798835,19.64736482267231,0.13765208313430977,False,7.886883404779891,0.48056328863045294,False,27.534248227452174
1123,18.714796218532985,1021,639,1144.0,842.0,0.15984462531600843,0.5447547332268438,9.158422408457277,22.053724675215953,0.1598446253160084,False,9.158422408457275,0.5447547332268421,False,31.212147083673127
1124,18.731461219618055,1030,636,1165.0,832.0,0.18004647547514652,0.6031529594223374,10.315903160931578,24.24221581479376,0.1800464754751463,False,10.315903160931565,0.6031529594223386,False,34.5581189757254
1125,18.748126220703124,1037,634,1181.0,822.0,0.19570064621865632,0.6536358969195218,11.21282107631186,26.23775715542486,0.19570064621865635,False,11.212821076311862,0.6536358969195213,False,37.4505782317367
1126,18.764791221788194,1042,631,1194.0,814.0,0.20760797076371287,0.6931236382026539,11.895060518036134,27.81799863172856,0.20760797076371285,False,11.895060518036132,0.6931236382026533,False,39.71305914976467
1127,18.781456222873263,1047,630,1204.0,808.0,0.21866894587394195,0.7227935143402592,12.528807709151511,28.88421012197388,0.21866894587394192,False,12.52880770915151,0.7227935143402604,False,41.413017831125465
1128,18.798121223958333,1049,629,1210.0,802.0,0.2233803362198676,0.7494854667828843,12.798750491611731,30.143603561439992,0.22338033621986764,False,12.798750491611733,0.7494854667828861,False,42.94235405305183
1129,18.814786225043402,1049,629,1213.0,800.0,0.2233803362198676,0.7645056813671545,12.798750491611731,31.004198464499517,0.22338033621986764,False,12.798750491611733,0.7645056813671545,False,43.80294895611125
1130,18.831451226128472,1049,629,1213.0,800.0,0.2233803362198676,0.7645056813671545,12.798750491611731,31.004198464499517,0.22338033621986764,False,12.798750491611733,0.7645056813671545,False,43.80294895611125
1131,18.84811622721354,1047,630,1209.0,802.0,0.21866894587394195,0.75546698504364,12.528807709151511,30.756262095321933,0.21866894587394192,False,12.52880770915151,0.7554669850436397,False,43.285069804473444
1132,18.86478122829861,1042,631,1202.0,806.0,0.20760797076371287,0.7406519319428327,11.895060518036134,30.541169270498873,0.20760797076371285,False,11.895060518036132,0.740651931942832,False,42.43622978853495
1133,18.88144622938368,1037,634,1192.0,813.0,0.19570064621865632,0.7136651667229491,11.21282107631186,29.67718096241336,0.19570064621865635,False,11.212821076311862,0.7136651667229508,False,40.89000203872532
1134,18.89811123046875,1029,636,1179.0,820.0,0.17792300026019345,0.6839512080979647,10.194236993214133,28.99328062367313,0.17792300026019348,False,10.194236993214135,0.683951208097966,False,39.18751761688734
1135,18.91477623155382,1021,639,1162.0,829.0,0.15984462531600843,0.6384293010557998,9.158422408457277,27.420882059527084,0.1598446253160084,False,9.158422408457275,0.6384293010558011,False,36.579304467984436
1136,18.93144123263889,1011,642,1143.0,839.0,0.13765208313430966,0.5903417805676446,7.8868834047798835,25.93720909198431,0.13765208313430977,False,7.886883404779891,0.5903417805676447,False,33.8240924967642
1137,18.94810623372396,999,645,1120.0,849.0,0.11136526920284726,0.5353580828991518,6.380759909661394,24.29299876867484,0.11136526920284728,False,6.380759909661395,0.5353580828991511,False,30.67375867833621
1138,18.964771234809028,986,648,1093.0,859.0,0.08314123188844123,0.469318625710637,4.763641690726178,22.126334809373287,0.08314123188844125,False,4.763641690726179,0.4693186257106383,False,26.889976500099543
1139,18.981436235894098,973,650,1065.0,869.0,0.055262822949821336,0.3977056192195359,3.166326519003469,19.620526950912947,0.055262822949821544,False,3.166326519003481,0.3977056192195363,False,22.786853469916426
1140,18.998101236979167,958,652,1033.0,878.0,0.023300866913441774,0.3204225339290187,1.335041333136235,17.02381752188395,0.023300866913441798,False,1.3350413331362363,0.320422533929019,False,18.358858855020213
1141,19.014766238064237,943,653,999.0,884.0,-0.008456458035170032,0.23783592745745075,-0.4845193550447355,14.111514214936282,-0.008456458035170034,False,-0.4845193550447356,0.23783592745744997,False,13.626994859891495
1142,19.031431239149306,927,654,964.0,890.0,-0.04216907957643982,0.15551373812965635,-2.416110285681319,11.326391136813328,-0.042169079576440005,False,-2.4161102856813295,0.15551373812965608,False,8.910280851131997
1143,19.048096240234376,911,655,927.0,892.0,-0.07564485906301649,0.0674082643902822,-4.33413116617278,8.196340220037953,-0.07564485906301632,False,-4.33413116617277,0.06740826439028069,False,3.8622090538650813
1144,19.064761241319445,895,654,891.0,892.0,-0.1092676898773683,-0.016805140515041995,-6.260577467117551,5.297713841481328,-0.10926768987736812,False,-6.260577467117542,-0.016805140515042893,False,-0.9628636256362644
1145,19.081426242404515,879,653,855.0,890.0,-0.1427848910089424,-0.10092178466729385,-8.180971633047854,2.3985793106838154,-0.14278489100894243,False,-8.180971633047855,-0.10092178466729251,False,-5.782392322363964
1146,19.098091243489584,863,651,820.0,886.0,-0.1764883975198163,-0.18097667416105903,-10.112040310912619,-0.2571593088303553,-0.17648839751981615,False,-10.112040310912612,-0.18097667416105878,False,-10.369199619742966
1147,19.114756244574654,848,648,786.0,879.0,-0.20846521837998772,-0.26221833432139385,-11.944177188446332,-3.07982667911996,-0.20846521837998777,False,-11.944177188446336,-0.26221833432139263,False,-15.024003867566218
1148,19.131421245659723,833,645,756.0,871.0,-0.24041942420085866,-0.32837297413931005,-13.775018319674606,-5.039367204666386,-0.2404194242008586,False,-13.775018319674603,-0.32837297413930955,False,-18.814385524340963
1149,19.148086246744793,818,641,728.0,862.0,-0.2728477761489302,-0.3867319776141511,-15.633026022863946,-6.5250840971747515,-0.2728477761489301,False,-15.63302602286394,-0.3867319776141507,False,-22.158110120038668
1150,19.164751247829862,805,637,702.0,853.0,-0.30126432628821176,-0.44495819655390045,-17.26117441416667,-8.233052308124355,-0.30126432628821176,False,-17.26117441416667,-0.4449581965539018,False,-25.494226722291103
1151,19.181416248914932,793,633,681.0,844.0,-0.32769893103259445,-0.487987370663628,-18.775765699116302,-9.183851095595692,-0.3276989310325944,False,-18.7757656991163,-0.4879873706636282,False,-27.959616794712016
1152,19.19808125,782,629,660.0,835.0,-0.3521644536764988,-0.5346889039760393,-20.177536890193768,-10.457880660109035,-0.35216445367649873,False,-20.177536890193764,-0.5346889039760399,False,-30.635417550302826
1153,19.21474625108507,772,625,645.0,828.0,-0.37468120028277624,-0.5590419890640936,-21.467651439098987,-10.563095104872305,-0.3746812002827764,False,-21.467651439098994,-0.5590419890640952,False,-32.030746543971375
1154,19.23141125217014,764,621,633.0,821.0,-0.39334114488218164,-0.5798821323938134,-22.53678751059285,-10.688011290619082,-0.39334114488218175,False,-22.536787510592855,-0.5798821323938128,False,-33.22479880121191
1155,19.24807625325521,757,617,623.0,816.0,-0.41012734054149097,-0.5926268480428776,-23.498565675952097,-10.456451543045564,-0.41012734054149114,False,-23.498565675952104,-0.592626848042876,False,-33.95501721899757
1156,19.26474125434028,753,615,615.0,811.0,-0.4195033738614911,-0.6134600655737035,-24.035772813762136,-11.112899843429805,-0.4195033738614913,False,-24.035772813762147,-0.6134600655737046,False,-35.148672657192
1157,19.28140625542535,749,614,610.0,809.0,-0.428015417287721,-0.6192786125014608,-24.523476977117188,-10.958573861934045,-0.4280154172877211,False,-24.52347697711719,-0.6192786125014607,False,-35.48205083905123
1158,19.29807125651042,748,613,608.0,808.0,-0.43079558291778597,-0.6226707887570673,-24.68276873406724,-10.993639487794741,-0.43079558291778586,False,-24.68276873406723,-0.6226707887570697,False,-35.676408221862125
1159,19.314736257595488,749,613,610.0,808.0,-0.4288871798769533,-0.6192786125014608,-24.573425294217593,-10.908625544833638,-0.42888717987695335,False,-24.573425294217596,-0.6192786125014607,False,-35.48205083905123
1160,19.331401258680557,751,615,614.0,810.0,-0.4233317548427521,-0.612444766409215,-24.255122886356546,-10.835377413767038,-0.423331754842752,False,-24.25512288635654,-0.6124447664092116,False,-35.090500300123395
1161,19.348066259765627,755,617,622.0,815.0,-0.4139699412928241,-0.5914909614909966,-23.718730481357284,-10.171205232211925,-0.41396994129282394,False,-23.718730481357273,-0.5914909614909973,False,-33.88993571356925
1162,19.364731260850697,761,619,631.0,820.0,-0.40076071642245276,-0.5740985169942165,-22.961897645645763,-9.931524402842404,-0.4007607164224529,False,-22.961897645645774,-0.5740985169942157,False,-32.89342204848813
1163,19.381396261935766,768,623,644.0,827.0,-0.38400422526438394,-0.5461665634337878,-22.001821422840138,-9.291217573080063,-0.38400422526438405,False,-22.001821422840145,-0.5461665634337862,False,-31.293038995920107
1164,19.398061263020836,778,627,660.0,835.0,-0.3614647612298811,-0.5160340910978656,-20.710405261176213,-8.856170243600927,-0.36146476122988114,False,-20.710405261176216,-0.5160340910978647,False,-29.56657550477709
1165,19.414726264105905,788,631,677.0,843.0,-0.3389446269956402,-0.4823370214477118,-19.42009661548613,-8.215779016378812,-0.33894462699564,False,-19.42009661548612,-0.4823370214477123,False,-27.635875631864984
1166,19.431391265190975,801,635,699.0,852.0,-0.3105002018079644,-0.43939863167953086,-17.790351101556695,-7.385336017503767,-0.31050020180796434,False,-17.79035110155669,-0.43939863167953064,False,-25.175687119060456
1167,19.448056266276044,814,640,722.0,861.0,-0.28145512759118185,-0.3944697829498962,-16.126190933290808,-6.475262775179898,-0.28145512759118185,False,-16.126190933290808,-0.39446978294989776,False,-22.601453708470782
1168,19.464721267361114,829,643,747.0,868.0,-0.24954715926211393,-0.349484524690076,-14.297999015198119,-5.725989254678862,-0.2495471592621139,False,-14.297999015198117,-0.3494845246900766,False,-20.023988269877005
1169,19.48138626844618,844,647,775.0,875.0,-0.2170812856066598,-0.29386933503246765,-12.437841476535631,-4.399631149140761,-0.21708128560665996,False,-12.43784147653564,-0.29386933503246837,False,-16.837472625676426
1170,19.49805126953125,860,650,805.0,882.0,-0.18303462678644108,-0.23277174150088592,-10.48711161961524,-2.8497267582957218,-0.1830346267864411,False,-10.487111619615241,-0.23277174150088698,False,-13.336838377911015
1171,19.51471627061632,877,652,836.0,887.0,-0.14723191804075808,-0.17272951082565158,-8.435767513351482,-1.4609044543176293,-0.1472319180407582,False,-8.43576751335149,-0.17272951082565058,False,-9.896671967669041
1172,19.531381271701388,893,654,868.0,891.0,-0.11343499180721633,-0.10509657413192951,-6.499346279654567,0.4777561406112313,-0.11343499180721617,False,-6.499346279654557,-0.10509657413193096,False,-6.021590139043428
1173,19.548046272786458,910,654,902.0,893.0,-0.07790110517923284,-0.033460310449650164,-4.46340454617476,2.5462699762123298,-0.07790110517923265,False,-4.46340454617475,-0.03346031044965159,False,-1.9171345699625217
1174,19.564711273871527,926,654,935.0,892.0,-0.044274844669506,0.03779711649456458,-2.536761738159984,4.702376991062842,-0.04427484466950604,False,-2.5367617381599863,0.037797116494566296,False,2.1656152529029575
1175,19.581376274956597,942,653,968.0,890.0,-0.010570430814517574,0.1092676898773683,-0.6056410733068901,6.866218540424445,-0.010570430814517362,False,-0.605641073306878,0.10926768987736679,False,6.260577467117465
1176,19.598041276041666,957,652,1001.0,886.0,0.021183271578959544,0.18586394582193286,1.2137120577538092,9.435507601491127,0.021183271578959495,False,1.2137120577538065,0.18586394582193222,False,10.649219659244906
1177,19.614706277126736,970,650,1031.0,880.0,0.04889716296741131,0.25924884628266204,2.8016010681960526,12.052263667436327,0.04889716296741131,False,2.8016010681960526,0.259248846282663,False,14.85386473563243
1178,19.631371278211805,983,648,1060.0,873.0,0.07677189126977804,0.32972910849878123,4.398705354995532,14.493380944595831,0.0767718912697779,False,4.398705354995524,0.3297291084987819,False,18.892086299591405
1179,19.648036279296875,995,645,1087.0,864.0,0.10286148966206866,0.3977056192195359,5.893529232065083,16.893324237851324,0.10286148966206854,False,5.893529232065076,0.3977056192195363,False,22.786853469916426
1180,19.664701280381944,1005,642,1110.0,855.0,0.1248877595469677,0.45799795159722173,7.155541534885903,19.085808117271856,0.12488775954696774,False,7.155541534885906,0.45799795159722123,False,26.241349652157737
1181,19.681366281467014,1014,640,1132.0,847.0,0.14463510678219849,0.5181049902083273,8.286981188043962,21.39824809556003,0.14463510678219826,False,8.28698118804395,0.5181049902083288,False,29.68522928360408
1182,19.698031282552083,1022,638,1150.0,838.0,0.16231482031768538,0.5693131911006619,9.299954156627676,23.31928891456515,0.16231482031768518,False,9.299954156627665,0.5693131911006617,False,32.61924307119281
1183,19.714696283637153,1028,635,1164.0,830.0,0.17617633424894003,0.6090030164042272,10.094160402550362,24.799142148148306,0.17617633424893997,False,10.094160402550358,0.6090030164042268,False,34.893302550698635
1184,19.731361284722222,1033,634,1176.0,824.0,0.1872091549723328,0.6451831929932239,10.726294466125239,26.23997950516095,0.18720915497233293,False,10.726294466125246,0.6451831929932226,False,36.96627397128612
1185,19.748026285807292,1036,633,1185.0,818.0,0.1939971022452622,0.6780282413619009,11.115215196421431,27.732941424293,0.193997102245262,False,11.11521519642142,0.6780282413619005,False,38.84815662071442
1186,19.76469128689236,1038,632,1190.0,814.0,0.19867161190079144,0.6958181893838117,11.38304487097641,28.484400689150633,0.1986716119007914,False,11.383044870976407,0.6958181893838109,False,39.86744556012699
1187,19.78135628797743,1038,632,1192.0,813.0,0.19867161190079144,0.7049749875780165,11.38304487097641,29.009046579531585,0.1986716119007914,False,11.383044870976407,0.7049749875780158,False,40.39209145050794
1188,19.7980212890625,1037,632,1190.0,813.0,0.19654449622557135,0.7017613914108175,11.261170120250178,28.94679583281789,0.19654449622557113,False,11.261170120250164,0.7017613914108161,False,40.20796595306798
1189,19.81468629014757,1034,633,1185.0,816.0,0.18974264803173782,0.6898813257218057,10.871452925854834,28.65583540289467,0.1897426480317379,False,10.871452925854838,0.6898813257218066,False,39.52728832874956
1190,19.83135129123264,1030,635,1179.0,820.0,0.18043365830406521,0.6780282413619009,10.338087102928556,28.51006951778588,0.18043365830406533,False,10.338087102928561,0.6780282413619005,False,38.84815662071442
1191,19.84801629231771,1024,637,1167.0,826.0,0.16692235416410664,0.6477204930362879,9.563946399991293,27.54770415512084,0.1669223541641065,False,9.563946399991284,0.6477204930362888,False,37.11165055511218
1192,19.86468129340278,1016,639,1153.0,832.0,0.1492095385222342,0.6173025397004024,8.549076820418694,26.819753387121317,0.1492095385222343,False,8.5490768204187,0.6173025397004039,False,35.36883020754009
1193,19.881346294487848,1008,642,1137.0,841.0,0.13127529929700194,0.5751378162377683,7.521520604034913,25.431448904759918,0.13127529929700188,False,7.521520604034911,0.5751378162377669,False,32.95296950879475
1194,19.898011295572918,998,644,1117.0,849.0,0.10947434971233308,0.5259487304013317,6.272418203455904,23.86222428880437,0.10947434971233294,False,6.272418203455896,0.5259487304013319,False,30.134642492260294
1195,19.914676296657987,987,647,1094.0,858.0,0.08544455878608376,0.469318625710637,4.895612600800056,21.9943638992994,0.08544455878608392,False,4.8956126008000656,0.4693186257106383,False,26.889976500099543
1196,19.931341297743057,975,649,1069.0,867.0,0.05963071313116939,0.40710417205598876,3.416588191771344,19.90876268920452,0.05963071313116952,False,3.4165881917713516,0.4071041720559876,False,23.325350880975794
1197,19.948006298828126,961,651,1041.0,875.0,0.02971524227424518,0.3430239404207034,1.702557969522975,17.95126608853033,0.029715242274245046,False,1.7025579695229671,0.3430239404207036,False,19.65382405805332
1198,19.964671299913196,948,652,1011.0,881.0,0.0021186408978526856,0.2684677028369498,0.12138918175076624,15.260677126378829,0.0021186408978528526,False,0.12138918175077582,0.26846770283695065,False,15.38206630812963
1199,19.981336300998265,933,653,980.0,887.0,-0.02958966991158848,0.1982172523518861,-1.6953632031192598,13.052375189561928,-0.029589669911588512,False,-1.6953632031192616,0.1982172523518848,False,11.35701198644259
1200,19.998001302083335,918,654,947.0,890.0,-0.061105268126958025,0.12226840393911868,-3.5010739696899638,10.506537483202187,-0.061105268126957935,False,-3.501073969689959,0.12226840393912042,False,7.005463513512329
1201,20.014666303168404,904,654,913.0,892.0,-0.09046966464264383,0.03779711649456458,-5.183529957987421,7.34914521089027,-0.09046966464264372,False,-5.183529957987414,0.037797116494566296,False,2.1656152529029575
1202,20.031331304253474,889,653,880.0,891.0,-0.1220124688992563,-0.03779711649456458,-6.990799515898603,4.8251842629957356,-0.1220124688992561,False,-6.990799515898591,-0.037797116494566296,False,-2.1656152529029575
1203,20.047996305338543,874,651,847.0,888.0,-0.1537659334504229,-0.11343499180721633,-8.81013901959872,2.3107927399441497,-0.15376593345042266,False,-8.810139019598706,-0.1134349918072175,False,-6.499346279654634
1204,20.064661306423613,859,649,814.0,884.0,-0.18547668325965921,-0.18919902209996817,-10.627031148863242,-0.21327430546732273,-0.18547668325965905,False,-10.627031148863232,-0.18919902209996664,False,-10.840305454330478
1205,20.081326307508682,845,647,785.0,878.0,-0.21503837412422597,-0.2541247495556341,-12.320791270673357,-2.239484348683506,-0.2150383741242261,False,-12.320791270673366,-0.2541247495556327,False,-14.560275619356796
1206,20.097991308593752,831,644,757.0,871.0,-0.24497866312686414,-0.3151281346539744,-14.036243467926479,-4.019268653576543,-0.24497866312686423,False,-14.036243467926484,-0.3151281346539747,False,-18.055512121503053
1207,20.11465630967882,819,640,732.0,863.0,-0.27139528080163583,-0.3719728371687995,-15.54980416970159,-5.762669493577627,-0.2713952808016358,False,-15.549804169701588,-0.3719728371687978,False,-21.312473663279114
1208,20.13132131076389,806,637,709.0,855.0,-0.2992675709428776,-0.41864986146843797,-17.146768760158835,-6.840101395719244,-0.29926757094287737,False,-17.146768760158825,-0.4186498614684382,False,-23.986870155878094
1209,20.14798631184896,796,633,689.0,848.0,-0.3217505543966422,-0.4617854137604411,-18.43494882292201,-8.023406426253706,-0.32175055439664213,False,-18.434948822922006,-0.4617854137604418,False,-26.458355249175764
1210,20.16465131293403,786,630,672.0,840.0,-0.34358692417543935,-0.4973427163468224,-19.68608065113411,-8.809557967110871,-0.34358692417543946,False,-19.686080651134112,-0.4973427163468216,False,-28.495638618244932
1211,20.1813163140191,777,626,658.0,834.0,-0.3641654193081543,-0.5196637125439854,-20.865141570969183,-8.909395923900785,-0.36416541930815427,False,-20.86514157096918,-0.5196637125439842,False,-29.774537494869914
1212,20.19798131510417,771,623,647.0,828.0,-0.3781690225842996,-0.5439985830553079,-21.667488936667876,-9.501333933498243,-0.3781690225842995,False,-21.667488936667876,-0.5439985830553091,False,-31.168822870166192
1213,20.21464631618924,765,621,638.0,824.0,-0.3914051281252104,-0.5590419890640936,-22.425861921351792,-9.604884622619494,-0.3914051281252102,False,-22.425861921351782,-0.5590419890640952,False,-32.030746543971375
1214,20.231311317274308,761,619,633.0,821.0,-0.40076071642245276,-0.5648049094433026,-22.961897645645763,-9.399039913724142,-0.4007607164224529,False,-22.961897645645774,-0.5648049094433034,False,-32.360937559369944
1215,20.247976318359378,759,618,630.0,819.0,-0.4054427504166607,-0.5705827629957897,-23.230158433050658,-9.461825749521411,-0.40544275041666067,False,-23.230158433050654,-0.5705827629957909,False,-32.69198418257214
1216,20.264641319444443,759,618,630.0,819.0,-0.4054427504166607,-0.5705827629957897,-23.230158433050658,-9.461825749521411,-0.40544275041666067,False,-23.230158433050654,-0.5705827629957909,False,-32.69198418257214
1217,20.281306320529513,760,618,632.0,821.0,-0.40351323739270095,-0.562574559421413,-23.11960548026224,-9.11354243601647,-0.40351323739270084,False,-23.119605480262233,-0.5625745594214138,False,-32.23314791627875
1218,20.297971321614583,763,620,638.0,824.0,-0.39608144156430747,-0.549738226935052,-22.69379494509236,-8.8038852952912,-0.39608144156430747,False,-22.69379494509236,-0.5497382269350517,False,-31.497680240383534
1219,20.314636322699652,767,621,645.0,827.0,-0.38752380578027884,-0.5346889039760393,-22.203478532057392,-8.43193901824541,-0.3875238057802788,False,-22.20347853205739,-0.5346889039760399,False,-30.635417550302826
1220,20.33130132378472,773,625,656.0,833.0,-0.37273350606110883,-0.5123894603107377,-21.356056780415425,-8.001696762375852,-0.3727335060611088,False,-21.35605678041542,-0.512389460310736,False,-29.357753542791173
1221,20.34796632486979,781,628,669.0,839.0,-0.3548510431119804,-0.487987370663628,-20.331467126131297,-7.628149668580702,-0.35485104311198024,False,-20.33146712613129,-0.4879873706636282,False,-27.959616794712016
1222,20.36463132595486,791,631,684.0,845.0,-0.3330158167287485,-0.4636476090008061,-19.08040080965941,-7.484650367418575,-0.3330158167287487,False,-19.080400809659416,-0.46364760900080526,False,-26.56505117707794
1223,20.38129632703993,801,635,702.0,853.0,-0.3105002018079644,-0.42628183119802276,-17.790351101556695,-6.633798709198199,-0.31050020180796434,False,-17.79035110155669,-0.4262818311980219,False,-24.424149810754837
1224,20.397961328125,813,639,723.0,860.0,-0.28404507122413997,-0.3867319776141511,-16.27458377263609,-5.883526347402613,-0.2840450712241398,False,-16.274583772636078,-0.3867319776141507,False,-22.158110120038668
1225,20.41462632921007,826,642,745.0,867.0,-0.25615138256560344,-0.34555558058171215,-14.676393137450013,-5.122483217074927,-0.2561513825656032,False,-14.67639313745,-0.34555558058171343,False,-19.798876354525003
1226,20.43129133029514,840,645,770.0,874.0,-0.2261705100907083,-0.29665674760929417,-12.958615678518584,-4.038563923571652,-0.2261705100907081,False,-12.958615678518571,-0.29665674760929406,False,-16.997179602090224
1227,20.447956331380208,854,648,797.0,880.0,-0.1961625148521003,-0.2409177717439294,-11.239284199697675,-2.564287330925594,-0.19616251485210023,False,-11.239284199697671,-0.2409177717439306,False,-13.80357153062334
1228,20.464621332465278,870,650,824.0,884.0,-0.16238720704364304,-0.19410609803032688,-9.30410161051782,-1.8173585843725222,-0.16238720704364296,False,-9.304101610517815,-0.1941060980303284,False,-11.121460194890439
1229,20.481286333550347,885,652,854.0,888.0,-0.13060816994581406,-0.13060816994581406,-7.483296907822548,0.0,-0.13060816994581392,False,-7.48329690782254,-0.1306081699458126,False,-7.483296907822464
1230,20.497951334635417,900,653,884.0,891.0,-0.0990406433629216,-0.0671258882021007,-5.674610864955776,1.8285807749084053,-0.09904064336292162,False,-5.674610864955778,-0.0671258882020993,False,-3.8460300900472957
1231,20.514616335720486,916,653,914.0,891.0,-0.06544551479475573,-0.008403163547646988,-3.7497517858004916,3.2682859799621404,-0.06544551479475569,False,-3.749751785800489,-0.008403163547647807,False,-0.48146580583839943
1232,20.531281336805556,930,653,945.0,891.0,-0.03592533995847495,0.0629419593073733,-2.058370357193307,5.664678979789974,-0.03592533995847491,False,-2.0583703571933047,0.06294195930737345,False,3.606308622596669
1233,20.547946337890625,944,652,976.0,888.0,-0.006355846616747861,0.1347712844777311,-0.3641631863721557,8.085988986503123,-0.006355846616747929,False,-0.36416318637215955,0.13477128447773268,False,7.721825800131065
1234,20.564611338975695,958,651,1004.0,884.0,0.023350320007142045,0.19491827342292004,1.3378747866891254,9.83011963042119,0.023350320007141878,False,1.3378747866891159,0.19491827342292112,False,11.167994417110382
1235,20.581276340060764,970,649,1032.0,879.0,0.049001254676357006,0.26330654956916083,2.807565083800945,12.27878892466418,0.049001254676356965,False,2.807565083800943,0.2633065495691618,False,15.086354008465173
1236,20.597941341145834,982,647,1058.0,872.0,0.07480661374754859,0.3257452069169275,4.286103247399857,14.377722305555809,0.07480661374754849,False,4.2861032473998515,0.32574520691692754,False,18.66382555295566
1237,20.614606342230903,992,645,1081.0,865.0,0.0964737751825869,0.3844187202182019,5.527540151656172,16.49803008266721,0.09647377518258704,False,5.52754015165618,0.38441872021820345,False,22.025570234323467
1238,20.631271343315973,1001,642,1103.0,858.0,0.1163551652068748,0.4411794804149806,6.666659890901367,18.611062344651586,0.11635516520687483,False,6.666659890901368,0.4411794804149807,False,25.277722235552954
1239,20.647936344401042,1008,641,1121.0,850.0,0.13155679054718694,0.49565174353452884,7.537648864640376,20.861104148188826,0.13155679054718705,False,7.537648864640382,0.49565174353453045,False,28.398753012829285
1240,20.664601345486112,1015,639,1136.0,843.0,0.1470783553884025,0.5353580828991518,8.426969021480673,22.246789656855572,0.1470783553884023,False,8.426969021480662,0.5353580828991511,False,30.67375867833621
1241,20.68126634657118,1020,637,1149.0,837.0,0.15839922395695322,0.5728522476727977,9.075607010880939,23.746409065353298,0.15839922395695316,False,9.075607010880935,0.5728522476727989,False,32.82201607623431
1242,20.69793134765625,1024,636,1160.0,831.0,0.1672816283215014,0.6090030164042272,9.58453129289813,25.308771257800526,0.1672816283215015,False,9.584531292898138,0.6090030164042268,False,34.893302550698635
1243,20.71459634874132,1026,635,1165.0,827.0,0.17191254720798055,0.626625073946363,9.84986340036081,26.053108673838913,0.17191254720798055,False,9.84986340036081,0.6266250739463644,False,35.902972074199795
1244,20.73126134982639,1026,635,1169.0,826.0,0.17191254720798055,0.6426628860222918,9.84986340036081,26.972007618413592,0.17191254720798055,False,9.84986340036081,0.6426628860222934,False,36.82187101877447
1245,20.74792635091146,1026,635,1170.0,825.0,0.17191254720798055,0.6485346233296747,9.84986340036081,27.308433384536126,0.17191254720798055,False,9.84986340036081,0.6485346233296738,False,37.15829678489688
1246,20.76459135199653,1024,636,1166.0,826.0,0.1672816283215014,0.6418147697509796,9.58453129289813,27.18874624299368,0.1672816283215015,False,9.584531292898138,0.6418147697509795,False,36.77327753589182
1247,20.7812563530816,1021,637,1161.0,829.0,0.16053223293672303,0.6300339095459151,9.197819423085255,26.900464544022743,0.16053223293672314,False,9.19781942308526,0.6300339095459151,False,36.098283967108
1248,20.797921354166668,1016,638,1152.0,833.0,0.149530494121657,0.6090030164042272,8.567466221676712,26.325836329021932,0.14953049412165687,False,8.567466221676703,0.6090030164042268,False,34.893302550698635
1249,20.814586355251738,1010,640,1140.0,838.0,0.13610972963420725,0.5809769580203017,7.798513058706786,25.489014630205702,0.1361097296342071,False,7.798513058706776,0.580976958020301,False,33.287527688912455
1250,20.831251356336807,1003,642,1126.0,845.0,0.12062366858010272,0.5447547332268438,6.911227119024681,24.300919964648532,0.12062366858010254,False,6.911227119024671,0.5447547332268421,False,31.212147083673127
1251,20.847916357421877,994,644,1109.0,852.0,0.10094878833978675,0.5050551888870511,5.7839395188292375,23.153591225581387,0.1009487883397866,False,5.783939518829229,0.5050551888870523,False,28.93753074441069
1252,20.864581358506946,984,646,1088.0,859.0,0.07923291993535266,0.4542139265948053,4.53971191079367,21.48482907915365,0.07923291993535253,False,4.539711910793663,0.45421392659480375,False,26.024540989947234
1253,20.881246359592016,973,648,1067.0,867.0,0.05549850524571683,0.4054427504166607,3.1798301198642345,20.05032831318642,0.05549850524571687,False,3.1798301198642362,0.4054427504166611,False,23.230158433050683
1254,20.897911360677085,962,650,1042.0,874.0,0.03190406448502242,0.3430239404207034,1.827968244305005,17.825855813748305,0.03190406448502259,False,1.8279682443050145,0.3430239404207036,False,19.65382405805332
1255,20.914576361762155,949,652,1015.0,879.0,0.004237262776246715,0.28294808572151336,0.24277727376682284,15.968953859381735,0.0042372627762468085,False,0.24277727376682823,0.28294808572151453,False,16.211731133148614
1256,20.931241362847224,936,652,987.0,885.0,-0.023300866913441774,0.21548569150556338,-1.335041333136235,13.68146200186306,-0.023300866913441798,False,-1.3350413331362363,0.21548569150556318,False,12.346420668726825
1257,20.947906363932294,923,653,957.0,889.0,-0.05069648078403376,0.1430832936681563,-2.904694385091213,11.102763231107506,-0.05069648078403377,False,-2.9046943850912137,0.14308329366815542,False,8.198068846016241
1258,20.964571365017363,909,653,926.0,890.0,-0.08016609190914319,0.07160731485126633,-4.593178726451761,8.695975649693795,-0.08016609190914314,False,-4.593178726451758,0.07160731485126703,False,4.102796923242061
1259,20.981236366102433,895,652,896.0,891.0,-0.10972698888407616,0.004184076002074724,-6.286893361736462,6.526623257817321,-0.10972698888407617,False,-6.286893361736463,0.004184076002076154,False,0.23972989608093428
1260,20.997901367187502,881,652,866.0,890.0,-0.13892970426308895,-0.0629419593073733,-7.960085703275678,4.353777080679026,-0.13892970426308882,False,-7.96008570327567,-0.06294195930737345,False,-3.606308622596669
1261,21.014566368272572,868,650,836.0,886.0,-0.16652846267216043,-0.1347712844777311,-9.541378079916663,1.819552279785684,-0.1665284626721606,False,-9.541378079916674,-0.13477128447773268,False,-7.721825800131065
1262,21.03123136935764,854,648,808.0,882.0,-0.1961625148521003,-0.19410609803032688,-11.239284199697675,0.11782400480733364,-0.19616251485210023,False,-11.239284199697671,-0.1941060980303284,False,-11.121460194890439
1263,21.04789637044271,842,645,782.0,877.0,-0.22208190190548016,-0.25307565216460226,-12.724355685422369,-1.7758110811301915,-0.22208190190548027,False,-12.724355685422374,-0.25307565216460404,False,-14.500166766552669
1264,21.064561371527777,829,643,757.0,870.0,-0.24954715926211393,-0.30714335966663053,-14.297999015198119,-3.300019199168494,-0.2495471592621139,False,-14.297999015198117,-0.30714335966662887,False,-17.59801821436651
1265,21.081226372612846,818,640,734.0,864.0,-0.27341183134029007,-0.35877067027057225,-15.66534400474131,-4.890701214842142,-0.27341183134029023,False,-15.665344004741321,-0.3587706702705731,False,-20.556045219583513
1266,21.097891373697916,807,636,715.0,857.0,-0.29788240885294875,-0.3944697829498962,-17.067404818464393,-5.53404889000631,-0.2978824088529488,False,-17.067404818464396,-0.39446978294989776,False,-22.601453708470782
1267,21.114556374782985,798,633,697.0,850.0,-0.3177717955512028,-0.43561756904095966,-18.206982733377988,-6.75206545441774,-0.3177717955512027,False,-18.206982733377984,-0.4356175690409607,False,-24.9590481877958
1268,21.131221375868055,790,630,683.0,845.0,-0.33568462266114035,-0.4617854137604411,-19.233312125924936,-7.225043123250795,-0.3356846226611405,False,-19.233312125924947,-0.4617854137604418,False,-26.458355249175764
1269,21.147886376953124,783,628,671.0,840.0,-0.35091999741042856,-0.4860319293400963,-20.106234798359335,-7.741343461428837,-0.3509199974104287,False,-20.106234798359342,-0.486031929340097,False,-27.847578259788204
1270,21.164551378038194,777,625,662.0,835.0,-0.3649130991617934,-0.5010133868035894,-20.907980471009658,-7.797972072391429,-0.3649130991617935,False,-20.907980471009665,-0.5010133868035886,False,-28.705952543401043
1271,21.181216379123263,773,624,656.0,833.0,-0.3734971461064775,-0.5103426130441365,-21.39981013208223,-7.840667701024899,-0.37349714610647755,False,-21.39981013208223,-0.5103426130441377,False,-29.240477833107207
1272,21.197881380208333,770,622,652.0,831.0,-0.3808963926932135,-0.5139782015977179,-21.823755733078784,-7.625025980194645,-0.3808963926932134,False,-21.823755733078777,-0.5139782015977161,False,-29.44878171327332
1273,21.214546381293403,769,622,650.0,829.0,-0.3828446425313149,-0.5217435110028235,-21.93538222623904,-7.958318942560183,-0.3828446425313148,False,-21.93538222623903,-0.5217435110028248,False,-29.89370116879929
1274,21.231211382378472,769,622,651.0,830.0,-0.3828446425313149,-0.5160340910978656,-21.93538222623904,-7.631193278538113,-0.3828446425313148,False,-21.93538222623903,-0.5160340910978647,False,-29.56657550477709
1275,21.24787638346354,772,623,656.0,832.0,-0.3762179043769822,-0.5066921655280692,-21.555698098057462,-7.475624499045001,-0.3762179043769822,False,-21.555698098057462,-0.5066921655280687,False,-29.031322597102438
1276,21.26454138454861,775,625,662.0,835.0,-0.368829212291103,-0.4936573587028494,-21.132357225414868,-7.15212595383417,-0.36882921229110277,False,-21.132357225414857,-0.49365735870284766,False,-28.28448317924895
1277,21.28120638563368,780,627,670.0,839.0,-0.3575442789305493,-0.478627761768176,-20.485778171768757,-6.937572535340754,-0.3575442789305492,False,-20.48577817176875,-0.4786277617681769,False,-27.423350707109556
1278,21.29787138671875,787,629,682.0,844.0,-0.34231832382880734,-0.45430208669331623,-19.61339520538326,-6.416196986130195,-0.34231832382880745,False,-19.613395205383267,-0.4543020866933176,False,-26.029592191513537
1279,21.31453638780382,795,632,695.0,849.0,-0.3244030680696465,-0.4318231512583066,-18.586926661485904,-6.154717401654439,-0.3244030680696466,False,-18.586926661485908,-0.43182315125830684,False,-24.741644063140345
1280,21.33120138888889,804,635,711.0,855.0,-0.3045108832021125,-0.39994405315716103,-17.447188423282203,-5.467917863978976,-0.3045108832021124,False,-17.447188423282196,-0.3999440531571601,False,-22.91510628726112
1281,21.34786638997396,815,639,730.0,862.0,-0.28002528283152595,-0.3641654193081543,-16.044266863203628,-4.820874707765552,-0.28002528283152595,False,-16.044266863203628,-0.36416541930815427,False,-20.86514157096918
1282,21.364531391059028,826,641,749.0,867.0,-0.2566829632433148,-0.32837297413931005,-14.706850466753579,-4.107535057587426,-0.25668296324331497,False,-14.706850466753588,-0.32837297413930955,False,-18.814385524340963
1283,21.381196392144098,838,644,771.0,874.0,-0.23073026355941112,-0.28346016365386906,-13.219870307895393,-3.0212007295589176,-0.23073026355941106,False,-13.21987030789539,-0.2834601636538707,False,-16.241071037454407
1284,21.397861393229167,852,647,795.0,879.0,-0.20068772902586351,-0.2409177717439294,-11.498559873247087,-2.305011657376178,-0.20068772902586351,False,-11.498559873247087,-0.2409177717439306,False,-13.80357153062334
1285,21.414526394314237,865,649,820.0,883.0,-0.17309049939040555,-0.18998828791871572,-9.917355088881987,-0.9681719657767625,-0.17309049939040566,False,-9.917355088881992,-0.18998828791871603,False,-10.885527054658755
1286,21.431191395399306,880,651,846.0,887.0,-0.14130252435316634,-0.1430832936681563,-8.096038279980965,-0.10203056603533252,-0.14130252435316626,False,-8.09603827998096,-0.14308329366815542,False,-8.198068846016241
1287,21.447856396484376,894,652,873.0,890.0,-0.11181974099430468,-0.08800737352774077,-6.406799225219654,1.3643481560487336,-0.1118197409943047,False,-6.406799225219655,-0.08800737352774135,False,-5.042451069170946
1288,21.464521397569445,908,652,901.0,890.0,-0.08243984676761386,-0.029403288204005115,-4.723455283489496,3.0387709655932067,-0.08243984676761373,False,-4.723455283489489,-0.02940328820400495,False,-1.684684317896282
1289,21.481186398654515,922,652,928.0,890.0,-0.05291665439296283,0.025204745326941735,-3.0319009626691775,4.476026493605026,-0.05291665439296267,False,-3.031900962669168,0.025204745326941946,False,1.4441255309358578
1290,21.497851399739584,935,652,957.0,889.0,-0.0254182532590757,0.09256174873423176,-1.4563586343396875,6.759756181161559,-0.02541825325907565,False,-1.4563586343396846,0.09256174873423006,False,5.303397546821772
1291,21.514516400824654,948,651,983.0,886.0,0.0021231390603532736,0.14784936525875556,0.12164690747761395,8.34949772553723,0.0021231390603531075,False,0.12164690747760443,0.1478493652587538,False,8.471144633014731
1292,21.531181401909723,960,650,1009.0,882.0,0.027652524032699393,0.208147833640982,1.5843729199577545,10.341619462461692,0.027652524032699244,False,1.5843729199577459,0.20814783364098233,False,11.925992382419462
1293,21.547846402994793,971,648,1034.0,877.0,0.05123716740341881,0.2684677028369498,2.935673446421173,12.446392861708414,0.05123716740341866,False,2.9356734464211645,0.26846770283695065,False,15.38206630812963
1294,21.564511404079862,980,646,1056.0,871.0,0.07069742978394676,0.3257452069169275,4.050664349042633,14.613161203913032,0.07069742978394666,False,4.050664349042627,0.32574520691692754,False,18.66382555295566
1295,21.581176405164932,989,644,1077.0,865.0,0.0902712358406013,0.37894509813114835,5.1721608250965465,16.53979396498908,0.09027123584060126,False,5.172160825096545,0.3789450981311475,False,21.71195479008557
1296,21.59784140625,997,642,1095.0,859.0,0.10780551787752311,0.4241944079037666,6.176801182604219,18.12774808333251,0.10780551787752302,False,6.176801182604214,0.42419440790376584,False,24.30454926593667
1297,21.61450640733507,1003,641,1110.0,853.0,0.12088278627852063,0.4674140695328358,6.926073469541171,19.854779999724723,0.12088278627852045,False,6.926073469541161,0.46741406953283615,False,26.78085346926591
1298,21.63117140842014,1008,640,1123.0,847.0,0.13183948456739747,0.507098504392337,7.553846038892025,21.500758060185134,0.13183948456739758,False,7.553846038892031,0.5070985043923386,False,29.054604099077242
1299,21.64783640950521,1012,639,1135.0,842.0,0.14067679895601423,0.5447547332268438,8.06018685559,23.151960228083226,0.14067679895601426,False,8.060186855590002,0.5447547332268421,False,31.212147083673127
1300,21.66450141059028,1014,638,1142.0,838.0,0.14525787299237086,0.5693131911006619,8.322663063510197,24.29658000768262,0.1452578729923708,False,8.322663063510193,0.5693131911006617,False,32.61924307119281
1301,21.68116641167535,1015,637,1146.0,836.0,0.14771272212592346,0.5821819475136389,8.463315558204107,24.89325294303422,0.14771272212592335,False,8.463315558204101,0.5821819475136394,False,33.35656850123835
1302,21.69783141276042,1015,637,1148.0,834.0,0.14771272212592346,0.5938368430683221,8.463315558204107,25.561029268983336,0.14771272212592335,False,8.463315558204101,0.5938368430683205,False,34.02434482718736
1303,21.714496413845488,1014,638,1146.0,835.0,0.14525787299237086,0.5903417805676446,8.322663063510197,25.501429433254007,0.1452578729923708,False,8.322663063510193,0.5903417805676447,False,33.8240924967642
1304,21.731161414930558,1011,639,1141.0,837.0,0.13854033849624678,0.5809769580203017,7.937776688148746,25.34975100076375,0.13854033849624692,False,7.937776688148754,0.580976958020301,False,33.287527688912455
1305,21.747826416015627,1007,640,1135.0,841.0,0.1297025371559121,0.567051071390732,7.431407971172507,25.058225187887984,0.12970253715591218,False,7.431407971172511,0.5670510713907326,False,32.48963315906052
1306,21.764491417100697,1002,641,1124.0,845.0,0.11874458053064613,0.5389764998291462,6.803563304457349,24.077515392486273,0.11874458053064618,False,6.803563304457351,0.5389764998291469,False,30.88107869694365
1307,21.781156418185766,996,642,1112.0,850.0,0.10566558209985577,0.5087298243155532,6.054191894114834,23.093879951598204,0.10566558209985555,False,6.054191894114822,0.5087298243155516,False,29.14807184571295
1308,21.797821419270836,988,644,1097.0,857.0,0.08813316760217631,0.472993131308296,5.049658538723824,22.050851623918707,0.08813316760217615,False,5.049658538723815,0.47299313130829646,False,27.10051016264255
1309,21.814486420355905,980,646,1079.0,862.0,0.07069742978394676,0.4297622790966885,4.050664349042633,20.572900437120992,0.07069742978394666,False,4.050664349042627,0.42976227909668907,False,24.623564786163644
1310,21.831151421440975,970,648,1060.0,868.0,0.04910579015213532,0.388318718172466,2.813554525372435,19.43546913183993,0.04910579015213523,False,2.8135545253724294,0.3883187181724672,False,22.249023657212437
1311,21.847816422526044,959,650,1038.0,874.0,0.025526369158899505,0.33905907872732344,1.4625532190978507,17.964100997571695,0.02552636915889961,False,1.4625532190978567,0.339059078727324,False,19.426654216669576
1312,21.86448142361111,948,651,1014.0,879.0,0.0021231390603532736,0.28177186727335213,0.12164690747761395,16.022691872805858,0.0021231390603531075,False,0.12164690747760443,0.2817718672733527,False,16.144338780283512
1313,21.88114642469618,936,652,989.0,883.0,-0.023300866913441774,0.22553382659079477,-1.335041333136235,14.257177734224165,-0.023300866913441798,False,-1.3350413331362363,0.22553382659079446,False,12.922136401087903
1314,21.89781142578125,924,652,962.0,887.0,-0.048690299603615775,0.1603144609293133,-2.789748670514689,11.975090676679285,-0.048690299603615816,False,-2.789748670514691,0.1603144609293139,False,9.18534200616462
1315,21.91447642686632,912,652,934.0,889.0,-0.07401707730192114,0.09256174873423176,-4.240866141293644,9.544263688115503,-0.07401707730192131,False,-4.240866141293654,0.09256174873423006,False,5.303397546821772
1316,21.93114142795139,899,652,907.0,890.0,-0.10134650326566776,0.033600794415993215,-5.806726905531577,7.731910613854735,-0.10134650326566774,False,-5.806726905531576,0.0336007944159924,False,1.925183708323108
1317,21.947806429036458,886,651,880.0,890.0,-0.12879476688964694,-0.025099330520065605,-7.3793965661480465,5.941310858744396,-0.12879476688964697,False,-7.379396566148048,-0.025099330520067298,False,-1.4380857074037539
1318,21.964471430121527,873,650,852.0,887.0,-0.15616481407278227,-0.0883767861448488,-8.947584754815628,3.8839679017855433,-0.15616481407278204,False,-8.947584754815615,-0.088376786144849,False,-5.063616853030098
1319,21.981136431206597,861,648,826.0,884.0,-0.1817331968267754,-0.14723191804075808,-10.412545175594516,1.976777662243043,-0.18173319682677525,False,-10.412545175594506,-0.14723191804075952,False,-8.435767513351566
1320,21.997801432291666,849,646,800.0,880.0,-0.20727991668300638,-0.20641910492155582,-11.876264403759608,0.04932088088632808,-0.2072799166830066,False,-11.87626440375962,-0.20641910492155446,False,-11.82694352287319
1321,22.014466433376736,838,644,777.0,875.0,-0.23073026355941112,-0.2581758664478214,-13.219870307895393,-1.5725172116979815,-0.23073026355941106,False,-13.21987030789539,-0.25817586644782153,False,-14.79238751959337
1322,22.031131434461805,827,641,756.0,870.0,-0.2546524957662372,-0.3006455090926114,-14.590513249878457,-2.6352055506901793,-0.25465249576623705,False,-14.590513249878448,-0.300645509092611,False,-17.225718800568625
1323,22.047796435546875,817,639,737.0,864.0,-0.27599617905964385,-0.34161549064780716,-15.813416221854542,-3.759709608555643,-0.2759961790596437,False,-15.813416221854533,-0.3416154906478077,False,-19.573125830410227
1324,22.064461436631944,809,636,720.0,858.0,-0.29386933503246765,-0.3812827744718905,-16.837472625676384,-5.008421152601344,-0.2938693350324675,False,-16.837472625676376,-0.38128277447189163,False,-21.845893778277794
1325,22.081126437717014,801,634,706.0,853.0,-0.31114087293310727,-0.40929219792623106,-17.827058853083276,-5.623656675722898,-0.3111408729331071,False,-17.82705885308327,-0.4092921979262307,False,-23.450715528806164
1326,22.097791438802084,794,631,693.0,848.0,-0.32706258942493927,-0.43561756904095966,-18.73930601066909,-6.21974217712666,-0.32706258942493927,False,-18.73930601066909,-0.4356175690409607,False,-24.9590481877958
1327,22.114456439887153,789,629,684.0,844.0,-0.3383603224505232,-0.45430208669331623,-19.38661843110062,-6.642973760412834,-0.3383603224505234,False,-19.386618431100626,-0.4543020866933176,False,-26.029592191513537
1328,22.131121440972223,784,628,677.0,842.0,-0.34895021505152246,-0.4636476090008061,-19.99337458263469,-6.5716765944432876,-0.3489502150515227,False,-19.993374582634704,-0.46364760900080526,False,-26.56505117707794
1329,22.147786442057292,782,626,673.0,840.0,-0.3543404752816281,-0.47109626081304934,-20.30221374429696,-6.689613744685036,-0.35434047528162793,False,-20.30221374429695,-0.4710962608130487,False,-26.99182748898196
1330,22.16445144314236,780,626,671.0,839.0,-0.35827914905186053,-0.472993131308296,-20.52788312821016,-6.572627034432358,-0.35827914905186065,False,-20.527883128210163,-0.47299313130829646,False,-27.10051016264255
1331,22.18111644422743,780,626,671.0,839.0,-0.35827914905186053,-0.472993131308296,-20.52788312821016,-6.572627034432358,-0.35827914905186065,False,-20.527883128210163,-0.47299313130829646,False,-27.10051016264255
1332,22.1977814453125,781,626,675.0,841.0,-0.35631125565237476,-0.4580506525194391,-20.415131141887972,-5.829238050689297,-0.35631125565237465,False,-20.415131141887965,-0.45805065251943944,False,-26.244369192577288
1333,22.21444644639757,784,628,679.0,842.0,-0.34895021505152246,-0.45614305945352746,-19.99337458263469,-6.141697578237428,-0.3489502150515227,False,-19.993374582634704,-0.4561430594535274,False,-26.135072160872106
1334,22.23111144748264,788,629,686.0,846.0,-0.34034071002927313,-0.43939863167953086,-19.500086281163117,-5.675600837897345,-0.340340710029273,False,-19.500086281163114,-0.43939863167953064,False,-25.175687119060456
1335,22.24777644856771,794,631,696.0,849.0,-0.32706258942493927,-0.4224723923857155,-18.73930601066909,-5.46657903382726,-0.32706258942493927,False,-18.73930601066909,-0.4224723923857141,False,-24.205885044496274
1336,22.26444144965278,801,634,708.0,854.0,-0.31114087293310727,-0.39994405315716103,-17.827058853083276,-5.088047434177903,-0.3111408729331071,False,-17.82705885308327,-0.3999440531571601,False,-22.91510628726112
1337,22.28110645073785,809,636,723.0,859.0,-0.29386933503246765,-0.36807500509724905,-16.837472625676384,-4.251671710652255,-0.2938693350324675,False,-16.837472625676376,-0.3680750050972499,False,-21.089144336328683
1338,22.297771451822918,818,639,739.0,864.0,-0.2739781647316109,-0.33766433024524956,-15.697792517861327,-3.6489484973030977,-0.2739781647316111,False,-15.697792517861336,-0.33766433024525,False,-19.346741015164458
1339,22.314436452907987,829,642,756.0,869.0,-0.2500650892513549,-0.31114087293310727,-14.327674217664883,-3.4993846354183824,-0.25006508925135496,False,-14.327674217664885,-0.3111408729331089,False,-17.82705885308337
1340,22.331101453993057,840,644,776.0,874.0,-0.22664144210524095,-0.27139528080163583,-12.985598095388898,-2.564206074312702,-0.22664144210524118,False,-12.98559809538891,-0.27139528080163444,False,-15.549804169701511
1341,22.347766455078126,852,646,797.0,879.0,-0.2011068830161501,-0.23180819876373931,-11.522575627856575,-1.7590558178353846,-0.2011068830161502,False,-11.522575627856583,-0.2318081987637406,False,-13.281631445692042
1342,22.364431456163196,864,648,819.0,883.0,-0.17552533713154203,-0.18919902209996817,-10.056861015248273,-0.7834444390822983,-0.17552533713154217,False,-10.056861015248282,-0.18919902209996664,False,-10.840305454330478
1343,22.381096457248265,877,650,843.0,886.0,-0.14784936525875556,-0.1430832936681563,-8.471144633014832,0.27307578699854157,-0.14784936525875558,False,-8.471144633014834,-0.14308329366815542,False,-8.198068846016241
1344,22.397761458333335,890,651,867.0,889.0,-0.12043344602200143,-0.09633949292208074,-6.900328169277295,1.380481824411589,-0.12043344602200134,False,-6.90032816927729,-0.09633949292208044,False,-5.519846344865676
1345,22.414426459418404,903,652,893.0,890.0,-0.09295170900941659,-0.041992107221369514,-5.325740624767721,2.919770108122425,-0.09295170900941674,False,-5.325740624767729,-0.04199210722136826,False,-2.405970516645228
1346,22.431091460503474,916,652,918.0,890.0,-0.06558377371269002,0.008403163547646988,-3.7576734382781716,4.239139244116524,-0.06558377371269009,False,-3.7576734382781756,0.008403163547647807,False,0.48146580583839943
1347,22.447756461588543,928,652,943.0,890.0,-0.04023251569893697,0.0629419593073733,-2.3051533487429157,5.911461971339583,-0.04023251569893693,False,-2.3051533487429134,0.06294195930737345,False,3.606308622596669
1348,22.464421462673613,940,651,967.0,887.0,-0.014860901664862475,0.11391151001120803,-0.8514669451555584,7.378115706760013,-0.014860901664862425,False,-0.8514669451555555,0.11391151001120647,False,6.526648761604355
1349,22.481086463758682,951,650,991.0,885.0,0.008510432828888926,0.16859693960942962,0.48761188292491736,9.172281195517424,0.00851043282888897,False,0.48761188292491986,0.16859693960942934,False,9.65989307844232
1350,22.497751464843752,961,649,1014.0,881.0,0.029841884667109377,0.22459412721667524,1.709814044141531,11.158481548798264,0.029841884667109575,False,1.7098140441415424,0.22459412721667604,False,12.868295592939832
1351,22.51441646592882,970,647,1035.0,876.0,0.049210772236328686,0.27656855859928864,2.8195695557212015,13.026641598034638,0.04921077223632864,False,2.819569555721199,0.276568558599287,False,15.846211153755734
1352,22.53108146701389,978,646,1054.0,872.0,0.06642573392348967,0.3244030680696465,3.805914204874937,14.781012456610968,0.06642573392348972,False,3.8059142048749397,0.32440306806964614,False,18.586926661485883
1353,22.54774646809896,986,645,1072.0,866.0,0.08367513466739618,0.3711096294205465,4.794232066630602,16.468783435830712,0.08367513466739629,False,4.794232066630609,0.3711096294205447,False,21.26301550246122
1354,22.56441146918403,991,643,1087.0,861.0,0.09474785352731488,0.41481428312106017,5.428652125038853,18.338455579542714,0.09474785352731496,False,5.428652125038857,0.4148142831210606,False,23.767107704581594
1355,22.5810764702691,997,642,1100.0,857.0,0.10780551787752311,0.4467636600691884,6.176801182604219,19.420870979177668,0.10780551787752302,False,6.176801182604214,0.44676366006918755,False,25.59767216178183
1356,22.59774147135417,1000,642,1110.0,853.0,0.11421930537188357,0.48056328863045333,6.54428413672486,20.989964090727334,0.11421930537188363,False,6.544284136724864,0.48056328863045294,False,27.534248227452174
1357,22.61440647243924,1003,641,1117.0,849.0,0.12088278627852063,0.5013655614676703,6.926073469541171,21.80005719576318,0.12088278627852045,False,6.926073469541161,0.5013655614676686,False,28.726130665304265
1358,22.631071473524308,1004,640,1122.0,847.0,0.12328461764753988,0.5181049902083273,7.063688270088103,22.621541013515888,0.12328461764753973,False,7.063688270088094,0.5181049902083288,False,29.68522928360408
1359,22.647736474609374,1004,640,1125.0,845.0,0.12328461764753988,0.5332150139708782,7.063688270088103,23.48728160345244,0.12328461764753973,False,7.063688270088094,0.533215013970878,False,30.550969873540538
1360,22.664401475694444,1003,640,1124.0,845.0,0.12114301415792322,0.5332150139708782,6.940983428742579,23.60998644479798,0.12114301415792328,False,6.940983428742582,0.533215013970878,False,30.550969873540538
1361,22.681066476779513,1001,641,1120.0,846.0,0.11660528331298943,0.5259487304013317,6.68099060276154,23.45365188949873,0.11660528331298936,False,6.680990602761536,0.5259487304013319,False,30.134642492260294
1362,22.697731477864583,998,642,1114.0,849.0,0.10994446291968428,0.5107824828143067,6.299353706130486,22.966326808342778,0.1099444629196844,False,6.299353706130493,0.5107824828143066,False,29.26568051447327
1363,22.714396478949652,993,643,1105.0,852.0,0.09902707858432222,0.49194194284930987,5.6738336603920025,22.51236343033941,0.09902707858432214,False,5.673833660391997,0.4919419428493086,False,28.18619709073133
1364,22.73106148003472,988,644,1095.0,856.0,0.08813316760217631,0.4674140695328358,5.049658538723824,21.73119493054207,0.08813316760217615,False,5.049658538723815,0.46741406953283615,False,26.78085346926591
1365,22.74772648111979,981,646,1083.0,861.0,0.07283231874219795,0.4429738631207448,4.172984476079507,21.207548315345,0.07283231874219798,False,4.172984476079509,0.44297386312074494,False,25.38053279142451
1366,22.76439148220486,973,647,1067.0,865.0,0.05561710107058777,0.40710417205598876,3.1866251600972113,20.138725720878664,0.055617101070587704,False,3.1866251600972078,0.4071041720559876,False,23.325350880975794
1367,22.78105648328993,965,648,1049.0,871.0,0.03844259002118798,0.3602441466108803,2.2025981617658053,18.437871033329696,0.03844259002118777,False,2.2025981617657933,0.36024414661088144,False,20.640469195095566
1368,22.797721484375,955,650,1030.0,876.0,0.017019633058136616,0.3204225339290187,0.9751531430925626,17.383705711927632,0.017019633058136474,False,0.9751531430925544,0.320422533929019,False,18.358858855020213
1369,22.81438648546007,945,651,1008.0,879.0,-0.004246258979848552,0.2695890779209262,-0.24329271826484852,15.689609085957413,-0.004246258979848427,False,-0.24329271826484136,0.26958907792092646,False,15.446316367692573
1370,22.83105148654514,935,652,986.0,883.0,-0.0254182532590757,0.2172934309230211,-1.4563586343396875,13.90635514214628,-0.02541825325907565,False,-1.4563586343396846,0.21729343092302145,False,12.44999650780662
1371,22.84771648763021,923,652,963.0,887.0,-0.050803704058221655,0.16859693960942962,-2.9108378261677537,12.570730904610098,-0.050803704058221655,False,-2.9108378261677537,0.16859693960942934,False,9.65989307844232
1372,22.864381488715278,912,652,938.0,888.0,-0.07401707730192114,0.10972698888407616,-4.240866141293644,10.527759503030117,-0.07401707730192131,False,-4.240866141293654,0.10972698888407706,False,6.286893361736514
1373,22.881046489800347,900,652,913.0,890.0,-0.09924910143543489,0.05456762350389413,-5.68655463271622,8.813049157548223,-0.09924910143543508,False,-5.686554632716231,0.05456762350389255,False,3.1264945248319163
1374,22.897711490885417,888,651,889.0,890.0,-0.12461629582119063,0.004184076002074724,-7.13998780910798,7.379717705188843,-0.12461629582119071,False,-7.139987809107986,0.004184076002076154,False,0.23972989608093428
1375,22.914376491970486,877,650,863.0,888.0,-0.14784936525875556,-0.058755822715722696,-8.471144633014832,5.104683969585028,-0.14784936525875558,False,-8.471144633014834,-0.058755822715720996,False,-3.366460663429704
1376,22.931041493055556,866,649,839.0,886.0,-0.1710208033567086,-0.11343499180721633,-9.798770241276186,3.299423961621606,-0.17102080335670866,False,-9.79877024127619,-0.1134349918072175,False,-6.499346279654634
1377,22.947706494140625,855,647,817.0,883.0,-0.19451134864685263,-0.15964666966066154,-11.144679344862352,1.9975989599871973,-0.1945113486468526,False,-11.14467934486235,-0.15964666966065977,False,-9.147080384875052
1378,22.964371495225695,845,645,795.0,879.0,-0.2159348446894471,-0.21050956212735614,-12.372155250518237,0.31084579347372765,-0.21593484468944713,False,-12.372155250518238,-0.21050956212735628,False,-12.06130945704451
1379,22.981036496310765,835,643,775.0,874.0,-0.23734133708046892,-0.2541247495556341,-13.598656918702698,-0.9616187006541891,-0.23734133708046912,False,-13.598656918702709,-0.2541247495556327,False,-14.560275619356796
1380,22.997701497395834,825,641,756.0,870.0,-0.25871126878227535,-0.2926582356298651,-14.823063813699026,-1.9450179276374204,-0.25871126878227546,False,-14.823063813699033,-0.29265823562986526,False,-16.768081741336452
1381,23.014366498480904,818,639,740.0,865.0,-0.2739781647316109,-0.3323321700177181,-15.697792517861327,-3.343438220578034,-0.2739781647316111,False,-15.697792517861336,-0.3323321700177182,False,-19.04123073843937
1382,23.031031499565973,810,637,726.0,861.0,-0.2912560315815481,-0.35877067027057225,-16.687741367351723,-3.8683038522317346,-0.2912560315815482,False,-16.68774136735173,-0.3587706702705731,False,-20.556045219583513
1383,23.047696500651043,804,635,715.0,857.0,-0.3045108832021125,-0.3812827744718905,-17.447188423282203,-4.398705354995524,-0.3045108832021124,False,-17.447188423282196,-0.38128277447189163,False,-21.845893778277794
1384,23.064361501736112,799,633,705.0,853.0,-0.31577849533673685,-0.4037940918851321,-18.09277504378657,-5.042922213549254,-0.31577849533673685,False,-18.09277504378657,-0.40379409188513193,False,-23.135697257335824
1385,23.08102650282118,795,632,698.0,851.0,-0.3244030680696465,-0.41695260495747566,-18.586926661485904,-5.302697859562946,-0.3244030680696466,False,-18.586926661485908,-0.4169526049574763,False,-23.88962452104888
1386,23.09769150390625,792,631,693.0,849.0,-0.33103410731708865,-0.42628183119802276,-18.966857224149944,-5.457292586604937,-0.3310341073170888,False,-18.96685722414995,-0.4262818311980219,False,-24.424149810754837
1387,23.11435650499132,791,630,691.0,847.0,-0.3337021765375503,-0.4318231512583066,-19.119726329931154,-5.6219177332091785,-0.3337021765375505,False,-19.11972632993117,-0.43182315125830684,False,-24.741644063140345
1388,23.13102150607639,790,630,691.0,848.0,-0.33568462266114035,-0.42628183119802276,-19.233312125924936,-5.190837684829945,-0.3356846226611405,False,-19.233312125924947,-0.4262818311980219,False,-24.424149810754837
1389,23.14768650716146,791,630,694.0,849.0,-0.3337021765375503,-0.41695260495747566,-19.119726329931154,-4.769898191117686,-0.3337021765375505,False,-19.11972632993117,-0.4169526049574763,False,-23.88962452104888
1390,23.16435150824653,794,631,698.0,851.0,-0.32706258942493927,-0.41145624341370224,-18.73930601066909,-4.83540019124353,-0.32706258942493927,False,-18.73930601066909,-0.4114562434137028,False,-23.574706201912647
1391,23.1810165093316,797,633,704.0,853.0,-0.3197624854452964,-0.39994405315716103,-18.321040862628898,-4.59406542463228,-0.3197624854452963,False,-18.32104086262889,-0.3999440531571601,False,-22.91510628726112
1392,23.19768151041667,802,634,713.0,856.0,-0.30914339224274107,-0.3812827744718905,-17.712611639866417,-4.133282138411325,-0.3091433922427411,False,-17.71261163986642,-0.38128277447189163,False,-21.845893778277794
1393,23.214346511501738,809,636,723.0,859.0,-0.29386933503246765,-0.36807500509724905,-16.837472625676384,-4.251671710652255,-0.2938693350324675,False,-16.837472625676376,-0.3680750050972499,False,-21.089144336328683
1394,23.231011512586807,816,638,736.0,864.0,-0.278588009631491,-0.34021811164468324,-15.961917174834362,-3.5311447363166306,-0.2785880096314912,False,-15.961917174834376,-0.34021811164468474,False,-19.49306191115108
1395,23.247676513671877,824,640,751.0,868.0,-0.26127879857058994,-0.30986207885047,-14.97017243434357,-2.783616914938286,-0.26127879857059,False,-14.970172434343572,-0.3098620788504718,False,-17.75378934928196
1396,23.264341514756946,833,643,766.0,872.0,-0.24141814917991467,-0.2846323319793205,-13.832241045868807,-2.4759902895127834,-0.24141814917991455,False,-13.8322410458688,-0.2846323319793207,False,-16.30823133538161
1397,23.281006515842016,843,645,783.0,876.0,-0.2200347542666427,-0.2541247495556341,-12.60706276567681,-1.953212853680071,-0.22003475426664254,False,-12.607062765676801,-0.2541247495556327,False,-14.560275619356796
1398,23.297671516927085,854,647,803.0,880.0,-0.19657183680718984,-0.21548569150556338,-11.262736620186349,-1.0836840485404766,-0.19657183680718981,False,-11.262736620186347,-0.21548569150556318,False,-12.346420668726825
1399,23.314336518012155,865,649,823.0,883.0,-0.17309049939040555,-0.1775961672834879,-9.917355088881987,-0.25815575416120934,-0.17309049939040566,False,-9.917355088881992,-0.1775961672834896,False,-10.175510843043304
1400,23.331001519097224,877,650,844.0,886.0,-0.14784936525875556,-0.13892970426308895,-8.471144633014832,0.5110589297391634,-0.14784936525875558,False,-8.471144633014834,-0.13892970426308793,False,-7.960085703275619
1401,23.347666520182294,888,651,866.0,888.0,-0.12461629582119063,-0.09256174873423176,-7.13998780910798,1.8365902622861108,-0.12461629582119071,False,-7.139987809107986,-0.09256174873423006,False,-5.303397546821772
1402,23.364331521267363,900,651,888.0,889.0,-0.09945843597123988,-0.050377507181057816,-5.698548618124176,2.8121300742595685,-0.09945843597123982,False,-5.698548618124173,-0.05037750718105727,False,-2.8864185438645786
1403,23.380996522352433,912,652,910.0,890.0,-0.07401707730192114,-0.008403163547646988,-4.240866141293644,3.7594003354552794,-0.07401707730192131,False,-4.240866141293654,-0.008403163547647807,False,-0.48146580583839943
1404,23.397661523437502,923,652,933.0,890.0,-0.050803704058221655,0.041992107221369514,-2.9108378261677537,5.316808342813058,-0.050803704058221655,False,-2.9108378261677537,0.04199210722136826,False,2.405970516645228
1405,23.414326524522572,934,651,956.0,888.0,-0.027593843619837192,0.09256174873423176,-1.5810107799606652,6.884408326782533,-0.027593843619837077,False,-1.5810107799606585,0.09256174873423006,False,5.303397546821772
1406,23.43099152560764,944,650,977.0,886.0,-0.006382892039528839,0.13892970426308895,-0.3657127749526527,8.32579847822832,-0.006382892039528798,False,-0.36571277495265037,0.13892970426308793,False,7.960085703275619
1407,23.447656526692708,953,649,998.0,883.0,0.01279247910743237,0.18998828791871572,0.7329550623651572,10.15257199229359,0.01279247910743253,False,0.7329550623651664,0.18998828791871603,False,10.885527054658755
1408,23.464321527777777,961,648,1018.0,879.0,0.029905611406763104,0.24192056868440487,1.7134653173658185,12.147562245655342,0.02990561140676329,False,1.713465317365829,0.2419205686844066,False,13.861027563021247
1409,23.480986528862847,969,648,1035.0,876.0,0.0469739662964855,0.28177186727335213,2.6914100157783936,13.452928764505097,0.046973966296485425,False,2.691410015778389,0.2817718672733527,False,16.144338780283512
1410,23.497651529947916,976,646,1052.0,872.0,0.06215160893351214,0.3244030680696465,3.561024881837829,15.025901779648079,0.062151608933512126,False,3.5610248818378283,0.32440306806964614,False,18.586926661485883
1411,23.514316531032986,981,645,1066.0,867.0,0.0729883922974798,0.365663717176949,4.181926832090759,16.7690608832138,0.07298839229747989,False,4.181926832090764,0.36566371717695034,False,20.95098771530464
1412,23.530981532118055,986,644,1078.0,864.0,0.08385462573923945,0.39608144156430747,4.804516147507501,17.88927879758485,0.08385462573923963,False,4.8045161475075115,0.3960814415643057,False,22.69379494509226
1413,23.547646533203125,990,643,1088.0,861.0,0.09260692523880451,0.4224723923857155,5.3059859698670415,18.899899074629328,0.09260692523880465,False,5.3059859698670495,0.4224723923857141,False,24.205885044496274
1414,23.564311534288194,992,643,1095.0,857.0,0.09688791099546536,0.44858283537036436,5.551268385879328,20.150634842854377,0.09688791099546545,False,5.551268385879333,0.44858283537036314,False,25.701903228733634
1415,23.580976535373264,993,643,1100.0,855.0,0.09902707858432222,0.4674140695328358,5.6738336603920025,21.107019808873886,0.09902707858432214,False,5.673833660391997,0.46741406953283615,False,26.78085346926591
1416,23.597641536458333,994,643,1103.0,854.0,0.10116533728337498,0.476829519638931,5.79634685935486,21.523972163206288,0.10116533728337496,False,5.796346859354858,0.4768295196389296,False,27.32031902256107
1417,23.614306537543403,993,642,1102.0,853.0,0.09924001985560352,0.476829519638931,5.686034296520571,21.634284726040583,0.09924001985560338,False,5.686034296520563,0.4768295196389296,False,27.32031902256107
1418,23.630971538628472,991,643,1099.0,855.0,0.09474785352731488,0.47116626431311,5.428652125038853,21.567186269047752,0.09474785352731496,False,5.428652125038857,0.4711662643131085,False,26.995838394086533
1419,23.64763653971354,988,644,1093.0,857.0,0.08813316760217631,0.45799795159722173,5.049658538723824,21.191691113433947,0.08813316760217615,False,5.049658538723815,0.45799795159722123,False,26.241349652157737
1420,23.66430154079861,984,644,1086.0,859.0,0.07957300439187064,0.4429738631207448,4.5591973148301514,20.821335476594353,0.07957300439187076,False,4.5591973148301586,0.44297386312074494,False,25.38053279142451
1421,23.68096654188368,979,645,1076.0,862.0,0.06870887693220012,0.4203601657163518,3.9367286632988465,20.148134707667992,0.06870887693220018,False,3.9367286632988496,0.42036016571635315,False,24.084863370966918
1422,23.69763154296875,973,646,1065.0,866.0,0.055736204314213715,0.39608144156430747,3.1934492732832966,19.50034567180907,0.055736204314213555,False,3.1934492732832878,0.3960814415643057,False,22.69379494509226
1423,23.71429654405382,967,647,1050.0,869.0,0.042800398317591776,0.35778301627072384,2.452282185076838,18.04717462869609,0.04280039831759197,False,2.4522821850768493,0.35778301627072295,False,20.499456813772888
1424,23.73096154513889,959,648,1035.0,874.0,0.02563540852167748,0.3244030680696465,1.4688007143858246,17.118125947100072,0.02563540852167767,False,1.4688007143858355,0.32440306806964614,False,18.586926661485883
1425,23.74762654622396,950,650,1019.0,877.0,0.006382892039528839,0.2950902060220442,0.3657127749526527,16.541710605756418,0.006382892039528798,False,0.36571277495265037,0.2950902060220457,False,16.90742338070917
1426,23.76429154730903,941,650,999.0,880.0,-0.012765264026655657,0.24702365005121815,-0.7313957530975439,14.884808340948942,-0.012765264026655565,False,-0.7313957530975387,0.24702365005121862,False,14.15341258785143
1427,23.780956548394098,931,651,979.0,884.0,-0.03395721804604474,0.20316631194892554,-1.9456052780438398,13.58617749195557,-0.03395721804604479,False,-1.9456052780438424,0.20316631194892665,False,11.640572213911804
1428,23.797621549479167,921,651,960.0,886.0,-0.05514573009572275,0.1644585463992785,-3.159617592652479,12.582398206187571,-0.055145730095722545,False,-3.159617592652467,0.1644585463992776,False,9.422780613535028
1429,23.814286550564237,911,651,937.0,888.0,-0.0762847992479009,0.1092676898773683,-4.370797037907478,10.631374505025025,-0.07628479924790099,False,-4.370797037907484,0.10926768987736679,False,6.260577467117465
1430,23.830951551649306,900,651,915.0,889.0,-0.09945843597123988,0.0629419593073733,-5.698548618124176,9.30485724072084,-0.09945843597123982,False,-5.698548618124173,0.06294195930737345,False,3.606308622596669
1431,23.847616552734376,889,651,893.0,889.0,-0.12252540955213467,0.016805140515041995,-7.020188850449219,7.983052476085444,-0.12252540955213487,False,-7.02018885044923,0.016805140515042893,False,0.9628636256362644
1432,23.864281553819445,879,650,870.0,888.0,-0.14368383054664818,-0.03779711649456458,-8.232477074595836,6.066861821692978,-0.14368383054664813,False,-8.232477074595835,-0.037797116494566296,False,-2.1656152529029575
1433,23.880946554904515,869,649,849.0,886.0,-0.16480289596229453,-0.08418871753885106,-9.442510390173073,4.6188521925778865,-0.16480289596229447,False,-9.44251039017307,-0.08418871753885071,False,-4.823658197595157
1434,23.897611555989585,859,647,829.0,884.0,-0.1862528101417046,-0.12591262568579822,-10.67149994357109,3.457237904364342,-0.18625281014170447,False,-10.671499943571083,-0.12591262568579964,False,-7.214262039206842
1435,23.914276557074654,850,645,808.0,880.0,-0.20565301048076193,-0.1768561314739792,-11.783049544707344,1.6499396302375329,-0.2056530104807619,False,-11.783049544707342,-0.17685613147397916,False,-10.13310991446981
1436,23.930941558159724,841,644,790.0,877.0,-0.22459412721667524,-0.21548569150556338,-12.868295592939786,0.5218749242129568,-0.22459412721667515,False,-12.86829559293978,-0.21548569150556318,False,-12.346420668726825
1437,23.947606559244793,833,642,774.0,874.0,-0.24192056868440487,-0.2490313258433882,-13.86102756302115,-0.407416374352188,-0.2419205686844048,False,-13.861027563021146,-0.2490313258433865,False,-14.268443937373233
1438,23.964271560329863,825,640,758.0,870.0,-0.25924884628266204,-0.28346016365386906,-14.853864735632376,-1.3872063018219278,-0.2592488462826621,False,-14.85386473563238,-0.2834601636538707,False,-16.241071037454407
1439,23.980936561414932,818,639,745.0,866.0,-0.2739781647316109,-0.31114087293310727,-15.697792517861327,-2.129266335221958,-0.2739781647316111,False,-15.697792517861336,-0.3111408729331089,False,-17.82705885308337
1440,23.9976015625,813,637,735.0,863.0,-0.2852219597414239,-0.3323321700177181,-16.342014517633867,-2.699216220805494,-0.28522195974142406,False,-16.342014517633874,-0.3323321700177182,False,-19.04123073843937
1441,24.01426656358507,809,636,725.0,859.0,-0.29386933503246765,-0.3602441466108803,-16.837472625676384,-3.8029965694191135,-0.2938693350324675,False,-16.837472625676376,-0.36024414661088144,False,-20.640469195095566
1442,24.03093156467014,805,634,718.0,857.0,-0.303135683518947,-0.3719728371687995,-17.36839528544909,-3.944078377830128,-0.30313568351894693,False,-17.368395285449086,-0.3719728371687978,False,-21.312473663279114
1443,24.04759656575521,803,634,715.0,856.0,-0.30714335966663053,-0.3773959672364249,-17.598018214366604,-4.025177913538041,-0.30714335966663064,False,-17.59801821436661,-0.3773959672364242,False,-21.623196127904603
1444,24.06426156684028,801,633,711.0,854.0,-0.31178410699043513,-0.3867319776141511,-17.86391344980724,-4.294196670231457,-0.311784106990435,False,-17.863913449807235,-0.3867319776141507,False,-22.158110120038668
1445,24.08092656792535,801,633,711.0,855.0,-0.31178410699043513,-0.3851575063634742,-17.86391344980724,-4.203986112602988,-0.311784106990435,False,-17.863913449807235,-0.38515750636347335,False,-22.06789956241017
1446,24.09759156901042,801,633,713.0,856.0,-0.31178410699043513,-0.3758588505430919,-17.86391344980724,-3.671212378950327,-0.311784106990435,False,-17.863913449807235,-0.37585885054309287,False,-21.53512582875761
1447,24.11425657009549,804,634,717.0,857.0,-0.30514078634276115,-0.3719728371687995,-17.483279214743405,-3.8291944485358,-0.3051407863427613,False,-17.483279214743416,-0.3719728371687978,False,-21.312473663279114
1448,24.130921571180558,807,635,723.0,859.0,-0.2984989315861793,-0.35877067027057225,-17.102728969052375,-3.453316250531093,-0.29849893158617924,False,-17.10272896905237,-0.3587706702705731,False,-20.556045219583513
1449,24.147586572265627,811,636,731.0,861.0,-0.28984648991161976,-0.34161549064780716,-16.606980578617005,-2.9661452517931832,-0.28984648991161954,False,-16.606980578616994,-0.3416154906478077,False,-19.573125830410227
1450,24.164251573350697,817,638,740.0,864.0,-0.27656855859928864,-0.32837297413931005,-15.84621115375583,-2.9681743705851527,-0.27656855859928875,False,-15.846211153755837,-0.32837297413930955,False,-18.814385524340963
1451,24.180916574435766,823,640,751.0,867.0,-0.26330654956916083,-0.30714335966663053,-15.08635400846512,-2.511664205901488,-0.2633065495691609,False,-15.086354008465124,-0.30714335966662887,False,-17.59801821436651
1452,24.197581575520836,831,641,764.0,871.0,-0.246509274176471,-0.28346016365386906,-14.123941021145042,-2.1171300163092694,-0.24650927417647095,False,-14.123941021145038,-0.2834601636538707,False,-16.241071037454407
1453,24.214246576605905,839,643,778.0,874.0,-0.2291636552489709,-0.2581758664478214,-13.130110263557047,-1.6622772560363257,-0.22916365524897087,False,-13.130110263557045,-0.25817586644782153,False,-14.79238751959337
1454,24.230911577690975,848,645,794.0,878.0,-0.2097711656370821,-0.22773899193233446,-12.019002454544527,-1.029480613742138,-0.2097711656370822,False,-12.019002454544532,-0.22773899193233405,False,-13.048483068286645
1455,24.24757657877604,857,647,811.0,881.0,-0.19038536540737644,-0.19410609803032688,-10.908277918898651,-0.21318227599169007,-0.19038536540737638,False,-10.908277918898648,-0.1941060980303284,False,-11.121460194890439
1456,24.26424157986111,868,648,828.0,883.0,-0.16722695637600912,-0.16859693960942962,-9.581398821163654,-0.07849425727867558,-0.16722695637600893,False,-9.581398821163644,-0.16859693960942934,False,-9.65989307844232
1457,24.28090658094618,878,649,847.0,886.0,-0.1460736412972274,-0.130063287501013,-8.36940314443902,0.9173257010343284,-0.14607364129722722,False,-8.369403144439007,-0.13006328750101304,False,-7.452077443404679
1458,24.29757158203125,888,650,867.0,888.0,-0.12487869180184412,-0.08800737352774077,-7.155021991360622,2.112570922189698,-0.12487869180184408,False,-7.155021991360619,-0.08800737352774135,False,-5.042451069170946
1459,24.31423658311632,899,651,886.0,888.0,-0.10156020130707769,-0.054797406973115484,-5.818970901394578,2.6793107535743226,-0.10156020130707777,False,-5.818970901394583,-0.054797406973115415,False,-3.1396601478202606
1460,24.33090158420139,909,651,907.0,889.0,-0.08050503412881192,-0.008403163547646988,-4.612598685137575,4.131132879299221,-0.08050503412881183,False,-4.61259868513757,-0.008403163547647807,False,-0.48146580583839943
1461,24.347566585286458,919,651,927.0,889.0,-0.0593781001711823,0.033600794415993215,-3.402114535313777,5.327298243636928,-0.05937810017118217,False,-3.4021145353137694,0.0336007944159924,False,1.925183708323108
1462,24.364231586371528,929,650,947.0,888.0,-0.038279164626336314,0.07548654493392346,-2.193234576375546,6.518295011114006,-0.03827916462633629,False,-2.1932345763755445,0.07548654493392348,False,4.325060434738461
1463,24.380896587456597,938,650,966.0,886.0,-0.019146596163164244,0.11809202841909398,-1.0970191521906865,7.863193974743753,-0.019146596163164276,False,-1.0970191521906882,0.11809202841909539,False,6.766174822553141
1464,24.397561588541667,946,649,986.0,884.0,-0.0021321929308826776,0.16859693960942962,-0.12216565604720667,9.782058734489535,-0.002132192930882848,False,-0.12216565604721644,0.16859693960942934,False,9.65989307844232
1465,24.414226589626736,954,648,1003.0,881.0,0.01495614969498124,0.20727991668300638,0.8569242552882985,11.019340148471308,0.014956149694981047,False,0.8569242552882875,0.2072799166830066,False,11.87626440375962
1466,24.430891590711806,961,648,1018.0,878.0,0.029905611406763104,0.2429315830794659,1.7134653173658185,12.205489103519298,0.02990561140676329,False,1.713465317365829,0.24293158307946427,False,13.918954420885026
1467,24.447556591796875,967,646,1034.0,876.0,0.04289213217905484,0.28346016365386906,2.4575381481771092,13.783532889277216,0.042892132179054965,False,2.4575381481771164,0.2834601636538707,False,16.241071037454407
1468,24.464221592881945,971,646,1046.0,871.0,0.05145668227202549,0.3217505543966422,2.9482507219327045,15.486698100989303,0.05145668227202549,False,2.9482507219327045,0.3217505543966439,False,18.43494882292211
1469,24.480886593967014,976,645,1057.0,868.0,0.06228492326493248,0.34841090277124015,3.568663230376823,16.393811034758123,0.06228492326493251,False,3.5686632303768246,0.34841090277123854,False,19.962474265134848
1470,24.497551595052084,979,644,1067.0,866.0,0.0688564893010446,0.3773959672364249,3.945186229037563,17.678009898867078,0.06885648930104438,False,3.9451862290375503,0.3773959672364242,False,21.623196127904603
1471,24.514216596137153,981,644,1073.0,863.0,0.07314513499844036,0.3977056192195359,4.19090752732528,18.59594594259113,0.07314513499844022,False,4.190907527325272,0.3977056192195363,False,22.786853469916426
1472,24.530881597222223,982,644,1077.0,861.0,0.07528845738181517,0.4126521626465833,4.313710854028577,19.32951647256665,0.07528845738181511,False,4.313710854028574,0.4126521626465838,False,23.643227326595248
1473,24.547546598307292,982,644,1080.0,861.0,0.07528845738181517,0.4241944079037666,4.313710854028577,19.99083841190815,0.07528845738181511,False,4.313710854028574,0.42419440790376584,False,24.30454926593667
1474,24.56421159939236,982,644,1079.0,860.0,0.07528845738181517,0.42208365861726244,4.313710854028577,19.869901386181194,0.07528845738181511,False,4.313710854028574,0.42208365861726094,False,24.183612240209694
1475,24.58087660047743,980,644,1077.0,861.0,0.07100113917073327,0.4203601657163518,4.068065615104006,20.01679775586285,0.07100113917073347,False,4.068065615104018,0.42036016571635315,False,24.084863370966918
1476,24.5975416015625,978,645,1073.0,863.0,0.06656816377582381,0.4109657038594954,3.8140748342903543,19.732525521481968,0.06656816377582375,False,3.814074834290351,0.41096570385949605,False,23.54660035577237
1477,24.61420660264757,974,645,1065.0,865.0,0.057999393207953054,0.39220631123986943,3.3231204451354426,19.148645887303452,0.057999393207953,False,3.3231204451354395,0.39220631123987104,False,22.471766332438992
1478,24.63087160373264,970,646,1056.0,867.0,0.04931620379481239,0.3711096294205465,2.8256103390498044,18.437405163411523,0.049316203794812274,False,2.8256103390497977,0.3711096294205447,False,21.26301550246122
1479,24.64753660481771,964,647,1046.0,870.0,0.03638650277956719,0.3523668169245701,2.0847930405102386,18.104338409726584,0.03638650277956712,False,2.0847930405102346,0.35236681692456884,False,20.18913145023674
1480,24.66420160590278,958,648,1034.0,873.0,0.02349994661961243,0.3257452069169275,1.3464477600865181,17.31737779286913,0.023499946619612633,False,1.3464477600865297,0.32574520691692754,False,18.66382555295566
1481,24.68086660698785,951,648,1020.0,876.0,0.008546800432611483,0.29386933503246765,0.48969559312922417,16.347777032547164,0.00854680043261169,False,0.489695593129236,0.29386933503246837,False,16.837472625676426
1482,24.697531608072918,944,649,1005.0,880.0,-0.00639650124661023,0.2581758664478214,-0.366492525080936,15.158880044674298,-0.006396501246610065,False,-0.3664925250809265,0.25817586644782153,False,14.79238751959337
1483,24.714196609157987,935,650,989.0,882.0,-0.025526369158899505,0.22868682567222423,-1.4625532190978507,14.565343160360303,-0.02552636915889961,False,-1.4625532190978567,0.22868682567222365,False,13.10278994126242
1484,24.730861610243057,927,650,971.0,884.0,-0.0425275346197842,0.18586394582193286,-2.436648246810131,13.085867906055062,-0.0425275346197842,False,-2.436648246810131,0.18586394582193222,False,10.649219659244906
1485,24.747526611328126,917,650,952.0,886.0,-0.06374331253268707,0.14723191804075808,-3.6522227803063356,12.087990293657818,-0.06374331253268695,False,-3.6522227803063285,0.14723191804075952,False,8.435767513351566
1486,24.764191612413196,908,650,933.0,887.0,-0.08278905722436035,0.10509657413192951,-4.743463568822905,10.765053707866258,-0.08278905722436036,False,-4.743463568822906,0.10509657413193096,False,6.021590139043428
1487,24.780856613498266,898,650,914.0,888.0,-0.10388004052259303,0.0671258882021007,-5.951887897592547,9.79791798763992,-0.10388004052259303,False,-5.951887897592547,0.0671258882020993,False,3.8460300900472957
1488,24.797521614583335,889,650,895.0,888.0,-0.1227834924355091,0.025204745326941735,-7.0349759104311405,8.479101441366987,-0.1227834924355089,False,-7.034975910431129,0.025204745326941946,False,1.4441255309358578
1489,24.814186615668405,880,649,875.0,887.0,-0.14189705460416394,-0.021005313472176913,-8.13010235415598,6.926586544850964,-0.14189705460416402,False,-8.130102354155985,-0.021005313472176823,False,-1.203515809305021
1490,24.830851616753474,871,648,856.0,886.0,-0.16098781377080748,-0.0629419593073733,-9.223922282105343,5.617613659508683,-0.16098781377080762,False,-9.22392228210535,-0.06294195930737345,False,-3.606308622596669
1491,24.847516617838544,862,647,838.0,884.0,-0.18004193016522457,-0.10092178466729385,-10.315642733856473,4.533250411492428,-0.18004193016522452,False,-10.31564273385647,-0.10092178466729251,False,-5.782392322363964
1492,24.864181618923613,854,645,820.0,882.0,-0.19739555984988075,-0.14248772198969495,-11.309932474020213,3.1459873715772746,-0.19739555984988089,False,-11.30993247402022,-0.14248772198969561,False,-8.163945102442971
1493,24.880846620008683,845,644,804.0,879.0,-0.21638584481804565,-0.17272951082565158,-12.39799565444679,2.5013236867776936,-0.21638584481804557,False,-12.397995654446786,-0.17272951082565058,False,-9.896671967669041
1494,24.897511621093752,838,642,789.0,876.0,-0.2316938034315679,-0.20641910492155582,-13.275077075962551,1.448133553089282,-0.23169380343156787,False,-13.27507707596255,-0.20641910492155446,False,-11.82694352287319
1495,24.91417662217882,832,641,775.0,873.0,-0.2444681986484864,-0.2409177717439294,-14.006996007724087,0.20342447710082484,-0.24446819864848646,False,-14.00699600772409,-0.2409177717439306,False,-13.80357153062334
1496,24.93084162326389,826,640,763.0,870.0,-0.2572167058757239,-0.26735539552188037,-14.737431666936825,-0.5809041265177596,-0.25721670587572376,False,-14.737431666936814,-0.26735539552188214,False,-15.318335793454676
1497,24.94750662434896,821,638,754.0,867.0,-0.2684677028369498,-0.2846323319793205,-15.382066308129582,-0.9261650272520046,-0.26846770283694976,False,-15.382066308129579,-0.2846323319793207,False,-16.30823133538161
1498,24.96417162543403,817,637,745.0,865.0,-0.27714325593573413,-0.30587887140485215,-15.879138885631567,-1.6464294880913066,-0.2771432559357341,False,-15.879138885631564,-0.30587887140485037,False,-17.52556837372277
1499,24.9808366265191,814,636,738.0,863.0,-0.28379410920832787,-0.3230715575912482,-16.26020470831196,-2.2504320223842766,-0.28379410920832804,False,-16.26020470831197,-0.3230715575912484,False,-18.510636730696245
1500,24.99750162760417,813,636,735.0,862.0,-0.2858139684375267,-0.3323321700177181,-16.3759341173556,-2.665296621083769,-0.2858139684375267,False,-16.3759341173556,-0.3323321700177182,False,-19.04123073843937
1501,25.01416662868924,811,635,732.0,860.0,-0.29044832366201845,-0.33766433024524956,-16.64146311248338,-2.7052779026810465,-0.29044832366201856,False,-16.641463112483386,-0.33766433024525,False,-19.346741015164458
1502,25.03083162977431,811,635,731.0,860.0,-0.29044832366201845,-0.34161549064780716,-16.64146311248338,-2.931662717926815,-0.29044832366201856,False,-16.641463112483386,-0.3416154906478077,False,-19.573125830410227
1503,25.047496630859374,811,636,734.0,862.0,-0.28984648991161976,-0.32837297413931005,-16.606980578617005,-2.2074049457239955,-0.28984648991161954,False,-16.606980578616994,-0.32837297413930955,False,-18.814385524340963
1504,25.064161631944444,813,636,737.0,862.0,-0.2858139684375267,-0.3244030680696465,-16.3759341173556,-2.210992544130306,-0.2858139684375267,False,-16.3759341173556,-0.32440306806964614,False,-18.586926661485883
1505,25.080826633029513,817,637,742.0,864.0,-0.27714325593573413,-0.31910505792279287,-15.879138885631567,-2.4042341546221335,-0.2771432559357341,False,-15.879138885631564,-0.3191050579227941,False,-18.283373040253775
1506,25.097491634114583,820,638,750.0,866.0,-0.27049634918633153,-0.29788240885294875,-15.498299182073776,-1.5691056363906235,-0.2704963491863315,False,-15.498299182073772,-0.29788240885294925,False,-17.06740481846442
1507,25.114156635199652,825,639,757.0,868.0,-0.2597886119188418,-0.28865006568130397,-14.88479102851167,-1.65363949120106,-0.2597886119188417,False,-14.884791028511666,-0.2886500656813027,False,-16.538430519712648
1508,25.130821636284722,831,641,767.0,871.0,-0.246509274176471,-0.27139528080163583,-14.123941021145042,-1.4258631485565498,-0.24650927417647095,False,-14.123941021145038,-0.27139528080163444,False,-15.549804169701511
1509,25.14748663736979,838,642,779.0,874.0,-0.2316938034315679,-0.2490313258433882,-13.275077075962551,-0.9933668614107852,-0.23169380343156787,False,-13.27507707596255,-0.2490313258433865,False,-14.268443937373233
1510,25.16415163845486,845,644,791.0,876.0,-0.21638584481804565,-0.22868682567222423,-12.39799565444679,-0.7047942868156597,-0.21638584481804557,False,-12.397995654446786,-0.22868682567222365,False,-13.10278994126242
1511,25.18081663953993,853,645,806.0,879.0,-0.19946252672851292,-0.1982172523518861,-11.428360952559165,0.07134896611649402,-0.19946252672851283,False,-11.42836095255916,-0.1982172523518848,False,-11.35701198644259
1512,25.197481640625,861,646,821.0,881.0,-0.18249600024803592,-0.16859693960942962,-10.456250592230882,0.7963575137885571,-0.1824960002480358,False,-10.456250592230877,-0.16859693960942934,False,-9.65989307844232
1513,25.21414664171007,871,648,836.0,883.0,-0.16098781377080748,-0.14784936525875556,-9.223922282105343,0.752777649090518,-0.16098781377080762,False,-9.22392228210535,-0.1478493652587538,False,-8.471144633014731
1514,25.23081164279514,880,649,853.0,885.0,-0.14189705460416394,-0.11391151001120803,-8.13010235415598,1.603453592551527,-0.14189705460416402,False,-8.130102354155985,-0.11391151001120647,False,-6.526648761604355
1515,25.24747664388021,889,649,870.0,887.0,-0.12304265934213496,-0.07966298504578714,-7.049825080370264,2.4854722538328753,-0.12304265934213499,False,-7.049825080370265,-0.07966298504578617,False,-4.5643528265373385
1516,25.264141644965278,898,650,888.0,888.0,-0.10388004052259303,-0.041992107221369514,-5.951887897592547,3.5459173809472433,-0.10388004052259303,False,-5.951887897592547,-0.04199210722136826,False,-2.405970516645228
1517,25.280806646050348,907,650,905.0,888.0,-0.08490179344972196,-0.008403163547646988,-4.864514437760526,4.38304863192217,-0.08490179344972182,False,-4.864514437760518,-0.008403163547647807,False,-0.48146580583839943
1518,25.297471647135417,916,650,923.0,888.0,-0.06586204893766492,0.029403288204005115,-3.7736174342122872,5.45830175210858,-0.06586204893766512,False,-3.7736174342122983,0.02940328820400495,False,1.684684317896282
1519,25.314136648220487,925,650,941.0,887.0,-0.04677436912252888,0.0674082643902822,-2.6799739401079403,6.5421829939731095,-0.04677436912252908,False,-2.679973940107952,0.06740826439028069,False,3.8622090538650813
1520,25.330801649305556,933,649,957.0,886.0,-0.029841884667109377,0.10092178466729385,-1.709814044141531,7.492206366505583,-0.029841884667109575,False,-1.7098140441415424,0.10092178466729251,False,5.782392322363964
1521,25.347466650390626,940,648,974.0,884.0,-0.01495614969498124,0.1430832936681563,-0.8569242552882985,9.054993101304579,-0.014956149694981047,False,-0.8569242552882875,0.14308329366815542,False,8.198068846016241
1522,25.364131651475695,947,648,989.0,882.0,0.0,0.1775961672834879,0.0,10.175510843043202,0.0,False,0.0,0.1775961672834896,False,10.175510843043304
1523,25.380796652560765,953,648,1003.0,880.0,0.012819810472900582,0.212270495716091,0.7345210342548154,11.427682485427015,0.012819810472900706,False,0.7345210342548224,0.21227049571609058,False,12.162203519681812
1524,25.397461653645834,958,647,1017.0,877.0,0.023550249120518892,0.25110728915311337,1.3493298810874113,13.038057992357187,0.023550249120519062,False,1.349329881087421,0.251107289153115,False,14.387387873444684
1525,25.414126654730904,963,646,1028.0,875.0,0.03432128134056989,0.27656855859928864,1.9664645682957587,13.879746585460083,0.034321281340569776,False,1.9664645682957524,0.276568558599287,False,15.846211153755734
1526,25.430791655815973,966,646,1037.0,872.0,0.04074996128692089,0.30439582164468676,2.33480079706206,15.105795084595442,0.0407499612869211,False,2.334800797062072,0.30439582164468604,False,17.44059588165746
1527,25.447456656901043,969,645,1046.0,870.0,0.0472765742174105,0.32972910849878123,2.7087481724946247,16.18333812709675,0.047276574217410605,False,2.7087481724946305,0.3297291084987819,False,18.892086299591405
1528,25.464121657986112,970,645,1051.0,868.0,0.04942208771801453,0.34841090277124015,2.8316770409675747,17.130797224167353,0.049422087718014485,False,2.831677040967572,0.34841090277123854,False,19.962474265134848
1529,25.480786659071182,972,645,1055.0,867.0,0.053711729303232585,0.35778301627072384,3.077455399424377,17.42200141434855,0.05371172930323276,False,3.077455399424387,0.35778301627072295,False,20.499456813772888
1530,25.49745166015625,972,645,1057.0,866.0,0.053711729303232585,0.3671738338182192,3.077455399424377,17.96005562599745,0.05371172930323276,False,3.077455399424387,0.3671738338182209,False,21.037511025421914
1531,25.51411666124132,971,645,1057.0,866.0,0.051567145942836304,0.3711096294205465,2.9545798240596866,18.30843567840163,0.0515671459428364,False,2.954579824059692,0.3711096294205447,False,21.26301550246122
1532,25.53078166232639,970,645,1054.0,867.0,0.04942208771801453,0.36172924151993224,2.8316770409675747,17.893881824592956,0.049422087718014485,False,2.831677040967572,0.3617292415199316,False,20.725558865560505
1533,25.54744666341146,968,645,1050.0,868.0,0.04513062505474905,0.3523668169245701,2.5857943424244905,17.60333710781232,0.045130625054749185,False,2.585794342424498,0.35236681692456884,False,20.18913145023674
1534,25.56411166449653,964,646,1043.0,870.0,0.03646451628033361,0.33905907872732344,2.0892628848491954,17.337391331820353,0.03646451628033365,False,2.0892628848491976,0.339059078727324,False,19.426654216669576
1535,25.5807766655816,960,646,1035.0,872.0,0.027889762210821678,0.3204225339290187,1.5979656663035342,16.760893188716654,0.027889762210821623,False,1.597965666303531,0.320422533929019,False,18.358858855020213
1536,25.59744166666667,955,647,1026.0,874.0,0.01712894557307329,0.303135683518947,0.9814162888463948,16.386978996602696,0.017128945573073207,False,0.98141628884639,0.3031356835189456,False,17.36839528544901
1537,25.614106667751738,950,647,1015.0,876.0,0.006423894504209573,0.27656855859928864,0.36806204312849294,15.478149110627339,0.00642389450420966,False,0.36806204312849794,0.276568558599287,False,15.846211153755734
1538,25.630771668836807,944,648,1003.0,878.0,-0.006410168610311595,0.25110728915311337,-0.36727560733809445,14.754663480782686,-0.0064101686103117395,False,-0.36727560733810277,0.251107289153115,False,14.387387873444684
1539,25.647436669921877,937,649,989.0,881.0,-0.021318731328523844,0.2204937613666717,-1.2214733296977427,13.854835264972762,-0.02131873132852391,False,-1.2214733296977465,0.2204937613666722,False,12.63336193527504
1540,25.664101671006947,929,649,976.0,882.0,-0.038360703352520696,0.19904572336856055,-2.1979064012527836,13.6023862803998,-0.03836070335252062,False,-2.197906401252779,0.19904572336855963,False,11.40447987914697
1541,25.680766672092016,922,649,960.0,884.0,-0.053254502870826816,0.1603144609293133,-3.051258254565703,12.236600260730288,-0.05325450287082667,False,-3.0512582545656945,0.1603144609293139,False,9.18534200616462
1542,25.697431673177086,913,650,945.0,886.0,-0.07221463115270767,0.1347712844777311,-4.1375935841441045,11.859419384275068,-0.07221463115270765,False,-4.137593584144104,0.13477128447773268,False,7.721825800131065
1543,25.714096674262155,905,649,928.0,886.0,-0.08931399299322221,0.09674346233893974,-5.117314849972639,10.660306937476724,-0.08931399299322207,False,-5.117314849972631,0.09674346233893871,False,5.542992087504016
1544,25.730761675347225,896,649,911.0,887.0,-0.10831640147932546,0.0629419593073733,-6.206072656809935,9.812381279406589,-0.10831640147932564,False,-6.206072656809946,0.06294195930737345,False,3.606308622596669
1545,25.747426676432294,888,649,896.0,887.0,-0.12514218934611182,0.033600794415993215,-7.170119288559222,9.095302996882365,-0.125142189346112,False,-7.170119288559232,0.0336007944159924,False,1.925183708323108
1546,25.764091677517364,880,648,878.0,886.0,-0.14219618711094623,-0.008403163547646988,-8.147241384309773,7.665775578471416,-0.14219618711094606,False,-8.147241384309764,-0.008403163547647807,False,-0.48146580583839943
1547,25.780756678602433,871,647,861.0,885.0,-0.161326597346456,-0.041992107221369514,-9.243333151158355,6.83736263451306,-0.16132659734645616,False,-9.243333151158364,-0.04199210722136826,False,-2.405970516645228
1548,25.797421679687503,864,646,846.0,884.0,-0.17626319020041142,-0.07548654493392346,-10.099136881995266,5.774076447256808,-0.17626319020041148,False,-10.09913688199527,-0.07548654493392348,False,-4.325060434738461
1549,25.814086680772572,857,645,831.0,882.0,-0.19118445959701444,-0.1092676898773683,-10.954062643398334,4.693485176280795,-0.19118445959701447,False,-10.954062643398336,-0.10926768987736679,False,-6.260577467117465
1550,25.830751681857638,850,644,816.0,880.0,-0.20608379799591564,-0.1430832936681563,-11.80773185119258,3.609663005176284,-0.20608379799591559,False,-11.807731851192576,-0.14308329366815542,False,-8.198068846016241
1551,25.847416682942708,844,643,803.0,878.0,-0.2188976218361119,-0.17272951082565158,-12.541909876659942,2.6452379089908327,-0.21889762183611206,False,-12.54190987665995,-0.17272951082565058,False,-9.896671967669041
1552,25.864081684027777,838,642,791.0,875.0,-0.2316938034315679,-0.19904572336856055,-13.275077075962551,1.8705971968155277,-0.23169380343156787,False,-13.27507707596255,-0.19904572336855963,False,-11.40447987914697
1553,25.880746685112847,833,640,780.0,873.0,-0.2429315830794659,-0.22366209548092808,-13.91895442088512,1.1040603127759057,-0.24293158307946605,False,-13.918954420885127,-0.22366209548092897,False,-12.814894108109272
1554,25.897411686197916,830,640,771.0,871.0,-0.24906652998338052,-0.2500650892513549,-14.270460986016278,-0.057213231648595125,-0.24906652998338075,False,-14.27046098601629,-0.25006508925135407,False,-14.327674217664836
1555,25.914076687282986,826,639,763.0,869.0,-0.2577526233728382,-0.26735539552188037,-14.768137477688688,-0.5501983157658866,-0.2577526233728382,False,-14.768137477688688,-0.26735539552188214,False,-15.318335793454676
1556,25.930741688368055,824,638,758.0,868.0,-0.2623682144161948,-0.2794477641263722,-15.032591364431404,-0.9785861143770432,-0.26236821441619496,False,-15.032591364431413,-0.27944776412637395,False,-16.01117747880856
1557,25.947406689453125,822,638,754.0,867.0,-0.2664367895885059,-0.28865006568130397,-15.265703550436543,-1.2727269692761896,-0.2664367895885058,False,-15.265703550436536,-0.2886500656813027,False,-16.538430519712648
1558,25.964071690538194,822,637,752.0,866.0,-0.2669925155094863,-0.29665674760929417,-15.297544300274739,-1.6996353018154828,-0.26699251550948633,False,-15.29754430027474,-0.29665674760929406,False,-16.997179602090224
1559,25.980736691623264,822,638,752.0,866.0,-0.2664367895885059,-0.29788240885294875,-15.265703550436543,-1.8017012680278603,-0.2664367895885058,False,-15.265703550436536,-0.29788240885294925,False,-17.06740481846442
1560,25.997401692708333,822,638,754.0,866.0,-0.2664367895885059,-0.28984648991161976,-15.265703550436543,-1.3412770281804567,-0.2664367895885058,False,-15.265703550436536,-0.2898464899116213,False,-16.606980578617094
1561,26.014066693793403,824,639,756.0,867.0,-0.2618223992754343,-0.28984648991161976,-15.00131846047149,-1.605662118145519,-0.2618223992754345,False,-15.0013184604715,-0.2898464899116213,False,-16.606980578617094
1562,26.030731694878472,827,639,761.0,868.0,-0.255714446968591,-0.28060513042474605,-14.651358571822174,-1.4261311112337747,-0.25571444696859125,False,-14.651358571822186,-0.2806051304247461,False,-16.077489683055962
1563,26.047396695963542,831,640,769.0,871.0,-0.24702365005121815,-0.26221833432139385,-14.153412587851403,-0.8705912797148919,-0.24702365005121818,False,-14.153412587851404,-0.26221833432139263,False,-15.024003867566218
1564,26.06406169704861,835,641,776.0,872.0,-0.2383325442146874,-0.2500650892513549,-13.655448904116673,-0.6722253135482181,-0.2383325442146873,False,-13.655448904116668,-0.25006508925135407,False,-14.327674217664836
1565,26.08072669813368,840,642,784.0,874.0,-0.2275891118375335,-0.23684876094692026,-13.039895571421553,-0.5305388137399359,-0.2275891118375335,False,-13.039895571421553,-0.23684876094691987,False,-13.570434385161464
1566,26.09739169921875,846,643,796.0,876.0,-0.21477791492729748,-0.21138641644999373,-12.305868057953989,0.19431854897454026,-0.21477791492729725,False,-12.305868057953976,-0.21138641644999367,False,-12.111549508979436
1567,26.11405670030382,852,644,806.0,878.0,-0.20195039377507765,-0.19410609803032688,-11.570905234317001,0.4494450394266559,-0.2019503937750775,False,-11.570905234316994,-0.1941060980303284,False,-11.121460194890439
1568,26.13072170138889,859,645,818.0,880.0,-0.18703538349272572,-0.17272951082565158,-10.71633809374401,0.8196661260749,-0.18703538349272586,False,-10.716338093744017,-0.17272951082565058,False,-9.896671967669041
1569,26.14738670247396,867,646,833.0,882.0,-0.1700165110096919,-0.1430832936681563,-9.74122852839484,1.543159682378545,-0.17001651100969184,False,-9.741228528394837,-0.14308329366815542,False,-8.198068846016241
1570,26.16405170355903,874,647,846.0,883.0,-0.15506206297682346,-0.11809202841909398,-8.884401771163763,2.1182269486106913,-0.15506206297682334,False,-8.884401771163756,-0.11809202841909539,False,-6.766174822553141
1571,26.180716704644098,883,648,859.0,885.0,-0.13590910222025068,-0.10092178466729385,-7.78701795463245,2.004625632268415,-0.13590910222025077,False,-7.787017954632455,-0.10092178466729251,False,-5.782392322363964
1572,26.197381705729168,891,648,875.0,886.0,-0.11909188524916606,-0.0671258882021007,-6.823462399033519,2.977432308986146,-0.11909188524916603,False,-6.8234623990335175,-0.0671258882020993,False,-3.8460300900472957
1573,26.214046706814237,899,649,890.0,887.0,-0.1019903030265008,-0.03779711649456458,-5.843613914678843,3.6779986617759746,-0.10199030302650058,False,-5.84361391467883,-0.037797116494566296,False,-2.1656152529029575
1574,26.230711707899307,907,649,905.0,887.0,-0.08508194928257,-0.008403163547646988,-4.874836606637383,4.393370800799039,-0.08508194928257007,False,-4.874836606637388,-0.008403163547647807,False,-0.48146580583839943
1575,26.247376708984376,915,649,921.0,887.0,-0.06812469287112047,0.025204745326941735,-3.9032573821401693,5.347382913076006,-0.06812469287112055,False,-3.903257382140174,0.025204745326941946,False,1.4441255309358578
1576,26.264041710069446,922,649,935.0,886.0,-0.053254502870826816,0.054797406973115484,-3.051258254565703,6.190918402385955,-0.05325450287082667,False,-3.0512582545656945,0.054797406973115415,False,3.1396601478202606
1577,26.280706711154515,929,649,950.0,885.0,-0.038360703352520696,0.08874930488659766,-2.1979064012527836,7.282867005974602,-0.03836070335252062,False,-2.197906401252779,0.08874930488659771,False,5.0849606047218225
1578,26.297371712239585,935,648,964.0,885.0,-0.02563540852167748,0.12175759779046096,-1.4688007143858246,8.444997191430637,-0.02563540852167767,False,-1.4688007143858355,0.12175759779045947,False,6.976196477044725
1579,26.314036713324654,941,648,977.0,883.0,-0.012819810472900582,0.1520097378205026,-0.7345210342548154,9.444037456259787,-0.012819810472900706,False,-0.7345210342548224,0.15200973782050298,False,8.70951642200499
1580,26.330701714409724,946,647,989.0,881.0,-0.0021413243502702538,0.1817331968267754,-0.12268884783907873,10.535234023433604,-0.0021413243502701462,False,-0.12268884783907257,0.18173319682677658,False,10.412545175594582
1581,26.347366715494793,951,647,1000.0,880.0,0.008565101038359491,0.20727991668300638,0.4907441406011179,11.385520263158483,0.00856510103835939,False,0.4907441406011121,0.2072799166830066,False,11.87626440375962
1582,26.364031716579863,954,646,1010.0,877.0,0.015020329545170697,0.23783592745745075,0.8606014898339364,12.766393370057594,0.015020329545170519,False,0.8606014898339261,0.23783592745744997,False,13.626994859891495
1583,26.380696717664932,957,646,1018.0,875.0,0.02145593439735292,0.260330578761374,1.229334486477892,13.686508954746916,0.021455934397352827,False,1.2293344864778863,0.2603305787613728,False,14.915843441224727
1584,26.397361718750002,959,646,1025.0,874.0,0.02574538322705178,0.28177186727335213,1.4751018008569667,14.669236979426508,0.025745383227052,False,1.4751018008569792,0.2817718672733527,False,16.144338780283512
1585,26.41402671983507,961,646,1030.0,872.0,0.030033884664750078,0.29632096365471494,1.7208148336728648,15.257125764991768,0.030033884664749877,False,1.7208148336728533,0.29632096365471483,False,16.97794059866462
1586,26.43069172092014,961,646,1033.0,872.0,0.030033884664750078,0.3084180111024965,1.7208148336728648,15.950235528319153,0.030033884664749877,False,1.7208148336728533,0.30841801110249634,False,17.671050361992005
1587,26.44735672200521,961,646,1035.0,872.0,0.030033884664750078,0.3164314556251264,1.7208148336728648,16.40937207882807,0.030033884664749877,False,1.7208148336728533,0.31643145562512487,False,18.130186912500847
1588,26.46402172309028,960,645,1034.0,871.0,0.027949708996449333,0.3164314556251264,1.6014003641153745,16.52878654838556,0.02794970899644955,False,1.6014003641153869,0.31643145562512487,False,18.130186912500847
1589,26.48068672417535,959,646,1032.0,871.0,0.02574538322705178,0.31372933605498354,1.4751018008569667,16.50026506453508,0.025745383227052,False,1.4751018008569792,0.3137293360549833,False,17.975366865392033
1590,26.49735172526042,957,646,1028.0,873.0,0.02145593439735292,0.303135683518947,1.229334486477892,16.1390607989712,0.021455934397352827,False,1.2293344864778863,0.3031356835189456,False,17.36839528544901
1591,26.51401672634549,954,646,1022.0,874.0,0.015020329545170697,0.28984648991161976,0.8606014898339364,15.746379088783067,0.015020329545170519,False,0.8606014898339261,0.2898464899116213,False,16.606980578617094
1592,26.530681727430558,950,647,1014.0,875.0,0.006423894504209573,0.2736593210820904,0.36806204312849294,15.311462079290765,0.00642389450420966,False,0.36806204312849794,0.27365932108208924,False,15.679524122419187
1593,26.547346728515627,946,647,1006.0,877.0,-0.0021413243502702538,0.2551823906208184,-0.12268884783907873,14.743562836470728,-0.0021413243502701462,False,-0.12268884783907257,0.25518239062081705,False,14.62087398863158
1594,26.564011729600697,941,647,997.0,879.0,-0.012847258869907304,0.23684876094692026,-0.7360937115577001,14.306528096719179,-0.012847258869907119,False,-0.7360937115576894,0.23684876094691987,False,13.570434385161464
1595,26.580676730685767,935,648,986.0,880.0,-0.02563540852167748,0.21638584481804565,-1.4688007143858246,13.866796368832622,-0.02563540852167767,False,-1.4688007143858355,0.21638584481804557,False,12.397995654446786
1596,26.597341731770836,929,648,976.0,882.0,-0.03844259002118798,0.1982172523518861,-2.2025981617658053,13.55961014820846,-0.03844259002118777,False,-2.2025981617657933,0.1982172523518848,False,11.35701198644259
1597,26.614006732855906,923,648,963.0,883.0,-0.05123716740341881,0.16859693960942962,-2.935673446421173,12.595566524863509,-0.05123716740341866,False,-2.9356734464211645,0.16859693960942934,False,9.65989307844232
1598,26.63067173394097,916,649,949.0,884.0,-0.06600207269561985,0.13951326889294935,-3.781640204574666,11.775161698214452,-0.06600207269561986,False,-3.781640204574667,0.1395132688929479,False,7.99352149363971
1599,26.64733673502604,908,648,937.0,885.0,-0.08314123188844123,0.12175759779046096,-4.763641690726178,11.73983816777098,-0.08314123188844125,False,-4.763641690726179,0.12175759779045947,False,6.976196477044725
1600,26.66400173611111,901,648,923.0,885.0,-0.09797589067169137,0.09256174873423176,-5.613605029523088,10.917002576344967,-0.09797589067169143,False,-5.613605029523091,0.09256174873423006,False,5.303397546821772
1601,26.68066673719618,893,648,909.0,886.0,-0.11487660541689913,0.0671258882021007,-6.581944655178011,10.427974745225377,-0.11487660541689904,False,-6.581944655178005,0.0671258882020993,False,3.8460300900472957
1602,26.69733173828125,886,648,895.0,886.0,-0.12961118792806717,0.03779711649456458,-7.4261740459552135,9.591789298858062,-0.12961118792806703,False,-7.4261740459552055,0.037797116494566296,False,2.1656152529029575
1603,26.71399673936632,879,647,881.0,885.0,-0.14459408132820648,0.008403163547646988,-8.284630602677613,8.766096408515962,-0.1445940813282065,False,-8.284630602677613,0.008403163547647807,False,0.48146580583839943
1604,26.73066174045139,872,646,867.0,884.0,-0.15957576401846388,-0.021005313472176913,-9.143017790833563,7.939501981528539,-0.15957576401846385,False,-9.14301779083356,-0.021005313472176823,False,-1.203515809305021
1605,26.747326741536458,865,646,855.0,884.0,-0.17418248308264742,-0.041992107221369514,-9.979921145744559,7.573950629099246,-0.17418248308264728,False,-9.97992114574455,-0.04199210722136826,False,-2.405970516645228
1606,26.763991742621528,859,644,842.0,882.0,-0.1874291124436737,-0.07130746478529032,-10.738897100905442,6.653280320930573,-0.18742911244367377,False,-10.738897100905447,-0.07130746478529204,False,-4.085616779974975
1607,26.780656743706597,853,643,829.0,881.0,-0.20030132170069068,-0.10050059905462982,-11.476420364341745,5.718160199974986,-0.2003013217006906,False,-11.47642036434174,-0.10050059905463016,False,-5.75826016436678
1608,26.797321744791667,848,643,818.0,880.0,-0.21065079010367949,-0.12591262568579822,-12.069401224037003,4.855139184830244,-0.2106507901036796,False,-12.06940122403701,-0.12591262568579964,False,-7.214262039206842
1609,26.813986745876736,844,641,807.0,878.0,-0.21981705099520277,-0.15486802523009655,-12.594589287037111,3.7213050598270403,-0.21981705099520266,False,-12.594589287037104,-0.15486802523009757,False,-8.87328422721014
1610,26.830651746961806,840,641,797.0,876.0,-0.22806587303314785,-0.18097667416105903,-13.067211975765867,2.698012356022881,-0.22806587303314796,False,-13.067211975765874,-0.18097667416105878,False,-10.369199619742966
1611,26.847316748046875,837,640,790.0,874.0,-0.2347226124851971,-0.1982172523518861,-13.448615051686517,2.091603065243863,-0.23472261248519732,False,-13.448615051686529,-0.1982172523518848,False,-11.35701198644259
1612,26.863981749131945,835,640,782.0,873.0,-0.23883119958465762,-0.22366209548092808,-13.684019752247501,0.8691256441382721,-0.23883119958465748,False,-13.684019752247494,-0.22366209548092897,False,-12.814894108109272
1613,26.880646750217014,833,640,777.0,871.0,-0.2429315830794659,-0.23783592745745075,-13.91895442088512,0.2919595609935809,-0.24293158307946605,False,-13.918954420885127,-0.23783592745744997,False,-13.626994859891495
1614,26.897311751302084,832,639,774.0,871.0,-0.24549122074471563,-0.24497866312686414,-14.065610856186648,0.029367388260171212,-0.24549122074471574,False,-14.065610856186655,-0.24497866312686511,False,-14.036243467926534
1615,26.913976752387153,833,639,771.0,870.0,-0.24344020280217726,-0.26221833432139385,-13.948096184373593,-1.0759076831926953,-0.24344020280217737,False,-13.9480961843736,-0.26221833432139263,False,-15.024003867566218
1616,26.930641753472223,832,640,771.0,870.0,-0.24497866312686414,-0.25924884628266204,-14.036243467926479,-0.8176212677058958,-0.24497866312686423,False,-14.036243467926484,-0.259248846282663,False,-14.85386473563243
1617,26.947306754557292,834,640,773.0,870.0,-0.24088242387674608,-0.25924884628266204,-13.80154624701888,-1.0523184886134926,-0.2408824238767462,False,-13.801546247018887,-0.259248846282663,False,-14.85386473563243
1618,26.963971755642362,836,640,776.0,871.0,-0.2367779243670288,-0.2541247495556341,-13.566375748098563,-0.9938998712583125,-0.2367779243670287,False,-13.56637574809856,-0.2541247495556327,False,-14.560275619356796
1619,26.98063675672743,838,641,780.0,872.0,-0.23217854299060015,-0.24599699271376327,-13.302850606858131,-0.7917388485509758,-0.23217854299060026,False,-13.302850606858138,-0.24599699271376352,False,-14.094589455409114
1620,26.9973017578125,841,642,787.0,874.0,-0.22553382659079477,-0.22868682567222423,-12.92213640108792,-0.18065354017454321,-0.2255338265907949,False,-12.922136401087927,-0.22868682567222365,False,-13.10278994126242
1621,27.01396675889757,845,642,794.0,875.0,-0.2172934309230211,-0.21548569150556338,-12.449996507806603,0.10357583907977119,-0.217293430923021,False,-12.449996507806596,-0.21548569150556318,False,-12.346420668726825
1622,27.03063175998264,849,643,801.0,876.0,-0.2085844837050166,-0.20316631194892554,-11.951010588212743,0.31043837430099014,-0.2085844837050166,False,-11.951010588212743,-0.20316631194892665,False,-11.640572213911804
1623,27.04729676106771,854,644,811.0,878.0,-0.19780998170763106,-0.1817331968267754,-11.333677097407277,0.9211319218127718,-0.1978099817076311,False,-11.333677097407278,-0.18173319682677658,False,-10.412545175594582
1624,27.06396176215278,859,644,820.0,879.0,-0.1874291124436737,-0.1644585463992785,-10.738897100905442,1.3161164873703681,-0.18742911244367377,False,-10.738897100905447,-0.1644585463992776,False,-9.422780613535028
1625,27.08062676323785,865,645,831.0,881.0,-0.17454951467564456,-0.1430832936681563,-10.000950506971257,1.802881660954969,-0.1745495146756446,False,-10.000950506971261,-0.14308329366815542,False,-8.198068846016241
1626,27.097291764322918,872,646,843.0,883.0,-0.15957576401846388,-0.12175759779046096,-9.143017790833563,2.1668213137887586,-0.15957576401846385,False,-9.14301779083356,-0.12175759779045947,False,-6.976196477044725
1627,27.113956765407988,879,647,855.0,884.0,-0.14459408132820648,-0.10092178466729385,-8.284630602677613,2.502238280313573,-0.1445940813282065,False,-8.284630602677613,-0.10092178466729251,False,-5.782392322363964
1628,27.130621766493057,885,647,867.0,885.0,-0.13199044384384198,-0.07548654493392346,-7.562495368310644,3.237434933572194,-0.13199044384384218,False,-7.562495368310655,-0.07548654493392348,False,-4.325060434738461
1629,27.147286767578127,892,648,880.0,885.0,-0.11698476737930211,-0.05058970876938464,-6.702733438153719,3.8041566388720023,-0.1169847673793023,False,-6.70273343815373,-0.05058970876938318,False,-2.898576799281626
1630,27.163951768663196,899,648,893.0,886.0,-0.10220671810725354,-0.025204745326941735,-5.856013585428958,4.4118880544931205,-0.10220671810725346,False,-5.856013585428952,-0.025204745326941946,False,-1.4441255309358578
1631,27.180616769748266,906,648,905.0,886.0,-0.0873837378118945,-0.004201655946871886,-5.006719374699302,4.7659822219775005,-0.08738373781189468,False,-5.006719374699312,-0.004201655946872052,False,-0.2407371527218122
1632,27.197281770833335,912,648,918.0,886.0,-0.07464736431423029,0.025204745326941735,-4.276978926980869,5.721104457916711,-0.07464736431423047,False,-4.2769789269808784,0.025204745326941946,False,1.4441255309358578
1633,27.213946771918405,919,648,931.0,885.0,-0.059757826388397564,0.05058970876938464,-3.4238712449306794,6.322448044212381,-0.05975782638839755,False,-3.4238712449306785,0.05058970876938318,False,2.898576799281626
1634,27.230611773003474,924,648,942.0,885.0,-0.04910579015213532,0.07580383736113926,-2.813554525372435,7.156794477061811,-0.04910579015213523,False,-2.8135545253724294,0.07580383736113916,False,4.343239951689381
1635,27.247276774088544,930,648,954.0,884.0,-0.03630882222956237,0.10134650326566776,-2.0803422728447076,7.887069178376276,-0.03630882222956222,False,-2.080342272844699,0.10134650326566685,False,5.806726905531526
1636,27.263941775173613,934,647,965.0,883.0,-0.027830071957392656,0.13060816994581406,-1.594545666703985,9.07784257452653,-0.027830071957392732,False,-1.5945456667039895,0.1306081699458126,False,7.483296907822464
1637,27.280606776258683,939,647,975.0,882.0,-0.01712894557307329,0.1520097378205026,-0.9814162888463948,9.690932710851355,-0.017128945573073207,False,-0.98141628884639,0.15200973782050298,False,8.70951642200499
1638,27.297271777343752,942,647,984.0,881.0,-0.01070622903563143,0.1775961672834879,-0.6134217382420983,10.788932581285314,-0.010706229035631232,False,-0.613421738242087,0.1775961672834896,False,10.175510843043304
1639,27.313936778428822,945,646,992.0,880.0,-0.004291819142011206,0.1982172523518861,-0.2459031232707002,11.60291510971335,-0.004291819142011377,False,-0.24590312327071,0.1982172523518848,False,11.35701198644259
1640,27.33060177951389,948,646,998.0,878.0,0.0021459194528099346,0.212270495716091,0.12295212782103228,12.039251391860804,0.0021459194528099523,False,0.12295212782103329,0.21227049571609058,False,12.162203519681812
1641,27.34726678059896,950,646,1005.0,877.0,0.006437679305087251,0.23374318086890142,0.36885185404021215,13.023645899710896,0.006437679305087318,False,0.36885185404021603,0.23374318086890256,False,13.392497753751163
1642,27.36393178168403,950,646,1008.0,876.0,0.006437679305087251,0.24702365005121815,0.36885185404021215,13.784560733811187,0.006437679305087318,False,0.36885185404021603,0.24702365005121862,False,14.15341258785143
1643,27.3805967827691,951,646,1010.0,876.0,0.00858348018170555,0.25110728915311337,0.49179718794591293,13.895590685498684,0.008583480181705738,False,0.49179718794592375,0.251107289153115,False,14.387387873444684
1644,27.39726178385417,951,646,1012.0,876.0,0.00858348018170555,0.25924884628266204,0.49179718794591293,14.362067547686456,0.008583480181705738,False,0.49179718794592375,0.259248846282663,False,14.85386473563243
1645,27.41392678493924,950,646,1011.0,875.0,0.006437679305087251,0.260330578761374,0.36885185404021215,14.546991587184587,0.006437679305087318,False,0.36885185404021603,0.2603305787613728,False,14.915843441224727
1646,27.430591786024305,948,646,1008.0,876.0,0.0021459194528099346,0.2551823906208184,0.12295212782103228,14.497921860810623,0.0021459194528099523,False,0.12295212782103329,0.25518239062081705,False,14.62087398863158
1647,27.447256787109374,946,646,1005.0,877.0,-0.0021459194528099346,0.2500650892513549,-0.12295212782103228,14.450626345485919,-0.0021459194528099523,False,-0.12295212782103329,0.25006508925135407,False,14.327674217664836
1648,27.463921788194444,944,646,999.0,877.0,-0.006437679305087251,0.23374318086890142,-0.36885185404021215,13.761349607791303,-0.006437679305087318,False,-0.36885185404021603,0.23374318086890256,False,13.392497753751163
1649,27.480586789279513,940,646,993.0,878.0,-0.015020329545170697,0.22459412721667524,-0.8606014898339364,13.728897082773733,-0.015020329545170519,False,-0.8606014898339261,0.22459412721667604,False,12.868295592939832
1650,27.497251790364583,937,647,987.0,879.0,-0.021410004266300624,0.212270495716091,-1.2267028838161125,13.388906403497947,-0.021410004266300575,False,-1.2267028838161096,0.21227049571609058,False,12.162203519681812
1651,27.513916791449653,932,647,978.0,881.0,-0.03210887525975691,0.19410609803032688,-1.8397030372960959,12.961163232186447,-0.0321088752597567,False,-1.8397030372960836,0.1941060980303284,False,11.121460194890439
1652,27.530581792534722,927,647,970.0,881.0,-0.042800398317591776,0.1817331968267754,-2.452282185076838,12.864827360671356,-0.04280039831759197,False,-2.4522821850768493,0.18173319682677658,False,10.412545175594582
1653,27.54724679361979,922,648,961.0,882.0,-0.05336807883221328,0.16514867741462683,-3.057765677807288,12.520087885832897,-0.05336807883221306,False,-3.0577656778072755,0.1651486774146278,False,9.462322208025673
1654,27.56391179470486,916,647,951.0,883.0,-0.06628391136733408,0.14723191804075808,-3.7977883709674645,12.233555884318944,-0.06628391136733391,False,-3.797788370967455,0.14723191804075952,False,8.435767513351566
1655,27.58057679578993,910,648,939.0,884.0,-0.07889572405098637,0.12226840393911868,-4.520392009750301,11.525855523262534,-0.07889572405098644,False,-4.520392009750305,0.12226840393912042,False,7.005463513512329
1656,27.597241796875,903,648,929.0,885.0,-0.09374154154424845,0.1092676898773683,-5.370994695535706,11.631572162653258,-0.09374154154424863,False,-5.370994695535716,0.10926768987736679,False,6.260577467117465
1657,27.61390679796007,897,648,917.0,884.0,-0.10643387697397651,0.08454375551299814,-6.098211947823487,10.94221232290416,-0.10643387697397655,False,-6.09821194782349,0.08454375551299975,False,4.844000375080772
1658,27.63057179904514,890,647,906.0,885.0,-0.12145492358398609,0.0671258882021007,-6.958854522446329,10.804884612493703,-0.12145492358398613,False,-6.958854522446331,0.0671258882020993,False,3.8460300900472957
1659,27.64723680013021,884,647,895.0,885.0,-0.13409409172385162,0.04618561965887765,-7.6830255134168395,10.329266594066972,-0.13409409172385178,False,-7.683025513416849,0.04618561965887835,False,2.6462410806501744
1660,27.663901801215278,878,646,884.0,884.0,-0.14700058279562106,0.025204745326941735,-8.422512980152506,9.866638511088356,-0.1470005827956209,False,-8.422512980152497,0.025204745326941946,False,1.4441255309358578
1661,27.680566802300348,872,646,873.0,884.0,-0.15957576401846388,0.004201655946871886,-9.143017790833563,9.383754943555372,-0.15957576401846385,False,-9.14301779083356,0.004201655946872052,False,0.2407371527218122
1662,27.697231803385417,866,645,863.0,883.0,-0.17246307152683013,-0.012604374487651676,-9.881406120350205,9.159228658805405,-0.17246307152683027,False,-9.881406120350213,-0.012604374487651171,False,-0.7221774615447815
1663,27.713896804470487,861,644,852.0,883.0,-0.18326516206755578,-0.03763911919938858,-10.500320318251974,8.343757643537186,-0.18326516206755583,False,-10.500320318251976,-0.037639119199390336,False,-2.1565626747148925
1664,27.730561805555556,856,644,843.0,882.0,-0.19366268627172825,-0.05456762350389413,-11.096054572536177,7.969560047704176,-0.1936626862717281,False,-11.096054572536168,-0.05456762350389255,False,-3.1264945248319163
1665,27.747226806640626,852,643,834.0,881.0,-0.20237477181238242,-0.07548654493392346,-11.59522030477261,7.270159870034141,-0.20237477181238228,False,-11.595220304772603,-0.07548654493392348,False,-4.325060434738461
1666,27.763891807725695,848,642,826.0,880.0,-0.21109333322274654,-0.09217503755646181,-12.094757077012101,6.813516448566978,-0.2110933332227467,False,-12.09475707701211,-0.09217503755646206,False,-5.281240628445133
1667,27.780556808810765,846,642,818.0,878.0,-0.21522859247490625,-0.11809202841909398,-12.331689979353278,5.5655151568002115,-0.21522859247490622,False,-12.331689979353277,-0.11809202841909539,False,-6.766174822553141
1668,27.797221809895834,843,641,811.0,878.0,-0.22188215492098712,-0.13420944732917872,-12.712911026240452,5.023276123495183,-0.22188215492098706,False,-12.712911026240448,-0.13420944732918016,False,-7.689634902745342
1669,27.813886810980904,842,641,804.0,877.0,-0.2239453364583242,-0.15964666966066154,-12.83112262069918,3.6840422358240366,-0.22394533645832437,False,-12.831122620699189,-0.15964666966065977,False,-9.147080384875052
1670,27.830551812065973,842,641,799.0,876.0,-0.2239453364583242,-0.18097667416105903,-12.83112262069918,2.4619230009561974,-0.22394533645832437,False,-12.831122620699189,-0.18097667416105878,False,-10.369199619742966
1671,27.847216813151043,842,641,796.0,875.0,-0.2239453364583242,-0.19410609803032688,-12.83112262069918,1.7096624258088262,-0.22394533645832437,False,-12.831122620699189,-0.1941060980303284,False,-11.121460194890439
1672,27.863881814236112,842,641,794.0,875.0,-0.2239453364583242,-0.20232162837830375,-12.83112262069918,1.2389472104081023,-0.22394533645832437,False,-12.831122620699189,-0.2023216283783036,False,-11.592175410291063
1673,27.880546815321182,843,641,793.0,874.0,-0.22188215492098712,-0.21138641644999373,-12.712911026240452,0.601361517261013,-0.22188215492098706,False,-12.712911026240448,-0.21138641644999367,False,-12.111549508979436
1674,27.89721181640625,845,642,794.0,874.0,-0.2172934309230211,-0.21638584481804565,-12.449996507806603,0.0520008533598096,-0.217293430923021,False,-12.449996507806596,-0.21638584481804557,False,-12.397995654446786
1675,27.91387681749132,847,642,796.0,875.0,-0.21316188819196974,-0.21548569150556338,-12.213276546439404,-0.13314412228742314,-0.21316188819196968,False,-12.2132765464394,-0.21548569150556318,False,-12.346420668726825
1676,27.93054181857639,849,642,799.0,875.0,-0.20902294280626463,-0.21138641644999373,-11.976132444203355,-0.13541706477607918,-0.20902294280626466,False,-11.976132444203357,-0.21138641644999367,False,-12.111549508979436
1677,27.94720681966146,852,643,805.0,877.0,-0.20237477181238242,-0.1982172523518861,-11.59522030477261,0.23820831832993578,-0.20237477181238228,False,-11.595220304772603,-0.1982172523518848,False,-11.35701198644259
1678,27.96387182074653,855,644,812.0,877.0,-0.1957371865774664,-0.18249600024803592,-11.214914684653571,0.7586640924226833,-0.1957371865774662,False,-11.214914684653559,-0.1824960002480367,False,-10.456250592230928
1679,27.9805368218316,859,644,818.0,879.0,-0.1874291124436737,-0.17272951082565158,-10.738897100905442,0.8422251332363543,-0.18742911244367377,False,-10.738897100905447,-0.17272951082565058,False,-9.896671967669041
1680,27.99720182291667,863,645,826.0,880.0,-0.1787177819389311,-0.15616481407278227,-10.239774629040122,1.292189874224486,-0.17871778193893118,False,-10.239774629040127,-0.15616481407278116,False,-8.947584754815564
1681,28.013866824001738,868,645,835.0,881.0,-0.1682856486513696,-0.13892970426308895,-9.642057420344912,1.6819717170692379,-0.16828564865136952,False,-9.642057420344909,-0.13892970426308793,False,-7.960085703275619
1682,28.030531825086808,872,646,844.0,882.0,-0.15957576401846388,-0.11809202841909398,-9.143017790833563,2.3768429682804957,-0.15957576401846385,False,-9.14301779083356,-0.11809202841909539,False,-6.766174822553141
1683,28.047196826171877,878,646,854.0,884.0,-0.14700058279562106,-0.10050059905462982,-8.422512980152506,2.6642528157857437,-0.1470005827956209,False,-8.422512980152497,-0.10050059905463016,False,-5.75826016436678
1684,28.063861827256947,883,647,864.0,884.0,-0.13619654629547726,-0.07999768653239922,-7.8034872869889735,3.21995747787194,-0.13619654629547728,False,-7.803487286988975,-0.0799976865323977,False,-4.583529809116934
1685,28.080526828342016,888,647,874.0,885.0,-0.12567251684106745,-0.058755822715722696,-7.200504815779926,3.834044152350123,-0.1256725168410675,False,-7.2005048157799285,-0.058755822715720996,False,-3.366460663429704
1686,28.097191829427086,894,647,885.0,886.0,-0.1130068409101778,-0.03763911919938858,-6.474815040259519,4.3182523655447325,-0.11300684091017787,False,-6.474815040259522,-0.037639119199390336,False,-2.1565626747148925
1687,28.113856830512155,899,647,896.0,885.0,-0.10242405035050386,-0.012604374487651676,-5.868465805719311,5.146288344174503,-0.10242405035050384,False,-5.86846580571931,-0.012604374487651171,False,-0.7221774615447815
1688,28.130521831597225,904,648,906.0,886.0,-0.09162309245093313,0.008403163547646988,-5.249616503375422,5.731082309213784,-0.09162309245093292,False,-5.24961650337541,0.008403163547647807,False,0.48146580583839943
1689,28.147186832682294,909,648,917.0,886.0,-0.08101884384778495,0.033600794415993215,-4.642037813507533,6.567221521830683,-0.0810188438477848,False,-4.642037813507524,0.0336007944159924,False,1.925183708323108
1690,28.163851833767364,915,648,927.0,885.0,-0.06826980705682754,0.05058970876938464,-3.9115718125286625,6.810148611810362,-0.0682698070568275,False,-3.9115718125286603,0.05058970876938318,False,2.898576799281626
1691,28.180516834852433,919,648,936.0,885.0,-0.059757826388397564,0.07160731485126633,-3.4238712449306794,7.526668168172689,-0.05975782638839755,False,-3.4238712449306785,0.07160731485126703,False,4.102796923242061
1692,28.197181835937503,923,648,946.0,885.0,-0.05123716740341881,0.09674346233893974,-2.935673446421173,8.478665533925257,-0.05123716740341866,False,-2.9356734464211645,0.09674346233893871,False,5.542992087504016
1693,28.21384683702257,927,647,954.0,884.0,-0.042800398317591776,0.11343499180721633,-2.452282185076838,8.951628464731407,-0.04280039831759197,False,-2.4522821850768493,0.1134349918072175,False,6.499346279654634
1694,28.23051183810764,931,647,961.0,883.0,-0.034247845748306145,0.12644049725838966,-1.9622570187930028,9.206763871234191,-0.034247845748306194,False,-1.9622570187930055,0.12644049725838968,False,7.2445068524411855
1695,28.247176839192708,934,647,968.0,882.0,-0.027830071957392656,0.14368383054664818,-1.594545666703985,9.827022741299823,-0.027830071957392732,False,-1.5945456667039895,0.14368383054664946,False,8.232477074595911
1696,28.263841840277777,937,647,974.0,882.0,-0.021410004266300624,0.15616481407278227,-1.2267028838161125,10.17428763863175,-0.021410004266300575,False,-1.2267028838161096,0.15616481407278116,False,8.947584754815564
1697,28.280506841362847,938,647,978.0,881.0,-0.019269563221035787,0.16930377815578745,-1.104064645625867,10.804456589571663,-0.01926956322103557,False,-1.1040646456258543,0.16930377815578623,False,9.700391943945732
1698,28.297171842447916,940,646,981.0,881.0,-0.015020329545170697,0.17272951082565158,-0.8606014898339364,10.757273457503045,-0.015020329545170519,False,-0.8606014898339261,0.17272951082565058,False,9.896671967669041
1699,28.313836843532986,941,646,983.0,880.0,-0.012874825051708479,0.1775961672834879,-0.7376731374321978,10.913183980475418,-0.012874825051708338,False,-0.7376731374321897,0.1775961672834896,False,10.175510843043304
1700,28.330501844618055,941,647,983.0,880.0,-0.012847258869907304,0.17834235625063474,-0.7360937115577001,10.954358033137652,-0.012847258869907119,False,-0.7360937115576894,0.178342356250635,False,10.218264321579962
1701,28.347166845703125,941,646,984.0,881.0,-0.012874825051708479,0.18097667416105903,-0.7376731374321978,11.106872757175182,-0.012874825051708338,False,-0.7376731374321897,0.18097667416105878,False,10.369199619742966
1702,28.363831846788194,941,646,982.0,880.0,-0.012874825051708479,0.17345298478670165,-0.7376731374321978,10.675797109657072,-0.012874825051708338,False,-0.7376731374321897,0.173452984786703,False,9.938123972224957
1703,28.380496847873264,939,646,979.0,881.0,-0.017165695754510768,0.16859693960942962,-0.9835219191391023,10.643414997581447,-0.017165695754510768,False,-0.9835219191391023,0.16859693960942934,False,9.65989307844232
1704,28.397161848958334,937,647,976.0,881.0,-0.021410004266300624,0.16514867741462683,-1.2267028838161125,10.689025091841732,-0.021410004266300575,False,-1.2267028838161096,0.1651486774146278,False,9.462322208025673
1705,28.413826850043403,935,647,972.0,882.0,-0.02569027820612173,0.15616481407278227,-1.4719445157276947,10.419529270543332,-0.025690278206121686,False,-1.4719445157276922,0.15616481407278116,False,8.947584754815564
1706,28.430491851128473,932,647,967.0,882.0,-0.03210887525975691,0.14784936525875556,-1.8397030372960959,10.310847670310917,-0.0321088752597567,False,-1.8397030372960836,0.1478493652587538,False,8.471144633014731
1707,28.447156852213542,928,647,961.0,883.0,-0.040662798526742885,0.13892970426308895,-2.329806738773149,10.289892442048835,-0.040662798526742705,False,-2.3298067387731387,0.13892970426308793,False,7.960085703275619
1708,28.46382185329861,924,647,954.0,883.0,-0.049210772236328686,0.12644049725838966,-2.8195695557212015,10.064076408162384,-0.04921077223632864,False,-2.819569555721199,0.12644049725838968,False,7.2445068524411855
1709,28.48048685438368,920,647,947.0,884.0,-0.057751554913748934,0.11343499180721633,-3.308920356875825,9.808266636530401,-0.05775155491374884,False,-3.308920356875819,0.1134349918072175,False,6.499346279654634
1710,28.49715185546875,915,648,940.0,884.0,-0.06826980705682754,0.10553860603552644,-3.9115718125286625,9.958488514058237,-0.0682698070568275,False,-3.9115718125286603,0.10553860603552678,False,6.046916701529602
1711,28.51381685655382,911,648,931.0,885.0,-0.07677189126977804,0.08418871753885106,-4.398705354995532,9.222363552590707,-0.0767718912697779,False,-4.398705354995524,0.08418871753885071,False,4.823658197595157
1712,28.53048185763889,906,648,922.0,885.0,-0.0873837378118945,0.0674082643902822,-5.006719374699302,8.86892842856447,-0.08738373781189468,False,-5.006719374699312,0.06740826439028069,False,3.8622090538650813
1713,28.54714685872396,900,648,914.0,885.0,-0.1000917537986841,0.059003163794032726,-5.734835056727124,9.115467320044315,-0.10009175379868429,False,-5.734835056727135,0.059003163794031366,False,3.380632263317103
1714,28.56381185980903,895,647,904.0,885.0,-0.11089223879589069,0.03779711649456458,-6.353657263761427,8.51927251666429,-0.11089223879589083,False,-6.353657263761434,0.037797116494566296,False,2.1656152529029575
1715,28.580476860894098,890,647,895.0,885.0,-0.12145492358398609,0.021005313472176913,-6.958854522446329,8.162370331751353,-0.12145492358398613,False,-6.958854522446331,0.021005313472176823,False,1.203515809305021
1716,28.597141861979168,885,647,886.0,885.0,-0.13199044384384198,0.004201655946871886,-7.562495368310644,7.8032325210324425,-0.13199044384384218,False,-7.562495368310655,0.004201655946872052,False,0.2407371527218122
1717,28.613806863064237,880,646,877.0,884.0,-0.14279822588319374,-0.012604374487651676,-8.181735665062794,7.459558203517971,-0.1427982258831939,False,-8.181735665062803,-0.012604374487651171,False,-0.7221774615447815
1718,28.630471864149307,875,646,868.0,884.0,-0.1532942815467293,-0.029403288204005115,-8.783115356117767,7.098431038221484,-0.1532942815467293,False,-8.783115356117767,-0.02940328820400495,False,-1.684684317896282
1719,28.647136865234376,871,645,861.0,884.0,-0.16200842255894685,-0.041816613207517075,-9.282398858199691,6.886483407877936,-0.16200842255894665,False,-9.282398858199679,-0.04181661320751573,False,-2.3959154503216675
1720,28.663801866319446,866,645,853.0,883.0,-0.17246307152683013,-0.05456762350389413,-9.881406120350205,6.7549115955181955,-0.17246307152683027,False,-9.881406120350213,-0.05456762350389255,False,-3.1264945248319163
1721,28.680466867404515,862,644,845.0,882.0,-0.18118076484547857,-0.07130746478529032,-10.380893154598157,6.295276374623274,-0.1811807648454784,False,-10.380893154598148,-0.07130746478529204,False,-4.085616779974975
1722,28.697131868489585,859,644,839.0,881.0,-0.1874291124436737,-0.08418871753885106,-10.738897100905442,5.915238903310264,-0.18742911244367377,False,-10.738897100905447,-0.08418871753885071,False,-4.823658197595157
1723,28.713796869574654,856,643,833.0,881.0,-0.19407055132196704,-0.09633949292208074,-11.119423518525752,5.599577173660056,-0.19407055132196716,False,-11.119423518525757,-0.09633949292208044,False,-5.519846344865676
1724,28.730461870659724,854,643,828.0,880.0,-0.198226124442949,-0.1092676898773683,-11.357520319816024,5.096942852698475,-0.19822612444294885,False,-11.357520319816016,-0.10926768987736679,False,-6.260577467117465
1725,28.747126871744793,852,643,824.0,880.0,-0.20237477181238242,-0.1175983406109762,-11.59522030477261,4.85733171002177,-0.20237477181238228,False,-11.595220304772603,-0.11759834061097507,False,-6.737888594750783
1726,28.763791872829863,851,642,820.0,879.0,-0.20487671703710847,-0.130063287501013,-11.738571206722323,4.286493763317641,-0.2048767170371084,False,-11.73857120672232,-0.13006328750101304,False,-7.452077443404679
1727,28.780456873914932,850,642,817.0,878.0,-0.20695073227154784,-0.13892970426308895,-11.857403526301535,3.8973178230258636,-0.2069507322715478,False,-11.857403526301534,-0.13892970426308793,False,-7.960085703275619
1728,28.797121875000002,850,643,816.0,879.0,-0.20651636828390885,-0.1430832936681563,-11.832516303037348,3.6344474570210568,-0.20651636828390885,False,-11.832516303037348,-0.14308329366815542,False,-8.198068846016241
1729,28.81378687608507,850,643,815.0,878.0,-0.20651636828390885,-0.14784936525875556,-11.832516303037348,3.361371670022515,-0.20651636828390885,False,-11.832516303037348,-0.1478493652587538,False,-8.471144633014731
1730,28.83045187717014,851,643,815.0,878.0,-0.2044464591778382,-0.1520097378205026,-11.713919247283805,3.0044028252788464,-0.20444645917783832,False,-11.71391924728381,-0.15200973782050298,False,-8.70951642200499
1731,28.84711687825521,853,643,817.0,879.0,-0.20030132170069068,-0.15137544373402623,-11.476420364341745,2.803246316461974,-0.2003013217006906,False,-11.47642036434174,-0.15137544373402534,False,-8.673174047879716
1732,28.86378187934028,855,643,819.0,879.0,-0.19614919572583575,-0.15137544373402623,-11.238521069975915,2.565347022096144,-0.19614919572583567,False,-11.23852106997591,-0.15137544373402534,False,-8.673174047879716
1733,28.88044688042535,857,644,823.0,879.0,-0.19158649656275636,-0.14368383054664818,-10.977097664743592,2.7446205901477545,-0.19158649656275628,False,-10.977097664743589,-0.14368383054664946,False,-8.232477074595911
1734,28.89711188151042,859,644,828.0,881.0,-0.1874291124436737,-0.130063287501013,-10.738897100905442,3.286819657500768,-0.18742911244367377,False,-10.738897100905447,-0.13006328750101304,False,-7.452077443404679
1735,28.91377688259549,862,645,833.0,881.0,-0.18079957330397145,-0.12226840393911868,-10.359052488083712,3.353588974571479,-0.18079957330397134,False,-10.359052488083707,-0.12226840393912042,False,-7.005463513512329
1736,28.930441883680558,865,645,839.0,882.0,-0.17454951467564456,-0.1092676898773683,-10.000950506971257,3.740373039853694,-0.1745495146756446,False,-10.000950506971261,-0.10926768987736679,False,-6.260577467117465
1737,28.947106884765628,869,645,846.0,883.0,-0.16619470213772036,-0.09633949292208074,-9.522255009925217,4.002408665059516,-0.16619470213772036,False,-9.522255009925217,-0.09633949292208044,False,-5.519846344865676
1738,28.963771885850697,873,646,853.0,883.0,-0.15748332232447285,-0.08418871753885106,-9.023129712890672,4.199471515295493,-0.15748332232447293,False,-9.023129712890675,-0.08418871753885071,False,-4.823658197595157
1739,28.980436886935767,878,646,859.0,884.0,-0.14700058279562106,-0.07966298504578714,-8.422512980152506,3.8581601536151076,-0.1470005827956209,False,-8.422512980152497,-0.07966298504578617,False,-4.5643528265373385
1740,28.997101888020836,882,647,868.0,884.0,-0.13829779000274445,-0.059003163794032726,-7.923879683143807,4.543247419826614,-0.13829779000274467,False,-7.923879683143819,-0.059003163794031366,False,-3.380632263317103
1741,29.013766889105902,887,647,876.0,885.0,-0.12777963869265563,-0.04618561965887765,-7.32123400479572,4.67499292414559,-0.12777963869265552,False,-7.321234004795714,-0.04618561965887835,False,-2.6462410806501744
1742,29.03043189019097,891,647,884.0,885.0,-0.11934448795385957,-0.029403288204005115,-6.837935467906047,5.1532511500097575,-0.11934448795385943,False,-6.837935467906039,-0.02940328820400495,False,-1.684684317896282
1743,29.04709689127604,896,648,892.0,885.0,-0.10854603500718794,-0.01687603484692138,-6.219229688791156,5.252304117146856,-0.10854603500718785,False,-6.21922968879115,-0.016876034846919907,False,-0.966925571644217
1744,29.06376189236111,901,648,900.0,885.0,-0.09797589067169137,-0.004219384243003488,-5.613605029523088,5.371852120254983,-0.09797589067169143,False,-5.613605029523091,-0.004219384243004498,False,-0.24175290926815948
1745,29.08042689344618,905,648,907.0,885.0,-0.08950381835161035,0.008438618254244435,-5.128191041852838,5.6116882527430985,-0.08950381835161014,False,-5.128191041852826,0.008438618254245966,False,0.4834972108903486
1746,29.09709189453125,909,648,915.0,885.0,-0.08101884384778495,0.02531104914284831,-4.642037813507533,6.092254104440952,-0.0810188438477848,False,-4.642037813507524,0.025311049142846542,False,1.4502162909333267
1747,29.11375689561632,914,648,923.0,885.0,-0.0703963033062365,0.03795644518831435,-4.033411072770194,6.208155187380244,-0.0703963033062367,False,-4.033411072770206,0.03795644518831409,False,2.174744114610039
1748,29.13042189670139,917,648,930.0,885.0,-0.06401497783434405,0.054797406973115484,-3.667788055531429,6.807448203351684,-0.06401497783434396,False,-3.6677880555314233,0.054797406973115415,False,3.1396601478202606
1749,29.14708689778646,921,648,937.0,885.0,-0.05549850524571683,0.0674082643902822,-3.1798301198642345,7.0420391737293935,-0.05549850524571687,False,-3.1798301198642362,0.06740826439028069,False,3.8622090538650813
1750,29.163751898871528,924,648,943.0,884.0,-0.04910579015213532,0.08033520628225284,-2.813554525372435,7.416422791658376,-0.04910579015213523,False,-2.8135545253724294,0.08033520628225332,False,4.602868266285972
1751,29.180416899956597,927,647,948.0,884.0,-0.042800398317591776,0.0883767861448488,-2.452282185076838,7.515899038106921,-0.04280039831759197,False,-2.4522821850768493,0.088376786144849,False,5.063616853030098
1752,29.197081901041667,929,648,953.0,884.0,-0.03844259002118798,0.10134650326566776,-2.2025981617658053,8.009325067297395,-0.03844259002118777,False,-2.2025981617657933,0.10134650326566685,False,5.806726905531526
1753,29.213746902126736,930,647,957.0,883.0,-0.03638650277956719,0.11391151001120803,-2.0847930405102386,8.611441802114692,-0.03638650277956712,False,-2.0847930405102346,0.11391151001120647,False,6.526648761604355
1754,29.230411903211806,932,647,960.0,883.0,-0.03210887525975691,0.11809202841909398,-1.8397030372960959,8.605877859849148,-0.0321088752597567,False,-1.8397030372960836,0.11809202841909539,False,6.766174822553141
1755,29.247076904296875,932,647,962.0,883.0,-0.03210887525975691,0.12644049725838966,-1.8397030372960959,9.084209889737268,-0.0321088752597567,False,-1.8397030372960836,0.12644049725838968,False,7.2445068524411855
1756,29.263741905381945,932,647,964.0,882.0,-0.03210887525975691,0.13533781653240926,-1.8397030372960959,9.593988733119007,-0.0321088752597567,False,-1.8397030372960836,0.1353378165324095,False,7.754285695822922
1757,29.280406906467014,932,647,964.0,883.0,-0.03210887525975691,0.1347712844777311,-1.8397030372960959,9.561528837427073,-0.0321088752597567,False,-1.8397030372960836,0.13477128447773268,False,7.721825800131065
1758,29.297071907552084,932,647,964.0,883.0,-0.03210887525975691,0.1347712844777311,-1.8397030372960959,9.561528837427073,-0.0321088752597567,False,-1.8397030372960836,0.13477128447773268,False,7.721825800131065
1759,29.313736908637154,931,647,962.0,882.0,-0.034247845748306145,0.13115761070157025,-1.9622570187930028,9.477034563012857,-0.034247845748306194,False,-1.9622570187930055,0.13115761070157106,False,7.514777544219902
1760,29.330401909722223,929,647,960.0,883.0,-0.03852482686310786,0.13060816994581406,-2.207309985728299,9.690606893550846,-0.038524826863107986,False,-2.207309985728306,0.1306081699458126,False,7.483296907822464
1761,29.347066910807293,926,648,958.0,883.0,-0.044841715078883806,0.13533781653240926,-2.5692410201481857,10.323526715971095,-0.044841715078884015,False,-2.569241020148197,0.1353378165324095,False,7.754285695822922
1762,29.363731911892362,924,647,954.0,883.0,-0.049210772236328686,0.12644049725838966,-2.8195695557212015,10.064076408162384,-0.04921077223632864,False,-2.819569555721199,0.12644049725838968,False,7.2445068524411855
1763,29.38039691297743,921,648,949.0,884.0,-0.05549850524571683,0.11809202841909398,-3.1798301198642345,9.9460049424173,-0.05549850524571687,False,-3.1798301198642362,0.11809202841909539,False,6.766174822553141
1764,29.3970619140625,919,648,944.0,885.0,-0.059757826388397564,0.10509657413192951,-3.4238712449306794,9.44546138397403,-0.05975782638839755,False,-3.4238712449306785,0.10509657413193096,False,6.021590139043428
1765,29.41372691514757,915,648,939.0,884.0,-0.06826980705682754,0.10134650326566776,-3.9115718125286625,9.718298718060236,-0.0682698070568275,False,-3.9115718125286603,0.10134650326566685,False,5.806726905531526
1766,29.43039191623264,911,648,932.0,885.0,-0.07677189126977804,0.0883767861448488,-4.398705354995532,9.462322208025622,-0.0767718912697779,False,-4.398705354995524,0.088376786144849,False,5.063616853030098
1767,29.44705691731771,908,648,925.0,885.0,-0.08314123188844123,0.07160731485126633,-4.763641690726178,8.866438613968189,-0.08314123188844125,False,-4.763641690726179,0.07160731485126703,False,4.102796923242061
1768,29.46372191840278,904,648,919.0,885.0,-0.09162309245093313,0.06320683189746022,-5.249616503375422,8.871101207492757,-0.09162309245093292,False,-5.24961650337541,0.06320683189746035,False,3.621484704117347
1769,29.48038691948785,900,648,911.0,885.0,-0.1000917537986841,0.04638021692852137,-5.734835056727124,8.392225739632604,-0.10009175379868429,False,-5.734835056727135,0.046380216928522344,False,2.6573906829055445
1770,29.49705192057292,895,648,905.0,886.0,-0.11065722117389565,0.041992107221369514,-6.34019174590991,8.7461622625552,-0.11065722117389587,False,-6.340191745909922,0.04199210722136826,False,2.405970516645228
1771,29.513716921657988,891,647,898.0,885.0,-0.11934448795385957,0.029403288204005115,-6.837935467906047,8.522619785802346,-0.11934448795385943,False,-6.837935467906039,0.02940328820400495,False,1.684684317896282
1772,29.530381922743057,887,647,890.0,885.0,-0.12777963869265563,0.012604374487651676,-7.32123400479572,8.04341146634052,-0.12777963869265552,False,-7.321234004795714,0.012604374487651171,False,0.7221774615447815
1773,29.547046923828127,883,646,883.0,885.0,-0.13648520124556013,0.0,-7.820025997364282,7.820025997364285,-0.13648520124556018,False,-7.820025997364285,0.0,False,0.0
1774,29.563711924913196,879,646,877.0,884.0,-0.14490004858016167,-0.008403163547646988,-8.30216123488386,7.820695429045501,-0.14490004858016148,False,-8.30216123488385,-0.008403163547647807,False,-0.48146580583839943
1775,29.580376925998266,875,646,870.0,884.0,-0.1532942815467293,-0.021005313472176913,-8.783115356117767,7.579599546812745,-0.1532942815467293,False,-8.783115356117767,-0.021005313472176823,False,-1.203515809305021
1776,29.597041927083335,872,646,864.0,884.0,-0.15957576401846388,-0.033600794415993215,-9.143017790833563,7.217834082510401,-0.15957576401846385,False,-9.14301779083356,-0.0336007944159924,False,-1.925183708323108
1777,29.613706928168405,869,645,859.0,884.0,-0.16619470213772036,-0.041816613207517075,-9.522255009925217,7.1263395596034735,-0.16619470213772036,False,-9.522255009925217,-0.04181661320751573,False,-2.3959154503216675
1778,29.630371929253474,866,645,854.0,883.0,-0.17246307152683013,-0.050377507181057816,-9.881406120350205,6.994987576485584,-0.17246307152683027,False,-9.881406120350213,-0.05037750718105727,False,-2.8864185438645786
1779,29.647036930338544,863,645,850.0,883.0,-0.1787177819389311,-0.05456762350389413,-10.239774629040122,7.113280104208109,-0.17871778193893118,False,-10.239774629040127,-0.05456762350389255,False,-3.1264945248319163
1780,29.663701931423613,861,644,846.0,882.0,-0.18326516206755578,-0.0629419593073733,-10.500320318251974,6.894011695655308,-0.18326516206755583,False,-10.500320318251976,-0.06294195930737345,False,-3.606308622596669
1781,29.680366932508683,859,644,842.0,882.0,-0.1874291124436737,-0.07130746478529032,-10.738897100905442,6.653280320930573,-0.18742911244367377,False,-10.738897100905447,-0.07130746478529204,False,-4.085616779974975
1782,29.697031933593752,858,644,839.0,882.0,-0.18950863330684722,-0.07966298504578714,-10.858044869774687,6.293692043237283,-0.18950863330684742,False,-10.858044869774698,-0.07966298504578617,False,-4.5643528265373385
1783,29.713696934678822,858,644,838.0,881.0,-0.18950863330684722,-0.08418871753885106,-10.858044869774687,6.034386672179516,-0.18950863330684742,False,-10.858044869774698,-0.08418871753885071,False,-4.823658197595157
1784,29.73036193576389,857,644,837.0,881.0,-0.19158649656275636,-0.08418871753885106,-10.977097664743592,6.153439467148406,-0.19158649656275628,False,-10.977097664743589,-0.08418871753885071,False,-4.823658197595157
1785,29.74702693684896,857,644,837.0,881.0,-0.19158649656275636,-0.08418871753885106,-10.977097664743592,6.153439467148406,-0.19158649656275628,False,-10.977097664743589,-0.08418871753885071,False,-4.823658197595157
1786,29.76369193793403,857,644,837.0,881.0,-0.19158649656275636,-0.08418871753885106,-10.977097664743592,6.153439467148406,-0.19158649656275628,False,-10.977097664743589,-0.08418871753885071,False,-4.823658197595157
1787,29.7803569390191,858,644,839.0,882.0,-0.18950863330684722,-0.07966298504578714,-10.858044869774687,6.293692043237283,-0.18950863330684742,False,-10.858044869774698,-0.07966298504578617,False,-4.5643528265373385
1788,29.79702194010417,860,644,841.0,882.0,-0.18534794999569476,-0.07966298504578714,-10.619655276155134,6.0553024496177414,-0.1853479499956947,False,-10.619655276155132,-0.07966298504578617,False,-4.5643528265373385
1789,29.813686941189236,862,645,844.0,882.0,-0.18079957330397145,-0.07580383736113926,-10.359052488083712,6.015812536394325,-0.18079957330397134,False,-10.359052488083707,-0.07580383736113916,False,-4.343239951689381
1790,29.830351942274305,864,645,847.0,882.0,-0.17663442361762477,-0.07160731485126633,-10.120406990015809,6.017610066773783,-0.17663442361762494,False,-10.12040699001582,-0.07160731485126703,False,-4.102796923242061
1791,29.847016943359375,866,645,851.0,883.0,-0.17246307152683013,-0.0629419593073733,-9.881406120350205,6.275097497753544,-0.17246307152683027,False,-9.881406120350213,-0.06294195930737345,False,-3.606308622596669
1792,29.863681944444444,869,645,856.0,883.0,-0.16619470213772036,-0.05456762350389413,-9.522255009925217,6.3957604850931995,-0.16619470213772036,False,-9.522255009925217,-0.05456762350389255,False,-3.1264945248319163
1793,29.880346945529514,872,646,860.0,884.0,-0.15957576401846388,-0.050377507181057816,-9.143017790833563,6.256599246968956,-0.15957576401846385,False,-9.14301779083356,-0.05037750718105727,False,-2.8864185438645786
1794,29.897011946614583,875,646,866.0,884.0,-0.1532942815467293,-0.03779711649456458,-8.783115356117767,6.617500103214911,-0.1532942815467293,False,-8.783115356117767,-0.037797116494566296,False,-2.1656152529029575
1795,29.913676947699653,879,646,872.0,884.0,-0.14490004858016167,-0.029403288204005115,-8.30216123488386,6.617476916987568,-0.14490004858016148,False,-8.30216123488385,-0.02940328820400495,False,-1.684684317896282
1796,29.930341948784722,882,646,877.0,885.0,-0.1385907847159477,-0.020917450819302335,-7.9406670436299995,6.742185393511509,-0.13859078471594755,False,-7.94066704362999,-0.020917450819300853,False,-1.1984816501184048
1797,29.94700694986979,886,647,883.0,886.0,-0.12988562027360284,-0.012551642069567633,-7.441897861116284,6.722741744571198,-0.12988562027360295,False,-7.44189786111629,-0.012551642069567492,False,-0.7191561165450674
1798,29.96367195095486,889,647,890.0,886.0,-0.12356427251862262,0.004184076002074724,-7.079711313921419,7.319441210002261,-0.12356427251862279,False,-7.079711313921429,0.004184076002076154,False,0.23972989608093428
1799,29.98033695203993,893,647,896.0,885.0,-0.11512042855901147,0.012604374487651676,-6.595914692168667,7.318092153713475,-0.1151204285590115,False,-6.595914692168669,0.012604374487651171,False,0.7221774615447815
1800,29.997001953125,897,648,902.0,885.0,-0.10643387697397651,0.021093917253554445,-6.098211947823487,7.30680437985035,-0.10643387697397655,False,-6.09821194782349,0.02109391725355536,False,1.208592432026911
1801,30.01366695421007,901,647,909.0,885.0,-0.09818434484500614,0.033600794415993215,-5.625548573875913,7.550732282199073,-0.09818434484500616,False,-5.625548573875913,0.0336007944159924,False,1.925183708323108
1802,30.03033195529514,904,647,914.0,885.0,-0.09181818784103064,0.041992107221369514,-5.260794645830468,7.666765162475774,-0.09181818784103069,False,-5.260794645830471,0.04199210722136826,False,2.405970516645228
1803,30.04699695638021,907,648,921.0,885.0,-0.08526286944052945,0.059003163794032726,-4.8852025681173,8.265834831434484,-0.08526286944052952,False,-4.885202568117304,0.059003163794031366,False,3.380632263317103
1804,30.06366195746528,910,648,926.0,885.0,-0.07889572405098637,0.0674082643902822,-4.520392009750301,8.382601063615462,-0.07889572405098644,False,-4.520392009750305,0.06740826439028069,False,3.8622090538650813
1805,30.080326958550348,913,648,931.0,885.0,-0.072522162031777,0.07580383736113926,-4.155213805584725,8.498453757274111,-0.07252216203177708,False,-4.15521380558473,0.07580383736113916,False,4.343239951689381
1806,30.096991959635417,915,648,936.0,885.0,-0.06826980705682754,0.0883767861448488,-3.9115718125286625,8.975188665558758,-0.0682698070568275,False,-3.9115718125286603,0.088376786144849,False,5.063616853030098
1807,30.113656960720487,918,647,939.0,884.0,-0.06201886334350532,0.0883767861448488,-3.5534191197814646,8.617035972811559,-0.06201886334350526,False,-3.553419119781461,0.088376786144849,False,5.063616853030098
1808,30.130321961805556,919,647,943.0,884.0,-0.05988548208205994,0.10092178466729385,-3.4311853774083483,9.213577699772394,-0.059885482082060015,False,-3.4311853774083527,0.10092178466729251,False,5.782392322363964
1809,30.146986962890626,921,647,946.0,884.0,-0.05561710107058777,0.10509657413192951,-3.1866251600972113,9.208215299140559,-0.055617101070587704,False,-3.1866251600972078,0.10509657413193096,False,6.021590139043428
1810,30.163651963975695,922,647,948.0,883.0,-0.05348213981328182,0.10972698888407616,-3.064300890629637,9.35119425236609,-0.05348213981328165,False,-3.064300890629627,0.10972698888407706,False,6.286893361736514
1811,30.180316965060765,922,647,949.0,883.0,-0.05348213981328182,0.11391151001120803,-3.064300890629637,9.590949652234086,-0.05348213981328165,False,-3.064300890629627,0.11391151001120647,False,6.526648761604355
1812,30.196981966145835,923,647,951.0,884.0,-0.051346690430197364,0.1175983406109762,-2.9419486536150825,9.679837248365928,-0.05134669043019757,False,-2.941948653615094,0.11759834061097507,False,6.737888594750783
1813,30.213646967230904,923,647,951.0,883.0,-0.051346690430197364,0.11809202841909398,-2.9419486536150825,9.708123476168133,-0.05134669043019757,False,-2.941948653615094,0.11809202841909539,False,6.766174822553141
1814,30.230311968315974,923,647,950.0,883.0,-0.051346690430197364,0.11391151001120803,-2.9419486536150825,9.468597415219527,-0.05134669043019757,False,-2.941948653615094,0.11391151001120647,False,6.526648761604355
1815,30.246976969401043,922,647,949.0,883.0,-0.05348213981328182,0.11391151001120803,-3.064300890629637,9.590949652234086,-0.05348213981328165,False,-3.064300890629627,0.11391151001120647,False,6.526648761604355
1816,30.263641970486113,921,647,946.0,883.0,-0.05561710107058777,0.10553860603552644,-3.1866251600972113,9.233541861626785,-0.055617101070587704,False,-3.1866251600972078,0.10553860603552678,False,6.046916701529602
1817,30.280306971571182,919,647,944.0,883.0,-0.05988548208205994,0.10553860603552644,-3.4311853774083483,9.47810207893793,-0.059885482082060015,False,-3.4311853774083527,0.10553860603552678,False,6.046916701529602
1818,30.29697197265625,917,647,941.0,884.0,-0.06415167949578474,0.10092178466729385,-3.675620483784406,9.458012806148451,-0.06415167949578482,False,-3.675620483784411,0.10092178466729251,False,5.782392322363964
1819,30.31363697374132,915,647,938.0,884.0,-0.06841553981834253,0.09674346233893974,-3.919921684700258,9.46291377220434,-0.06841553981834236,False,-3.9199216847002485,0.09674346233893871,False,5.542992087504016
1820,30.33030197482639,913,647,933.0,884.0,-0.07267691006433144,0.08418871753885106,-4.164080214738048,8.98773841233323,-0.07267691006433141,False,-4.164080214738046,0.08418871753885071,False,4.823658197595157
1821,30.34696697591146,910,648,929.0,885.0,-0.07889572405098637,0.07999768653239922,-4.520392009750301,9.103921818867315,-0.07889572405098644,False,-4.520392009750305,0.0799976865323977,False,4.583529809116934
1822,30.36363197699653,907,647,925.0,885.0,-0.08544455878608376,0.07548654493392346,-4.895612600800056,9.220673035538526,-0.08544455878608392,False,-4.8956126008000656,0.07548654493392348,False,4.325060434738461
1823,30.3802969780816,904,647,919.0,885.0,-0.09181818784103064,0.0629419593073733,-5.260794645830468,8.86710326842714,-0.09181818784103069,False,-5.260794645830471,0.06294195930737345,False,3.606308622596669
1824,30.39696197916667,901,647,914.0,885.0,-0.09818434484500614,0.05456762350389413,-5.625548573875913,8.752043098707906,-0.09818434484500616,False,-5.625548573875913,0.05456762350389255,False,3.1264945248319163
1825,30.41362698025174,898,647,908.0,885.0,-0.10454252786319908,0.041992107221369514,-5.98984562619012,8.395816142835411,-0.10454252786319929,False,-5.989845626190132,0.04199210722136826,False,2.405970516645228
1826,30.430291981336808,895,647,903.0,885.0,-0.11089223879589069,0.033600794415993215,-6.353657263761427,8.278840972084568,-0.11089223879589083,False,-6.353657263761434,0.0336007944159924,False,1.925183708323108
1827,30.446956982421877,891,647,898.0,885.0,-0.11934448795385957,0.029403288204005115,-6.837935467906047,8.522619785802346,-0.11934448795385943,False,-6.837935467906039,0.02940328820400495,False,1.684684317896282
1828,30.463621983506947,888,646,892.0,884.0,-0.12593936079433637,0.016805140515041995,-7.215793848090821,8.178657473727037,-0.12593936079433643,False,-7.215793848090824,0.016805140515042893,False,0.9628636256362644
1829,30.480286984592016,885,646,887.0,884.0,-0.13227039651549488,0.008403163547646988,-7.578535474859767,8.06000128069811,-0.13227039651549477,False,-7.578535474859761,0.008403163547647807,False,0.48146580583839943
1830,30.496951985677086,882,646,881.0,884.0,-0.1385907847159477,-0.004201655946871886,-7.9406670436299995,7.699929890908203,-0.13859078471594755,False,-7.94066704362999,-0.004201655946872052,False,-0.2407371527218122
1831,30.513616986762155,879,646,875.0,884.0,-0.14490004858016167,-0.016805140515041995,-8.30216123488386,7.339297609247636,-0.14490004858016148,False,-8.30216123488385,-0.016805140515042893,False,-0.9628636256362644
1832,30.530281987847225,876,645,871.0,884.0,-0.1515179243200821,-0.020917450819302335,-8.681337584123318,7.482855934004827,-0.15151792432008193,False,-8.681337584123309,-0.020917450819300853,False,-1.1984816501184048
1833,30.546946988932294,874,645,867.0,884.0,-0.1557182898472613,-0.02928033234577806,-8.922000801242929,7.24436133508945,-0.1557182898472611,False,-8.922000801242918,-0.029280332345777538,False,-1.6776394661534424
1834,30.563611990017364,872,645,863.0,883.0,-0.15991312315821926,-0.03779711649456458,-9.16234704572171,6.9967317928188475,-0.15991312315821915,False,-9.162347045721702,-0.037797116494566296,False,-2.1656152529029575
1835,30.580276991102433,869,645,859.0,883.0,-0.16619470213772036,-0.041992107221369514,-9.522255009925217,7.116284493279913,-0.16619470213772036,False,-9.522255009925217,-0.04199210722136826,False,-2.405970516645228
1836,30.5969419921875,868,645,857.0,883.0,-0.1682856486513696,-0.04618561965887765,-9.642057420344912,6.995816339694784,-0.16828564865136952,False,-9.642057420344909,-0.04618561965887835,False,-2.6462410806501744
1837,30.61360699327257,867,644,854.0,882.0,-0.1707352114752828,-0.05456762350389413,-9.782407031807287,6.655912506975288,-0.1707352114752827,False,-9.78240703180728,-0.05456762350389255,False,-3.1264945248319163
1838,30.63027199435764,866,644,853.0,882.0,-0.17282740956244513,-0.05456762350389413,-9.902281152107031,6.775786627275014,-0.17282740956244513,False,-9.902281152107031,-0.05456762350389255,False,-3.1264945248319163
1839,30.646936995442708,865,644,852.0,882.0,-0.17491808048840873,-0.05456762350389413,-10.022067772515454,6.895573247683436,-0.17491808048840873,False,-10.022067772515454,-0.05456762350389255,False,-3.1264945248319163
1840,30.663601996527778,865,644,851.0,882.0,-0.17491808048840873,-0.058755822715722696,-10.022067772515454,6.655607109085648,-0.17491808048840873,False,-10.022067772515454,-0.058755822715720996,False,-3.366460663429704
1841,30.680266997612847,865,644,851.0,882.0,-0.17491808048840873,-0.058755822715722696,-10.022067772515454,6.655607109085648,-0.17491808048840873,False,-10.022067772515454,-0.058755822715720996,False,-3.366460663429704
1842,30.696931998697917,865,644,852.0,882.0,-0.17491808048840873,-0.05456762350389413,-10.022067772515454,6.895573247683436,-0.17491808048840873,False,-10.022067772515454,-0.05456762350389255,False,-3.1264945248319163
1843,30.713596999782986,865,644,854.0,882.0,-0.17491808048840873,-0.04618561965887765,-10.022067772515454,7.37582669186533,-0.17491808048840873,False,-10.022067772515454,-0.04618561965887835,False,-2.6462410806501744
1844,30.730262000868056,866,644,855.0,882.0,-0.17282740956244513,-0.04618561965887765,-9.902281152107031,7.256040071456908,-0.17282740956244513,False,-9.902281152107031,-0.04618561965887835,False,-2.6462410806501744
1845,30.746927001953125,868,644,858.0,883.0,-0.1686415028892575,-0.041816613207517075,-9.662446366297733,7.266530915975983,-0.1686415028892574,False,-9.662446366297727,-0.04181661320751573,False,-2.3959154503216675
1846,30.763592003038195,870,644,860.0,883.0,-0.16444962125446827,-0.041816613207517075,-9.42226924040591,7.02635379008416,-0.16444962125446816,False,-9.422269240405903,-0.04181661320751573,False,-2.3959154503216675
1847,30.780257004123264,871,645,863.0,883.0,-0.16200842255894685,-0.033600794415993215,-9.282398858199691,7.357215149876546,-0.16200842255894665,False,-9.282398858199679,-0.0336007944159924,False,-1.925183708323108
1848,30.796922005208334,873,645,867.0,884.0,-0.1578164065824752,-0.025099330520065605,-9.042214035096453,7.604128327692801,-0.1578164065824752,False,-9.042214035096453,-0.025099330520067298,False,-1.4380857074037539
1849,30.813587006293403,875,645,871.0,883.0,-0.1536187900401655,-0.016805140515041995,-8.801708323207809,7.838844697571599,-0.15361879004016554,False,-8.801708323207812,-0.016805140515042893,False,-0.9628636256362644
1850,30.830252007378473,878,646,874.0,884.0,-0.14700058279562106,-0.016805140515041995,-8.422512980152506,7.459649354516284,-0.1470005827956209,False,-8.422512980152497,-0.016805140515042893,False,-0.9628636256362644
1851,30.846917008463542,880,646,879.0,884.0,-0.14279822588319374,-0.004201655946871886,-8.181735665062794,7.940998512340991,-0.1427982258831939,False,-8.181735665062803,-0.004201655946872052,False,-0.2407371527218122
1852,30.86358200954861,883,646,884.0,884.0,-0.13648520124556013,0.004201655946871886,-7.820025997364282,8.060763150086098,-0.13648520124556018,False,-7.820025997364285,0.004201655946872052,False,0.2407371527218122
1853,30.88024701063368,886,646,888.0,884.0,-0.13016121063993782,0.008403163547646988,-7.457688025981742,7.939153831820083,-0.13016121063993769,False,-7.457688025981734,0.008403163547647807,False,0.48146580583839943
1854,30.89691201171875,889,646,893.0,884.0,-0.12382673257793958,0.016805140515041995,-7.094749167611034,8.057612793247237,-0.12382673257793941,False,-7.094749167611025,0.016805140515042893,False,0.9628636256362644
1855,30.91357701280382,892,646,898.0,884.0,-0.11748225052559104,0.025204745326941735,-6.731237122814964,8.175362653750808,-0.11748225052559125,False,-6.731237122814976,0.025204745326941946,False,1.4441255309358578
1856,30.93024201388889,895,646,903.0,884.0,-0.11112825269817407,0.033600794415993215,-6.367179864268677,8.292363572591823,-0.11112825269817428,False,-6.36717986426869,0.0336007944159924,False,1.925183708323108
1857,30.94690701497396,897,647,908.0,885.0,-0.10666006399965021,0.04618561965887765,-6.1111715097752075,8.757412590425332,-0.10666006399965022,False,-6.111171509775208,0.04618561965887835,False,2.6462410806501744
1858,30.96357201605903,900,647,912.0,884.0,-0.1003046498614201,0.05058970876938464,-5.747033102596849,8.645609901878556,-0.10030464986142018,False,-5.747033102596854,0.05058970876938318,False,2.898576799281626
1859,30.9802370171441,902,647,916.0,884.0,-0.0960631537986025,0.059003163794032726,-5.5040132793760455,8.884645542693239,-0.09606315379860231,False,-5.504013279376035,0.059003163794031366,False,3.380632263317103
1860,30.996902018229168,905,647,921.0,885.0,-0.08969445015758,0.0671258882021007,-5.139113439775856,8.985143529823242,-0.08969445015757982,False,-5.139113439775845,0.0671258882020993,False,3.8460300900472957
1861,31.013567019314237,907,647,924.0,884.0,-0.08544455878608376,0.07160731485126633,-4.895612600800056,8.998409524042076,-0.08544455878608392,False,-4.8956126008000656,0.07160731485126703,False,4.102796923242061
1862,31.030232020399307,909,647,927.0,884.0,-0.08119157111879446,0.07580383736113926,-4.65193435714319,8.995174308832572,-0.08119157111879449,False,-4.651934357143192,0.07580383736113916,False,4.343239951689381
1863,31.046897021484376,911,647,931.0,884.0,-0.07693563778870097,0.08418871753885106,-4.408087339439775,9.231745537034943,-0.07693563778870116,False,-4.408087339439787,0.08418871753885071,False,4.823658197595157
1864,31.063562022569446,912,647,933.0,884.0,-0.07480661374754859,0.0883767861448488,-4.286103247399857,9.349720100429948,-0.07480661374754849,False,-4.2861032473998515,0.088376786144849,False,5.063616853030098
1865,31.080227023654516,913,647,935.0,884.0,-0.07267691006433144,0.09256174873423176,-4.164080214738048,9.46747776155992,-0.07267691006433141,False,-4.164080214738046,0.09256174873423006,False,5.303397546821772
1866,31.096892024739585,914,647,936.0,884.0,-0.0705465457417652,0.09256174873423176,-4.042019330229755,9.345416877051612,-0.07054654574176533,False,-4.042019330229763,0.09256174873423006,False,5.303397546821772
1867,31.113557025824655,915,647,937.0,884.0,-0.06841553981834253,0.09256174873423176,-3.919921684700258,9.223319231522122,-0.06841553981834236,False,-3.9199216847002485,0.09256174873423006,False,5.303397546821772
1868,31.130222026909724,915,647,937.0,884.0,-0.06841553981834253,0.09256174873423176,-3.919921684700258,9.223319231522122,-0.06841553981834236,False,-3.9199216847002485,0.09256174873423006,False,5.303397546821772
1869,31.146887027994794,915,647,937.0,884.0,-0.06841553981834253,0.09256174873423176,-3.919921684700258,9.223319231522122,-0.06841553981834236,False,-3.9199216847002485,0.09256174873423006,False,5.303397546821772
1870,31.163552029079863,915,647,937.0,884.0,-0.06841553981834253,0.09256174873423176,-3.919921684700258,9.223319231522122,-0.06841553981834236,False,-3.9199216847002485,0.09256174873423006,False,5.303397546821772
1871,31.180217030164933,915,646,936.0,884.0,-0.06856189511307247,0.08800737352774077,-3.9283072253976763,8.970758294568595,-0.06856189511307242,False,-3.928307225397674,0.08800737352774135,False,5.042451069170946
1872,31.196882031250002,913,647,934.0,884.0,-0.07267691006433144,0.0883767861448488,-4.164080214738048,9.227697067768144,-0.07267691006433141,False,-4.164080214738046,0.088376786144849,False,5.063616853030098
1873,31.21354703233507,913,646,932.0,884.0,-0.07283231874219795,0.07966298504578714,-4.172984476079507,8.737337302616899,-0.07283231874219798,False,-4.172984476079509,0.07966298504578617,False,4.5643528265373385
1874,31.23021203342014,911,646,929.0,884.0,-0.07710008292192663,0.07548654493392346,-4.417509351535072,8.742569786273545,-0.07710008292192683,False,-4.417509351535084,0.07548654493392348,False,4.325060434738461
1875,31.24687703450521,909,647,926.0,884.0,-0.08119157111879446,0.07160731485126633,-4.65193435714319,8.754731280385203,-0.08119157111879449,False,-4.651934357143192,0.07160731485126703,False,4.102796923242061
1876,31.26354203559028,907,646,924.0,884.0,-0.08562702222294727,0.07130746478529032,-4.9060669856477865,8.991683765622653,-0.08562702222294716,False,-4.90606698564778,0.07130746478529204,False,4.085616779974975
1877,31.28020703667535,905,646,920.0,884.0,-0.08988589354725342,0.0629419593073733,-5.150082338019821,8.756390960616482,-0.08988589354725329,False,-5.150082338019814,0.06294195930737345,False,3.606308622596669
1878,31.29687203776042,903,647,917.0,885.0,-0.09394109526690482,0.058755822715722696,-5.38242828163004,8.748888945059836,-0.09394109526690464,False,-5.3824282816300295,0.058755822715720996,False,3.366460663429704
1879,31.31353703884549,901,646,913.0,884.0,-0.09839368505620331,0.050377507181057816,-5.637542884459888,8.523961428324503,-0.0983936850562035,False,-5.637542884459899,0.05037750718105727,False,2.8864185438645786
1880,31.33020203993056,898,646,908.0,884.0,-0.10476523184955466,0.041992107221369514,-6.002605624689034,8.408576141334338,-0.10476523184955466,False,-6.002605624689034,0.04199210722136826,False,2.405970516645228
1881,31.346867041015628,896,646,905.0,884.0,-0.10900822384640045,0.03779711649456458,-6.245711158616083,8.41132641151893,-0.1090082238464003,False,-6.245711158616074,0.037797116494566296,False,2.1656152529029575
1882,31.363532042100697,894,646,901.0,884.0,-0.11324727895645388,0.029403288204005115,-6.4885911255455095,8.173275443441787,-0.11324727895645381,False,-6.488591125545505,0.02940328820400495,False,1.684684317896282
1883,31.380197043185767,891,646,896.0,884.0,-0.11959815938954396,0.021005313472176913,-6.852469770553787,8.055985579858817,-0.1195981593895441,False,-6.852469770553795,0.021005313472176823,False,1.203515809305021
1884,31.396862044270833,889,646,893.0,884.0,-0.12382673257793958,0.016805140515041995,-7.094749167611034,8.057612793247237,-0.12382673257793941,False,-7.094749167611025,0.016805140515042893,False,0.9628636256362644
1885,31.413527045355902,887,646,889.0,884.0,-0.12805085945066697,0.008403163547646988,-7.336773809546108,7.8182396153844635,-0.12805085945066708,False,-7.336773809546115,0.008403163547647807,False,0.48146580583839943
1886,31.430192046440972,884,645,884.0,884.0,-0.1346639076930047,0.0,-7.715673563548468,7.7156735635484575,-0.13466390769300451,False,-7.7156735635484575,0.0,False,0.0
1887,31.44685704752604,882,645,881.0,883.0,-0.13888501552021304,-0.004201655946871886,-7.957525226917142,7.716788074195343,-0.13888501552021282,False,-7.95752522691713,-0.004201655946872052,False,-0.2407371527218122
1888,31.46352204861111,880,645,878.0,883.0,-0.14310114794157475,-0.008403163547646988,-8.199091820529441,7.717626014691089,-0.1431011479415747,False,-8.199091820529437,-0.008403163547647807,False,-0.48146580583839943
1889,31.48018704969618,878,645,875.0,883.0,-0.14731216412858905,-0.012604374487651676,-8.440365275506633,7.718187813961814,-0.14731216412858927,False,-8.440365275506647,-0.012604374487651171,False,-0.7221774615447815
1890,31.49685205078125,876,645,872.0,884.0,-0.1515179243200821,-0.01673483927434091,-8.681337584123318,7.722501922873811,-0.15151792432008193,False,-8.681337584123309,-0.01673483927434205,False,-0.9588356612495726
1891,31.51351705186632,875,645,869.0,883.0,-0.1536187900401655,-0.025204745326941735,-8.801708323207809,7.357582792271954,-0.15361879004016554,False,-8.801708323207812,-0.025204745326941946,False,-1.4441255309358578
1892,31.53018205295139,874,645,867.0,882.0,-0.1557182898472613,-0.029527280763816062,-8.922000801242929,7.230212232978436,-0.1557182898472611,False,-8.922000801242918,-0.02952728076381561,False,-1.6917885682644562
1893,31.54684705403646,873,645,865.0,883.0,-0.1578164065824752,-0.033600794415993215,-9.042214035096453,7.1170303267732935,-0.1578164065824752,False,-9.042214035096453,-0.0336007944159924,False,-1.925183708323108
1894,31.563512055121528,872,644,864.0,882.0,-0.1602518994851193,-0.033600794415993215,-9.181757499452026,7.256573791128874,-0.16025189948511942,False,-9.181757499452033,-0.0336007944159924,False,-1.925183708323108
1895,31.580177056206598,872,644,863.0,882.0,-0.1602518994851193,-0.03779711649456458,-9.181757499452026,7.016142246549177,-0.16025189948511942,False,-9.181757499452033,-0.037797116494566296,False,-2.1656152529029575
1896,31.596842057291667,871,644,863.0,883.0,-0.16235148191281495,-0.033460310449650164,-9.302054711298819,7.384920141336383,-0.16235148191281512,False,-9.302054711298828,-0.03346031044965159,False,-1.9171345699625217
1897,31.613507058376737,872,644,863.0,883.0,-0.1602518994851193,-0.03763911919938858,-9.181757499452026,7.025194824737242,-0.16025189948511942,False,-9.181757499452033,-0.037639119199390336,False,-2.1565626747148925
1898,31.630172059461806,871,644,863.0,882.0,-0.16235148191281495,-0.033600794415993215,-9.302054711298819,7.376871002975669,-0.16235148191281512,False,-9.302054711298828,-0.0336007944159924,False,-1.925183708323108
1899,31.646837060546876,872,644,865.0,883.0,-0.1602518994851193,-0.02928033234577806,-9.181757499452026,7.504118033298565,-0.16025189948511942,False,-9.181757499452033,-0.029280332345777538,False,-1.6776394661534424
1900,31.663502061631945,873,644,866.0,883.0,-0.1581508910119546,-0.02928033234577806,-9.061378581218463,7.383739115064987,-0.15815089101195445,False,-9.061378581218456,-0.029280332345777538,False,-1.6776394661534424
1901,31.680167062717015,874,644,868.0,882.0,-0.15604847360740834,-0.025204745326941735,-8.940918937163115,7.496793406227271,-0.15604847360740814,False,-8.940918937163103,-0.025204745326941946,False,-1.4441255309358578
1902,31.696832063802084,875,644,870.0,884.0,-0.15394466445834992,-0.020830320036217084,-8.820379552021057,7.626890128039031,-0.15394466445834976,False,-8.820379552021048,-0.020830320036218097,False,-1.193489423982093
1903,31.713497064887154,877,645,873.0,883.0,-0.1494157099164678,-0.016805140515041995,-8.560889571164607,7.598025945528387,-0.1494157099164677,False,-8.560889571164601,-0.016805140515042893,False,-0.9628636256362644
1904,31.730162065972223,878,645,875.0,883.0,-0.14731216412858905,-0.012604374487651676,-8.440365275506633,7.718187813961814,-0.14731216412858927,False,-8.440365275506647,-0.012604374487651171,False,-0.7221774615447815
1905,31.746827067057293,880,645,879.0,884.0,-0.14310114794157475,-0.004184076002074724,-8.199091820529441,7.95936192444858,-0.1431011479415747,False,-8.199091820529437,-0.004184076002076154,False,-0.23972989608093428
1906,31.763492068142362,881,645,881.0,884.0,-0.14099371248312417,0.0,-8.078344663164005,8.078344663163994,-0.14099371248312398,False,-8.078344663163994,0.0,False,0.0
1907,31.780157069227432,884,645,884.0,883.0,-0.1346639076930047,0.0,-7.715673563548468,7.7156735635484575,-0.13466390769300451,False,-7.7156735635484575,0.0,False,0.0
1908,31.7968220703125,886,645,887.0,884.0,-0.13043796633018284,0.004184076002074724,-7.473544958989012,7.71327485506986,-0.13043796633018268,False,-7.473544958989002,0.004184076002076154,False,0.23972989608093428
1909,31.81348707139757,888,645,891.0,883.0,-0.1262073343175876,0.012604374487651676,-7.231147599994367,7.953325061539185,-0.1262073343175878,False,-7.231147599994379,0.012604374487651171,False,0.7221774615447815
1910,31.83015207248264,889,645,894.0,883.0,-0.12409030424060835,0.021005313472176913,-7.109850711481201,8.31336652078623,-0.12409030424060852,False,-7.10985071148121,0.021005313472176823,False,1.203515809305021
1911,31.84681707356771,892,646,898.0,884.0,-0.11748225052559104,0.025204745326941735,-6.731237122814964,8.175362653750808,-0.11748225052559125,False,-6.731237122814976,0.025204745326941946,False,1.4441255309358578
1912,31.86348207465278,894,646,901.0,884.0,-0.11324727895645388,0.029403288204005115,-6.4885911255455095,8.173275443441787,-0.11324727895645381,False,-6.488591125545505,0.02940328820400495,False,1.684684317896282
1913,31.88014707573785,896,646,904.0,883.0,-0.10900822384640045,0.03374246255742194,-6.245711158616083,8.179011853534552,-0.1090082238464003,False,-6.245711158616074,0.033742462557423636,False,1.9333006949185805
1914,31.89681207682292,897,646,908.0,884.0,-0.10688721075981081,0.04618561965887765,-6.12418606046248,8.77042714111261,-0.10688721075981089,False,-6.124186060462486,0.04618561965887835,False,2.6462410806501744
1915,31.913477077907988,899,646,911.0,883.0,-0.10264230557834338,0.05058970876938464,-5.8809709091311815,8.779547708412887,-0.10264230557834342,False,-5.880970909131184,0.05058970876938318,False,2.898576799281626
1916,31.930142078993057,901,646,913.0,883.0,-0.09839368505620331,0.05058970876938464,-5.637542884459888,8.536119683741601,-0.0983936850562035,False,-5.637542884459899,0.05058970876938318,False,2.898576799281626
1917,31.946807080078127,902,646,916.0,884.0,-0.096268027980223,0.058755822715722696,-5.515751705314097,8.882212368743893,-0.09626802798022283,False,-5.515751705314087,0.058755822715720996,False,3.366460663429704
1918,31.963472081163196,904,646,919.0,884.0,-0.09201411349612762,0.0629419593073733,-5.272020358965861,8.878328981562518,-0.09201411349612743,False,-5.272020358965849,0.06294195930737345,False,3.606308622596669
1919,31.980137082248266,905,646,920.0,883.0,-0.08988589354725342,0.06320683189746022,-5.150082338019821,8.77156704213716,-0.08988589354725329,False,-5.150082338019814,0.06320683189746035,False,3.621484704117347
1920,31.996802083333336,906,646,922.0,884.0,-0.08775685684230694,0.0671258882021007,-5.0280975203979485,8.874127610445326,-0.08775685684230705,False,-5.028097520397955,0.0671258882020993,False,3.8460300900472957
1921,32.0134670844184,907,646,924.0,883.0,-0.08562702222294727,0.07160731485126633,-4.9060669856477865,9.008863908889817,-0.08562702222294716,False,-4.90606698564778,0.07160731485126703,False,4.102796923242061
1922,32.030132085503475,907,646,924.0,883.0,-0.08562702222294727,0.07160731485126633,-4.9060669856477865,9.008863908889817,-0.08562702222294716,False,-4.90606698564778,0.07160731485126703,False,4.102796923242061
1923,32.04679708658854,908,646,925.0,883.0,-0.08349640857391445,0.07160731485126633,-4.783991815785239,8.886788739027251,-0.0834964085739145,False,-4.7839918157852415,0.07160731485126703,False,4.102796923242061
1924,32.063462087673614,907,646,925.0,883.0,-0.08562702222294727,0.07580383736113926,-4.9060669856477865,9.249306937337188,-0.08562702222294716,False,-4.90606698564778,0.07580383736113916,False,4.343239951689381
1925,32.08012708875868,908,645,924.0,883.0,-0.08367513466739618,0.0671258882021007,-4.794232066630602,8.64026215667798,-0.08367513466739629,False,-4.794232066630609,0.0671258882020993,False,3.8460300900472957
1926,32.09679208984375,908,646,925.0,883.0,-0.08349640857391445,0.07160731485126633,-4.783991815785239,8.886788739027251,-0.0834964085739145,False,-4.7839918157852415,0.07160731485126703,False,4.102796923242061
1927,32.11345709092882,907,646,924.0,883.0,-0.08562702222294727,0.07160731485126633,-4.9060669856477865,9.008863908889817,-0.08562702222294716,False,-4.90606698564778,0.07160731485126703,False,4.102796923242061
1928,32.13012209201389,907,645,922.0,883.0,-0.08581026469650216,0.0629419593073733,-4.91656600601002,8.52287462860668,-0.08581026469650199,False,-4.91656600601001,0.06294195930737345,False,3.606308622596669
1929,32.14678709309896,906,646,921.0,884.0,-0.08775685684230694,0.0629419593073733,-5.0280975203979485,8.634406142994598,-0.08775685684230705,False,-5.028097520397955,0.06294195930737345,False,3.606308622596669
1930,32.16345209418403,905,645,918.0,883.0,-0.09007815370034059,0.05456762350389413,-5.161098033360255,8.287592558192271,-0.09007815370034056,False,-5.161098033360253,0.05456762350389255,False,3.1264945248319163
1931,32.1801170952691,903,645,916.0,883.0,-0.09434275482967847,0.05456762350389413,-5.40544167937804,8.531936204210057,-0.09434275482967847,False,-5.40544167937804,0.05456762350389255,False,3.1264945248319163
1932,32.19678209635417,902,646,914.0,883.0,-0.096268027980223,0.05058970876938464,-5.515751705314097,8.414328504595815,-0.09626802798022283,False,-5.515751705314087,0.05058970876938318,False,2.898576799281626
1933,32.213447097439236,901,645,911.0,883.0,-0.09860391694802668,0.041992107221369514,-5.649588284580418,8.055558801225718,-0.09860391694802662,False,-5.649588284580414,0.04199210722136826,False,2.405970516645228
1934,32.23011209852431,899,645,909.0,883.0,-0.10286148966206866,0.041992107221369514,-5.893529232065083,8.29949974871038,-0.10286148966206854,False,-5.893529232065076,0.04199210722136826,False,2.405970516645228
1935,32.246777099609375,897,645,907.0,884.0,-0.10711532335223174,0.041816613207517075,-6.137255949261988,8.533171399583743,-0.10711532335223195,False,-6.137255949262,0.04181661320751573,False,2.3959154503216675
1936,32.26344210069445,896,645,904.0,884.0,-0.10924079152624372,0.033460310449650164,-6.259036305122252,8.176170875084681,-0.10924079152624389,False,-6.259036305122262,0.03346031044965159,False,1.9171345699625217
1937,32.280107101779514,894,645,901.0,883.0,-0.11348873791057208,0.029403288204005115,-6.502425704542125,8.187110022438404,-0.11348873791057201,False,-6.502425704542121,0.02940328820400495,False,1.684684317896282
1938,32.29677210286459,892,645,898.0,884.0,-0.1177325748040936,0.025099330520065605,-6.745579647482819,8.183665354886482,-0.11773257480409338,False,-6.745579647482805,0.025099330520067298,False,1.4380857074037539
1939,32.31343710394965,891,645,896.0,883.0,-0.11985290632024646,0.021005313472176913,-6.867065694526953,8.070581503831987,-0.11985290632024626,False,-6.86706569452694,0.021005313472176823,False,1.203515809305021
1940,32.330102105034726,889,645,892.0,883.0,-0.12409030424060835,0.012604374487651676,-7.109850711481201,7.832028173026017,-0.12409030424060852,False,-7.10985071148121,0.012604374487651171,False,0.7221774615447815
1941,32.34676710611979,887,645,890.0,883.0,-0.1283232276857948,0.012604374487651676,-7.3523793598923595,8.074556821437183,-0.12832322768579463,False,-7.352379359892351,0.012604374487651171,False,0.7221774615447815
1942,32.363432107204865,886,645,888.0,883.0,-0.13043796633018284,0.008403163547646988,-7.473544958989012,7.9550107648273505,-0.13043796633018268,False,-7.473544958989002,0.008403163547647807,False,0.48146580583839943
1943,32.38009710828993,885,644,884.0,882.0,-0.13283385865845568,-0.004201655946871886,-7.610819477566817,7.370082324845004,-0.13283385865845565,False,-7.6108194775668165,-0.004201655946872052,False,-0.2407371527218122
1944,32.396762109375004,883,644,883.0,883.0,-0.13706617431018764,0.0,-7.853313301978219,7.853313301978213,-0.13706617431018753,False,-7.853313301978213,0.0,False,0.0
1945,32.41342711046007,882,644,880.0,882.0,-0.13918049020307044,-0.008403163547646988,-7.974454679197838,7.492988873359477,-0.13918049020307066,False,-7.974454679197851,-0.008403163547647807,False,-0.48146580583839943
1946,32.43009211154514,881,644,878.0,882.0,-0.14129355437568122,-0.012604374487651676,-8.09552433812874,7.373346876583922,-0.14129355437568103,False,-8.095524338128728,-0.012604374487651171,False,-0.7221774615447815
1947,32.44675711263021,880,644,877.0,882.0,-0.1434053490863396,-0.012604374487651676,-8.216521262247515,7.494343800702697,-0.1434053490863394,False,-8.216521262247504,-0.012604374487651171,False,-0.7221774615447815
1948,32.46342211371528,879,644,876.0,882.0,-0.14551585665996639,-0.012604374487651676,-8.337444438846726,7.615266977301904,-0.14551585665996658,False,-8.337444438846736,-0.012604374487651171,False,-0.7221774615447815
1949,32.48008711480035,879,644,875.0,882.0,-0.14551585665996639,-0.016805140515041995,-8.337444438846726,7.374580813210524,-0.14551585665996658,False,-8.337444438846736,-0.016805140515042893,False,-0.9628636256362644
1950,32.49675211588542,878,644,874.0,882.0,-0.1476250594888868,-0.016805140515041995,-8.458292859080919,7.495429233444708,-0.14762505948888682,False,-8.45829285908092,-0.016805140515042893,False,-0.9628636256362644
1951,32.51341711697049,878,644,874.0,882.0,-0.1476250594888868,-0.016805140515041995,-8.458292859080919,7.495429233444708,-0.14762505948888682,False,-8.45829285908092,-0.016805140515042893,False,-0.9628636256362644
1952,32.53008211805556,878,644,874.0,882.0,-0.1476250594888868,-0.016805140515041995,-8.458292859080919,7.495429233444708,-0.14762505948888682,False,-8.45829285908092,-0.016805140515042893,False,-0.9628636256362644
1953,32.546747119140626,877,644,874.0,882.0,-0.14973294003362475,-0.012604374487651676,-8.579065518012142,7.856888056467343,-0.14973294003362492,False,-8.57906551801215,-0.012604374487651171,False,-0.7221774615447815
1954,32.5634121202257,878,644,875.0,883.0,-0.1476250594888868,-0.012551642069567633,-8.458292859080919,7.7391367425358535,-0.14762505948888682,False,-8.45829285908092,-0.012551642069567492,False,-0.7191561165450674
1955,32.580077121310765,878,644,874.0,882.0,-0.1476250594888868,-0.016805140515041995,-8.458292859080919,7.495429233444708,-0.14762505948888682,False,-8.45829285908092,-0.016805140515042893,False,-0.9628636256362644
1956,32.59674212239583,878,644,875.0,883.0,-0.1476250594888868,-0.012551642069567633,-8.458292859080919,7.7391367425358535,-0.14762505948888682,False,-8.45829285908092,-0.012551642069567492,False,-0.7191561165450674
1957,32.613407123480904,879,644,878.0,882.0,-0.14551585665996639,-0.004201655946871886,-8.337444438846726,8.096707286124925,-0.14551585665996658,False,-8.337444438846736,-0.004201655946872052,False,-0.2407371527218122
1958,32.63007212456597,880,644,878.0,882.0,-0.1434053490863396,-0.008403163547646988,-8.216521262247515,7.735055456409155,-0.1434053490863394,False,-8.216521262247504,-0.008403163547647807,False,-0.48146580583839943
1959,32.64673712565104,881,644,880.0,882.0,-0.14129355437568122,-0.004201655946871886,-8.09552433812874,7.854787185406941,-0.14129355437568103,False,-8.095524338128728,-0.004201655946872052,False,-0.2407371527218122
1960,32.66340212673611,882,644,882.0,882.0,-0.13918049020307044,0.0,-7.974454679197838,7.974454679197851,-0.13918049020307066,False,-7.974454679197851,0.0,False,0.0
1961,32.68006712782118,883,644,884.0,882.0,-0.13706617431018764,0.004201655946871886,-7.853313301978219,8.094050454700024,-0.13706617431018753,False,-7.853313301978213,0.004201655946872052,False,0.2407371527218122
1962,32.69673212890625,884,644,886.0,883.0,-0.1349506245045028,0.008368005512292491,-7.732101226762756,8.211552625559335,-0.13495062450450268,False,-7.73210122676275,0.008368005512291887,False,0.4794513987965335
1963,32.71339712999132,885,644,888.0,883.0,-0.13283385865845568,0.012551642069567633,-7.610819477566817,8.329975594111884,-0.13283385865845565,False,-7.6108194775668165,0.012551642069567492,False,0.7191561165450674
1964,32.73006213107639,887,644,890.0,883.0,-0.12859675065490359,0.012551642069567633,-7.3680510716221805,8.087207188167243,-0.1285967506549035,False,-7.368051071622176,0.012551642069567492,False,0.7191561165450674
1965,32.74672713216146,888,644,893.0,883.0,-0.12647644455963053,0.020917450819302335,-7.2465664810871715,8.445048131205661,-0.1264764445596307,False,-7.24656648108718,0.020917450819300853,False,1.1984816501184048
1966,32.763392133246526,889,644,895.0,882.0,-0.12435499454676144,0.025204745326941735,-7.125016348901798,8.569141879837645,-0.12435499454676124,False,-7.125016348901787,0.025204745326941946,False,1.4441255309358578
1967,32.7800571343316,891,644,896.0,882.0,-0.12010873556691289,0.021005313472176913,-6.88172363063695,8.085239439941967,-0.12010873556691282,False,-6.881723630636945,0.021005313472176823,False,1.203515809305021
1968,32.796722135416665,892,644,898.0,883.0,-0.1179839631480907,0.025099330520065605,-6.759983138612635,8.198068846016293,-0.11798396314809079,False,-6.75998313861264,0.025099330520067298,False,1.4380857074037539
1969,32.81338713650174,893,645,901.0,883.0,-0.11561117923188476,0.033600794415993215,-6.624032634517511,8.549216342840673,-0.1156111792318848,False,-6.624032634517514,0.0336007944159924,False,1.925183708323108
1970,32.830052137586804,894,645,902.0,882.0,-0.11348873791057208,0.03374246255742194,-6.502425704542125,8.4357263994606,-0.11348873791057201,False,-6.502425704542121,0.033742462557423636,False,1.9333006949185805
1971,32.84671713867188,895,645,905.0,883.0,-0.11136526920284726,0.041992107221369514,-6.380759909661394,8.786730426306699,-0.11136526920284728,False,-6.380759909661395,0.04199210722136826,False,2.405970516645228
1972,32.86338213975694,897,645,907.0,883.0,-0.10711532335223174,0.041992107221369514,-6.137255949261988,8.543226465907278,-0.10711532335223195,False,-6.137255949262,0.04199210722136826,False,2.405970516645228
1973,32.88004714084202,897,645,908.0,882.0,-0.10711532335223174,0.04638021692852137,-6.137255949261988,8.794646632167469,-0.10711532335223195,False,-6.137255949262,0.046380216928522344,False,2.6573906829055445
1974,32.89671214192708,899,645,909.0,883.0,-0.10286148966206866,0.041992107221369514,-5.893529232065083,8.29949974871038,-0.10286148966206854,False,-5.893529232065076,0.04199210722136826,False,2.405970516645228
1975,32.913377143012156,899,645,911.0,882.0,-0.10286148966206866,0.05058970876938464,-5.893529232065083,8.792106031346803,-0.10286148966206854,False,-5.893529232065076,0.05058970876938318,False,2.898576799281626
1976,32.93004214409722,899,645,911.0,882.0,-0.10286148966206866,0.05058970876938464,-5.893529232065083,8.792106031346803,-0.10286148966206854,False,-5.893529232065076,0.05058970876938318,False,2.898576799281626
1977,32.946707145182295,900,645,912.0,883.0,-0.10073316135029935,0.050377507181057816,-5.771585002382498,8.6580035462471,-0.1007331613502993,False,-5.771585002382495,0.05037750718105727,False,2.8864185438645786
1978,32.96337214626736,900,645,913.0,883.0,-0.10073316135029935,0.05456762350389413,-5.771585002382498,8.898079527214513,-0.1007331613502993,False,-5.771585002382495,0.05456762350389255,False,3.1264945248319163
1979,32.980037147352434,900,645,913.0,883.0,-0.10073316135029935,0.05456762350389413,-5.771585002382498,8.898079527214513,-0.1007331613502993,False,-5.771585002382495,0.05456762350389255,False,3.1264945248319163
1980,32.9967021484375,901,645,912.0,883.0,-0.09860391694802668,0.04618561965887765,-5.649588284580418,8.295829365230563,-0.09860391694802662,False,-5.649588284580414,0.04618561965887835,False,2.6462410806501744
1981,33.01336714952257,901,645,913.0,882.0,-0.09860391694802668,0.05058970876938464,-5.649588284580418,8.548165083862116,-0.09860391694802662,False,-5.649588284580414,0.05058970876938318,False,2.898576799281626
1982,33.03003215060764,900,645,912.0,882.0,-0.10073316135029935,0.05058970876938464,-5.771585002382498,8.670161801664197,-0.1007331613502993,False,-5.771585002382495,0.05058970876938318,False,2.898576799281626
1983,33.04669715169271,900,644,913.0,882.0,-0.10094878833978675,0.05456762350389413,-5.7839395188292375,8.910434043661247,-0.1009487883397866,False,-5.783939518829229,0.05456762350389255,False,3.1264945248319163
1984,33.06336215277778,900,644,912.0,882.0,-0.10094878833978675,0.050377507181057816,-5.7839395188292375,8.670358062693857,-0.1009487883397866,False,-5.783939518829229,0.05037750718105727,False,2.8864185438645786
1985,33.08002715386285,900,644,911.0,882.0,-0.10094878833978675,0.04618561965887765,-5.7839395188292375,8.430180599479378,-0.1009487883397866,False,-5.783939518829229,0.04618561965887835,False,2.6462410806501744
1986,33.09669215494792,899,645,910.0,883.0,-0.10286148966206866,0.04618561965887765,-5.893529232065083,8.539770312715225,-0.10286148966206854,False,-5.893529232065076,0.04618561965887835,False,2.6462410806501744
1987,33.11335715603299,899,644,908.0,882.0,-0.10308160852270024,0.03779711649456458,-5.9061411137705,8.071756366673354,-0.10308160852270021,False,-5.906141113770499,0.037797116494566296,False,2.1656152529029575
1988,33.130022157118056,898,644,907.0,882.0,-0.10521348796590078,0.03779711649456458,-6.028288808296591,8.193904061199461,-0.10521348796590058,False,-6.02828880829658,0.037797116494566296,False,2.1656152529029575
1989,33.14668715820313,897,644,906.0,882.0,-0.10734440792625051,0.03779711649456458,-6.150381528504815,8.315996781407668,-0.10734440792625044,False,-6.150381528504812,0.037797116494566296,False,2.1656152529029575
1990,33.163352159288195,896,644,904.0,882.0,-0.10947434971233308,0.033600794415993215,-6.272418203455904,8.197601911779055,-0.10947434971233294,False,-6.272418203455896,0.0336007944159924,False,1.925183708323108
1991,33.18001716037327,895,644,902.0,882.0,-0.11160329468538882,0.029403288204005115,-6.39439776522759,8.079082083123888,-0.11160329468538865,False,-6.3943977652275805,0.02940328820400495,False,1.684684317896282
1992,33.196682161458334,894,644,902.0,882.0,-0.11373122426024293,0.033600794415993215,-6.516319148967798,8.441502857290953,-0.11373122426024285,False,-6.516319148967793,0.0336007944159924,False,1.925183708323108
1993,33.21334716254341,893,644,900.0,882.0,-0.11585811990622655,0.029403288204005115,-6.638181292947411,8.32286561084369,-0.11585811990622652,False,-6.638181292947409,0.02940328820400495,False,1.684684317896282
1994,33.23001216362847,892,644,898.0,882.0,-0.1179839631480907,0.025204745326941735,-6.759983138612635,8.204108669548472,-0.11798396314809079,False,-6.75998313861264,0.025204745326941946,False,1.4441255309358578
1995,33.246677164713546,891,644,897.0,882.0,-0.12010873556691289,0.025204745326941735,-6.88172363063695,8.325849161572803,-0.12010873556691282,False,-6.881723630636945,0.025204745326941946,False,1.4441255309358578
1996,33.26334216579861,890,644,895.0,882.0,-0.12223241880099626,0.021005313472176913,-7.00340171697262,8.206917526277651,-0.12223241880099645,False,-7.003401716972631,0.021005313472176823,False,1.203515809305021
1997,33.280007166883685,889,644,893.0,882.0,-0.12435499454676144,0.016805140515041995,-7.125016348901798,8.087879974538,-0.12435499454676124,False,-7.125016348901787,0.016805140515042893,False,0.9628636256362644
1998,33.29667216796875,888,644,892.0,882.0,-0.12647644455963053,0.016805140515041995,-7.2465664810871715,8.209430106723394,-0.1264764445596307,False,-7.24656648108718,0.016805140515042893,False,0.9628636256362644
1999,33.313337169053824,887,644,890.0,882.0,-0.12859675065490359,0.012604374487651676,-7.3680510716221805,8.090228533166982,-0.1285967506549035,False,-7.368051071622176,0.012604374487651171,False,0.7221774615447815
2000,33.33000217013889,887,644,889.0,882.0,-0.12859675065490359,0.008403163547646988,-7.3680510716221805,7.849516877460524,-0.1285967506549035,False,-7.368051071622176,0.008403163547647807,False,0.48146580583839943
2001,33.34666717122396,886,644,888.0,882.0,-0.1307158947086273,0.008403163547646988,-7.489469082080793,7.970934887919157,-0.1307158947086271,False,-7.489469082080783,0.008403163547647807,False,0.48146580583839943
2002,33.36333217230903,886,644,887.0,882.0,-0.1307158947086273,0.004201655946871886,-7.489469082080793,7.730206234802595,-0.1307158947086271,False,-7.489469082080783,0.004201655946872052,False,0.2407371527218122
2003,33.379997173394095,885,643,886.0,882.0,-0.13311738313456958,0.004184076002074724,-7.627064233436802,7.866794129517646,-0.13311738313456978,False,-7.627064233436814,0.004184076002076154,False,0.23972989608093428
2004,33.39666217447917,884,644,886.0,882.0,-0.1349506245045028,0.008403163547646988,-7.732101226762756,8.213567032601098,-0.13495062450450268,False,-7.73210122676275,0.008403163547647807,False,0.48146580583839943
2005,33.413327175564234,884,644,885.0,882.0,-0.1349506245045028,0.004201655946871886,-7.732101226762756,7.972838379484562,-0.13495062450450268,False,-7.73210122676275,0.004201655946872052,False,0.2407371527218122
2006,33.42999217664931,884,643,884.0,882.0,-0.13523855736705365,0.0,-7.748598564570041,7.748598564570037,-0.1352385573670536,False,-7.748598564570037,0.0,False,0.0
2007,33.44665717773437,883,644,885.0,882.0,-0.13706617431018764,0.008403163547646988,-7.853313301978219,8.334779107816562,-0.13706617431018753,False,-7.853313301978213,0.008403163547647807,False,0.48146580583839943
2008,33.463322178819446,883,644,884.0,882.0,-0.13706617431018764,0.004201655946871886,-7.853313301978219,8.094050454700024,-0.13706617431018753,False,-7.853313301978213,0.004201655946872052,False,0.2407371527218122
2009,33.47998717990451,883,643,884.0,882.0,-0.13735850785444362,0.004184076002074724,-7.870062780274188,8.10979267635505,-0.1373585078544437,False,-7.870062780274193,0.004184076002076154,False,0.23972989608093428
2010,33.496652180989585,883,644,885.0,882.0,-0.13706617431018764,0.008403163547646988,-7.853313301978219,8.334779107816562,-0.13706617431018753,False,-7.853313301978213,0.008403163547647807,False,0.48146580583839943
2011,33.51331718207465,883,643,885.0,882.0,-0.13735850785444362,0.008368005512292491,-7.870062780274188,8.349514179070752,-0.1373585078544437,False,-7.870062780274193,0.008368005512291887,False,0.4794513987965335
2012,33.529982183159724,883,643,884.0,882.0,-0.13735850785444362,0.004184076002074724,-7.870062780274188,8.10979267635505,-0.1373585078544437,False,-7.870062780274193,0.004184076002076154,False,0.23972989608093428
2013,33.54664718424479,884,643,885.0,882.0,-0.13523855736705365,0.004184076002074724,-7.748598564570041,7.988328460650895,-0.1352385573670536,False,-7.748598564570037,0.004184076002076154,False,0.23972989608093428
2014,33.56331218532986,884,643,887.0,882.0,-0.13523855736705365,0.012551642069567633,-7.748598564570041,8.467754681115105,-0.1352385573670536,False,-7.748598564570037,0.012551642069567492,False,0.7191561165450674
2015,33.57997718641493,884,643,887.0,882.0,-0.13523855736705365,0.012551642069567633,-7.748598564570041,8.467754681115105,-0.1352385573670536,False,-7.748598564570037,0.012551642069567492,False,0.7191561165450674
2016,33.5966421875,885,644,888.0,882.0,-0.13283385865845568,0.012604374487651676,-7.610819477566817,8.332996939111624,-0.13283385865845565,False,-7.6108194775668165,0.012604374487651171,False,0.7221774615447815
2017,33.61330718858507,886,644,890.0,882.0,-0.1307158947086273,0.016805140515041995,-7.489469082080793,8.452332707716996,-0.1307158947086271,False,-7.489469082080783,0.016805140515042893,False,0.9628636256362644
2018,33.62997218967014,886,644,890.0,882.0,-0.1307158947086273,0.016805140515041995,-7.489469082080793,8.452332707716996,-0.1307158947086271,False,-7.489469082080783,0.016805140515042893,False,0.9628636256362644
2019,33.64663719075521,887,644,891.0,882.0,-0.12859675065490359,0.016805140515041995,-7.3680510716221805,8.33091469725839,-0.1285967506549035,False,-7.368051071622176,0.016805140515042893,False,0.9628636256362644
2020,33.66330219184028,888,644,893.0,882.0,-0.12647644455963053,0.021005313472176913,-7.2465664810871715,8.450082290392201,-0.1264764445596307,False,-7.24656648108718,0.021005313472176823,False,1.203515809305021
2021,33.679967192925346,888,644,893.0,882.0,-0.12647644455963053,0.021005313472176913,-7.2465664810871715,8.450082290392201,-0.1264764445596307,False,-7.24656648108718,0.021005313472176823,False,1.203515809305021
2022,33.69663219401042,890,644,895.0,882.0,-0.12223241880099626,0.021005313472176913,-7.00340171697262,8.206917526277651,-0.12223241880099645,False,-7.003401716972631,0.021005313472176823,False,1.203515809305021
2023,33.713297195095485,890,644,897.0,882.0,-0.12223241880099626,0.029403288204005115,-7.00340171697262,8.688086034868913,-0.12223241880099645,False,-7.003401716972631,0.02940328820400495,False,1.684684317896282
2024,33.72996219618056,890,644,897.0,882.0,-0.12223241880099626,0.029403288204005115,-7.00340171697262,8.688086034868913,-0.12223241880099645,False,-7.003401716972631,0.02940328820400495,False,1.684684317896282
2025,33.746627197265624,891,644,898.0,882.0,-0.12010873556691289,0.029403288204005115,-6.88172363063695,8.566407948533254,-0.12010873556691282,False,-6.881723630636945,0.02940328820400495,False,1.684684317896282
2026,33.7632921983507,892,644,899.0,882.0,-0.1179839631480907,0.029403288204005115,-6.759983138612635,8.444667456508922,-0.11798396314809079,False,-6.75998313861264,0.02940328820400495,False,1.684684317896282
2027,33.77995719943576,892,644,900.0,882.0,-0.1179839631480907,0.033600794415993215,-6.759983138612635,8.685166846935799,-0.11798396314809079,False,-6.75998313861264,0.0336007944159924,False,1.925183708323108
2028,33.79662220052084,893,644,901.0,882.0,-0.11585811990622655,0.033600794415993215,-6.638181292947411,8.563365001270567,-0.11585811990622652,False,-6.638181292947409,0.0336007944159924,False,1.925183708323108
2029,33.8132872016059,893,644,901.0,882.0,-0.11585811990622655,0.033600794415993215,-6.638181292947411,8.563365001270567,-0.11585811990622652,False,-6.638181292947409,0.0336007944159924,False,1.925183708323108
2030,33.829952202690976,894,644,901.0,882.0,-0.11373122426024293,0.029403288204005115,-6.516319148967798,8.201003466864101,-0.11373122426024285,False,-6.516319148967793,0.02940328820400495,False,1.684684317896282
2031,33.84661720377604,894,644,902.0,882.0,-0.11373122426024293,0.033600794415993215,-6.516319148967798,8.441502857290953,-0.11373122426024285,False,-6.516319148967793,0.0336007944159924,False,1.925183708323108
2032,33.863282204861115,894,644,903.0,881.0,-0.11373122426024293,0.03795644518831435,-6.516319148967798,8.691063263577858,-0.11373122426024285,False,-6.516319148967793,0.03795644518831409,False,2.174744114610039
2033,33.87994720594618,894,644,902.0,881.0,-0.11373122426024293,0.03374246255742194,-6.516319148967798,8.449619843886271,-0.11373122426024285,False,-6.516319148967793,0.033742462557423636,False,1.9333006949185805
2034,33.896612207031254,894,644,903.0,882.0,-0.11373122426024293,0.03779711649456458,-6.516319148967798,8.681934401870649,-0.11373122426024285,False,-6.516319148967793,0.037797116494566296,False,2.1656152529029575
2035,33.91327720811632,895,644,903.0,881.0,-0.11160329468538882,0.03374246255742194,-6.39439776522759,8.327698460146085,-0.11160329468538865,False,-6.3943977652275805,0.033742462557423636,False,1.9333006949185805
2036,33.92994220920139,895,644,903.0,881.0,-0.11160329468538882,0.03374246255742194,-6.39439776522759,8.327698460146085,-0.11160329468538865,False,-6.3943977652275805,0.033742462557423636,False,1.9333006949185805
2037,33.94660721028646,895,644,903.0,881.0,-0.11160329468538882,0.03374246255742194,-6.39439776522759,8.327698460146085,-0.11160329468538865,False,-6.3943977652275805,0.033742462557423636,False,1.9333006949185805
2038,33.96327221137153,894,643,904.0,882.0,-0.1139747445480211,0.041816613207517075,-6.530271833683298,8.926187284005051,-0.11397474454802126,False,-6.530271833683307,0.04181661320751573,False,2.3959154503216675
2039,33.9799372124566,894,644,902.0,881.0,-0.11373122426024293,0.03374246255742194,-6.516319148967798,8.449619843886271,-0.11373122426024285,False,-6.516319148967793,0.033742462557423636,False,1.9333006949185805
2040,33.99660221354167,894,644,902.0,882.0,-0.11373122426024293,0.033600794415993215,-6.516319148967798,8.441502857290953,-0.11373122426024285,False,-6.516319148967793,0.0336007944159924,False,1.925183708323108
2041,34.01326721462674,894,644,902.0,882.0,-0.11373122426024293,0.033600794415993215,-6.516319148967798,8.441502857290953,-0.11373122426024285,False,-6.516319148967793,0.0336007944159924,False,1.925183708323108
2042,34.02993221571181,894,643,901.0,881.0,-0.1139747445480211,0.029403288204005115,-6.530271833683298,8.214956151579589,-0.11397474454802126,False,-6.530271833683307,0.02940328820400495,False,1.684684317896282
2043,34.046597216796876,893,644,901.0,881.0,-0.11585811990622655,0.03374246255742194,-6.638181292947411,8.571481987865887,-0.11585811990622652,False,-6.638181292947409,0.033742462557423636,False,1.9333006949185805
2044,34.06326221788195,893,643,900.0,881.0,-0.11610611299407576,0.029403288204005115,-6.652390250229588,8.337074568125866,-0.1161061129940757,False,-6.652390250229583,0.02940328820400495,False,1.684684317896282
2045,34.079927218967015,892,643,898.0,881.0,-0.1182364223246676,0.025204745326941735,-6.774447983929839,8.218573514865676,-0.11823642232466769,False,-6.774447983929845,0.025204745326941946,False,1.4441255309358578
2046,34.09659222005209,892,643,898.0,882.0,-0.1182364223246676,0.025099330520065605,-6.774447983929839,8.212533691333496,-0.11823642232466769,False,-6.774447983929845,0.025099330520067298,False,1.4380857074037539
2047,34.113257221137154,891,643,897.0,881.0,-0.12036565400800454,0.025204745326941735,-6.896443972990582,8.340569503926423,-0.1203656540080047,False,-6.896443972990591,0.025204745326941946,False,1.4441255309358578
