frame,time_s,Gx,Gy,Bx,By,theta1_rad,theta2_rel_rad,theta1_deg,theta2_rel_deg,theta1_rad_filled,theta1_interpolated,theta1_deg_filled,theta2_rel_rad_filled,theta2_rel_interpolated,theta2_rel_deg_filled
0,0.0,1248,176,1267.0,422.0,1.5840845811480198,0.07708273987648959,90.7613608915303,-86.34484522330268,1.5840845811480193,False,90.76136089153027,0.07708273987648973,False,4.416515668227634
1,0.01666500572737686,1249,176,1267.0,422.0,1.5840405854596258,0.07304056530311932,90.75884012426856,-86.57392399915014,1.5840405854596256,False,90.75884012426854,0.0730405653031192,False,4.184916125118408
2,0.03333001145475372,1248,176,1266.0,422.0,1.5840845811480198,0.07304056530311932,90.7613608915303,-86.57644476641188,1.5840845811480193,False,90.76136089153027,0.0730405653031192,False,4.184916125118408
3,0.049995017182130584,1249,177,1267.0,423.0,1.5807297748941012,0.07304056530311932,90.56914465209667,-86.38422852697825,1.5807297748941007,False,90.56914465209665,0.0730405653031192,False,4.184916125118408
4,0.06666002290950744,1249,177,1266.0,423.0,1.5807297748941012,0.06899599822871096,90.56914465209667,-86.61596515029943,1.5807297748941007,False,90.56914465209665,0.06899599822871094,False,3.9531795017972406
5,0.0833250286368843,1249,178,1266.0,424.0,1.5774187465375644,0.06899599822871096,90.37943670141898,-86.42625719962174,1.577418746537564,False,90.37943670141895,0.06899599822871094,False,3.9531795017972406
6,0.09999003436426117,1249,179,1266.0,425.0,1.5741075729711005,0.06899599822871096,90.18972043082532,-86.23654092902808,1.5741075729711005,False,90.18972043082532,0.06899599822871094,False,3.9531795017972406
7,0.11665504009163803,1249,179,1266.0,426.0,1.5741075729711005,0.06871754251855682,90.18972043082532,-86.25249526600122,1.5741075729711005,False,90.18972043082532,0.06871754251855666,False,3.937225164824082
8,0.13332004581901488,1250,180,1265.0,426.0,1.5707963267948966,0.06090020827798799,90.0,-86.5106750942036,1.5707963267948966,False,90.0,0.06090020827798792,False,3.4893249057963867
9,0.14998505154639175,1250,181,1265.0,427.0,1.5674960087444094,0.06090020827798799,89.81090570465625,-86.32158079885986,1.5674960087444099,False,89.81090570465626,0.06090020827798792,False,3.4893249057963867
10,0.1666500572737686,1251,181,1265.0,427.0,1.5675068649753428,0.05684924733283777,89.81152772087015,-86.5543057802032,1.5675068649753428,False,89.81152772087015,0.056849247332837916,False,3.2572219406669647
11,0.18331506300114547,1251,182,1264.0,428.0,1.5642174743418802,0.05279641769902074,89.62305952040288,-86.59804761283918,1.5642174743418806,False,89.6230595204029,0.05279641769902055,False,3.0250119075636785
12,0.19998006872852234,1251,182,1265.0,429.0,1.5642174743418802,0.05661958100924039,89.62305952040288,-86.37899649077433,1.5642174743418806,False,89.6230595204029,0.05661958100924025,False,3.2440630296285327
13,0.2166450744558992,1251,183,1264.0,429.0,1.5609282260713575,0.05279641769902074,89.43459947673122,-86.40958756916753,1.5609282260713577,False,89.43459947673124,0.05279641769902055,False,3.0250119075636785
14,0.23331008018327606,1251,183,1264.0,429.0,1.5609282260713575,0.05279641769902074,89.43459947673122,-86.40958756916753,1.5609282260713577,False,89.43459947673124,0.05279641769902055,False,3.0250119075636785
15,0.24997508591065293,1251,184,1264.0,430.0,1.5576391913221408,0.05279641769902074,89.24615166692924,-86.22113975936554,1.5576391913221403,False,89.24615166692921,0.05279641769902055,False,3.0250119075636785
16,0.26664009163802976,1251,184,1264.0,430.0,1.5576391913221408,0.05279641769902074,89.24615166692924,-86.22113975936554,1.5576391913221403,False,89.24615166692921,0.05279641769902055,False,3.0250119075636785
17,0.28330509736540666,1251,184,1263.0,431.0,1.5576391913221408,0.04854482638882817,89.24615166692924,-86.46473799765407,1.5576391913221403,False,89.24615166692921,0.04854482638882818,False,2.7814136692751594
18,0.2999701030927835,1252,185,1264.0,432.0,1.5544043524868913,0.04854482638882817,89.06080905426442,-86.27939538498926,1.5544043524868911,False,89.06080905426441,0.04854482638882818,False,2.7814136692751594
19,0.3166351088201604,1252,185,1263.0,433.0,1.5544043524868913,0.04432578580697754,89.06080905426442,-86.52112860392373,1.5544043524868911,False,89.06080905426441,0.044325785806977436,False,2.539680450340693
20,0.3333001145475372,1252,186,1263.0,433.0,1.5511267327156224,0.04450500603413473,88.87301527452207,-86.32306626156189,1.5511267327156224,False,88.87301527452207,0.04450500603413454,False,2.549949012960171
21,0.3499651202749141,1253,187,1264.0,434.0,1.5479244988769207,0.04450500603413473,88.6895407905505,-86.13959177759031,1.5479244988769203,False,88.68954079055047,0.04450500603413454,False,2.549949012960171
22,0.36663012600229095,1253,187,1263.0,435.0,1.5479244988769207,0.04030074830378136,88.6895407905505,-86.3804780015248,1.5479244988769203,False,88.68954079055047,0.040300748303781386,False,2.3090627890256847
23,0.38329513172966784,1252,188,1262.0,435.0,1.5445728313041336,0.0404637315476606,88.49750438429894,-86.17910334326763,1.5445728313041336,False,88.49750438429894,0.040463731547660586,False,2.3184010410313145
24,0.3999601374570447,1253,189,1262.0,436.0,1.5413930385908916,0.03642113421450685,88.31531568210372,-86.22853840653295,1.5413930385908916,False,88.31531568210372,0.03642113421450688,False,2.086777275570765
25,0.41662514318442156,1253,189,1262.0,437.0,1.5413930385908916,0.0362744038570487,88.31531568210372,-86.23694543674176,1.5413930385908916,False,88.31531568210372,0.03627440385704883,False,2.078370245361973
26,0.4332901489117984,1253,190,1261.0,436.0,1.5381282143929809,0.032508868282023935,88.12825503471124,-86.26563408540456,1.538128214392981,False,88.12825503471126,0.03250886828202404,False,1.8626209493066848
27,0.44995515463917524,1254,190,1262.0,437.0,1.5382345498597119,0.032377345578675505,88.13434760816749,-86.27926235467282,1.5382345498597116,False,88.13434760816747,0.03237734557867533,False,1.8550852534946527
28,0.46662016036655213,1254,191,1262.0,438.0,1.5349810296151079,0.032377345578675505,87.9479346295913,-86.09284937609664,1.5349810296151079,False,87.9479346295913,0.03237734557867533,False,1.8550852534946527
29,0.48328516609392896,1254,191,1261.0,438.0,1.5349810296151079,0.028332497417542176,87.9479346295913,-86.32460210450084,1.5349810296151079,False,87.9479346295913,0.02833249741754207,False,1.6233325250904647
30,0.49995017182130586,1254,192,1261.0,438.0,1.5317282677534458,0.02844760817002252,87.76156510315695,-86.13163721777279,1.5317282677534454,False,87.76156510315693,0.028447608170022676,False,1.6299278853841785
31,0.5166151775486827,1254,192,1262.0,438.0,1.5317282677534458,0.032508868282023935,87.76156510315695,-85.89894415385027,1.5317282677534454,False,87.76156510315693,0.03250886828202404,False,1.8626209493066848
32,0.5332801832760595,1254,192,1261.0,438.0,1.5317282677534458,0.02844760817002252,87.76156510315695,-86.13163721777279,1.5317282677534454,False,87.76156510315693,0.028447608170022676,False,1.6299278853841785
33,0.5499451890034365,1254,192,1261.0,439.0,1.5317282677534458,0.028332497417542176,87.76156510315695,-86.13823257806649,1.5317282677534454,False,87.76156510315693,0.02833249741754207,False,1.6233325250904647
34,0.5666101947308133,1254,192,1261.0,439.0,1.5317282677534458,0.028332497417542176,87.76156510315695,-86.13823257806649,1.5317282677534454,False,87.76156510315693,0.02833249741754207,False,1.6233325250904647
35,0.5832752004581901,1254,192,1261.0,438.0,1.5317282677534458,0.02844760817002252,87.76156510315695,-86.13163721777279,1.5317282677534454,False,87.76156510315693,0.028447608170022676,False,1.6299278853841785
36,0.599940206185567,1254,192,1261.0,439.0,1.5317282677534458,0.028332497417542176,87.76156510315695,-86.13823257806649,1.5317282677534454,False,87.76156510315693,0.02833249741754207,False,1.6233325250904647
37,0.6166052119129439,1254,192,1261.0,438.0,1.5317282677534458,0.02844760817002252,87.76156510315695,-86.13163721777279,1.5317282677534454,False,87.76156510315693,0.028447608170022676,False,1.6299278853841785
38,0.6332702176403208,1254,191,1261.0,437.0,1.5349810296151079,0.02844760817002252,87.9479346295913,-86.31800674420714,1.5349810296151079,False,87.9479346295913,0.028447608170022676,False,1.6299278853841785
39,0.6499352233676976,1253,190,1261.0,437.0,1.5381282143929809,0.032377345578675505,88.12825503471124,-86.27316978121658,1.538128214392981,False,88.12825503471126,0.03237734557867533,False,1.8550852534946527
40,0.6666002290950744,1253,189,1263.0,435.0,1.5413930385908916,0.04062803768137312,88.31531568210372,-85.98750059306256,1.5413930385908916,False,88.31531568210372,0.04062803768137302,False,2.327815089041149
41,0.6832652348224513,1252,187,1262.0,433.0,1.5478495355555435,0.04062803768137312,88.6852457086173,-86.35743061957615,1.5478495355555433,False,88.68524570861729,0.04062803768137302,False,2.327815089041149
42,0.6999302405498282,1252,186,1263.0,433.0,1.5511267327156224,0.04450500603413473,88.87301527452207,-86.32306626156189,1.5511267327156224,False,88.87301527452207,0.04450500603413454,False,2.549949012960171
43,0.7165952462772051,1251,184,1264.0,431.0,1.5576391913221408,0.05258306161094172,89.24615166692924,-86.23336416274589,1.5576391913221403,False,89.24615166692921,0.052583061610941506,False,3.012787504183328
44,0.7332602520045819,1250,183,1264.0,429.0,1.560895660206908,0.05684924733283777,89.43273359014206,-86.17551164947511,1.5608956602069082,False,89.43273359014208,0.056849247332837916,False,3.2572219406669647
45,0.7499252577319587,1250,182,1264.0,428.0,1.5641957625871394,0.05684924733283777,89.6218155284904,-86.36459358782345,1.5641957625871399,False,89.62181552849043,0.056849247332837916,False,3.2572219406669647
46,0.7665902634593357,1249,180,1265.0,426.0,1.5707963267948966,0.06494916896802275,90.0,-86.27868673525023,1.5707963267948966,False,90.0,0.06494916896802261,False,3.7213132647497518
47,0.7832552691867125,1249,179,1265.0,424.0,1.5741075729711005,0.06521351816716534,90.18972043082532,-86.45326107264702,1.5741075729711005,False,90.18972043082532,0.06521351816716514,False,3.7364593581782826
48,0.7999202749140893,1248,178,1265.0,424.0,1.5774407472855863,0.06899599822871096,90.38069725142677,-86.42751774962952,1.5774407472855865,False,90.38069725142678,0.06899599822871094,False,3.9531795017972406
49,0.8165852806414662,1248,177,1266.0,423.0,1.5807627742011037,0.07304056530311932,90.57103537311477,-86.38611924799635,1.5807627742011032,False,90.57103537311475,0.0730405653031192,False,4.184916125118408
50,0.8332502863688431,1248,177,1265.0,423.0,1.5807627742011037,0.06899599822871096,90.57103537311477,-86.61785587131753,1.5807627742011032,False,90.57103537311475,0.06899599822871094,False,3.9531795017972406
51,0.84991529209622,1248,177,1265.0,424.0,1.5807627742011037,0.06871754251855682,90.57103537311477,-86.63381020829068,1.5807627742011032,False,90.57103537311475,0.06871754251855666,False,3.937225164824082
52,0.8665802978235968,1248,179,1266.0,426.0,1.5741185737081496,0.07274589877594403,90.19035072662976,-86.02231774988228,1.5741185737081498,False,90.19035072662977,0.07274589877594417,False,4.168032976747503
53,0.8832453035509736,1250,182,1264.0,428.0,1.5641957625871394,0.05684924733283777,89.6218155284904,-86.36459358782345,1.5641957625871399,False,89.62181552849043,0.056849247332837916,False,3.2572219406669647
54,0.8999103092783505,1252,186,1264.0,434.0,1.5511267327156224,0.04834938665190287,88.87301527452207,-86.10279947732188,1.5511267327156224,False,88.87301527452207,0.048349386651902915,False,2.770215797200195
55,0.9165753150057274,1255,194,1263.0,443.0,1.5253730473733196,0.03211746610363529,87.39743779750019,-85.55724254110741,1.5253730473733196,False,87.39743779750019,0.032117466103635195,False,1.8401952563927773
56,0.9332403207331043,1259,207,1260.0,456.0,1.4844729258544338,0.004016042665841987,85.05403345289584,-84.82393115779863,1.4844729258544334,False,85.05403345289582,0.00401604266584199,False,0.23010229509721403
57,0.9499053264604811,1264,225,1258.0,475.0,1.4297826641870868,-0.023995393591869883,81.92051227889075,-83.29534705946016,1.429782664187087,False,81.92051227889075,-0.023995393591869973,False,-1.3748347805694106
58,0.9665703321878579,1270,249,1256.0,499.0,1.3603373770776603,-0.05594157123356096,77.94159042044636,-81.14680635145984,1.3603373770776601,False,77.94159042044635,-0.05594157123356114,False,-3.2052159310135075
59,0.9832353379152349,1274,279,1253.0,528.0,1.2768164089916754,-0.08413824053117094,73.15619144827258,-77.97695752636524,1.2768164089916754,False,73.15619144827258,-0.0841382405311708,False,-4.820766078092649
60,0.9999003436426117,1276,315,1252.0,564.0,1.1814128982711736,-0.0960887155173669,67.68997293325671,-73.19545079123506,1.1814128982711738,False,67.68997293325673,-0.09608871551736708,False,-5.505477857978357
61,1.0165653493699887,1274,356,1252.0,606.0,1.077037339781008,-0.08777389232722038,61.70969394744937,-66.73876752923482,1.0770373397810076,False,61.70969394744934,-0.08777389232722044,False,-5.02907358178545
62,1.0332303550973654,1265,403,1254.0,653.0,0.9592266587459357,-0.04397163827103559,54.95963914257779,-57.47902843378406,0.9592266587459353,False,54.959639142577764,-0.04397163827103556,False,-2.519389291206266
63,1.0498953608247423,1248,454,1257.0,703.0,0.8323202190100201,0.036128850512775534,47.6884357526785,-45.61840509963741,0.8323202190100201,False,47.6884357526785,0.03612885051277548,False,2.070030653041095
64,1.066560366552119,1220,508,1263.0,750.0,0.6941382162627242,0.17585060996406793,39.7711901905933,-29.69569241485104,0.6941382162627243,False,39.77119019059331,0.17585060996406776,False,10.075497775742264
65,1.083225372279496,1177,563,1268.0,786.0,0.5408033774110369,0.38744535594910695,30.985751072073015,-8.786767384245282,0.540803377411037,False,30.985751072073022,0.3874453559491071,False,22.19898368782774
66,1.099890378006873,1117,613,1262.0,799.0,0.3741192384204721,0.662158824765641,21.435453396141646,16.50345263027223,0.3741192384204721,False,21.435453396141646,0.6621588247656409,False,37.938906026413875
67,1.1165553837342497,1048,649,1233.0,792.0,0.21211240405937787,0.9127538991250519,12.153145534975943,40.14380061899921,0.2121124040593778,False,12.15314553497594,0.9127538991250521,False,52.29694615397517
68,1.1332203894616266,975,668,1185.0,779.0,0.05731420910603989,1.0845536937073916,3.2838622879063566,58.856487016851375,0.057314209106039904,False,3.2838622879063575,1.0845536937073916,False,62.14034930475773
69,1.1498853951890033,904,672,1122.0,767.0,-0.08717685820584839,1.1598306229354012,-4.994866046405531,71.44826569063319,-0.08717685820584853,False,-4.994866046405539,1.1598306229354014,False,66.45339964422767
70,1.1665504009163803,836,662,1053.0,765.0,-0.2263442337496995,1.1276300247758781,-12.96856931098035,77.57701058287063,-0.2263442337496997,False,-12.96856931098036,1.1276300247758781,False,64.60844127189027
71,1.1832154066437572,774,641,978.0,769.0,-0.3590083693390691,1.0104364498900535,-20.569664373002528,78.46340841788468,-0.3590083693390689,False,-20.569664373002514,1.0104364498900535,False,57.89374404488216
72,1.199880412371134,722,612,895.0,778.0,-0.4801750296035269,0.8060441969316666,-27.512002623851455,73.69493320904772,-0.48017502960352676,False,-27.512002623851448,0.8060441969316665,False,46.182930585196274
73,1.216545418098511,679,578,800.0,785.0,-0.5926268480428776,0.5289750786241577,-33.955017218997654,64.26305669176276,-0.5926268480428778,False,-33.95501721899767,0.5289750786241578,False,30.308039472765135
74,1.2332104238258879,648,546,694.0,782.0,-0.6849851311122566,0.1925016348099795,-39.24675704194764,50.276288265928116,-0.6849851311122563,False,-39.246757041947625,0.19250163480997973,False,11.029531223980491
75,1.2498754295532646,627,519,582.0,755.0,-0.7565745852734309,-0.1884162093521546,-43.348530623028196,32.55307703529638,-0.7565745852734311,False,-43.34853062302821,-0.18841620935215442,False,-10.7954535877318
76,1.2665404352806415,614,500,480.0,700.0,-0.8053036503268012,-0.590306746935372,-46.14050039020474,12.3184151727108,-0.8053036503268012,False,-46.14050039020474,-0.5903067469353722,False,-33.82208521749397
77,1.2832054410080183,608,490,402.0,613.0,-0.8300525885635911,-1.0325212120865777,-47.55851009860275,-11.600597611690317,-0.830052588563591,False,-47.558510098602746,-1.0325212120865777,False,-59.159107710293064
78,1.2998704467353952,606,485,367.0,509.0,-0.841068136405545,-1.470713424120305,-48.18965449897115,-36.07601757635617,-0.841068136405545,False,-48.18965449897115,-1.470713424120305,False,-84.26567207532733
79,1.3165354524627721,602,478,375.0,405.0,-0.8583632683928328,-1.8819371997280039,-49.18059256796445,-58.64646628511883,-0.8583632683928331,False,-49.18059256796447,-1.8819371997280039,False,-107.82705885308329
80,1.3332004581901489,598,469,413.0,315.0,-0.8791662632504574,-2.265002688148148,-50.3725163745387,-79.40257824213636,-0.8791662632504575,False,-50.372516374538705,-2.265002688148148,False,-129.77509461667506
81,1.3498654639175258,592,456,477.0,249.0,-0.9099482037775077,-2.6344941491974563,-52.13619165196139,-98.80920424896148,-0.9099482037775077,False,-52.13619165196139,-2.6344941491974563,False,-150.94539590092285
82,1.3665304696449025,586,442,549.0,205.0,-0.9429889967077858,-2.986724628359697,-54.02928963863201,-117.09742613415793,-0.9429889967077858,False,-54.02928963863201,-2.986724628359697,False,-171.12671577278994
83,1.3831954753722795,580,426,627.0,189.0,-0.9802827429627713,2.945820468937235,-56.1660639012745,-135.05085602537292,-0.9802827429627712,False,-56.16606390127449,2.945820468937235,False,168.7830800733526
84,1.3998604810996564,575,409,702.0,202.0,-1.0189913742614753,2.5912864698116924,-58.38390510541824,-153.14631666501757,-1.0189913742614753,False,-58.38390510541824,2.591286469811692,False,148.46977822956416
85,1.4165254868270332,571,393,766.0,240.0,-1.0553815385150325,2.236085754625432,-60.4689079329349,-171.41281569770203,-1.0553815385150322,False,-60.46890793293489,2.2360857546254316,False,128.11827636936303
86,1.4331904925544101,568,379,806.0,295.0,-1.0872976162458936,1.9100889412489412,-62.29756448552472,171.7375993137009,-1.0872976162458938,False,-62.29756448552473,1.910088941248941,False,109.44003482817618
87,1.449855498281787,566,368,826.0,392.0,-1.1124118270916858,1.4787494779314898,-63.73650277279029,148.46260681543856,-1.1124118270916856,False,-63.736502772790274,1.4787494779314896,False,84.72610404264822
88,1.4665205040091638,566,366,800.0,466.0,-1.116642103474745,1.16693653188752,-63.97887975571344,130.83941799250172,-1.116642103474745,False,-63.97887975571344,1.1669365318875204,False,66.86053823678833
89,1.4831855097365407,567,372,757.0,542.0,-1.1029470618472186,0.8408966686431651,-63.19421167020021,111.37404179006445,-1.1029470618472184,False,-63.1942116702002,0.8408966686431647,False,48.179830119864214
90,1.4998505154639175,570,388,701.0,607.0,-1.0666303653157436,0.5390754150584718,-61.1134182330893,92.00016435520284,-1.0666303653157438,False,-61.11341823308931,0.5390754150584716,False,30.886746122113525
91,1.5165155211912944,576,415,638.0,662.0,-1.0061628100105011,0.2459310437912994,-57.64888251662501,71.73969337711348,-1.0061628100105011,False,-57.64888251662501,0.24593104379129915,False,14.09081086048847
92,1.5331805269186713,589,451,568.0,702.0,-0.922840904476646,-0.08347093843765473,-52.874888988547376,48.09235650407346,-0.9228409044766459,False,-52.87488898854737,-0.08347093843765485,False,-4.782532484473941
93,1.549845532646048,612,497,502.0,717.0,-0.8129985147647588,-0.4636476090008061,-46.581383646425024,20.016332469347027,-0.8129985147647587,False,-46.58138364642502,-0.46364760900080615,False,-26.565051177077994
94,1.566510538373425,650,549,460.0,695.0,-0.6777082925646276,-0.9156096063618447,-38.829824904970394,-13.630741221197956,-0.6777082925646276,False,-38.829824904970394,-0.9156096063618451,False,-52.460566126168374
95,1.5831755441008017,698,595,466.0,646.0,-0.5404195002705842,-1.354410481976851,-30.96375653207352,-46.638247813479694,-0.540419500270584,False,-30.963756532073518,-1.354410481976851,False,-77.60200434555321
96,1.5998405498281787,749,628,510.0,597.0,-0.41615136405766145,-1.6997833005666778,-23.843716799116223,-73.54669241017149,-0.4161513640576615,False,-23.843716799116226,-1.6997833005666774,False,-97.39040920928768
97,1.6165055555555556,800,651,575.0,558.0,-0.302522155296935,-1.9627438522634093,-17.333242707715637,-95.12369629222648,-0.30252215529693505,False,-17.33324270771564,-1.9627438522634097,False,-112.45693899994215
98,1.6331705612829324,854,666,648.0,529.0,-0.1890723275611807,-2.1576778545789406,-10.833046391970687,-112.79278822424479,-0.18907232756118075,False,-10.83304639197069,-2.1576778545789406,False,-123.62583461621549
99,1.6498355670103093,910,672,721.0,509.0,-0.07506195977915826,-2.282464745122391,-4.3007334973265055,-126.47486328558965,-0.0750619597791582,False,-4.300733497326501,-2.2824647451223914,False,-130.77559678291618
100,1.6665005727376863,967,669,790.0,494.0,0.040877012728928304,-2.3505127331514974,2.342080308470136,-137.01653960981082,0.040877012728928186,False,2.3420803084701287,-2.350512733151497,False,-134.67445930134068
101,1.683165578465063,1024,656,849.0,478.0,0.16037544397595074,-2.364692869164603,9.18883607735876,-144.6757573251719,0.16037544397595083,False,9.188836077358765,-2.364692869164603,False,-135.48692124781314
102,1.69983058419244,1079,634,899.0,463.0,0.28294808572151336,-2.3305590816706676,16.211731133148547,-149.74293041876274,0.2829480857215132,False,16.211731133148536,-2.3305590816706676,False,-133.53119928561418
103,1.7164955899198167,1127,605,935.0,448.0,0.4006243868693222,-2.256242149765531,22.95408653762848,-152.2272392787172,0.400624386869322,False,22.954086537628466,-2.25624214976553,False,-129.27315274108867
104,1.7331605956471936,1170,570,964.0,432.0,0.5194222047972108,-2.1610360630756746,29.760700120260083,-153.5789459100634,0.5194222047972108,False,29.760700120260083,-2.1610360630756738,False,-123.81824578980327
105,1.7498256013745705,1203,530,,,0.6315090637553995,,36.18280407744242,,0.6315090637553995,False,36.18280407744242,,False,
106,1.7664906071019473,1229,491,,,0.736533214964508,,42.200244688668114,,0.7365332149645081,False,42.20024468866812,,False,
107,1.7831556128293242,1248,452,,,0.8359658374842461,,47.89731430496658,,0.8359658374842462,False,47.897314304966585,,False,
108,1.799820618556701,1261,415,,,0.9283151054603338,,53.18853760111905,,0.9283151054603334,False,53.18853760111902,,False,
109,1.816485624284078,1269,383,,,1.008298395725824,,57.77124256490144,,1.0082983957258236,False,57.771242564901414,,False,
110,1.8331506300114548,1273,356,,,1.0757580661762922,,61.63639696905666,,1.0757580661762924,False,61.636396969056676,,False,
111,1.8498156357388316,1275,333,,,1.1343360840220351,,64.99267016385974,,1.134336084022035,False,64.99267016385974,,False,
112,1.8664806414662085,1275,316,1033.0,374.0,1.1777383076129642,-1.3355639437506284,67.47943439710312,-144.0016116438618,1.1777383076129642,False,67.47943439710312,-1.3355639437506284,False,-76.52217724675869
113,1.8831456471935855,1275,305,1035.0,378.0,1.2066905954380616,-1.275521299631418,69.1382782967292,-142.22026544465112,1.2066905954380616,False,69.1382782967292,-1.2755212996314178,False,-73.08198714792192
114,1.8998106529209622,1275,300,1041.0,387.0,1.220068378546693,-1.2148385886269113,69.90476880809518,-139.5098927260468,1.220068378546693,False,69.90476880809518,-1.214838588626911,False,-69.60512391795162
115,1.9164756586483391,1275,300,1047.0,403.0,1.220068378546693,-1.1464844100785099,69.90476880809518,-135.59348678313975,1.220068378546693,False,69.90476880809518,-1.1464844100785099,False,-65.68871797504455
116,1.9331406643757159,1275,306,1054.0,424.0,1.2040311566237274,-1.0803694067743246,68.98590367679458,-130.88651100001582,1.2040311566237278,False,68.98590367679459,-1.0803694067743246,False,-61.90060732322125
117,1.9498056701030928,1275,319,1062.0,450.0,1.1699590704481913,-1.0194033301131198,67.03371693973031,-125.44122537679351,1.1699590704481917,False,67.03371693973034,-1.0194033301131196,False,-58.40750843706317
118,1.9664706758304697,1275,337,1071.0,481.0,1.124367188174512,-0.9561333748727311,64.42149450539118,-119.20390153719848,1.1243671881745119,False,64.42149450539118,-0.9561333748727314,False,-54.7824070318073
119,1.9831356815578465,1272,360,1077.0,517.0,1.0650050112004932,-0.8929362430960371,61.020292302071226,-112.18177040574186,1.0650050112004932,False,61.020292302071226,-0.8929362430960373,False,-51.161478103670625
120,1.9998006872852234,1267,389,1084.0,559.0,0.9922274056533299,-0.8222087235326184,56.85044266115088,-103.95953239840865,0.9922274056533302,False,56.8504426611509,-0.8222087235326185,False,-47.109089737257776
121,2.0164656930126004,1258,423,1091.0,608.0,0.9075309393799557,-0.7343063025899264,51.99769260401442,-94.07034461227356,0.9075309393799555,False,51.99769260401441,-0.7343063025899266,False,-42.07265200825914
122,2.0331306987399773,1244,461,1098.0,662.0,0.8130727569638885,-0.6282043953925139,46.585637411096926,-82.5790979386556,0.8130727569638885,False,46.585637411096926,-0.6282043953925136,False,-35.993460527558646
123,2.049795704467354,1224,501,1106.0,722.0,0.7119519186033995,-0.49042692002057214,40.79184015221631,-68.89123282899507,0.7119519186033996,False,40.79184015221632,-0.490426920020572,False,-28.099392676778752
124,2.0664607101947308,1193,544,1120.0,781.0,0.5943156509914356,-0.2987954035608906,34.05177850037928,-51.17149406232653,0.5943156509914358,False,34.05177850037929,-0.2987954035608906,False,-17.119715561947242
125,2.0831257159221077,1151,587,1140.0,831.0,0.4646299269559637,-0.04505146311597465,26.621333850048444,-29.202592547483086,0.46462992695596395,False,26.621333850048455,-0.045051463115974855,False,-2.581258697434656
126,2.0997907216494847,1093,626,1161.0,856.0,0.31635977103743557,0.28746320548528187,18.126079688170115,-1.6556512485615218,0.3163597710374355,False,18.126079688170112,0.2874632054852819,False,16.47042843960859
127,2.1164557273768616,1025,656,1168.0,842.0,0.16242203113842016,0.6554357509875112,9.306096884173913,28.24760538939805,0.16242203113842013,False,9.306096884173911,0.6554357509875111,False,37.553702273571965
128,2.133120733104238,955,670,1149.0,804.0,0.01632508020147584,0.9663246241515698,0.9353581957571454,54.43096440769334,0.016325080201475828,False,0.9353581957571446,0.9663246241515697,False,55.366322603450485
129,2.149785738831615,889,671,1111.0,761.0,-0.11758139016560486,1.1856388204314225,-6.736917405770202,74.66901784336,-0.11758139016560465,False,-6.73691740577019,1.1856388204314223,False,67.93210043758978
130,2.166450744558992,828,660,1062.0,726.0,-0.24301691968951794,1.295886485314224,-13.923843848479054,88.17267018502604,-0.24301691968951777,False,-13.923843848479045,1.2958864853142238,False,74.24882633654695
131,2.183115750286369,773,641,1011.0,698.0,-0.360908434234917,1.335728141969244,-20.678530072335576,97.21011518402449,-0.36090843423491714,False,-20.678530072335583,1.335728141969244,False,76.53158511168893
132,2.199780756013746,723,613,961.0,678.0,-0.4774082082829943,1.304188785302032,-27.353475439518125,102.077988525618,-0.47740820828299446,False,-27.35347543951813,1.3041887853020322,False,74.72451308609989
133,2.2164457617411224,680,580,911.0,667.0,-0.5885793047523764,1.2106031823770664,-33.723110071055444,103.08556308636761,-0.5885793047523764,False,-33.723110071055444,1.2106031823770662,False,69.36245301531217
134,2.2331107674684993,644,543,860.0,663.0,-0.6955506237028206,1.0636978224025597,-39.8521151758637,100.79751107678658,-0.6955506237028208,False,-39.852115175863716,1.0636978224025597,False,60.94539590092286
135,2.2497757731958763,617,505,804.0,664.0,-0.7930316029149413,0.8661470553523111,-45.43736386752073,95.0639345768923,-0.7930316029149411,False,-45.437363867520716,0.866147055352311,False,49.62657070937152
136,2.2664407789232532,597,469,744.0,667.0,-0.8805714191051641,0.6386349671539848,-50.45302587457149,87.04411414197077,-0.8805714191051641,False,-50.45302587457149,0.638634967153985,False,36.5910882673993
137,2.28310578465063,584,439,677.0,667.0,-0.9510682171986179,0.38729360320607636,-54.4921948745123,76.68248377063485,-0.951068217198618,False,-54.49219487451231,0.38729360320607675,False,22.190288896122567
138,2.2997707903780067,576,415,605.0,658.0,-1.0061628100105011,0.11877978621987097,-57.64888251662501,64.45446295848981,-1.0061628100105011,False,-57.64888251662501,0.1187797862198714,False,6.805580441864806
139,2.3164357961053836,572,400,532.0,642.0,-1.0402384397654492,-0.16380819564380092,-59.60127228583394,50.21575402579087,-1.0402384397654494,False,-59.60127228583396,-0.1638081956438011,False,-9.385518260043082
140,2.3331008018327606,570,394,462.0,612.0,-1.0545114350695002,-0.4599711549766963,-60.419054677766105,34.0646487998435,-1.0545114350695002,False,-60.419054677766105,-0.45997115497669583,False,-26.354405877922584
141,2.3497658075601375,572,398,400.0,570.0,-1.0442154053031754,-0.7853981633974483,-59.829135626414626,14.82913562641463,-1.0442154053031754,False,-59.829135626414626,-0.7853981633974483,False,-45.0
142,2.3664308132875145,575,412,357.0,516.0,-1.0131641291382083,-1.1256651198620995,-58.05002855366685,-6.445831959519389,-1.0131641291382083,False,-58.05002855366685,-1.1256651198620995,False,-64.49586051318624
143,2.3830958190148914,581,432,343.0,453.0,-0.9678135704799592,-1.4827889532671559,-55.4516329439887,-29.505915986840396,-0.9678135704799593,False,-55.451632943988706,-1.482788953267156,False,-84.9575489308291
144,2.399760824742268,590,454,358.0,395.0,-0.9161845641040047,-1.8198276526382848,-52.49350877819249,-51.77493515918084,-0.9161845641040047,False,-52.49350877819249,-1.8198276526382848,False,-104.26844393737333
145,2.416425830469645,600,475,395.0,347.0,-0.8662186155432546,-2.128957045675355,-49.63067080629374,-72.34958267554453,-0.8662186155432545,False,-49.630670806293736,-2.128957045675355,False,-121.98025348183826
146,2.433090836197022,611,496,449.0,314.0,-0.8160633943243969,-2.4142686497552988,-46.7569883099082,-91.57041593181837,-0.8160633943243969,False,-46.7569883099082,-2.4142686497552983,False,-138.32740424172655
147,2.4497558419243988,624,516,513.0,298.0,-0.7656738628185992,-2.6706325606709167,-43.8698808229845,-109.14609353367479,-0.7656738628185993,False,-43.869880822984506,-2.670632560670917,False,-153.0159743566593
148,2.4664208476517757,639,537,582.0,297.0,-0.7118468729089086,-2.908412852942977,-40.78582147726596,-125.85396007796956,-0.7118468729089087,False,-40.78582147726597,-2.908412852942977,False,-166.63978155523552
149,2.483085853379152,657,557,652.0,309.0,-0.6556956262415362,-3.1214340943056658,-37.568592028827496,-141.27640760312775,-0.6556956262415361,False,-37.56859202882749,-3.121434094305666,False,-178.84499963195526
150,2.499750859106529,679,579,722.0,334.0,-0.5914647939840681,2.967851986682857,-33.888436425861826,-156.06617051769382,-0.591464793984068,False,-33.88843642586182,2.9678519866828577,False,170.04539305644434
151,2.516415864833906,706,601,789.0,367.0,-0.5199131813423061,2.80073614407471,-29.788831004133957,-169.74080841064108,-0.5199131813423064,False,-29.78883100413397,2.80073614407471,False,160.47036058522497
152,2.533080870561283,738,622,,,-0.44169322298473296,,-25.307157516555964,,-0.4416932229847328,False,-25.307157516555954,2.6530516137157463,True,152.00866029628466
153,2.54974587628866,775,641,922.0,442.0,-0.35710559093402194,2.5053670833567803,-20.46064320104469,164.0076032083889,-0.35710559093402194,False,-20.46064320104469,2.5053670833567807,False,143.54696000734424
154,2.5664108820160365,815,656,990.0,483.0,-0.27051338699322336,2.3504474270291413,-15.499275376500837,150.16999291265415,-0.27051338699322347,False,-15.499275376500844,2.350447427029142,False,134.67071753615335
155,2.5830758877434135,858,667,1061.0,529.0,-0.180756841913518,2.167838232159647,-10.356604159758005,134.5645855296073,-0.18075684191351815,False,-10.356604159758014,2.1678382321596477,False,124.20798136984934
156,2.5997408934707904,903,672,1130.0,583.0,-0.08919361259173315,1.9444482796497118,-5.110417561031226,116.51909746643332,-0.0891936125917332,False,-5.110417561031229,1.9444482796497127,False,111.40867990540218
157,2.6164058991981674,950,670,1192.0,647.0,0.006122372482574525,1.6655530253398128,0.3507861038585524,95.07837280335856,0.006122372482574523,False,0.3507861038585523,1.665553025339813,False,95.42915890721714
158,2.6330709049255443,1000,663,1236.0,720.0,0.1092935856554875,1.3338095015108722,6.262061185910989,70.15959392511019,0.1092935856554873,False,6.262061185910977,1.3338095015108724,False,76.4216551110212
159,2.649735910652921,1054,645,1247.0,791.0,0.2261705100907083,0.9231630101161596,12.958615678518584,39.93472860373027,0.2261705100907081,False,12.958615678518571,0.9231630101161592,False,52.89334428224884
160,2.6664009163802977,1109,617,1211.0,829.0,0.3550037368072386,0.448439656075069,20.34021583042785,5.353483828971761,0.35500373680723873,False,20.34021583042786,0.4484396560750685,False,25.693699659399595
161,2.6830659221076747,1155,582,1153.0,815.0,0.47748071868357783,-0.00858348018170555,27.35762997944236,-27.849427167388264,0.4774807186835779,False,27.357629979442365,-0.008583480181705738,False,-0.49179718794592375
162,2.6997309278350516,1187,550,1099.0,768.0,0.5754246505352849,-0.38366592426060625,32.96940390346213,-54.95184210658077,0.5754246505352851,False,32.969403903462144,-0.3836659242606064,False,-21.982438203118647
163,2.7163959335624286,1208,522,1056.0,707.0,0.6518691143055769,-0.6877865165269237,37.34934904464059,-76.75661364763816,0.651869114305577,False,37.3493490446406,-0.6877865165269235,False,-39.40726460299756
164,2.733060939289805,1223,501,1023.0,640.0,0.7101635499328338,-0.9634339555060725,40.68937417517947,-95.89007366527217,0.710163549932834,False,40.68937417517949,-0.9634339555060727,False,-55.2006994900927
165,2.749725945017182,1231,486,1000.0,570.0,0.7481272952720035,-1.2220253232109897,42.864536557623346,-112.88143003572337,0.7481272952720035,False,42.864536557623346,-1.222025323210989,False,-70.01689347809999
166,2.766390950744559,1236,477,990.0,500.0,0.7717471342866903,-1.4775714030796658,44.21785364594334,-128.87645897163156,0.7717471342866902,False,44.217853645943336,-1.477571403079665,False,-84.65860532568817
167,2.783055956471936,1237,475,993.0,433.0,0.7768513629648368,-1.7412570392378206,44.51030440687077,-144.27698380264349,0.7768513629648366,False,44.510304406870766,-1.741257039237821,False,-99.76667939577273
168,2.799720962199313,1235,479,,,0.7666610038193857,,43.92643983611389,,0.7666610038193857,False,43.92643983611389,-2.0160090048227417,True,-115.50880743671233
169,2.81638596792669,1231,487,1044.0,323.0,0.7465007030456854,-2.2907609704076646,42.77133968806653,-174.02227516571858,0.7465007030456854,False,42.77133968806653,-2.290760970407664,False,-131.25093547765204
170,2.8330509736540663,1224,499,1090.0,289.0,0.7150446692266552,-2.5736319095952926,40.96904171001532,171.5727118499798,0.7150446692266552,False,40.96904171001532,-2.573631909595292,False,-147.45824644000487
171,2.8497159793814433,1216,512,1146.0,274.0,0.6809543125569841,-2.8555412118724752,39.01580815074751,157.37373218328725,0.6809543125569841,False,39.01580815074751,-2.8555412118724757,False,-163.61045966596527
172,2.8663809851088202,1206,526,1205.0,277.0,0.6425756116026459,-3.137576610923951,36.81687056286922,143.41323173222798,0.6425756116026458,False,36.81687056286921,-3.1375766109239507,False,-179.76989770490275
173,2.883045990836197,1196,540,1264.0,302.0,0.6051112002597728,2.8632929945846817,34.67031791098055,129.38428618809658,0.6051112002597727,False,34.67031791098054,2.8632929945846826,False,164.05460409907718
174,2.899710996563574,1184,553,1320.0,348.0,0.5660350142334261,2.5558448376528466,32.431417372202795,114.0077049156044,0.5660350142334263,False,32.43141737220281,2.5558448376528453,False,146.43912228780712
175,2.9163760022909506,1173,565,1366.0,417.0,0.5308154928353364,2.2249878177957325,30.413487439621562,97.06892398809693,0.5308154928353366,False,30.413487439621573,2.224987817795732,False,127.48241142771845
176,2.9330410080183276,1163,575,1394.0,506.0,0.5004103624773888,1.8610612267239408,28.671401794566073,77.95955191215536,0.500410362477389,False,28.671401794566084,1.8610612267239404,False,106.6309537067214
177,2.9497060137457045,1155,582,1391.0,612.0,0.47748071868357783,1.4443558295365069,27.35762997944236,55.39786316811642,0.4774807186835779,False,27.357629979442365,1.444355829536505,False,82.75549314755871
178,2.9663710194730815,1150,587,1348.0,717.0,0.4626643251485764,0.9898193687745949,26.508713162281865,30.20375914880564,0.46266432514857625,False,26.508713162281854,0.9898193687745938,False,56.712472311087446
179,2.9830360252004584,1144,591,1262.0,798.0,0.44696613392888657,0.5181049902083273,25.60927305940431,4.075956224199681,0.4469661339288864,False,25.6092730594043,0.5181049902083288,False,29.68522928360408
180,2.999701030927835,1134,599,1156.0,838.0,0.41977334360916835,0.09179153515222487,24.051240940900254,-18.791973381651033,0.4197733436091684,False,24.051240940900257,0.09179153515222538,False,5.259267559249251
181,3.016366036655212,1116,612,1049.0,845.0,0.3729004389164562,-0.2799993740821471,21.365621328488896,-37.40840372970065,0.3729004389164561,False,21.365621328488892,-0.2799993740821485,False,-16.042782401211838
182,3.033031042382589,1089,628,953.0,831.0,0.306946790691321,-0.5902727472073829,17.586755641698158,-51.406892818273754,0.30694679069132125,False,17.586755641698172,-0.5902727472073828,False,-33.820137176575585
183,3.0496960481099658,1053,646,868.0,806.0,0.22366209548092808,-0.8577354939360433,12.814894108109222,-61.959517849213505,0.22366209548092808,False,12.814894108109222,-0.857735493936044,False,-49.14462374110433
184,3.0663610538373427,1009,660,796.0,780.0,0.12845543286746772,-1.0577384173858577,7.359954158831979,-67.96390130388872,0.12845543286746786,False,7.359954158831987,-1.0577384173858562,False,-60.60394714505666
185,3.083026059564719,959,669,733.0,757.0,0.024534953062735815,-1.1994780525256894,1.4057492610463351,-70.13077928933961,0.024534953062735898,False,1.4057492610463398,-1.1994780525256878,False,-68.72503002829319
186,3.099691065292096,907,672,674.0,739.0,-0.08112239210090098,-1.2907969527127494,-4.647970691387034,-69.3092469074012,-0.08112239210090078,False,-4.647970691387022,-1.2907969527127499,False,-73.95721759878826
187,3.116356071019473,854,666,620.0,727.0,-0.1890723275611807,-1.3157879097283425,-10.833046391970687,-64.55604756980388,-0.18907232756118075,False,-10.83304639197069,-1.3157879097283427,False,-75.38909396177459
188,3.13302107674685,802,652,572.0,722.0,-0.29805223715490115,-1.2753554896511765,-17.077135263408138,-55.99535167244482,-0.29805223715490126,False,-17.077135263408145,-1.2753554896511758,False,-73.07248693585292
189,3.149686082474227,753,631,530.0,721.0,-0.4062290414387557,-1.1872011564167917,-23.27520959008573,-44.74640610564714,-0.4062290414387557,False,-23.27520959008573,-1.1872011564167906,False,-68.02161569573279
190,3.1663510882016035,709,603,499.0,721.0,-0.5125016937558332,-1.0588591504876925,-29.364184045515458,-31.30397637623703,-0.5125016937558331,False,-29.364184045515454,-1.0588591504876916,False,-60.66816042175243
191,3.1830160939289804,670,571,482.0,720.0,-0.6163678946087529,-0.9006126446884143,-35.31527898844587,-16.286024528315483,-0.6163678946087527,False,-35.31527898844586,-0.9006126446884153,False,-51.60130351676139
192,3.1996810996563574,638,535,478.0,713.0,-0.7162315645342958,-0.7321939838539574,-41.03704580186701,-0.9145792578347018,-0.7162315645342958,False,-41.03704580186701,-0.7321939838539571,False,-41.95162505970168
193,3.2163461053837343,614,500,482.0,700.0,-0.8053036503268012,-0.583373006993856,-46.14050039020474,12.715689207600937,-0.8053036503268012,False,-46.14050039020474,-0.5833730069938561,False,-33.42481118260381
194,3.2330111111111113,596,467,491.0,683.0,-0.8853771821107987,-0.45247488956206683,-50.72837581213446,24.803474304579996,-0.8853771821107985,False,-50.728375812134445,-0.4524748895620654,False,-25.924901507554374
195,3.2496761168384882,584,439,500.0,665.0,-0.9510682171986179,-0.35585805714758195,-54.4921948745123,34.10303009423061,-0.951068217198618,False,-54.49219487451231,-0.35585805714758223,False,-20.38916478028172
196,3.2663411225658647,576,416,509.0,649.0,-1.0042415380154786,-0.2799993740821471,-57.53880174001354,41.496019338801766,-1.0042415380154788,False,-57.538801740013554,-0.2799993740821485,False,-16.042782401211838
197,3.2830061282932417,571,398,519.0,637.0,-1.0453717562337408,-0.21423438514275892,-59.89538965437205,47.62066355911178,-1.0453717562337408,False,-59.89538965437205,-0.21423438514275972,False,-12.27472609526032
198,3.2996711340206186,568,386,525.0,627.0,-1.072929715042253,-0.17656523981366368,-61.474344386095176,51.35790133605698,-1.0729297150422532,False,-61.47434438609518,-0.17656523981366234,False,-10.116443050038102
199,3.3163361397479956,567,379,533.0,623.0,-1.0883813698584435,-0.13845275134725726,-62.35965899355588,54.42690067938381,-1.0883813698584435,False,-62.35965899355588,-0.13845275134725554,False,-7.9327583141719655
200,3.3330011454753725,567,377,539.0,623.0,-1.0925207121314053,-0.11333339676540392,-62.59682583575668,56.10330052321742,-1.0925207121314053,False,-62.59682583575668,-0.11333339676540533,False,-6.493525312539341
201,3.349666151202749,568,381,544.0,628.0,-1.083169998650295,-0.09686192369459891,-62.06106941785298,56.51128999463423,-1.0831699986502947,False,-62.06106941785296,-0.09686192369460045,False,-5.5497794232188316
202,3.366331156930126,570,390,549.0,640.0,-1.062572457133765,-0.08380326423131074,-60.880917220610314,56.07934387073658,-1.062572457133765,False,-60.880917220610314,-0.08380326423131024,False,-4.801573349873729
203,3.382996162657503,574,405,554.0,655.0,-1.0280146261935978,-0.07982998571223732,-58.90089935861213,54.32697809871128,-1.028014626193598,False,-58.900899358612136,-0.07982998571223732,False,-4.573921259900861
204,3.39966116838488,580,425,557.0,674.0,-0.9821651878178417,-0.09210811211150752,-56.27392004663614,50.996513963728944,-0.9821651878178415,False,-56.273920046636135,-0.09210811211150727,False,-5.277406082907188
205,3.416326174112257,589,450,560.0,699.0,-0.924619042410104,-0.11594351554400978,-52.97676878752663,46.3336946849454,-0.9246190424101037,False,-52.976768787526616,-0.11594351554401072,False,-6.643074102581271
206,3.4329911798396333,603,480,563.0,726.0,-0.8536151302958046,-0.16119091443824707,-48.90854429445946,39.672985201293535,-0.8536151302958048,False,-48.908544294459475,-0.1611909144382473,False,-9.235559093165934
207,3.4496561855670103,623,513,566.0,754.0,-0.7717003900245826,-0.23224673604503185,-44.21517539700812,30.908417615938927,-0.7717003900245825,False,-44.21517539700811,-0.2322467360450311,False,-13.30675778106913
208,3.466321191294387,650,549,568.0,780.0,-0.6777082925646276,-0.341102976812097,-38.829824904970394,19.286063954288437,-0.6777082925646276,False,-38.829824904970394,-0.34110297681209545,False,-19.543760950681854
209,3.482986197021764,686,585,575.0,801.0,-0.5724598138180511,-0.47469688308017494,-32.79953127261921,5.601403324110082,-0.572459813818051,False,-32.799531272619205,-0.4746968830801741,False,-27.198127948509075
210,3.499651202749141,731,618,591.0,811.0,-0.4581531587975896,-0.6275628612006474,-26.250242369688888,-9.706460956262495,-0.45815315879758955,False,-26.250242369688884,-0.6275628612006479,False,-35.9567033259514
211,3.5163162084765176,782,644,617.0,813.0,-0.34165800765458426,-0.773422688001768,-19.575561875456053,-24.738293926708707,-0.3416580076545843,False,-19.575561875456057,-0.7734226880017694,False,-44.31385580216484
212,3.5329812142038945,835,661,656.0,814.0,-0.22877183077232552,-0.8635519054689251,-13.107660374735344,-36.3702191991143,-0.22877183077232566,False,-13.107660374735353,-0.863551905468924,False,-49.47787957384958
213,3.5496462199312715,890,670,703.0,814.0,-0.11580604516165685,-0.914584038238186,-6.6351976298643445,-45.76660777121522,-0.11580604516165671,False,-6.6351976298643365,-0.9145840382381856,False,-52.401805401079535
214,3.5663112256586484,942,670,759.0,817.0,-0.010203727493954234,-0.8940593792380361,-0.5846305207051778,-50.64119854372059,-0.010203727493954151,False,-0.5846305207051731,-0.8940593792380369,False,-51.22582906442582
215,3.5829762313860254,992,664,820.0,825.0,0.09270868299305783,-0.8184191892816931,5.311816259718486,-52.203781678077945,0.09270868299305768,False,5.311816259718477,-0.8184191892816948,False,-46.89196541835957
216,3.599641237113402,1037,651,890.0,833.0,0.188806813988297,-0.6794138054078485,10.817833584841011,-49.745377177633316,0.1888068139882968,False,10.817833584841,-0.6794138054078473,False,-38.92754359279224
217,3.616306242840779,1076,635,966.0,842.0,0.2762665511471097,-0.4884516812183292,15.828907401364477,-43.815127231244254,0.27626655114710985,False,15.828907401364486,-0.48845168121832927,False,-27.98621982987977
218,3.632971248568156,1108,617,1049.0,845.0,0.35299038782691045,-0.2532174056543325,20.224859431168078,-34.733148074413435,0.3529903878269103,False,20.22485943116807,-0.2532174056543326,False,-14.508288643245365
219,3.6496362542955327,1133,600,1137.0,835.0,0.4168980704098938,0.017019633058136616,23.886499921634744,-22.911346778542185,0.4168980704098937,False,23.886499921634737,0.017019633058136918,False,0.9751531430925798
220,3.6663012600229097,1151,586,1225.0,810.0,0.4656161103951639,0.3190695956723733,26.67783799894031,-8.396496795967675,0.46561611039516393,False,26.677837998940312,0.31906959567237436,False,18.281341202972687
221,3.6829662657502866,1163,575,1303.0,765.0,0.5004103624773888,0.6350267353903137,28.671401794566073,7.712950021269808,0.500410362477389,False,28.671401794566084,0.6350267353903121,False,36.38435181583579
222,3.699631271477663,1170,568,1365.0,702.0,0.5216405658355269,0.9687266558850535,29.88780284519185,25.616146038843745,0.521640565835527,False,29.887802845191857,0.9687266558850531,False,55.50394888403558
223,3.71629627720504,1176,562,1405.0,629.0,0.5400344406053641,1.286163994815576,30.941694238395694,42.750074426222696,0.5400344406053641,False,30.941694238395694,1.2861639948155776,False,73.6917686646185
224,3.732961282932417,1181,556,1419.0,553.0,0.5566845259173103,1.5834007012825484,31.895673855302974,58.82650360624186,0.5566845259173103,False,31.895673855302974,1.5834007012825495,False,90.72217746154489
225,3.749626288659794,1186,550,1415.0,483.0,0.5735199889859224,1.855428658774217,32.86027483528281,73.44795650009878,0.5735199889859226,False,32.86027483528282,1.8554286587742155,False,106.3082313353815
226,3.766291294387171,1191,545,1398.0,423.0,0.5892660267540369,2.1033644537815106,33.76245634344937,86.75144963607089,0.589266026754037,False,33.76245634344938,2.1033644537815093,False,120.51390597952019
227,3.7829563001145474,1196,539,1369.0,372.0,0.6064132215799576,2.338549262901222,34.74491823746318,99.24408471020641,0.6064132215799578,False,34.744918237463196,2.3385492629012212,False,133.98900294766955
228,3.7996213058419244,1199,534,1334.0,334.0,0.6186443509247471,2.547842986879022,35.445710327598235,110.53493968257534,0.6186443509247472,False,35.44571032759824,2.547842986879022,False,145.98065001017355
229,3.8162863115693013,1202,532,1296.0,307.0,0.6269356660997472,2.745855161932814,35.92076769373851,121.40514423922296,0.6269356660997474,False,35.920767693738526,2.7458551619328126,False,157.3259119329614
230,3.8329513172966783,1203,531,1256.0,291.0,0.6301501525708101,2.9242476257419945,36.10494420183232,131.44210300433548,0.6301501525708102,False,36.104944201832325,2.9242476257419945,False,167.5470472061678
231,3.849616323024055,1201,532,1215.0,286.0,0.6250700163991855,3.0847434062569556,35.81387383984648,140.92890421948655,0.6250700163991856,False,35.81387383984649,3.0847434062569548,False,176.742778059333
232,3.8662813287514317,1198,536,1175.0,290.0,0.614111319144933,-3.0483677298745624,35.185986738216215,150.15540793609557,0.614111319144933,False,35.185986738216215,-3.0483677298745633,False,-174.65860532568828
233,3.8829463344788087,1192,544,1136.0,302.0,0.5924273534318786,-2.9141903053074247,33.94358701975181,159.0856077881919,0.5924273534318787,False,33.94358701975182,-2.914190305307425,False,-166.9708051920563
234,3.8996113402061856,1183,554,1098.0,321.0,0.5629137660417773,-2.7917882366638067,32.25258302400848,167.78973372088518,0.5629137660417776,False,32.252583024008494,-2.791788236663807,False,-159.9576832551064
235,3.9162763459335626,1171,567,1060.0,345.0,0.5246939075371868,-2.677945044588987,30.06274643810826,176.50230473896974,0.5246939075371868,False,30.06274643810826,-2.677945044588988,False,-153.43494882292205
236,3.9329413516609395,1155,582,1027.0,367.0,0.47748071868357783,-2.6046001447011156,27.35762997944236,-176.5902255899798,0.4774807186835779,False,27.357629979442365,-2.6046001447011164,False,-149.2325956105375
237,3.949606357388316,1134,598,,,0.420663349133035,,24.102234501161142,,0.42066334913303516,False,24.102234501161153,-2.4861441908042465,True,-142.44556939405058
238,3.966271363115693,1110,616,938.0,440.0,0.3577648873560133,-2.3676882369073753,20.498418103472872,-156.15696128103647,0.3577648873560131,False,20.498418103472858,-2.367688236907375,False,-135.6585431775636
239,3.98293636884307,1082,632,901.0,466.0,0.2902385209689089,-2.312993719858129,16.629442303637724,-149.1542204917732,0.2902385209689089,False,16.629442303637724,-2.312993719858129,False,-132.52477818813549
240,3.999601374570447,1051,646,854.0,501.0,0.2195776234975388,-2.205303401743507,12.580871101921586,-138.93544856766798,0.21957762349753862,False,12.580871101921577,-2.2053034017435067,False,-126.35457746574636
241,4.016266380297823,1017,658,805.0,540.0,0.14540992071629685,-2.0786954715285666,8.331374756375727,-127.43185216791917,0.14540992071629688,False,8.331374756375729,-2.078695471528567,False,-119.10047741154347
242,4.032931386025201,981,666,754.0,584.0,0.06984504991674083,-1.9174434397670603,4.001826580109811,-113.86324313380945,0.0698450499167409,False,4.001826580109816,-1.9174434397670606,False,-109.86141655369964
243,4.049596391752577,943,671,704.0,635.0,-0.008146459293706327,-1.720300022281504,-0.46675773550449806,-98.09917303748715,-0.008146459293706165,False,-0.4667577355044888,-1.7203000222815046,False,-98.56593077299169
244,4.066261397479955,902,671,662.0,695.0,-0.09139437109364104,-1.4711276743037347,-5.236511734918081,-79.05289512758227,-0.0913943710936409,False,-5.236511734918074,-1.4711276743037338,False,-84.28940686250031
245,4.082926403207331,859,666,636.0,760.0,-0.1791291246928089,-1.1718729992096826,-10.26334283277061,-56.880034147281876,-0.17912912469280906,False,-10.263342832770618,-1.1718729992096826,False,-67.14337698005247
246,4.099591408934708,811,655,636.0,822.0,-0.2788556778524551,-0.808785711176491,-15.97725343420538,-30.362754346694345,-0.27885567785245513,False,-15.977253434205382,-0.8087857111764905,False,-46.340007780899676
247,4.116256414662085,762,636,670.0,855.0,-0.38541199813789556,-0.3977056192195359,-22.08248086700536,-0.7043726029110517,-0.3854119981378954,False,-22.082480867005348,-0.3977056192195363,False,-22.786853469916426
248,4.1329214203894615,719,610,720.0,848.0,-0.48754012042251915,0.004201655946871886,-27.93399124351026,28.174728396232073,-0.48754012042251915,False,-27.93399124351026,0.004201655946872052,False,0.2407371527218122
249,4.149586426116839,687,586,767.0,812.0,-0.5695927159012084,0.34021811164468324,-32.635258662533374,52.12832057368437,-0.5695927159012086,False,-32.63525866253339,0.34021811164468296,False,19.49306191115098
250,4.166251431844215,663,564,804.0,762.0,-0.636801041548249,0.618814766737685,-36.48601207024965,71.94148650469151,-0.636801041548249,False,-36.48601207024965,0.6188147667376853,False,35.45547443444189
251,4.182916437571592,647,546,834.0,709.0,-0.6866215713297856,0.8538624189472799,-39.34051815983752,88.26323105034801,-0.6866215713297859,False,-39.340518159837536,0.8538624189472799,False,48.922712890510475
252,4.199581443298969,636,533,855.0,653.0,-0.7222293066642124,1.0695320619233142,-41.38069111251903,102.66036431464951,-0.7222293066642123,False,-41.380691112519024,1.069532061923315,False,61.27967320213057
253,4.216246449026346,630,525,870.0,600.0,-0.7431272858140561,1.2679114584199251,-42.57805711815747,115.22403248189615,-0.7431272858140563,False,-42.57805711815748,1.2679114584199258,False,72.64597536373871
254,4.232911454753723,628,522,878.0,549.0,-0.7506164321455161,1.4632133164019343,-43.00715359510601,126.8431011522772,-0.7506164321455162,False,-43.00715359510602,1.4632133164019336,False,83.83594755717115
255,4.2495764604811,629,523,880.0,502.0,-0.7475946994294956,1.6542672652325514,-42.83402106366143,137.61655354813533,-0.7475946994294955,False,-42.834021063661424,1.6542672652325514,False,94.78253248447395
256,4.266241466208476,634,529,875.0,461.0,-0.7310710096909745,1.8458047195711997,-41.887283379660545,147.64410361641876,-0.7310710096909743,False,-41.88728337966053,1.8458047195712002,False,105.75682023675823
257,4.282906471935854,642,540,867.0,429.0,-0.7028792089644667,2.029096393186552,-40.2720121811578,156.53067173596511,-0.7028792089644664,False,-40.272012181157784,2.0290963931865527,False,116.25865955480732
258,4.29957147766323,653,553,,,-0.6675066060827705,,-38.24531132564431,,-0.6675066060827706,False,-38.245311325644316,2.2333724605109673,True,127.96281606802654
259,4.3162364833906075,668,569,,,-0.6221921741654096,,-35.648985625746626,,-0.6221921741654097,False,-35.64898562574663,2.4376485278353837,True,139.66697258124586
260,4.332901489117984,687,586,806.0,368.0,-0.5695927159012084,2.641924595159798,-32.635258662533374,-175.9936122430016,-0.5695927159012086,False,-32.63525866253339,2.6419245951597983,False,151.3711290944651
261,4.3495664948453605,710,604,782.0,366.0,-0.509697978641187,2.8478246151534137,-29.203543002489194,-167.6281257557523,-0.5096979786411868,False,-29.203543002489184,2.8478246151534137,False,163.16833124175852
262,4.366231500572738,737,622,755.0,374.0,-0.44354062991278487,3.069139057501205,-25.413006136576566,-158.7382791298451,-0.44354062991278465,False,-25.413006136576556,3.0691390575012054,False,175.84871473357836
263,4.382896506300114,767,638,727.0,393.0,-0.374468714628756,-2.97975522235137,-21.45547690791655,-149.27192131488314,-0.37446871462875597,False,-21.455476907916548,-2.97975522235137,False,-170.7273982227997
264,4.399561512027492,800,652,699.0,425.0,-0.3019195012318746,-2.722959660363514,-17.298713173281275,-138.71538314992415,-0.3019195012318745,False,-17.298713173281268,-2.7229596603635144,False,-156.01409632320545
265,4.416226517754868,834,661,674.0,473.0,-0.23074300235882103,-2.4364813054753616,-13.220600187337643,-126.37949547892565,-0.23074300235882106,False,-13.220600187337645,-2.436481305475361,False,-139.60009566626326
266,4.432891523482245,866,668,658.0,538.0,-0.16448400486378817,-2.129395642138459,-9.424239276104368,-112.58114393197913,-0.16448400486378834,False,-9.424239276104377,-2.1293956421384586,False,-122.00538320808347
267,4.449556529209622,895,671,658.0,619.0,-0.10551300352307214,-1.7867831154886602,-6.045449785621019,-96.32968163711556,-0.10551300352307225,False,-6.045449785621026,-1.7867831154886602,False,-102.37513142273659
268,4.466221534936999,919,672,682.0,713.0,-0.05684924733283777,-1.3994959839867276,-3.2572219406669563,-76.92799138728078,-0.056849247332837916,False,-3.2572219406669647,-1.3994959839867276,False,-80.18521332794774
269,4.482886540664376,934,672,737.0,807.0,-0.02641661767477165,-0.9700185762352215,-1.51356070177511,-54.06440976579218,-0.026416617674771548,False,-1.513560701775104,-0.9700185762352218,False,-55.577970467567305
270,4.499551546391753,940,671,825.0,881.0,-0.014255653370777438,-0.5010133868035894,-0.8167887723469929,-27.889163771054104,-0.014255653370777388,False,-0.81678877234699,-0.5010133868035895,False,-28.705952543401093
271,4.516216552119129,937,672,938.0,910.0,-0.020322405071005474,0.004201655946871886,-1.1643880401238758,1.4051251928456812,-0.020322405071005356,False,-1.164388040123869,0.004201655946872052,False,0.2407371527218122
272,4.5328815578465065,932,672,1046.0,882.0,-0.030478363941045816,0.4973427163468224,-1.74628162028564,30.24192023853062,-0.03047836394104575,False,-1.7462816202856362,0.4973427163468225,False,28.495638618244985
273,4.549546563573883,932,672,1126.0,815.0,-0.030478363941045816,0.9355937826862817,-1.74628162028564,55.3518567068895,-0.03047836394104575,False,-1.7462816202856362,0.9355937826862819,False,53.605575086603864
274,4.56621156930126,941,671,1176.0,733.0,-0.012219351063027678,1.3128443396551641,-0.700117244300182,75.92055706418064,-0.012219351063027517,False,-0.7001172443001727,1.3128443396551646,False,75.22043981988047
275,4.582876575028637,958,670,1202.0,651.0,0.02244520962726696,1.6485083619431233,1.2860157819288005,93.16655584943689,0.022445209627266927,False,1.2860157819287985,1.6485083619431231,False,94.45257163136569
276,4.599541580756013,982,666,1207.0,574.0,0.07189234554912802,1.9589419747025625,4.119127979261164,108.11997948221894,0.07189234554912804,False,4.119127979261166,1.9589419747025625,False,112.2391074614801
277,4.616206586483391,1008,661,1199.0,510.0,0.1261457319521347,2.239764401781894,7.227618044445893,121.10142928130024,0.12614573195213463,False,7.227618044445889,2.239764401781894,False,128.32904732574613
278,4.632871592210767,1036,652,1181.0,456.0,0.18637109837892102,2.5046542069378095,10.678277360329632,132.8278378368932,0.18637109837892085,False,10.678277360329623,2.5046542069378095,False,143.5061151972228
279,4.649536597938145,1063,641,1156.0,417.0,0.246509274176471,2.7480701662573312,14.123941021145042,143.3288813112145,0.24650927417647095,False,14.123941021145038,2.7480701662573317,False,157.45282233235955
280,4.666201603665521,1089,629,1131.0,388.0,0.30630517426722964,2.9690516377153853,17.549993728531447,152.56413426896523,0.3063051742672296,False,17.549993728531444,2.969051637715385,False,170.11412799749667
281,4.682866609392898,1112,615,1105.0,370.0,0.3625442372645076,-3.113028995751033,20.77225468204583,160.86432235957088,0.36254423726450735,False,20.772254682045816,-3.113028995751033,False,-178.36342295838327
282,4.699531615120275,1131,602,1080.0,361.0,0.4111666611442322,-2.9330510585201197,23.558114360050162,168.39043889036836,0.4111666611442324,False,23.558114360050173,-2.9330510585201197,False,-168.0514467495815
283,4.716196620847652,1147,589,1056.0,360.0,0.4548069748865196,-2.7633470111338543,26.058520154109996,175.61335877782966,0.45480697488651955,False,26.058520154109992,-2.7633470111338543,False,-158.32812106806037
284,4.732861626575029,1160,578,1035.0,364.0,0.4913907367914172,-2.612937316468968,28.154615309972108,-177.8648956758831,0.4913907367914172,False,28.154615309972108,-2.612937316468968,False,-149.710280365911
285,4.7495266323024055,1169,569,1024.0,364.0,0.5185922511073675,-2.5259727641606835,29.71314727664075,-174.4407258280424,0.5185922511073677,False,29.713147276640765,-2.5259727641606835,False,-144.72757855140162
286,4.766191638029783,1176,562,,,0.5400344406053641,,30.941694238395694,,0.5400344406053641,False,30.941694238395694,-2.3687594473806124,True,-135.7199190166503
287,4.782856643757159,1179,558,,,0.5504732991790149,,31.539796777599836,,0.5504732991790151,False,31.53979677759985,-2.211546130600541,True,-126.71225948189895
288,4.799521649484536,1179,558,960.0,443.0,0.5504732991790149,-2.0543328138204697,31.539796777599836,-149.24439672474745,0.5504732991790151,False,31.53979677759985,-2.0543328138204697,False,-117.70459994714763
289,4.816186655211913,1177,560,947.0,474.0,0.5442804849459799,-1.9286137085077184,31.184974658738387,-141.68640046730465,0.5442804849459799,False,31.184974658738387,-1.9286137085077184,False,-110.50142580856625
290,4.83285166093929,1172,566,932.0,510.0,0.5277522315855696,-1.800028260071892,30.237975498463957,-133.37199780486029,0.5277522315855698,False,30.23797549846397,-1.800028260071892,False,-103.13402230639633
291,4.849516666666667,1163,574,918.0,551.0,0.5014781571735449,-1.6643995461877346,28.73258192404227,-124.09565134408899,0.5014781571735449,False,28.73258192404227,-1.6643995461877346,False,-95.36306942004671
292,4.866181672394044,1151,585,906.0,597.0,0.46660618025016615,-1.521855846030829,26.734564823055067,-113.93048182793281,0.466606180250166,False,26.734564823055056,-1.521855846030829,False,-87.19591700487773
293,4.88284667812142,1136,598,897.0,647.0,0.42464301079600125,-1.3685776532190708,24.330252318339124,-102.74397578371065,0.4246430107960011,False,24.330252318339113,-1.3685776532190708,False,-78.41372346537152
294,4.8995116838487975,1116,612,889.0,703.0,0.3729004389164562,-1.1895306483857813,21.365621328488896,-89.52070708245448,0.3729004389164561,False,21.365621328488892,-1.1895306483857813,False,-68.15508575396558
295,4.916176689576174,1091,627,888.0,763.0,0.3116498878113203,-0.9805235795875137,17.85622325731425,-74.03608608073866,0.3116498878113205,False,17.856223257314262,-0.9805235795875138,False,-56.179862823424415
296,4.932841695303551,1060,642,896.0,825.0,0.23987926826688288,-0.7306977425792551,13.744069664378847,-55.60996641390682,0.23987926826688266,False,13.744069664378834,-0.7306977425792551,False,-41.865896749527984
297,4.949506701030928,1022,657,919.0,878.0,0.15595588223983387,-0.4361316197153517,8.935613842581752,-33.92411496447602,0.1559558822398337,False,8.935613842581743,-0.4361316197153515,False,-24.98850112189425
298,4.966171706758304,975,667,955.0,906.0,0.05743163906691598,-0.08348749226241442,3.290590529052943,-8.074071477820402,0.05743163906691606,False,3.2905905290529476,-0.08348749226241425,False,-4.783480948767454
299,4.982836712485682,923,672,992.0,898.0,-0.04874185130993159,0.29632096365471494,-2.792702365713283,19.770642964377906,-0.04874185130993158,False,-2.7927023657132826,0.29632096365471483,False,16.97794059866462
300,4.999501718213058,875,669,1014.0,861.0,-0.14618887374617512,0.626625073946363,-8.376005477426679,44.27897755162639,-0.14618887374617495,False,-8.37600547742667,0.626625073946363,False,35.902972074199724
301,5.016166723940436,833,661,1022.0,809.0,-0.23271235000921117,0.9064648979653952,-13.333435496099005,65.27004842627295,-0.2327123500092112,False,-13.333435496099005,0.9064648979653951,False,51.93661293017394
302,5.032831729667812,798,651,1018.0,756.0,-0.3063868465719694,1.1254952829072107,-17.55467320689614,82.0408027793619,-0.30638684657196924,False,-17.554673206896133,1.1254952829072105,False,64.48612957246574
303,5.049496735395189,769,639,1005.0,706.0,-0.3699447177869987,1.2941763974530034,-21.196270982353344,95.34711650185582,-0.36994471778699856,False,-21.196270982353333,1.2941763974530032,False,74.15084551950247
304,5.066161741122566,743,626,989.0,660.0,-0.42898995920081734,1.4334550493279627,-24.57931411569621,106.71023856390573,-0.4289899592008175,False,-24.57931411569622,1.4334550493279625,False,82.13092444820948
305,5.082826746849943,722,612,971.0,622.0,-0.4801750296035269,1.5306572547491646,-27.512002623851455,115.21220320205946,-0.48017502960352676,False,-27.512002623851448,1.5306572547491646,False,87.70020057820801
306,5.09949175257732,704,599,954.0,588.0,-0.5255480754389704,1.6147679650659321,-30.111686653876003,122.63107594508229,-0.5255480754389703,False,-30.111686653876,1.6147679650659317,False,92.51938929120624
307,5.1161567583046965,688,587,938.0,561.0,-0.5667292175235064,1.6744237867917682,-32.47119229084849,128.40860839033,-0.5667292175235064,False,-32.47119229084849,1.6744237867917686,False,95.93741609948154
308,5.132821764032073,675,576,925.0,541.0,-0.601858529694696,1.709892268276968,-34.48395361545521,132.45356400977656,-0.6018585296946961,False,-34.48395361545522,1.7098922682769677,False,97.96961039432135
309,5.14948676975945,666,567,913.0,524.0,-0.6280276470587346,1.743157993870419,-35.983333593997145,135.8589296672636,-0.6280276470587345,False,-35.98333359399714,1.743157993870419,False,99.87559607326644
310,5.166151775486827,658,559,906.0,514.0,-0.6514740829430763,1.750294964998296,-37.326715414794,137.61122981219452,-0.6514740829430763,False,-37.326715414794,1.7502949649982957,False,100.2845143974005
311,5.182816781214204,654,554,901.0,510.0,-0.6645506309303308,1.7470847793022566,-38.07594642506398,138.1765307306282,-0.6645506309303308,False,-38.07594642506398,1.7470847793022566,False,100.10058430556418
312,5.199481786941581,652,552,900.0,509.0,-0.6704646525006128,1.742476589966689,-38.41479490099047,138.2513494064294,-0.6704646525006126,False,-38.41479490099046,1.7424765899666887,False,99.83655450543895
313,5.216146792668957,652,552,901.0,515.0,-0.6704646525006128,1.718311299824016,-38.41479490099047,136.86678027054518,-0.6704646525006126,False,-38.41479490099046,1.7183112998240162,False,98.45198536955472
314,5.232811798396335,655,555,905.0,525.0,-0.6615967764708232,1.690225252813235,-37.906703031238294,134.74947644386924,-0.661596776470823,False,-37.90670303123829,1.690225252813235,False,96.84277341263095
315,5.249476804123711,660,561,910.0,538.0,-0.6455975417806831,1.662538074374141,-36.99001440805397,132.2464293494992,-0.645597541780683,False,-36.990014408053966,1.6625380743741411,False,95.25641494144526
316,5.266141809851089,669,569,919.0,558.0,-0.6204926175121908,1.6147679650659321,-35.55160820247381,128.07099749368007,-0.6204926175121908,False,-35.55160820247381,1.6147679650659317,False,92.51938929120624
317,5.282806815578465,679,579,930.0,584.0,-0.5914647939840681,1.5508786423635927,-33.888436425861826,122.74723717027467,-0.591464793984068,False,-33.88843642586182,1.5508786423635925,False,88.85880074441285
318,5.299471821305842,693,591,943.0,614.0,-0.5535532853330775,1.4790545792156524,-31.716266985186355,116.45985204374114,-0.5535532853330776,False,-31.71626698518636,1.4790545792156529,False,84.7435850585548
319,5.316136827033219,710,604,956.0,650.0,-0.509697978641187,1.385939294776456,-29.203543002489194,108.61201525451783,-0.5096979786411868,False,-29.203543002489184,1.3859392947764562,False,79.40847225202864
320,5.3328018327605955,731,618,970.0,693.0,-0.4581531587975896,1.2667206992780293,-26.250242369688888,98.82799226018032,-0.45815315879758955,False,-26.250242369688884,1.2667206992780295,False,72.57774989049143
321,5.349466838487973,755,632,979.0,741.0,-0.4016832411457989,1.1179202939960604,-23.01475441878997,87.06686909678844,-0.4016832411457987,False,-23.01475441878996,1.1179202939960602,False,64.05211467799843
322,5.366131844215349,785,645,983.0,794.0,-0.33523721255651523,0.9256810143995965,-19.20767741521841,72.24529271570408,-0.3352372125565153,False,-19.207677415218413,0.9256810143995962,False,53.03761530048565
323,5.382796849942726,819,657,978.0,847.0,-0.262167539810631,0.6968054567147142,-15.021093556477146,54.94510536791603,-0.2621675398106311,False,-15.021093556477153,0.6968054567147144,False,39.9240118114389
324,5.399461855670103,861,667,961.0,889.0,-0.17478933617532724,0.42322845795063435,-10.014691266739574,34.263895677140944,-0.17478933617532721,False,-10.014691266739572,0.42322845795063424,False,24.249204410401372
325,5.41612686139748,908,671,931.0,909.0,-0.07926332180462393,0.09633949292208074,-4.541453809592223,10.061300154457923,-0.07926332180462392,False,-4.541453809592222,0.09633949292208088,False,5.519846344865702
326,5.432791867124857,957,669,901.0,898.0,0.020447047761312603,-0.23983467557654625,1.1715295402256305,-14.913044231651059,0.020447047761312565,False,1.1715295402256283,-0.23983467557654636,False,-13.741514691425431
327,5.449456872852234,1001,661,881.0,863.0,0.11179799184035019,-0.5360399662272892,6.4055530904900815,-37.11838080564894,0.11179799184035,False,6.40555309049007,-0.536039966227289,False,-30.712827715158845
328,5.46612187857961,1037,650,872.0,819.0,0.18919902209996817,-0.773422688001768,10.840305454330565,-55.15416125649532,0.18919902209996797,False,10.840305454330554,-0.773422688001768,False,-44.31385580216477
329,5.482786884306988,1068,638,872.0,774.0,0.2582907287450924,-0.9641912182003697,14.798968644452168,-70.04305609091081,0.2582907287450924,False,14.798968644452168,-0.9641912182003698,False,-55.244087446458636
330,5.499451890034364,1094,625,879.0,731.0,0.31905150562009504,-1.1127456742754576,18.280304719325912,-82.03593552674864,0.3190515056200951,False,18.280304719325915,-1.1127456742754576,False,-63.75563080742274
331,5.5161168957617415,1115,612,887.0,693.0,0.37089128881266237,-1.2294404415410498,21.25050550713324,-91.69225397013581,0.37089128881266253,False,21.250505507133248,-1.2294404415410498,False,-70.44174846300257
332,5.532781901489118,1133,599,898.0,663.0,0.4177813617233739,-1.304904378456638,23.93710878597772,-98.70262233968499,0.41778136172337366,False,23.937108785977706,-1.304904378456638,False,-74.76551355370727
333,5.5494469072164945,1147,587,908.0,637.0,0.456744365603188,-1.364565655473961,26.16952446544292,-104.35337739260365,0.4567443656031882,False,26.169524465442933,-1.364565655473961,False,-78.18385292716071
334,5.566111912943872,1159,577,918.0,619.0,0.49048013368224264,-1.3982553109204887,28.102441595004915,-108.21656959250161,0.49048013368224286,False,28.10244159500493,-1.3982553109204887,False,-80.1141279974967
335,5.582776918671248,1168,569,926.0,608.0,0.516650971101867,-1.4110131243842898,29.601920125472436,-110.44701699026011,0.5166509711018668,False,29.601920125472425,-1.4110131243842898,False,-80.84509686478768
336,5.599441924398626,1174,562,932.0,602.0,0.5361740607056242,-1.4069881311510957,30.720510762823462,-111.3349925027804,0.5361740607056245,False,30.720510762823476,-1.4069881311510957,False,-80.61448173995693
337,5.616106930126002,1178,558,937.0,602.0,0.5485494024505281,-1.390212633630916,31.429565614838516,-111.08288214765697,0.548549402450528,False,31.42956561483851,-1.390212633630916,False,-79.65331653281845
338,5.63277193585338,1180,557,941.0,609.0,0.5535766357433399,-1.3565619416521377,31.717604865144292,-109.44287876988402,0.5535766357433398,False,31.717604865144285,-1.3565619416521377,False,-77.72527390473974
339,5.649436941580756,1178,558,941.0,619.0,0.5485494024505281,-1.318880213023378,31.429565614838516,-106.99583550439303,0.548549402450528,False,31.42956561483851,-1.318880213023378,False,-75.56626988955452
340,5.666101947308133,1175,561,941.0,636.0,0.5392607522376359,-1.2606282660069106,30.897365160266503,-103.12604433735775,0.5392607522376358,False,30.897365160266496,-1.2606282660069106,False,-72.22867917709124
341,5.68276695303551,1168,568,941.0,658.0,0.5177572262506943,-1.1933317653959425,29.66530387656486,-98.03817759264807,0.5177572262506942,False,29.665303876564852,-1.1933317653959425,False,-68.3728737160832
342,5.6994319587628866,1159,577,941.0,686.0,0.49048013368224264,-1.1071487177940904,28.102441595004915,-91.53739041792693,0.49048013368224286,False,28.10244159500493,-1.1071487177940904,False,-63.43494882292201
343,5.716096964490264,1146,588,940.0,719.0,0.45379571100580496,-1.0043812782839883,26.000579001771026,-83.54738726939819,0.45379571100580485,False,26.00057900177102,-1.0043812782839883,False,-57.54680826762717
344,5.7327619702176404,1130,601,943.0,759.0,0.41004048220765227,-0.869258992187348,23.4935890600076,-73.29846061613804,0.41004048220765243,False,23.493589060007608,-0.8692589921873481,False,-49.80487155613045
345,5.749426975945017,1109,615,950.0,800.0,0.35650138520979796,-0.7099601975259108,20.42602476308901,-61.10374770359798,0.356501385209798,False,20.426024763089014,-0.7099601975259109,False,-40.677722940508964
346,5.766091981672394,1083,631,962.0,842.0,0.2928801363389681,-0.5206759447715705,16.780795715439005,-46.613329844836755,0.2928801363389679,False,16.780795715438995,-0.5206759447715705,False,-29.832534129397732
347,5.782756987399771,1050,646,983.0,878.0,0.2175325827267152,-0.281143792405662,12.463698896821214,-28.572051637967817,0.21753258272671516,False,12.463698896821212,-0.2811437924056621,False,-16.108352741146604
348,5.799421993127148,1010,659,1010.0,898.0,0.13077339164574633,0.0,7.492763413912644,-7.492763413912655,0.13077339164574653,False,7.492763413912655,0.0,False,0.0
349,5.816086998854525,966,668,1036.0,894.0,0.03891477067390624,0.3003634415449125,2.229652120334294,14.979905400213614,0.03891477067390614,False,2.229652120334288,0.30036344154491257,False,17.2095575205479
350,5.832752004581901,922,671,1051.0,869.0,-0.050872565096537266,0.5774396161445142,-2.9147832730361265,35.99963620177112,-0.05087256509653715,False,-2.91478327303612,0.5774396161445141,False,33.084852928734975
351,5.849417010309279,881,669,1055.0,833.0,-0.13415860202605742,0.8149753344026918,-7.686721681468345,54.38136875000552,-0.13415860202605723,False,-7.686721681468335,0.8149753344026918,False,46.694647068537165
352,5.866082016036655,845,663,1047.0,795.0,-0.20812220444420662,0.9919888663856159,-11.924523937611905,68.76129930547464,-0.20812220444420682,False,-11.924523937611916,0.9919888663856158,False,56.83677536786272
353,5.8827470217640325,813,655,1034.0,759.0,-0.27495984398075585,1.1309537439791604,-15.754038595672903,80.55291495019783,-0.2749598439807559,False,-15.754038595672906,1.1309537439791608,False,64.79887635452495
354,5.899412027491409,785,645,1016.0,729.0,-0.33523721255651523,1.2220253232109897,-19.20767741521841,89.22457089331843,-0.3352372125565153,False,-19.207677415218413,1.2220253232109899,False,70.01689347810004
355,5.9160770332187855,760,634,996.0,704.0,-0.39071782247202036,1.282452362729772,-22.38648220818852,95.865590019185,-0.39071782247202025,False,-22.386482208188514,1.2824523627297717,False,73.47910781099647
356,5.932742038946163,738,622,976.0,688.0,-0.44169322298473296,1.3002829398016733,-25.307157516555964,99.80788214005511,-0.4416932229847328,False,-25.307157516555954,1.300282939801673,False,74.50072462349915
357,5.949407044673539,719,610,958.0,676.0,-0.48754012042251915,1.301360701558188,-27.93399124351026,102.49646706697834,-0.48754012042251915,False,-27.93399124351026,1.3013607015581883,False,74.56247582346808
358,5.966072050400917,702,598,940.0,670.0,-0.530154374115198,1.277028288358517,-30.37560812720054,103.54393936895904,-0.530154374115198,False,-30.37560812720054,1.2770282883585171,False,73.16833124175851
359,5.982737056128293,689,587,923.0,673.0,-0.5649784633040014,1.2185983318290832,-32.37088146310614,102.19142279859523,-0.5649784633040014,False,-32.37088146310614,1.2185983318290834,False,69.8205413354891
360,5.99940206185567,679,578,906.0,680.0,-0.5926268480428776,1.148492052493741,-33.955017218997654,99.75876463120642,-0.5926268480428778,False,-33.95501721899767,1.148492052493741,False,65.80374741220875
361,6.016067067583047,671,571,889.0,693.0,-0.6146629519221655,1.0605874125266197,-35.21759296819271,95.9847755106684,-0.6146629519221656,False,-35.21759296819272,1.06058741252662,False,60.7671825424757
362,6.032732073310424,667,567,870.0,711.0,-0.6263336163131265,0.9538163293957678,-35.886272781908396,90.53592288694584,-0.6263336163131266,False,-35.8862727819084,0.9538163293957673,False,54.64965010503739
363,6.049397079037801,666,566,850.0,734.0,-0.6292582512732384,0.8308214428190254,-36.05384202173922,83.65640422423904,-0.6292582512732383,False,-36.053842021739214,0.8308214428190253,False,47.602562202499804
364,6.066062084765178,668,568,827.0,759.0,-0.6234117230705738,0.6942230778909209,-35.718860630922336,75.49491303465389,-0.623411723070574,False,-35.71886063092234,0.6942230778909209,False,39.776052403731576
365,6.082727090492554,674,574,801.0,788.0,-0.6059404941688067,0.5355952785641882,-34.71783295194409,65.40518194080575,-0.6059404941688067,False,-34.71783295194409,0.5355952785641884,False,30.687348988861647
366,6.0993920962199315,684,584,770.0,815.0,-0.5770709331496053,0.3563965056905307,-33.063728949148455,53.483744558426096,-0.5770709331496056,False,-33.06372894914847,0.3563965056905305,False,20.420015609277623
367,6.116057101947308,700,596,737.0,839.0,-0.5358112379604637,0.1511027784374433,-30.699722550814414,39.35727402798029,-0.5358112379604636,False,-30.699722550814407,0.15110277843744324,False,8.657551477165878
368,6.132722107674685,720,611,701.0,854.0,-0.48476476333453977,-0.0780305438461546,-27.774974995727323,23.304154160232134,-0.48476476333453977,False,-27.774974995727323,-0.07803054384615482,False,-4.470820835495189
369,6.149387113402062,748,627,670.0,855.0,-0.41884686529461596,-0.3296244074207427,-23.99815764366601,5.112070273956726,-0.4188468652946158,False,-23.998157643665998,-0.32962440742074284,False,-18.886087369709298
370,6.166052119129438,780,643,645.0,839.0,-0.3461672948348203,-0.6031529594223374,-19.833924999496023,-14.724193976229317,-0.34616729483482045,False,-19.833924999496034,-0.6031529594223373,False,-34.55811897572533
371,6.182717124856816,813,655,634.0,810.0,-0.27495984398075585,-0.8571311600719476,-15.754038595672903,-33.35595936560187,-0.2749598439807559,False,-15.754038595672906,-0.8571311600719476,False,-49.10999796127478
372,6.199382130584192,846,663,638.0,777.0,-0.20613937516475744,-1.0694307653272264,-11.8109161884045,-49.46295314629114,-0.20613937516475733,False,-11.810916188404494,-1.0694307653272261,False,-61.27386933469563
373,6.21604713631157,878,668,651.0,744.0,-0.14046233535902744,-1.2477247692036484,-8.047898996623463,-63.441464272680314,-0.14046233535902752,False,-8.047898996623468,-1.2477247692036484,False,-71.48936326930377
374,6.232712142038946,908,671,674.0,717.0,-0.07926332180462393,-1.3766902287645697,-4.541453809592223,-74.33708599551743,-0.07926332180462392,False,-4.541453809592222,-1.3766902287645697,False,-78.87853980510965
375,6.249377147766323,937,670,698.0,695.0,-0.020405330686538086,-1.4665728403785376,-1.169139327907419,-82.85929477429615,-0.020405330686537937,False,-1.1691393279074105,-1.4665728403785376,False,-84.02843410220356
376,6.2660421534937,966,667,724.0,679.0,0.03899459690463615,-1.5212501322037715,2.2342258264495554,-89.39543798544418,0.038994596904636136,False,2.2342258264495545,-1.5212501322037715,False,-87.16121215899463
377,6.282707159221077,992,663,751.0,673.0,0.09289952511341427,-1.5293263400314947,5.322750707768239,-92.94669548976192,0.09289952511341415,False,5.322750707768231,-1.5293263400314947,False,-87.62394478199369
378,6.299372164948454,1018,656,777.0,672.0,0.14806800183754476,-1.5045035692362905,8.483671586226633,-94.68537636583453,0.14806800183754465,False,8.483671586226626,-1.5045035692362905,False,-86.20170477960788
379,6.3160371706758305,1042,648,802.0,679.0,0.20027029525730616,-1.442340893927429,11.47464268008251,-94.11468852125053,0.20027029525730633,False,11.47464268008252,-1.442340893927429,False,-82.64004584116803
380,6.332702176403207,1063,640,829.0,694.0,0.24702365005121815,-1.3439974787410107,14.153412587851403,-91.1587957959349,0.24702365005121818,False,14.153412587851404,-1.3439974787410107,False,-77.0053832080835
381,6.349367182130584,1082,631,856.0,714.0,0.2908464181548883,-1.21883157963399,16.664272246772224,-86.49817769706314,0.2908464181548882,False,16.664272246772217,-1.21883157963399,False,-69.83390545029093
382,6.366032187857961,1097,622,886.0,739.0,0.32717055552316476,-1.0645029752076398,18.745492012427906,-79.73701977094497,0.327170555523165,False,18.74549201242792,-1.06450297520764,False,-60.99152775851708
383,6.382697193585338,1108,615,921.0,769.0,0.354481017046542,-0.8818719385800352,20.310266194271847,-70.83780634592802,0.3544810170465418,False,20.310266194271833,-0.8818719385800353,False,-50.52754015165618
384,6.399362199312715,1115,611,965.0,798.0,0.37167481226996546,-0.6760438730823457,21.295398094386204,-60.029858787682485,0.37167481226996557,False,21.29539809438621,-0.6760438730823459,False,-38.7344606932963
385,6.416027205040091,1117,609,1013.0,826.0,0.3772870723385813,-0.446920544687979,21.616956909847694,-47.223617898156775,0.3772870723385813,False,21.616956909847694,-0.44692054468797915,False,-25.60666098830911
386,6.432692210767469,1114,612,1068.0,847.0,0.368878994155981,-0.19330057864443415,21.135209516168672,-32.210516849931395,0.36887899415598113,False,21.13520951616868,-0.19330057864443395,False,-11.075307333762717
387,6.449357216494845,1105,618,1126.0,856.0,0.346202201894759,0.08800737352774077,19.83592502670572,-14.793473957534804,0.34620220189475903,False,19.835925026705723,0.0880073735277409,False,5.042451069170921
388,6.466022222222223,1090,626,1182.0,845.0,0.3102723279200013,0.3977056192195359,17.777294889515172,5.009558580401233,0.31027232792000126,False,17.77729488951517,0.39770561921953584,False,22.7868534699164
389,6.482687227949599,1072,635,1226.0,816.0,0.2681107830698271,0.7049749875780165,15.361616311848659,25.030475138659327,0.2681107830698273,False,15.36161631184867,0.7049749875780167,False,40.39209145050799
390,6.4993522336769765,1053,644,1253.0,773.0,0.22459412721667524,0.9979440791220989,12.868295592939786,44.30968833082596,0.22459412721667515,False,12.86829559293978,0.9979440791220986,False,57.177983923765744
391,6.516017239404353,1035,651,1262.0,726.0,0.18470692444247122,1.2516912688721038,10.582927217395387,61.133699742350935,0.18470692444247128,False,10.58292721739539,1.2516912688721042,False,71.71662695974632
392,6.5326822451317295,1018,656,1259.0,680.0,0.14806800183754476,1.4715385206240859,8.483671586226633,75.82927503645834,0.14806800183754465,False,8.483671586226626,1.4715385206240859,False,84.31294662268496
393,6.549347250859107,1003,660,1245.0,638.0,0.11614162687999023,1.6614562139956417,6.654425046006596,88.54000386172821,0.11614162687999041,False,6.6544250460066054,1.661456213995642,False,95.19442890773482
394,6.566012256586483,988,664,1226.0,603.0,0.08450898620735518,1.8216979216469291,4.842008240610737,99.53359421751206,0.08450898620735536,False,4.842008240610748,1.821697921646929,False,104.37560245812276
395,6.582677262313861,974,666,1202.0,576.0,0.05549850524571683,1.9467572806662023,3.1798301198642345,108.36114579867423,0.05549850524571687,False,3.1798301198642362,1.9467572806662021,False,111.54097591853844
396,6.599342268041237,959,668,1178.0,554.0,0.024585209369860053,2.050746839114365,1.4086287353384672,116.09050999570869,0.024585209369860195,False,1.4086287353384752,2.050746839114365,False,117.49913873104715
397,6.616007273768614,943,670,1153.0,539.0,-0.008163083983030913,2.128539111298672,-0.46771026003851307,122.42401786597944,-0.008163083983030894,False,-0.46771026003851196,2.1285391112986716,False,121.95630760594088
398,6.632672279495991,926,670,1131.0,529.0,-0.042830932668727326,2.1732906694079643,-2.4540316745270756,126.9744146867649,-0.042830932668727506,False,-2.454031674527086,2.1732906694079643,False,124.52038301223782
399,6.649337285223368,909,670,1111.0,525.0,-0.07739611091404558,2.193383349427181,-4.43447050610122,130.10607928254697,-0.07739611091404575,False,-4.4344705061012295,2.1933833494271813,False,125.67160877644578
400,6.666002290950745,891,670,1094.0,525.0,-0.11379200714370806,2.191045812777718,-6.519801751656986,132.05747954363136,-0.11379200714370796,False,-6.51980175165698,2.191045812777718,False,125.53767779197437
401,6.6826672966781215,872,668,1082.0,531.0,-0.15249534009959287,2.148843507038619,-8.737339383118774,131.85700317052203,-0.15249534009959298,False,-8.737339383118782,2.1488435070386185,False,123.11966378740324
402,6.699332302405498,854,665,1071.0,542.0,-0.18945291512091758,2.086461599803869,-10.854852452878793,130.40029623775428,-0.18945291512091744,False,-10.854852452878786,2.0864615998038687,False,119.54544378487547
403,6.715997308132875,837,661,1063.0,558.0,-0.2248240670876036,1.9984234863665133,-12.881470177085765,127.38270162570679,-0.22482406708760383,False,-12.881470177085777,1.9984234863665131,False,114.50123144862101
404,6.732662313860252,820,657,1057.0,578.0,-0.26021090018441073,1.892546881191539,-14.908986363866669,123.34393518678871,-0.26021090018441084,False,-14.908986363866676,1.8925468811915387,False,108.43494882292201
405,6.749327319587629,805,652,1050.0,606.0,-0.29223409708074327,1.7563907035968402,-16.743780392542963,117.37755488465503,-0.2922340970807431,False,-16.743780392542952,1.75639070359684,False,100.63377449211207
406,6.765992325315006,793,648,1040.0,641.0,-0.3178994822923688,1.5991288242124388,-18.21429864474658,109.83763116983705,-0.31789948229236886,False,-18.214298644746584,1.599128824212439,False,91.62333252509049
407,6.782657331042382,783,644,1027.0,682.0,-0.3397434710510883,1.4162997098605155,-19.465867008352422,100.61386290896299,-0.33974347105108826,False,-19.46586700835242,1.4162997098605157,False,81.14799590061057
408,6.79932233676976,777,642,1010.0,727.0,-0.35258910373930064,1.2209919098689102,-20.20186754656228,90.15955080166862,-0.35258910373930075,False,-20.201867546562287,1.2209919098689106,False,69.95768325510639
409,6.815987342497136,775,641,982.0,774.0,-0.35710559093402194,0.9997030472006159,-20.46064320104469,77.73940857200769,-0.35710559093402194,False,-20.46064320104469,0.9997030472006161,False,57.27876537096303
410,6.832652348224514,778,642,945.0,821.0,-0.35068138681042,0.7507299781879485,-20.09256341803176,63.10622272214954,-0.35068138681041994,False,-20.092563418031755,0.7507299781879486,False,43.01365930411781
411,6.84931735395189,787,646,898.0,863.0,-0.33073619188281694,0.4728216635459161,-18.949787927114368,46.040473710649955,-0.3307361918828171,False,-18.949787927114375,0.47282166354591615,False,27.090685783535605
412,6.865982359679267,801,651,841.0,889.0,-0.30058629995755687,0.1665110743918631,-17.222326367021406,26.76270817186403,-0.30058629995755703,False,-17.222326367021413,0.1665110743918632,False,9.540381804842642
413,6.882647365406644,821,657,781.0,893.0,-0.25825221981103874,-0.16789592325037456,-14.796762245057346,5.177034445358503,-0.25825221981103885,False,-14.796762245057353,-0.1678959232503745,False,-9.619727799698849
414,6.8993123711340205,844,663,729.0,871.0,-0.2101033745587258,-0.5050551888870511,-12.038036623671303,-16.899494120739327,-0.21010337455872596,False,-12.038036623671314,-0.5050551888870514,False,-28.93753074441064
415,6.915977376861398,866,667,692.0,828.0,-0.16481567709393521,-0.824184671781782,-9.443242695073485,-37.779060537397626,-0.16481567709393508,False,-9.443242695073478,-0.824184671781782,False,-47.222303232471106
416,6.932642382588774,884,669,672.0,777.0,-0.12812856154069682,-1.0996300624817865,-7.341225811364165,-55.6629357945492,-0.12812856154069685,False,-7.341225811364167,-1.0996300624817863,False,-63.00416160591337
417,6.949307388316151,899,670,666.0,726.0,-0.09764763664941192,-1.334926723459239,-5.594797459438282,-70.8908697540037,-0.09764763664941212,False,-5.594797459438293,-1.334926723459239,False,-76.48566721344199
418,6.965972394043528,911,670,670.0,678.0,-0.07333762440914525,-1.5376134906283982,-4.201936358159631,-83.89682717722594,-0.07333762440914526,False,-4.201936358159632,-1.5376134906283982,False,-88.09876353538557
419,6.982637399770905,920,670,681.0,638.0,-0.055046374610762935,-1.7038959544052805,-3.153924942692806,-94.47212197414511,-0.05504637461076278,False,-3.153924942692797,-1.7038959544052805,False,-97.62604691683792
420,6.999302405498282,928,670,695.0,601.0,-0.03875609420403566,-1.858705639110336,-2.220560628302675,-104.2754278498859,-0.038756094204035474,False,-2.2205606283026644,-1.858705639110336,False,-106.49598847818858
421,7.015967411225659,935,670,711.0,573.0,-0.02448490176019246,-1.9794535605875543,-1.4028815326514685,-112.01145323115878,-0.024484901760192468,False,-1.402881532651469,-1.9794535605875543,False,-113.41433476381025
422,7.032632416953035,942,670,728.0,552.0,-0.010203727493954234,-2.074715191664302,-0.5846305207051778,-118.28779365333502,-0.010203727493954151,False,-0.5846305207051731,-2.074715191664302,False,-118.87242417404018
423,7.049297422680413,949,669,744.0,535.0,0.004089956744696894,-2.1497391555745304,0.23433725986219717,-123.40531792830026,0.00408995674469681,False,0.23433725986219234,-2.1497391555745304,False,-123.17098066843808
424,7.065962428407789,955,668,757.0,525.0,0.016391974308005267,-2.1962813670341257,0.9391909457355799,-126.77684390001389,0.01639197430800543,False,0.9391909457355894,-2.1962813670341257,False,-125.8376529542783
425,7.0826274341351665,962,668,769.0,518.0,0.03072803000748752,-2.231480686906048,1.7605864321803824,-129.6150118568508,0.030728030007487472,False,1.7605864321803795,-2.231480686906048,False,-127.85442542467041
426,7.099292439862543,969,667,776.0,516.0,0.045143845747777016,-2.234702766274719,2.5865518323372307,-130.62558880608867,0.04514384574777708,False,2.5865518323372343,-2.234702766274719,False,-128.03903697375145
427,7.1159574455899195,976,666,780.0,518.0,0.059600111503172334,-2.2175547530581867,3.4148348476408836,-130.47136303705045,0.059600111503172126,False,3.4148348476408716,-2.2175547530581867,False,-127.05652818940959
428,7.132622451317297,982,664,782.0,524.0,0.0721883924681464,-2.1815222911841055,4.136090218258769,-129.12811041681746,0.07218839246814657,False,4.136090218258778,-2.1815222911841055,False,-124.99202019855868
429,7.149287457044673,989,663,781.0,533.0,0.08673833867598511,-2.129395642138459,4.969740728110304,-126.9751239361938,0.08673833867598502,False,4.969740728110298,-2.129395642138459,False,-122.0053832080835
430,7.165952462772051,995,662,779.0,546.0,0.09925780617081072,-2.0636327237884973,5.687053377315033,-123.92449891548229,0.0992578061708107,False,5.687053377315032,-2.0636327237884973,False,-118.23744553816725
431,7.182617468499427,999,661,776.0,563.0,0.10768987083282068,-1.9848522770152353,6.170175095029609,-119.89383352493392,0.10768987083282067,False,6.170175095029608,-1.9848522770152353,False,-113.72365842990432
432,7.199282474226804,1003,660,771.0,586.0,0.11614162687999023,-1.8795605982713663,6.654425046006596,-114.3453146660399,0.11614162687999041,False,6.6544250460066054,-1.8795605982713663,False,-107.6908896200333
433,7.215947479954181,1006,660,766.0,613.0,0.12230318927013055,-1.7641822850368147,7.007456566168176,-108.08765579052326,0.12230318927013073,False,7.0074565661681865,-1.7641822850368147,False,-101.08019922435508
434,7.232612485681558,1006,659,764.0,647.0,0.12255597310029112,-1.6203425213860219,7.021940012765528,-99.86072785377092,0.1225559731002912,False,7.021940012765533,-1.6203425213860219,False,-92.83878784100538
435,7.249277491408935,1006,659,766.0,687.0,0.12255597310029112,-1.4546546999149064,7.021940012765528,-90.36751496675895,0.1225559731002912,False,7.021940012765533,-1.4546546999149064,False,-83.3455749539934
436,7.265942497136312,1002,660,772.0,733.0,0.1140857791681595,-1.2634615495967578,6.536633648797067,-78.92764801775023,0.11408577916815954,False,6.5366336487970695,-1.2634615495967578,False,-72.39101436895317
437,7.282607502863688,994,662,785.0,782.0,0.09720307293832454,-1.0495915433002148,5.569325835068303,-65.70649147879321,0.09720307293832464,False,5.569325835068308,-1.049591543300215,False,-60.13716564372491
438,7.2992725085910655,983,665,810.0,833.0,0.07409093254550916,-0.8000598693177746,4.245097735046148,-50.085151604742805,0.07409093254550925,False,4.245097735046153,-0.8000598693177747,False,-45.840053869696675
439,7.315937514318442,966,667,847.0,876.0,0.03899459690463615,-0.5175989262082513,2.2342258264495554,-31.890459778685695,0.038994596904636136,False,2.2342258264495545,-0.5175989262082514,False,-29.656233952236143
440,7.332602520045819,945,669,896.0,904.0,-0.004089956744696894,-0.20556531272254144,-0.23433725986219717,-11.543687573426345,-0.00408995674469681,False,-0.23433725986219234,-0.20556531272254164,False,-11.778024833288562
441,7.349267525773196,921,671,950.0,907.0,-0.052903745726084604,0.12226840393911868,-3.0311613505379147,10.036624864050141,-0.05290374572608458,False,-3.0311613505379134,0.12226840393911864,False,7.005463513512228
442,7.365932531500573,898,670,998.0,886.0,-0.09966865249116202,0.4335814839517618,-5.710593137499642,30.55298224295483,-0.09966865249116186,False,-5.710593137499633,0.433581483951762,False,24.842389105455197
443,7.38259753722795,878,668,1035.0,850.0,-0.14046233535902744,0.7117851063864423,-8.047898996623463,48.83018151283691,-0.14046233535902752,False,-8.047898996623468,0.7117851063864422,False,40.782282516213435
444,7.399262542955326,863,666,1060.0,807.0,-0.171148605416182,0.9495871482084315,-9.80609275989709,64.21342863210398,-0.17114860541618215,False,-9.8060927598971,0.9495871482084315,False,54.407335872206914
445,7.415927548682704,853,664,1076.0,764.0,-0.19182680277691236,1.149248370068741,-10.990866196605499,76.83794741383332,-0.19182680277691233,False,-10.990866196605497,1.149248370068741,False,65.84708121722782
446,7.43259255441008,846,663,1084.0,724.0,-0.20613937516475744,1.3198947319428642,-11.8109161884045,87.43531373028173,-0.20613937516475733,False,-11.810916188404494,1.3198947319428642,False,75.62439754187724
447,7.4492575601374575,842,662,1086.0,687.0,-0.21449130966759683,1.468693602031694,-12.289446786186891,96.43939158046952,-0.21449130966759666,False,-12.28944678618688,1.4686936020316939,False,84.1499447942826
448,7.465922565864834,840,662,1086.0,656.0,-0.21844926222193997,1.5951817359676153,-12.516220763063776,103.9134017903602,-0.21844926222193983,False,-12.51622076306377,1.595181735967615,False,91.39718102729637
449,7.4825875715922106,840,662,1085.0,632.0,-0.21844926222193997,1.692638763814814,-12.516220763063776,109.4972781698936,-0.21844926222193983,False,-12.51622076306377,1.6926387638148137,False,96.98105740682979
450,7.499252577319588,840,662,1083.0,612.0,-0.21844926222193997,1.7737254270029013,-12.516220763063776,114.1432017453698,-0.21844926222193983,False,-12.51622076306377,1.7737254270029013,False,101.62698098230602
451,7.5159175830469644,843,662,1082.0,599.0,-0.21250976287039847,1.8285319033571947,-12.175912517799759,116.94307328519032,-0.2125097628703987,False,-12.175912517799771,1.8285319033571952,False,104.7671607673906
452,7.532582588774342,845,663,1083.0,593.0,-0.20812220444420662,1.856847768512215,-11.924523937611905,118.3140642716467,-0.20812220444420682,False,-11.924523937611916,1.856847768512215,False,106.38954033403479
453,7.549247594501718,848,664,1086.0,591.0,-0.20176234432028708,1.8684092574315774,-11.560130794217766,118.6120956482193,-0.20176234432028695,False,-11.56013079421776,1.8684092574315772,False,107.05196485400151
454,7.565912600229095,852,664,1090.0,596.0,-0.19381704629811555,1.849095985800008,-11.104898750573698,117.05029465149657,-0.1938170462981157,False,-11.104898750573705,1.849095985800008,False,105.94539590092286
455,7.582577605956472,856,665,1096.0,607.0,-0.1854724364882672,1.8079166055195595,-10.626787826785922,114.21277903467485,-0.18547243648826717,False,-10.62678782678592,1.8079166055195595,False,103.58599120788891
456,7.599242611683849,861,666,1104.0,622.0,-0.1751416825418211,1.7499254514877056,-10.034879226466442,110.29822205923705,-0.17514168254182128,False,-10.034879226466451,1.7499254514877052,False,100.26334283277059
457,7.615907617411226,866,666,1111.0,643.0,-0.16514867741462683,1.6643995461877346,-9.462322208025617,104.82539162807234,-0.1651486774146269,False,-9.462322208025622,1.6643995461877346,False,95.36306942004671
458,7.632572623138603,873,667,1119.0,671.0,-0.1507971928375599,1.554537596989767,-8.640042712012589,97.7084861139351,-0.15079719283756,False,-8.640042712012594,1.5545375969897668,False,89.06844340192251
459,7.649237628865979,880,668,1123.0,704.0,-0.1364420412428247,1.423717971406494,-7.817553111363768,89.39058408988309,-0.13644204124282489,False,-7.81755311136378,1.4237179714064938,False,81.57303097851931
460,7.6659026345933565,890,669,1123.0,743.0,-0.11604074924490419,1.2632750836374327,-6.648645183268905,79.02897583972991,-0.11604074924490426,False,-6.648645183268909,1.2632750836374331,False,72.380330656461
461,7.682567640320733,901,670,1116.0,785.0,-0.09360321939283793,1.079632728508636,-5.363069420046713,67.22146818778498,-0.093603219392838,False,-5.363069420046718,1.0796327285086358,False,61.858398767738265
462,7.69923264604811,916,670,1100.0,829.0,-0.06318110180612407,0.8581558032589726,-3.620010478477292,52.78871616987545,-0.06318110180612413,False,-3.6200104784772953,0.8581558032589727,False,49.16870569139815
463,7.715897651775487,933,670,1072.0,867.0,-0.028563657838759995,0.6144636296206393,-1.6365770416167182,36.84274968316915,-0.028563657838760026,False,-1.63657704161672,0.6144636296206394,False,35.206172641552435
464,7.732562657502863,953,668,1033.0,894.0,0.012294462478152404,0.34021811164468324,0.7044208113800838,18.788641099770917,0.012294462478152468,False,0.7044208113800875,0.3402181116446834,False,19.493061911151006
465,7.749227663230241,974,666,988.0,903.0,0.05549850524571683,0.059003163794032726,3.1798301198642345,0.20080214345294303,0.05549850524571687,False,3.1798301198642362,0.0590031637940327,False,3.3806322633171795
466,7.765892668957617,993,662,943.0,894.0,0.09514751601325162,-0.212270495716091,5.451551098712734,-17.613754618394566,0.09514751601325155,False,5.451551098712731,-0.21227049571609102,False,-12.162203519681837
467,7.782557674684995,1008,659,903.0,872.0,0.12666683219541655,-0.45799795159722173,7.257474889089184,-33.49882454124696,0.12666683219541675,False,7.257474889089195,-0.4579979515972217,False,-26.241349652157762
468,7.799222680412371,1018,656,871.0,843.0,0.14806800183754476,-0.6662053648835761,8.483671586226633,-46.654427283028575,0.14806800183754465,False,8.483671586226626,-0.666205364883576,False,-38.170755696801926
469,7.815887686139748,1024,654,845.0,813.0,0.161040518396468,-0.8445008470080361,9.226942034716508,-57.613276363500205,0.16104051839646782,False,9.226942034716497,-0.8445008470080362,False,-48.38633432878371
470,7.832552691867125,1027,653,825.0,784.0,0.1675475761714212,-0.995465855954191,9.599768982269113,-66.63576117782222,0.16754757617142113,False,9.599768982269111,-0.9954658559541909,False,-57.03599219555309
471,7.849217697594502,1027,653,811.0,758.0,0.1675475761714212,-1.1183214372328298,9.599768982269113,-73.67486747471466,0.16754757617142113,False,9.599768982269111,-1.1183214372328298,False,-64.07509849244555
472,7.865882703321879,1024,654,798.0,737.0,0.161040518396468,-1.21883157963399,9.226942034716508,-79.06084748500744,0.16104051839646782,False,9.226942034716497,-1.21883157963399,False,-69.83390545029093
473,7.8825477090492555,1019,655,787.0,723.0,0.15043379158672315,-1.2856785916223006,8.619221354069868,-82.28317846435141,0.15043379158672332,False,8.619221354069879,-1.2856785916223006,False,-73.66395711028154
474,7.899212714776632,1012,658,778.0,716.0,0.13515426614551856,-1.3278297333873983,7.743769033326078,-83.82280866840533,0.1351542661455185,False,7.743769033326076,-1.3278297333873983,False,-76.07903963507925
475,7.915877720504009,1004,660,768.0,713.0,0.11819648888042926,-1.3498852322118609,6.772159966113561,-84.11488659889027,0.11819648888042922,False,6.772159966113559,-1.3498852322118609,False,-77.34272663277672
476,7.932542726231386,994,662,759.0,717.0,0.09720307293832454,-1.3408918986629919,5.569325835068303,-82.39677241174141,0.09720307293832464,False,5.569325835068308,-1.3408918986629919,False,-76.82744657667311
477,7.949207731958763,983,664,750.0,729.0,0.07424345165158135,-1.2987430374302193,4.253836436119192,-78.66633115287186,0.07424345165158153,False,4.253836436119203,-1.2987430374302193,False,-74.41249471675268
478,7.96587273768614,971,666,742.0,744.0,0.04934263225296999,-1.2425099177523233,2.827124578161273,-74.01769886851645,0.0493426322529702,False,2.827124578161285,-1.2425099177523233,False,-71.19057429035517
479,7.982537743413516,958,668,737.0,765.0,0.022537167109211897,-1.157199646133517,1.2912845575388958,-67.59394033502177,0.022537167109212053,False,1.2912845575389047,-1.157199646133517,False,-66.30265577748288
480,7.999202749140894,943,669,735.0,793.0,-0.0081797766624548,-1.03320968013615,-0.4686666801182667,-58.729887343744906,-0.008179776662454952,False,-0.46866668011827534,-1.0332096801361503,False,-59.19855402386318
481,8.015867754868271,926,670,739.0,822.0,-0.042830932668727326,-0.8882784836781006,-2.4540316745270756,-48.440576472508475,-0.042830932668727506,False,-2.454031674527086,-0.8882784836781008,False,-50.894608147035555
482,8.032532760595647,907,670,749.0,852.0,-0.08145204430587098,-0.7149268188186527,-4.666858371438996,-36.29543100758387,-0.08145204430587105,False,-4.666858371439,-0.7149268188186526,False,-40.96228937902288
483,8.049197766323024,886,669,769.0,879.0,-0.12410329558404244,-0.5083106250108272,-7.110595060630179,-22.013458434147253,-0.12410329558404243,False,-7.110595060630178,-0.5083106250108274,False,-29.12405349477743
484,8.065862772050401,864,666,796.0,896.0,-0.16914998983807705,-0.28746320548528187,-9.691580522402578,-6.778847917205999,-0.16914998983807727,False,-9.69158052240259,-0.2874632054852819,False,-16.47042843960859
485,8.082527777777777,842,662,827.0,900.0,-0.21449130966759683,-0.0629419593073733,-12.289446786186891,8.683138163590238,-0.21449130966759666,False,-12.28944678618688,-0.06294195930737345,False,-3.606308622596669
486,8.099192783505154,823,658,857.0,894.0,-0.25381929724115065,0.1430832936681563,-14.542774490894471,22.740843336910775,-0.2538192972411508,False,-14.542774490894482,0.1430832936681563,False,8.198068846016293
487,8.115857789232532,807,653,885.0,880.0,-0.2877674908279319,0.3309729543211049,-16.487862705510125,35.45121612108561,-0.28776749082793174,False,-16.487862705510118,0.33097295432110485,False,18.96335341557549
488,8.13252279495991,796,649,907.0,863.0,-0.31148133901804026,0.47848881981207264,-17.84656612281728,45.26195604224477,-0.3114813390180404,False,-17.84656612281729,0.4784888198120725,False,27.415389919427483
489,8.149187800687285,787,645,926.0,845.0,-0.3313965574643195,0.6073623712888241,-18.987624087870167,53.78692459777748,-0.3313965574643194,False,-18.98762408787016,0.6073623712888239,False,34.79930050990729
490,8.165852806414662,782,643,942.0,828.0,-0.3423396651751016,0.7130608328588534,-19.614617974455047,60.46999423335076,-0.3423396651751016,False,-19.614617974455047,0.7130608328588535,False,40.85537625889572
491,8.18251781214204,780,643,954.0,814.0,-0.3461672948348203,0.7940935964092268,-19.833924999496023,65.33213661210966,-0.34616729483482045,False,-19.833924999496034,0.794093596409227,False,45.49821161261365
492,8.199182817869415,781,643,964.0,806.0,-0.3442547931908079,0.8431373819225523,-19.724346726982283,68.03256026085432,-0.344254793190808,False,-19.724346726982287,0.8431373819225523,False,48.308213533872035
493,8.215847823596793,784,644,973.0,801.0,-0.33782633984503274,0.8776213635508001,-19.356023481472615,69.64002362344995,-0.33782633984503274,False,-19.356023481472615,0.8776213635507997,False,50.28400014197728
494,8.23251282932417,790,646,980.0,802.0,-0.32496597739883704,0.8833495880402257,-18.619178990297062,69.23138221962192,-0.32496597739883715,False,-18.619178990297065,0.8833495880402253,False,50.612203229324855
495,8.249177835051546,798,649,986.0,808.0,-0.3076126789485028,0.8687778880073397,-17.624908228461997,67.40221454557188,-0.30761267894850297,False,-17.624908228462008,0.8687778880073393,False,49.77730631710984
496,8.265842840778923,808,653,990.0,817.0,-0.28582250399238024,0.8373744289663596,-16.37642316862451,64.35444382057426,-0.2858225039923803,False,-16.376423168624513,0.8373744289663598,False,47.97802065194977
497,8.2825078465063,821,657,992.0,831.0,-0.25825221981103874,0.7767027303856697,-14.796762245057346,59.29855063244367,-0.25825221981103885,False,-14.796762245057353,0.7767027303856695,False,44.50178838738635
498,8.299172852233678,835,660,992.0,848.0,-0.22923193327699534,0.6957837541221173,-13.134022306396323,52.999494871361854,-0.2292319332769952,False,-13.134022306396316,0.6957837541221172,False,39.865472564965515
499,8.315837857961053,853,664,988.0,866.0,-0.19182680277691236,0.5891441555631151,-10.990866196605499,44.7463398351708,-0.19182680277691233,False,-10.990866196605497,0.589144155563115,False,33.755473638565306
500,8.33250286368843,872,667,980.0,883.0,-0.15280362557040236,0.4636476090008061,-8.755002839481362,35.32005401655934,-0.15280362557040217,False,-8.755002839481351,0.46364760900080615,False,26.565051177077994
501,8.349167869415808,893,669,969.0,898.0,-0.10998382060228361,0.3204399391575476,-6.301608735234843,24.661464836391207,-0.10998382060228362,False,-6.3016087352348436,0.32043993915754765,False,18.359856101156364
502,8.365832875143184,917,670,954.0,907.0,-0.06114816264930121,0.15486802523009655,-3.503531644784458,12.37681587199453,-0.06114816264930134,False,-3.5035316447844655,0.15486802523009668,False,8.87328422721009
503,8.382497880870561,939,669,937.0,907.0,-0.016358458874160525,-0.008403163547646988,-0.9372706528277263,0.4558048469893661,-0.01635845887416032,False,-0.9372706528277146,-0.008403163547646919,False,-0.4814658058383485
504,8.399162886597939,962,667,922.0,902.0,0.030791086745857205,-0.16859693960942962,1.764199317158826,-11.424092395601157,0.0307910867458574,False,1.764199317158837,-0.16859693960942979,False,-9.659893078442344
505,8.415827892325314,982,664,910.0,889.0,0.0721883924681464,-0.3097029445424562,4.136090218258769,-21.880761843315696,0.07218839246814657,False,4.136090218258778,-0.3097029445424564,False,-17.744671625056945
506,8.432492898052692,1000,660,901.0,875.0,0.10997119338305049,-0.43152255892362384,6.300885248865798,-31.025306639874824,0.10997119338305028,False,6.300885248865787,-0.431522558923624,False,-24.724421391009034
507,8.449157903780069,1015,656,896.0,862.0,0.14189705460416394,-0.523838467711257,8.13010235415598,-38.14383570061105,0.14189705460416402,False,8.130102354155985,-0.5238384677112569,False,-30.013733346455066
508,8.465822909507446,1027,652,894.0,850.0,0.16789592325037456,-0.5914909614909966,9.619727799698852,-43.50966351326805,0.1678959232503745,False,9.619727799698849,-0.5914909614909964,False,-33.8899357135692
509,8.482487915234822,1036,650,895.0,841.0,0.18714581630053895,-0.6359191142360691,10.722665427551487,-47.158146784975926,0.18714581630053884,False,10.722665427551481,-0.635919114236069,False,-36.435481357424415
510,8.4991529209622,1043,647,899.0,837.0,0.20274310245903143,-0.6485346233296747,11.616324096290924,-48.77462088118786,0.20274310245903138,False,11.61632409629092,-0.6485346233296747,False,-37.15829678489694
511,8.515817926689577,1047,646,903.0,837.0,0.21138641644999373,-0.6460094647365517,12.111549508979438,-49.12516536388924,0.21138641644999367,False,12.111549508979436,-0.6460094647365517,False,-37.0136158549098
512,8.532482932416952,1048,645,910.0,841.0,0.21388211213714817,-0.6134600655737035,12.25454233880239,-47.403214995994325,0.21388211213714836,False,12.254542338802402,-0.6134600655737037,False,-35.14867265719195
513,8.54914793814433,1048,645,921.0,848.0,0.21388211213714817,-0.5590419890640936,12.25454233880239,-44.28528888277368,0.21388211213714836,False,12.254542338802402,-0.5590419890640934,False,-32.030746543971276
514,8.565812943871707,1044,647,932.0,858.0,0.20479674049706412,-0.487987370663628,11.733988888517723,-39.69360568322974,0.2047967404970641,False,11.733988888517722,-0.4879873706636282,False,-27.959616794712016
515,8.582477949599083,1038,649,946.0,870.0,0.19164849668667716,-0.3944697829498962,10.980650010173543,-33.582103718644234,0.19164849668667738,False,10.980650010173555,-0.394469782949896,False,-22.601453708470682
516,8.59914295532646,1029,652,963.0,882.0,0.17201198762928016,-0.2794477641263722,9.85556091681428,-25.86673839562273,0.17201198762928005,False,9.855560916814273,-0.2794477641263722,False,-16.011177478808456
517,8.615807961053838,1017,656,982.0,893.0,0.1460122577112754,-0.14661956967353545,8.36588612403259,-16.766568660350494,0.14601225771127524,False,8.36588612403258,-0.1466195696735353,False,-8.40068253631789
518,8.632472966781215,1002,660,1003.0,898.0,0.1140857791681595,0.004201655946871886,6.536633648797067,-6.295896496075257,0.11408577916815954,False,6.5366336487970695,0.004201655946872052,False,0.2407371527218122
519,8.64913797250859,985,663,1023.0,899.0,0.07851322242092665,0.15964666966066154,4.498476280691005,4.64860410418415,0.07851322242092662,False,4.498476280691003,0.15964666966066154,False,9.147080384875153
520,8.665802978235968,967,666,1042.0,893.0,0.04112905637755206,0.31910505792279287,2.3565213457893552,15.926851694464363,0.04112905637755215,False,2.3565213457893606,0.31910505792279276,False,18.283373040253696
521,8.682467983963345,950,668,1054.0,882.0,0.006147463542206526,0.45236989166241065,0.35222371567897715,25.56666185536745,0.006147463542206744,False,0.35222371567898964,0.4523698916624106,False,25.918885571046413
522,8.699132989690721,933,670,1063.0,870.0,-0.028563657838759995,0.5763752205911837,-1.6365770416167182,34.66044459741337,-0.028563657838760026,False,-1.63657704161672,0.5763752205911836,False,33.02386755579664
523,8.715797995418098,917,670,1067.0,856.0,-0.06114816264930121,0.6786624907483126,-3.503531644784458,42.38802807849904,-0.06114816264930134,False,-3.5035316447844655,0.6786624907483128,False,38.8844964337146
524,8.732463001145476,902,670,1066.0,845.0,-0.09157985014268566,0.7529611668960438,-5.247138901616438,48.38863590200535,-0.09157985014268544,False,-5.247138901616426,0.7529611668960436,False,43.141497000388895
525,8.749128006872853,889,669,1062.0,837.0,-0.11805784856471346,0.8000598693177746,-6.764216461152685,52.60427033084936,-0.11805784856471346,False,-6.764216461152685,0.8000598693177747,False,45.840053869696675
526,8.765793012600229,877,668,1055.0,830.0,-0.14247077800650498,0.8324222952401945,-8.162974283718007,55.85725857357409,-0.14247077800650487,False,-8.162974283718002,0.8324222952401943,False,47.694284289856085
527,8.782458018327606,867,667,1046.0,829.0,-0.1628169028265992,0.8352102961395945,-9.328721365355777,57.182746340026156,-0.1628169028265991,False,-9.328721365355772,0.8352102961395946,False,47.85402497467041
528,8.799123024054984,859,665,1034.0,832.0,-0.17949058926585928,0.808785711176491,-10.284053227249894,56.62406100814959,-0.17949058926585915,False,-10.284053227249887,0.8087857111764909,False,46.340007780899704
529,8.81578802978236,852,664,1021.0,837.0,-0.19381704629811555,0.7737027902317594,-11.104898750573698,55.43480322834917,-0.1938170462981157,False,-11.104898750573705,0.7737027902317593,False,44.329904477775464
530,8.832453035509737,847,663,1004.0,846.0,-0.2041549002461737,0.7090761146524328,-11.697214151020084,52.32428287413895,-0.20415490024617355,False,-11.697214151020075,0.7090761146524329,False,40.62706872311888
531,8.849118041237114,844,662,986.0,858.0,-0.21052652019006543,0.6269736881905635,-12.062281082466463,47.98522728153703,-0.21052652019006546,False,-12.062281082466464,0.6269736881905636,False,35.92294619907056
532,8.86578304696449,843,662,964.0,871.0,-0.21250976287039847,0.5247957716501074,-12.175912517799759,42.2444953396622,-0.2125097628703987,False,-12.175912517799771,0.5247957716501075,False,30.068582821862456
533,8.882448052691867,843,662,939.0,884.0,-0.21250976287039847,0.4081491037550893,-12.175912517799759,35.5611335750135,-0.2125097628703987,False,-12.175912517799771,0.4081491037550893,False,23.385221057213755
534,8.899113058419244,846,663,911.0,895.0,-0.20613937516475744,0.2731685751876667,-11.8109161884045,27.46232264225991,-0.20613937516475733,False,-11.810916188404494,0.27316857518766646,False,15.651406453855389
535,8.915778064146622,852,664,883.0,902.0,-0.19381704629811555,0.12952290719556644,-11.104898750573698,18.5260146831443,-0.1938170462981157,False,-11.104898750573705,0.12952290719556636,False,7.421115932570594
536,8.932443069873997,858,665,852.0,904.0,-0.1814860033304422,-0.025099330520065605,-10.398382031531542,8.960296324127887,-0.18148600333044218,False,-10.39838203153154,-0.02509933052006552,False,-1.438085707403652
537,8.949108075601375,866,666,822.0,901.0,-0.16514867741462683,-0.18509101269405182,-9.462322208025617,-1.1426116451458987,-0.1651486774146269,False,-9.462322208025622,-0.18509101269405193,False,-10.60493385317152
538,8.965773081328752,875,667,795.0,892.0,-0.14678066990192157,-0.34161549064780716,-8.409912899483016,-11.163212930927182,-0.14678066990192162,False,-8.40991289948302,-0.3416154906478073,False,-19.573125830410202
539,8.982438087056128,883,668,772.0,879.0,-0.1304033078891334,-0.4842825783850835,-7.471559176592376,-20.27578865658638,-0.13040330788913357,False,-7.471559176592385,-0.48428257838508326,False,-27.747347833178736
540,8.999103092783505,892,669,754.0,863.0,-0.11200371946246931,-0.6182963634663426,-6.417340414966769,-29.00843169994142,-0.11200371946246923,False,-6.417340414966764,-0.6182963634663428,False,-35.425772114908185
541,9.015768098510883,898,669,740.0,847.0,-0.09987112262405032,-0.7259445040887914,-5.722193821591595,-35.87136242341368,-0.09987112262405029,False,-5.722193821591593,-0.7259445040887913,False,-41.593556245005274
542,9.032433104238258,904,669,731.0,833.0,-0.08770895515402681,-0.812098048402714,-5.0253529558279455,-41.50443776845842,-0.08770895515402666,False,-5.025352955827937,-0.812098048402714,False,-46.52979072428636
543,9.049098109965636,909,670,725.0,823.0,-0.07739611091404558,-0.8771281411474733,-4.43447050610122,-45.82127007380417,-0.07739611091404575,False,-4.4344705061012295,-0.8771281411474732,False,-50.25574057990537
544,9.065763115693013,913,670,724.0,815.0,-0.06927671619884672,-0.9163804541418898,-3.9692634567195,-48.53546899389248,-0.06927671619884679,False,-3.969263456719504,-0.9163804541418896,False,-52.504732450611954
545,9.08242812142039,916,670,724.0,812.0,-0.06318110180612407,-0.9339952852466475,-3.620010478477292,-49.89397745127305,-0.06318110180612413,False,-3.6200104784772953,-0.9339952852466475,False,-53.51398792975035
546,9.099093127147766,918,670,728.0,813.0,-0.05911471730493129,-0.9256131338016726,-3.3870238086815356,-49.64670222003225,-0.05911471730493112,False,-3.3870238086815254,-0.9256131338016726,False,-53.0337260287138
547,9.115758132875143,920,670,734.0,818.0,-0.055046374610762935,-0.8986834994141027,-3.153924942692806,-48.336846691782874,-0.05504637461076278,False,-3.153924942692797,-0.8986834994141026,False,-51.49077163447567
548,9.13242313860252,920,670,741.0,828.0,-0.055046374610762935,-0.8476322329558251,-3.153924942692806,-45.411824584925796,-0.05504637461076278,False,-3.153924942692797,-0.8476322329558252,False,-48.56574952761859
549,9.149088144329896,920,670,753.0,841.0,-0.055046374610762935,-0.7735643962942974,-3.153924942692806,-41.1680501465559,-0.05504637461076278,False,-3.153924942692797,-0.7735643962942973,False,-44.321975089248696
550,9.165753150057274,919,670,770.0,855.0,-0.0570807824062646,-0.6780282413619009,-3.2704879231835653,-35.577668697530875,-0.057080782406264685,False,-3.27048792318357,-0.678028241361901,False,-38.84815662071444
551,9.182418155784651,916,670,789.0,871.0,-0.06318110180612407,-0.5635034222608851,-3.620010478477292,-28.66635735824971,-0.06318110180612413,False,-3.6200104784772953,-0.5635034222608852,False,-32.286367836727
552,9.199083161512027,913,670,813.0,886.0,-0.06927671619884672,-0.4335814839517618,-3.9692634567195,-20.87312564873569,-0.06927671619884679,False,-3.969263456719504,-0.433581483951762,False,-24.842389105455197
553,9.215748167239404,908,670,841.0,898.0,-0.07942440494278238,-0.2858139684375267,-4.550683193559426,-11.825250923796176,-0.07942440494278236,False,-4.550683193559424,-0.2858139684375267,False,-16.3759341173556
554,9.232413172966782,903,669,871.0,905.0,-0.08973788856840186,-0.1347712844777311,-5.141602277384703,-2.580223522746282,-0.08973788856840192,False,-5.141602277384707,-0.1347712844777309,False,-7.721825800130964
555,9.249078178694159,899,669,901.0,908.0,-0.09784605426629266,0.008368005512292491,-5.606165951466592,6.085617350263164,-0.09784605426629245,False,-5.60616595146658,0.008368005512292331,False,0.4794513987965589
556,9.265743184421535,895,669,931.0,905.0,-0.10594133428356439,0.15137544373402623,-6.069991330432854,14.743165378312623,-0.10594133428356445,False,-6.069991330432858,0.15137544373402623,False,8.673174047879765
557,9.282408190148912,893,669,957.0,899.0,-0.10998382060228361,0.27139528080163583,-6.301608735234843,21.85141290493643,-0.10998382060228362,False,-6.3016087352348436,0.2713952808016358,False,15.549804169701588
558,9.29907319587629,892,669,981.0,891.0,-0.11200371946246931,0.3812827744718905,-6.417340414966769,28.26323419324451,-0.11200371946246923,False,-6.417340414966764,0.38128277447189074,False,21.845893778277745
559,9.315738201603665,892,669,1002.0,883.0,-0.11200371946246931,0.4747995630264205,-6.417340414966769,33.62135149103639,-0.11200371946246923,False,-6.417340414966764,0.47479956302642057,False,27.204011076069627
560,9.332403207331042,894,669,1019.0,875.0,-0.10796302023875617,0.545401665453484,-6.185825403166218,37.435038973056926,-0.10796302023875626,False,-6.185825403166223,0.5454016654534839,False,31.249213569890703
561,9.34906821305842,898,669,1033.0,869.0,-0.09987112262405032,0.5937496667107711,-5.722193821591595,39.74154381141806,-0.09987112262405029,False,-5.722193821591593,0.5937496667107709,False,34.019349989826445
562,9.365733218785795,902,669,1044.0,865.0,-0.0917660814398064,0.6269736881905635,-5.2578091689547035,41.18075536802525,-0.09176608143980625,False,-5.257809168954695,0.6269736881905636,False,35.92294619907056
563,9.382398224513173,908,669,1052.0,862.0,-0.07958614275193977,0.641009419597701,-4.559950087411836,41.2870844584906,-0.07958614275193998,False,-4.559950087411848,0.641009419597701,False,36.72713437107875
564,9.39906323024055,915,670,1059.0,863.0,-0.06521351816716534,0.641009419597701,-3.7364593581782937,40.46359372925703,-0.06521351816716514,False,-3.7364593581782826,0.641009419597701,False,36.72713437107875
565,9.415728235967928,922,670,1064.0,864.0,-0.050976207075313404,0.6318543808578923,-2.920721521000384,39.123310811009326,-0.05097620707531325,False,-2.920721521000375,0.6318543808578925,False,36.20258929000895
566,9.432393241695303,929,669,1065.0,868.0,-0.036793204146488,0.5995095755016435,-2.1080953123570025,36.45746376628075,-0.03679320414648801,False,-2.1080953123570034,0.5995095755016435,False,34.349368453923745
567,9.44905824742268,936,669,1065.0,872.0,-0.0224910943897394,0.5660914625079305,-1.2886447851624314,33.72329640525513,-0.02249109438973962,False,-1.288644785162444,0.5660914625079307,False,32.43465162009271
568,9.465723253150058,944,668,1063.0,878.0,-0.006147463542206526,0.515549007458979,-0.35222371567897715,29.89100597523707,-0.006147463542206744,False,-0.35222371567898964,0.5155490074589792,False,29.538782259558108
569,9.482388258877434,952,668,1057.0,883.0,0.010245543128795739,0.45430208669331623,0.5870263800992562,25.44256581141419,0.010245543128795553,False,0.5870263800992457,0.4543020866933163,False,26.029592191513462
570,9.499053264604811,959,667,1051.0,888.0,0.024635671943408474,0.3944697829498962,1.4115200278261602,21.189933680644522,0.024635671943408433,False,1.411520027826158,0.394469782949896,False,22.601453708470682
571,9.515718270332188,966,666,1042.0,893.0,0.039074751138084556,0.3230715575912482,2.238818325736255,16.27181840495997,0.03907475113808445,False,2.2388183257362493,0.3230715575912484,False,18.510636730696245
572,9.532383276059566,973,665,1031.0,896.0,0.0535569818743805,0.24599699271376327,3.0685890248606515,11.026000430548441,0.053556981874380405,False,3.068589024860646,0.24599699271376307,False,14.094589455409087
573,9.549048281786941,978,664,1020.0,899.0,0.06396221713056521,0.1768561314739792,3.6647650898807616,6.4683448245890505,0.06396221713056516,False,3.6647650898807584,0.17685613147397916,False,10.13310991446981
574,9.565713287514319,983,663,1007.0,901.0,0.07439659882481868,0.10050059905462982,4.262611122790051,1.4956490415766992,0.07439659882481875,False,4.262611122790054,0.10050059905462971,False,5.758260164366754
575,9.582378293241696,985,663,995.0,901.0,0.07851322242092665,0.041992107221369514,4.498476280691005,-2.092505764045699,0.07851322242092662,False,4.498476280691003,0.04199210722136959,False,2.405970516645304
576,9.599043298969072,987,662,982.0,901.0,0.08279782530853373,-0.020917450819302335,4.743965943040456,-5.9424475931589384,0.08279782530853375,False,4.743965943040457,-0.020917450819302186,False,-1.1984816501184812
577,9.615708304696449,988,662,971.0,900.0,0.0848579683993512,-0.07130746478529032,4.862003447337333,-8.947620227312214,0.08485796839935134,False,4.862003447337341,-0.07130746478529026,False,-4.085616779974873
578,9.632373310423826,986,662,959.0,899.0,0.08073697754796245,-0.11343499180721633,4.625888064140734,-11.125234343795295,0.0807369775479625,False,4.625888064140737,-0.11343499180721617,False,-6.499346279654557
579,9.649038316151202,983,663,949.0,899.0,0.07439659882481868,-0.1430832936681563,4.262611122790051,-12.460679968806346,0.07439659882481875,False,4.262611122790054,-0.1430832936681563,False,-8.198068846016293
580,9.66570332187858,978,664,941.0,900.0,0.06396221713056521,-0.15551373812965635,3.6647650898807616,-12.575045941012782,0.06396221713056516,False,3.6647650898807584,-0.15551373812965652,False,-8.910280851132024
581,9.682368327605957,972,665,933.0,900.0,0.051500810951225474,-0.1644585463992785,2.9507791090063504,-12.373559722541437,0.051500810951225606,False,2.950779109006358,-0.16445854639927848,False,-9.422780613535078
582,9.699033333333334,965,666,927.0,902.0,0.037020115873930025,-0.15964666966066154,2.1210963966614536,-11.268176781536608,0.03702011587393006,False,2.1210963966614558,-0.15964666966066154,False,-9.147080384875153
583,9.71569833906071,956,667,920.0,904.0,0.018478389371786808,-0.15074638112042166,1.0587337232027807,-9.69586513827354,0.018478389371786808,False,1.0587337232027807,-0.1507463811204217,False,-8.637131415070758
584,9.732363344788087,948,668,914.0,904.0,0.0020491774596110407,-0.1430832936681563,0.11740921990905234,-8.31547806592534,0.0020491774596109735,False,0.1174092199090485,-0.1430832936681563,False,-8.198068846016293
585,9.749028350515465,938,669,908.0,906.0,-0.018402830234312228,-0.12591262568579822,-1.0544045035218386,-6.159857535684915,-0.01840283023431244,False,-1.0544045035218506,-0.1259126256857983,False,-7.214262039206766
586,9.76569335624284,928,669,903.0,906.0,-0.038835270437665124,-0.10509657413192951,-2.225097092327385,-3.796493046715955,-0.038835270437665326,False,-2.2250970923273967,-0.10509657413192963,False,-6.021590139043352
587,9.782358361970218,918,669,897.0,907.0,-0.059235323997602105,-0.08800737352774077,-3.3939340631526043,-1.6485170060183094,-0.05923532399760223,False,-3.3939340631526114,-0.0880073735277409,False,-5.042451069170921
588,9.799023367697595,909,670,891.0,907.0,-0.07739611091404558,-0.07580383736113926,-4.43447050610122,0.09123055441182257,-0.07739611091404575,False,-4.4344705061012295,-0.07580383736113916,False,-4.343239951689381
589,9.81568837342497,899,669,885.0,907.0,-0.09784605426629266,-0.058755822715722696,-5.606165951466592,2.2397052880367996,-0.09784605426629245,False,-5.60616595146658,-0.05875582271572277,False,-3.3664606634298058
590,9.832353379152348,891,668,879.0,906.0,-0.11425432796143953,-0.050377507181057816,-6.546290783294036,3.659872239429438,-0.11425432796143964,False,-6.546290783294042,-0.05037750718105771,False,-2.886418543864604
591,9.849018384879725,883,668,871.0,906.0,-0.1304033078891334,-0.050377507181057816,-7.471559176592376,4.585140632727756,-0.13040330788913357,False,-7.471559176592385,-0.05037750718105771,False,-2.886418543864604
592,9.865683390607103,877,667,863.0,906.0,-0.14275937114811624,-0.05851054432966771,-8.179509452728754,4.827102205625681,-0.1427593711481161,False,-8.179509452728746,-0.058510544329667624,False,-3.3524072471030655
593,9.882348396334478,872,666,854.0,904.0,-0.1531131502543977,-0.07548654493392346,-8.772737297529416,4.447676862790951,-0.15311315025439765,False,-8.772737297529412,-0.07548654493392348,False,-4.325060434738461
594,9.899013402061856,867,666,845.0,904.0,-0.16314600986501293,-0.09217503755646181,-9.347577809664934,4.066337181219808,-0.16314600986501304,False,-9.34757780966494,-0.09217503755646161,False,-5.281240628445107
595,9.915678407789233,864,666,836.0,903.0,-0.16914998983807705,-0.1175983406109762,-9.691580522402578,2.9536919276517324,-0.16914998983807727,False,-9.69158052240259,-0.1175983406109764,False,-6.737888594750859
596,9.932343413516609,861,665,828.0,901.0,-0.17549543767913806,-0.13892970426308895,-10.055147902815774,2.0950621995401004,-0.175495437679138,False,-10.05514790281577,-0.13892970426308882,False,-7.96008570327567
597,9.949008419243986,860,665,821.0,901.0,-0.17749372925885132,-0.16377410783361504,-10.169641576569873,0.7860764041832933,-0.1774937292588512,False,-10.169641576569868,-0.163774107833615,False,-9.383565172386573
598,9.965673424971364,860,664,815.0,899.0,-0.17785277492476345,-0.18919902209996817,-10.190213377879104,-0.6500920764514689,-0.1778527749247636,False,-10.190213377879111,-0.18919902209996797,False,-10.840305454330554
599,9.98233843069874,860,665,809.0,898.0,-0.17749372925885132,-0.21548569150556338,-10.169641576569873,-2.176779092156957,-0.1774937292588512,False,-10.169641576569868,-0.21548569150556318,False,-12.346420668726825
600,9.999003436426117,860,665,805.0,897.0,-0.17749372925885132,-0.23277174150088592,-10.169641576569873,-3.1671968013410705,-0.1774937292588512,False,-10.169641576569868,-0.2327717415008861,False,-13.336838377910963
601,10.015668442153494,863,665,802.0,896.0,-0.17149461761166124,-0.2581758664478214,-9.825917798358107,-4.966469721235255,-0.1714946176116614,False,-9.825917798358116,-0.25817586644782153,False,-14.79238751959337
602,10.032333447880871,865,666,801.0,895.0,-0.16715000896544135,-0.27252271576064285,-9.576990059293662,-6.037411375234536,-0.1671500089654412,False,-9.576990059293651,-0.2725227157606427,False,-15.614401434528189
603,10.048998453608247,868,666,801.0,895.0,-0.16114202105844966,-0.2846323319793205,-9.2327577088574,-7.0754736265241895,-0.16114202105844955,False,-9.232757708857394,-0.2846323319793207,False,-16.30823133538161
604,10.065663459335624,871,667,804.0,895.0,-0.15480881909979383,-0.2858139684375267,-8.869891965822434,-7.506042151533166,-0.15480881909979383,False,-8.869891965822434,-0.2858139684375267,False,-16.3759341173556
605,10.082328465063002,875,667,807.0,895.0,-0.14678066990192157,-0.28984648991161976,-8.409912899483016,-8.197067679134,-0.14678066990192162,False,-8.40991289948302,-0.28984648991161954,False,-16.606980578616994
606,10.098993470790377,879,667,812.0,896.0,-0.13873341833675065,-0.2846323319793205,-7.948839348118677,-8.359391987262924,-0.1387334183367508,False,-7.948839348118685,-0.2846323319793207,False,-16.30823133538161
607,10.115658476517755,884,668,819.0,897.0,-0.12838824719155492,-0.27656855859928864,-7.356104703158442,-8.490106450597393,-0.12838824719155495,False,-7.356104703158443,-0.27656855859928875,False,-15.846211153755837
608,10.132323482245132,888,668,827.0,898.0,-0.12031767103763377,-0.25924884628266204,-6.893694751299836,-7.960169984332536,-0.12031767103763391,False,-6.893694751299844,-0.2592488462826621,False,-14.85386473563238
609,10.148988487972508,893,668,836.0,900.0,-0.11020737864913306,-0.2409177717439294,-6.314417667795504,-7.489153862827771,-0.11020737864913288,False,-6.314417667795494,-0.24091777174392925,False,-13.803571530623264
610,10.165653493699885,898,669,847.0,902.0,-0.09987112262405032,-0.21548569150556338,-5.722193821591595,-6.6242268471352315,-0.09987112262405029,False,-5.722193821591593,-0.21548569150556318,False,-12.346420668726825
611,10.182318499427263,903,669,857.0,903.0,-0.08973788856840186,-0.19410609803032688,-5.141602277384703,-5.979857917505656,-0.08973788856840192,False,-5.141602277384707,-0.19410609803032708,False,-11.121460194890362
612,10.19898350515464,909,669,869.0,904.0,-0.07755375193923174,-0.16859693960942962,-4.443502671522502,-5.2163904069198415,-0.07755375193923175,False,-4.443502671522503,-0.16859693960942979,False,-9.659893078442344
613,10.215648510882016,915,669,881.0,905.0,-0.06534650020549478,-0.1430832936681563,-3.7440786677256175,-4.453990178290678,-0.0653465002054947,False,-3.7440786677256135,-0.1430832936681563,False,-8.198068846016293
614,10.232313516609393,920,669,892.0,906.0,-0.05515871592817881,-0.1175983406109762,-3.160361626045675,-3.5775269687051727,-0.055158715928179,False,-3.160361626045686,-0.1175983406109764,False,-6.737888594750859
615,10.24897852233677,926,669,904.0,906.0,-0.042918414078704496,-0.09256174873423176,-2.459043990104621,-2.844353556717256,-0.04291841407870445,False,-2.459043990104618,-0.09256174873423184,False,-5.303397546821874
616,10.265643528064146,932,669,915.0,907.0,-0.030665230926948613,-0.07130746478529032,-1.7569883099082009,-2.328628470066672,-0.030665230926948617,False,-1.756988309908201,-0.07130746478529026,False,-4.085616779974873
617,10.282308533791523,937,668,927.0,906.0,-0.020488935736088298,-0.041992107221369514,-1.173929544392628,-1.2320409722526668,-0.020488935736088454,False,-1.1739295443926372,-0.04199210722136959,False,-2.405970516645304
618,10.2989735395189,943,668,937.0,906.0,-0.008196537749912585,-0.025204745326941735,-0.4696270196896474,-0.9744985112461916,-0.00819653774991247,False,-0.4696270196896407,-0.025204745326941946,False,-1.4441255309358578
619,10.315638545246278,948,668,948.0,906.0,0.0020491774596110407,0.0,0.11740921990905234,-0.1174092199090485,0.0020491774596109735,False,0.1174092199090485,0.0,False,0.0
620,10.332303550973654,953,667,958.0,905.0,0.012319705229270344,0.021005313472176913,0.705867114482441,0.49764869482258345,0.012319705229270284,False,0.7058671144824374,0.021005313472176823,False,1.203515809305021
621,10.348968556701031,957,667,967.0,905.0,0.02053099566304746,0.041992107221369514,1.1763394006940167,1.229631115951285,0.020530995663047502,False,1.176339400694019,0.04199210722136959,False,2.405970516645304
622,10.365633562428409,960,666,976.0,904.0,0.026742594234704205,0.0671258882021007,1.5322377828794387,2.3137923071679363,0.026742594234704153,False,1.5322377828794356,0.06712588820210064,False,3.846030090047372
623,10.382298568155784,964,666,983.0,903.0,0.03496516785698147,0.07999768653239922,2.0033565481715234,2.580173260945494,0.03496516785698134,False,2.003356548171516,0.07999768653239903,False,4.583529809117009
624,10.398963573883162,967,666,988.0,903.0,0.04112905637755206,0.0883767861448488,2.3565213457893552,2.7070955072407368,0.04112905637755215,False,2.3565213457893606,0.088376786144849,False,5.063616853030098
625,10.415628579610539,969,665,993.0,903.0,0.04532975155054408,0.10050059905462982,2.597203450222775,3.1610567141439976,0.045329751550544195,False,2.5972034502227817,0.10050059905462971,False,5.758260164366754
626,10.432293585337915,971,665,997.0,902.0,0.04944420407659672,0.1092676898773683,2.8329442149725317,3.4276332521450317,0.049444204076596776,False,2.8329442149725352,0.10926768987736812,False,6.260577467117542
627,10.448958591065292,972,665,1000.0,901.0,0.051500810951225474,0.11809202841909398,2.9507791090063504,3.8153957135467067,0.051500810951225606,False,2.950779109006358,0.11809202841909405,False,6.766174822553064
628,10.46562359679267,972,665,1001.0,902.0,0.051500810951225474,0.12175759779046096,2.9507791090063504,4.025417368038469,0.051500810951225606,False,2.950779109006358,0.1217575977904608,False,6.976196477044802
629,10.482288602520047,972,665,1000.0,901.0,0.051500810951225474,0.11809202841909398,2.9507791090063504,3.8153957135467067,0.051500810951225606,False,2.950779109006358,0.11809202841909405,False,6.766174822553064
630,10.498953608247422,972,665,999.0,901.0,0.051500810951225474,0.11391151001120803,2.9507791090063504,3.5758696525981,0.051500810951225606,False,2.950779109006358,0.11391151001120825,False,6.5266487616044575
631,10.5156186139748,970,665,997.0,902.0,0.04738717851460007,0.11343499180721633,2.7150853319195978,3.7842609477349605,0.04738717851460006,False,2.715085331919597,0.11343499180721617,False,6.499346279654557
632,10.532283619702177,968,665,993.0,902.0,0.04327194049007683,0.10509657413192951,2.4792995614226614,3.5422905776206934,0.043271940490076766,False,2.479299561422658,0.10509657413192963,False,6.021590139043352
633,10.548948625429553,966,666,989.0,903.0,0.039074751138084556,0.09674346233893974,2.238818325736255,3.3041737617678177,0.03907475113808445,False,2.2388183257362493,0.0967434623389396,False,5.542992087504067
634,10.56561363115693,962,666,983.0,904.0,0.030854402730526108,0.08800737352774077,1.7678270558560691,3.274624013314834,0.030854402730525976,False,1.7678270558560616,0.0880073735277409,False,5.042451069170921
635,10.582278636884308,959,666,977.0,904.0,0.024686342055599407,0.07548654493392346,1.414423211402155,2.9106372233363076,0.024686342055599386,False,1.4144232114021538,0.07548654493392348,False,4.325060434738461
636,10.598943642611683,955,667,970.0,905.0,0.016425627345179168,0.0629419593073733,0.9411191227334413,2.6651894998632217,0.016425627345179272,False,0.9411191227334473,0.06294195930737345,False,3.606308622596669
637,10.61560864833906,950,667,963.0,906.0,0.006160086351622471,0.05433975721276864,0.3529469493841088,2.7604917986731206,0.0061600863516226845,False,0.352946949384121,0.054339757212768625,False,3.113438748057216
638,10.632273654066438,945,668,954.0,906.0,-0.004098337709848645,0.03779711649456458,-0.23481745379363872,2.4004327066965097,-0.004098337709848465,False,-0.23481745379362842,0.03779711649456452,False,2.165615252902856
639,10.648938659793815,940,668,945.0,906.0,-0.014343278601612561,0.021005313472176913,-0.821809328252705,2.025325137557732,-0.014343278601612663,False,-0.8218093282527109,0.021005313472176823,False,1.203515809305021
640,10.665603665521191,934,669,937.0,907.0,-0.026578606732862897,0.012604374487651676,-1.5228419911310378,2.245019452675841,-0.02657860673286283,False,-1.522841991131034,0.012604374487651615,False,0.7221774615448069
641,10.682268671248568,929,669,926.0,907.0,-0.036793204146488,-0.012604374487651676,-2.1080953123570025,1.3859178508121965,-0.03679320414648801,False,-2.1080953123570034,-0.012604374487651615,False,-0.7221774615448069
642,10.698933676975946,923,669,917.0,907.0,-0.04904040332375124,-0.025204745326941735,-2.8098081360702802,1.3656826051344366,-0.049040403323751036,False,-2.8098081360702687,-0.025204745326941946,False,-1.4441255309358578
643,10.715598682703321,917,669,908.0,908.0,-0.061272897586910506,-0.03763911919938858,-3.510678430267298,1.3541157555524985,-0.061272897586910346,False,-3.5106784302672893,-0.03763911919938856,False,-2.1565626747147904
644,10.732263688430699,912,669,898.0,907.0,-0.07145279249826227,-0.058755822715722696,-4.093943444574458,0.7274827811446604,-0.07145279249826242,False,-4.0939434445744665,-0.05875582271572277,False,-3.3664606634298058
645,10.748928694158076,906,669,888.0,906.0,-0.0836489319632831,-0.07580383736113926,-4.792730762273093,0.4494908105837148,-0.08364893196328316,False,-4.792730762273096,-0.07580383736113916,False,-4.343239951689381
646,10.765593699885452,901,669,880.0,907.0,-0.09379351749666097,-0.08800737352774077,-5.373972698245116,0.33152162907421484,-0.09379351749666087,False,-5.373972698245111,-0.0880073735277409,False,-5.042451069170921
647,10.78225870561283,896,668,871.0,906.0,-0.10413019254942915,-0.10465821607405422,-5.966220552966901,-0.03025351944463452,-0.10413019254942935,False,-5.966220552966911,-0.10465821607405434,False,-5.996474072411546
648,10.798923711340207,891,668,863.0,905.0,-0.11425432796143953,-0.1175983406109762,-6.546290783294036,-0.19159781145681673,-0.11425432796143964,False,-6.546290783294042,-0.1175983406109764,False,-6.737888594750859
649,10.815588717067584,887,668,856.0,904.0,-0.12233683381549594,-0.13060816994581406,-7.009384256621249,-0.4739126512012883,-0.12233683381549598,False,-7.009384256621251,-0.13060816994581392,False,-7.48329690782254
650,10.83225372279496,883,667,848.0,903.0,-0.13066804199062945,-0.14723191804075808,-7.486727323301288,-0.94904019005019,-0.13066804199062965,False,-7.486727323301299,-0.1472319180407582,False,-8.43576751335149
651,10.848918728522337,879,667,843.0,903.0,-0.13873341833675065,-0.15137544373402623,-7.948839348118677,-0.7243346997610803,-0.1387334183367508,False,-7.948839348118685,-0.15137544373402623,False,-8.673174047879765
652,10.865583734249714,876,666,837.0,903.0,-0.14506433454001594,-0.1630952922102408,-8.311574127016765,-1.0330977750829258,-0.14506433454001577,False,-8.311574127016756,-0.16309529221024066,False,-9.344671902099682
653,10.88224873997709,874,666,834.0,901.0,-0.149091175094456,-0.16859693960942962,-8.542295095558302,-1.1175979828840357,-0.14909117509445613,False,-8.542295095558309,-0.16859693960942979,False,-9.659893078442344
654,10.898913745704467,872,666,831.0,901.0,-0.1531131502543977,-0.17272951082565158,-8.772737297529416,-1.1239346701396806,-0.15311315025439765,False,-8.772737297529412,-0.17272951082565147,False,-9.896671967669093
655,10.915578751431845,871,666,829.0,900.0,-0.15512227544073073,-0.1775961672834879,-8.887851691219733,-1.287659151823474,-0.15512227544073065,False,-8.887851691219728,-0.17759616728348782,False,-10.175510843043202
656,10.93224375715922,871,666,828.0,900.0,-0.15512227544073073,-0.1817331968267754,-8.887851691219733,-1.5246934843747781,-0.15512227544073065,False,-8.887851691219728,-0.18173319682677525,False,-10.412545175594506
657,10.948908762886598,871,666,828.0,901.0,-0.15512227544073073,-0.18097667416105903,-8.887851691219733,-1.4813479285232383,-0.15512227544073065,False,-8.887851691219728,-0.18097667416105923,False,-10.369199619742993
658,10.965573768613975,871,666,829.0,901.0,-0.15512227544073073,-0.1768561314739792,-8.887851691219733,-1.2452582232500806,-0.15512227544073065,False,-8.887851691219728,-0.17685613147397916,False,-10.13310991446981
659,10.982238774341353,873,666,831.0,901.0,-0.1511027784374433,-0.1768561314739792,-8.657551477165882,-1.4755584373039312,-0.15110277843744324,False,-8.657551477165878,-0.17685613147397916,False,-10.13310991446981
660,10.998903780068728,874,666,835.0,902.0,-0.149091175094456,-0.16377410783361504,-8.542295095558302,-0.8412700768282653,-0.14909117509445613,False,-8.542295095558309,-0.163774107833615,False,-9.383565172386573
661,11.015568785796106,877,666,839.0,902.0,-0.14304912782717744,-0.15964666966066154,-8.196111287524687,-0.9509690973504752,-0.14304912782717727,False,-8.196111287524678,-0.15964666966066154,False,-9.147080384875153
662,11.032233791523483,880,667,844.0,902.0,-0.1367187349523383,-0.1520097378205026,-7.833406493136716,-0.8761099288682521,-0.13671873495233822,False,-7.833406493136712,-0.15200973782050253,False,-8.709516422004965
663,11.048898797250859,883,667,849.0,904.0,-0.13066804199062945,-0.14248772198969495,-7.486727323301288,-0.6772177791416474,-0.13066804199062965,False,-7.486727323301299,-0.14248772198969473,False,-8.16394510244292
664,11.065563802978236,887,668,856.0,904.0,-0.12233683381549594,-0.13060816994581406,-7.009384256621249,-0.4739126512012883,-0.12233683381549598,False,-7.009384256621251,-0.13060816994581392,False,-7.48329690782254
665,11.082228808705613,891,668,863.0,905.0,-0.11425432796143953,-0.1175983406109762,-6.546290783294036,-0.19159781145681673,-0.11425432796143964,False,-6.546290783294042,-0.1175983406109764,False,-6.737888594750859
666,11.098893814432989,895,668,871.0,905.0,-0.10615680151263623,-0.10092178466729385,-6.082336693282049,0.2999443709180061,-0.10615680151263618,False,-6.082336693282047,-0.10092178466729385,False,-5.78239232236404
667,11.115558820160366,900,668,880.0,906.0,-0.09601532999890765,-0.0838366420684145,-5.5012731774932515,0.6977874184241659,-0.09601532999890772,False,-5.501273177493255,-0.08383664206841468,False,-4.80348575906909
668,11.132223825887744,905,668,888.0,906.0,-0.08585400922840776,-0.07130746478529032,-4.919072383064986,0.8334556030901089,-0.08585400922840769,False,-4.919072383064982,-0.07130746478529026,False,-4.085616779974873
669,11.148888831615121,910,669,896.0,906.0,-0.07552071894798984,-0.059003163794032726,-4.327018461513484,0.9463861981962922,-0.07552071894799006,False,-4.327018461513497,-0.0590031637940327,False,-3.3806322633171795
670,11.165553837342497,916,669,906.0,907.0,-0.06330996189245375,-0.041992107221369514,-3.627393617571674,1.2214231009263827,-0.06330996189245397,False,-3.6273936175716868,-0.04199210722136959,False,-2.405970516645304
671,11.182218843069874,921,669,914.0,907.0,-0.05311971498863897,-0.029403288204005115,-3.0435354777868326,1.3588511598905326,-0.0531197149886391,False,-3.04353547778684,-0.02940328820400495,False,-1.684684317896282
672,11.198883848797252,926,669,922.0,907.0,-0.042918414078704496,-0.016805140515041995,-2.459043990104621,1.4961803644684049,-0.04291841407870445,False,-2.459043990104618,-0.016805140515042005,False,-0.9628636256362134
673,11.215548854524627,931,668,931.0,906.0,-0.03277514440407577,0.0,-1.8778774472853594,1.8778774472853614,-0.03277514440407581,False,-1.8778774472853614,0.0,False,0.0
674,11.232213860252005,936,668,939.0,906.0,-0.022537167109211897,0.012604374487651676,-1.2912845575388958,2.0134620190837116,-0.022537167109212053,False,-1.2912845575389047,0.012604374487651615,False,0.7221774615448069
675,11.248878865979382,941,668,947.0,906.0,-0.012294462478152404,0.025204745326941735,-0.7044208113800838,2.1485463423159197,-0.012294462478152468,False,-0.7044208113800875,0.025204745326941946,False,1.4441255309358578
676,11.26554387170676,946,668,955.0,906.0,-0.0020491774596110407,0.03779711649456458,-0.11740921990905234,2.2830244728119045,-0.0020491774596109735,False,-0.1174092199090485,0.03779711649456452,False,2.165615252902856
677,11.282208877434135,950,667,961.0,905.0,0.006160086351622471,0.04618561965887765,0.3529469493841088,2.2932941312660278,0.0061600863516226845,False,0.352946949384121,0.046185619658877464,False,2.6462410806501238
678,11.298873883161512,953,667,967.0,904.0,0.012319705229270344,0.059003163794032726,0.705867114482441,2.6747651488347417,0.012319705229270284,False,0.7058671144824374,0.0590031637940327,False,3.3806322633171795
679,11.31553888888889,957,666,973.0,904.0,0.02057322860302624,0.0671258882021007,1.17875916991123,2.6672709201361546,0.020573228603026017,False,1.1787591699112174,0.06712588820210064,False,3.846030090047372
680,11.332203894616265,959,666,977.0,904.0,0.024686342055599407,0.07548654493392346,1.414423211402155,2.9106372233363076,0.024686342055599386,False,1.4144232114021538,0.07548654493392348,False,4.325060434738461
681,11.348868900343643,961,666,980.0,903.0,0.02879862024045115,0.07999768653239922,1.650039395577879,2.9334904135391335,0.0287986202404511,False,1.650039395577876,0.07999768653239903,False,4.583529809117009
682,11.36553390607102,963,666,984.0,903.0,0.03290992437495586,0.0883767861448488,1.8855997707796843,3.178017082250393,0.03290992437495577,False,1.8855997707796792,0.088376786144849,False,5.063616853030098
683,11.382198911798396,964,666,985.0,902.0,0.03496516785698147,0.08874930488659766,2.0033565481715234,3.0816040565503062,0.03496516785698134,False,2.003356548171516,0.08874930488659771,False,5.0849606047218225
684,11.398863917525773,964,666,984.0,902.0,0.03496516785698147,0.08454375551299814,2.0033565481715234,2.840643826909154,0.03496516785698134,False,2.003356548171516,0.08454375551299798,False,4.84400037508067
685,11.41552892325315,965,666,985.0,903.0,0.037020115873930025,0.08418871753885106,2.1210963966614536,2.7025618009337267,0.03702011587393006,False,2.1210963966614558,0.08418871753885115,False,4.823658197595182
686,11.432193928980528,964,665,983.0,902.0,0.03503720206039163,0.07999768653239922,2.0074838040075127,2.5760460051095038,0.035037202060391515,False,2.007483804007506,0.07999768653239903,False,4.583529809117009
687,11.448858934707904,963,666,981.0,903.0,0.03290992437495586,0.07580383736113926,1.8855997707796843,2.457640180909702,0.03290992437495577,False,1.8855997707796792,0.07580383736113916,False,4.343239951689381
688,11.465523940435281,961,666,978.0,903.0,0.02879862024045115,0.07160731485126633,1.650039395577879,2.4527575276641342,0.0287986202404511,False,1.650039395577876,0.07160731485126615,False,4.1027969232420105
689,11.482188946162658,959,666,974.0,904.0,0.024686342055599407,0.0629419593073733,1.414423211402155,2.191885411194515,0.024686342055599386,False,1.4144232114021538,0.06294195930737345,False,3.606308622596669
690,11.498853951890034,956,666,970.0,904.0,0.018516402068009044,0.058755822715722696,1.0609116902642277,2.3055489731655756,0.018516402068009086,False,1.0609116902642302,0.05875582271572277,False,3.3664606634298058
691,11.515518957617411,953,667,964.0,905.0,0.012319705229270344,0.04618561965887765,0.705867114482441,1.940373966167686,0.012319705229270284,False,0.7058671144824374,0.046185619658877464,False,2.6462410806501238
692,11.532183963344789,949,667,958.0,905.0,0.004106753093169157,0.03779711649456458,0.23529961974088884,1.9303156331619828,0.004106753093169324,False,0.2352996197408984,0.03779711649456452,False,2.165615252902856
693,11.548848969072164,945,667,952.0,905.0,-0.004106753093169157,0.029403288204005115,-0.23529961974088884,1.9199839376371803,-0.004106753093169324,False,-0.2352996197408984,0.02940328820400495,False,1.684684317896282
694,11.565513974799542,941,668,945.0,906.0,-0.012294462478152404,0.016805140515041995,-0.7044208113800838,1.667284437016301,-0.012294462478152468,False,-0.7044208113800875,0.016805140515042005,False,0.9628636256362134
695,11.582178980526919,937,668,938.0,906.0,-0.020488935736088298,0.004201655946871886,-1.173929544392628,1.414666697114424,-0.020488935736088454,False,-1.1739295443926372,0.004201655946872052,False,0.2407371527218122
696,11.598843986254296,932,668,930.0,906.0,-0.03072803000748752,-0.008403163547646988,-1.7605864321803824,1.2791206263420312,-0.030728030007487472,False,-1.7605864321803795,-0.008403163547646919,False,-0.4814658058383485
697,11.615508991981672,927,668,922.0,907.0,-0.04096068353431557,-0.020917450819302335,-2.3468742924872865,1.1483926423688,-0.04096068353431548,False,-2.346874292487281,-0.020917450819302186,False,-1.1984816501184812
698,11.63217399770905,923,668,914.0,906.0,-0.049140734416020175,-0.03779711649456458,-2.815556684211228,0.6499414313083601,-0.04914073441601996,False,-2.8155566842112156,-0.03779711649456452,False,-2.165615252902856
699,11.648839003436427,918,668,905.0,906.0,-0.05935642324410688,-0.05456762350389413,-3.4008725388795424,0.27437801404753476,-0.05935642324410706,False,-3.4008725388795527,-0.054567623503894325,False,-3.126494524832018
700,11.665504009163802,913,668,898.0,907.0,-0.06955972406556894,-0.06267929449123805,-3.9854786130516846,0.3942195758461594,-0.06955972406556876,False,-3.985478613051674,-0.06267929449123821,False,-3.59125903720554
701,11.68216901489118,908,668,890.0,906.0,-0.07974853922276111,-0.07548654493392346,-4.569254719797718,0.24419428505925272,-0.07974853922276104,False,-4.569254719797714,-0.07548654493392348,False,-4.325060434738461
702,11.698834020618557,904,668,882.0,905.0,-0.08788776345714318,-0.09256174873423176,-5.03559791693841,-0.267799629883469,-0.08788776345714311,False,-5.035597916938405,-0.09256174873423184,False,-5.303397546821874
703,11.715499026345933,899,668,876.0,906.0,-0.09804527729383924,-0.09633949292208074,-5.61758059012683,0.0977342452611367,-0.09804527729383938,False,-5.617580590126838,-0.09633949292208088,False,-5.519846344865702
704,11.73216403207331,895,667,869.0,905.0,-0.10637314366269753,-0.10881220481724505,-6.094732185411347,-0.13974791012987792,-0.10637314366269734,False,-6.094732185411337,-0.10881220481724485,False,-6.234480095541215
705,11.748829037800688,891,668,862.0,904.0,-0.11425432796143953,-0.12226840393911868,-6.546290783294036,-0.4591727302181858,-0.11425432796143964,False,-6.546290783294042,-0.12226840393911864,False,-7.005463513512228
706,11.765494043528065,888,667,857.0,905.0,-0.1205623452221125,-0.12952290719556644,-6.907713549426272,-0.5134023831443344,-0.12056234522211229,False,-6.907713549426259,-0.12952290719556636,False,-7.421115932570594
707,11.78215904925544,885,667,852.0,904.0,-0.1266288663225361,-0.13835097017712528,-7.255299604807603,-0.6716270778819929,-0.12662886632253612,False,-7.255299604807605,-0.13835097017712528,False,-7.926926682689598
708,11.798824054982818,883,667,847.0,903.0,-0.13066804199062945,-0.15137544373402623,-7.486727323301288,-1.186446724578467,-0.13066804199062965,False,-7.486727323301299,-0.15137544373402623,False,-8.673174047879765
709,11.815489060710195,881,667,845.0,903.0,-0.13470293411387185,-0.15137544373402623,-7.717909612753657,-0.9552644351261058,-0.1347029341138719,False,-7.71790961275366,-0.15137544373402623,False,-8.673174047879765
710,11.832154066437571,879,666,842.0,902.0,-0.13901521820165255,-0.15551373812965635,-7.964985291044913,-0.9452955600870927,-0.1390152182016524,False,-7.964985291044905,-0.15551373812965652,False,-8.910280851132024
711,11.848819072164948,879,666,841.0,902.0,-0.13901521820165255,-0.15964666966066154,-7.964985291044913,-1.1820950938302477,-0.1390152182016524,False,-7.964985291044905,-0.15964666966066154,False,-9.147080384875153
712,11.865484077892326,878,666,841.0,903.0,-0.1410327505842911,-0.15486802523009655,-8.080581381601075,-0.7927028456090085,-0.1410327505842912,False,-8.080581381601082,-0.15486802523009668,False,-8.87328422721009
713,11.882149083619701,878,666,841.0,902.0,-0.1410327505842911,-0.15551373812965635,-8.080581381601075,-0.829699469530942,-0.1410327505842912,False,-8.080581381601082,-0.15551373812965652,False,-8.910280851132024
714,11.898814089347079,878,666,842.0,902.0,-0.1410327505842911,-0.15137544373402623,-8.080581381601075,-0.5925926662786845,-0.1410327505842912,False,-8.080581381601082,-0.15137544373402623,False,-8.673174047879765
715,11.915479095074456,879,667,844.0,903.0,-0.13873341833675065,-0.14723191804075808,-7.948839348118677,-0.4869281652328034,-0.1387334183367508,False,-7.948839348118685,-0.1472319180407582,False,-8.43576751335149
716,11.932144100801834,881,667,847.0,903.0,-0.13470293411387185,-0.1430832936681563,-7.717909612753657,-0.4801592332626318,-0.1347029341138719,False,-7.71790961275366,-0.1430832936681563,False,-8.198068846016293
717,11.94880910652921,883,667,850.0,903.0,-0.13066804199062945,-0.13892970426308895,-7.486727323301288,-0.47335837997439667,-0.13066804199062965,False,-7.486727323301299,-0.13892970426308882,False,-7.96008570327567
718,11.965474112256587,886,667,855.0,904.0,-0.12460771124595563,-0.130063287501013,-7.1394959491781025,-0.31258149422657827,-0.1246077112459556,False,-7.139495949178101,-0.13006328750101304,False,-7.452077443404679
719,11.982139117983964,889,667,860.0,904.0,-0.11853816586847452,-0.12175759779046096,-6.791736615485297,-0.1844598615595036,-0.11853816586847454,False,-6.791736615485298,-0.1217575977904608,False,-6.976196477044802
720,11.99880412371134,892,668,865.0,904.0,-0.11223131476924851,-0.11391151001120803,-6.430380665482202,-0.09626809612223536,-0.11223131476924841,False,-6.430380665482197,-0.11391151001120825,False,-6.5266487616044575
721,12.015469129438717,896,668,872.0,905.0,-0.10413019254942915,-0.10092178466729385,-5.966220552966901,0.183828230602871,-0.10413019254942935,False,-5.966220552966911,-0.10092178466729385,False,-5.78239232236404
722,12.032134135166094,899,668,878.0,905.0,-0.09804527729383924,-0.0883767861448488,-5.61758059012683,0.5539637370967406,-0.09804527729383938,False,-5.617580590126838,-0.088376786144849,False,-5.063616853030098
723,12.048799140893472,903,668,884.0,906.0,-0.08992078903525266,-0.07966298504578714,-5.152081702206227,0.5877288756688263,-0.08992078903525247,False,-5.152081702206216,-0.07966298504578706,False,-4.56435282653739
724,12.065464146620847,908,668,892.0,906.0,-0.07974853922276111,-0.0671258882021007,-4.569254719797718,0.723224629750342,-0.07974853922276104,False,-4.569254719797714,-0.06712588820210064,False,-3.846030090047372
725,12.082129152348225,912,668,899.0,906.0,-0.07159871277472526,-0.05456762350389413,-4.10230406056117,0.9758095357291532,-0.07159871277472529,False,-4.102304060561171,-0.054567623503894325,False,-3.126494524832018
726,12.098794158075602,916,668,906.0,906.0,-0.06343934797563236,-0.041992107221369514,-3.634806894065537,1.2288363774202442,-0.06343934797563255,False,-3.634806894065548,-0.04199210722136959,False,-2.405970516645304
727,12.115459163802978,921,668,914.0,907.0,-0.05322836158590148,-0.02928033234577806,-3.049760469268432,1.3721210031149653,-0.053228361585901496,False,-3.049760469268433,-0.029280332345777982,False,-1.6776394661534677
728,12.132124169530355,925,668,921.0,906.0,-0.04505146311597465,-0.016805140515041995,-2.5812586974346443,1.6183950717984426,-0.045051463115974855,False,-2.581258697434656,-0.016805140515042005,False,-0.9628636256362134
729,12.148789175257733,930,668,928.0,906.0,-0.03482198403941598,-0.008403163547646988,-1.9951527197304495,1.5136869138920863,-0.034821984039416165,False,-1.9951527197304604,-0.008403163547646919,False,-0.4814658058383485
730,12.165454180985108,934,668,935.0,906.0,-0.02663304536581317,0.004201655946871886,-1.5259610950415503,1.7666982477633408,-0.026633045365813235,False,-1.525961095041554,0.004201655946872052,False,0.2407371527218122
731,12.182119186712486,938,668,941.0,906.0,-0.018440532412223508,0.012604374487651676,-1.0565646791946062,1.7787421407394215,-0.018440532412223654,False,-1.0565646791946146,0.012604374487651615,False,0.7221774615448069
732,12.198784192439863,941,667,947.0,905.0,-0.012319705229270344,0.025204745326941735,-0.705867114482441,2.1499926454182954,-0.012319705229270284,False,-0.7058671144824374,0.025204745326941946,False,1.4441255309358578
733,12.21544919816724,945,667,953.0,906.0,-0.004106753093169157,0.033460310449650164,-0.23529961974088884,2.1524341897033183,-0.004106753093169324,False,-0.2352996197408984,0.033460310449650255,False,1.9171345699624454
734,12.232114203894616,948,667,959.0,904.0,0.002053385204386049,0.04638021692852137,0.11765030592592854,2.5397403769795535,0.002053385204386249,False,0.11765030592593999,0.046380216928521456,False,2.6573906829054934
735,12.248779209621993,950,667,962.0,904.0,0.006160086351622471,0.05058970876938464,0.3529469493841088,2.5456298498976064,0.0061600863516226845,False,0.352946949384121,0.05058970876938451,False,2.8985767992817024
736,12.26544421534937,953,666,966.0,904.0,0.012345051844224488,0.05456762350389413,0.7073193685442566,2.419175156287747,0.012345051844224297,False,0.7073193685442456,0.054567623503894325,False,3.126494524832018
737,12.282109221076746,954,666,969.0,904.0,0.01440229629420519,0.0629419593073733,0.8251907929548632,2.7811178296418055,0.014402296294205197,False,0.8251907929548635,0.06294195930737345,False,3.606308622596669
738,12.298774226804124,955,666,970.0,904.0,0.016459418834779648,0.0629419593073733,0.9430552324710091,2.6632533901256417,0.016459418834779527,False,0.9430552324710021,0.06294195930737345,False,3.606308622596669
739,12.315439232531501,956,666,972.0,904.0,0.018516402068009044,0.0671258882021007,1.0609116902642277,2.785118399783142,0.018516402068009086,False,1.0609116902642302,0.06712588820210064,False,3.846030090047372
740,12.332104238258877,956,666,973.0,903.0,0.018516402068009044,0.07160731485126633,1.0609116902642277,3.0418852329777804,0.018516402068009086,False,1.0609116902642302,0.07160731485126615,False,4.1027969232420105
741,12.348769243986254,956,666,971.0,903.0,0.018516402068009044,0.06320683189746022,1.0609116902642277,2.5605730138531166,0.018516402068009086,False,1.0609116902642302,0.06320683189746035,False,3.621484704117347
742,12.365434249713632,956,666,970.0,904.0,0.018516402068009044,0.058755822715722696,1.0609116902642277,2.3055489731655756,0.018516402068009086,False,1.0609116902642302,0.05875582271572277,False,3.3664606634298058
743,12.382099255441009,955,666,968.0,904.0,0.016459418834779648,0.05456762350389413,0.9430552324710091,2.1834392923609904,0.016459418834779527,False,0.9430552324710021,0.054567623503894325,False,3.126494524832018
744,12.398764261168385,954,666,966.0,904.0,0.01440229629420519,0.050377507181057816,0.8251907929548632,2.0612277509097403,0.014402296294205197,False,0.8251907929548635,0.05037750718105771,False,2.886418543864604
745,12.415429266895762,951,666,963.0,904.0,0.008230266837865256,0.050377507181057816,0.47155955407616096,2.4148589897884394,0.008230266837865319,False,0.47155955407616457,0.05037750718105771,False,2.886418543864604
746,12.43209427262314,949,666,959.0,904.0,0.004115203107111478,0.041992107221369514,0.23578376987661054,2.1701867467686826,0.004115203107111665,False,0.23578376987662122,0.04199210722136959,False,2.405970516645304
747,12.448759278350515,947,667,954.0,905.0,0.0,0.029403288204005115,0.0,1.684684317896282,0.0,False,0.0,0.02940328820400495,False,1.684684317896282
748,12.465424284077892,944,667,949.0,905.0,-0.006160086351622471,0.021005313472176913,-0.3529469493841088,1.556462758689142,-0.0061600863516226845,False,-0.352946949384121,0.021005313472176823,False,1.203515809305021
749,12.48208928980527,941,667,944.0,906.0,-0.012319705229270344,0.012551642069567633,-0.705867114482441,1.4250232310275048,-0.012319705229270284,False,-0.7058671144824374,0.012551642069567492,False,0.7191561165450674
750,12.498754295532645,937,668,937.0,906.0,-0.020488935736088298,0.0,-1.173929544392628,1.1739295443926372,-0.020488935736088454,False,-1.1739295443926372,0.0,False,0.0
751,12.515419301260023,933,668,932.0,906.0,-0.02868065795522624,-0.004201655946871886,-1.6432806544927732,1.4025435017709666,-0.02868065795522634,False,-1.643280654492779,-0.004201655946872052,False,-0.2407371527218122
752,12.5320843069874,929,668,926.0,906.0,-0.03686853182173346,-0.012604374487651676,-2.1124112702291,1.3902338086842916,-0.03686853182173344,False,-2.1124112702290985,-0.012604374487651615,False,-0.7221774615448069
753,12.548749312714778,926,668,919.0,906.0,-0.04300625335769455,-0.029403288204005115,-2.4640768100662234,0.7793924921699372,-0.04300625335769448,False,-2.4640768100662194,-0.02940328820400495,False,-1.684684317896282
754,12.565414318442153,921,668,912.0,906.0,-0.05322836158590148,-0.03779711649456458,-3.049760469268432,0.8841452163655773,-0.053228361585901496,False,-3.049760469268433,-0.03779711649456452,False,-2.165615252902856
755,12.58207932416953,918,668,905.0,907.0,-0.05935642324410688,-0.05433975721276864,-3.4008725388795424,0.2874337908223367,-0.05935642324410706,False,-3.4008725388795527,-0.054339757212768625,False,-3.113438748057216
756,12.598744329896908,914,668,899.0,906.0,-0.06752015587229132,-0.0629419593073733,-3.8686199635477543,0.2623113409510978,-0.0675201558722911,False,-3.8686199635477414,-0.06294195930737345,False,-3.606308622596669
757,12.615409335624284,910,668,892.0,906.0,-0.0756748849710767,-0.07548654493392346,-4.335851523980678,0.010791089242214247,-0.07567488497107666,False,-4.335851523980676,-0.07548654493392348,False,-4.325060434738461
758,12.632074341351661,906,668,887.0,905.0,-0.08381954279000571,-0.07999768653239922,-4.802506042583536,0.21897623346651304,-0.08381954279000592,False,-4.802506042583548,-0.07999768653239903,False,-4.583529809117009
759,12.648739347079038,902,668,881.0,905.0,-0.09195306955764852,-0.0883767861448488,-5.268522798926152,0.204905945896065,-0.0919530695576487,False,-5.2685227989261625,-0.088376786144849,False,-5.063616853030098
760,12.665404352806414,899,668,876.0,905.0,-0.09804527729383924,-0.09674346233893974,-5.61758059012683,0.0745885026227457,-0.09804527729383938,False,-5.617580590126838,-0.0967434623389396,False,-5.542992087504067
761,12.682069358533791,896,668,870.0,904.0,-0.10413019254942915,-0.10972698888407616,-5.966220552966901,-0.3206728087695518,-0.10413019254942935,False,-5.966220552966911,-0.10972698888407617,False,-6.286893361736463
762,12.698734364261169,894,667,865.0,904.0,-0.10840294185452157,-0.12175759779046096,-6.211031055066151,-0.7651654219786617,-0.10840294185452137,False,-6.21103105506614,-0.1217575977904608,False,-6.976196477044802
763,12.715399369988546,891,667,863.0,904.0,-0.11448689382322222,-0.1175983406109762,-6.559615825633006,-0.1782727691178409,-0.11448689382322241,False,-6.559615825633018,-0.1175983406109764,False,-6.737888594750859
764,12.732064375715922,889,667,859.0,903.0,-0.11853816586847452,-0.12644049725838966,-6.791736615485297,-0.45277023695588725,-0.11853816586847454,False,-6.791736615485298,-0.12644049725838968,False,-7.2445068524411855
765,12.7487293814433,888,666,856.0,903.0,-0.12080801170201605,-0.13420944732917872,-6.92178920189258,-0.767845700852685,-0.12080801170201605,False,-6.92178920189258,-0.13420944732917883,False,-7.689634902745266
766,12.765394387170677,886,667,854.0,903.0,-0.12460771124595563,-0.1347712844777311,-7.1394959491781025,-0.5823298509528633,-0.1246077112459556,False,-7.139495949178101,-0.1347712844777309,False,-7.721825800130964
767,12.782059392898052,886,666,853.0,903.0,-0.12486145183442937,-0.13835097017712528,-7.154034213988814,-0.7728924687007748,-0.12486145183442954,False,-7.154034213988823,-0.13835097017712528,False,-7.926926682689598
768,12.79872439862543,886,666,853.0,903.0,-0.12486145183442937,-0.13835097017712528,-7.154034213988814,-0.7728924687007748,-0.12486145183442954,False,-7.154034213988823,-0.13835097017712528,False,-7.926926682689598
769,12.815389404352807,886,667,853.0,903.0,-0.12460771124595563,-0.13892970426308895,-7.1394959491781025,-0.8205897540975694,-0.1246077112459556,False,-7.139495949178101,-0.13892970426308882,False,-7.96008570327567
770,12.832054410080183,886,667,855.0,903.0,-0.12460771124595563,-0.13060816994581406,-7.1394959491781025,-0.34380095864443916,-0.1246077112459556,False,-7.139495949178101,-0.13060816994581392,False,-7.48329690782254
771,12.84871941580756,887,667,856.0,903.0,-0.12258553228833384,-0.13060816994581406,-7.02363362948621,-0.4596632783363325,-0.1225855322883338,False,-7.023633629486207,-0.13060816994581392,False,-7.48329690782254
772,12.865384421534937,889,667,860.0,904.0,-0.11853816586847452,-0.12175759779046096,-6.791736615485297,-0.1844598615595036,-0.11853816586847454,False,-6.791736615485298,-0.1217575977904608,False,-6.976196477044802
773,12.882049427262315,891,667,863.0,904.0,-0.11448689382322222,-0.1175983406109762,-6.559615825633006,-0.1782727691178409,-0.11448689382322241,False,-6.559615825633018,-0.1175983406109764,False,-6.737888594750859
774,12.89871443298969,893,667,866.0,904.0,-0.1104318436703869,-0.11343499180721633,-6.327278566161664,-0.1720677134929104,-0.11043184367038705,False,-6.327278566161672,-0.11343499180721617,False,-6.499346279654557
775,12.915379438717068,895,667,870.0,905.0,-0.10637314366269753,-0.10465821607405422,-6.094732185411347,0.09825811299981674,-0.10637314366269734,False,-6.094732185411337,-0.10465821607405434,False,-5.996474072411546
776,12.932044444444445,898,668,875.0,905.0,-0.10007441428670641,-0.09674346233893974,-5.733841575871986,0.19084948836792393,-0.10007441428670649,False,-5.733841575871991,-0.0967434623389396,False,-5.542992087504067
777,12.94870945017182,901,667,879.0,905.0,-0.09417643757667218,-0.09217503755646181,-5.395912402720571,0.11467177427544263,-0.09417643757667227,False,-5.395912402720575,-0.09217503755646161,False,-5.281240628445107
778,12.965374455899198,904,668,885.0,906.0,-0.08788776345714318,-0.07966298504578714,-5.03559791693841,0.47124509040101564,-0.08788776345714311,False,-5.035597916938405,-0.07966298504578706,False,-4.56435282653739
779,12.982039461626576,907,668,891.0,906.0,-0.081784380617996,-0.0671258882021007,-4.685899839502703,0.8398697494553352,-0.08178438061799609,False,-4.685899839502707,-0.06712588820210064,False,-3.846030090047372
780,12.998704467353953,910,668,896.0,906.0,-0.0756748849710767,-0.058755822715722696,-4.335851523980678,0.9693908605508698,-0.07567488497107666,False,-4.335851523980676,-0.05875582271572277,False,-3.3664606634298058
781,13.015369473081329,914,668,902.0,906.0,-0.06752015587229132,-0.050377507181057816,-3.8686199635477543,0.9822014196831373,-0.0675201558722911,False,-3.8686199635477414,-0.05037750718105771,False,-2.886418543864604
782,13.032034478808706,917,668,909.0,906.0,-0.06139814181249681,-0.033600794415993215,-3.517854395801778,1.5926706874786252,-0.06139814181249692,False,-3.517854395801784,-0.033600794415993285,False,-1.9251837083231589
783,13.048699484536083,921,668,914.0,906.0,-0.05322836158590148,-0.029403288204005115,-3.049760469268432,1.365076151372151,-0.053228361585901496,False,-3.049760469268433,-0.02940328820400495,False,-1.684684317896282
784,13.065364490263459,925,668,920.0,906.0,-0.04505146311597465,-0.021005313472176913,-2.5812586974346443,1.3777428881296097,-0.045051463115974855,False,-2.581258697434656,-0.021005313472176823,False,-1.203515809305021
785,13.082029495990836,928,668,926.0,906.0,-0.03891477067390624,-0.008403163547646988,-2.229652120334294,1.7481863144959398,-0.03891477067390614,False,-2.229652120334288,-0.008403163547646919,False,-0.4814658058383485
786,13.098694501718214,931,668,931.0,906.0,-0.03277514440407577,0.0,-1.8778774472853594,1.8778774472853614,-0.03277514440407581,False,-1.8778774472853614,0.0,False,0.0
787,13.11535950744559,935,668,936.0,906.0,-0.024585209369860053,0.004201655946871886,-1.4086287353384672,1.649365888060262,-0.024585209369860195,False,-1.4086287353384752,0.004201655946872052,False,0.2407371527218122
788,13.132024513172967,937,667,941.0,905.0,-0.02053099566304746,0.016805140515041995,-1.1763394006940167,2.1392030263302324,-0.020530995663047502,False,-1.176339400694019,0.016805140515042005,False,0.9628636256362134
789,13.148689518900344,940,667,945.0,905.0,-0.014372726867311543,0.021005313472176913,-0.8234965895912365,2.027012398896255,-0.014372726867311503,False,-0.8234965895912343,0.021005313472176823,False,1.203515809305021
790,13.165354524627721,942,667,949.0,905.0,-0.010266579728268404,0.029403288204005115,-0.588231688464347,2.272916006360641,-0.01026657972826861,False,-0.5882316884643589,0.02940328820400495,False,1.684684317896282
791,13.182019530355097,945,667,952.0,905.0,-0.004106753093169157,0.029403288204005115,-0.23529961974088884,1.9199839376371803,-0.004106753093169324,False,-0.2352996197408984,0.02940328820400495,False,1.684684317896282
792,13.198684536082474,946,667,955.0,904.0,-0.002053385204386049,0.03795644518831435,-0.11765030592592854,2.2923944205359787,-0.002053385204386249,False,-0.11765030592593999,0.037956445188314536,False,2.174744114610064
793,13.215349541809852,947,666,957.0,904.0,0.0,0.041992107221369514,0.0,2.405970516645304,0.0,False,0.0,0.04199210722136959,False,2.405970516645304
794,13.232014547537228,948,666,958.0,904.0,0.0020576102649100154,0.041992107221369514,0.11789238406213916,2.2880781325831707,0.002057610264909915,False,0.11789238406213338,0.04199210722136959,False,2.405970516645304
795,13.248679553264605,949,666,959.0,904.0,0.004115203107111478,0.041992107221369514,0.23578376987661054,2.1701867467686826,0.004115203107111665,False,0.23578376987662122,0.04199210722136959,False,2.405970516645304
796,13.265344558991982,949,666,959.0,904.0,0.004115203107111478,0.041992107221369514,0.23578376987661054,2.1701867467686826,0.004115203107111665,False,0.23578376987662122,0.04199210722136959,False,2.405970516645304
797,13.282009564719358,949,666,959.0,904.0,0.004115203107111478,0.041992107221369514,0.23578376987661054,2.1701867467686826,0.004115203107111665,False,0.23578376987662122,0.04199210722136959,False,2.405970516645304
798,13.298674570446735,949,666,957.0,904.0,0.004115203107111478,0.033600794415993215,0.23578376987661054,1.6893999384465377,0.004115203107111665,False,0.23578376987662122,0.033600794415993285,False,1.9251837083231589
799,13.315339576174113,947,666,955.0,904.0,0.0,0.033600794415993215,0.0,1.9251837083231589,0.0,False,0.0,0.033600794415993285,False,1.9251837083231589
800,13.33200458190149,946,666,954.0,905.0,-0.0020576102649100154,0.033460310449650164,-0.11789238406213916,2.0350269540245787,-0.002057610264909915,False,-0.11789238406213338,0.033460310449650255,False,1.9171345699624454
801,13.348669587628866,944,666,950.0,904.0,-0.006172761104780975,0.025204745326941735,-0.3536731592464612,1.7977986901823102,-0.006172761104780822,False,-0.35367315924645243,0.025204745326941946,False,1.4441255309358578
802,13.365334593356243,942,667,947.0,905.0,-0.010266579728268404,0.021005313472176913,-0.588231688464347,1.79174749776938,-0.01026657972826861,False,-0.5882316884643589,0.021005313472176823,False,1.203515809305021
803,13.38199959908362,940,667,944.0,905.0,-0.014372726867311543,0.016805140515041995,-0.8234965895912365,1.7863602152274478,-0.014372726867311503,False,-0.8234965895912343,0.016805140515042005,False,0.9628636256362134
804,13.398664604810996,938,667,940.0,905.0,-0.018478389371786808,0.008403163547646988,-1.0587337232027807,1.5401995290411292,-0.018478389371786808,False,-1.0587337232027807,0.008403163547646919,False,0.4814658058383485
805,13.415329610538373,935,667,936.0,906.0,-0.024635671943408474,0.004184076002074724,-1.4115200278261602,1.6512499239070157,-0.024635671943408433,False,-1.411520027826158,0.004184076002074821,False,0.23972989608085793
806,13.43199461626575,932,667,930.0,906.0,-0.030791086745857205,-0.008368005512292491,-1.764199317158826,1.2847479183622526,-0.0307910867458574,False,-1.764199317158837,-0.008368005512292331,False,-0.4794513987965589
807,13.448659621993126,929,667,925.0,905.0,-0.036944168429707554,-0.016805140515041995,-2.1167449286427007,1.15388130300649,-0.0369441684297076,False,-2.1167449286427034,-0.016805140515042005,False,-0.9628636256362134
808,13.465324627720504,926,667,921.0,906.0,-0.043094452704790676,-0.020917450819302335,-2.469130260410641,1.27064861029215,-0.04309445270479051,False,-2.469130260410631,-0.020917450819302186,False,-1.1984816501184812
809,13.481989633447881,923,668,916.0,906.0,-0.049140734416020175,-0.029403288204005115,-2.815556684211228,1.1308723663149338,-0.04914073441601996,False,-2.8155566842112156,-0.02940328820400495,False,-1.684684317896282
810,13.498654639175259,920,667,910.0,906.0,-0.055384778418048376,-0.041816613207517075,-3.17331405262142,0.7773986022996744,-0.05538477841804834,False,-3.1733140526214183,-0.04181661320751706,False,-2.395915450321744
811,13.515319644902634,917,668,904.0,906.0,-0.06139814181249681,-0.05456762350389413,-3.517854395801778,0.3913598709697663,-0.06139814181249692,False,-3.517854395801784,-0.054567623503894325,False,-3.126494524832018
812,13.531984650630012,914,668,899.0,906.0,-0.06752015587229132,-0.0629419593073733,-3.8686199635477543,0.2623113409510978,-0.0675201558722911,False,-3.8686199635477414,-0.06294195930737345,False,-3.606308622596669
813,13.548649656357389,911,667,894.0,905.0,-0.0737877631715366,-0.07130746478529032,-4.227727409439897,0.1421106294650158,-0.07378776317153646,False,-4.227727409439889,-0.07130746478529026,False,-4.085616779974873
814,13.565314662084765,908,667,890.0,905.0,-0.07991159837834193,-0.07548654493392346,-4.578597321223466,0.2535368864850118,-0.07991159837834205,False,-4.578597321223473,-0.07548654493392348,False,-4.325060434738461
815,13.581979667812142,905,667,886.0,905.0,-0.0860294331677995,-0.07966298504578714,-4.929123434417692,0.36477060788029136,-0.08602943316779932,False,-4.929123434417681,-0.07966298504578706,False,-4.56435282653739
816,13.59864467353952,903,667,881.0,905.0,-0.09010443456392371,-0.09217503755646181,-5.162603815925527,-0.11863681251958097,-0.0901044345639237,False,-5.162603815925526,-0.09217503755646161,False,-5.281240628445107
817,13.615309679266895,900,667,878.0,905.0,-0.09621127354798106,-0.09217503755646181,-5.512499915877973,0.23125928743286078,-0.09621127354798098,False,-5.512499915877968,-0.09217503755646161,False,-5.281240628445107
818,13.631974684994272,899,667,875.0,904.0,-0.09824531063006106,-0.10092178466729385,-5.6290416560542615,-0.15335066630977415,-0.09824531063006114,False,-5.629041656054266,-0.10092178466729385,False,-5.78239232236404
819,13.64863969072165,897,667,871.0,904.0,-0.10231092276482458,-0.1092676898773683,-5.861984072513384,-0.39859339460417725,-0.10231092276482467,False,-5.86198407251339,-0.10926768987736812,False,-6.260577467117542
820,13.665304696449027,895,667,869.0,904.0,-0.10637314366269753,-0.1092676898773683,-6.094732185411347,-0.165845281706204,-0.10637314366269734,False,-6.094732185411337,-0.10926768987736812,False,-6.260577467117542
821,13.681969702176403,895,667,867.0,904.0,-0.10637314366269753,-0.1175983406109762,-6.094732185411347,-0.6431564093394961,-0.10637314366269734,False,-6.094732185411337,-0.1175983406109764,False,-6.737888594750859
822,13.69863470790378,894,667,866.0,903.0,-0.10840294185452157,-0.11809202841909398,-6.211031055066151,-0.5551437674868991,-0.10840294185452137,False,-6.21103105506614,-0.11809202841909405,False,-6.766174822553064
823,13.715299713631158,893,667,866.0,904.0,-0.1104318436703869,-0.11343499180721633,-6.327278566161664,-0.1720677134929104,-0.11043184367038705,False,-6.327278566161672,-0.11343499180721617,False,-6.499346279654557
824,13.731964719358533,893,667,866.0,904.0,-0.1104318436703869,-0.11343499180721633,-6.327278566161664,-0.1720677134929104,-0.11043184367038705,False,-6.327278566161672,-0.11343499180721617,False,-6.499346279654557
825,13.74862972508591,893,667,866.0,904.0,-0.1104318436703869,-0.11343499180721633,-6.327278566161664,-0.1720677134929104,-0.11043184367038705,False,-6.327278566161672,-0.11343499180721617,False,-6.499346279654557
826,13.765294730813288,894,667,867.0,904.0,-0.10840294185452157,-0.11343499180721633,-6.211031055066151,-0.2883152245884173,-0.10840294185452137,False,-6.21103105506614,-0.11343499180721617,False,-6.499346279654557
827,13.781959736540665,895,667,869.0,905.0,-0.10637314366269753,-0.10881220481724505,-6.094732185411347,-0.13974791012987792,-0.10637314366269734,False,-6.094732185411337,-0.10881220481724485,False,-6.234480095541215
828,13.798624742268041,896,667,871.0,904.0,-0.10434246523756721,-0.10509657413192951,-5.978382882103108,-0.043207256940226056,-0.10434246523756707,False,-5.9783828821031,-0.10509657413192963,False,-6.021590139043352
829,13.815289747995418,897,667,874.0,904.0,-0.10231092276482458,-0.09674346233893974,-5.861984072513384,0.31899198500929715,-0.10231092276482467,False,-5.86198407251339,-0.0967434623389396,False,-5.542992087504067
830,13.831954753722796,899,667,877.0,904.0,-0.09824531063006106,-0.09256174873423176,-5.6290416560542615,0.3256441092323919,-0.09824531063006114,False,-5.629041656054266,-0.09256174873423184,False,-5.303397546821874
831,13.848619759450171,901,667,880.0,904.0,-0.09417643757667218,-0.0883767861448488,-5.395912402720571,0.33229554969047775,-0.09417643757667227,False,-5.395912402720575,-0.088376786144849,False,-5.063616853030098
832,13.865284765177549,903,667,884.0,905.0,-0.09010443456392371,-0.07966298504578714,-5.162603815925527,0.5982509893881364,-0.0901044345639237,False,-5.162603815925526,-0.07966298504578706,False,-4.56435282653739
833,13.881949770904926,906,667,889.0,905.0,-0.08399084935605668,-0.07130746478529032,-4.812321185821136,0.7267044058462586,-0.08399084935605661,False,-4.812321185821132,-0.07130746478529026,False,-4.085616779974873
834,13.898614776632302,908,667,892.0,905.0,-0.07991159837834193,-0.0671258882021007,-4.578597321223466,0.7325672311761011,-0.07991159837834205,False,-4.578597321223473,-0.06712588820210064,False,-3.846030090047372
835,13.91527978235968,911,667,897.0,906.0,-0.0737877631715366,-0.05851054432966771,-4.227727409439897,0.8753201623368235,-0.07378776317153646,False,-4.227727409439889,-0.058510544329667624,False,-3.3524072471030655
836,13.931944788087057,914,667,901.0,906.0,-0.06765837866141712,-0.05433975721276864,-3.8765395459971894,0.7631007979399725,-0.0676583786614171,False,-3.8765395459971885,-0.054339757212768625,False,-3.113438748057216
837,13.948609793814434,916,667,905.0,905.0,-0.06356926327850514,-0.04618561965887765,-3.642250492614311,0.9960094119641787,-0.06356926327850498,False,-3.6422504926143024,-0.046185619658877464,False,-2.6462410806501238
838,13.96527479954181,919,668,910.0,906.0,-0.05731420910603989,-0.03779711649456458,-3.2838622879063566,1.1182470350035016,-0.057314209106039904,False,-3.2838622879063575,-0.03779711649456452,False,-2.165615252902856
839,13.981939805269187,922,668,915.0,905.0,-0.05118476199522865,-0.029527280763816062,-2.9326708377082165,1.240882269443744,-0.05118476199522881,False,-2.932670837708226,-0.029527280763816055,False,-1.6917885682644818
840,13.998604810996564,924,667,918.0,905.0,-0.04719285939435449,-0.025204745326941735,-2.7039516664508305,1.2598261355149845,-0.04719285939435469,False,-2.703951666450842,-0.025204745326941946,False,-1.4441255309358578
841,14.01526981672394,927,667,923.0,906.0,-0.04104469737959964,-0.01673483927434091,-2.351687931242729,1.3928522699932107,-0.041044697379599704,False,-2.3516879312427323,-0.016734839274340718,False,-0.9588356612494964
842,14.031934822451317,929,668,927.0,905.0,-0.03686853182173346,-0.008438618254244435,-2.1124112702291,1.6289140593388518,-0.03686853182173344,False,-2.1124112702290985,-0.008438618254244634,False,-0.48349721089027226
843,14.048599828178695,931,667,931.0,905.0,-0.03284239616092653,0.0,-1.8817306891177479,1.8817306891177359,-0.032842396160926324,False,-1.8817306891177359,0.0,False,0.0
844,14.06526483390607,934,667,934.0,905.0,-0.026687707407175736,0.0,-1.5290929993111948,1.5290929993112017,-0.026687707407175854,False,-1.5290929993112017,0.0,False,0.0
845,14.081929839633448,936,667,938.0,905.0,-0.022583428942745638,0.008403163547646988,-1.2939351653529159,1.775400971191273,-0.022583428942745787,False,-1.2939351653529245,0.008403163547646919,False,0.4814658058383485
846,14.098594845360825,937,667,940.0,905.0,-0.02053099566304746,0.012604374487651676,-1.1763394006940167,1.898516862238826,-0.020530995663047502,False,-1.176339400694019,0.012604374487651615,False,0.7221774615448069
847,14.115259851088203,938,667,942.0,905.0,-0.018478389371786808,0.016805140515041995,-1.0587337232027807,2.021597348838994,-0.018478389371786808,False,-1.0587337232027807,0.016805140515042005,False,0.9628636256362134
848,14.131924856815578,940,667,945.0,905.0,-0.014372726867311543,0.021005313472176913,-0.8234965895912365,2.027012398896255,-0.014372726867311503,False,-0.8234965895912343,0.021005313472176823,False,1.203515809305021
849,14.148589862542956,940,666,945.0,904.0,-0.01440229629420519,0.021005313472176913,-0.8251907929548632,2.0287066022598843,-0.014402296294205197,False,-0.8251907929548635,0.021005313472176823,False,1.203515809305021
850,14.165254868270333,941,667,946.0,905.0,-0.012319705229270344,0.021005313472176913,-0.705867114482441,1.9093829237874584,-0.012319705229270284,False,-0.7058671144824374,0.021005313472176823,False,1.203515809305021
851,14.181919873997709,941,666,947.0,905.0,-0.012345051844224488,0.025099330520065605,-0.7073193685442566,2.1454050759479233,-0.012345051844224297,False,-0.7073193685442456,0.02509933052006552,False,1.438085707403652
852,14.198584879725086,941,666,946.0,904.0,-0.012345051844224488,0.021005313472176913,-0.7073193685442566,1.910835177849292,-0.012345051844224297,False,-0.7073193685442456,0.021005313472176823,False,1.203515809305021
853,14.215249885452463,941,666,946.0,905.0,-0.012345051844224488,0.020917450819302335,-0.7073193685442566,1.9058010186627523,-0.012345051844224297,False,-0.7073193685442456,0.020917450819302186,False,1.1984816501184812
854,14.231914891179839,941,666,945.0,905.0,-0.012345051844224488,0.01673483927434091,-0.7073193685442566,1.6661550297937675,-0.012345051844224297,False,-0.7073193685442456,0.016734839274340718,False,0.9588356612494964
855,14.248579896907216,940,666,943.0,904.0,-0.01440229629420519,0.012604374487651676,-0.8251907929548632,1.5473682544996705,-0.014402296294205197,False,-0.8251907929548635,0.012604374487651615,False,0.7221774615448069
856,14.265244902634594,939,666,941.0,905.0,-0.016459418834779648,0.008368005512292491,-0.9430552324710091,1.4225066312675865,-0.016459418834779527,False,-0.9430552324710021,0.008368005512292331,False,0.4794513987965589
857,14.281909908361971,937,666,940.0,905.0,-0.02057322860302624,0.012551642069567633,-1.17875916991123,1.89791528645631,-0.020573228603026017,False,-1.1787591699112174,0.012551642069567492,False,0.7191561165450674
858,14.298574914089347,936,666,937.0,905.0,-0.02262988105691686,0.004184076002074724,-1.2965966754443867,1.5363265715252268,-0.02262988105691699,False,-1.2965966754443943,0.004184076002074821,False,0.23972989608085793
859,14.315239919816724,934,667,933.0,905.0,-0.026687707407175736,-0.004201655946871886,-1.5290929993111948,1.2883558465893894,-0.026687707407175854,False,-1.5290929993112017,-0.004201655946872052,False,-0.2407371527218122
860,14.331904925544102,932,667,930.0,905.0,-0.030791086745857205,-0.008403163547646988,-1.764199317158826,1.282733511320463,-0.0307910867458574,False,-1.764199317158837,-0.008403163547646919,False,-0.4814658058383485
861,14.348569931271477,930,667,926.0,905.0,-0.03489342912114106,-0.016805140515041995,-1.999246221380264,1.0363825957440544,-0.03489342912114113,False,-1.999246221380268,-0.016805140515042005,False,-0.9628636256362134
862,14.365234936998855,928,667,924.0,905.0,-0.03899459690463615,-0.016805140515041995,-2.2342258264495554,1.271362200813341,-0.038994596904636136,False,-2.2342258264495545,-0.016805140515042005,False,-0.9628636256362134
863,14.381899942726232,926,667,920.0,906.0,-0.043094452704790676,-0.025099330520065605,-2.469130260410641,1.0310445530069792,-0.04309445270479051,False,-2.469130260410631,-0.02509933052006552,False,-1.438085707403652
864,14.398564948453608,923,667,916.0,905.0,-0.04924147654939776,-0.029403288204005115,-2.821328783272908,1.136644465376616,-0.04924147654939759,False,-2.821328783272898,-0.02940328820400495,False,-1.684684317896282
865,14.415229954180985,921,667,912.0,905.0,-0.05333745310486183,-0.03779711649456458,-3.0560109528855315,0.8903956999826625,-0.05333745310486204,False,-3.056010952885544,-0.03779711649456452,False,-2.165615252902856
866,14.431894959908362,919,667,908.0,906.0,-0.05743163906691598,-0.04599264736156945,-3.290590529052943,0.6554059466015019,-0.05743163906691606,False,-3.2905905290529476,-0.04599264736156927,False,-2.6351845824514206
867,14.44855996563574,917,667,904.0,905.0,-0.06152389844759235,-0.05456762350389413,-3.525059720238519,0.3985651954065121,-0.06152389844759254,False,-3.52505972023853,-0.054567623503894325,False,-3.126494524832018
868,14.465224971363115,914,667,900.0,905.0,-0.06765837866141712,-0.058755822715722696,-3.8765395459971894,0.5100788825673827,-0.0676583786614171,False,-3.8765395459971885,-0.05875582271572277,False,-3.3664606634298058
869,14.481889977090493,912,667,897.0,906.0,-0.07174522924003457,-0.06267929449123805,-4.110698835652568,0.5194397984470465,-0.07174522924003446,False,-4.1106988356525616,-0.06267929449123821,False,-3.59125903720554
870,14.49855498281787,910,667,894.0,905.0,-0.07582968049332113,-0.0671258882021007,-4.344720654092807,0.4986905640454247,-0.07582968049332095,False,-4.3447206540927965,-0.06712588820210064,False,-3.846030090047372
871,14.515219988545246,908,667,891.0,905.0,-0.07991159837834193,-0.07130746478529032,-4.578597321223466,0.4929805412486,-0.07991159837834205,False,-4.578597321223473,-0.07130746478529026,False,-4.085616779974873
872,14.531884994272623,907,667,887.0,905.0,-0.08195156555641896,-0.0838366420684145,-4.695478830872492,-0.10800692819658689,-0.08195156555641914,False,-4.695478830872503,-0.08383664206841468,False,-4.80348575906909
873,14.54855,905,667,885.0,904.0,-0.0860294331677995,-0.08418871753885106,-4.929123434417692,0.10546523682252411,-0.08602943316779932,False,-4.929123434417681,-0.08418871753885115,False,-4.823658197595182
874,14.565215005727376,904,667,883.0,904.0,-0.08806730041686421,-0.0883767861448488,-5.045884626997035,-0.017732226033052287,-0.08806730041686439,False,-5.045884626997045,-0.088376786144849,False,-5.063616853030098
875,14.581880011454754,903,667,881.0,904.0,-0.09010443456392371,-0.09256174873423176,-5.162603815925527,-0.14079373089634828,-0.0901044345639237,False,-5.162603815925526,-0.09256174873423184,False,-5.303397546821874
876,14.598545017182131,902,667,879.0,904.0,-0.0921408191058866,-0.09674346233893974,-5.279280055645682,-0.2637120318584,-0.09214081910588678,False,-5.2792800556456925,-0.0967434623389396,False,-5.542992087504067
877,14.615210022909508,901,667,879.0,904.0,-0.09417643757667218,-0.09256174873423176,-5.395912402720571,0.09251485589870077,-0.09417643757667227,False,-5.395912402720575,-0.09256174873423184,False,-5.303397546821874
878,14.631875028636884,901,667,878.0,904.0,-0.09417643757667218,-0.09674346233893974,-5.395912402720571,-0.14707968478351716,-0.09417643757667227,False,-5.395912402720575,-0.0967434623389396,False,-5.542992087504067
879,14.648540034364261,901,666,878.0,904.0,-0.09436906900336348,-0.09633949292208074,-5.406949370471565,-0.1128969743941155,-0.09436906900336339,False,-5.40694937047156,-0.09633949292208088,False,-5.519846344865702
880,14.665205040091639,900,667,878.0,904.0,-0.09621127354798106,-0.09256174873423176,-5.512499915877973,0.20910236905609347,-0.09621127354798098,False,-5.512499915877968,-0.09256174873423184,False,-5.303397546821874
881,14.681870045819014,901,667,879.0,904.0,-0.09417643757667218,-0.09256174873423176,-5.395912402720571,0.09251485589870077,-0.09417643757667227,False,-5.395912402720575,-0.09256174873423184,False,-5.303397546821874
882,14.698535051546392,901,667,880.0,904.0,-0.09417643757667218,-0.0883767861448488,-5.395912402720571,0.33229554969047775,-0.09417643757667227,False,-5.395912402720575,-0.088376786144849,False,-5.063616853030098
883,14.71520005727377,902,667,881.0,904.0,-0.0921408191058866,-0.0883767861448488,-5.279280055645682,0.21566320261559488,-0.09214081910588678,False,-5.2792800556456925,-0.088376786144849,False,-5.063616853030098
884,14.731865063001147,903,667,883.0,905.0,-0.09010443456392371,-0.0838366420684145,-5.162603815925527,0.35911805685643666,-0.0901044345639237,False,-5.162603815925526,-0.08383664206841468,False,-4.80348575906909
885,14.748530068728522,904,667,885.0,904.0,-0.08806730041686421,-0.07999768653239922,-5.045884626997035,0.46235481788000987,-0.08806730041686439,False,-5.045884626997045,-0.07999768653239903,False,-4.583529809117009
886,14.7651950744559,906,667,887.0,905.0,-0.08399084935605668,-0.07966298504578714,-4.812321185821136,0.24796835928374206,-0.08399084935605661,False,-4.812321185821132,-0.07966298504578706,False,-4.56435282653739
887,14.781860080183277,907,667,890.0,905.0,-0.08195156555641896,-0.07130746478529032,-4.695478830872492,0.6098620508976039,-0.08195156555641914,False,-4.695478830872503,-0.07130746478529026,False,-4.085616779974873
888,14.798525085910653,909,667,893.0,904.0,-0.0778709644651654,-0.0674082643902822,-4.461677610467185,0.5994685566020274,-0.0778709644651654,False,-4.461677610467185,-0.06740826439028202,False,-3.8622090538651577
889,14.81519009163803,911,667,895.0,905.0,-0.0737877631715366,-0.0671258882021007,-4.227727409439897,0.3816973193925169,-0.07378776317153646,False,-4.227727409439889,-0.06712588820210064,False,-3.846030090047372
890,14.831855097365407,913,667,899.0,905.0,-0.06970209546972903,-0.058755822715722696,-3.9936358936334084,0.6271752302035979,-0.06970209546972894,False,-3.9936358936334035,-0.05875582271572277,False,-3.3664606634298058
891,14.848520103092783,914,667,902.0,905.0,-0.06765837866141712,-0.050377507181057816,-3.8765395459971894,0.9901210021325844,-0.0676583786614171,False,-3.8765395459971885,-0.05037750718105771,False,-2.886418543864604
892,14.86518510882016,916,667,905.0,905.0,-0.06356926327850514,-0.04618561965887765,-3.642250492614311,0.9960094119641787,-0.06356926327850498,False,-3.6422504926143024,-0.046185619658877464,False,-2.6462410806501238
893,14.881850114547538,918,667,908.0,905.0,-0.05947801806440682,-0.041992107221369514,-3.4078394088933806,1.0018688922480743,-0.05947801806440678,False,-3.4078394088933783,-0.04199210722136959,False,-2.405970516645304
894,14.898515120274915,919,667,911.0,905.0,-0.05743163906691598,-0.033600794415993215,-3.290590529052943,1.3654068207297887,-0.05743163906691606,False,-3.2905905290529476,-0.033600794415993285,False,-1.9251837083231589
895,14.91518012600229,922,667,914.0,905.0,-0.05128968013770862,-0.033600794415993215,-2.9386822044666707,1.0134984961435058,-0.051289680137708515,False,-2.938682204466665,-0.033600794415993285,False,-1.9251837083231589
896,14.931845131729668,924,667,917.0,905.0,-0.04719285939435449,-0.029403288204005115,-2.7039516664508305,1.0192673485545347,-0.04719285939435469,False,-2.703951666450842,-0.02940328820400495,False,-1.684684317896282
897,14.948510137457045,925,667,920.0,905.0,-0.045143845747777016,-0.021005313472176913,-2.5865518323372307,1.3830360230322136,-0.04514384574777708,False,-2.5865518323372343,-0.021005313472176823,False,-1.203515809305021
898,14.965175143184421,927,667,923.0,905.0,-0.04104469737959964,-0.016805140515041995,-2.351687931242729,1.388824305606519,-0.041044697379599704,False,-2.3516879312427323,-0.016805140515042005,False,-0.9628636256362134
899,14.981840148911798,928,667,926.0,905.0,-0.03899459690463615,-0.008403163547646988,-2.2342258264495554,1.752760020611206,-0.038994596904636136,False,-2.2342258264495545,-0.008403163547646919,False,-0.4814658058383485
900,14.998505154639176,929,666,928.0,904.0,-0.037020115873930025,-0.004201655946871886,-2.1210963966614536,1.8803592439396435,-0.03702011587393006,False,-2.1210963966614558,-0.004201655946872052,False,-0.2407371527218122
901,15.015170160366551,931,667,929.0,905.0,-0.03284239616092653,-0.008403163547646988,-1.8817306891177479,1.4002648832793874,-0.032842396160926324,False,-1.8817306891177359,-0.008403163547646919,False,-0.4814658058383485
902,15.031835166093929,932,667,931.0,905.0,-0.030791086745857205,-0.004201655946871886,-1.764199317158826,1.5234621644370248,-0.0307910867458574,False,-1.764199317158837,-0.004201655946872052,False,-0.2407371527218122
903,15.048500171821306,932,667,932.0,904.0,-0.030791086745857205,0.0,-1.764199317158826,1.764199317158837,-0.0307910867458574,False,-1.764199317158837,0.0,False,0.0
904,15.065165177548684,933,667,933.0,904.0,-0.028739518086668615,0.0,-1.6466530916060065,1.6466530916060014,-0.028739518086668525,False,-1.6466530916060014,0.0,False,0.0
905,15.08183018327606,934,667,934.0,905.0,-0.026687707407175736,0.0,-1.5290929993111948,1.5290929993112017,-0.026687707407175854,False,-1.5290929993112017,0.0,False,0.0
906,15.098495189003437,934,667,934.0,904.0,-0.026687707407175736,0.0,-1.5290929993111948,1.5290929993112017,-0.026687707407175854,False,-1.5290929993112017,0.0,False,0.0
907,15.115160194730814,934,667,934.0,905.0,-0.026687707407175736,0.0,-1.5290929993111948,1.5290929993112017,-0.026687707407175854,False,-1.5290929993112017,0.0,False,0.0
908,15.13182520045819,934,667,934.0,904.0,-0.026687707407175736,0.0,-1.5290929993111948,1.5290929993112017,-0.026687707407175854,False,-1.5290929993112017,0.0,False,0.0
909,15.148490206185567,934,666,933.0,904.0,-0.026742594234704205,-0.004201655946871886,-1.5322377828794387,1.2915006301576235,-0.026742594234704153,False,-1.5322377828794356,-0.004201655946872052,False,-0.2407371527218122
910,15.165155211912944,934,666,933.0,904.0,-0.026742594234704205,-0.004201655946871886,-1.5322377828794387,1.2915006301576235,-0.026742594234704153,False,-1.5322377828794356,-0.004201655946872052,False,-0.2407371527218122
911,15.18182021764032,933,666,931.0,904.0,-0.02879862024045115,-0.008403163547646988,-1.650039395577879,1.1685735897395275,-0.0287986202404511,False,-1.650039395577876,-0.008403163547646919,False,-0.4814658058383485
912,15.198485223367697,932,666,930.0,904.0,-0.030854402730526108,-0.008403163547646988,-1.7678270558560691,1.286361250017713,-0.030854402730525976,False,-1.7678270558560616,-0.008403163547646919,False,-0.4814658058383485
913,15.215150229095075,931,667,928.0,904.0,-0.03284239616092653,-0.012657551834051962,-1.8817306891177479,1.1565063900584986,-0.032842396160926324,False,-1.8817306891177359,-0.01265755183405215,False,-0.7252242990592628
914,15.231815234822452,929,667,926.0,905.0,-0.036944168429707554,-0.012604374487651676,-2.1167449286427007,1.3945674670978967,-0.0369441684297076,False,-2.1167449286427034,-0.012604374487651615,False,-0.7221774615448069
915,15.248480240549828,928,667,924.0,905.0,-0.03899459690463615,-0.016805140515041995,-2.2342258264495554,1.271362200813341,-0.038994596904636136,False,-2.2342258264495545,-0.016805140515042005,False,-0.9628636256362134
916,15.265145246277205,927,667,922.0,905.0,-0.04104469737959964,-0.021005313472176913,-2.351687931242729,1.1481721219377115,-0.041044697379599704,False,-2.3516879312427323,-0.021005313472176823,False,-1.203515809305021
917,15.281810252004583,926,666,919.0,905.0,-0.04318301433712958,-0.02928033234577806,-2.4742044681704494,0.796565002016987,-0.04318301433712968,False,-2.4742044681704547,-0.029280332345777982,False,-1.6776394661534677
918,15.298475257731958,924,666,917.0,904.0,-0.04728981948443431,-0.029403288204005115,-2.7095070703936126,1.0248227524973257,-0.047289819484434226,False,-2.7095070703936077,-0.02940328820400495,False,-1.684684317896282
919,15.315140263459336,923,667,915.0,905.0,-0.04924147654939776,-0.033600794415993215,-2.821328783272908,0.8961450749497645,-0.04924147654939759,False,-2.821328783272898,-0.033600794415993285,False,-1.9251837083231589
920,15.331805269186713,921,667,912.0,905.0,-0.05333745310486183,-0.03779711649456458,-3.0560109528855315,0.8903956999826625,-0.05333745310486204,False,-3.056010952885544,-0.03779711649456452,False,-2.165615252902856
921,15.348470274914089,920,666,910.0,904.0,-0.05549850524571683,-0.041992107221369514,-3.1798301198642345,0.7738596032189323,-0.05549850524571687,False,-3.1798301198642362,-0.04199210722136959,False,-2.405970516645304
922,15.365135280641466,918,667,907.0,905.0,-0.05947801806440682,-0.04618561965887765,-3.4078394088933806,0.7615983282432547,-0.05947801806440678,False,-3.4078394088933783,-0.046185619658877464,False,-2.6462410806501238
923,15.381800286368843,917,667,905.0,904.0,-0.06152389844759235,-0.05058970876938464,-3.525059720238519,0.6264829209568022,-0.06152389844759254,False,-3.52505972023853,-0.05058970876938451,False,-2.8985767992817024
924,15.39846529209622,915,667,902.0,904.0,-0.06561409564496752,-0.054797406973115484,-3.7594107570243542,0.619750609204096,-0.06561409564496756,False,-3.7594107570243565,-0.054797406973115415,False,-3.1396601478202606
925,15.415130297823596,914,667,900.0,904.0,-0.06765837866141712,-0.059003163794032726,-3.8765395459971894,0.49590728268000916,-0.0676583786614171,False,-3.8765395459971885,-0.0590031637940327,False,-3.3806322633171795
926,15.431795303550974,913,667,898.0,905.0,-0.06970209546972903,-0.0629419593073733,-3.9936358936334084,0.38732727103676007,-0.06970209546972894,False,-3.9936358936334035,-0.06294195930737345,False,-3.606308622596669
927,15.448460309278351,912,666,896.0,904.0,-0.07189234554912802,-0.0671258882021007,-4.119127979261164,0.2730978892137937,-0.07189234554912804,False,-4.119127979261166,-0.06712588820210064,False,-3.846030090047372
928,15.465125315005727,911,667,895.0,904.0,-0.0737877631715366,-0.0674082643902822,-4.227727409439897,0.3655183555747314,-0.07378776317153646,False,-4.227727409439889,-0.06740826439028202,False,-3.8622090538651577
929,15.481790320733104,910,666,893.0,905.0,-0.07598510937075517,-0.07101011124067928,-4.353626072784234,0.28504639593881625,-0.07598510937075531,False,-4.353626072784242,-0.07101011124067913,False,-4.0685796768454
930,15.498455326460482,909,666,892.0,904.0,-0.0780305438461546,-0.07130746478529032,-4.470820835495177,0.38520405552029074,-0.07803054384615482,False,-4.470820835495189,-0.07130746478529026,False,-4.085616779974873
931,15.515120332187859,909,667,891.0,904.0,-0.0778709644651654,-0.07580383736113926,-4.461677610467185,0.11843765877780349,-0.0778709644651654,False,-4.461677610467185,-0.07580383736113916,False,-4.343239951689381
932,15.531785337915235,908,666,891.0,904.0,-0.08007532427453769,-0.07130746478529032,-4.58797812407248,0.5023613440976125,-0.08007532427453778,False,-4.587978124072485,-0.07130746478529026,False,-4.085616779974873
933,15.548450343642612,908,666,890.0,904.0,-0.08007532427453769,-0.07548654493392346,-4.58797812407248,0.2629176893340243,-0.08007532427453778,False,-4.587978124072485,-0.07548654493392348,False,-4.325060434738461
934,15.56511534936999,908,667,890.0,904.0,-0.07991159837834193,-0.07580383736113926,-4.578597321223466,0.2353573695340663,-0.07991159837834205,False,-4.578597321223473,-0.07580383736113916,False,-4.343239951689381
935,15.581780355097365,907,667,890.0,904.0,-0.08195156555641896,-0.07160731485126633,-4.695478830872492,0.5926819076304667,-0.08195156555641914,False,-4.695478830872503,-0.07160731485126615,False,-4.1027969232420105
936,15.598445360824742,908,666,890.0,904.0,-0.08007532427453769,-0.07548654493392346,-4.58797812407248,0.2629176893340243,-0.08007532427453778,False,-4.587978124072485,-0.07548654493392348,False,-4.325060434738461
937,15.61511036655212,908,667,890.0,904.0,-0.07991159837834193,-0.07580383736113926,-4.578597321223466,0.2353573695340663,-0.07991159837834205,False,-4.578597321223473,-0.07580383736113916,False,-4.343239951689381
938,15.631775372279495,908,667,892.0,905.0,-0.07991159837834193,-0.0671258882021007,-4.578597321223466,0.7325672311761011,-0.07991159837834205,False,-4.578597321223473,-0.06712588820210064,False,-3.846030090047372
939,15.648440378006873,909,666,893.0,904.0,-0.0780305438461546,-0.0671258882021007,-4.470820835495177,0.6247907454477918,-0.07803054384615482,False,-4.470820835495189,-0.06712588820210064,False,-3.846030090047372
940,15.66510538373425,909,667,893.0,904.0,-0.0778709644651654,-0.0674082643902822,-4.461677610467185,0.5994685566020274,-0.0778709644651654,False,-4.461677610467185,-0.06740826439028202,False,-3.8622090538651577
941,15.681770389461628,910,667,896.0,904.0,-0.07582968049332113,-0.059003163794032726,-4.344720654092807,0.9640883907756174,-0.07582968049332095,False,-4.3447206540927965,-0.0590031637940327,False,-3.3806322633171795
942,15.698435395189003,911,667,897.0,904.0,-0.0737877631715366,-0.059003163794032726,-4.227727409439897,0.8470951461227096,-0.07378776317153646,False,-4.227727409439889,-0.0590031637940327,False,-3.3806322633171795
943,15.71510040091638,912,667,898.0,904.0,-0.07174522924003457,-0.059003163794032726,-4.110698835652568,0.7300665723353819,-0.07174522924003446,False,-4.1106988356525616,-0.0590031637940327,False,-3.3806322633171795
944,15.731765406643758,913,667,900.0,904.0,-0.06970209546972903,-0.054797406973115484,-3.9936358936334084,0.8539757458131431,-0.06970209546972894,False,-3.9936358936334035,-0.054797406973115415,False,-3.1396601478202606
945,15.748430412371134,914,667,902.0,904.0,-0.06765837866141712,-0.05058970876938464,-3.8765395459971894,0.9779627467154862,-0.0676583786614171,False,-3.8765395459971885,-0.05058970876938451,False,-2.8985767992817024
946,15.765095418098511,915,667,903.0,904.0,-0.06561409564496752,-0.05058970876938464,-3.7594107570243542,0.8608339577426544,-0.06561409564496756,False,-3.7594107570243565,-0.05058970876938451,False,-2.8985767992817024
947,15.781760423825888,917,667,906.0,905.0,-0.06152389844759235,-0.04618561965887765,-3.525059720238519,0.8788186395883809,-0.06152389844759254,False,-3.52505972023853,-0.046185619658877464,False,-2.6462410806501238
948,15.798425429553264,917,667,907.0,905.0,-0.06152389844759235,-0.041992107221369514,-3.525059720238519,1.119089203593226,-0.06152389844759254,False,-3.52505972023853,-0.04199210722136959,False,-2.405970516645304
949,15.815090435280641,919,667,909.0,905.0,-0.05743163906691598,-0.041992107221369514,-3.290590529052943,0.8846200124076437,-0.05743163906691606,False,-3.2905905290529476,-0.04199210722136959,False,-2.405970516645304
950,15.831755441008019,920,667,912.0,905.0,-0.055384778418048376,-0.033600794415993215,-3.17331405262142,1.2481303442982592,-0.05538477841804834,False,-3.1733140526214183,-0.033600794415993285,False,-1.9251837083231589
951,15.848420446735396,921,667,913.0,905.0,-0.05333745310486183,-0.033600794415993215,-3.0560109528855315,1.1308272445623848,-0.05333745310486204,False,-3.056010952885544,-0.033600794415993285,False,-1.9251837083231589
952,15.865085452462772,921,667,914.0,905.0,-0.05333745310486183,-0.029403288204005115,-3.0560109528855315,1.3713266349892363,-0.05333745310486204,False,-3.056010952885544,-0.02940328820400495,False,-1.684684317896282
953,15.88175045819015,923,667,916.0,905.0,-0.04924147654939776,-0.029403288204005115,-2.821328783272908,1.136644465376616,-0.04924147654939759,False,-2.821328783272898,-0.02940328820400495,False,-1.684684317896282
954,15.898415463917527,924,667,918.0,905.0,-0.04719285939435449,-0.025204745326941735,-2.7039516664508305,1.2598261355149845,-0.04719285939435469,False,-2.703951666450842,-0.025204745326941946,False,-1.4441255309358578
955,15.915080469644902,924,667,918.0,905.0,-0.04719285939435449,-0.025204745326941735,-2.7039516664508305,1.2598261355149845,-0.04719285939435469,False,-2.703951666450842,-0.025204745326941946,False,-1.4441255309358578
956,15.93174547537228,925,667,920.0,905.0,-0.045143845747777016,-0.021005313472176913,-2.5865518323372307,1.3830360230322136,-0.04514384574777708,False,-2.5865518323372343,-0.021005313472176823,False,-1.203515809305021
957,15.948410481099657,925,667,921.0,905.0,-0.045143845747777016,-0.016805140515041995,-2.5865518323372307,1.623688206701021,-0.04514384574777708,False,-2.5865518323372343,-0.016805140515042005,False,-0.9628636256362134
958,15.965075486827033,926,667,921.0,905.0,-0.043094452704790676,-0.021005313472176913,-2.469130260410641,1.2656144511056102,-0.04309445270479051,False,-2.469130260410631,-0.021005313472176823,False,-1.203515809305021
959,15.98174049255441,927,667,922.0,905.0,-0.04104469737959964,-0.021005313472176913,-2.351687931242729,1.1481721219377115,-0.041044697379599704,False,-2.3516879312427323,-0.021005313472176823,False,-1.203515809305021
960,15.998405498281787,926,667,923.0,905.0,-0.043094452704790676,-0.012604374487651676,-2.469130260410641,1.7469527988658242,-0.04309445270479051,False,-2.469130260410631,-0.012604374487651615,False,-0.7221774615448069
961,16.015070504009163,927,667,922.0,905.0,-0.04104469737959964,-0.021005313472176913,-2.351687931242729,1.1481721219377115,-0.041044697379599704,False,-2.3516879312427323,-0.021005313472176823,False,-1.203515809305021
962,16.031735509736542,927,667,923.0,905.0,-0.04104469737959964,-0.016805140515041995,-2.351687931242729,1.388824305606519,-0.041044697379599704,False,-2.3516879312427323,-0.016805140515042005,False,-0.9628636256362134
963,16.048400515463918,927,667,923.0,905.0,-0.04104469737959964,-0.016805140515041995,-2.351687931242729,1.388824305606519,-0.041044697379599704,False,-2.3516879312427323,-0.016805140515042005,False,-0.9628636256362134
964,16.065065521191293,927,667,923.0,905.0,-0.04104469737959964,-0.016805140515041995,-2.351687931242729,1.388824305606519,-0.041044697379599704,False,-2.3516879312427323,-0.016805140515042005,False,-0.9628636256362134
965,16.081730526918673,927,667,922.0,905.0,-0.04104469737959964,-0.021005313472176913,-2.351687931242729,1.1481721219377115,-0.041044697379599704,False,-2.3516879312427323,-0.021005313472176823,False,-1.203515809305021
966,16.098395532646048,927,666,922.0,905.0,-0.04112905637755206,-0.020917450819302335,-2.3565213457893552,1.1580396956708539,-0.04112905637755215,False,-2.3565213457893606,-0.020917450819302186,False,-1.1984816501184812
967,16.115060538373424,926,667,922.0,905.0,-0.043094452704790676,-0.016805140515041995,-2.469130260410641,1.5062666347744178,-0.04309445270479051,False,-2.469130260410631,-0.016805140515042005,False,-0.9628636256362134
968,16.131725544100803,926,667,921.0,905.0,-0.043094452704790676,-0.021005313472176913,-2.469130260410641,1.2656144511056102,-0.04309445270479051,False,-2.469130260410631,-0.021005313472176823,False,-1.203515809305021
969,16.14839054982818,925,666,919.0,905.0,-0.045236607779168096,-0.025099330520065605,-2.5918667052349997,1.1537809978313387,-0.04523660777916794,False,-2.591866705234991,-0.02509933052006552,False,-1.438085707403652
970,16.165055555555554,924,667,918.0,905.0,-0.04719285939435449,-0.025204745326941735,-2.7039516664508305,1.2598261355149845,-0.04719285939435469,False,-2.703951666450842,-0.025204745326941946,False,-1.4441255309358578
971,16.181720561282933,924,667,916.0,905.0,-0.04719285939435449,-0.033600794415993215,-2.7039516664508305,0.7787679581276832,-0.04719285939435469,False,-2.703951666450842,-0.033600794415993285,False,-1.9251837083231589
972,16.19838556701031,923,666,915.0,905.0,-0.04934263225296999,-0.033460310449650164,-2.827124578161273,0.9099900081988395,-0.0493426322529702,False,-2.827124578161285,-0.033460310449650255,False,-1.9171345699624454
973,16.215050572737685,922,667,914.0,905.0,-0.05128968013770862,-0.033600794415993215,-2.9386822044666707,1.0134984961435058,-0.051289680137708515,False,-2.938682204466665,-0.033600794415993285,False,-1.9251837083231589
974,16.231715578465064,921,667,913.0,905.0,-0.05333745310486183,-0.033600794415993215,-3.0560109528855315,1.1308272445623848,-0.05333745310486204,False,-3.056010952885544,-0.033600794415993285,False,-1.9251837083231589
975,16.24838058419244,920,667,911.0,905.0,-0.055384778418048376,-0.03779711649456458,-3.17331405262142,1.0076987997185625,-0.05538477841804834,False,-3.1733140526214183,-0.03779711649456452,False,-2.165615252902856
976,16.26504558991982,920,667,910.0,905.0,-0.055384778418048376,-0.041992107221369514,-3.17331405262142,0.7673435359761142,-0.05538477841804834,False,-3.1733140526214183,-0.04199210722136959,False,-2.405970516645304
977,16.281710595647194,919,667,909.0,905.0,-0.05743163906691598,-0.041992107221369514,-3.290590529052943,0.8846200124076437,-0.05743163906691606,False,-3.2905905290529476,-0.04199210722136959,False,-2.405970516645304
978,16.29837560137457,918,667,907.0,905.0,-0.05947801806440682,-0.04618561965887765,-3.4078394088933806,0.7615983282432547,-0.05947801806440678,False,-3.4078394088933783,-0.046185619658877464,False,-2.6462410806501238
979,16.31504060710195,918,667,906.0,905.0,-0.05947801806440682,-0.050377507181057816,-3.4078394088933806,0.5214208650287742,-0.05947801806440678,False,-3.4078394088933783,-0.05037750718105771,False,-2.886418543864604
980,16.331705612829325,917,667,906.0,905.0,-0.06152389844759235,-0.04618561965887765,-3.525059720238519,0.8788186395883809,-0.06152389844759254,False,-3.52505972023853,-0.046185619658877464,False,-2.6462410806501238
981,16.3483706185567,917,667,905.0,905.0,-0.06152389844759235,-0.050377507181057816,-3.525059720238519,0.6386411763739005,-0.06152389844759254,False,-3.52505972023853,-0.05037750718105771,False,-2.886418543864604
982,16.36503562428408,916,667,904.0,905.0,-0.06356926327850514,-0.050377507181057816,-3.642250492614311,0.7558319487496982,-0.06356926327850498,False,-3.6422504926143024,-0.05037750718105771,False,-2.886418543864604
983,16.381700630011455,915,667,902.0,905.0,-0.06561409564496752,-0.05456762350389413,-3.7594107570243542,0.6329162321923386,-0.06561409564496756,False,-3.7594107570243565,-0.054567623503894325,False,-3.126494524832018
984,16.39836563573883,915,667,902.0,905.0,-0.06561409564496752,-0.05456762350389413,-3.7594107570243542,0.6329162321923386,-0.06561409564496756,False,-3.7594107570243565,-0.054567623503894325,False,-3.126494524832018
985,16.41503064146621,915,667,902.0,905.0,-0.06561409564496752,-0.05456762350389413,-3.7594107570243542,0.6329162321923386,-0.06561409564496756,False,-3.7594107570243565,-0.054567623503894325,False,-3.126494524832018
986,16.431695647193585,914,667,901.0,905.0,-0.06765837866141712,-0.05456762350389413,-3.8765395459971894,0.7500450211651706,-0.0676583786614171,False,-3.8765395459971885,-0.054567623503894325,False,-3.126494524832018
987,16.44836065292096,914,667,901.0,905.0,-0.06765837866141712,-0.05456762350389413,-3.8765395459971894,0.7500450211651706,-0.0676583786614171,False,-3.8765395459971885,-0.054567623503894325,False,-3.126494524832018
988,16.46502565864834,914,667,901.0,905.0,-0.06765837866141712,-0.05456762350389413,-3.8765395459971894,0.7500450211651706,-0.0676583786614171,False,-3.8765395459971885,-0.054567623503894325,False,-3.126494524832018
989,16.481690664375716,914,667,901.0,905.0,-0.06765837866141712,-0.05456762350389413,-3.8765395459971894,0.7500450211651706,-0.0676583786614171,False,-3.8765395459971885,-0.054567623503894325,False,-3.126494524832018
990,16.49835567010309,914,667,901.0,905.0,-0.06765837866141712,-0.05456762350389413,-3.8765395459971894,0.7500450211651706,-0.0676583786614171,False,-3.8765395459971885,-0.054567623503894325,False,-3.126494524832018
991,16.51502067583047,914,667,900.0,905.0,-0.06765837866141712,-0.058755822715722696,-3.8765395459971894,0.5100788825673827,-0.0676583786614171,False,-3.8765395459971885,-0.05875582271572277,False,-3.3664606634298058
992,16.531685681557846,914,667,901.0,905.0,-0.06765837866141712,-0.05456762350389413,-3.8765395459971894,0.7500450211651706,-0.0676583786614171,False,-3.8765395459971885,-0.054567623503894325,False,-3.126494524832018
993,16.548350687285225,914,667,901.0,905.0,-0.06765837866141712,-0.05456762350389413,-3.8765395459971894,0.7500450211651706,-0.0676583786614171,False,-3.8765395459971885,-0.054567623503894325,False,-3.126494524832018
994,16.5650156930126,914,667,900.0,905.0,-0.06765837866141712,-0.058755822715722696,-3.8765395459971894,0.5100788825673827,-0.0676583786614171,False,-3.8765395459971885,-0.05875582271572277,False,-3.3664606634298058
995,16.581680698739977,915,667,902.0,906.0,-0.06561409564496752,-0.05433975721276864,-3.7594107570243542,0.6459720089671406,-0.06561409564496756,False,-3.7594107570243565,-0.054339757212768625,False,-3.113438748057216
996,16.598345704467356,915,667,903.0,906.0,-0.06561409564496752,-0.05016707685413893,-3.7594107570243542,0.8850489827737457,-0.06561409564496756,False,-3.7594107570243565,-0.050167076854139125,False,-2.8743617742506107
997,16.61501071019473,915,667,903.0,905.0,-0.06561409564496752,-0.050377507181057816,-3.7594107570243542,0.8729922131597525,-0.06561409564496756,False,-3.7594107570243565,-0.05037750718105771,False,-2.886418543864604
998,16.631675715922107,916,667,904.0,906.0,-0.06356926327850514,-0.05016707685413893,-3.642250492614311,0.7678887183637169,-0.06356926327850498,False,-3.6422504926143024,-0.050167076854139125,False,-2.8743617742506107
999,16.648340721649486,916,667,905.0,905.0,-0.06356926327850514,-0.04618561965887765,-3.642250492614311,0.9960094119641787,-0.06356926327850498,False,-3.6422504926143024,-0.046185619658877464,False,-2.6462410806501238
1000,16.66500572737686,916,667,905.0,905.0,-0.06356926327850514,-0.04618561965887765,-3.642250492614311,0.9960094119641787,-0.06356926327850498,False,-3.6422504926143024,-0.046185619658877464,False,-2.6462410806501238
1001,16.681670733104237,917,667,907.0,905.0,-0.06152389844759235,-0.041992107221369514,-3.525059720238519,1.119089203593226,-0.06152389844759254,False,-3.52505972023853,-0.04199210722136959,False,-2.405970516645304
1002,16.698335738831616,917,667,907.0,905.0,-0.06152389844759235,-0.041992107221369514,-3.525059720238519,1.119089203593226,-0.06152389844759254,False,-3.52505972023853,-0.04199210722136959,False,-2.405970516645304
1003,16.715000744558992,918,667,908.0,905.0,-0.05947801806440682,-0.041992107221369514,-3.4078394088933806,1.0018688922480743,-0.05947801806440678,False,-3.4078394088933783,-0.04199210722136959,False,-2.405970516645304
1004,16.731665750286368,918,667,909.0,906.0,-0.05947801806440682,-0.03763911919938858,-3.4078394088933806,1.2512767341785878,-0.05947801806440678,False,-3.4078394088933783,-0.03763911919938856,False,-2.1565626747147904
1005,16.748330756013747,919,667,910.0,906.0,-0.05743163906691598,-0.03763911919938858,-3.290590529052943,1.1340278543381572,-0.05743163906691606,False,-3.2905905290529476,-0.03763911919938856,False,-2.1565626747147904
1006,16.764995761741122,919,667,910.0,905.0,-0.05743163906691598,-0.03779711649456458,-3.290590529052943,1.124975276150092,-0.05743163906691606,False,-3.2905905290529476,-0.03779711649456452,False,-2.165615252902856
1007,16.781660767468498,920,667,912.0,906.0,-0.055384778418048376,-0.033460310449650164,-3.17331405262142,1.2561794826589727,-0.05538477841804834,False,-3.1733140526214183,-0.033460310449650255,False,-1.9171345699624454
1008,16.798325773195877,920,667,912.0,905.0,-0.055384778418048376,-0.033600794415993215,-3.17331405262142,1.2481303442982592,-0.05538477841804834,False,-3.1733140526214183,-0.033600794415993285,False,-1.9251837083231589
1009,16.814990778923253,920,667,911.0,905.0,-0.055384778418048376,-0.03779711649456458,-3.17331405262142,1.0076987997185625,-0.05538477841804834,False,-3.1733140526214183,-0.03779711649456452,False,-2.165615252902856
1010,16.83165578465063,921,667,913.0,906.0,-0.05333745310486183,-0.033460310449650164,-3.0560109528855315,1.1388763829230983,-0.05333745310486204,False,-3.056010952885544,-0.033460310449650255,False,-1.9171345699624454
1011,16.848320790378008,921,667,912.0,905.0,-0.05333745310486183,-0.03779711649456458,-3.0560109528855315,0.8903956999826625,-0.05333745310486204,False,-3.056010952885544,-0.03779711649456452,False,-2.165615252902856
1012,16.864985796105383,921,667,912.0,905.0,-0.05333745310486183,-0.03779711649456458,-3.0560109528855315,0.8903956999826625,-0.05333745310486204,False,-3.056010952885544,-0.03779711649456452,False,-2.165615252902856
1013,16.881650801832762,921,667,913.0,906.0,-0.05333745310486183,-0.033460310449650164,-3.0560109528855315,1.1388763829230983,-0.05333745310486204,False,-3.056010952885544,-0.033460310449650255,False,-1.9171345699624454
1014,16.898315807560138,922,667,914.0,905.0,-0.05128968013770862,-0.033600794415993215,-2.9386822044666707,1.0134984961435058,-0.051289680137708515,False,-2.938682204466665,-0.033600794415993285,False,-1.9251837083231589
1015,16.914980813287514,921,667,913.0,905.0,-0.05333745310486183,-0.033600794415993215,-3.0560109528855315,1.1308272445623848,-0.05333745310486204,False,-3.056010952885544,-0.033600794415993285,False,-1.9251837083231589
1016,16.931645819014893,922,667,914.0,906.0,-0.05128968013770862,-0.033460310449650164,-2.9386822044666707,1.0215476345042194,-0.051289680137708515,False,-2.938682204466665,-0.033460310449650255,False,-1.9171345699624454
1017,16.94831082474227,921,667,914.0,905.0,-0.05333745310486183,-0.029403288204005115,-3.0560109528855315,1.3713266349892363,-0.05333745310486204,False,-3.056010952885544,-0.02940328820400495,False,-1.684684317896282
1018,16.964975830469644,921,667,913.0,905.0,-0.05333745310486183,-0.033600794415993215,-3.0560109528855315,1.1308272445623848,-0.05333745310486204,False,-3.056010952885544,-0.033600794415993285,False,-1.9251837083231589
1019,16.981640836197023,921,667,914.0,905.0,-0.05333745310486183,-0.029403288204005115,-3.0560109528855315,1.3713266349892363,-0.05333745310486204,False,-3.056010952885544,-0.02940328820400495,False,-1.684684317896282
1020,16.9983058419244,921,667,913.0,905.0,-0.05333745310486183,-0.033600794415993215,-3.0560109528855315,1.1308272445623848,-0.05333745310486204,False,-3.056010952885544,-0.033600794415993285,False,-1.9251837083231589
1021,17.014970847651774,921,667,913.0,905.0,-0.05333745310486183,-0.033600794415993215,-3.0560109528855315,1.1308272445623848,-0.05333745310486204,False,-3.056010952885544,-0.033600794415993285,False,-1.9251837083231589
1022,17.031635853379154,921,667,913.0,905.0,-0.05333745310486183,-0.033600794415993215,-3.0560109528855315,1.1308272445623848,-0.05333745310486204,False,-3.056010952885544,-0.033600794415993285,False,-1.9251837083231589
1023,17.04830085910653,921,667,912.0,905.0,-0.05333745310486183,-0.03779711649456458,-3.0560109528855315,0.8903956999826625,-0.05333745310486204,False,-3.056010952885544,-0.03779711649456452,False,-2.165615252902856
1024,17.064965864833905,920,667,911.0,905.0,-0.055384778418048376,-0.03779711649456458,-3.17331405262142,1.0076987997185625,-0.05538477841804834,False,-3.1733140526214183,-0.03779711649456452,False,-2.165615252902856
1025,17.081630870561284,920,667,912.0,905.0,-0.055384778418048376,-0.033600794415993215,-3.17331405262142,1.2481303442982592,-0.05538477841804834,False,-3.1733140526214183,-0.033600794415993285,False,-1.9251837083231589
1026,17.09829587628866,920,667,911.0,905.0,-0.055384778418048376,-0.03779711649456458,-3.17331405262142,1.0076987997185625,-0.05538477841804834,False,-3.1733140526214183,-0.03779711649456452,False,-2.165615252902856
1027,17.114960882016035,920,667,910.0,905.0,-0.055384778418048376,-0.041992107221369514,-3.17331405262142,0.7673435359761142,-0.05538477841804834,False,-3.1733140526214183,-0.04199210722136959,False,-2.405970516645304
1028,17.131625887743414,919,667,910.0,905.0,-0.05743163906691598,-0.03779711649456458,-3.290590529052943,1.124975276150092,-0.05743163906691606,False,-3.2905905290529476,-0.03779711649456452,False,-2.165615252902856
1029,17.14829089347079,919,667,910.0,905.0,-0.05743163906691598,-0.03779711649456458,-3.290590529052943,1.124975276150092,-0.05743163906691606,False,-3.2905905290529476,-0.03779711649456452,False,-2.165615252902856
1030,17.164955899198166,919,667,909.0,905.0,-0.05743163906691598,-0.041992107221369514,-3.290590529052943,0.8846200124076437,-0.05743163906691606,False,-3.2905905290529476,-0.04199210722136959,False,-2.405970516645304
1031,17.181620904925545,919,667,909.0,905.0,-0.05743163906691598,-0.041992107221369514,-3.290590529052943,0.8846200124076437,-0.05743163906691606,False,-3.2905905290529476,-0.04199210722136959,False,-2.405970516645304
1032,17.19828591065292,919,667,909.0,905.0,-0.05743163906691598,-0.041992107221369514,-3.290590529052943,0.8846200124076437,-0.05743163906691606,False,-3.2905905290529476,-0.04199210722136959,False,-2.405970516645304
1033,17.2149509163803,919,667,908.0,905.0,-0.05743163906691598,-0.04618561965887765,-3.290590529052943,0.6443494484027987,-0.05743163906691606,False,-3.2905905290529476,-0.046185619658877464,False,-2.6462410806501238
1034,17.231615922107675,918,667,908.0,905.0,-0.05947801806440682,-0.041992107221369514,-3.4078394088933806,1.0018688922480743,-0.05947801806440678,False,-3.4078394088933783,-0.04199210722136959,False,-2.405970516645304
1035,17.24828092783505,918,667,907.0,905.0,-0.05947801806440682,-0.04618561965887765,-3.4078394088933806,0.7615983282432547,-0.05947801806440678,False,-3.4078394088933783,-0.046185619658877464,False,-2.6462410806501238
1036,17.26494593356243,918,667,907.0,905.0,-0.05947801806440682,-0.04618561965887765,-3.4078394088933806,0.7615983282432547,-0.05947801806440678,False,-3.4078394088933783,-0.046185619658877464,False,-2.6462410806501238
1037,17.281610939289806,918,667,907.0,905.0,-0.05947801806440682,-0.04618561965887765,-3.4078394088933806,0.7615983282432547,-0.05947801806440678,False,-3.4078394088933783,-0.046185619658877464,False,-2.6462410806501238
1038,17.29827594501718,918,667,908.0,905.0,-0.05947801806440682,-0.041992107221369514,-3.4078394088933806,1.0018688922480743,-0.05947801806440678,False,-3.4078394088933783,-0.04199210722136959,False,-2.405970516645304
1039,17.31494095074456,918,667,907.0,905.0,-0.05947801806440682,-0.04618561965887765,-3.4078394088933806,0.7615983282432547,-0.05947801806440678,False,-3.4078394088933783,-0.046185619658877464,False,-2.6462410806501238
1040,17.331605956471936,917,667,907.0,905.0,-0.06152389844759235,-0.041992107221369514,-3.525059720238519,1.119089203593226,-0.06152389844759254,False,-3.52505972023853,-0.04199210722136959,False,-2.405970516645304
1041,17.34827096219931,918,667,909.0,904.0,-0.05947801806440682,-0.03795644518831435,-3.4078394088933806,1.2330952942833395,-0.05947801806440678,False,-3.4078394088933783,-0.037956445188314536,False,-2.174744114610064
1042,17.36493596792669,918,667,907.0,905.0,-0.05947801806440682,-0.04618561965887765,-3.4078394088933806,0.7615983282432547,-0.05947801806440678,False,-3.4078394088933783,-0.046185619658877464,False,-2.6462410806501238
1043,17.381600973654066,918,667,908.0,905.0,-0.05947801806440682,-0.041992107221369514,-3.4078394088933806,1.0018688922480743,-0.05947801806440678,False,-3.4078394088933783,-0.04199210722136959,False,-2.405970516645304
1044,17.398265979381442,918,667,908.0,905.0,-0.05947801806440682,-0.041992107221369514,-3.4078394088933806,1.0018688922480743,-0.05947801806440678,False,-3.4078394088933783,-0.04199210722136959,False,-2.405970516645304
1045,17.41493098510882,918,667,907.0,905.0,-0.05947801806440682,-0.04618561965887765,-3.4078394088933806,0.7615983282432547,-0.05947801806440678,False,-3.4078394088933783,-0.046185619658877464,False,-2.6462410806501238
1046,17.431595990836197,918,667,908.0,905.0,-0.05947801806440682,-0.041992107221369514,-3.4078394088933806,1.0018688922480743,-0.05947801806440678,False,-3.4078394088933783,-0.04199210722136959,False,-2.405970516645304
1047,17.448260996563572,918,667,909.0,905.0,-0.05947801806440682,-0.03779711649456458,-3.4078394088933806,1.2422241559905225,-0.05947801806440678,False,-3.4078394088933783,-0.03779711649456452,False,-2.165615252902856
1048,17.46492600229095,918,667,908.0,904.0,-0.05947801806440682,-0.04216907957643982,-3.4078394088933806,0.9917291232120743,-0.05947801806440678,False,-3.4078394088933783,-0.042169079576440005,False,-2.4161102856813295
1049,17.481591008018327,918,667,908.0,905.0,-0.05947801806440682,-0.041992107221369514,-3.4078394088933806,1.0018688922480743,-0.05947801806440678,False,-3.4078394088933783,-0.04199210722136959,False,-2.405970516645304
1050,17.498256013745706,918,667,908.0,905.0,-0.05947801806440682,-0.041992107221369514,-3.4078394088933806,1.0018688922480743,-0.05947801806440678,False,-3.4078394088933783,-0.04199210722136959,False,-2.405970516645304
1051,17.514921019473082,918,667,908.0,905.0,-0.05947801806440682,-0.041992107221369514,-3.4078394088933806,1.0018688922480743,-0.05947801806440678,False,-3.4078394088933783,-0.04199210722136959,False,-2.405970516645304
1052,17.531586025200458,919,667,908.0,905.0,-0.05743163906691598,-0.04618561965887765,-3.290590529052943,0.6443494484027987,-0.05743163906691606,False,-3.2905905290529476,-0.046185619658877464,False,-2.6462410806501238
1053,17.548251030927837,919,667,909.0,905.0,-0.05743163906691598,-0.041992107221369514,-3.290590529052943,0.8846200124076437,-0.05743163906691606,False,-3.2905905290529476,-0.04199210722136959,False,-2.405970516645304
1054,17.564916036655212,918,667,908.0,904.0,-0.05947801806440682,-0.04216907957643982,-3.4078394088933806,0.9917291232120743,-0.05947801806440678,False,-3.4078394088933783,-0.042169079576440005,False,-2.4161102856813295
1055,17.581581042382588,919,667,908.0,905.0,-0.05743163906691598,-0.04618561965887765,-3.290590529052943,0.6443494484027987,-0.05743163906691606,False,-3.2905905290529476,-0.046185619658877464,False,-2.6462410806501238
1056,17.598246048109967,919,667,909.0,905.0,-0.05743163906691598,-0.041992107221369514,-3.290590529052943,0.8846200124076437,-0.05743163906691606,False,-3.2905905290529476,-0.04199210722136959,False,-2.405970516645304
1057,17.614911053837343,919,667,909.0,904.0,-0.05743163906691598,-0.04216907957643982,-3.290590529052943,0.8744802433716182,-0.05743163906691606,False,-3.2905905290529476,-0.042169079576440005,False,-2.4161102856813295
1058,17.63157605956472,919,667,909.0,905.0,-0.05743163906691598,-0.041992107221369514,-3.290590529052943,0.8846200124076437,-0.05743163906691606,False,-3.2905905290529476,-0.04199210722136959,False,-2.405970516645304
1059,17.648241065292098,919,667,910.0,905.0,-0.05743163906691598,-0.03779711649456458,-3.290590529052943,1.124975276150092,-0.05743163906691606,False,-3.2905905290529476,-0.03779711649456452,False,-2.165615252902856
1060,17.664906071019473,919,666,909.0,904.0,-0.05754955068319047,-0.041992107221369514,-3.2973463670210372,0.8913758503757324,-0.057549550683190454,False,-3.2973463670210363,-0.04199210722136959,False,-2.405970516645304
1061,17.68157107674685,919,667,909.0,904.0,-0.05743163906691598,-0.04216907957643982,-3.290590529052943,0.8744802433716182,-0.05743163906691606,False,-3.2905905290529476,-0.042169079576440005,False,-2.4161102856813295
1062,17.698236082474228,919,667,910.0,905.0,-0.05743163906691598,-0.03779711649456458,-3.290590529052943,1.124975276150092,-0.05743163906691606,False,-3.2905905290529476,-0.03779711649456452,False,-2.165615252902856
1063,17.714901088201604,919,666,909.0,904.0,-0.05754955068319047,-0.041992107221369514,-3.2973463670210372,0.8913758503757324,-0.057549550683190454,False,-3.2973463670210363,-0.04199210722136959,False,-2.405970516645304
1064,17.73156609392898,919,667,909.0,905.0,-0.05743163906691598,-0.041992107221369514,-3.290590529052943,0.8846200124076437,-0.05743163906691606,False,-3.2905905290529476,-0.04199210722136959,False,-2.405970516645304
1065,17.74823109965636,919,667,909.0,905.0,-0.05743163906691598,-0.041992107221369514,-3.290590529052943,0.8846200124076437,-0.05743163906691606,False,-3.2905905290529476,-0.04199210722136959,False,-2.405970516645304
1066,17.764896105383734,919,666,909.0,904.0,-0.05754955068319047,-0.041992107221369514,-3.2973463670210372,0.8913758503757324,-0.057549550683190454,False,-3.2973463670210363,-0.04199210722136959,False,-2.405970516645304
1067,17.78156111111111,919,667,909.0,905.0,-0.05743163906691598,-0.041992107221369514,-3.290590529052943,0.8846200124076437,-0.05743163906691606,False,-3.2905905290529476,-0.04199210722136959,False,-2.405970516645304
1068,17.79822611683849,919,666,910.0,905.0,-0.05754955068319047,-0.03763911919938858,-3.2973463670210372,1.1407836923062458,-0.057549550683190454,False,-3.2973463670210363,-0.03763911919938856,False,-2.1565626747147904
1069,17.814891122565864,919,666,909.0,904.0,-0.05754955068319047,-0.041992107221369514,-3.2973463670210372,0.8913758503757324,-0.057549550683190454,False,-3.2973463670210363,-0.04199210722136959,False,-2.405970516645304
1070,17.831556128293244,919,667,909.0,905.0,-0.05743163906691598,-0.041992107221369514,-3.290590529052943,0.8846200124076437,-0.05743163906691606,False,-3.2905905290529476,-0.04199210722136959,False,-2.405970516645304
1071,17.84822113402062,919,666,910.0,905.0,-0.05754955068319047,-0.03763911919938858,-3.2973463670210372,1.1407836923062458,-0.057549550683190454,False,-3.2973463670210363,-0.03763911919938856,False,-2.1565626747147904
1072,17.864886139747995,919,666,908.0,904.0,-0.05754955068319047,-0.04618561965887765,-3.2973463670210372,0.6511052863709128,-0.057549550683190454,False,-3.2973463670210363,-0.046185619658877464,False,-2.6462410806501238
1073,17.881551145475374,919,667,908.0,905.0,-0.05743163906691598,-0.04618561965887765,-3.290590529052943,0.6443494484027987,-0.05743163906691606,False,-3.2905905290529476,-0.046185619658877464,False,-2.6462410806501238
1074,17.89821615120275,919,667,909.0,905.0,-0.05743163906691598,-0.041992107221369514,-3.290590529052943,0.8846200124076437,-0.05743163906691606,False,-3.2905905290529476,-0.04199210722136959,False,-2.405970516645304
1075,17.914881156930125,919,666,908.0,904.0,-0.05754955068319047,-0.04618561965887765,-3.2973463670210372,0.6511052863709128,-0.057549550683190454,False,-3.2973463670210363,-0.046185619658877464,False,-2.6462410806501238
1076,17.931546162657504,919,667,909.0,905.0,-0.05743163906691598,-0.041992107221369514,-3.290590529052943,0.8846200124076437,-0.05743163906691606,False,-3.2905905290529476,-0.04199210722136959,False,-2.405970516645304
1077,17.94821116838488,919,666,909.0,905.0,-0.05754955068319047,-0.041816613207517075,-3.2973463670210372,0.9014309166992927,-0.057549550683190454,False,-3.2973463670210363,-0.04181661320751706,False,-2.395915450321744
1078,17.964876174112256,919,666,908.0,904.0,-0.05754955068319047,-0.04618561965887765,-3.2973463670210372,0.6511052863709128,-0.057549550683190454,False,-3.2973463670210363,-0.046185619658877464,False,-2.6462410806501238
1079,17.981541179839635,919,667,909.0,905.0,-0.05743163906691598,-0.041992107221369514,-3.290590529052943,0.8846200124076437,-0.05743163906691606,False,-3.2905905290529476,-0.04199210722136959,False,-2.405970516645304
1080,17.99820618556701,919,666,910.0,905.0,-0.05754955068319047,-0.03763911919938858,-3.2973463670210372,1.1407836923062458,-0.057549550683190454,False,-3.2973463670210363,-0.03763911919938856,False,-2.1565626747147904
1081,18.014871191294386,919,666,908.0,904.0,-0.05754955068319047,-0.04618561965887765,-3.2973463670210372,0.6511052863709128,-0.057549550683190454,False,-3.2973463670210363,-0.046185619658877464,False,-2.6462410806501238
1082,18.031536197021765,919,666,909.0,905.0,-0.05754955068319047,-0.041816613207517075,-3.2973463670210372,0.9014309166992927,-0.057549550683190454,False,-3.2973463670210363,-0.04181661320751706,False,-2.395915450321744
1083,18.04820120274914,919,666,909.0,904.0,-0.05754955068319047,-0.041992107221369514,-3.2973463670210372,0.8913758503757324,-0.057549550683190454,False,-3.2973463670210363,-0.04199210722136959,False,-2.405970516645304
1084,18.064866208476516,919,666,908.0,904.0,-0.05754955068319047,-0.04618561965887765,-3.2973463670210372,0.6511052863709128,-0.057549550683190454,False,-3.2973463670210363,-0.046185619658877464,False,-2.6462410806501238
1085,18.081531214203896,919,666,908.0,904.0,-0.05754955068319047,-0.04618561965887765,-3.2973463670210372,0.6511052863709128,-0.057549550683190454,False,-3.2973463670210363,-0.046185619658877464,False,-2.6462410806501238
1086,18.09819621993127,919,666,910.0,905.0,-0.05754955068319047,-0.03763911919938858,-3.2973463670210372,1.1407836923062458,-0.057549550683190454,False,-3.2973463670210363,-0.03763911919938856,False,-2.1565626747147904
1087,18.11486122565865,919,666,909.0,904.0,-0.05754955068319047,-0.041992107221369514,-3.2973463670210372,0.8913758503757324,-0.057549550683190454,False,-3.2973463670210363,-0.04199210722136959,False,-2.405970516645304
1088,18.131526231386026,919,666,909.0,905.0,-0.05754955068319047,-0.041816613207517075,-3.2973463670210372,0.9014309166992927,-0.057549550683190454,False,-3.2973463670210363,-0.04181661320751706,False,-2.395915450321744
1089,18.1481912371134,919,666,909.0,905.0,-0.05754955068319047,-0.041816613207517075,-3.2973463670210372,0.9014309166992927,-0.057549550683190454,False,-3.2973463670210363,-0.04181661320751706,False,-2.395915450321744
1090,18.16485624284078,919,666,909.0,904.0,-0.05754955068319047,-0.041992107221369514,-3.2973463670210372,0.8913758503757324,-0.057549550683190454,False,-3.2973463670210363,-0.04199210722136959,False,-2.405970516645304
1091,18.181521248568156,919,666,909.0,904.0,-0.05754955068319047,-0.041992107221369514,-3.2973463670210372,0.8913758503757324,-0.057549550683190454,False,-3.2973463670210363,-0.04199210722136959,False,-2.405970516645304
1092,18.198186254295532,919,666,909.0,904.0,-0.05754955068319047,-0.041992107221369514,-3.2973463670210372,0.8913758503757324,-0.057549550683190454,False,-3.2973463670210363,-0.04199210722136959,False,-2.405970516645304
1093,18.21485126002291,919,666,909.0,904.0,-0.05754955068319047,-0.041992107221369514,-3.2973463670210372,0.8913758503757324,-0.057549550683190454,False,-3.2973463670210363,-0.04199210722136959,False,-2.405970516645304
1094,18.231516265750287,919,666,909.0,904.0,-0.05754955068319047,-0.041992107221369514,-3.2973463670210372,0.8913758503757324,-0.057549550683190454,False,-3.2973463670210363,-0.04199210722136959,False,-2.405970516645304
1095,18.248181271477662,919,666,909.0,905.0,-0.05754955068319047,-0.041816613207517075,-3.2973463670210372,0.9014309166992927,-0.057549550683190454,False,-3.2973463670210363,-0.04181661320751706,False,-2.395915450321744
1096,18.26484627720504,919,666,909.0,904.0,-0.05754955068319047,-0.041992107221369514,-3.2973463670210372,0.8913758503757324,-0.057549550683190454,False,-3.2973463670210363,-0.04199210722136959,False,-2.405970516645304
1097,18.281511282932417,919,666,909.0,905.0,-0.05754955068319047,-0.041816613207517075,-3.2973463670210372,0.9014309166992927,-0.057549550683190454,False,-3.2973463670210363,-0.04181661320751706,False,-2.395915450321744
1098,18.298176288659793,919,666,910.0,904.0,-0.05754955068319047,-0.03779711649456458,-3.2973463670210372,1.1317311141181807,-0.057549550683190454,False,-3.2973463670210363,-0.03779711649456452,False,-2.165615252902856
1099,18.314841294387172,919,666,909.0,904.0,-0.05754955068319047,-0.041992107221369514,-3.2973463670210372,0.8913758503757324,-0.057549550683190454,False,-3.2973463670210363,-0.04199210722136959,False,-2.405970516645304
1100,18.331506300114548,919,666,909.0,904.0,-0.05754955068319047,-0.041992107221369514,-3.2973463670210372,0.8913758503757324,-0.057549550683190454,False,-3.2973463670210363,-0.04199210722136959,False,-2.405970516645304
1101,18.348171305841923,919,666,910.0,904.0,-0.05754955068319047,-0.03779711649456458,-3.2973463670210372,1.1317311141181807,-0.057549550683190454,False,-3.2973463670210363,-0.03779711649456452,False,-2.165615252902856
1102,18.364836311569302,919,666,908.0,904.0,-0.05754955068319047,-0.04618561965887765,-3.2973463670210372,0.6511052863709128,-0.057549550683190454,False,-3.2973463670210363,-0.046185619658877464,False,-2.6462410806501238
1103,18.381501317296678,919,666,908.0,904.0,-0.05754955068319047,-0.04618561965887765,-3.2973463670210372,0.6511052863709128,-0.057549550683190454,False,-3.2973463670210363,-0.046185619658877464,False,-2.6462410806501238
1104,18.398166323024054,919,666,910.0,905.0,-0.05754955068319047,-0.03763911919938858,-3.2973463670210372,1.1407836923062458,-0.057549550683190454,False,-3.2973463670210363,-0.03763911919938856,False,-2.1565626747147904
1105,18.414831328751433,919,666,909.0,904.0,-0.05754955068319047,-0.041992107221369514,-3.2973463670210372,0.8913758503757324,-0.057549550683190454,False,-3.2973463670210363,-0.04199210722136959,False,-2.405970516645304
1106,18.43149633447881,919,666,909.0,904.0,-0.05754955068319047,-0.041992107221369514,-3.2973463670210372,0.8913758503757324,-0.057549550683190454,False,-3.2973463670210363,-0.04199210722136959,False,-2.405970516645304
1107,18.448161340206187,919,666,910.0,904.0,-0.05754955068319047,-0.03779711649456458,-3.2973463670210372,1.1317311141181807,-0.057549550683190454,False,-3.2973463670210363,-0.03779711649456452,False,-2.165615252902856
1108,18.464826345933563,919,666,908.0,904.0,-0.05754955068319047,-0.04618561965887765,-3.2973463670210372,0.6511052863709128,-0.057549550683190454,False,-3.2973463670210363,-0.046185619658877464,False,-2.6462410806501238
1109,18.48149135166094,919,666,909.0,904.0,-0.05754955068319047,-0.041992107221369514,-3.2973463670210372,0.8913758503757324,-0.057549550683190454,False,-3.2973463670210363,-0.04199210722136959,False,-2.405970516645304
1110,18.498156357388318,919,666,910.0,905.0,-0.05754955068319047,-0.03763911919938858,-3.2973463670210372,1.1407836923062458,-0.057549550683190454,False,-3.2973463670210363,-0.03763911919938856,False,-2.1565626747147904
1111,18.514821363115693,919,666,908.0,904.0,-0.05754955068319047,-0.04618561965887765,-3.2973463670210372,0.6511052863709128,-0.057549550683190454,False,-3.2973463670210363,-0.046185619658877464,False,-2.6462410806501238
1112,18.53148636884307,919,666,908.0,904.0,-0.05754955068319047,-0.04618561965887765,-3.2973463670210372,0.6511052863709128,-0.057549550683190454,False,-3.2973463670210363,-0.046185619658877464,False,-2.6462410806501238
1113,18.54815137457045,919,666,910.0,904.0,-0.05754955068319047,-0.03779711649456458,-3.2973463670210372,1.1317311141181807,-0.057549550683190454,False,-3.2973463670210363,-0.03779711649456452,False,-2.165615252902856
1114,18.564816380297824,919,666,909.0,904.0,-0.05754955068319047,-0.041992107221369514,-3.2973463670210372,0.8913758503757324,-0.057549550683190454,False,-3.2973463670210363,-0.04199210722136959,False,-2.405970516645304
1115,18.5814813860252,919,666,908.0,904.0,-0.05754955068319047,-0.04618561965887765,-3.2973463670210372,0.6511052863709128,-0.057549550683190454,False,-3.2973463670210363,-0.046185619658877464,False,-2.6462410806501238
1116,18.59814639175258,919,666,910.0,904.0,-0.05754955068319047,-0.03779711649456458,-3.2973463670210372,1.1317311141181807,-0.057549550683190454,False,-3.2973463670210363,-0.03779711649456452,False,-2.165615252902856
1117,18.614811397479954,919,666,909.0,904.0,-0.05754955068319047,-0.041992107221369514,-3.2973463670210372,0.8913758503757324,-0.057549550683190454,False,-3.2973463670210363,-0.04199210722136959,False,-2.405970516645304
1118,18.63147640320733,919,666,909.0,904.0,-0.05754955068319047,-0.041992107221369514,-3.2973463670210372,0.8913758503757324,-0.057549550683190454,False,-3.2973463670210363,-0.04199210722136959,False,-2.405970516645304
1119,18.64814140893471,919,666,910.0,904.0,-0.05754955068319047,-0.03779711649456458,-3.2973463670210372,1.1317311141181807,-0.057549550683190454,False,-3.2973463670210363,-0.03779711649456452,False,-2.165615252902856
1120,18.664806414662085,919,666,908.0,904.0,-0.05754955068319047,-0.04618561965887765,-3.2973463670210372,0.6511052863709128,-0.057549550683190454,False,-3.2973463670210363,-0.046185619658877464,False,-2.6462410806501238
1121,18.68147142038946,919,666,909.0,904.0,-0.05754955068319047,-0.041992107221369514,-3.2973463670210372,0.8913758503757324,-0.057549550683190454,False,-3.2973463670210363,-0.04199210722136959,False,-2.405970516645304
1122,18.69813642611684,919,666,909.0,904.0,-0.05754955068319047,-0.041992107221369514,-3.2973463670210372,0.8913758503757324,-0.057549550683190454,False,-3.2973463670210363,-0.04199210722136959,False,-2.405970516645304
1123,18.714801431844215,919,666,909.0,904.0,-0.05754955068319047,-0.041992107221369514,-3.2973463670210372,0.8913758503757324,-0.057549550683190454,False,-3.2973463670210363,-0.04199210722136959,False,-2.405970516645304
1124,18.73146643757159,919,666,908.0,904.0,-0.05754955068319047,-0.04618561965887765,-3.2973463670210372,0.6511052863709128,-0.057549550683190454,False,-3.2973463670210363,-0.046185619658877464,False,-2.6462410806501238
1125,18.74813144329897,919,666,910.0,904.0,-0.05754955068319047,-0.03779711649456458,-3.2973463670210372,1.1317311141181807,-0.057549550683190454,False,-3.2973463670210363,-0.03779711649456452,False,-2.165615252902856
1126,18.764796449026345,919,666,909.0,904.0,-0.05754955068319047,-0.041992107221369514,-3.2973463670210372,0.8913758503757324,-0.057549550683190454,False,-3.2973463670210363,-0.04199210722136959,False,-2.405970516645304
1127,18.781461454753725,919,666,908.0,904.0,-0.05754955068319047,-0.04618561965887765,-3.2973463670210372,0.6511052863709128,-0.057549550683190454,False,-3.2973463670210363,-0.046185619658877464,False,-2.6462410806501238
1128,18.7981264604811,919,666,910.0,905.0,-0.05754955068319047,-0.03763911919938858,-3.2973463670210372,1.1407836923062458,-0.057549550683190454,False,-3.2973463670210363,-0.03763911919938856,False,-2.1565626747147904
1129,18.814791466208476,919,666,909.0,904.0,-0.05754955068319047,-0.041992107221369514,-3.2973463670210372,0.8913758503757324,-0.057549550683190454,False,-3.2973463670210363,-0.04199210722136959,False,-2.405970516645304
1130,18.831456471935855,919,666,908.0,904.0,-0.05754955068319047,-0.04618561965887765,-3.2973463670210372,0.6511052863709128,-0.057549550683190454,False,-3.2973463670210363,-0.046185619658877464,False,-2.6462410806501238
1131,18.84812147766323,919,666,910.0,904.0,-0.05754955068319047,-0.03779711649456458,-3.2973463670210372,1.1317311141181807,-0.057549550683190454,False,-3.2973463670210363,-0.03779711649456452,False,-2.165615252902856
1132,18.864786483390606,919,666,908.0,904.0,-0.05754955068319047,-0.04618561965887765,-3.2973463670210372,0.6511052863709128,-0.057549550683190454,False,-3.2973463670210363,-0.046185619658877464,False,-2.6462410806501238
1133,18.881451489117985,919,666,908.0,904.0,-0.05754955068319047,-0.04618561965887765,-3.2973463670210372,0.6511052863709128,-0.057549550683190454,False,-3.2973463670210363,-0.046185619658877464,False,-2.6462410806501238
1134,18.89811649484536,919,666,909.0,904.0,-0.05754955068319047,-0.041992107221369514,-3.2973463670210372,0.8913758503757324,-0.057549550683190454,False,-3.2973463670210363,-0.04199210722136959,False,-2.405970516645304
1135,18.914781500572737,919,666,909.0,904.0,-0.05754955068319047,-0.041992107221369514,-3.2973463670210372,0.8913758503757324,-0.057549550683190454,False,-3.2973463670210363,-0.04199210722136959,False,-2.405970516645304
1136,18.931446506300116,919,666,908.0,904.0,-0.05754955068319047,-0.04618561965887765,-3.2973463670210372,0.6511052863709128,-0.057549550683190454,False,-3.2973463670210363,-0.046185619658877464,False,-2.6462410806501238
1137,18.94811151202749,919,666,909.0,904.0,-0.05754955068319047,-0.041992107221369514,-3.2973463670210372,0.8913758503757324,-0.057549550683190454,False,-3.2973463670210363,-0.04199210722136959,False,-2.405970516645304
1138,18.964776517754867,919,666,909.0,904.0,-0.05754955068319047,-0.041992107221369514,-3.2973463670210372,0.8913758503757324,-0.057549550683190454,False,-3.2973463670210363,-0.04199210722136959,False,-2.405970516645304
1139,18.981441523482246,919,666,908.0,904.0,-0.05754955068319047,-0.04618561965887765,-3.2973463670210372,0.6511052863709128,-0.057549550683190454,False,-3.2973463670210363,-0.046185619658877464,False,-2.6462410806501238
1140,18.998106529209622,919,666,909.0,904.0,-0.05754955068319047,-0.041992107221369514,-3.2973463670210372,0.8913758503757324,-0.057549550683190454,False,-3.2973463670210363,-0.04199210722136959,False,-2.405970516645304
1141,19.014771534936997,919,666,909.0,904.0,-0.05754955068319047,-0.041992107221369514,-3.2973463670210372,0.8913758503757324,-0.057549550683190454,False,-3.2973463670210363,-0.04199210722136959,False,-2.405970516645304
1142,19.031436540664377,919,666,908.0,904.0,-0.05754955068319047,-0.04618561965887765,-3.2973463670210372,0.6511052863709128,-0.057549550683190454,False,-3.2973463670210363,-0.046185619658877464,False,-2.6462410806501238
1143,19.048101546391752,919,666,909.0,904.0,-0.05754955068319047,-0.041992107221369514,-3.2973463670210372,0.8913758503757324,-0.057549550683190454,False,-3.2973463670210363,-0.04199210722136959,False,-2.405970516645304
1144,19.06476655211913,919,666,909.0,904.0,-0.05754955068319047,-0.041992107221369514,-3.2973463670210372,0.8913758503757324,-0.057549550683190454,False,-3.2973463670210363,-0.04199210722136959,False,-2.405970516645304
1145,19.081431557846507,919,666,909.0,904.0,-0.05754955068319047,-0.041992107221369514,-3.2973463670210372,0.8913758503757324,-0.057549550683190454,False,-3.2973463670210363,-0.04199210722136959,False,-2.405970516645304
1146,19.098096563573883,919,666,909.0,904.0,-0.05754955068319047,-0.041992107221369514,-3.2973463670210372,0.8913758503757324,-0.057549550683190454,False,-3.2973463670210363,-0.04199210722136959,False,-2.405970516645304
1147,19.114761569301262,919,666,908.0,904.0,-0.05754955068319047,-0.04618561965887765,-3.2973463670210372,0.6511052863709128,-0.057549550683190454,False,-3.2973463670210363,-0.046185619658877464,False,-2.6462410806501238
1148,19.131426575028637,919,666,908.0,904.0,-0.05754955068319047,-0.04618561965887765,-3.2973463670210372,0.6511052863709128,-0.057549550683190454,False,-3.2973463670210363,-0.046185619658877464,False,-2.6462410806501238
1149,19.148091580756013,919,666,909.0,904.0,-0.05754955068319047,-0.041992107221369514,-3.2973463670210372,0.8913758503757324,-0.057549550683190454,False,-3.2973463670210363,-0.04199210722136959,False,-2.405970516645304
1150,19.164756586483392,919,666,909.0,904.0,-0.05754955068319047,-0.041992107221369514,-3.2973463670210372,0.8913758503757324,-0.057549550683190454,False,-3.2973463670210363,-0.04199210722136959,False,-2.405970516645304
1151,19.181421592210768,919,666,908.0,904.0,-0.05754955068319047,-0.04618561965887765,-3.2973463670210372,0.6511052863709128,-0.057549550683190454,False,-3.2973463670210363,-0.046185619658877464,False,-2.6462410806501238
1152,19.198086597938143,919,666,909.0,904.0,-0.05754955068319047,-0.041992107221369514,-3.2973463670210372,0.8913758503757324,-0.057549550683190454,False,-3.2973463670210363,-0.04199210722136959,False,-2.405970516645304
1153,19.214751603665523,919,666,909.0,904.0,-0.05754955068319047,-0.041992107221369514,-3.2973463670210372,0.8913758503757324,-0.057549550683190454,False,-3.2973463670210363,-0.04199210722136959,False,-2.405970516645304
1154,19.231416609392898,919,666,908.0,904.0,-0.05754955068319047,-0.04618561965887765,-3.2973463670210372,0.6511052863709128,-0.057549550683190454,False,-3.2973463670210363,-0.046185619658877464,False,-2.6462410806501238
1155,19.248081615120274,919,666,909.0,904.0,-0.05754955068319047,-0.041992107221369514,-3.2973463670210372,0.8913758503757324,-0.057549550683190454,False,-3.2973463670210363,-0.04199210722136959,False,-2.405970516645304
1156,19.264746620847653,919,666,909.0,904.0,-0.05754955068319047,-0.041992107221369514,-3.2973463670210372,0.8913758503757324,-0.057549550683190454,False,-3.2973463670210363,-0.04199210722136959,False,-2.405970516645304
1157,19.28141162657503,919,666,909.0,904.0,-0.05754955068319047,-0.041992107221369514,-3.2973463670210372,0.8913758503757324,-0.057549550683190454,False,-3.2973463670210363,-0.04199210722136959,False,-2.405970516645304
1158,19.298076632302404,919,666,910.0,904.0,-0.05754955068319047,-0.03779711649456458,-3.2973463670210372,1.1317311141181807,-0.057549550683190454,False,-3.2973463670210363,-0.03779711649456452,False,-2.165615252902856
1159,19.314741638029783,919,666,909.0,904.0,-0.05754955068319047,-0.041992107221369514,-3.2973463670210372,0.8913758503757324,-0.057549550683190454,False,-3.2973463670210363,-0.04199210722136959,False,-2.405970516645304
1160,19.33140664375716,919,666,909.0,904.0,-0.05754955068319047,-0.041992107221369514,-3.2973463670210372,0.8913758503757324,-0.057549550683190454,False,-3.2973463670210363,-0.04199210722136959,False,-2.405970516645304
1161,19.348071649484535,919,666,908.0,904.0,-0.05754955068319047,-0.04618561965887765,-3.2973463670210372,0.6511052863709128,-0.057549550683190454,False,-3.2973463670210363,-0.046185619658877464,False,-2.6462410806501238
1162,19.364736655211914,919,666,909.0,903.0,-0.05754955068319047,-0.04216907957643982,-3.2973463670210372,0.881236081339707,-0.057549550683190454,False,-3.2973463670210363,-0.042169079576440005,False,-2.4161102856813295
1163,19.38140166093929,919,666,908.0,904.0,-0.05754955068319047,-0.04618561965887765,-3.2973463670210372,0.6511052863709128,-0.057549550683190454,False,-3.2973463670210363,-0.046185619658877464,False,-2.6462410806501238
