frame,time_s,Gx,Gy,Bx,By,theta1_rad,theta2_rel_rad,theta1_deg,theta2_rel_deg,theta1_rad_filled,theta1_interpolated,theta1_deg_filled,theta2_rel_rad_filled,theta2_rel_interpolated,theta2_rel_deg_filled
0,0.0,1279.0,151.0,1278.0,400.0,1.6579245796699937,-0.004016042665841987,94.99208116609165,-95.22218346118886,1.6579245796699933,False,94.99208116609162,-0.00401604266584199,False,-0.23010229509721403
1,0.016664998736416477,1279.0,150.0,1278.0,399.0,1.6609130309963747,-0.004016042665841987,95.16330681437354,-95.39340910947077,1.6609130309963742,False,95.16330681437353,-0.00401604266584199,False,-0.23010229509721403
2,0.03332999747283295,1278.0,151.0,1277.0,400.0,1.6581864708798135,-0.004016042665841987,95.0070864271059,-95.23718872220311,1.658186470879814,False,95.00708642710592,-0.00401604266584199,False,-0.23010229509721403
3,0.04999499620924943,1278.0,151.0,1277.0,400.0,1.6581864708798135,-0.004016042665841987,95.0070864271059,-95.23718872220311,1.658186470879814,False,95.00708642710592,-0.00401604266584199,False,-0.23010229509721403
4,0.0666599949456659,1279.0,152.0,1277.0,401.0,1.6549345673260676,-0.008031955789581624,94.82076607809266,-95.28096324607135,1.6549345673260678,False,94.82076607809267,-0.008031955789581602,False,-0.4601971679786925
5,0.08332499368208239,1280.0,152.0,1277.0,401.0,1.6546830853841803,-0.012047609854185994,94.80635722419876,-95.49663442206385,1.65468308538418,False,94.80635722419875,-0.012047609854186181,False,-0.6902771978650893
6,0.09998999241849886,1279.0,153.0,1276.0,402.0,1.6519430462445983,-0.012047609854185994,94.64936454580005,-95.33964174366514,1.6519430462445985,False,94.64936454580007,-0.012047609854186181,False,-0.6902771978650893
7,0.11665499115491534,1280.0,154.0,1276.0,402.0,1.6487163231859354,-0.016127633843636236,94.46448693288113,-95.38853228565384,1.6487163231859352,False,94.46448693288112,-0.016127633843636247,False,-0.9240453527727067
8,0.1333199898913318,1280.0,153.0,1277.0,402.0,1.6517004259501271,-0.012047609854185994,94.63546342690265,-95.32574062476772,1.6517004259501267,False,94.63546342690262,-0.012047609854186181,False,-0.6902771978650893
9,0.14998498862774828,1280.0,153.0,1277.0,402.0,1.6517004259501271,-0.012047609854185994,94.63546342690265,-95.32574062476772,1.6517004259501267,False,94.63546342690262,-0.012047609854186181,False,-0.6902771978650893
10,0.16664998736416478,1279.0,153.0,1277.0,402.0,1.6519430462445983,-0.008031955789581624,94.64936454580005,-95.10956171377875,1.6519430462445985,False,94.64936454580007,-0.008031955789581602,False,-0.4601971679786925
11,0.18331498610058125,1279.0,152.0,1277.0,401.0,1.6549345673260676,-0.008031955789581624,94.82076607809266,-95.28096324607135,1.6549345673260678,False,94.82076607809267,-0.008031955789581602,False,-0.4601971679786925
12,0.19997998483699772,1279.0,152.0,1277.0,400.0,1.6549345673260676,-0.008064341306767012,94.82076607809266,-95.28281879952343,1.6549345673260678,False,94.82076607809267,-0.00806434130676692,False,-0.46205272143075965
13,0.2166449835734142,1278.0,151.0,1277.0,400.0,1.6581864708798135,-0.004016042665841987,95.0070864271059,-95.23718872220311,1.658186470879814,False,95.00708642710592,-0.00401604266584199,False,-0.23010229509721403
14,0.2333099823098307,1278.0,151.0,1277.0,399.0,1.6581864708798135,-0.004032236211093433,95.0070864271059,-95.23811654400137,1.658186470879814,False,95.00708642710592,-0.004032236211093387,False,-0.2310301168954732
15,0.24997498104624716,1278.0,150.0,1278.0,399.0,1.661183808663235,0.0,95.17882123187104,-95.17882123187104,1.6611838086632353,False,95.17882123187107,0.0,False,0.0
16,0.2666399797826636,1278.0,149.0,1278.0,398.0,1.6641795188101,0.0,95.35046277993094,-95.35046277993094,1.6641795188100996,False,95.35046277993091,0.0,False,0.0
17,0.2833049785190801,1277.0,148.0,1278.0,397.0,1.6674637878166265,0.004016042665841987,95.53863753279052,-95.3085352376933,1.6674637878166267,False,95.53863753279053,0.00401604266584199,False,0.23010229509721403
18,0.29996997725549657,1277.0,147.0,1278.0,396.0,1.6704649792860586,0.004016042665841987,95.71059313749964,-95.48049084240243,1.6704649792860584,False,95.71059313749963,0.00401604266584199,False,0.23010229509721403
19,0.31663497599191304,1277.0,146.0,1278.0,395.0,1.673464370411481,0.004016042665841987,95.88244559009534,-95.65234329499813,1.673464370411481,False,95.88244559009534,0.00401604266584199,False,0.23010229509721403
20,0.33329997472832956,1276.0,145.0,1279.0,394.0,1.6767806847844966,0.012047609854185994,96.07245640720771,-95.38217920934264,1.6767806847844966,False,96.07245640720771,0.012047609854186181,False,0.6902771978650893
21,0.34996497346474603,1276.0,145.0,1279.0,394.0,1.6767806847844966,0.012047609854185994,96.07245640720771,-95.38217920934264,1.6767806847844966,False,96.07245640720771,0.012047609854186181,False,0.6902771978650893
22,0.3666299722011625,1276.0,144.0,1279.0,393.0,1.67978521451497,0.012047609854185994,96.24460328018542,-95.55432608232034,1.67978521451497,False,96.24460328018542,0.012047609854186181,False,0.6902771978650893
23,0.38329497093757897,1276.0,144.0,1279.0,393.0,1.67978521451497,0.012047609854185994,96.24460328018542,-95.55432608232034,1.67978521451497,False,96.24460328018542,0.012047609854186181,False,0.6902771978650893
24,0.39995996967399544,1276.0,144.0,1279.0,392.0,1.67978521451497,0.012096184197179801,96.24460328018542,-95.55154297747417,1.67978521451497,False,96.24460328018542,0.012096184197179838,False,0.6930603027112467
25,0.4166249684104119,1275.0,143.0,1279.0,391.0,1.6831263466761326,0.016127633843636236,96.43603605181545,-95.51199069904274,1.6831263466761328,False,96.43603605181546,0.016127633843636247,False,0.9240453527727067
26,0.4332899671468284,1275.0,142.0,1279.0,391.0,1.6861357879991543,0.016062875392748907,96.60846433831686,-95.68812937146781,1.686135787999154,False,96.60846433831685,0.016062875392748754,False,0.9203349668490483
27,0.44995496588324485,1275.0,142.0,1280.0,390.0,1.6861357879991543,0.020158559284127634,96.60846433831686,-95.4534639702721,1.686135787999154,False,96.60846433831685,0.020158559284127797,False,1.155000368044785
28,0.4666199646196614,1274.0,141.0,1280.0,390.0,1.6895016639380738,0.02409172342492131,96.80131482398158,-95.42096075053712,1.6895016639380742,False,96.80131482398161,0.024091723424921163,False,1.3803540734444435
29,0.48328496335607785,1274.0,140.0,1280.0,389.0,1.692515785275189,0.02409172342492131,96.97401125553861,-95.59365718209416,1.692515785275189,False,96.97401125553861,0.024091723424921163,False,1.3803540734444435
30,0.4999499620924943,1274.0,140.0,1280.0,389.0,1.692515785275189,0.02409172342492131,96.97401125553861,-95.59365718209416,1.692515785275189,False,96.97401125553861,0.024091723424921163,False,1.3803540734444435
31,0.5166149608289108,1274.0,140.0,1280.0,388.0,1.692515785275189,0.02418882965883632,96.97401125553861,-95.58809340472642,1.692515785275189,False,96.97401125553861,0.024188829658836397,False,1.3859178508121965
32,0.5332799595653273,1274.0,139.0,1280.0,388.0,1.6955276856445498,0.02409172342492131,97.14658043501689,-95.76622636157242,1.6955276856445494,False,97.14658043501686,0.024091723424921163,False,1.3803540734444435
33,0.5499449583017437,1273.0,139.0,1280.0,387.0,1.6959063230857054,0.028218314235589993,97.16827476236074,-95.55148445168749,1.6959063230857057,False,97.16827476236074,0.028218314235589848,False,1.616790310673228
34,0.5666099570381602,1273.0,138.0,1280.0,387.0,1.6989248883355934,0.028105047460455855,97.34122581136417,-95.73092520886517,1.6989248883355934,False,97.34122581136417,0.028105047460456056,False,1.6103006024990045
35,0.5832749557745767,1272.0,137.0,1281.0,386.0,1.7023399981145444,0.036128850512775534,97.53689718827191,-95.46686653523082,1.7023399981145442,False,97.5368971882719,0.03612885051277548,False,2.070030653041095
36,0.5999399545109931,1272.0,136.0,1281.0,385.0,1.7053627667013136,0.036128850512775534,97.71008907073852,-95.64005841769742,1.7053627667013131,False,97.71008907073849,0.03612885051277548,False,2.070030653041095
37,0.6166049532474096,1272.0,136.0,1281.0,384.0,1.7053627667013136,0.0362744038570487,97.71008907073852,-95.63171882537655,1.7053627667013131,False,97.71008907073849,0.03627440385704883,False,2.078370245361973
38,0.6332699519838261,1272.0,136.0,1281.0,384.0,1.7053627667013136,0.0362744038570487,97.71008907073852,-95.63171882537655,1.7053627667013131,False,97.71008907073849,0.03627440385704883,False,2.078370245361973
39,0.6499349507202425,1272.0,136.0,1281.0,384.0,1.7053627667013136,0.0362744038570487,97.71008907073852,-95.63171882537655,1.7053627667013131,False,97.71008907073849,0.03627440385704883,False,2.078370245361973
40,0.6665999494566591,1272.0,135.0,1281.0,384.0,1.7083830632652466,0.036128850512775534,97.88313931672974,-95.81310866368864,1.7083830632652468,False,97.88313931672975,0.03612885051277548,False,2.070030653041095
41,0.6832649481930756,1271.0,135.0,1281.0,383.0,1.7088023504524161,0.04030074830378136,97.90716270295846,-95.59809991393278,1.708802350452416,False,97.90716270295844,0.040300748303781386,False,2.3090627890256847
42,0.6999299469294921,1271.0,134.0,1281.0,382.0,1.7118290773791878,0.04030074830378136,98.08058138160108,-95.77151859257539,1.7118290773791873,False,98.08058138160105,0.040300748303781386,False,2.3090627890256847
43,0.7165949456659085,1271.0,134.0,1282.0,382.0,1.7118290773791878,0.04432578580697754,98.08058138160108,-95.54090093126038,1.7118290773791873,False,98.08058138160105,0.044325785806977436,False,2.539680450340693
44,0.733259944402325,1271.0,134.0,1282.0,382.0,1.7118290773791878,0.04432578580697754,98.08058138160108,-95.54090093126038,1.7118290773791873,False,98.08058138160105,0.044325785806977436,False,2.539680450340693
45,0.7499249431387415,1271.0,134.0,1282.0,382.0,1.7118290773791878,0.04432578580697754,98.08058138160108,-95.54090093126038,1.7118290773791873,False,98.08058138160105,0.044325785806977436,False,2.539680450340693
46,0.7665899418751579,1271.0,134.0,1281.0,382.0,1.7118290773791878,0.04030074830378136,98.08058138160108,-95.77151859257539,1.7118290773791873,False,98.08058138160105,0.040300748303781386,False,2.3090627890256847
47,0.7832549406115744,1271.0,135.0,1281.0,383.0,1.7088023504524161,0.04030074830378136,97.90716270295846,-95.59809991393278,1.708802350452416,False,97.90716270295844,0.040300748303781386,False,2.3090627890256847
48,0.7999199393479909,1272.0,136.0,1280.0,385.0,1.7053627667013136,0.03211746610363529,97.71008907073852,-95.86989381434573,1.7053627667013131,False,97.71008907073849,0.032117466103635195,False,1.8401952563927773
49,0.8165849380844074,1273.0,138.0,1280.0,387.0,1.6989248883355934,0.028105047460455855,97.34122581136417,-95.73092520886517,1.6989248883355934,False,97.34122581136417,0.028105047460456056,False,1.6103006024990045
50,0.8332499368208238,1274.0,140.0,1901.0,286.0,1.692515785275189,1.342018205507724,96.97401125553861,-20.082032050225656,1.692515785275189,False,96.97401125553861,1.342018205507724,False,76.89197920531296
51,0.8499149355572403,1275.0,142.0,1900.0,287.0,1.6861357879991543,1.342829254973389,96.60846433831686,-19.67001542164497,1.686135787999154,False,96.60846433831685,1.3428292549733891,False,76.9384489166719
52,0.8665799342936568,1276.0,144.0,1900.0,286.0,1.67978521451497,1.3470426789789858,96.24460328018542,-19.064742950693706,1.67978521451497,False,96.24460328018542,1.347042678978986,False,77.17986032949172
53,0.8832449330300732,1277.0,146.0,1900.0,286.0,1.673464370411481,1.3497492641198778,95.88244559009534,-18.547509355137695,1.673464370411481,False,95.88244559009534,1.349749264119878,False,77.33493623495765
54,0.8999099317664897,1278.0,148.0,1900.0,286.0,1.6671735489218793,1.3524678643943482,95.52200806907096,-18.031307512203067,1.6671735489218795,False,95.52200806907098,1.352467864394348,False,77.49070055686788
55,0.9165749305029062,1278.0,150.0,1900.0,286.0,1.661183808663235,1.3555345227623805,95.17882123187104,-17.512414093306415,1.6611838086632353,False,95.17882123187107,1.3555345227623805,False,77.66640713856462
56,0.9332399292393228,1279.0,153.0,1899.0,286.0,1.6519430462445983,1.359482704997676,94.64936454580005,-16.756743228404485,1.6519430462445985,False,94.64936454580007,1.359482704997676,False,77.8926213173956
57,0.9499049279757392,1280.0,154.0,1898.0,286.0,1.6487163231859354,1.360366123448423,94.46448693288113,-16.521249466713748,1.6487163231859352,False,94.46448693288112,1.360366123448423,False,77.94323746616737
58,0.9665699267121557,1280.0,156.0,1898.0,286.0,1.6427439963582786,1.363463205887525,94.12229781178364,-16.001610593051648,1.6427439963582788,False,94.12229781178365,1.3634632058875251,False,78.120687218732
59,0.9832349254485722,1281.0,157.0,1898.0,285.0,1.6395500622944121,1.3662424702909934,93.93929886988103,-15.659371530679339,1.6395500622944121,False,93.93929886988103,1.3662424702909934,False,78.27992733920169
60,0.9998999241849886,1281.0,158.0,1881.0,293.0,1.6365695781785332,1.3494818844471053,93.76852970913538,-16.448913200955204,1.6365695781785332,False,93.76852970913538,1.3494818844471048,False,77.31961650818016
61,1.016564922921405,1281.0,158.0,1880.0,292.0,1.6365695781785332,1.3507137045345408,93.76852970913538,-16.378335108825713,1.6365695781785332,False,93.76852970913538,1.3507137045345408,False,77.39019460030967
62,1.0332299216578216,1282.0,158.0,1878.0,292.0,1.6363738033576767,1.3496415905864485,93.75731263816537,-16.428545642238483,1.6363738033576762,False,93.75731263816535,1.3496415905864483,False,77.32876699592687
63,1.049894920394238,1281.0,158.0,1877.0,292.0,1.6365695781785332,1.3496415905864485,93.76852970913538,-16.43976271320852,1.6365695781785332,False,93.76852970913538,1.3496415905864483,False,77.32876699592687
64,1.0665599191306545,1281.0,158.0,1876.0,290.0,1.6365695781785332,1.3524833161257135,93.76852970913538,-16.276943833274085,1.6365695781785332,False,93.76852970913538,1.3524833161257135,False,77.4915858758613
65,1.083224917867071,1281.0,158.0,1875.0,291.0,1.6365695781785332,1.3505236759522465,93.76852970913538,-16.389222944578027,1.6365695781785332,False,93.76852970913538,1.350523675952246,False,77.37930676455733
66,1.0998899166034874,1281.0,157.0,1874.0,291.0,1.6395500622944121,1.3485591534243841,93.93929886988103,-16.672550954928553,1.6395500622944121,False,93.93929886988103,1.3485591534243841,False,77.26674791495248
67,1.116554915339904,1281.0,157.0,1872.0,291.0,1.6395500622944121,1.3478317209284256,93.93929886988103,-16.714229766827646,1.6395500622944121,False,93.93929886988103,1.3478317209284256,False,77.22506910305339
68,1.1332199140763204,1280.0,156.0,1872.0,291.0,1.6427439963582786,1.3465897454933933,94.12229781178364,-16.96838865941654,1.6427439963582788,False,94.12229781178365,1.346589745493393,False,77.15390915236709
69,1.1498849128127369,1280.0,156.0,1871.0,292.0,1.6427439963582786,1.3446154492469458,94.12229781178364,-17.081507501846502,1.6427439963582788,False,94.12229781178365,1.3446154492469455,False,77.04079030993712
70,1.1665499115491533,1280.0,155.0,1871.0,291.0,1.645730829227436,1.3446154492469458,94.29343072929731,-17.25264041936016,1.6457308292274355,False,94.29343072929728,1.3446154492469455,False,77.04079030993712
71,1.1832149102855698,1280.0,155.0,1870.0,291.0,1.645730829227436,1.3442450647720994,94.29343072929731,-17.27386188656605,1.6457308292274355,False,94.29343072929728,1.3442450647720996,False,77.01956884273129
72,1.1998799090219863,1280.0,154.0,1870.0,292.0,1.6487163231859354,1.3410286601501042,94.46448693288113,-17.629204500196554,1.6487163231859352,False,94.46448693288112,1.341028660150104,False,76.83528243268456
73,1.2165449077584027,1280.0,154.0,1870.0,291.0,1.6487163231859354,1.342636261910669,94.46448693288113,-17.537095704178387,1.6487163231859352,False,94.46448693288112,1.3426362619106689,False,76.92739122870273
74,1.2332099064948192,1280.0,154.0,1870.0,291.0,1.6487163231859354,1.342636261910669,94.46448693288113,-17.537095704178387,1.6487163231859352,False,94.46448693288112,1.3426362619106689,False,76.92739122870273
75,1.2498749052312357,1279.0,154.0,1870.0,291.0,1.6489500688663734,1.3430090926037592,94.47787957384965,-17.52912671995991,1.6489500688663732,False,94.47787957384963,1.3430090926037597,False,76.94875285388977
76,1.2665399039676521,1279.0,153.0,1871.0,291.0,1.6519430462445983,1.3417780002646258,94.64936454580005,-17.771148087133533,1.6519430462445985,False,94.64936454580007,1.3417780002646253,False,76.87821645866649
77,1.2832049027040686,1279.0,153.0,1871.0,290.0,1.6519430462445983,1.343380727863247,94.64936454580005,-17.67931856002341,1.6519430462445985,False,94.64936454580007,1.3433807278632468,False,76.97004598577664
78,1.299869901440485,1279.0,153.0,1871.0,291.0,1.6519430462445983,1.3417780002646258,94.64936454580005,-17.771148087133533,1.6519430462445985,False,94.64936454580007,1.3417780002646253,False,76.87821645866649
79,1.3165349001769016,1279.0,153.0,1871.0,291.0,1.6519430462445983,1.3417780002646258,94.64936454580005,-17.771148087133533,1.6519430462445985,False,94.64936454580007,1.3417780002646253,False,76.87821645866649
80,1.3331998989133182,1279.0,153.0,1871.0,290.0,1.6519430462445983,1.343380727863247,94.64936454580005,-17.67931856002341,1.6519430462445985,False,94.64936454580007,1.3433807278632468,False,76.97004598577664
81,1.3498648976497347,1280.0,154.0,1871.0,290.0,1.6487163231859354,1.3446154492469458,94.46448693288113,-17.423696622943993,1.6487163231859352,False,94.46448693288112,1.3446154492469455,False,77.04079030993712
82,1.3665298963861512,1280.0,154.0,1869.0,291.0,1.6487163231859354,1.3422622301108356,94.46448693288113,-17.55852614771254,1.6487163231859352,False,94.46448693288112,1.3422622301108351,False,76.90596078516857
83,1.3831948951225677,1280.0,155.0,1869.0,291.0,1.645730829227436,1.3438734861811998,94.29343072929731,-17.295151771581985,1.6457308292274355,False,94.29343072929728,1.3438734861811996,False,76.9982789577153
84,1.3998598938589841,1280.0,155.0,1869.0,291.0,1.645730829227436,1.3438734861811998,94.29343072929731,-17.295151771581985,1.6457308292274355,False,94.29343072929728,1.3438734861811996,False,76.9982789577153
85,1.4165248925954006,1280.0,156.0,1869.0,291.0,1.6427439963582786,1.3454859420426613,94.12229781178364,-17.03163193855545,1.6427439963582788,False,94.12229781178365,1.3454859420426608,False,77.09066587322816
86,1.433189891331817,1280.0,156.0,1869.0,291.0,1.6427439963582786,1.3454859420426613,94.12229781178364,-17.03163193855545,1.6427439963582788,False,94.12229781178365,1.3454859420426608,False,77.09066587322816
87,1.4498548900682335,1281.0,157.0,1869.0,291.0,1.6395500622944121,1.3467317498290328,93.93929886988103,-16.77725346840922,1.6395500622944121,False,93.93929886988103,1.3467317498290328,False,77.1620454014718
88,1.46651988880465,1281.0,157.0,1870.0,290.0,1.6395500622944121,1.3487144248894165,93.93929886988103,-16.6636545553034,1.6395500622944121,False,93.93929886988103,1.3487144248894163,False,77.27564431457762
89,1.4831848875410665,1281.0,157.0,1869.0,291.0,1.6395500622944121,1.3467317498290328,93.93929886988103,-16.77725346840922,1.6395500622944121,False,93.93929886988103,1.3467317498290328,False,77.1620454014718
90,1.499849886277483,1281.0,158.0,1869.0,290.0,1.6365695781785332,1.3499675570655483,93.76852970913538,-16.42108620969335,1.6365695781785332,False,93.76852970913538,1.3499675570655487,False,77.34744349944206
91,1.5165148850138994,1281.0,158.0,1868.0,290.0,1.6365695781785332,1.349603499494341,93.76852970913538,-16.441945172023303,1.6365695781785332,False,93.76852970913538,1.349603499494341,False,77.32658453711208
92,1.5331798837503159,1281.0,158.0,1868.0,290.0,1.6365695781785332,1.349603499494341,93.76852970913538,-16.441945172023303,1.6365695781785332,False,93.76852970913538,1.349603499494341,False,77.32658453711208
93,1.5498448824867324,1281.0,158.0,1869.0,290.0,1.6365695781785332,1.3499675570655483,93.76852970913538,-16.42108620969335,1.6365695781785332,False,93.76852970913538,1.3499675570655487,False,77.34744349944206
94,1.5665098812231488,1281.0,158.0,1868.0,291.0,1.6365695781785332,1.3479825136859402,93.76852970913538,-16.534820817495287,1.6365695781785332,False,93.76852970913538,1.34798251368594,False,77.23370889164009
95,1.5831748799595653,1281.0,158.0,1869.0,290.0,1.6365695781785332,1.3499675570655483,93.76852970913538,-16.42108620969335,1.6365695781785332,False,93.76852970913538,1.3499675570655487,False,77.34744349944206
96,1.5998398786959818,1281.0,158.0,1869.0,290.0,1.6365695781785332,1.3499675570655483,93.76852970913538,-16.42108620969335,1.6365695781785332,False,93.76852970913538,1.3499675570655487,False,77.34744349944206
97,1.6165048774323982,1281.0,158.0,1869.0,290.0,1.6365695781785332,1.3499675570655483,93.76852970913538,-16.42108620969335,1.6365695781785332,False,93.76852970913538,1.3499675570655487,False,77.34744349944206
98,1.6331698761688147,1281.0,158.0,1869.0,290.0,1.6365695781785332,1.3499675570655483,93.76852970913538,-16.42108620969335,1.6365695781785332,False,93.76852970913538,1.3499675570655487,False,77.34744349944206
99,1.6498348749052312,1281.0,158.0,1868.0,290.0,1.6365695781785332,1.349603499494341,93.76852970913538,-16.441945172023303,1.6365695781785332,False,93.76852970913538,1.349603499494341,False,77.32658453711208
100,1.6664998736416476,1281.0,157.0,1868.0,290.0,1.6395500622944121,1.3479825136859402,93.93929886988103,-16.70558997824093,1.6395500622944121,False,93.93929886988103,1.34798251368594,False,77.23370889164009
101,1.6831648723780641,1281.0,157.0,1868.0,291.0,1.6395500622944121,1.3463627177014328,93.93929886988103,-16.798397451825448,1.6395500622944121,False,93.93929886988103,1.3463627177014326,False,77.14090141805558
102,1.6998298711144806,1280.0,156.0,1868.0,291.0,1.6427439963582786,1.3451156295981626,94.12229781178364,-17.05284927872641,1.6427439963582788,False,94.12229781178365,1.3451156295981628,False,77.06944853305724
103,1.716494869850897,1280.0,156.0,1868.0,291.0,1.6427439963582786,1.3451156295981626,94.12229781178364,-17.05284927872641,1.6427439963582788,False,94.12229781178365,1.3451156295981628,False,77.06944853305724
104,1.7331598685873135,1280.0,155.0,1868.0,290.0,1.645730829227436,1.3451156295981626,94.29343072929731,-17.22398219624009,1.6457308292274355,False,94.29343072929728,1.3451156295981628,False,77.06944853305724
105,1.74982486732373,1280.0,155.0,1868.0,290.0,1.645730829227436,1.3451156295981626,94.29343072929731,-17.22398219624009,1.6457308292274355,False,94.29343072929728,1.3451156295981628,False,77.06944853305724
106,1.7664898660601465,1280.0,155.0,1868.0,291.0,1.645730829227436,1.343500707793301,94.29343072929731,-17.316510399902292,1.6457308292274355,False,94.29343072929728,1.343500707793301,False,76.97692032939501
107,1.783154864796563,1280.0,154.0,1867.0,291.0,1.6487163231859354,1.3415105403217662,94.46448693288113,-17.601594800129284,1.6487163231859352,False,94.46448693288112,1.3415105403217664,False,76.86289213275187
108,1.7998198635329794,1280.0,154.0,1868.0,291.0,1.6487163231859354,1.3418869914958496,94.46448693288113,-17.58002573666155,1.6487163231859352,False,94.46448693288112,1.3418869914958496,False,76.88446119621958
109,1.8164848622693959,1280.0,154.0,1867.0,290.0,1.6487163231859354,1.3431267238920452,94.46448693288113,-17.508994302633923,1.6487163231859352,False,94.46448693288112,1.3431267238920448,False,76.95549263024719
110,1.8331498610058123,1280.0,154.0,1867.0,291.0,1.6487163231859354,1.3415105403217662,94.46448693288113,-17.601594800129284,1.6487163231859352,False,94.46448693288112,1.3415105403217664,False,76.86289213275187
111,1.8498148597422288,1280.0,154.0,1867.0,290.0,1.6487163231859354,1.3431267238920452,94.46448693288113,-17.508994302633923,1.6487163231859352,False,94.46448693288112,1.3431267238920448,False,76.95549263024719
112,1.8664798584786455,1280.0,154.0,1867.0,290.0,1.6487163231859354,1.3431267238920452,94.46448693288113,-17.508994302633923,1.6487163231859352,False,94.46448693288112,1.3431267238920448,False,76.95549263024719
113,1.883144857215062,1280.0,154.0,1867.0,291.0,1.6487163231859354,1.3415105403217662,94.46448693288113,-17.601594800129284,1.6487163231859352,False,94.46448693288112,1.3415105403217664,False,76.86289213275187
114,1.8998098559514784,1280.0,154.0,1867.0,291.0,1.6487163231859354,1.3415105403217662,94.46448693288113,-17.601594800129284,1.6487163231859352,False,94.46448693288112,1.3415105403217664,False,76.86289213275187
115,1.916474854687895,1280.0,154.0,1868.0,291.0,1.6487163231859354,1.3418869914958496,94.46448693288113,-17.58002573666155,1.6487163231859352,False,94.46448693288112,1.3418869914958496,False,76.88446119621958
116,1.9331398534243114,1280.0,154.0,1867.0,292.0,1.6487163231859354,1.3398955750843242,94.46448693288113,-17.69412549229505,1.6487163231859352,False,94.46448693288112,1.3398955750843244,False,76.7703614405861
117,1.9498048521607279,1280.0,155.0,1867.0,292.0,1.645730829227436,1.3415105403217662,94.29343072929731,-17.43053859654547,1.6457308292274355,False,94.29343072929728,1.3415105403217664,False,76.86289213275187
118,1.9664698508971443,1280.0,155.0,1866.0,292.0,1.645730829227436,1.341132870808832,94.29343072929731,-17.452177465687367,1.6457308292274355,False,94.29343072929728,1.3411328708088321,False,76.84125326360997
119,1.9831348496335608,1280.0,156.0,1867.0,292.0,1.6427439963582786,1.3431267238920452,94.12229781178364,-17.166805181536407,1.6427439963582788,False,94.12229781178365,1.3431267238920448,False,76.95549263024719
120,1.9997998483699773,1280.0,156.0,1867.0,293.0,1.6427439963582786,1.3415105403217662,94.12229781178364,-17.259405679031794,1.6427439963582788,False,94.12229781178365,1.3415105403217664,False,76.86289213275187
121,2.0164648471063935,1280.0,156.0,1867.0,293.0,1.6427439963582786,1.3415105403217662,94.12229781178364,-17.259405679031794,1.6427439963582788,False,94.12229781178365,1.3415105403217664,False,76.86289213275187
122,2.03312984584281,1280.0,156.0,1867.0,292.0,1.6427439963582786,1.3431267238920452,94.12229781178364,-17.166805181536407,1.6427439963582788,False,94.12229781178365,1.3431267238920448,False,76.95549263024719
123,2.0497948445792264,1280.0,154.0,1867.0,292.0,1.6487163231859354,1.3398955750843242,94.46448693288113,-17.69412549229505,1.6487163231859352,False,94.46448693288112,1.3398955750843244,False,76.7703614405861
124,2.066459843315643,1280.0,156.0,1867.0,291.0,1.6427439963582786,1.3447441187217297,94.12229781178364,-17.07413528398923,1.6427439963582788,False,94.12229781178365,1.3447441187217297,False,77.04816252779442
125,2.0831248420520594,1283.0,162.0,1867.0,291.0,1.6243165952542118,1.3533968760677733,93.0664855011259,-15.522556496252362,1.6243165952542116,False,93.06648550112588,1.353396876067773,False,77.54392900487352
126,2.099789840788476,1287.0,174.0,1867.0,291.0,1.5884415540860195,1.3717434930231052,91.0109970523304,-12.41588432757319,1.5884415540860193,False,91.0109970523304,1.3717434930231054,False,78.59511272475723
127,2.1164548395248923,1292.0,190.0,1867.0,291.0,1.5418189329433354,1.396917935915219,88.33971763101721,-8.302215576948749,1.5418189329433352,False,88.3397176310172,1.3969179359152193,False,80.03750205406847
128,2.133119838261309,1297.0,212.0,1867.0,291.0,1.4796212412883691,1.4330771785777503,84.77605240373158,-2.6667783547106936,1.4796212412883687,False,84.77605240373155,1.4330771785777507,False,82.10927404902091
129,2.1497848369977257,1302.0,240.0,1867.0,291.0,1.4033645483243735,1.480774805291032,80.40686573726967,4.4352810152126905,1.4033645483243733,False,80.40686573726965,1.4807748052910323,False,84.84214675248239
130,2.166449835734142,1304.0,273.0,1867.0,291.0,1.315956050426896,1.53883563289284,75.39872771416607,12.770059414936588,1.3159560504268963,False,75.3987277141661,1.53883563289284,False,88.16878712910265
131,2.1831148344705587,1303.0,313.0,1867.0,292.0,1.213257562276263,1.6080131768783679,69.5145377807605,22.61783065579352,1.2132575622762634,False,69.51453778076053,1.6080131768783676,False,92.132368436554
132,2.199779833206975,1297.0,359.0,1867.0,291.0,1.0980477176535093,1.6895334029167026,62.91349992551874,33.889633407984334,1.0980477176535093,False,62.91349992551874,1.6895334029167026,False,96.80313333350307
133,2.2164448319433916,1283.0,407.0,1867.0,292.0,0.9766378502545823,1.7652264917125589,55.957226932317255,45.18280092749734,0.9766378502545825,False,55.95722693231727,1.7652264917125589,False,101.14002785981461
134,2.233109830679808,1260.0,458.0,1867.0,292.0,0.8445507327696006,1.8377452399445167,48.389192572379145,56.905853496698455,0.8445507327696005,False,48.38919257237914,1.8377452399445167,False,105.2950460690776
135,2.2497748294162245,1222.0,513.0,1867.0,292.0,0.6902912257613099,1.900895481285841,39.55077387103534,69.36251450213273,0.6902912257613099,False,39.55077387103534,1.9008954812858407,False,108.91328837316803
136,2.266439828152641,,,1867.0,292.0,,,,,0.5200155144116976,True,29.794694257114706,1.9196819923778445,True,109.98967617051557
137,2.2831048268890575,,,1867.0,292.0,,,,,0.3497398030620853,True,20.038614643194073,1.9384685034698492,True,111.06606396786313
138,2.2997698256254737,1029.0,632.0,1867.0,291.0,0.1794640917124729,1.9572550145618532,10.282535029273433,101.85991673593725,0.17946409171247302,False,10.282535029273438,1.957255014561853,False,112.14245176521067
139,2.3164348243618904,953.0,642.0,1867.0,291.0,0.012986282920172483,1.9374568512793036,0.7440592028887094,110.26404136412098,0.012986282920172343,False,0.7440592028887014,1.937456851279304,False,111.00810056700973
140,2.3330998230983067,885.0,635.0,1867.0,291.0,-0.1354296363082946,1.9077432797017566,-7.759546581456976,117.06518490281336,-0.13542963630829474,False,-7.759546581456984,1.9077432797017568,False,109.3056383213564
141,2.3497648218347233,820.0,618.0,1867.0,291.0,-0.28221530164371095,1.8735180364178488,-16.16974569819608,123.51442202657609,-0.2822153016437108,False,-16.16974569819607,1.873518036417849,False,107.34467632838002
142,2.3664298205711396,762.0,589.0,1867.0,291.0,-0.42478383739867254,1.8342129172254533,-24.338321088315354,129.43097997371243,-0.42478383739867276,False,-24.338321088315368,1.8342129172254538,False,105.09265888539711
143,2.3830948193075563,716.0,554.0,1867.0,291.0,-0.5532943253222926,1.7954367221317362,-31.701429669505718,134.57237623045694,-0.5532943253222928,False,-31.701429669505732,1.7954367221317362,False,102.87094656095121
144,2.3997598180439725,679.0,518.0,1867.0,291.0,-0.6703962917905493,1.7595979681731981,-38.41087812081931,139.2284153369385,-0.6703962917905493,False,-38.41087812081931,1.759597968173198,False,100.81753721611919
145,2.4164248167803892,654.0,485.0,1868.0,291.0,-0.7653339666268579,1.729258824092598,-43.85040620572516,142.92963851198667,-0.7653339666268577,False,-43.85040620572514,1.7292588240925983,False,99.07923230626153
146,2.4330898155168055,637.0,459.0,1868.0,291.0,-0.83798122500839,1.7064327915955997,-48.01278750418334,145.7841844853384,-0.8379812250083898,False,-48.01278750418333,1.7064327915955992,False,97.77139698115501
147,2.449754814253222,629.0,443.0,1867.0,291.0,-0.8797812726119757,1.692963576224218,-50.407753815314734,147.40742160233685,-0.8797812726119756,False,-50.40775381531473,1.6929635762242174,False,96.9996677870221
148,2.4664198129896384,625.0,435.0,1867.0,291.0,-0.9009983100943879,1.6862229871618213,-51.62340051682782,148.2368609991426,-0.9009983100943879,False,-51.62340051682782,1.6862229871618215,False,96.61346048231476
149,2.483084811726055,623.0,431.0,1869.0,292.0,-0.9116791131918208,1.681893960166161,-52.23536545612099,148.6007909621862,-0.9116791131918207,False,-52.23536545612098,1.6818939601661613,False,96.36542550606524
150,2.4997498104624714,620.0,424.0,1868.0,291.0,-0.929746193485858,1.6769661165856111,-53.2705329050933,149.35361377189236,-0.9297461934858582,False,-53.270532905093305,1.6769661165856107,False,96.08308086679905
151,2.516414809198888,616.0,415.0,1868.0,290.0,-0.9534105214147183,1.670306814004657,-54.62639902043055,150.32792995484036,-0.9534105214147184,False,-54.626399020430554,1.6703068140046575,False,95.70153093440986
152,2.5330798079353043,612.0,402.0,1869.0,290.0,-0.9855542407348279,1.65966268697119,-56.46809847532595,151.55976585411705,-0.9855542407348281,False,-56.46809847532597,1.6596626869711901,False,95.09166737879107
153,2.549744806671721,607.0,387.0,1870.0,290.0,-1.0239141849169295,1.6474471233692143,-58.6659613793178,153.05772851934205,-1.0239141849169293,False,-58.665961379317785,1.647447123369214,False,94.39176714002421
154,2.5664098054081372,602.0,371.0,1870.0,290.0,-1.0651756538390198,1.6345897738551909,-61.03006940506378,154.68516468220992,-1.0651756538390198,False,-61.03006940506378,1.6345897738551907,False,93.6550952771461
155,2.583074804144554,598.0,354.0,1873.0,290.0,-1.1082955062821929,1.6209503100593305,-63.50065496328447,156.37426653010627,-1.108295506282193,False,-63.50065496328448,1.6209503100593308,False,92.87361156682184
156,2.59973980288097,595.0,339.0,1876.0,292.0,-1.146525803805267,1.6074699623454507,-65.69108966088606,157.79233419733376,-1.146525803805267,False,-65.69108966088606,1.6074699623454505,False,92.10124453644768
157,2.616404801617387,594.0,326.0,1879.0,292.0,-1.1786230021624526,1.5972492987947104,-67.53012366094704,159.0457673121141,-1.1786230021624526,False,-67.53012366094704,1.5972492987947104,False,91.51564365116708
158,2.633069800353803,593.0,319.0,1890.0,289.0,-1.1966375206797721,1.593922503825476,-68.5622795419497,159.88731188207433,-1.1966375206797721,False,-68.5622795419497,1.5939225038254765,False,91.32503234012462
159,2.64973479909022,593.0,321.0,1899.0,282.0,-1.191751936945004,1.6006496295939991,-68.28235621348973,159.9928244684044,-1.191751936945004,False,-68.28235621348973,1.600649629593999,False,91.71046825491466
160,2.6663997978266365,595.0,334.0,1899.0,281.0,-1.1583858851975093,1.6114181400353802,-66.37062226934319,158.69808072419153,-1.1583858851975093,False,-66.37062226934319,1.6114181400353802,False,92.32745845484835
161,2.6830647965630527,599.0,357.0,673.0,599.0,-1.1002759737729202,0.29675576077772203,-63.04116959683518,80.04402223559258,-1.10027597377292,False,-63.04116959683517,0.2967557607777218,False,17.002852638757354
162,2.6997297952994694,608.0,391.0,599.0,641.0,-1.0140552519458559,-0.03598446008205159,-58.101086129572906,56.03932843881437,-1.014055251945856,False,-58.10108612957291,-0.035984460082051584,False,-2.0617576907585398
163,2.7163947940358857,624.0,435.0,527.0,661.0,-0.9025069079643125,-0.40542568906403836,-51.70983680775693,28.48065591820431,-0.9025069079643124,False,-51.70983680775693,-0.4054256890640384,False,-23.229180889552616
164,2.7330597927723024,654.0,487.0,479.0,646.0,-0.7620690632492617,-0.8332657616880934,-43.66334102167089,-4.079270335810714,-0.7620690632492617,False,-43.66334102167089,-0.8332657616880934,False,-47.7426113574816
165,2.7497247915087186,698.0,539.0,472.0,600.0,-0.6064132215799576,-1.307166976763507,-34.74491823746318,-40.150232649961104,-0.6064132215799578,False,-34.744918237463196,-1.307166976763507,False,-74.89515088742431
166,2.7663897902451353,747.0,579.0,510.0,550.0,-0.464649612673481,-1.6925539245853576,-26.62246175857887,-70.35373471846594,-0.4646496126734809,False,-26.622461758578865,-1.6925539245853576,False,-96.97619647704481
167,2.7830547889815516,796.0,607.0,571.0,511.0,-0.3399049842489014,-1.9740778085137327,-19.475121032922775,-93.6312058253488,-0.33990498424890125,False,-19.475121032922765,-1.9740778085137327,False,-113.10632685827157
168,2.7997197877179683,848.0,628.0,650.0,482.0,-0.2174869133275279,-2.206167533408237,-12.461082232994883,-113.94300633008413,-0.2174869133275279,False,-12.461082232994883,-2.206167533408237,False,-126.40408856307901
169,2.8163847864543845,904.0,639.0,724.0,465.0,-0.0934092911134736,-2.33924696038594,-5.351958148110903,-128.67701992080993,-0.09340929111347362,False,-5.351958148110905,-2.33924696038594,False,-134.02897806892082
170,2.833049785190801,959.0,641.0,795.0,453.0,0.026024491932647758,-2.4242709484503444,1.4910935517129755,-140.39158729409485,0.026024491932647553,False,1.4910935517129638,-2.4242709484503444,False,-138.90049374238188
171,2.8497147839272174,1017.0,634.0,861.0,441.0,0.15298034460296991,-2.46181714093946,8.765128094207117,-149.81686020300114,0.15298034460297005,False,8.765128094207126,-2.46181714093946,False,-141.051732108794
172,2.866379782663634,1074.0,619.0,915.0,426.0,0.2816059288933276,-2.4524866783059274,16.134831211448837,-156.6519671904369,0.2816059288933275,False,16.13483121144883,-2.4524866783059274,False,-140.51713597898808
173,2.8830447814000504,1126.0,594.0,958.0,409.0,0.40809410430513926,-2.404315951425393,23.382069820856078,-161.13922645351215,0.40809410430513937,False,23.382069820856085,-2.404315951425393,False,-137.75715663265606
174,2.899709780136467,1172.0,563.0,,,0.5311533562147298,,30.432845585312833,,0.5311533562147299,False,30.43284558531284,-2.364464048139986,True,-135.47381076883872
175,2.9163747788728833,1209.0,526.0,,,0.6481093711034048,,37.13393162710313,,0.6481093711034047,False,37.133931627103124,-2.324612144854579,True,-133.19046490502134
176,2.9330397776093,1238.0,491.0,,,0.7521877869877764,,43.09718559568497,,0.7521877869877764,False,43.09718559568497,-2.2847602415691717,True,-130.90711904120397
177,2.9497047763457163,1261.0,453.0,1067.0,298.0,0.8551315890419546,-2.2449083382837647,48.995430980419556,-177.61920415780614,0.8551315890419549,False,48.99543098041957,-2.2449083382837647,False,-128.6237731773866
178,2.966369775082133,1277.0,420.0,1075.0,276.0,0.9420000403794636,-2.190108605929345,53.97262661489639,-179.45660640992824,0.9420000403794635,False,53.972626614896384,-2.190108605929345,False,-125.48397979503184
179,2.983034773818549,1288.0,390.0,1084.0,248.0,1.0188141726765183,-2.178885514170347,58.37375220247717,176.7853037933696,1.0188141726765183,False,58.37375220247717,-2.178885514170347,False,-124.8409440041532
180,2.999699772554966,1295.0,364.0,1089.0,225.0,1.0844253569524493,-2.164379229561579,62.13299615034313,173.85720873000164,1.0844253569524493,False,62.13299615034313,-2.164379229561579,False,-124.00979511965521
181,3.016364771291382,1299.0,343.0,1094.0,203.0,1.137128198992899,-2.1699716497812034,65.15264656760554,170.51713623689113,1.1371281989928992,False,65.15264656760556,-2.1699716497812034,False,-124.33021719550332
182,3.033029770027799,1301.0,328.0,1097.0,186.0,1.1748023207466731,-2.178885514170347,67.3112147409588,167.847841254888,1.1748023207466733,False,67.31121474095882,-2.178885514170347,False,-124.8409440041532
183,3.049694768764215,1302.0,319.0,1101.0,172.0,1.197596200580018,-2.202249825733995,68.61720785413783,165.20317169788322,1.1975962005800183,False,68.61720785413783,-2.202249825733995,False,-126.17962044797895
184,3.0663597675006318,1302.0,315.0,1104.0,164.0,1.207403193299666,-2.2223293913777624,69.17910714668918,163.49079803948808,1.2074031932996663,False,69.17910714668919,-2.2223293913777624,False,-127.33009481382271
185,3.083024766237048,1302.0,316.0,1108.0,161.0,1.204944494095103,-2.2449083382837647,69.03823405917555,162.33799276343782,1.2049444940951028,False,69.03823405917554,-2.2449083382837647,False,-128.6237731773866
186,3.0996897649734647,1302.0,324.0,1112.0,162.0,1.185442677903699,-2.2768161756327716,67.92086229856821,161.62718011055722,1.1854426779036995,False,67.92086229856824,-2.2768161756327716,False,-130.4519575908746
187,3.116354763709881,1300.0,337.0,1116.0,167.0,1.1523091851323621,-2.3166670665763296,66.02245300224338,161.24230154598004,1.1523091851323617,False,66.02245300224335,-2.3166670665763296,False,-132.7352454517766
188,3.1330197624462977,1297.0,356.0,1121.0,178.0,1.1048656167381943,-2.3618441475959293,63.3041367682173,161.37216170686247,1.104865616738194,False,63.30413676821728,-2.3618441475959293,False,-135.32370152492024
189,3.149684761182714,1291.0,381.0,1125.0,192.0,1.0419992046009385,-2.420892798256601,59.70215667962253,161.59090332665835,1.0419992046009385,False,59.70215667962253,-2.420892798256601,False,-138.7069399937191
190,3.1663497599191306,1281.0,410.0,1130.0,210.0,0.9677469792834138,-2.4948992172529727,55.447817549473925,161.60498699143807,0.9677469792834135,False,55.4478175494739,-2.4948992172529727,False,-142.947195459088
191,3.1830147586555473,1267.0,443.0,1133.0,231.0,0.8828585639998676,-2.577921530508746,50.58406962417289,161.71190676177025,0.8828585639998678,False,50.584069624172905,-2.577921530508746,False,-147.70402361405684
192,3.1996797573919635,1244.0,482.0,1137.0,254.0,0.7770511118492935,-2.7028067060528405,44.52174917491259,160.61883372860353,0.7770511118492935,False,44.52174917491259,-2.7028067060528405,False,-154.85941709648384
193,3.2163447561283802,1214.0,521.0,1142.0,279.0,0.664283335721281,-2.852412031205279,38.060631537701354,158.5081976418977,0.6642833357212812,False,38.06063153770137,-2.852412031205279,False,-163.43117082040095
194,3.2330097548647965,1176.0,558.0,1147.0,307.0,0.5446880036438121,-3.0265648308747877,31.208323760196837,155.38228500795205,0.5446880036438122,False,31.208323760196844,-3.0265648308747877,False,-173.40939123185112
195,3.249674753601213,1128.0,592.0,1155.0,341.0,0.41393735223158684,3.0344349806843747,23.716863265690094,150.14345433438606,0.4139373522315868,False,23.71686326569009,3.0344349806843747,False,173.86031760007614
196,3.2663397523376294,1072.0,618.0,1163.0,381.0,0.27799809085985033,2.7749844305709868,15.92811731896381,143.06677876726775,0.2779980908598505,False,15.928117318963821,2.7749844305709868,False,158.99489608623156
197,3.283004751074046,1015.0,635.0,1171.0,437.0,0.1483525443938198,2.474286518611439,8.499974673793057,133.26620014876002,0.14835254439381984,False,8.499974673793059,2.4742865186114393,False,141.7661748225531
198,3.2996697498104623,956.0,640.0,1170.0,515.0,0.019562721457596913,2.099451663915722,1.1208613753103172,119.16885825877871,0.019562721457596854,False,1.1208613753103138,2.0994516639157226,False,120.28971963408905
199,3.316334748546879,903.0,638.0,,,-0.09577593858965272,,-5.487557060091255,,-0.09577593858965283,False,-5.4875570600912615,,False,
200,3.3329997472832953,862.0,630.0,,,-0.18668933081424932,,-10.696510735778114,,-0.1866893308142492,False,-10.696510735778109,,False,
201,3.349664746019712,834.0,622.0,,,-0.2502949341479685,,-14.340843360183463,,-0.25029493414796855,False,-14.340843360183465,,False,
202,3.3663297447561282,822.0,617.0,,,-0.27860186510047463,,-15.9627110347303,,-0.27860186510047447,False,-15.96271103473029,,False,
203,3.382994743492545,822.0,618.0,,,-0.27799809085985033,,-15.92811731896381,,-0.2779980908598505,False,-15.928117318963821,,False,
204,3.399659742228961,821.0,616.0,,,-0.28132628414588484,,-16.118808747657365,,-0.281326284145885,False,-16.118808747657376,,False,
205,3.416324740965378,807.0,611.0,,,-0.31407450139413756,,-17.99514338255977,,-0.3140745013941375,False,-17.995143382559768,,False,
206,3.432989739701794,784.0,600.0,,,-0.3702017130111487,,-21.210995724052154,,-0.37020171301114857,False,-21.210995724052147,,False,
207,3.449654738438211,753.0,583.0,,,-0.44864873384895554,,-25.705678933433312,,-0.4486487338489553,False,-25.705678933433298,,False,
208,3.466319737174627,720.0,558.0,670.0,327.0,-0.5408084539654778,-2.9284307653978234,-30.98604193721695,-136.80068151634364,-0.5408084539654778,False,-30.98604193721695,-2.9284307653978234,False,-167.7867234535606
209,3.4829847359110437,689.0,529.0,737.0,293.0,-0.6365887764902661,2.9409397762699068,-36.47385017828913,-155.02271283929664,-0.636588776490266,False,-36.473850178289126,2.940939776269907,False,168.50343698241426
210,3.49964973464746,660.0,495.0,797.0,292.0,-0.7389200320464454,2.5479275964058528,-42.33699923393286,-171.67750298709961,-0.7389200320464453,False,-42.33699923393285,2.547927596405854,False,145.9854977789676
211,3.5163147333838767,638.0,459.0,836.0,307.0,-0.8363743704727618,2.2255149137772263,-47.92072152100039,175.43333332385674,-0.836374370472762,False,-47.9207215210004,2.2255149137772268,False,127.5126118028564
212,3.532979732120293,621.0,425.0,869.0,376.0,-0.9263143453392324,1.7658645052768223,-53.07390249036185,154.25048583468083,-0.9263143453392324,False,-53.07390249036185,1.7658645052768236,False,101.17658334431908
213,3.5496447308567096,609.0,395.0,858.0,433.0,-1.0042585701153077,1.4193543627390102,-57.53977760745,138.86279222587578,-1.004258570115308,False,-57.539777607450006,1.4193543627390106,False,81.32301461842582
214,3.566309729593126,602.0,373.0,824.0,494.0,-1.0607494279976797,1.0717652616699391,-60.77646534518325,122.18409146760504,-1.0607494279976795,False,-60.77646534518323,1.07176526166994,False,61.40762612242187
215,3.5829747283295426,599.0,360.0,768.0,546.0,-1.0934509444212248,0.7375473941739664,-62.65012421993013,104.90847709697012,-1.0934509444212246,False,-62.65012421993012,0.7375473941739674,False,42.25835287704005
216,3.599639727065959,598.0,357.0,696.0,588.0,-1.1014344942748933,0.40122879900484876,-63.107547932077615,86.09626473415825,-1.1014344942748933,False,-63.107547932077615,0.40122879900484953,False,22.988716802080685
217,3.6163047258023755,601.0,365.0,619.0,615.0,-1.079789525664096,0.07187596955633492,-61.86738258298578,65.98557228697459,-1.0797895256640961,False,-61.8673825829858,0.07187596955633602,False,4.118189703988846
218,3.6329697245387917,606.0,384.0,545.0,623.0,-1.031671603530593,-0.24989504436114243,-59.11042872579694,44.792497362668996,-1.0316716035305928,False,-59.11042872579693,-0.24989504436114185,False,-14.31793136312791
219,3.6496347232752084,616.0,416.0,475.0,612.0,-0.9514047187829202,-0.6236197187689965,-54.511474995092286,18.780697088493447,-0.9514047187829204,False,-54.5114749950923,-0.623619718768996,False,-35.7307779065988
220,3.6662997220116247,635.0,455.0,430.0,575.0,-0.8483472522704171,-1.0412067280128203,-48.606717116615044,-11.050033999145379,-0.848347252270417,False,-48.60671711661504,-1.0412067280128197,False,-59.65675111576039
221,3.6829647207480414,661.0,496.0,426.0,522.0,-0.7356054677568391,-1.4606061770489698,-42.14708868921364,-41.539480786430204,-0.7356054677568391,False,-42.14708868921364,-1.4606061770489687,False,-83.6865694756438
222,3.6996297194844576,692.0,532.0,461.0,469.0,-0.6269356660997472,-1.837048375945822,-35.92076769373851,-69.33435100931928,-0.6269356660997474,False,-35.920767693738526,-1.8370483759458214,False,-105.25511870305775
223,3.7162947182208743,724.0,561.0,517.0,433.0,-0.5295419184311851,-2.1246047380270725,-30.340517001367807,-91.39036762108137,-0.5295419184311854,False,-30.34051700136782,-2.124604738027072,False,-121.73088462244915
224,3.732959716957291,758.0,585.0,588.0,407.0,-0.43662715981354133,-2.3791789476337972,-25.016893478100023,-111.30001892769326,-0.43662715981354117,False,-25.016893478100013,-2.379178947633797,False,-136.31691240579326
225,3.7496247156937073,795.0,607.0,666.0,395.0,-0.3419850568526295,-2.594953468491108,-19.594300414197182,-129.08558136317757,-0.3419850568526295,False,-19.594300414197182,-2.5949534684911075,False,-148.6798817773747
226,3.766289714430124,836.0,623.0,739.0,392.0,-0.24550973052250363,-2.744038261832012,-14.066671388333626,-143.15513983705497,-0.24550973052250358,False,-14.066671388333623,-2.74403826183201,False,-157.2218112253885
227,3.78295471316654,880.0,634.0,813.0,394.0,-0.14651951782882233,-2.8693568673378844,-8.394949987883338,-156.00708842745667,-0.1465195178288221,False,-8.394949987883326,-2.869356867337883,False,-164.40203841533994
228,3.799619711902957,928.0,640.0,884.0,396.0,-0.04128088275845209,-2.963182154238753,-2.3652203566336727,-167.41261100973023,-0.0412808827584521,False,-2.365220356633673,-2.9631821542387513,False,-169.77783136636378
229,3.816284710639373,976.0,640.0,,,0.06296015518600478,,3.6073511696467766,,0.06296015518600484,False,3.6073511696467797,-3.0401946993279125,True,-174.19032516953368
230,3.83294970937579,1022.0,633.0,1016.0,387.0,0.16407456397163356,-3.1172072444170746,9.400780041023838,171.9964009862725,0.16407456397163367,False,9.400780041023843,-3.1172072444170738,False,-178.60281897270357
231,3.849614708112206,1066.0,621.0,1081.0,377.0,0.2635638835830379,3.0801945117772966,15.101098161385437,161.38104744281284,0.26356388358303784,False,15.101098161385433,3.0801945117772966,False,176.48214560419825
232,3.8662797068486228,1105.0,604.0,1144.0,366.0,0.35670135092729494,2.979170622451373,20.437481954748893,150.2564211610772,0.35670135092729494,False,20.437481954748893,2.979170622451374,False,170.69390311582615
233,3.882944705585039,1137.0,586.0,1213.0,357.0,0.4377053265116748,2.8211527144322455,25.078667879514626,136.561476019329,0.4377053265116748,False,25.078667879514626,2.8211527144322446,False,161.64014389884358
234,3.8996097043214557,1166.0,565.0,1283.0,355.0,0.5171858815290389,2.633282028578966,29.63256823536693,121.24337826985568,0.5171858815290387,False,29.632568235366914,2.633282028578966,False,150.8759465052226
235,3.916274703057872,1192.0,544.0,1347.0,363.0,0.5924273534318786,2.4334215475663292,33.94358701975181,105.48119743199217,0.5924273534318787,False,33.94358701975182,2.4334215475663292,False,139.42478445174396
236,3.9329397017942886,1214.0,520.0,1411.0,385.0,0.6657093958882708,2.1715740773545718,38.1423387666016,86.27969076583113,0.6657093958882707,False,38.14233876660159,2.171574077354572,False,124.42202953243275
237,3.949604700530705,1235.0,495.0,1461.0,423.0,0.7406519319428327,1.8792143378973931,42.436229788535,65.23482057345706,0.7406519319428329,False,42.43622978853501,1.879214337897393,False,107.671050361992
238,3.9662696992671216,1252.0,468.0,1489.0,471.0,0.8140581046944126,1.5581387749608446,46.64209367740875,42.632682023532,0.8140581046944124,False,46.64209367740874,1.5581387749608453,False,89.2747757009408
239,3.982934698003538,1267.0,441.0,1488.0,524.0,0.8866002956884601,1.2115298707444209,50.798455057999604,18.617093289685855,0.88660029568846,False,50.7984550579996,1.211529870744421,False,69.41554834768547
240,3.9995996967399545,1278.0,415.0,1454.0,572.0,0.9534105214147183,0.8423934245518903,54.62639902043055,-6.360811104035091,0.9534105214147184,False,54.626399020430554,0.84239342455189,False,48.26558791639544
241,4.016264695476371,1285.0,398.0,1402.0,603.0,0.9979649729605029,0.5186206282202724,57.179181052524136,-27.46440788707916,0.9979649729605029,False,57.179181052524136,0.5186206282202726,False,29.714773165444974
242,4.032929694212787,1288.0,388.0,1342.0,620.0,1.0230776860806152,0.22868682567222423,58.61803352642938,-45.515243585166935,1.0230776860806152,False,58.61803352642938,0.22868682567222365,False,13.10278994126242
243,4.049594692949204,1288.0,387.0,1278.0,629.0,1.0252178009277386,-0.04129881836960612,58.74065307484284,-61.10690106629864,1.0252178009277388,False,58.740653074842854,-0.04129881836960614,False,-2.3662479914557872
244,4.06625969168562,1285.0,395.0,1214.0,630.0,1.0042585701153077,-0.2934076308637667,57.53977760745,-74.35079653287622,1.004258570115308,False,57.539777607450006,-0.29340763086376676,False,-16.81101892542623
245,4.082924690422037,1280.0,411.0,1158.0,625.0,0.9643153338755422,-0.5181390652415373,55.25119875081743,-84.93838039001113,0.9643153338755424,False,55.25119875081744,-0.5181390652415381,False,-29.687181639193742
246,4.099589689158453,1269.0,436.0,1103.0,618.0,0.8990925810030647,-0.7394535075893286,51.5142102829997,-93.88177541401322,0.8990925810030648,False,51.514210282999706,-0.739453507589328,False,-42.367565131013485
247,4.11625468789487,1254.0,465.0,1054.0,611.0,0.8225432324132995,-0.9402185695799619,47.12825568433044,-100.99881154108958,0.8225432324132997,False,47.12825568433045,-0.9402185695799616,False,-53.87055585675913
248,4.132919686631286,1233.0,497.0,1012.0,607.0,0.7340337641358586,-1.1089603100151852,42.057036705086034,-105.5957821164755,0.7340337641358587,False,42.057036705086034,-1.1089603100151848,False,-63.53874541138945
249,4.149584685367703,1203.0,532.0,969.0,608.0,0.628796286415433,-1.2567577017707725,36.02737338510361,-108.03428556712987,0.6287962864154331,False,36.027373385103616,-1.2567577017707734,False,-72.0069121820263
250,4.166249684104119,1168.0,564.0,928.0,617.0,0.5222256117907165,-1.353451298947098,29.921323509245415,-107.4683707154132,0.5222256117907165,False,29.921323509245415,-1.353451298947098,False,-77.54704720616779
251,4.1829146828405355,1126.0,592.0,886.0,632.0,0.40986105260175276,-1.4056476493802699,23.483308500869864,-104.02098629284426,0.40986105260175254,False,23.48330850086985,-1.4056476493802705,False,-80.53767779197443
252,4.199579681576952,1078.0,615.0,838.0,657.0,0.29251097920226604,-1.3975506603425316,16.759644569528845,-96.83339906287713,0.292510979202266,False,16.75964456952884,-1.3975506603425316,False,-80.07375449334829
253,4.216244680313369,1025.0,632.0,790.0,690.0,0.17088338157347244,-1.328823666637913,9.790896553083591,-85.92688436853506,0.17088338157347227,False,9.790896553083583,-1.3288236666379127,False,-76.13598781545146
254,4.232909679049785,971.0,640.0,746.0,729.0,0.05212664904564618,-1.1941272293899632,2.9866369904751666,-71.40508743617038,0.05212664904564601,False,2.986636990475157,-1.194127229389963,False,-68.4184504456952
255,4.249574677786201,912.0,639.0,712.0,773.0,-0.07610544684995091,-0.9804895798595247,-4.360520902459393,-51.81739388004666,-0.07610544684995091,False,-4.360520902459393,-0.9804895798595243,False,-56.17791478250603
256,4.266239676522618,850.0,628.0,698.0,812.0,-0.21322650079318314,-0.690446457054692,-12.216978575792295,-27.342689393202207,-0.21322650079318306,False,-12.21697857579229,-0.6904464570546924,False,-39.55966796899452
257,4.282904675259035,790.0,604.0,709.0,824.0,-0.35462883529577416,-0.3527797284662179,-20.318735556087862,0.10594601720239256,-0.35462883529577427,False,-20.31873555608787,-0.3527797284662171,False,-20.212789538885424
258,4.299569673995451,737.0,571.0,730.0,805.0,-0.4928731562936871,-0.029905611406763104,-28.23955169092006,26.526086373554236,-0.4928731562936872,False,-28.239551690920067,-0.029905611406762844,False,-1.7134653173658037
259,4.316234672731867,697.0,536.0,748.0,765.0,-0.6122325545864142,0.21913126669167343,-35.07834145831433,47.6336381991029,-0.6122325545864142,False,-35.07834145831433,0.21913126669167404,False,12.555296740788597
260,4.332899671468284,666.0,502.0,762.0,721.0,-0.7175092872044031,0.4131288322784014,-41.11025391825234,64.78079240297278,-0.7175092872044031,False,-41.11025391825234,0.41312883227840125,False,23.670538484720446
261,4.349564670204701,642.0,468.0,770.0,674.0,-0.8140581046944126,0.5559769437324051,-46.64209367740875,78.49722605985801,-0.8140581046944124,False,-46.64209367740874,0.5559769437324054,False,31.855132382449273
262,4.366229668941117,626.0,438.0,776.0,631.0,-0.8937800756422826,0.6606843601111514,-51.20982614718626,89.0642515718567,-0.8937800756422827,False,-51.20982614718627,0.6606843601111514,False,37.85442542467041
263,4.382894667677533,614.0,410.0,781.0,594.0,-0.9663455836787199,0.7370029325242416,-55.36752349589678,97.5946810183008,-0.96634558367872,False,-55.36752349589678,0.7370029325242413,False,42.22715752240402
264,4.39955966641395,606.0,386.0,785.0,560.0,-1.027363490832159,0.7995615222104057,-58.86359205050995,104.67509273422182,-1.0273634908321592,False,-58.863592050509965,0.7995615222104053,False,45.811500683711856
265,4.4162246651503665,601.0,367.0,788.0,533.0,-1.0753051054913183,0.8448182171679252,-61.6104442335223,110.01496253301104,-1.075305105491318,False,-61.61044423352229,0.8448182171679246,False,48.40451829948871
266,4.432889663886783,597.0,352.0,792.0,511.0,-1.1140293431538273,0.886744666663116,-63.829179616445614,114.6359065219772,-1.1140293431538275,False,-63.82917961644563,0.886744666663116,False,50.806726905531576
267,4.449554662623199,595.0,341.0,797.0,494.0,-1.1418169030035903,0.9225596575052692,-65.42128951880422,118.28006424289089,-1.1418169030035903,False,-65.42128951880422,0.9225596575052695,False,52.858774724086665
268,4.466219661359616,595.0,337.0,802.0,483.0,-1.1512548220027023,0.9565128094969049,-65.96204244483967,120.76618947921325,-1.1512548220027023,False,-65.96204244483967,0.9565128094969051,False,54.80414703437359
269,4.482884660096032,595.0,338.0,807.0,476.0,-1.1488878033583125,0.993758196125147,-65.82642226648736,122.7645727609922,-1.1488878033583125,False,-65.82642226648736,0.9937581961251478,False,56.93815049450489
270,4.499549658832449,596.0,344.0,812.0,476.0,-1.1337013672337857,1.0222469243443686,-64.95630357070695,123.52673795586843,-1.133701367233786,False,-64.95630357070696,1.022246924344369,False,58.57043438516151
271,4.516214657568865,598.0,355.0,819.0,479.0,-1.1060032429228086,1.0594816726051075,-63.36931794725927,124.07314625899316,-1.1060032429228084,False,-63.369317947259255,1.0594816726051075,False,60.703828311733915
272,4.532879656305282,602.0,372.0,826.0,489.0,-1.0629598151564723,1.0894514505363202,-60.903111200471976,123.32408130060873,-1.0629598151564723,False,-60.903111200471976,1.0894514505363198,False,62.42097010013669
273,4.549544655041698,608.0,393.0,835.0,506.0,-1.009814172434594,1.1089123843957833,-57.85809017299819,121.39408964866537,-1.0098141724345941,False,-57.858090172998196,1.1089123843957829,False,63.53599947566717
274,4.566209653778115,617.0,418.0,846.0,527.0,-0.9459754440847565,1.1265466371498447,-54.200400469070345,118.74676820241221,-0.9459754440847563,False,-54.20040046907033,1.1265466371498452,False,64.54636773334188
275,4.582874652514531,631.0,447.0,859.0,555.0,-0.8692491183746743,1.1284221038181517,-49.80430582833654,114.45812988638987,-0.8692491183746744,False,-49.804305828336545,1.128422103818151,False,64.65382405805327
276,4.599539651250947,649.0,479.0,875.0,592.0,-0.7837231230879902,1.1071487177940904,-44.90402725975376,108.3389760826758,-0.7837231230879902,False,-44.90402725975376,1.1071487177940895,False,63.43494882292195
277,4.616204649987364,672.0,510.0,891.0,636.0,-0.6947382761967031,1.0487047129666092,-39.80557109226519,99.8919251007303,-0.6947382761967029,False,-39.80557109226518,1.0487047129666092,False,60.08635400846512
278,4.632869648723781,701.0,542.0,908.0,686.0,-0.5968743606411846,0.9629943306809362,-34.198381764309296,89.37389260735252,-0.5968743606411846,False,-34.198381764309296,0.962994330680937,False,55.175510843043256
279,4.649534647460197,739.0,573.0,922.0,743.0,-0.4867823137713481,0.8222087235326184,-27.89057212071122,74.999661857969,-0.4867823137713483,False,-27.890572120711226,0.8222087235326185,False,47.109089737257776
280,4.666199646196613,783.0,600.0,928.0,802.0,-0.3722693311190469,0.6225870226322842,-21.329461515279547,57.001070291725284,-0.37226933111904703,False,-21.329461515279554,0.6225870226322847,False,35.67160877644578
281,4.68286464493303,836.0,622.0,924.0,850.0,-0.24604305868019466,0.368348921408963,-14.097228840864808,35.202067425794446,-0.24604305868019472,False,-14.097228840864812,0.3683489214089626,False,21.10483858492961
282,4.699529643669447,901.0,638.0,907.0,874.0,-0.1001009914179646,0.0254182532590757,-5.735364333324645,7.191722967664322,-0.10010099141796447,False,-5.735364333324638,0.025418253259076096,False,1.4563586343397101
283,4.7161946424058625,967.0,640.0,891.0,858.0,0.04345089539153084,-0.335448327769508,2.489552921999156,-21.709326347913045,0.043450895391530686,False,2.489552921999147,-0.33544832776950884,False,-19.21977342591395
284,4.732859641142279,1026.0,632.0,891.0,818.0,0.1730309935634821,-0.6278365938117894,9.913945656142836,-45.88633270542773,0.17303099356348195,False,9.913945656142829,-0.6278365938117894,False,-35.97238704928491
285,4.749524639878696,1079.0,615.0,902.0,769.0,0.29461734021211067,-0.8547730559698352,16.880330165523855,-65.8552187140951,0.2946173402121106,False,16.88033016552385,-0.8547730559698348,False,-48.97488854857123
286,4.766189638615113,1123.0,594.0,923.0,720.0,0.4019729387657953,-1.0086095828948674,23.03135286975075,-80.820425146077,0.40197293876579554,False,23.031352869750762,-1.0086095828948665,False,-57.789072276326195
287,4.782854637351529,1160.0,570.0,946.0,677.0,0.4998855147314415,-1.1071487177940904,28.64133023383634,-92.07627905675834,0.4998855147314414,False,28.64133023383633,-1.1071487177940895,False,-63.43494882292195
288,4.799519636087945,1192.0,543.0,972.0,640.0,0.5937023518302765,-1.1555280696863057,34.016639046865954,-100.22352054879016,0.5937023518302764,False,34.01663904686595,-1.155528069686305,False,-66.20688150192416
289,4.816184634824362,1218.0,515.0,996.0,611.0,0.6801776411040293,-1.1626472230398073,38.971308154424904,-105.58608709721115,0.6801776411040295,False,38.97130815442491,-1.1626472230398068,False,-66.61477894278622
290,4.8328496335607785,1239.0,488.0,1017.0,589.0,0.7587378150228503,-1.1438295055507424,43.47247455778707,-109.00907770838037,0.7587378150228501,False,43.47247455778706,-1.1438295055507428,False,-65.53660315059334
291,4.849514632297195,1256.0,461.0,1040.0,573.0,0.832820210144982,-1.092443895416239,47.71708313450577,-110.30950769668736,0.8328202101449822,False,47.717083134505785,-1.0924438954162383,False,-62.592424562181556
292,4.866179631033611,1268.0,438.0,1060.0,564.0,0.8937800756422826,-1.0261455400698787,51.20982614718626,-110.00363475936282,0.8937800756422822,False,51.20982614718624,-1.0261455400698782,False,-58.79380861217653
293,4.882844629770028,1277.0,417.0,1079.0,561.0,0.9479717392079131,-0.9420000403794636,54.314779754289766,-108.28740636918616,0.9479717392079134,False,54.31477975428979,-0.9420000403794635,False,-53.972626614896384
294,4.899509628506444,1283.0,401.0,1100.0,563.0,0.9890005400928306,-0.8461927192722373,56.66555688347815,-105.14882835247583,0.9890005400928308,False,56.66555688347817,-0.8461927192722367,False,-48.48327146899764
295,4.916174627242861,1287.0,390.0,1120.0,569.0,1.017502001472604,-0.7507299781879485,58.29857033049428,-101.31222963461208,1.0175020014726037,False,58.298570330494265,-0.7507299781879482,False,-43.01365930411778
296,4.932839625979277,1288.0,383.0,1140.0,579.0,1.0338340296908197,-0.6467584262632903,59.23432661828661,-96.29085480769619,1.0338340296908193,False,59.23432661828659,-0.6467584262632897,False,-37.05652818940956
297,4.9495046247156935,1289.0,383.0,1163.0,594.0,1.03512021483861,-0.5383259932104119,59.30801959892741,-90.15182701207222,1.03512021483861,False,59.30801959892741,-0.5383259932104121,False,-30.843807413144823
298,4.96616962345211,1287.0,388.0,1184.0,611.0,1.0217711869873,-0.4326921088014311,58.543176642444756,-83.33460830538218,1.0217711869872996,False,58.54317664244473,-0.4326921088014313,False,-24.791431662937434
299,4.982834622188527,1284.0,399.0,1206.0,631.0,0.9945254141203056,-0.32433452797379775,56.98210884759392,-75.56510845086027,0.9945254141203055,False,56.98210884759391,-0.32433452797379836,False,-18.58299960326638
300,4.999499620924943,1278.0,416.0,1231.0,656.0,0.9514047187829202,-0.19338595824191804,54.511474995092286,-65.59167421944737,0.9514047187829204,False,54.5114749950923,-0.19338595824191884,False,-11.080199224355127
301,5.016164619661359,1268.0,437.0,1256.0,682.0,0.8956755896788569,-0.048940480764067804,51.31843110148978,-54.12251409661206,0.8956755896788566,False,51.318431101489765,-0.04894048076406854,False,-2.8040829951223176
302,5.032829618397776,1254.0,464.0,1281.0,706.0,0.8242956237492112,0.11111073588203237,47.22866031193347,-40.862484087300224,0.8242956237492112,False,47.22866031193347,0.11111073588203269,False,6.36617622463327
303,5.049494617134193,1232.0,497.0,1307.0,724.0,0.73229199808531,0.31910505792279287,41.957240861490426,-23.673867821236726,0.73229199808531,False,41.957240861490426,0.3191050579227923,False,18.28337304025367
304,5.066159615870609,1203.0,531.0,1327.0,733.0,0.6301501525708101,0.5505493997838679,36.10494420183232,-4.560787180756015,0.6301501525708102,False,36.104944201832325,0.5505493997838684,False,31.544157021076337
305,5.082824614607025,1165.0,566.0,1335.0,728.0,0.514109783017662,0.8094898868223697,29.456320773298554,16.9240333001459,0.5141097830176617,False,29.456320773298543,0.8094898868223694,False,46.380354073444444
306,5.099489613343442,1120.0,596.0,1324.0,709.0,0.3941081763195126,1.0649473011359218,22.580735174705765,38.436250584230095,0.39410817631951245,False,22.580735174705758,1.0649473011359216,False,61.016985758935846
307,5.116154612079859,1072.0,617.0,1295.0,691.0,0.27860186510047463,1.2503916666057773,15.9627110347303,55.67945420010984,0.27860186510047447,False,15.96271103473029,1.2503916666057773,False,71.64216523484015
308,5.1328196108162745,1023.0,632.0,1257.0,677.0,0.16658339665976332,1.380808038876181,9.544525565558134,69.56994737978313,0.1665833966597634,False,9.54452556555814,1.3808080388761805,False,79.11447294534125
309,5.149484609552691,971.0,639.0,1210.0,669.0,0.052240008451157324,1.4459263992349454,2.993132005979067,79.85234815673141,0.052240008451157394,False,2.993132005979071,1.4459263992349456,False,82.84548016271049
310,5.166149608289108,922.0,638.0,1162.0,670.0,-0.054531036687969575,1.4382447944982226,-3.1243982546937077,85.52975488610225,-0.054531036687969436,False,-3.1243982546936997,1.4382447944982228,False,82.40535663140857
311,5.1828146070255245,874.0,632.0,1113.0,676.0,-0.160121789775487,1.388734512594361,-9.174302762216422,88.74292919803078,-0.16012178977548697,False,-9.17430276221642,1.388734512594361,False,79.56862643581437
312,5.19947960576194,827.0,619.0,1058.0,692.0,-0.26683019516475215,1.2647102873797496,-15.288244029592365,87.75080580322948,-0.26683019516475204,False,-15.288244029592358,1.2647102873797493,False,72.4625617736371
313,5.216144604498357,786.0,601.0,999.0,714.0,-0.36526239938278277,1.0830346544902552,-20.927993899455338,82.98130866815629,-0.3652623993827828,False,-20.92799389945534,1.0830346544902554,False,62.053314768700965
314,5.232809603234774,751.0,581.0,936.0,737.0,-0.4546298173805854,0.8702380104927925,-26.048369776710903,75.90933494980938,-0.45462981738058517,False,-26.04836977671089,0.8702380104927929,False,49.860965173098485
315,5.24947460197119,723.0,560.0,858.0,760.0,-0.5326436072295171,0.5937496667107711,-30.518230678875234,64.53758066870171,-0.5326436072295171,False,-30.518230678875234,0.5937496667107709,False,34.019349989826445
316,5.266139600707606,704.0,543.0,765.0,773.0,-0.5899073631487676,0.25924884628266204,-33.799202212115574,48.65306694774793,-0.5899073631487677,False,-33.799202212115574,0.2592488462826612,False,14.853864735632328
317,5.282804599444023,691.0,530.0,,,-0.6315090637553995,,-36.18280407744242,,-0.6315090637553995,False,-36.18280407744242,-0.07970050759288938,True,-4.566502710122934
318,5.29946959818044,685.0,524.0,588.0,742.0,-0.650901528734289,-0.41864986146843797,-37.29391047508804,13.307040319209971,-0.650901528734289,False,-37.29391047508804,-0.4186498614684382,False,-23.986870155878094
319,5.316134596916856,686.0,524.0,,,-0.6490591803222835,,-37.1883516866875,,-0.6490591803222836,False,-37.188351686687504,-0.804469905575484,True,-46.09273033476309
320,5.332799595653273,689.0,528.0,469.0,616.0,-0.6379609992695103,-1.1902899496825317,-36.55247275209154,-31.64611776155665,-0.6379609992695103,False,-36.55247275209154,-1.1902899496825317,False,-68.19859051364818
321,5.349464594389689,692.0,531.0,454.0,532.0,-0.6282878980504878,-1.5665946708480247,-35.998244877438694,-53.76101796983951,-0.6282878980504876,False,-35.99824487743868,-1.5665946708480245,False,-89.7592628472782
322,5.3661295931261055,693.0,532.0,467.0,458.0,-0.6250700163991855,-1.887227782420023,-35.81387383984648,-72.31631307265447,-0.6250700163991856,False,-35.81387383984649,-1.8872277824200232,False,-108.13018691250095
323,5.382794591862522,693.0,532.0,499.0,390.0,-0.6250700163991855,-2.202650707652789,-35.81387383984648,-90.38871545016247,-0.6250700163991856,False,-35.81387383984649,-2.20265070765279,False,-126.202589290009
324,5.399459590598939,691.0,530.0,544.0,340.0,-0.6315090637553995,-2.483105156429477,-36.18280407744242,-106.0886414731387,-0.6315090637553995,False,-36.18280407744242,-2.4831051564294775,False,-142.27144555058112
325,5.416124589335355,689.0,529.0,597.0,305.0,-0.6365887764902661,-2.7518840822469275,-36.47385017828913,-121.19749344369173,-0.636588776490266,False,-36.473850178289126,-2.751884082246928,False,-157.6713436219809
326,5.432789588071771,688.0,527.0,658.0,286.0,-0.6411916440770635,-3.0177483842284523,-36.73757506467019,-136.16667098404366,-0.6411916440770637,False,-36.7375750646702,-3.0177483842284527,False,-172.90424604871387
327,5.449454586808188,688.0,527.0,718.0,284.0,-0.6411916440770635,3.018757414711898,-36.73757506467019,-150.3003656985145,-0.6411916440770637,False,-36.7375750646702,3.0187574147118976,False,172.9620592368153
328,5.466119585544605,689.0,528.0,777.0,298.0,-0.6379609992695103,2.7761680891243765,-36.55247275209154,-164.3848125221831,-0.6379609992695103,False,-36.55247275209154,2.7761680891243756,False,159.0627147257253
329,5.482784584281021,692.0,532.0,833.0,328.0,-0.6269356660997472,2.5368131007766124,-35.92076769373851,-178.730548218266,-0.6269356660997474,False,-35.920767693738526,2.5368131007766124,False,145.34868408799548
330,5.499449583017437,698.0,538.0,,,-0.6077201496580947,,-34.819799700467584,,-0.6077201496580948,False,-34.81979970046759,2.3198709123691046,True,132.91881229391333
331,5.516114581753854,707.0,546.0,921.0,420.0,-0.5803981873938742,2.102928723961592,-33.25436657471205,153.74330707454297,-0.5803981873938744,False,-33.254366574712066,2.1029287239615932,False,120.488940499831
332,5.532779580490271,719.0,557.0,956.0,481.0,-0.5439227946188737,1.88111154739738,-31.16448051262255,138.94423297181595,-0.5439227946188736,False,-31.164480512622543,1.8811115473973814,False,107.77975245919347
333,5.549444579226686,736.0,570.0,984.0,551.0,-0.4959270085888467,1.64725986161438,-28.414524538689044,122.79556237049707,-0.49592700858884653,False,-28.414524538689033,1.6472598616143799,False,94.38103783180802
334,5.566109577963103,757.0,584.0,1003.0,623.0,-0.43960414695950123,1.4135682758183277,-25.18746227722822,106.1789585352031,-0.4396041469595011,False,-25.187462277228214,1.413568275818328,False,80.99149625797486
335,5.58277457669952,784.0,600.0,1010.0,700.0,-0.3702017130111487,1.1542153811101012,-21.210995724052154,87.34266571074481,-0.37020171301114857,False,-21.210995724052147,1.1542153811101024,False,66.13166998669271
336,5.5994395754359365,819.0,616.0,1002.0,780.0,-0.28555467076960855,0.8400985842156415,-16.361077455346305,64.49518070581834,-0.2855546707696086,False,-16.361077455346308,0.8400985842156423,False,48.134103250472066
337,5.616104574172352,863.0,630.0,973.0,847.0,-0.18454279719061453,0.46916225897980235,-10.573523418560919,37.454540764927295,-0.1845427971906144,False,-10.57352341856091,0.4691622589798037,False,26.88101734636646
338,5.632769572908769,915.0,638.0,927.0,875.0,-0.06975563487021505,0.05058970876938464,-3.9967034753189186,6.895280274600635,-0.06975563487021486,False,-3.996703475318907,0.05058970876938318,False,2.898576799281626
339,5.649434571645186,973.0,639.0,883.0,853.0,0.0565844121547924,-0.3981045601913719,3.2420480026983607,-26.051759106575822,0.056584412154792485,False,3.2420480026983656,-0.39810456019137064,False,-22.809711103877383
340,5.666099570381602,1022.0,632.0,857.0,797.0,0.16443106002794455,-0.7853981633974483,9.421205760463515,-54.42120576046353,0.1644310600279444,False,9.421205760463506,-0.7853981633974492,False,-45.00000000000005
341,5.682764569118018,1059.0,621.0,850.0,732.0,0.24870998909352288,-1.0825789938137642,14.250032697803595,-76.27724003285155,0.24870998909352293,False,14.250032697803599,-1.0825789938137653,False,-62.02720733504801
342,5.699429567854435,1092.0,609.0,857.0,664.0,0.32594047401193976,-1.3408918986629919,18.67501353337764,-95.50246011005075,0.3259404740119396,False,18.67501353337763,-1.340891898662992,False,-76.82744657667313
343,5.716094566590852,1117.0,596.0,873.0,600.0,0.38794425647867853,-1.5544043524868913,22.227568582569024,-111.28837763683345,0.38794425647867836,False,22.227568582569013,-1.5544043524868911,False,-89.06080905426441
344,5.732759565327268,1137.0,584.0,896.0,542.0,0.43960414695950123,-1.7433373426693046,25.18746227722822,-125.07333427973155,0.4396041469595011,False,25.187462277228214,-1.743337342669303,False,-99.88587200250323
345,5.749424564063684,1154.0,573.0,922.0,489.0,0.4847924933550529,-1.9181822897132164,27.776563808868538,-137.68031334617638,0.4847924933550529,False,27.776563808868538,-1.918182289713215,False,-109.90374953730776
346,5.766089562800101,1166.0,564.0,950.0,444.0,0.518304363603578,-2.0778948311872334,29.696652537699055,-148.7512566367762,0.518304363603578,False,29.696652537699055,-2.0778948311872334,False,-119.05460409907714
347,5.7827545615365175,1176.0,556.0,980.0,404.0,0.547041920013252,-2.230425069431817,31.343193233492503,-159.1371362321092,0.5470419200132519,False,31.3431932334925,-2.230425069431817,False,-127.79394299861673
348,5.799419560272934,1182.0,550.0,,,0.5658543271080596,,32.421064762506944,,0.5658543271080596,False,32.421064762506944,-2.4082030107474814,True,-137.9798687265287
349,5.81608455900935,1185.0,547.0,1054.0,336.0,0.5753209752466615,-2.5859809520631476,32.96346374698421,178.87074179857495,0.5753209752466617,False,32.963463746984225,-2.585980952063146,False,-148.16579445444071
350,5.832749557745767,1185.0,547.0,1084.0,321.0,0.5753209752466615,-2.721317465524115,32.96346374698421,171.11653076324612,0.5753209752466617,False,32.963463746984225,-2.721317465524116,False,-155.92000548976975
351,5.849414556482183,1183.0,549.0,1121.0,309.0,0.5690055224694961,-2.888786361688037,32.60161495713846,161.88311860318447,0.5690055224694959,False,32.601614957138445,-2.8887863616880374,False,-165.51526643967708
352,5.8660795552186,1179.0,553.0,1161.0,306.0,0.5564275040863947,-3.0688467548138494,31.880947589148786,152.28708538759867,0.5564275040863946,False,31.88094758914878,-3.0688467548138476,False,-175.83196702325242
353,5.882744553955017,1172.0,559.0,1203.0,314.0,0.5357502735028181,3.0157308796710502,30.69622954469102,142.09242200773528,0.5357502735028179,False,30.696229544691004,3.0157308796710502,False,172.7886515524263
354,5.8994095526914325,1163.0,567.0,1242.0,332.0,0.5090708884223831,2.817291084318729,29.167613379577798,132.2512754117207,0.5090708884223831,False,29.167613379577798,2.817291084318729,False,161.4188887912985
355,5.916074551427849,1152.0,574.0,1280.0,362.0,0.47975900433319046,2.5984030773019655,27.488166131690388,121.38936367151767,0.4797590043331903,False,27.488166131690377,2.598403077301967,False,148.8775298032081
356,5.932739550164266,1140.0,582.0,1315.0,409.0,0.4476008420500876,2.3504474270291413,25.645639155971807,109.02507838018154,0.44760084205008743,False,25.645639155971796,2.350447427029142,False,134.67071753615335
357,5.949404548900683,1128.0,590.0,1340.0,469.0,0.4157322640539553,2.0894343110038514,23.819704137709945,95.8960634526358,0.41573226405395536,False,23.819704137709945,2.0894343110038527,False,119.71576759034582
358,5.966069547637098,1117.0,596.0,1353.0,540.0,0.38794425647867853,1.8037755658719994,22.227568582569024,81.12115853071833,0.38794425647867836,False,22.227568582569013,1.803775565871998,False,103.3487271132873
359,5.982734546373515,1107.0,601.0,1345.0,624.0,0.36318852094656756,1.474456833872816,20.809169417837015,63.6709842372973,0.36318852094656773,False,20.809169417837026,1.4744568338728143,False,84.48015365513422
360,5.999399545109932,1100.0,605.0,1310.0,715.0,0.34555558058171215,1.0882830317724197,19.798876354524932,42.555148281736386,0.3455555805817121,False,19.79887635452493,1.08828303177242,False,62.354024636261336
361,6.0160645438463485,1096.0,607.0,1239.0,798.0,0.33573565656152426,0.6426628860222918,19.236236153029026,17.58563486574537,0.3357356565615244,False,19.23623615302903,0.6426628860222934,False,36.82187101877447
362,6.032729542582764,1092.0,609.0,,,0.32594047401193976,,18.67501353337764,,0.3259404740119396,False,18.67501353337763,0.2729597118416791,True,15.639439465635332
363,6.049394541319181,1084.0,612.0,1061.0,849.0,0.30709703248558,-0.09674346233893974,17.59536386241567,-23.13835594991975,0.3070970324855802,False,17.59536386241568,-0.09674346233893871,False,-5.542992087504016
364,6.066059540055598,1071.0,617.0,967.0,833.0,0.2764853277633808,-0.4487233440107211,15.841442378132966,-41.551396158944236,0.276485327763381,False,15.841442378132975,-0.44872334401071967,False,-25.709953780811183
365,6.082724538792014,1050.0,625.0,892.0,803.0,0.22745523128748418,-0.7259445040887914,13.032224780944837,-54.62578102595012,0.22745523128748424,False,13.03222478094484,-0.7259445040887904,False,-41.593556245005225
366,6.09938953752843,1021.0,632.0,822.0,767.0,0.16227718494798268,-0.9747200809127987,9.297797808783297,-65.14514465173677,0.1622771849479827,False,9.297797808783299,-0.9747200809127996,False,-55.84734684295353
367,6.116054536264847,988.0,637.0,764.0,729.0,0.08947598877991465,-1.181087755452031,5.126596524849018,-72.79794014682987,0.08947598877991458,False,5.126596524849014,-1.1810877554520296,False,-67.67134362198078
368,6.1327195350012635,951.0,640.0,717.0,696.0,0.008695433011778563,-1.33589796738708,0.49821161261364194,-77.03952700399863,0.008695433011778775,False,0.49821161261365404,-1.3358979673870799,False,-76.54131539138497
369,6.14938453373768,910.0,638.0,672.0,667.0,-0.08061096438025336,-1.449545305724951,-4.61866804146793,-78.43416018957238,-0.0806109643802535,False,-4.618668041467937,-1.4495453057249499,False,-83.05282823104024
370,6.166049532474096,871.0,632.0,632.0,645.0,-0.16658339665976332,-1.516456569582128,-9.544525565558134,-77.34203568638465,-0.1665833966597634,False,-9.54452556555814,-1.5164565695821288,False,-86.88656125194284
371,6.182714531210513,833.0,621.0,594.0,629.0,-0.2529657137305685,-1.5373360163452465,-14.493867758276153,-73.5889976717614,-0.25296571373056853,False,-14.493867758276156,-1.5373360163452467,False,-88.08286543003759
372,6.199379529946929,796.0,606.0,558.0,620.0,-0.3406426381797767,-1.512040504079174,-19.517385489903162,-67.11615384666705,-0.34064263817977647,False,-19.517385489903152,-1.5120405040791738,False,-86.6335393365702
373,6.216044528683346,763.0,588.0,526.0,617.0,-0.4236689218775161,-1.4490387290044358,-24.27444113443946,-58.74936238851573,-0.42366892187751626,False,-24.27444113443947,-1.4490387290044353,False,-83.02380352295518
374,6.232709527419762,732.0,567.0,500.0,618.0,-0.507098504392337,-1.354410481976851,-29.054604099077146,-48.54740024647607,-0.5070985043923368,False,-29.05460409907714,-1.3544104819768492,False,-77.60200434555311
375,6.249374526156179,705.0,544.0,481.0,625.0,-0.586733568695812,-1.223818721575242,-33.61735718491918,-36.50229045043816,-0.586733568695812,False,-33.61735718491918,-1.2238187215752419,False,-70.11964763535734
376,6.266039524892595,683.0,522.0,472.0,633.0,-0.6573891047242515,-1.086513748409813,-37.665621198583295,-24.58703096823795,-0.6573891047242517,False,-37.66562119858331,-1.0865137484098142,False,-62.25265216682131
377,6.282704523629012,663.0,499.0,473.0,641.0,-0.7274200966983425,-0.9289815570439169,-41.67810147381326,-11.548620990294918,-0.7274200966983426,False,-41.678101473813264,-0.9289815570439153,False,-53.22672246410808
378,6.299369522365428,648.0,477.0,482.0,646.0,-0.7887538554995983,-0.7764431788964815,-45.19226699479858,0.7053498123090477,-0.7887538554995981,False,-45.192266994798565,-0.7764431788964821,False,-44.48691718248957
379,6.3160345211018445,638.0,461.0,495.0,651.0,-0.832820210144982,-0.6451831929932239,-47.71708313450577,10.750809163219564,-0.8328202101449822,False,-47.717083134505785,-0.6451831929932226,False,-36.96627397128612
380,6.332699519838261,631.0,448.0,510.0,654.0,-0.8674056089236339,-0.5310873950188547,-49.698680517299444,19.26961423012188,-0.8674056089236339,False,-49.698680517299444,-0.5310873950188544,False,-30.429066287177534
381,6.349364518574678,627.0,441.0,526.0,658.0,-0.8866002956884601,-0.43561756904095966,-50.798455057999604,25.83940687020387,-0.88660029568846,False,-50.7984550579996,-0.4356175690409607,False,-24.9590481877958
382,6.366029517311095,626.0,438.0,540.0,664.0,-0.8937800756422826,-0.36361090352663133,-51.20982614718626,30.376455990171756,-0.8937800756422827,False,-51.20982614718627,-0.36361090352663084,False,-20.83337015701449
383,6.38269451604751,628.0,442.0,554.0,672.0,-0.883191924613535,-0.3112797328919454,-50.60316978039193,32.768154837723884,-0.8831919246135351,False,-50.60316978039193,-0.311279732891947,False,-17.835014942668153
384,6.399359514783927,632.0,450.0,567.0,684.0,-0.8621700546672264,-0.27094685033842053,-49.398705354995535,33.87459435824127,-0.8621700546672262,False,-49.39870535499553,-0.27094685033842225,False,-15.524110996754356
385,6.416024513520344,639.0,463.0,579.0,699.0,-0.8276741437766623,-0.24896270579271707,-47.42223525050684,33.157722952426944,-0.8276741437766622,False,-47.42223525050683,-0.2489627057927173,False,-14.264512298079913
386,6.4326895122567604,650.0,480.0,591.0,716.0,-0.7803730800666359,-0.24497866312686414,-44.712083933442905,30.67584046551643,-0.780373080066636,False,-44.71208393344291,-0.24497866312686511,False,-14.036243467926534
387,6.449354510993176,665.0,501.0,602.0,735.0,-0.7208115029727761,-0.2629947316809195,-41.299456944821664,26.23096878532944,-0.7208115029727762,False,-41.29945694482167,-0.26299473168091936,False,-15.068488159492201
388,6.466019509729593,685.0,525.0,613.0,755.0,-0.6495028834504079,-0.30337991783948065,-37.21377400328577,19.83138512205785,-0.649502883450408,False,-37.21377400328578,-0.30337991783948226,False,-17.382388881228007
389,6.48268450846601,710.0,550.0,624.0,773.0,-0.5696965678645813,-0.36807500509724905,-32.64120894172879,11.55206460540015,-0.5696965678645816,False,-32.641208941728806,-0.3680750050972499,False,-21.089144336328683
390,6.499349507202426,743.0,576.0,638.0,789.0,-0.4756952188549921,-0.45799795159722173,-27.25532837494307,1.013978722785293,-0.4756952188549919,False,-27.255328374943055,-0.45799795159722123,False,-26.241349652157737
391,6.516014505938842,781.0,598.0,658.0,800.0,-0.37802909068540413,-0.5469458760638359,-21.65947142944192,-9.678218891101283,-0.37802909068540425,False,-21.659471429441925,-0.5469458760638375,False,-31.337690320543285
392,6.532679504675259,822.0,617.0,683.0,806.0,-0.27860186510047463,-0.6341237195620788,-15.9627110347303,-20.369901785314212,-0.27860186510047447,False,-15.96271103473029,-0.6341237195620799,False,-36.33261282004458
393,6.5493445034116755,866.0,631.0,717.0,809.0,-0.17770632370516173,-0.6969445605374334,-10.181822341091381,-29.750159532303456,-0.17770632370516193,False,-10.181822341091392,-0.6969445605374318,False,-39.93198187339475
394,6.566009502148092,910.0,638.0,757.0,813.0,-0.08061096438025336,-0.7184253051880318,-4.61866804146793,-36.544069841204426,-0.0806109643802535,False,-4.618668041467937,-0.7184253051880312,False,-41.16273788267231
395,6.582674500884508,953.0,640.0,802.0,817.0,0.013042738630607622,-0.7062952740185438,0.7472938768260555,-41.21503216812461,0.013042738630607786,False,0.747293876826065,-0.7062952740185438,False,-40.467738291298545
396,6.599339499620925,994.0,637.0,855.0,824.0,0.10248432622848813,-0.6392092896512732,5.871919359134256,-42.495913881707565,0.10248432622848824,False,5.871919359134262,-0.6392092896512729,False,-36.623994522573305
397,6.616004498357341,1031.0,630.0,915.0,831.0,0.18454279719061453,-0.5234218765381097,10.573523418560919,-40.56338784901223,0.1845427971906144,False,10.57352341856091,-0.5234218765381087,False,-29.989864430451274
398,6.632669497093758,1063.0,620.0,977.0,837.0,0.25777114223429654,-0.3773242080603434,14.769198530291638,-36.38828316026549,0.2577711422342963,False,14.769198530291623,-0.37732420806034384,False,-21.61908462997386
399,6.649334495830174,1092.0,609.0,1046.0,839.0,0.32594047401193976,-0.19739555984988075,18.67501353337764,-29.984946007397852,0.3259404740119396,False,18.67501353337763,-0.19739555984988044,False,-11.309932474020195
400,6.665999494566591,1113.0,598.0,1120.0,832.0,0.37802909068540413,0.029905611406763104,21.65947142944192,-19.946006112076095,0.37802909068540425,False,21.659471429441925,0.02990561140676462,False,1.7134653173659053
401,6.682664493303007,1131.0,589.0,1190.0,816.0,0.42275225878884204,0.25428552987473746,24.22192020822301,-9.65243255515275,0.42275225878884193,False,24.221920208223004,0.25428552987473907,False,14.569487653070357
402,6.699329492039424,1143.0,581.0,1259.0,786.0,0.4546298173805854,0.5149333956185002,26.048369776710903,3.455140522569468,0.45462981738058517,False,26.04836977671089,0.5149333956184989,False,29.503510299280308
403,6.71599449077584,1151.0,575.0,1316.0,744.0,0.47672533422715996,0.773422688001768,27.314349638179834,16.99950616398494,0.4767253342271598,False,27.314349638179824,0.7734226880017694,False,44.31385580216484
404,6.7326594895122565,1158.0,570.0,1359.0,696.0,0.4959270085888467,1.0108565296805083,28.414524538689044,29.503288305244926,0.49592700858884653,False,28.414524538689033,1.0108565296805097,False,57.91781284393404
405,6.749324488248673,1163.0,565.0,1390.0,640.0,0.5112788980822143,1.2516912688721038,29.29412301421024,42.422503945536064,0.5112788980822143,False,29.29412301421024,1.2516912688721042,False,71.71662695974632
406,6.76598948698509,1168.0,562.0,1405.0,591.0,0.5244861421832759,1.4490387290044358,30.050842360200125,52.972961162755084,0.5244861421832758,False,30.050842360200118,1.4490387290044353,False,83.02380352295518
407,6.782654485721506,1171.0,559.0,1410.0,543.0,0.5337970805279163,1.6376421912022934,30.584319830654543,63.245666077793054,0.5337970805279162,False,30.584319830654536,1.6376421912022927,False,93.82998590844757
408,6.799319484457922,1174.0,557.0,1408.0,501.0,0.5419783454615436,1.805694686202713,31.05307178242976,72.40561282618523,0.5419783454615437,False,31.053071782429768,1.8056946862027132,False,103.45868460861503
409,6.815984483194339,1175.0,556.0,1399.0,467.0,0.5450996533066771,1.9489914599487488,31.231909548516985,80.43707541358695,0.5450996533066772,False,31.23190954851699,1.9489914599487506,False,111.66898496210403
410,6.832649481930756,1174.0,557.0,1385.0,438.0,0.5419783454615436,2.0843101401285824,31.05307178242976,88.36910244325921,0.5419783454615437,False,31.053071782429768,2.084310140128583,False,119.422174225689
411,6.8493144806671715,1171.0,559.0,1369.0,417.0,0.5337970805279163,2.1929542074075075,30.584319830654543,95.06270091925224,0.5337970805279162,False,30.584319830654536,2.1929542074075066,False,125.6470207499067
412,6.865979479403588,1166.0,563.0,1351.0,403.0,0.5194272500277021,2.28385715965375,29.7609891906739,101.09438706822182,0.519427250027702,False,29.760989190673897,2.283857159653749,False,130.85537625889566
413,6.882644478140005,1159.0,569.0,1331.0,395.0,0.49898642625345774,2.3619747726360067,28.589816258639026,106.74136952977636,0.4989864262534578,False,28.58981625863903,2.3619747726360067,False,135.33118578841538
414,6.899309476876422,1148.0,577.0,1312.0,393.0,0.4686726923316185,2.4136026048291446,26.85296724363508,111.43627543485678,0.46867269233161846,False,26.852967243635078,2.413602604829144,False,138.2892426784918
415,6.915974475612838,1134.0,585.0,1294.0,397.0,0.432564343598067,2.4364813054753616,24.78411125601603,114.81598441024727,0.43256434359806706,False,24.784111256016033,2.436481305475361,False,139.60009566626326
416,6.932639474349254,1117.0,596.0,1276.0,407.0,0.38794425647867853,2.4421887813865855,22.227568582569024,117.69954136508,0.38794425647867836,False,22.227568582569013,2.4421887813865837,False,139.92710994764892
417,6.949304473085671,1096.0,607.0,1261.0,421.0,0.33573565656152426,2.4159523165807424,19.236236153029026,119.18763509190164,0.3357356565615244,False,19.23623615302903,2.415952316580743,False,138.4238712449307
418,6.9659694718220875,1072.0,617.0,1248.0,440.0,0.27860186510047463,2.3590273438041827,15.9627110347303,119.19959952120638,0.27860186510047447,False,15.96271103473029,2.3590273438041827,False,135.1623105559367
419,6.982634470558504,1045.0,625.0,1235.0,466.0,0.2167646396778826,2.267601783509611,12.419699001216697,117.5043128102222,0.21676463967788262,False,12.4196990012167,2.267601783509612,False,129.92401181143896
420,6.99929946929492,1015.0,633.0,1222.0,498.0,0.14899789234137506,2.1486982637571423,8.536950387505403,114.57439157286663,0.14899789234137506,False,8.536950387505403,2.1486982637571437,False,123.11134196037212
421,7.015964468031337,984.0,637.0,1210.0,536.0,0.08078659034261047,1.991071514860575,4.628730667883915,109.45126384234644,0.0807865903426106,False,4.628730667883922,1.9910715148605753,False,114.07999451023034
422,7.032629466767753,953.0,639.0,1193.0,585.0,0.013071150950181746,1.7921107691426879,0.7489217828238298,101.93146170899598,0.013071150950181742,False,0.7489217828238296,1.7921107691426883,False,102.68038349181984
423,7.04929446550417,924.0,639.0,1168.0,643.0,-0.050067055941008756,1.5544043524868913,-2.8686309980651963,91.9294400523296,-0.050067055941008576,False,-2.8686309980651856,1.5544043524868911,False,89.06080905426441
424,7.065959464240586,899.0,636.0,1132.0,704.0,-0.10487693873023389,1.286837418642774,-6.009005957494525,79.73935896523491,-0.10487693873023396,False,-6.009005957494529,1.2868374186427758,False,73.73035300774049
425,7.0826244629770025,879.0,632.0,1079.0,766.0,-0.14932266069369737,0.9804895798595247,-8.55555824341289,64.73347302591894,-0.14932266069369726,False,-8.555558243412882,0.9804895798595261,False,56.17791478250613
426,7.099289461713419,865.0,629.0,1002.0,825.0,-0.18063735226764327,0.6100407983436342,-10.34975790735387,45.302520983235446,-0.18063735226764344,False,-10.34975790735388,0.6100407983436327,False,34.95276307588149
427,7.115954460449836,859.0,628.0,,,-0.1939591472598931,,-11.1130405359483,,-0.19395914725989316,False,-11.113040535948304,0.2079608184632633,True,11.915277202031273
428,7.132619459186252,859.0,628.0,,,-0.1939591472598931,,-11.1130405359483,,-0.19395914725989316,False,-11.113040535948304,-0.1941191614171096,True,-11.122208671819148
429,7.149284457922668,861.0,628.0,728.0,824.0,-0.18965710727177423,-0.5961991412974801,-10.866551801332578,-23.293142744336848,-0.1896571072717741,False,-10.866551801332571,-0.596199141297479,False,-34.15969454566937
430,7.165949456659085,861.0,628.0,664.0,762.0,-0.18965710727177423,-0.9734808376604899,-10.866551801332578,-44.90979163347354,-0.1896571072717741,False,-10.866551801332571,-0.9734808376604889,False,-55.77634343480606
431,7.182614455395502,856.0,627.0,626.0,691.0,-0.20083492719954302,-1.2994010459932608,-11.506993707350956,-62.94320212294746,-0.20083492719954288,False,-11.506993707350949,-1.2994010459932603,False,-74.45019583029838
432,7.199279454131918,845.0,624.0,606.0,616.0,-0.22581168154335537,-1.6042566372445468,-12.93805631718645,-78.979078252776,-0.2258116815433553,False,-12.938056317186446,-1.6042566372445464,False,-91.91713456996241
433,7.215944452868334,832.0,620.0,604.0,551.0,-0.25564492527793553,-1.8646656618273643,-14.647375272363,-92.19009735331339,-0.25564492527793536,False,-14.647375272362991,-1.8646656618273632,False,-106.83747262567633
434,7.232609451604751,817.0,614.0,611.0,491.0,-0.2910339615220937,-2.1090714415032155,-16.675017690188767,-104.16587459951818,-0.2910339615220936,False,-16.67501769018876,-2.1090714415032146,False,-120.84089228970689
435,7.249274450341168,801.0,607.0,626.0,444.0,-0.3294588810483856,-2.3207064370286714,-18.876603407175118,-114.09008092341051,-0.3294588810483856,False,-18.876603407175118,-2.3207064370286723,False,-132.96668433058568
436,7.2659394490775835,786.0,600.0,645.0,406.0,-0.3660565158474183,-2.513102927557154,-20.973493421320804,-123.0166978096756,-0.3660565158474185,False,-20.973493421320814,-2.513102927557153,False,-143.99019123099632
437,7.282604447814,772.0,593.0,667.0,376.0,-0.4007934485752348,-2.6909313275091598,-22.963773059854553,-131.21523496595617,-0.4007934485752349,False,-22.963773059854557,-2.6909313275091584,False,-154.17900802581065
438,7.299269446550417,760.0,586.0,687.0,355.0,-0.4316265257294835,-2.8355066141746463,-24.730378250194242,-137.73218352344287,-0.43162652572948357,False,-24.730378250194246,-2.8355066141746477,False,-162.4625617736372
439,7.315934445286834,751.0,580.0,708.0,341.0,-0.4556156532112245,-2.9635807723414773,-26.104854009099295,-143.69581649218821,-0.45561565321122455,False,-26.1048540090993,-2.9635807723414764,False,-169.80067050128744
440,7.332599444023249,744.0,575.0,727.0,332.0,-0.4747246987181194,-3.071747603673052,-27.199721667167804,-148.79845175272237,-0.4747246987181195,False,-27.19972166716781,-3.071747603673053,False,-175.99817341989024
441,7.349264442759666,740.0,573.0,744.0,328.0,-0.4847924933550529,3.1252675733883173,-27.776563808868538,-153.1587943868886,-0.4847924933550529,False,-27.776563808868538,3.1252675733883173,False,179.06464180424285
442,7.365929441496083,740.0,572.0,759.0,327.0,-0.48584376134593,3.064196542675748,-27.836797027882994,-156.59767347821818,-0.4858437613459299,False,-27.836797027882987,3.0641965426757487,False,175.56552949389885
443,7.3825944402324994,742.0,574.0,773.0,330.0,-0.47975900433319046,3.0152205160400847,-27.488166131690388,-159.75242399795462,-0.4797590043331903,False,-27.488166131690377,3.0152205160400847,False,172.759409870355
444,7.399259438968915,748.0,577.0,784.0,334.0,-0.46465465800579175,2.994514298201391,-26.622750834826515,-161.80421818665414,-0.46465465800579153,False,-26.622750834826505,2.9945142982013913,False,171.57303097851937
445,7.415924437705332,756.0,583.0,795.0,340.0,-0.4425875335537144,2.9824559277911,-25.358397737732545,-163.75946501606322,-0.4425875335537146,False,-25.358397737732556,2.9824559277911007,False,170.88213724620428
446,7.432589436441749,768.0,590.0,804.0,346.0,-0.41164249089720767,2.9951084751962322,-23.58537739666241,-164.80754779073004,-0.41164249089720784,False,-23.585377396662416,2.9951084751962327,False,171.60707481260755
447,7.449254435178165,783.0,598.0,811.0,353.0,-0.37388943481085557,3.027800646446085,-21.42228661919375,-165.0975151324632,-0.37388943481085546,False,-21.42228661919374,3.027800646446085,False,173.48019824834302
448,7.465919433914582,800.0,607.0,818.0,360.0,-0.33155416187593817,3.0688467548138494,-18.996654155488557,-165.1713788212589,-0.3315541618759381,False,-18.996654155488557,3.0688467548138476,False,175.83196702325242
449,7.482584432650998,821.0,616.0,823.0,369.0,-0.28132628414588484,3.133495664552055,-16.118808747657365,-164.34511455096873,-0.281326284145885,False,-16.118808747657376,3.133495664552054,False,179.53607670137387
450,7.4992494313874145,846.0,624.0,827.0,377.0,-0.2236712862350292,-3.064820762320015,-12.815420699529758,-162.78587394547472,-0.22367128623502897,False,-12.815420699529744,-3.0648207623200143,False,-175.60129464500443
451,7.515914430123831,872.0,631.0,830.0,386.0,-0.1647890945462701,-2.971814379621455,-9.441719627283568,-160.83070182131485,-0.16478909454627022,False,-9.441719627283575,-2.9718143796214562,False,-170.2724214485985
452,7.532579428860248,900.0,636.0,831.0,398.0,-0.10270749705493111,-2.859412747983481,-5.884706105599885,-157.9475762397585,-0.1027074970549311,False,-5.884706105599884,-2.8594127479834803,False,-163.83228234535832
453,7.549244427596664,931.0,638.0,832.0,411.0,-0.034920296637411835,-2.730338280841541,-2.0007856166685785,-154.43607451855658,-0.03492029663741203,False,-2.0007856166685896,-2.73033828084154,False,-156.43686013522512
454,7.56590942633308,960.0,639.0,830.0,428.0,0.028314870681310483,-2.58940899016945,1.6223225874978044,-149.98452915743977,0.028314870681310556,False,1.6223225874978087,-2.5894089901694493,False,-148.36220656994192
455,7.582574425069497,990.0,636.0,827.0,450.0,0.09402022244739168,-2.422001908584305,5.386961935116707,-144.15744926962762,0.09402022244739161,False,5.386961935116703,-2.4220019085843063,False,-138.770487334511
456,7.599239423805914,1019.0,631.0,825.0,478.0,0.15830933121343224,-2.2385841573043956,9.070456536068335,-137.33188083446018,0.15830933121343227,False,9.070456536068336,-2.2385841573043948,False,-128.2614242983918
457,7.61590442254233,1044.0,625.0,825.0,514.0,0.21462038499791372,-2.0399083622801903,12.296842257853307,-129.17498200995195,0.21462038499791358,False,12.296842257853298,-2.0399083622801903,False,-116.87813975209865
458,7.632569421278746,1067.0,617.0,830.0,560.0,0.2679938704975817,-1.806820005420794,15.35491771488698,-118.87807836530301,0.2679938704975817,False,15.35491771488698,-1.8068200054207928,False,-103.52316065041595
459,7.649234420015163,1085.0,610.0,843.0,614.0,0.31054654144036525,-1.5542689061921757,17.79300616691745,-106.84605472014398,0.3105465414403654,False,17.79300616691746,-1.5542689061921742,False,-89.05304855322645
460,7.66589941875158,1098.0,604.0,867.0,671.0,0.342127213714417,-1.2884989734952939,19.60244540240643,-93.42799849062568,0.3421272137144169,False,19.602445402406424,-1.2884989734952939,False,-73.82555308821927
461,7.6825644174879955,1106.0,601.0,904.0,730.0,0.3611113682064353,-1.0024671106367216,20.690157332423404,-78.12729187258171,0.3611113682064353,False,20.690157332423404,-1.0024671106367222,False,-57.43713454015834
462,7.699229416224412,1106.0,600.0,958.0,788.0,0.36189810338931677,-0.6669082042393105,20.735233937996963,-58.94625936355818,0.3618981033893167,False,20.735233937996963,-0.6669082042393093,False,-38.21102542556114
463,7.715894414960829,1101.0,603.0,1025.0,829.0,0.349150582233356,-0.3244030680696465,20.004854776506683,-38.591781437992594,0.34915058223335604,False,20.004854776506686,-0.32440306806964614,False,-18.586926661485883
464,7.7325594136972455,1086.0,610.0,1097.0,847.0,0.31265353452982425,0.04638021692852137,17.91372797840668,-15.2563372955012,0.31265353452982403,False,17.91372797840667,0.046380216928522344,False,2.6573906829055445
465,7.749224412433661,1064.0,619.0,1170.0,828.0,0.2604606081101229,0.46937273728865814,14.923293574120942,11.969783291021924,0.26046060811012284,False,14.92329357412094,0.46937273728865847,False,26.893076865142888
466,7.765889411170078,1042.0,625.0,1219.0,781.0,0.21032587366505767,0.8483778258303929,12.050784883409552,36.55768396915678,0.21032587366505773,False,12.050784883409555,0.8483778258303936,False,48.60846885256639
467,7.782554409906495,1023.0,630.0,1244.0,719.0,0.16731005733424886,1.1879516842635818,9.586160155344285,58.47845761841668,0.16731005733424897,False,9.586160155344292,1.1879516842635809,False,68.06461777376092
468,7.799219408642911,1008.0,633.0,1248.0,652.0,0.13385267367604264,1.4917944296644936,7.6691932781790975,77.80433144272212,0.1338526736760426,False,7.669193278179095,1.4917944296644947,False,85.47352472090128
469,7.815884407379327,997.0,634.0,1237.0,593.0,0.10969010348702159,1.7399962987226831,6.284779984159571,93.4096643010346,0.10969010348702168,False,6.284779984159577,1.7399962987226836,False,99.69444428519421
470,7.832549406115744,989.0,636.0,1213.0,536.0,0.0918461262647375,1.9906762840004484,5.2623953995951185,108.79495405041662,0.09184612626473765,False,5.262395399595127,1.9906762840004468,False,114.05734945001164
471,7.849214404852161,982.0,636.0,1180.0,491.0,0.07660419044961612,2.202887987740536,4.3890968057793724,121.82708763181999,0.0766041904496162,False,4.389096805779376,2.202887987740535,False,126.2161844375993
472,7.865879403588577,977.0,637.0,1144.0,455.0,0.06555146114865315,2.399147996915617,3.755822064733613,133.70523258579667,0.06555146114865318,False,3.7558220647336147,2.399147996915616,False,137.46105465053023
473,7.882544402324993,971.0,637.0,1101.0,426.0,0.05246821149085407,2.58940899016945,3.0062070770257474,145.35599949291625,0.0524682114908539,False,3.006207077025737,2.5894089901694493,False,148.36220656994192
474,7.89920940106141,966.0,638.0,1058.0,408.0,0.041460942555313025,2.761086276477428,2.375537023053787,155.82305349059442,0.041460942555313185,False,2.375537023053796,2.761086276477428,False,158.19859051364818
475,7.9158743997978265,961.0,638.0,1013.0,396.0,0.030558170277499512,2.929934986341176,1.7508541865428378,166.1220547785271,0.030558170277499297,False,1.7508541865428253,2.929934986341177,False,167.87290896506994
476,7.932539398534243,955.0,638.0,,,0.017465472786356705,,1.0006978778588334,,0.017465472786356795,False,1.0006978778588385,3.088404595820279,True,176.95254876930883
477,7.94920439727066,949.0,638.0,,,0.004366784470406329,,0.25019832019755295,,0.004366784470406504,False,0.250198320197563,-3.036311101880205,True,-173.96781142645227
478,7.965869396007076,943.0,638.0,879.0,401.0,-0.008733402408426605,-2.877841492401104,-0.5003870987922329,-164.3877845234212,-0.00873340240842646,False,-0.5003870987922246,-2.877841492401103,False,-164.88817162221338
479,7.982534394743492,936.0,638.0,833.0,416.0,-0.02401285077811883,-2.7071871637818163,-1.3758350036636438,-153.734563833026,-0.024012850778118988,False,-1.3758350036636529,-2.7071871637818177,False,-155.1103988366897
480,7.999199393479909,929.0,638.0,790.0,437.0,-0.03928109393334382,-2.5365655882822855,-2.250640897037543,-143.08386176965624,-0.03928109393334367,False,-2.2506408970375347,-2.5365655882822864,False,-145.33450266669382
481,8.015864392216326,921.0,638.0,748.0,467.0,-0.056707694499187694,-2.350380602210503,-3.2491115607206895,-131.41777719535796,-0.05670769449918778,False,-3.2491115607206944,-2.350380602210503,False,-134.66688875607863
482,8.032529390952742,913.0,637.0,708.0,508.0,-0.0742614362926959,-2.1324590898856473,-4.254866880151114,-117.92603895460512,-0.0742614362926961,False,-4.254866880151125,-2.1324590898856464,False,-122.18090583475619
483,8.04919438968916,903.0,636.0,675.0,557.0,-0.096193427558869,-1.9043418780857377,-5.5114774160206155,-103.59927494830892,-0.09619342755886917,False,-5.511477416020624,-1.904341878085738,False,-109.11075236432954
484,8.065859388425574,891.0,634.0,653.0,614.0,-0.12272809793439324,-1.654632968863311,-7.031802039308969,-87.7716837197601,-0.12272809793439343,False,-7.03180203930898,-1.6546329688633108,False,-94.80348575906906
485,8.08252438716199,877.0,631.0,643.0,680.0,-0.15398199460615997,-1.3643772218733408,-8.822518411939173,-69.35053806518755,-0.15398199460616002,False,-8.822518411939177,-1.3643772218733403,False,-78.1730564771267
486,8.099189385898407,858.0,627.0,654.0,749.0,-0.19653497486439783,-1.0318198269657504,-11.260624586439715,-47.858296716616685,-0.19653497486439786,False,-11.260624586439716,-1.0318198269657515,False,-59.11892130305645
487,8.115854384634824,836.0,621.0,688.0,806.0,-0.24657866176153292,-0.6747409422235526,-14.127916636919693,-24.5318916171704,-0.2465786617615331,False,-14.127916636919704,-0.6747409422235542,False,-38.65980825409018
488,8.13251938337124,813.0,612.0,743.0,838.0,-0.3007746103626195,-0.3003634415449125,-17.233115758469893,0.02355823792199994,-0.30077461036261965,False,-17.2331157584699,-0.30036344154491346,False,-17.209557520547953
489,8.149184382107657,791.0,603.0,811.0,839.0,-0.35331901088442025,0.08454375551299814,-20.243688145414076,25.087688520494755,-0.3533190108844204,False,-20.243688145414087,0.08454375551299975,False,4.844000375080772
490,8.165849380844074,778.0,595.0,870.0,816.0,-0.3867226252643735,0.3944697829498962,-22.157574269867904,44.7590279783386,-0.3867226252643734,False,-22.157574269867897,0.39446978294989776,False,22.601453708470782
491,8.18251437958049,770.0,591.0,919.0,781.0,-0.40665234784636417,0.6650387887060029,-23.29946326068254,61.403379066029025,-0.4066523478463644,False,-23.29946326068255,0.6650387887060027,False,38.103915805346475
492,8.199179378316906,768.0,590.0,962.0,739.0,-0.41164249089720767,0.9158484571438041,-23.58537739666241,76.05962866457044,-0.41164249089720784,False,-23.585377396662416,0.9158484571438024,False,52.474251267907924
493,8.215844377053322,772.0,592.0,994.0,698.0,-0.4016650447705189,1.1253285328670688,-23.01371184328399,87.49028734221598,-0.4016650447705188,False,-23.013711843283986,1.1253285328670692,False,64.47657549893201
494,8.23250937578974,779.0,596.0,1019.0,658.0,-0.3838176232885688,1.3179900348931401,-21.991129917177126,97.50639635685415,-0.38381762328856883,False,-21.99112991717713,1.317990034893139,False,75.51526643967698
495,8.249174374526156,791.0,603.0,1038.0,621.0,-0.35331901088442025,1.4980504280189526,-20.243688145414076,106.07565516866656,-0.3533190108844204,False,-20.243688145414087,1.4980504280189528,False,85.83196702325252
496,8.265839373262573,806.0,609.0,1052.0,591.0,-0.3175488984497703,1.643836892098016,-18.194211670200207,112.37912779531862,-0.3175488984497701,False,-18.194211670200197,1.6438368920980153,False,94.18491612511838
497,8.28250437199899,824.0,616.0,1065.0,565.0,-0.27496431661272086,1.7793379218645702,-15.754294858607814,117.70284810902633,-0.2749643166127207,False,-15.754294858607803,1.7793379218645704,False,101.94855325041853
498,8.299169370735406,844.0,623.0,1078.0,546.0,-0.22844683601484786,1.8886958090872654,-13.089039546767998,121.30333819151458,-0.22844683601484794,False,-13.089039546768001,1.8886958090872668,False,108.21429864474666
499,8.315834369471823,864.0,628.0,1090.0,532.0,-0.18319074692421145,1.9724795679406955,-10.496056644606483,123.51081106339642,-0.18319074692421156,False,-10.496056644606488,1.9724795679406952,False,113.01475441878996
500,8.332499368208238,886.0,633.0,1106.0,524.0,-0.13385267367604264,2.0308009646618235,-7.6691932781790975,124.02551758439779,-0.1338526736760426,False,-7.669193278179095,2.0308009646618217,False,116.35632430621862
501,8.349164366944654,908.0,636.0,1124.0,520.0,-0.08531869170238952,2.0636327237884973,-4.888400948124756,123.12584648629199,-0.08531869170238959,False,-4.888400948124761,2.0636327237884977,False,118.23744553816728
502,8.365829365681071,928.0,638.0,1143.0,521.0,-0.041460942555313025,2.0691648942385696,-2.375537023053787,120.92995257955718,-0.041460942555313185,False,-2.375537023053796,2.0691648942385683,False,118.55441555650332
503,8.382494364417488,949.0,638.0,1167.0,527.0,0.004366784470406329,2.041756419713773,0.25019832019755295,116.73382732314315,0.004366784470406504,False,0.250198320197563,2.0417564197137743,False,116.98402564334079
504,8.399159363153904,969.0,637.0,1191.0,538.0,0.04810290778365479,1.9902737885502575,2.7560935983104162,111.27819456113217,0.048102907783655,False,2.7560935983104287,1.9902737885502582,False,114.03428815944262
505,8.415824361890321,987.0,636.0,1216.0,554.0,0.08749534080239131,1.9146499130429473,5.013113755035808,104.68824550741512,0.0874953408023913,False,5.013113755035807,1.9146499130429468,False,109.70135926245092
506,8.432489360626738,1005.0,633.0,1242.0,578.0,0.1273424924485685,1.7988274601153558,7.296187369979531,95.76903416686777,0.12734249244856866,False,7.29618736997954,1.7988274601153549,False,103.06522153684726
507,8.449154359363154,1022.0,630.0,1264.0,608.0,0.16514867741462683,1.6614562139956417,9.462322208025617,85.73210669970919,0.1651486774146269,False,9.462322208025622,1.661456213995642,False,95.19442890773482
508,8.46581935809957,1039.0,625.0,1279.0,643.0,0.20386935805838238,1.4959364790841299,11.68085378878671,74.02999288239425,0.20386935805838258,False,11.68085378878672,1.4959364790841292,False,85.71084667118095
509,8.482484356835986,1056.0,620.0,1287.0,686.0,0.24283848447900686,1.2924966677897853,13.91362026400024,60.14098383507694,0.24283848447900702,False,13.91362026400025,1.2924966677897842,False,74.05460409907708
510,8.499149355572403,1074.0,614.0,1282.0,730.0,0.2846786733296742,1.0620665024793434,16.310886499173805,44.54104165511315,0.2846786733296742,False,16.310886499173805,1.0620665024793432,False,60.851928154286945
511,8.51581435430882,1092.0,607.0,1264.0,771.0,0.3273605937185548,0.8092031895825182,18.756380398970038,27.607547132632877,0.32736059371855486,False,18.75638039897004,0.8092031895825187,False,46.36392753160295
512,8.532479353045236,1109.0,599.0,1230.0,800.0,0.36893186301233033,0.5418814875330563,21.13823867850517,9.909283553409882,0.3689318630123304,False,21.138238678505175,0.5418814875330575,False,31.04752223191513
513,8.549144351781653,1123.0,591.0,1185.0,818.0,0.4045981005372862,0.26662476624138154,23.181763559796263,-7.905289740502939,0.40459810053728607,False,23.181763559796256,0.26662476624138165,False,15.276473819293319
514,8.56580935051807,1132.0,585.0,1137.0,821.0,0.4284862270457778,0.021183271578959544,24.55045238920742,-23.3367403314536,0.42848622704577766,False,24.550452389207408,0.02118327157895905,False,1.213712057753781
515,8.582474349254486,1137.0,582.0,1092.0,814.0,0.44151842515400636,-0.19158649656275636,25.29714233858729,-36.27424000333089,0.4415184251540065,False,25.2971423385873,-0.19158649656275628,False,-10.977097664743589
516,8.599139347990903,1138.0,582.0,1047.0,802.0,0.44354981290221496,-0.39220631123986943,25.413532283114225,-47.88529861555311,0.44354981290221485,False,25.41353228311422,-0.39220631123987104,False,-22.471766332438992
517,8.615804346727318,1134.0,584.0,1008.0,788.0,0.43350598661318646,-0.5532943253222926,24.83806342659035,-56.53949309609606,0.4335059866131865,False,24.838063426590352,-0.5532943253222911,False,-31.70142966950563
518,8.632469345463734,1126.0,589.0,973.0,775.0,0.41253869605352644,-0.6883587774154488,23.636726169697337,-63.07677890638781,0.41253869605352644,False,23.636726169697337,-0.6883587774154485,False,-39.44005273669045
519,8.649134344200151,1113.0,596.0,939.0,764.0,0.37967718990604965,-0.8029402234548508,21.753900559003707,-67.75898656425788,0.3796771899060496,False,21.753900559003704,-0.8029402234548506,False,-46.00508600525417
520,8.665799342936568,1097.0,604.0,911.0,757.0,0.34003262418576286,-0.8824375493794478,19.48243426260225,-70.04238152591178,0.34003262418576297,False,19.482434262602258,-0.8824375493794463,False,-50.559947263309446
521,8.682464341672985,1077.0,613.0,883.0,755.0,0.2916686588814768,-0.9389419459370044,16.711383170149514,-70.50879388014059,0.29166865888147697,False,16.711383170149524,-0.9389419459370032,False,-53.797410709991
522,8.699129340409401,1055.0,621.0,856.0,758.0,0.2401710078601731,-0.9678694582572441,13.76078511179124,-69.21562018954472,0.2401710078601731,False,13.76078511179124,-0.967869458257244,False,-55.454835077753486
523,8.715794339145818,1030.0,628.0,832.0,766.0,0.18319074692421145,-0.9621070194674849,10.496056644606483,-65.6207283000043,0.18319074692421156,False,10.496056644606488,-0.962107019467485,False,-55.124671655397826
524,8.732459337882235,1002.0,634.0,811.0,779.0,0.12055788776188422,-0.9214570858323191,6.907458155767844,-59.70306017638378,0.12055788776188425,False,6.907458155767846,-0.9214570858323192,False,-52.79560202061594
525,8.74912433661865,972.0,637.0,791.0,796.0,0.05465012343495702,-0.8500139672954314,3.1312214226920303,-51.83343427589144,0.05465012343495701,False,3.13122142269203,-0.8500139672954319,False,-48.702212853199434
526,8.765789335355066,940.0,638.0,778.0,815.0,-0.015282652880778189,-0.7411792190017954,-0.8756315098320395,-41.59080960177339,-0.015282652880778347,False,-0.8756315098320485,-0.741179219001797,False,-42.46644111160551
527,8.782454334091483,905.0,636.0,771.0,832.0,-0.0918461262647375,-0.5996843151378045,-5.2623953995951185,-29.096984897994304,-0.09184612626473765,False,-5.262395399595127,-0.5996843151378037,False,-34.35938029758938
528,8.7991193328279,869.0,630.0,772.0,846.0,-0.17162806838088,-0.42208365861726244,-9.833563964207116,-14.350048276002667,-0.17162806838088018,False,-9.833563964207126,-0.42208365861726094,False,-24.183612240209694
529,8.815784331564316,836.0,620.0,778.0,849.0,-0.2471165540439645,-0.24805873552229335,-14.158735594535681,-0.05398302224365002,-0.2471165540439646,False,-14.158735594535688,-0.2480587355222923,False,-14.212718616779261
530,8.832449330300733,805.0,609.0,787.0,844.0,-0.3196511872919141,-0.07644647637726203,-18.31466394817249,13.934603493108828,-0.3196511872919139,False,-18.31466394817248,-0.07644647637726365,False,-4.380060455063754
531,8.84911432903715,778.0,596.0,796.0,831.0,-0.38588266939807375,0.07644647637726203,-22.109448343751673,26.489508798815336,-0.3858826693980739,False,-22.109448343751684,0.07644647637726365,False,4.380060455063754
532,8.865779327773566,756.0,583.0,801.0,816.0,-0.4425875335537144,0.19078408593630433,-25.358397737732545,36.289520660143985,-0.4425875335537146,False,-25.358397737732556,0.19078408593630414,False,10.931122922411433
533,8.882444326509981,738.0,571.0,803.0,801.0,-0.49088607747932417,0.2754261036960354,-28.125700461297203,43.906453770812575,-0.490886077479324,False,-28.125700461297193,0.2754261036960344,False,15.780753309515333
534,8.899109325246398,725.0,561.0,802.0,788.0,-0.5275847325007674,0.3270275502686965,-30.22837850783249,48.965676922731184,-0.5275847325007677,False,-30.2283785078325,0.3270275502686957,False,18.737298414898632
535,8.915774323982815,715.0,553.0,799.0,779.0,-0.5564275040863947,0.35585805714758195,-31.880947589148786,52.27011236943048,-0.5564275040863946,False,-31.88094758914878,0.35585805714758223,False,20.38916478028172
536,8.932439322719231,709.0,547.0,794.0,774.0,-0.5753209752466615,0.35828781178564584,-32.96346374698421,53.49184321327931,-0.5753209752466617,False,-32.963463746984225,0.3582878117856474,False,20.528379466295192
537,8.949104321455648,706.0,544.0,786.0,773.0,-0.5848259941562651,0.33609116186545407,-33.50806121469654,52.76466632123526,-0.5848259941562652,False,-33.508061214696546,0.33609116186545407,False,19.256605106538718
538,8.965769320192065,705.0,544.0,778.0,776.0,-0.586733568695812,0.30484709298435647,-33.61735718491918,51.083809009754994,-0.586733568695812,False,-33.61735718491918,0.30484709298435675,False,17.466451824835808
539,8.982434318928481,708.0,547.0,768.0,782.0,-0.5772367117152862,0.24997862146082248,-33.07322736129571,47.39594733949926,-0.5772367117152863,False,-33.07322736129571,0.24997862146082284,False,14.322719978203574
540,8.999099317664898,714.0,552.0,757.0,791.0,-0.5595652652966947,0.178011881248316,-32.06072806361883,42.26005756233134,-0.5595652652966949,False,-32.060728063618846,0.17801188124831668,False,10.199329498712546
541,9.015764316401315,724.0,560.0,744.0,801.0,-0.5306883944415277,0.08279782530853373,-30.406205238073433,35.150171181113905,-0.5306883944415279,False,-30.406205238073447,0.08279782530853197,False,4.743965943040355
542,9.03242931513773,738.0,570.0,731.0,811.0,-0.49195147410228807,-0.029037479172645066,-28.186743191300526,26.523018187008937,-0.4919514741022879,False,-28.186743191300515,-0.029037479172643543,False,-1.6637250042915046
543,9.049094313874146,755.0,582.0,716.0,818.0,-0.44557728697458177,-0.16377410783361504,-25.529697990533045,16.146132818146484,-0.445577286974582,False,-25.52969799053306,-0.16377410783361412,False,-9.383565172386524
544,9.065759312610563,776.0,595.0,702.0,821.0,-0.3908494091800958,-0.3164314556251264,-22.394021571201264,4.26383465870034,-0.3908494091800958,False,-22.394021571201264,-0.31643145562512487,False,-18.130186912500847
545,9.08242431134698,802.0,607.0,693.0,817.0,-0.3273605937185548,-0.4787693296313251,-18.756380398970038,-8.675081549212594,-0.32736059371855486,False,-18.75638039897004,-0.47876932963132646,False,-27.43146194818271
546,9.099089310083396,830.0,619.0,689.0,807.0,-0.2604606081101229,-0.6435011087932844,-14.923293574120942,-21.946604071723076,-0.26046060811012284,False,-14.92329357412094,-0.6435011087932843,False,-36.86989764584401
547,9.115754308819813,858.0,627.0,694.0,794.0,-0.19653497486439783,-0.77633496745174,-11.260624586439715,-33.220092536971116,-0.19653497486439786,False,-11.260624586439716,-0.7763349674517386,False,-44.480717123410756
548,9.13241930755623,887.0,633.0,705.0,781.0,-0.13168385355563755,-0.8880662070140327,-7.544929038756831,-43.33751655133852,-0.1316838535556375,False,-7.544929038756828,-0.888066207014031,False,-50.882445590095244
549,9.149084306292647,915.0,637.0,722.0,770.0,-0.06990777674133708,-0.9674103214667339,-4.005420562421434,-51.42310791501663,-0.06990777674133719,False,-4.00542056242144,-0.9674103214667333,False,-55.42852847743804
550,9.165749305029061,942.0,638.0,743.0,763.0,-0.010916596895798417,-1.0099417153201977,-0.625474928774865,-57.239922913275336,-0.010916596895798492,False,-0.6254749287748693,-1.009941715320199,False,-57.86539784205028
551,9.182414303765478,968.0,637.0,767.0,761.0,0.04591955729646672,-1.018031774680088,2.630996830196708,-60.95992092957895,0.045919557296466795,False,2.630996830196712,-1.0180317746800895,False,-58.32892409938231
552,9.199079302501895,992.0,635.0,795.0,765.0,0.09858051363880303,-0.9874940411587728,5.648247373735264,-62.22748822645095,0.09858051363880316,False,5.648247373735271,-0.9874940411587723,False,-56.57924085271566
553,9.215744301238312,1013.0,631.0,824.0,772.0,0.14531001063570212,-0.9298397417720923,8.325650330426836,-61.60154315750204,0.14531001063570192,False,8.325650330426825,-0.929839741772092,False,-53.27589282707519
554,9.232409299974728,1033.0,627.0,857.0,784.0,0.19007126169881075,-0.8423934245518903,10.89028110206843,-59.15586901846387,0.19007126169881072,False,10.890281102068428,-0.84239342455189,False,-48.26558791639544
555,9.249074298711145,1050.0,622.0,895.0,800.0,0.22894583071703106,-0.7164386131877714,13.117629837202482,-54.166538653067505,0.22894583071703112,False,13.117629837202486,-0.7164386131877727,False,-41.0489088158651
556,9.265739297447562,1063.0,618.0,935.0,816.0,0.25889639397107084,-0.5738858942964037,14.83367070569857,-47.71491037097339,0.2588963939710709,False,14.833670705698573,-0.5738858942964029,False,-32.88123966527477
557,9.282404296183978,1073.0,614.0,980.0,832.0,0.2825549524695875,-0.40322973795400596,16.189206257026942,-39.292568415957625,0.2825549524695874,False,16.189206257026935,-0.40322973795400685,False,-23.10336215893074
558,9.299069294920393,1077.0,612.0,1032.0,844.0,0.29230605117390757,-0.19158649656275636,16.747903058399967,-27.725000723143562,0.29230605117390773,False,16.747903058399977,-0.19158649656275628,False,-10.977097664743589
559,9.31573429365681,1079.0,612.0,1084.0,848.0,0.29654580906970046,0.021183271578959544,16.990823291986167,-15.777111234232368,0.2965458090697006,False,16.990823291986175,0.02118327157895905,False,1.213712057753781
560,9.332399292393227,1076.0,613.0,1136.0,841.0,0.2895488044251388,0.25732371497108864,16.589924456619347,-1.8463616201486226,0.28954880442513886,False,16.58992445661935,0.25732371497108986,False,14.743562836470804
561,9.349064291129643,1070.0,615.0,1185.0,822.0,0.27556493473776456,0.507098504392337,15.788707742271878,13.265896356805255,0.27556493473776467,False,15.788707742271884,0.5070985043923386,False,29.054604099077242
562,9.36572928986606,1063.0,618.0,1222.0,793.0,0.25889639397107084,0.7375305651068033,14.83367070569857,27.423717936819827,0.2588963939710709,False,14.833670705698573,0.7375305651068018,False,42.25738864251832
563,9.382394288602477,1056.0,620.0,1249.0,759.0,0.24283848447900686,0.9466367923122314,13.91362026400024,40.32467266729288,0.24283848447900702,False,13.91362026400025,0.9466367923122299,False,54.238292931293024
564,9.399059287338893,1050.0,622.0,1266.0,723.0,0.22894583071703106,1.1334090961877672,13.117629837202482,51.82192783609373,0.22894583071703112,False,13.117629837202486,1.1334090961877656,False,64.93955767329614
565,9.41572428607531,1044.0,624.0,1274.0,691.0,0.21508900890014684,1.2873361631410276,12.323692429630215,61.43523653291546,0.2150890089001467,False,12.323692429630206,1.2873361631410276,False,73.7589289625457
566,9.432389284811725,1038.0,625.0,1276.0,662.0,0.20171332230944347,1.4165687168818353,11.557322039893183,69.60608682769838,0.2017133223094434,False,11.557322039893178,1.4165687168818337,False,81.16340886759149
567,9.449054283548142,1032.0,627.0,1273.0,639.0,0.1879130854523109,1.5210448847123834,10.766626711698603,76.38282563228387,0.187913085452311,False,10.766626711698608,1.521044884712385,False,87.14945234398253
568,9.465719282284558,1026.0,628.0,1268.0,622.0,0.17454485913881465,1.5955846368321962,10.000683764359536,81.41958178203954,0.1745448591388148,False,10.000683764359545,1.5955846368321964,False,91.42026554639907
569,9.482384281020975,1018.0,630.0,1260.0,610.0,0.15648776081224938,1.6532535642619626,8.966088239994605,85.75836345717626,0.15648776081224947,False,8.96608823999461,1.6532535642619628,False,94.72445169717089
570,9.499049279757392,1010.0,632.0,1251.0,604.0,0.1384883290400289,1.686460333623869,7.934796765812691,88.6922626670598,0.13848832904002872,False,7.934796765812681,1.6864603336238702,False,96.62705943287251
571,9.515714278493808,1000.0,633.0,1242.0,604.0,0.1164682937770127,1.6900623067498246,6.673141680512618,90.16029561039664,0.11646829377701273,False,6.67314168051262,1.690062306749823,False,96.83343729090916
572,9.532379277230225,990.0,635.0,1232.0,610.0,0.09422564070953014,1.6737369512497307,5.3987315345721525,90.49933178713104,0.0942256407095301,False,5.398731534572151,1.6737369512497295,False,95.89806332170312
573,9.549044275966642,979.0,636.0,1221.0,622.0,0.07006058263845544,1.6285831575658343,4.014175695411026,89.2967658192004,0.07006058263845549,False,4.014175695411029,1.628583157565835,False,93.31094151461149
574,9.565709274703059,968.0,637.0,1210.0,639.0,0.04591955729646672,1.5625320521352455,2.630996830196708,86.89549511106834,0.045919557296466795,False,2.630996830196712,1.5625320521352464,False,89.52649194126514
575,9.582374273439473,955.0,638.0,1196.0,663.0,0.017465472786356705,1.4674315925719472,1.0006978778588334,83.0769391006747,0.017465472786356795,False,1.0006978778588385,1.4674315925719483,False,84.0776369785336
576,9.59903927217589,944.0,638.0,1179.0,691.0,-0.006550124663196896,1.3489756579033279,-0.37529449848573193,77.66590636222996,-0.006550124663196932,False,-0.37529449848573404,1.3489756579033276,False,77.29061186374423
577,9.615704270912307,933.0,638.0,1159.0,722.0,-0.030558170277499512,1.2149382696473148,-1.7508541865428378,71.36168940626114,-0.030558170277499297,False,-1.7508541865428253,1.214938269647316,False,69.61083521971838
578,9.632369269648724,924.0,637.0,1132.0,758.0,-0.05028579939899251,1.0439184078603376,-2.8811640750037624,62.69328300141761,-0.05028579939899247,False,-2.88116407500376,1.043918407860339,False,59.81211892641392
579,9.64903426838514,917.0,636.0,1096.0,795.0,-0.06569480155246474,0.8445008470080361,-3.764034864905718,52.15036919368944,-0.06569480155246454,False,-3.7640348649057067,0.8445008470080353,False,48.386334328783654
580,9.665699267121557,912.0,636.0,1053.0,829.0,-0.07660419044961612,0.6309494667237168,-4.3890968057793724,40.53983833507832,-0.0766041904496162,False,-4.389096805779376,0.6309494667237168,False,36.15074152929895
581,9.682364265857974,912.0,636.0,1000.0,856.0,-0.07660419044961612,0.3805063771123649,-4.3890968057793724,26.19050629213119,-0.0766041904496162,False,-4.389096805779376,0.3805063771123649,False,21.80140948635181
582,9.69902926459439,913.0,636.0,937.0,872.0,-0.07442369028558361,0.10134650326566776,-4.264163349152725,10.070890254684308,-0.07442369028558371,False,-4.264163349152731,0.10134650326566685,False,5.806726905531526
583,9.715694263330805,917.0,637.0,877.0,869.0,-0.06555146114865315,-0.1707352114752828,-3.755822064733613,-6.026584967073666,-0.06555146114865318,False,-3.7558220647336147,-0.17073521147528226,False,-9.782407031807255
584,9.732359262067222,920.0,637.0,820.0,850.0,-0.05901236452641077,-0.4389378103867573,-3.381159426450872,-21.768124577423908,-0.0590123645264109,False,-3.3811594264508797,-0.43893781038675783,False,-25.14928400387481
585,9.749024260803639,921.0,637.0,771.0,819.0,-0.05683151463551904,-0.6893094478800814,-3.25620593195121,-36.23831621007044,-0.05683151463551894,False,-3.2562059319512042,-0.6893094478800812,False,-39.494522142021644
586,9.765689259540055,920.0,636.0,733.0,784.0,-0.0591414763795961,-0.901294367418772,-3.3885569907235045,-48.25180636128546,-0.0591414763795961,False,-3.3885569907235045,-0.901294367418771,False,-51.64036335200891
587,9.782354258276472,915.0,636.0,704.0,747.0,-0.07006058263845544,-1.086513748409813,-4.014175695411026,-58.23847647141023,-0.07006058263845549,False,-4.014175695411029,-1.0865137484098142,False,-62.25265216682131
588,9.799019257012889,909.0,636.0,682.0,712.0,-0.08314123188844123,-1.2477247692036484,-4.763641690726178,-66.72572157857759,-0.08314123188844125,False,-4.763641690726179,-1.24772476920365,False,-71.48936326930385
589,9.815684255749305,901.0,635.0,667.0,682.0,-0.10075655458590707,-1.3725790744430106,-5.772925336051975,-72.87006267750537,-0.10075655458590704,False,-5.772925336051974,-1.37257907444301,False,-78.64298801355731
590,9.832349254485722,892.0,633.0,654.0,656.0,-0.12082144034890002,-1.474456833872816,-6.922558606683604,-77.55759504845071,-0.12082144034889986,False,-6.9225586066835945,-1.4744568338728143,False,-84.48015365513422
591,9.849014253222137,884.0,632.0,644.0,636.0,-0.1384883290400289,-1.554131203080956,-7.934796765812691,-81.11036198031513,-0.13848832904002872,False,-7.934796765812681,-1.5541312030809564,False,-89.04515874612784
592,9.865679251958554,875.0,631.0,636.0,622.0,-0.15830933121343224,-1.6084354459942851,-9.070456536068335,-83.08610613864646,-0.15830933121343227,False,-9.070456536068336,-1.6084354459942851,False,-92.15656267471479
593,9.88234425069497,867.0,629.0,628.0,614.0,-0.17632341051404016,-1.6334756212861348,-10.102587251807146,-83.4886717853984,-0.1763234105140401,False,-10.102587251807144,-1.6334756212861343,False,-93.59125903720552
594,9.899009249431387,860.0,627.0,621.0,612.0,-0.19222764720107577,-1.6334756212861348,-11.013832890351413,-82.57742614685412,-0.19222764720107577,False,-11.013832890351413,-1.6334756212861343,False,-93.59125903720552
595,9.915674248167804,854.0,625.0,615.0,616.0,-0.20602347344993102,-1.6084354459942851,-11.804275509306617,-80.35228716540817,-0.20602347344993088,False,-11.80427550930661,-1.6084354459942851,False,-92.15656267471479
596,9.93233924690422,848.0,624.0,609.0,626.0,-0.2193842533342031,-1.5624283212826042,-12.569791807678698,-76.95075679352473,-0.2193842533342032,False,-12.569791807678701,-1.562428321282603,False,-89.52054860120336
597,9.949004245640637,844.0,623.0,606.0,642.0,-0.22844683601484786,-1.4911333417491095,-13.089039546767998,-72.3466076266946,-0.22844683601484794,False,-13.089039546768001,-1.4911333417491086,False,-85.43564717346256
598,9.965669244377054,840.0,621.0,605.0,663.0,-0.2380306188690995,-1.3939401953209174,-13.638149856086457,-66.22874022944373,-0.23803061886909926,False,-13.638149856086445,-1.3939401953209156,False,-79.86689008553009
599,9.982334243113469,836.0,620.0,609.0,690.0,-0.2471165540439645,-1.2716783918832588,-14.158735594535681,-58.70306915835861,-0.2471165540439646,False,-14.158735594535688,-1.2716783918832597,False,-72.86180475289434
600,9.998999241849885,832.0,619.0,618.0,721.0,-0.256202136257891,-1.1260144038157613,-14.679301109812798,-49.83657189976992,-0.25620213625789123,False,-14.67930110981281,-1.1260144038157627,False,-64.51587300958278
601,10.015664240586302,829.0,618.0,634.0,753.0,-0.26315847819984245,-0.9652516631899266,-15.077870143936455,-40.226976324829586,-0.2631584781998426,False,-15.077870143936464,-0.9652516631899282,False,-55.30484646876612
602,10.032329239322719,825.0,617.0,660.0,786.0,-0.2722446315824586,-0.773422688001768,-15.598468384768877,-28.715387417395895,-0.2722446315824585,False,-15.59846838476887,-0.7734226880017694,False,-44.31385580216484
603,10.048994238059135,821.0,615.0,695.0,815.0,-0.2819393153628789,-0.5621867439000292,-16.153932849100894,-16.05699487457286,-0.28193931536287886,False,-16.15393284910089,-0.5621867439000283,False,-32.2109277236737
604,10.065659236795552,819.0,614.0,736.0,836.0,-0.28679975786598944,-0.35778301627072384,-16.432415691095127,-4.067041122677817,-0.2867997578659893,False,-16.432415691095123,-0.35778301627072295,False,-20.499456813772888
605,10.082324235531969,817.0,614.0,781.0,848.0,-0.2910339615220937,-0.15264932839526515,-16.675017690188767,7.928855427633558,-0.2910339615220936,False,-16.67501769018876,-0.1526493283952668,False,-8.746162262555302
606,10.098989234268386,819.0,614.0,829.0,852.0,-0.28679975786598944,0.041992107221369514,-16.432415691095127,18.838386207740427,-0.2867997578659893,False,-16.432415691095123,0.04199210722136826,False,2.405970516645228
607,10.115654233004802,823.0,616.0,874.0,850.0,-0.2770875383866211,0.21459288149122355,-15.875946505222576,28.171212928220722,-0.2770875383866209,False,-15.875946505222567,0.21459288149122457,False,12.295266422998207
608,10.132319231741217,831.0,618.0,915.0,843.0,-0.25889639397107084,0.35730868300810004,-14.83367070569857,35.3059502254405,-0.2588963939710709,False,-14.833670705698573,0.3573086830080996,False,20.4722795197419
609,10.148984230477634,842.0,622.0,953.0,836.0,-0.23323334100280863,0.47848881981207264,-13.363286081196465,40.77867600062396,-0.23323334100280846,False,-13.363286081196456,0.47848881981207114,False,27.415389919427405
610,10.16564922921405,856.0,626.0,986.0,829.0,-0.20127317936395034,0.5695927159012084,-11.53210370673397,44.16736236926734,-0.2012731793639504,False,-11.532103706733972,0.5695927159012086,False,32.63525866253339
611,10.182314227950467,873.0,630.0,1016.0,824.0,-0.16298573918701562,0.635202544108615,-9.338394976235987,45.73281988963214,-0.16298573918701553,False,-9.338394976235984,0.6352025441086155,False,36.394424913396186
612,10.198979226686884,891.0,633.0,1043.0,821.0,-0.12299629973066172,0.6799088548723576,-7.04716887029298,46.003076708051864,-0.12299629973066173,False,-7.047168870292981,0.6799088548723589,False,38.955907837758964
613,10.2156442254233,911.0,636.0,1065.0,821.0,-0.07878396098914381,0.6942063613532516,-4.513988458001263,44.28908307467633,-0.07878396098914386,False,-4.513988458001266,0.6942063613532525,False,39.77509461667511
614,10.232309224159717,934.0,637.0,1084.0,824.0,-0.028438720308175677,0.6760438730823457,-1.6294186484114501,40.36387934170773,-0.028438720308175736,False,-1.6294186484114535,0.6760438730823459,False,38.7344606932963
615,10.248974222896134,956.0,637.0,1100.0,829.0,0.019691108863513437,0.6435011087932844,1.1282174318119669,35.74168021403206,0.019691108863513218,False,1.1282174318119544,0.6435011087932843,False,36.86989764584401
616,10.265639221632549,979.0,636.0,1111.0,835.0,0.07006058263845544,0.585679727353805,4.014175695411026,29.54280082833475,0.07006058263845549,False,4.014175695411029,0.5856797273538064,False,33.55697652374586
617,10.282304220368966,1003.0,633.0,1119.0,839.0,0.12299629973066172,0.5128502897712041,7.04716887029298,22.336988255658312,0.12299629973066173,False,7.047168870292981,0.5128502897712046,False,29.38415712595132
618,10.298969219105382,1025.0,628.0,1123.0,843.0,0.17237920939636953,0.42767828083120013,9.876601174213837,14.627559306824699,0.17237920939636941,False,9.87660117421383,0.4276782808311985,False,24.504160481038454
619,10.315634217841799,1045.0,623.0,1124.0,845.0,0.2177126946712697,0.34188206252704473,12.47401855108408,7.114380722943292,0.21771269467126952,False,12.474018551084072,0.3418820625270449,False,19.58839927402739
620,10.332299216578216,1065.0,617.0,1123.0,844.0,0.26373316279054854,0.25015460034153997,15.110797145535116,-0.7779943201830141,0.26373316279054837,False,15.110797145535107,0.25015460034153847,False,14.332802825352015
621,10.348964215314632,1080.0,610.0,1121.0,841.0,0.2999690383350126,0.1756598530080881,17.18695988119422,-7.122391673942365,0.29996903833501243,False,17.186959881194213,0.17565985300808862,False,10.064568207251897
622,10.365629214051049,1093.0,605.0,1119.0,838.0,0.3308987861634852,0.11112825269817407,18.959103893169626,-12.591924028900943,0.33089878616348534,False,18.959103893169633,0.1111282526981725,False,6.3671798642685875
623,10.382294212787466,1103.0,600.0,1117.0,835.0,0.3556358843007598,0.059504138864393916,20.37643521383639,-16.967099193346243,0.35563588430075965,False,20.37643521383638,0.05950413886439421,False,3.409336020490163
624,10.39895921152388,1109.0,597.0,1116.0,832.0,0.3705440666043942,0.02977842886416136,21.23061114004626,-19.524432845599264,0.3705440666043942,False,21.23061114004626,0.029778428864162265,False,1.7061782944470476
625,10.415624210260297,1112.0,595.0,1116.0,831.0,0.37842737802867704,0.01694752980640491,21.682291613244935,-20.711269682165764,0.3784273780286771,False,21.682291613244935,0.016947529806405015,False,0.9710219310791725
626,10.432289208996714,1112.0,595.0,1116.0,831.0,0.37842737802867704,0.01694752980640491,21.682291613244935,-20.711269682165764,0.3784273780286771,False,21.682291613244935,0.016947529806405015,False,0.9710219310791725
627,10.44895420773313,1109.0,596.0,1117.0,833.0,0.37135521826209705,0.03374246255742194,21.277086706577673,-19.343786011659176,0.37135521826209716,False,21.27708670657768,0.033742462557423636,False,1.9333006949185805
628,10.465619206469547,1104.0,599.0,1118.0,835.0,0.358509095596967,0.05925259366343235,20.541058094758373,-17.146134552640085,0.358509095596967,False,20.541058094758373,0.05925259366343383,False,3.3949235421183634
629,10.482284205205964,1094.0,604.0,1119.0,838.0,0.33373024907698484,0.10643387697397651,19.12133476796097,-13.023122820137482,0.3337302490769849,False,19.12133476796097,0.10643387697397699,False,6.098211947823516
630,10.49894920394238,1082.0,609.0,1120.0,842.0,0.30487451954972083,0.16166679733512207,17.46802325127771,-8.205198076578386,0.3048745195497209,False,17.468023251277714,0.16166679733512268,False,9.262825174699353
631,10.515614202678798,1068.0,615.0,1120.0,845.0,0.27130251125999794,0.2223487820699473,15.544488866498376,-2.8048420740162805,0.2713025112599978,False,15.54448886649837,0.2223487820699468,False,12.739646792482064
632,10.532279201415212,1051.0,621.0,1119.0,846.0,0.23159616443579303,0.2934942814709706,13.269482773588756,3.546500865922511,0.23159616443579312,False,13.26948277358876,0.29349428147097,False,16.81598363951122
633,10.54894420015163,1031.0,627.0,1114.0,846.0,0.18575313635925825,0.36226890687498914,10.642870744703576,10.11360866805116,0.18575313635925816,False,10.64287074470357,0.3622689068749878,False,20.756479412754654
634,10.565609198888046,1011.0,631.0,1108.0,845.0,0.14096566710571087,0.42557078341100274,8.076737781403372,16.30667199212314,0.14096566710571068,False,8.076737781403361,0.42557078341100407,False,24.3834097735266
635,10.582274197624463,989.0,635.0,1099.0,844.0,0.09204684886340674,0.4844779290370232,5.2738959573517645,22.484644643708258,0.09204684886340653,False,5.273895957351753,0.48447792903702336,False,27.758540601060034
636,10.59893919636088,968.0,637.0,1083.0,842.0,0.04591955729646672,0.5112307122777895,2.630996830196708,26.660365340787543,0.045919557296466795,False,2.630996830196712,0.5112307122777899,False,29.29136217098428
637,10.615604195097296,947.0,637.0,1066.0,841.0,0.0,0.5280744484263596,0.0,30.25643716352927,0.0,False,0.0,0.5280744484263593,False,30.256437163529245
638,10.632269193833713,926.0,637.0,1046.0,841.0,-0.04591955729646672,0.5317240672588056,-2.630996830196708,33.0965417496566,-0.045919557296466795,False,-2.630996830196712,0.531724067258807,False,30.465544919459965
639,10.64893419257013,907.0,635.0,1020.0,843.0,-0.08768665512950047,0.49766095119340426,-5.024075258539548,33.537947390387664,-0.08768665512950058,False,-5.024075258539554,0.4976609511934029,False,28.513872131848036
640,10.665599191306546,890.0,633.0,993.0,847.0,-0.1251699902913368,0.44858283537036436,-7.171712165387088,32.87361539412078,-0.12516999029133657,False,-7.171712165387075,0.44858283537036314,False,25.701903228733634
641,10.682264190042961,874.0,630.0,961.0,851.0,-0.16082126122501883,0.37503340595633455,-9.214379524164494,30.702210861878932,-0.16082126122501883,False,-9.214379524164494,0.3750334059563336,False,21.487831337714386
642,10.698929188779378,861.0,627.0,926.0,855.0,-0.19007126169881075,0.2777202847941562,-10.89028110206843,26.802481305944834,-0.19007126169881072,False,-10.890281102068428,0.27772028479415667,False,15.912200203876429
643,10.715594187515794,850.0,624.0,890.0,858.0,-0.21508900890014684,0.16930377815578745,-12.323692429630215,22.024084373576013,-0.2150890089001467,False,-12.323692429630206,0.16930377815578623,False,9.700391943945732
644,10.732259186252211,840.0,621.0,851.0,858.0,-0.2380306188690995,0.04638021692852137,-13.638149856086457,16.295540538991936,-0.23803061886909926,False,-13.638149856086445,0.046380216928522344,False,2.6573906829055445
645,10.748924184988628,834.0,619.0,811.0,855.0,-0.25193414218429516,-0.09715082314954833,-14.434763062408908,8.868430919717927,-0.25193414218429533,False,-14.434763062408917,-0.0971508231495477,False,-5.566332142690939
646,10.765589183725044,829.0,617.0,773.0,849.0,-0.26373316279054854,-0.23684876094692026,-15.110797145535116,1.5403627603736425,-0.26373316279054837,False,-15.110797145535107,-0.23684876094691987,False,-13.570434385161464
647,10.782254182461461,826.0,617.0,737.0,836.0,-0.2701205018073523,-0.38600514337174185,-15.476764713517213,-6.639700872025836,-0.2701205018073525,False,-15.476764713517223,-0.3860051433717402,False,-22.116465585542958
648,10.798919181197878,824.0,616.0,704.0,820.0,-0.27496431661272086,-0.5317240672588056,-15.754294858607814,-14.711250060852059,-0.2749643166127207,False,-15.754294858607803,-0.531724067258807,False,-30.465544919459965
649,10.815584179934293,824.0,616.0,677.0,802.0,-0.27496431661272086,-0.6688121579361327,-15.754294858607814,-22.56581907816964,-0.2749643166127207,False,-15.754294858607803,-0.6688121579361344,False,-38.320113936777545
650,10.83224917867071,824.0,616.0,656.0,782.0,-0.27496431661272086,-0.7913861157813615,-15.754294858607814,-29.588789540915727,-0.2749643166127207,False,-15.754294858607803,-0.7913861157813606,False,-45.34308439952348
651,10.848914177407126,825.0,616.0,639.0,763.0,-0.2728385482474475,-0.9019841688587639,-15.632497303055226,-36.04738876016732,-0.2728385482474476,False,-15.63249730305523,-0.901984168858764,False,-51.679886063222554
652,10.865579176143543,825.0,617.0,628.0,747.0,-0.2722446315824586,-0.9874940411587728,-15.598468384768877,-40.980772467946814,-0.2722446315824585,False,-15.59846838476887,-0.9874940411587723,False,-56.57924085271566
653,10.88224417487996,827.0,617.0,621.0,733.0,-0.2679938704975817,-1.0579460370236926,-15.35491771488698,-45.26092515916173,-0.2679938704975817,False,-15.35491771488698,-1.0579460370236937,False,-60.61584287404878
654,10.898909173616376,829.0,618.0,616.0,723.0,-0.26315847819984245,-1.1127983751976749,-15.077870143936455,-48.680780203905776,-0.2631584781998426,False,-15.077870143936464,-1.1127983751976736,False,-63.75865034784216
655,10.915574172352793,831.0,618.0,616.0,718.0,-0.25889639397107084,-1.1354430516425942,-14.83367070569857,-50.22242403087685,-0.2588963939710709,False,-14.833670705698573,-1.1354430516425928,False,-65.05609473657535
656,10.93223917108921,835.0,620.0,618.0,717.0,-0.24925214138521365,-1.1504361610785447,-14.281095735970823,-51.63404089306234,-0.24925214138521357,False,-14.281095735970817,-1.1504361610785452,False,-65.91513662903319
657,10.948904169825624,839.0,621.0,624.0,721.0,-0.2401710078601731,-1.1354430516425942,-13.76078511179124,-51.29530962478418,-0.2401710078601731,False,-13.76078511179124,-1.1354430516425928,False,-65.05609473657535
658,10.965569168562041,843.0,622.0,631.0,729.0,-0.23109066719589708,-1.1033822572620609,-13.240519915187205,-49.9786266155469,-0.23109066719589721,False,-13.240519915187212,-1.1033822572620622,False,-63.21914653073419
659,10.982234167298458,848.0,624.0,643.0,741.0,-0.2193842533342031,-1.0521756985746242,-12.569791807678698,-47.71543502687635,-0.2193842533342032,False,-12.569791807678701,-1.0521756985746258,False,-60.285226834555125
660,10.998899166034874,853.0,625.0,657.0,758.0,-0.20817565108436634,-0.9745971854974165,-11.92758620452221,-43.912719249808355,-0.2081756510843662,False,-11.927586204522203,-0.9745971854974158,False,-55.840305454330526
661,11.015564164771291,859.0,626.0,676.0,776.0,-0.19480712732182723,-0.884174755465111,-11.161626214608368,-39.497855625554116,-0.19480712732182726,False,-11.16162621460837,-0.8841747554651107,False,-50.659481840162464
662,11.032229163507708,864.0,628.0,700.0,797.0,-0.18319074692421145,-0.7703842766115825,-10.496056644606483,-33.64371100847617,-0.18319074692421156,False,-10.496056644606488,-0.7703842766115834,False,-44.13976765308271
663,11.048894162244125,870.0,629.0,729.0,818.0,-0.1698400901270036,-0.6409565850228043,-9.731120356398828,-26.992986816525967,-0.1698400901270034,False,-9.731120356398817,-0.6409565850228027,False,-36.72410717292471
664,11.065559160980541,875.0,630.0,762.0,837.0,-0.1586552621864014,-0.4996851311426771,-9.090276920822323,-19.539572179094126,-0.15865526218640147,False,-9.090276920822326,-0.49968513114267665,False,-28.629849099916427
665,11.082224159716956,881.0,631.0,800.0,853.0,-0.14531001063570212,-0.3498556018570981,-8.325650330426836,-11.719599094994162,-0.14531001063570192,False,-8.325650330426825,-0.3498556018570973,False,-20.045249425420963
666,11.098889158453373,886.0,632.0,843.0,865.0,-0.13414527189195705,-0.18249600024803592,-7.68595792104405,-2.770292671186821,-0.13414527189195713,False,-7.685957921044055,-0.1824960002480367,False,-10.456250592230928
667,11.11555415718979,892.0,633.0,885.0,870.0,-0.12082144034890002,-0.029527280763816062,-6.922558606683604,5.230770038419113,-0.12082144034889986,False,-6.9225586066835945,-0.02952728076381561,False,-1.6917885682644562
668,11.132219155926206,899.0,634.0,927.0,869.0,-0.10533554910853804,0.11858985925770553,-6.035282396612251,12.829980825129203,-0.10533554910853793,False,-6.035282396612245,0.11858985925770682,False,6.794698428517035
669,11.148884154662623,907.0,635.0,969.0,865.0,-0.08768665512950047,0.26330654956916083,-5.024075258539548,20.110429267004676,-0.08768665512950058,False,-5.024075258539554,0.2633065495691618,False,15.086354008465173
670,11.16554915339904,916.0,636.0,1006.0,857.0,-0.06787801603209809,0.3867319776141511,-3.889123840360559,26.047233960399257,-0.0678780160320982,False,-3.8891238403605652,0.3867319776141507,False,22.158110120038668
671,11.182214152135456,928.0,637.0,1039.0,848.0,-0.04155156244279169,0.4842825783850835,-2.3807291601462652,30.12807699332502,-0.04155156244279157,False,-2.380729160146258,0.48428257838508415,False,27.74734783317879
672,11.198879150871873,940.0,637.0,1069.0,838.0,-0.01531608891047603,0.5705827629957897,-0.8775472532173999,33.56953143578948,-0.0153160889104762,False,-0.8775472532174096,0.5705827629957909,False,32.69198418257214
673,11.21554414960829,953.0,637.0,1094.0,830.0,0.013128348553539788,0.6309494667237168,0.7521989640945089,35.39854256520444,0.013128348553539837,False,0.7521989640945117,0.6309494667237168,False,36.15074152929895
674,11.232209148344705,967.0,636.0,1116.0,823.0,0.0438315577256377,0.6727814411390625,2.511363267163078,36.03617384483441,0.04383155772563763,False,2.5113632671630737,0.6727814411390618,False,38.54753711199746
675,11.248874147081121,981.0,635.0,1135.0,818.0,0.07458665353113578,0.6995562260692778,4.273500455338619,35.80811883053069,0.07458665353113592,False,4.273500455338627,0.6995562260692765,False,40.08161928586924
676,11.265539145817538,995.0,633.0,1150.0,815.0,0.10556635606326933,0.7054502392496215,6.048506661000621,34.370814704496865,0.10556635606326914,False,6.0485066610006095,0.7054502392496218,False,40.4193213654975
677,11.282204144553955,1009.0,631.0,1162.0,814.0,0.13661596048902647,0.6963485807629505,7.827517950147227,32.07031679749459,0.13661596048902647,False,7.827517950147227,0.696348580762951,False,39.89783474764184
678,11.298869143290371,1022.0,629.0,1171.0,814.0,0.1655098186051381,0.6780282413619009,9.483014074050244,29.365142546664202,0.16550981860513803,False,9.483014074050239,0.6780282413619005,False,38.84815662071442
679,11.315534142026788,1034.0,626.0,1176.0,815.0,0.1926480771747091,0.6443471322800989,11.0379217534214,25.88044946758603,0.192648077174709,False,11.037921753421394,0.6443471322800995,False,36.918371221007476
680,11.332199140763205,1045.0,623.0,1178.0,818.0,0.2177126946712697,0.5985780024668524,12.47401855108408,21.821974699637945,0.21771269467126952,False,12.474018551084072,0.5985780024668514,False,34.29599325072197
681,11.348864139499621,1054.0,620.0,1177.0,821.0,0.23855132795975353,0.5491529026790107,13.66798428933503,17.796159341530725,0.23855132795975376,False,13.667984289335042,0.5491529026790118,False,31.464143630865816
682,11.365529138236036,1061.0,617.0,1174.0,824.0,0.2551823906208184,0.4996851311426771,14.620873988631656,14.008975111284796,0.2551823906208184,False,14.620873988631656,0.49968513114267665,False,28.629849099916427
683,11.382194136972453,1067.0,615.0,1169.0,828.0,0.26916749278570046,0.4466038050058087,15.42216131873867,10.16635182257775,0.2691674927857006,False,15.422161318738679,0.44660380500580743,False,25.588513141316355
684,11.39885913570887,1071.0,614.0,1161.0,832.0,0.27829965900511133,0.3915295526610869,15.945395900922854,6.487595021202529,0.27829965900511144,False,15.945395900922861,0.3915295526610869,False,22.43299092212539
685,11.415524134445286,1072.0,613.0,1152.0,835.0,0.2810427182635284,0.34587455983724136,16.10256161938444,3.7145909002345325,0.28104271826352845,False,16.102561619384442,0.3458745598372417,False,19.817152519618997
686,11.432189133181703,1071.0,614.0,1142.0,838.0,0.27829965900511133,0.306946790691321,15.945395900922854,1.641359740775311,0.27829965900511144,False,15.945395900922861,0.30694679069132036,False,17.586755641698122
687,11.44885413191812,1067.0,615.0,1130.0,842.0,0.26916749278570046,0.2707196292562142,15.42216131873867,0.08893086898877113,0.2691674927857006,False,15.422161318738679,0.27071962925621307,False,15.511092187727375
688,11.465519130654537,1062.0,617.0,1118.0,846.0,0.25732371497108864,0.23983467557654625,14.743562836470735,-1.0020481450452985,0.2573237149710885,False,14.743562836470728,0.23983467557654592,False,13.741514691425404
689,11.482184129390953,1054.0,619.0,1105.0,850.0,0.23907427656048005,0.2172934309230211,13.697947037058931,-1.2479505292523236,0.23907427656047986,False,13.697947037058919,0.21729343092302145,False,12.44999650780662
690,11.498849128127368,1044.0,623.0,1090.0,854.0,0.21555965189963744,0.19656292057518973,12.350658287158403,-1.0884325294348185,0.21555965189963722,False,12.35065828715839,0.19656292057518954,False,11.262225757723572
691,11.515514126863785,1033.0,626.0,1076.0,858.0,0.19048720688613296,0.18326516206755578,10.914113005810771,-0.41379268755880677,0.1904872068861332,False,10.914113005810783,0.18326516206755628,False,10.500320318252003
692,11.532179125600202,1019.0,629.0,1059.0,862.0,0.15900269550865045,0.1700165110096919,9.110183383849401,0.6310451445454435,0.15900269550865032,False,9.110183383849394,0.17001651100969184,False,9.741228528394837
693,11.548844124336618,1004.0,632.0,1041.0,865.0,0.12544402215871125,0.15748332232447285,7.187413034839733,1.835716678050946,0.1254440221587112,False,7.1874130348397305,0.15748332232447382,False,9.023129712890727
694,11.565509123073035,988.0,634.0,1022.0,868.0,0.09006405807562344,0.14428939453774245,5.160290413554362,3.106882921956262,0.09006405807562334,False,5.160290413554357,0.14428939453774348,False,8.267173335510694
695,11.582174121809452,971.0,636.0,1002.0,870.0,0.05258306161094172,0.13171166687264657,3.0127875041833403,4.533735120252354,0.052583061610941506,False,3.012787504183328,0.13171166687264702,False,7.546522624435733
696,11.598839120545868,954.0,637.0,980.0,872.0,0.01531608891047603,0.11019014974592674,0.8775472532173999,5.435883271138748,0.0153160889104762,False,0.8775472532174096,0.11019014974592523,False,6.313430524356056
697,11.615504119282285,937.0,637.0,957.0,872.0,-0.021878346627816528,0.08490179344972196,-1.253536924498164,6.1180513622586945,-0.021878346627816736,False,-1.2535369244981758,0.08490179344972049,False,4.864514437760442
698,11.6321691180187,920.0,636.0,933.0,872.0,-0.0591414763795961,0.05502913189365728,-3.3885569907235045,6.541493998498808,-0.0591414763795961,False,-3.3885569907235045,0.05502913189365799,False,3.1529370077753547
699,11.648834116755117,903.0,635.0,907.0,871.0,-0.0964035356659503,0.01694752980640491,-5.523515723797856,6.4945376548770275,-0.09640353566595028,False,-5.523515723797855,0.016947529806405015,False,0.9710219310791725
700,11.665499115491533,888.0,632.0,882.0,869.0,-0.12979711769095592,-0.02531104914284831,-7.436827036654607,5.986610745721185,-0.12979711769095603,False,-7.436827036654614,-0.025311049142846542,False,-1.4502162909333267
701,11.68216411422795,874.0,630.0,856.0,866.0,-0.16082126122501883,-0.07612380322052725,-9.214379524164494,4.852806879143893,-0.16082126122501883,False,-9.214379524164494,-0.07612380322052559,False,-4.3615726450205
702,11.698829112964367,861.0,627.0,829.0,862.0,-0.19007126169881075,-0.13533781653240926,-10.89028110206843,3.135995406245531,-0.19007126169881072,False,-10.890281102068428,-0.1353378165324095,False,-7.754285695822922
703,11.715494111700783,849.0,624.0,805.0,857.0,-0.21723764914140886,-0.18664328605877953,-12.446800447146499,1.752927881525527,-0.21723764914140897,False,-12.446800447146506,-0.18664328605877856,False,-10.693872565620929
704,11.7321591104372,839.0,621.0,781.0,850.0,-0.2401710078601731,-0.24805873552229335,-13.76078511179124,-0.4519335049880731,-0.2401710078601731,False,-13.76078511179124,-0.2480587355222923,False,-14.212718616779261
705,11.748824109173617,830.0,618.0,757.0,843.0,-0.2610286491810302,-0.31372933605498354,-14.955839930074022,-3.019526935318029,-0.2610286491810303,False,-14.95583993007403,-0.3137293360549833,False,-17.975366865392033
706,11.765489107910033,823.0,616.0,737.0,836.0,-0.2770875383866211,-0.3726449038498295,-15.875946505222576,-5.4750337424310205,-0.2770875383866209,False,-15.875946505222567,-0.37264490384982807,False,-21.35098024765351
707,11.782154106646448,818.0,614.0,718.0,828.0,-0.28891819193460977,-0.43713866872033735,-16.553793022403802,-8.492407757238984,-0.28891819193460977,False,-16.553793022403802,-0.4371386687203369,False,-25.04620077964276
708,11.798819105382865,814.0,612.0,701.0,820.0,-0.2986615861065406,-0.49766095119340426,-17.1120483865878,-11.401823745260307,-0.2986615861065407,False,-17.112048386587805,-0.4976609511934029,False,-28.513872131848036
709,11.815484104119282,811.0,611.0,688.0,813.0,-0.3056567725745229,-0.5469458760638359,-17.512843048110213,-13.824847272432992,-0.30565677257452295,False,-17.512843048110216,-0.5469458760638375,False,-31.337690320543285
710,11.832149102855698,809.0,610.0,677.0,806.0,-0.31054654144036525,-0.5926974047350627,-17.79300616691745,-16.166053652758826,-0.3105465414403654,False,-17.79300616691746,-0.5926974047350626,False,-33.95905981967626
711,11.848814101592115,809.0,610.0,669.0,800.0,-0.31054654144036525,-0.6350267353903137,-17.79300616691745,-18.591345648918434,-0.3105465414403654,False,-17.79300616691746,-0.6350267353903121,False,-36.38435181583579
712,11.865479100328532,810.0,611.0,664.0,796.0,-0.3077654522317601,-0.6681141339945177,-17.633661492814998,-20.64645861810882,-0.30776545223176033,False,-17.63366149281501,-0.6681141339945178,False,-38.28012011092383
713,11.882144099064949,813.0,612.0,663.0,794.0,-0.3007746103626195,-0.6893094478800814,-17.233115758469893,-22.26140638355177,-0.30077461036261965,False,-17.2331157584699,-0.6893094478800812,False,-39.494522142021644
714,11.898809097801365,817.0,613.0,664.0,793.0,-0.2916686588814768,-0.7044940642422177,-16.711383170149514,-23.653153402947837,-0.29166865888147697,False,-16.711383170149524,-0.704494064242219,False,-40.36453657309744
715,11.91547409653778,821.0,615.0,669.0,795.0,-0.2819393153628789,-0.7012599228662774,-16.153932849100894,-24.02530107280646,-0.28193931536287886,False,-16.15393284910089,-0.7012599228662779,False,-40.179233921907375
716,11.932139095274197,827.0,617.0,677.0,799.0,-0.2679938704975817,-0.6893094478800814,-15.35491771488698,-24.13960442713469,-0.2679938704975817,False,-15.35491771488698,-0.6893094478800812,False,-39.494522142021644
717,11.948804094010613,833.0,619.0,688.0,805.0,-0.254069321791924,-0.662158824765641,-14.557099842428439,-23.381806183985457,-0.2540693217919241,False,-14.557099842428444,-0.6621588247656405,False,-37.938906026413854
718,11.96546909274703,840.0,622.0,701.0,812.0,-0.2375121352138771,-0.6316070222990303,-13.608442930895698,-22.579973757664018,-0.23751213521387715,False,-13.6084429308957,-0.6316070222990291,False,-36.18841668855964
719,11.982134091483447,849.0,624.0,719.0,821.0,-0.21723764914140886,-0.5833022856361237,-12.446800447146499,-20.973958700137814,-0.21723764914140897,False,-12.446800447146506,-0.5833022856361225,False,-33.420759147284244
720,11.998799090219864,858.0,626.0,739.0,830.0,-0.19696433952300868,-0.5280744484263596,-11.285225369250192,-18.971211794279075,-0.19696433952300874,False,-11.285225369250195,-0.5280744484263593,False,-30.256437163529245
721,12.01546408895628,867.0,629.0,761.0,839.0,-0.17632341051404016,-0.46744987204615696,-10.102587251807146,-16.680317550368002,-0.1763234105140401,False,-10.102587251807144,-0.4674498720461564,False,-26.78290480217512
722,12.032129087692697,878.0,631.0,787.0,848.0,-0.15181613412048117,-0.3970794452249823,-8.698423747095623,-14.05255259569202,-0.15181613412048112,False,-8.698423747095621,-0.39707944522498195,False,-22.750976342787617
723,12.048794086429112,888.0,633.0,815.0,856.0,-0.12951378668627744,-0.31635977103743557,-7.420593365881329,-10.705486322288795,-0.12951378668627722,False,-7.420593365881317,-0.31635977103743684,False,-18.12607968817019
724,12.065459085165529,899.0,634.0,844.0,864.0,-0.10533554910853804,-0.2347226124851971,-6.035282396612251,-7.41333265507426,-0.10533554910853793,False,-6.035282396612245,-0.23472261248519644,False,-13.44861505168648
725,12.082124083901945,910.0,635.0,875.0,869.0,-0.08114014305501291,-0.14847197480207144,-4.648987746139977,-3.8578297859914255,-0.08114014305501271,False,-4.648987746139967,-0.14847197480207086,False,-8.506817532131366
726,12.098789082638362,922.0,636.0,907.0,872.0,-0.05476973093042764,-0.06347394017680681,-3.1380744273806274,-0.49871445381627266,-0.054769730930427585,False,-3.1380744273806243,-0.06347394017680585,False,-3.636788881196846
727,12.115454081374779,933.0,637.0,938.0,873.0,-0.030624995415107558,0.021183271578959544,-1.7546829848931598,2.968395042646972,-0.03062499541510766,False,-1.7546829848931655,0.02118327157895905,False,1.213712057753781
728,12.132119080111195,944.0,637.0,969.0,872.0,-0.006564457128618842,0.10598435798959989,-0.37611568826442665,6.448572095472118,-0.006564457128618972,False,-0.37611568826443414,0.10598435798959827,False,6.072456407207607
729,12.148784078847612,956.0,637.0,1000.0,869.0,0.019691108863513437,0.1874291124436737,1.1282174318119669,9.610679669093466,0.019691108863513218,False,1.1282174318119544,0.18742911244367377,False,10.738897100905447
730,12.165449077584029,967.0,636.0,1027.0,865.0,0.0438315577256377,0.25624867775891386,2.511363267163078,12.170604474230528,0.04383155772563763,False,2.5113632671630737,0.256248677758915,False,14.681967741393677
731,12.182114076320444,979.0,635.0,1054.0,860.0,0.07021405691112528,0.3217505543966422,4.022969123498848,14.411979699423167,0.07021405691112514,False,4.02296912349884,0.3217505543966439,False,18.43494882292211
732,12.19877907505686,989.0,634.0,1078.0,854.0,0.09224844821555765,0.3844187202182019,5.285446749382584,16.74012348494078,0.09224844821555767,False,5.285446749382585,0.38441872021820345,False,22.025570234323467
733,12.215444073793277,1000.0,632.0,1098.0,848.0,0.11672363547165363,0.4259296565339419,6.687771681949261,17.71620000690237,0.11672363547165343,False,6.68777168194925,0.4259296565339419,False,24.403971688851616
734,12.232109072529694,1010.0,631.0,1116.0,842.0,0.1387914745261451,0.46554154613022614,7.952165722745591,18.721400058511286,0.13879147452614493,False,7.9521657227455815,0.46554154613022547,False,26.67356578125684
735,12.24877407126611,1019.0,629.0,1132.0,837.0,0.15900269550865045,0.49766095119340426,9.110183383849401,19.40368874799872,0.15900269550865032,False,9.110183383849394,0.4976609511934029,False,28.513872131848036
736,12.265439070002527,1027.0,627.0,1144.0,833.0,0.17709597280511205,0.5165283191792055,10.146851810496523,19.44804087745824,0.17709597280511202,False,10.146851810496521,0.5165283191792049,False,29.594892687954736
737,12.282104068738944,1034.0,625.0,1154.0,829.0,0.1930703273061378,0.5317240672588056,11.062114903851109,19.403430015608777,0.19307032730613782,False,11.06211490385111,0.531724067258807,False,30.465544919459965
738,12.29876906747536,1039.0,624.0,1161.0,826.0,0.20431586460012127,0.5433264688263294,11.70643672915333,19.42387683234164,0.20431586460012108,False,11.70643672915332,0.5433264688263293,False,31.130313561494958
739,12.315434066211777,1043.0,622.0,1166.0,824.0,0.2138728195795578,0.5469458760638359,12.254009914471581,19.083680406071625,0.21387281957955784,False,12.254009914471581,0.5469458760638375,False,31.337690320543285
740,12.332099064948192,1046.0,622.0,1169.0,823.0,0.22034518951470242,0.5491529026790107,12.624849395202729,18.839294235663026,0.2203451895147026,False,12.62484939520274,0.5491529026790118,False,31.464143630865816
741,12.348764063684609,1047.0,621.0,1169.0,823.0,0.22298650119947735,0.5433264688263294,12.776185407118922,18.35412815437605,0.22298650119947716,False,12.776185407118911,0.5433264688263293,False,31.130313561494958
742,12.365429062421025,1047.0,621.0,1167.0,824.0,0.22298650119947735,0.5338741391983091,12.776185407118922,17.812549560124012,0.22298650119947716,False,12.776185407118911,0.5338741391983106,False,30.588734967243024
743,12.382094061157442,1045.0,622.0,1163.0,826.0,0.21818978922637625,0.5244092235441183,12.501354055520359,17.545081191290155,0.21818978922637644,False,12.50135405552037,0.5244092235441187,False,30.04643524681052
744,12.398759059893859,1041.0,623.0,1156.0,829.0,0.20908840068402673,0.5091569617566516,11.979882904335007,17.192662114024987,0.2090884006840268,False,11.97988290433501,0.509156961756652,False,29.172545018360022
745,12.415424058630276,1037.0,624.0,1148.0,832.0,0.19999295660618124,0.49020682724655507,11.458752345877201,16.628029943849043,0.19999295660618133,False,11.458752345877206,0.4902068272465563,False,28.086782289726326
746,12.432089057366692,1030.0,626.0,1136.0,836.0,0.18399385468248075,0.46744987204615696,10.542071329649527,16.240833472525612,0.18399385468248086,False,10.542071329649533,0.4674498720461564,False,26.78290480217512
747,12.448754056103109,1022.0,628.0,1122.0,841.0,0.1658725281749212,0.4389378103867573,9.50379580158782,15.645488202286957,0.16587252817492137,False,9.503795801587831,0.43893781038675783,False,25.14928400387481
748,12.465419054839524,1014.0,630.0,1108.0,846.0,0.14780310965029603,0.41046586456376605,8.468494381871292,15.049467291820966,0.14780310965029608,False,8.468494381871295,0.4104658645637649,False,23.517961673692184
749,12.48208405357594,1004.0,632.0,1090.0,851.0,0.12544402215871125,0.37419233316026174,7.187413034839733,14.25222838139648,0.1254440221587112,False,7.1874130348397305,0.3741923331602628,False,21.43964141623626
750,12.498749052312357,993.0,633.0,1070.0,856.0,0.10119837157767966,0.33247400392925547,5.798239584997711,13.251117637964569,0.10119837157767986,False,5.798239584997722,0.3324740039292564,False,19.049357222962342
751,12.515414051048774,981.0,634.0,1049.0,861.0,0.07475033068130656,0.2910525907812059,4.282878465246133,12.393206602865206,0.07475033068130665,False,4.282878465246139,0.2910525907812058,False,16.676085068111345
752,12.53207904978519,969.0,636.0,1026.0,865.0,0.048208233431018044,0.24395091425953555,2.762128313378814,11.215229482050393,0.04820823343101788,False,2.7621283133788044,0.24395091425953552,False,13.977357795429198
753,12.548744048521607,956.0,636.0,1001.0,868.0,0.01973427992160925,0.19158649656275636,1.1306909512379713,9.846406713505623,0.019734279921609144,False,1.130690951237965,0.19158649656275628,False,10.977097664743589
754,12.565409047258024,943.0,637.0,976.0,871.0,-0.008752511723259795,0.14010172439663027,-0.5014819818815615,8.528719492313506,-0.008752511723259637,False,-0.5014819818815524,0.14010172439662938,False,8.027237510431904
755,12.58207404599444,930.0,636.0,950.0,872.0,-0.03726344460625147,0.08454375551299814,-2.135038106057741,6.979038481138421,-0.03726344460625164,False,-2.135038106057751,0.08454375551299975,False,4.844000375080772
756,12.598739044730856,917.0,635.0,923.0,871.0,-0.0658387693026938,0.0254182532590757,-3.772283609379837,5.2286422437195235,-0.06583876930269383,False,-3.772283609379839,0.025418253259076096,False,1.4563586343397101
757,12.615404043467272,906.0,634.0,896.0,871.0,-0.09006405807562344,-0.04216907957643982,-5.160290413554362,2.7441801278730527,-0.09006405807562334,False,-5.160290413554357,-0.04216907957643912,False,-2.4161102856812784
758,12.632069042203689,893.0,633.0,869.0,868.0,-0.118645431793701,-0.1017747993348465,-6.79788250028634,0.9666160376087809,-0.11864543179370113,False,-6.797882500286347,-0.1017747993348479,False,-5.831266462677642
759,12.648734040940106,882.0,631.0,843.0,864.0,-0.1431385188949838,-0.16584457152637153,-8.20123301843616,-1.3009609851804258,-0.14313851889498386,False,-8.201233018436163,-0.165844571526371,False,-9.502194003616564
760,12.665399039676522,872.0,629.0,819.0,860.0,-0.1655098186051381,-0.22553382659079477,-9.483014074050244,-3.439122327037689,-0.16550981860513803,False,-9.483014074050239,-0.22553382659079446,False,-12.922136401087903
761,12.682064038412939,862.0,627.0,795.0,854.0,-0.1879130854523109,-0.28700518487114873,-10.766626711698603,-5.6775590797901625,-0.187913085452311,False,-10.766626711698608,-0.28700518487114834,False,-16.444185791488746
762,12.698729037149356,853.0,625.0,773.0,848.0,-0.20817565108436634,-0.344443587394299,-11.92758620452221,-7.807577633516656,-0.2081756510843662,False,-11.927586204522203,-0.3444435873942986,False,-19.735163838038833
763,12.715394035885772,846.0,622.0,754.0,841.0,-0.2246497358062914,-0.3977056192195359,-12.871481730429467,-9.915371739486938,-0.22464973580629133,False,-12.871481730429464,-0.3977056192195363,False,-22.786853469916426
764,12.73205903462219,839.0,621.0,736.0,834.0,-0.2401710078601731,-0.45041586707721765,-13.76078511179124,-12.046143097458815,-0.2401710078601731,False,-13.76078511179124,-0.4504158670772185,False,-25.806928209250106
765,12.748724033358604,833.0,619.0,721.0,827.0,-0.254069321791924,-0.49394136891958124,-14.557099842428439,-13.74365592357795,-0.2540693217919241,False,-14.557099842428444,-0.4939413689195824,False,-28.300755766006446
766,12.76538903209502,829.0,617.0,709.0,822.0,-0.26373316279054854,-0.5295895987820763,-15.110797145535116,-15.232451738704452,-0.26373316279054837,False,-15.110797145535107,-0.5295895987820778,False,-30.34324888423966
767,12.782054030831437,825.0,616.0,699.0,817.0,-0.2728385482474475,-0.5599397971143883,-15.632497303055226,-16.44968985301081,-0.2728385482474476,False,-15.63249730305523,-0.5599397971143887,False,-32.08218715606606
768,12.798719029567854,823.0,616.0,693.0,812.0,-0.2770875383866211,-0.5856441173545324,-15.875946505222576,-17.678989715856417,-0.2770875383866209,False,-15.875946505222567,-0.5856441173545335,False,-33.55493622107906
769,12.81538402830427,822.0,615.0,689.0,810.0,-0.27981710852324315,-0.5985780024668524,-16.032339353935967,-18.263653896786042,-0.27981710852324326,False,-16.032339353935974,-0.5985780024668514,False,-34.29599325072197
770,12.832049027040688,821.0,615.0,688.0,809.0,-0.2819393153628789,-0.6009735741735002,-16.153932849100894,-18.279316549932993,-0.28193931536287886,False,-16.15393284910089,-0.6009735741735014,False,-34.43324939903396
771,12.848714025777104,823.0,615.0,690.0,810.0,-0.2776923101578338,-0.5985780024668524,-15.910597375281716,-18.38539587544031,-0.2776923101578337,False,-15.910597375281709,-0.5985780024668514,False,-34.29599325072197
772,12.865379024513521,825.0,616.0,694.0,812.0,-0.2728385482474475,-0.5891790735930257,-15.632497303055226,-18.12497699125287,-0.2728385482474476,False,-15.63249730305523,-0.5891790735930265,False,-33.757474294308146
773,12.882044023249936,829.0,617.0,701.0,816.0,-0.26373316279054854,-0.5715914158362946,-15.110797145535116,-17.638978587791772,-0.26373316279054837,False,-15.110797145535107,-0.5715914158362949,False,-32.749775733326906
774,12.898709021986352,833.0,619.0,711.0,821.0,-0.254069321791924,-0.5433264688263294,-14.557099842428439,-16.573213719066516,-0.2540693217919241,False,-14.557099842428444,-0.5433264688263293,False,-31.130313561494958
775,12.91537402072277,838.0,620.0,722.0,826.0,-0.24283848447900686,-0.5128502897712041,-13.91362026400024,-15.470536861951043,-0.24283848447900702,False,-13.91362026400025,-0.5128502897712046,False,-29.38415712595132
776,12.932039019459186,845.0,622.0,736.0,832.0,-0.22679884805388587,-0.4787693296313251,-12.994616791916505,-14.436845156266132,-0.22679884805388584,False,-12.994616791916503,-0.47876932963132646,False,-27.43146194818271
777,12.948704018195603,853.0,625.0,753.0,839.0,-0.20817565108436634,-0.43713866872033735,-11.92758620452221,-13.118614575120583,-0.2081756510843662,False,-11.927586204522203,-0.4371386687203369,False,-25.04620077964276
778,12.96536901693202,861.0,627.0,771.0,845.0,-0.19007126169881075,-0.3915295526610869,-10.89028110206843,-11.542709820056961,-0.19007126169881072,False,-10.890281102068428,-0.3915295526610869,False,-22.43299092212539
779,12.982034015668436,871.0,629.0,791.0,851.0,-0.16767574784752529,-0.34587455983724136,-9.607112678362997,-10.210039841255979,-0.16767574784752526,False,-9.607112678362995,-0.3458745598372417,False,-19.817152519618997
780,12.998699014404853,881.0,631.0,813.0,857.0,-0.14531001063570212,-0.29226848261129845,-8.325650330426836,-8.420100207893267,-0.14531001063570192,False,-8.325650330426825,-0.29226848261129845,False,-16.74575053832009
781,13.015364013141268,892.0,633.0,836.0,862.0,-0.12082144034890002,-0.23983467557654625,-6.922558606683604,-6.818956084741811,-0.12082144034889986,False,-6.9225586066835945,-0.23983467557654592,False,-13.741514691425404
782,13.032029011877684,903.0,634.0,861.0,866.0,-0.096614560765213,-0.17909477459664214,-5.535606571356938,-4.725768145877458,-0.09661456076521313,False,-5.535606571356945,-0.17909477459664203,False,-10.261374717234379
783,13.048694010614101,915.0,635.0,887.0,869.0,-0.07021405691112528,-0.11909188524916606,-4.022969123498848,-2.8004932755346776,-0.07021405691112514,False,-4.02296912349884,-0.11909188524916559,False,-6.823462399033493
784,13.065359009350518,926.0,636.0,912.0,872.0,-0.046020116115854534,-0.05925259366343235,-2.6367584261404478,-0.758165115977832,-0.04602011611585466,False,-2.636758426140455,-0.05925259366343383,False,-3.3949235421183634
785,13.082024008086934,938.0,636.0,938.0,872.0,-0.01973427992160925,0.0,-1.1306909512379713,1.130690951237965,-0.019734279921609144,False,-1.130690951237965,0.0,False,0.0
786,13.098689006823351,950.0,636.0,964.0,872.0,0.006578852453016483,0.05925259366343235,0.3769404795971332,3.017983062521135,0.0065788524530163706,False,0.37694047959712673,0.05925259366343383,False,3.3949235421183634
787,13.115354005559768,961.0,636.0,988.0,870.0,0.030692113370018564,0.11487660541689913,1.7585285604391097,4.823416094738904,0.030692113370018426,False,1.7585285604391017,0.11487660541689948,False,6.581944655178031
788,13.132019004296184,972.0,635.0,1012.0,868.0,0.05488986259415382,0.1700165110096919,3.144957464698022,6.596271063696826,0.05488986259415363,False,3.144957464698011,0.17001651100969184,False,9.741228528394837
789,13.1486840030326,983.0,634.0,1035.0,864.0,0.07912958309519741,0.2223487820699473,4.533791145984557,8.205855646497529,0.07912958309519746,False,4.53379114598456,0.2223487820699468,False,12.739646792482064
790,13.165349001769016,993.0,633.0,1055.0,861.0,0.10119837157767966,0.2655096587899116,5.798239584997711,9.414343283622781,0.10119837157767986,False,5.798239584997722,0.26550965878991306,False,15.21258286862058
791,13.182014000505433,1002.0,631.0,1074.0,856.0,0.12135200057076367,0.3097029445424562,6.952957468173915,10.791714156883021,0.12135200057076378,False,6.952957468173922,0.3097029445424546,False,17.744671625056842
792,13.19867899924185,1010.0,630.0,1091.0,852.0,0.13909594148207133,0.3498556018570981,7.96961039432136,12.075639031099636,0.13909594148207116,False,7.96961039432135,0.3498556018570973,False,20.045249425420963
793,13.215343997978266,1017.0,629.0,1105.0,848.0,0.1546570218663482,0.3820799399363353,8.861194625004238,13.030373369959756,0.1546570218663481,False,8.861194625004233,0.38207993993633593,False,21.891567994964042
794,13.232008996714683,1023.0,627.0,1118.0,844.0,0.16841190005933723,0.4126521626465833,9.649291093179041,13.993936233416187,0.16841190005933715,False,9.649291093179038,0.4126521626465838,False,23.643227326595248
795,13.2486739954511,1027.0,626.0,1128.0,840.0,0.1774847714947095,0.44096718872938945,10.169128334490674,15.096430483452181,0.17748477149470965,False,10.169128334490683,0.4409671887293882,False,25.26555881794279
796,13.265338994187516,1031.0,625.0,1135.0,837.0,0.1865687849833081,0.4560719963496107,10.689603968427285,15.44139657651129,0.18656878498330798,False,10.689603968427278,0.4560719963496105,False,26.13100054493857
797,13.282003992923933,1034.0,624.0,1140.0,835.0,0.1934944092894011,0.46554154613022614,11.086413011659634,15.587152769597246,0.19349440928940087,False,11.086413011659621,0.46554154613022547,False,26.67356578125684
798,13.298668991660348,1035.0,624.0,1142.0,834.0,0.19566245933205176,0.47123759607702354,11.210633128876674,15.789292274227408,0.19566245933205195,False,11.210633128876685,0.47123759607702453,False,26.999925403104147
799,13.315333990396764,1035.0,624.0,1142.0,834.0,0.19566245933205176,0.47123759607702354,11.210633128876674,15.789292274227408,0.19566245933205195,False,11.210633128876685,0.47123759607702453,False,26.999925403104147
800,13.331998989133181,1034.0,624.0,1140.0,835.0,0.1934944092894011,0.46554154613022614,11.086413011659634,15.587152769597246,0.19349440928940087,False,11.086413011659621,0.46554154613022547,False,26.67356578125684
801,13.348663987869598,1032.0,625.0,1135.0,837.0,0.18873776752013358,0.4522629016485536,10.813877513624963,15.098877981177393,0.18873776752013338,False,10.813877513624952,0.45226290164855243,False,25.912755494802294
802,13.365328986606015,1028.0,626.0,1128.0,839.0,0.17965618329938,0.4389378103867573,10.29354106648318,14.855742937391598,0.17965618329938016,False,10.293541066483188,0.43893781038675783,False,25.14928400387481
803,13.381993985342431,1023.0,627.0,1119.0,843.0,0.16841190005933723,0.4182243295792291,9.649291093179041,14.313197881399152,0.16841190005933715,False,9.649291093179038,0.4182243295792283,False,23.962488974578136
804,13.398658984078848,1017.0,628.0,1108.0,846.0,0.15499674192394097,0.395442373270991,8.880659150520245,13.776519878544452,0.15499674192394108,False,8.880659150520252,0.39544237327099196,False,22.657179029064753
805,13.415323982815265,1009.0,630.0,1095.0,850.0,0.13691577575514777,0.3726449038498295,7.8446960995295685,13.506284148124017,0.1369157757551478,False,7.84469609952957,0.37264490384982807,False,21.35098024765351
806,13.43198898155168,1001.0,632.0,1080.0,854.0,0.11890545721254882,0.34188206252704473,6.812780859352442,12.77561841467494,0.11890545721254897,False,6.81278085935245,0.3418820625270449,False,19.58839927402739
807,13.448653980288096,992.0,633.0,1063.0,858.0,0.09901291488023128,0.3056661507103368,5.67302213992532,11.840358235786724,0.09901291488023123,False,5.673022139925316,0.3056661507103371,False,17.513380375712067
808,13.465318979024513,981.0,634.0,1046.0,861.0,0.07475033068130656,0.27888139250551586,4.282878465246133,11.695848310051263,0.07475033068130665,False,4.282878465246139,0.27888139250551447,False,15.978726775297327
809,13.48198397776093,970.0,635.0,1025.0,865.0,0.05050646099645488,0.2347226124851971,2.893807053238971,10.554807998447542,0.05050646099645473,False,2.8938070532389624,0.23472261248519644,False,13.44861505168648
810,13.498648976497346,959.0,636.0,1004.0,868.0,0.026309717252922193,0.19158649656275636,1.507435758774968,9.469661905968614,0.026309717252922304,False,1.5074357587749743,0.19158649656275628,False,10.977097664743589
811,13.515313975233763,947.0,636.0,983.0,870.0,0.0,0.15264932839526515,0.0,8.7461622625552,0.0,False,0.0,0.1526493283952668,False,8.746162262555302
812,13.53197897397018,936.0,636.0,959.0,871.0,-0.024118129551136454,0.09756161810402565,-1.3818670330298695,6.971735992857663,-0.02411812955113657,False,-1.381867033029876,0.0975616181040273,False,5.589868959827889
813,13.548643972706596,924.0,636.0,936.0,871.0,-0.05039588885819997,0.05101951586697104,-2.8874717363852276,5.8106746683634025,-0.0503958888581999,False,-2.8874717363852236,0.0510195158669724,False,2.9232029319782558
814,13.565308971443011,913.0,635.0,913.0,871.0,-0.07458665353113578,0.0,-4.273500455338619,4.273500455338627,-0.07458665353113592,False,-4.273500455338627,0.0,False,0.0
815,13.581973970179428,902.0,634.0,889.0,870.0,-0.09879624267977676,-0.05502913189365728,-5.660607737301462,2.5076707295261373,-0.09879624267977682,False,-5.660607737301467,-0.05502913189365799,False,-3.1529370077753547
816,13.598638968915845,891.0,632.0,866.0,867.0,-0.12326567035889915,-0.10598435798959989,-7.062602670415773,0.9901462632080817,-0.12326567035889902,False,-7.062602670415765,-0.10598435798959827,False,-6.072456407207607
817,13.615303967652261,881.0,630.0,844.0,864.0,-0.14562838057082264,-0.15682131959424891,-8.343891584033095,-0.6413081663896163,-0.14562838057082272,False,-8.3438915840331,-0.1568213195942505,False,-8.985199750422794
818,13.631968966388678,872.0,629.0,822.0,860.0,-0.1655098186051381,-0.21316188819196974,-9.483014074050244,-2.7302624723891626,-0.16550981860513803,False,-9.483014074050239,-0.21316188819196924,False,-12.213276546439376
819,13.648633965125095,864.0,627.0,801.0,855.0,-0.18359143241291814,-0.2695890779209262,-10.519014232021513,-4.92730213567103,-0.1835914324129182,False,-10.519014232021517,-0.26958907792092646,False,-15.446316367692573
820,13.665298963861511,856.0,625.0,783.0,850.0,-0.20171332230944347,-0.31372933605498354,-11.557322039893183,-6.418044825498855,-0.2017133223094434,False,-11.557322039893178,-0.3137293360549833,False,-17.975366865392033
821,13.681963962597928,850.0,623.0,766.0,845.0,-0.21555965189963744,-0.36172924151993224,-12.350658287158403,-8.374900578402137,-0.21555965189963722,False,-12.35065828715839,-0.3617292415199316,False,-20.725558865560505
822,13.698628961334343,844.0,622.0,751.0,839.0,-0.22894583071703106,-0.40489178628508343,-13.117629837202482,-10.0809606764457,-0.22894583071703112,False,-13.117629837202486,-0.40489178628508427,False,-23.198590513648238
823,13.71529396007076,840.0,621.0,739.0,835.0,-0.2380306188690995,-0.44096718872938945,-13.638149856086457,-11.627408961856394,-0.23803061886909926,False,-13.638149856086445,-0.4409671887293882,False,-25.26555881794279
824,13.731958958807176,836.0,620.0,728.0,830.0,-0.2471165540439645,-0.47501075626509687,-14.158735594535681,-13.057375962771793,-0.2471165540439646,False,-14.158735594535688,-0.47501075626509603,False,-27.21611155730743
825,13.748623957543593,834.0,619.0,720.0,826.0,-0.25193414218429516,-0.5033993843966541,-14.434763062408908,-14.40789707300317,-0.25193414218429533,False,-14.434763062408917,-0.5033993843966549,False,-28.84266013541211
826,13.76528895628001,832.0,618.0,715.0,823.0,-0.25676172784356055,-0.5186206282202724,-14.711363345922695,-15.00340981952228,-0.25676172784356055,False,-14.711363345922695,-0.5186206282202726,False,-29.714773165444974
827,13.781953955016427,832.0,618.0,712.0,821.0,-0.25676172784356055,-0.5338741391983091,-14.711363345922695,-15.87737162132023,-0.25676172784356055,False,-14.711363345922695,-0.5338741391983106,False,-30.588734967243024
828,13.798618953752843,833.0,619.0,712.0,821.0,-0.254069321791924,-0.5396911682799233,-14.557099842428439,-16.364926340495845,-0.2540693217919241,False,-14.557099842428444,-0.5396911682799228,False,-30.922026182924267
829,13.81528395248926,835.0,619.0,714.0,822.0,-0.24979661299943873,-0.5375167508036844,-14.312291661530596,-16.485149577105716,-0.24979661299943867,False,-14.312291661530592,-0.537516750803686,False,-30.79744123863641
830,13.831948951225677,837.0,620.0,719.0,824.0,-0.24497866312686414,-0.5244092235441183,-14.036243467926479,-16.01019177888404,-0.24497866312686423,False,-14.036243467926484,-0.5244092235441187,False,-30.04643524681052
831,13.848613949962091,841.0,621.0,728.0,828.0,-0.23588800446180433,-0.4996851311426771,-13.51538709342452,-15.11446200649193,-0.23588800446180436,False,-13.515387093424522,-0.49968513114267665,False,-28.629849099916427
832,13.865278948698508,846.0,622.0,737.0,832.0,-0.2246497358062914,-0.4787693296313251,-12.871481730429467,-14.559980217753173,-0.22464973580629133,False,-12.871481730429464,-0.47876932963132646,False,-27.43146194818271
833,13.881943947434925,851.0,624.0,748.0,837.0,-0.21293834957939714,-0.45041586707721765,-12.200468727380784,-13.606459481869262,-0.21293834957939728,False,-12.200468727380793,-0.4504158670772185,False,-25.806928209250106
834,13.898608946171342,858.0,626.0,763.0,842.0,-0.19696433952300868,-0.4143517155480171,-11.285225369250192,-12.455379165656403,-0.19696433952300874,False,-11.285225369250195,-0.4143517155480154,False,-23.740604534906495
835,13.915273944907758,865.0,627.0,778.0,846.0,-0.18142799170140686,-0.37814231532260145,-10.395058210025137,-11.270900513265099,-0.181427991701407,False,-10.395058210025145,-0.37814231532260223,False,-21.66595872329027
836,13.931938943644175,874.0,629.0,795.0,852.0,-0.161173273709334,-0.3404649468595299,-9.234548353851668,-10.27265617334526,-0.1611732737093341,False,-9.234548353851673,-0.3404649468595302,False,-19.507204527196933
837,13.948603942380592,882.0,631.0,815.0,857.0,-0.1431385188949838,-0.2882060948349638,-8.20123301843616,-8.311759845554432,-0.14313851889498386,False,-8.201233018436163,-0.2882060948349654,False,-16.51299286399067
838,13.965268941117008,892.0,632.0,834.0,861.0,-0.12108614212006985,-0.24805873552229335,-6.937724901001273,-7.274993715778058,-0.12108614212006996,False,-6.937724901001279,-0.2480587355222923,False,-14.212718616779261
839,13.981933939853423,901.0,634.0,856.0,865.0,-0.10097698144374605,-0.19239560151592244,-5.785554864697478,-5.237901099045653,-0.100976981443746,False,-5.785554864697477,-0.19239560151592272,False,-11.023455963743155
840,13.99859893858984,912.0,634.0,879.0,869.0,-0.07694032650483669,-0.13951326889294935,-4.408355983085687,-3.5851655105541096,-0.07694032650483651,False,-4.408355983085676,-0.1395132688929479,False,-7.99352149363971
841,14.015263937326257,922.0,635.0,901.0,870.0,-0.05488986259415382,-0.08912496898942472,-3.144957464698022,-1.9615271076303649,-0.05488986259415363,False,-3.144957464698011,-0.08912496898942379,False,-5.106484572328325
842,14.031928936062673,932.0,636.0,924.0,872.0,-0.032882879805511994,-0.033885329904117606,-1.8840502310918026,-0.057436159822577944,-0.032882879805511855,False,-1.8840502310917946,-0.03388532990411619,False,-1.9414863909142963
843,14.04859393479909,943.0,636.0,947.0,872.0,-0.008771704844442806,0.01694752980640491,-0.5025816667210311,1.473603597800196,-0.008771704844442674,False,-0.5025816667210236,0.016947529806405015,False,0.9710219310791725
844,14.065258933535507,953.0,636.0,969.0,872.0,0.013157135472755741,0.06769302269396865,0.7538483330707672,3.1246761697769405,0.013157135472755765,False,0.7538483330707685,0.0676930226939696,False,3.87852450284776
845,14.081923932271923,963.0,635.0,991.0,870.0,0.0351503513672087,0.11858985925770553,2.0139667817429614,4.780731646774011,0.0351503513672089,False,2.013966781742973,0.11858985925770682,False,6.794698428517035
846,14.09858893100834,972.0,635.0,1012.0,868.0,0.05488986259415382,0.1700165110096919,3.144957464698022,6.596271063696826,0.05488986259415363,False,3.144957464698011,0.17001651100969184,False,9.741228528394837
847,14.115253929744755,981.0,634.0,1030.0,865.0,0.07475033068130656,0.20902294280626463,4.282878465246133,7.693253978957218,0.07475033068130665,False,4.282878465246139,0.2090229428062642,False,11.976132444203332
848,14.131918928481172,989.0,633.0,1049.0,862.0,0.09245093006173902,0.25624867775891386,5.297048104596793,9.384919636796829,0.0924509300617391,False,5.297048104596798,0.256248677758915,False,14.681967741393677
849,14.148583927217588,997.0,632.0,1065.0,858.0,0.11017154855545269,0.29226848261129845,6.312364754648061,10.433385783672021,0.11017154855545286,False,6.31236475464807,0.29226848261129845,False,16.74575053832009
850,14.165248925954005,1003.0,630.0,1079.0,855.0,0.12380794864947099,0.3257452069169275,7.093672927787108,11.57015262516854,0.1238079486494712,False,7.093672927787121,0.32574520691692754,False,18.66382555295566
851,14.181913924690422,1009.0,629.0,1091.0,851.0,0.13721690156807098,0.3538251121739431,7.861949337712515,12.410736275597355,0.13721690156807087,False,7.861949337712509,0.3538251121739435,False,20.27268561330989
852,14.198578923426838,1014.0,628.0,1101.0,848.0,0.14845331408195642,0.3765817504806407,8.505748351626133,13.070796592563234,0.1484533140819564,False,8.505748351626133,0.37658175048063924,False,21.57654494418929
853,14.215243922163255,1018.0,628.0,1109.0,845.0,0.15717494282186167,0.3970794452249823,9.005460868902707,13.745515473884923,0.15717494282186184,False,9.005460868902718,0.39707944522498195,False,22.750976342787617
854,14.231908920899672,1020.0,627.0,1114.0,844.0,0.16188190137669575,0.40877849630808727,9.275149728437697,14.146132865719817,0.16188190137669567,False,9.275149728437693,0.4087784963080878,False,23.421282594157535
855,14.248573919636087,1022.0,627.0,1117.0,843.0,0.16623681626698583,0.4143517155480171,9.524667971789997,14.215936563116587,0.16623681626698605,False,9.52466797179001,0.4143517155480154,False,23.740604534906495
856,14.265238918372503,1023.0,627.0,1118.0,842.0,0.16841190005933723,0.4160645057238227,9.649291093179041,14.189449089992692,0.16841190005933715,False,9.649291093179038,0.41606450572382414,False,23.838740183171804
857,14.28190391710892,1022.0,627.0,1116.0,843.0,0.16623681626698583,0.41046586456376605,9.524667971789997,13.99329370190225,0.16623681626698605,False,9.52466797179001,0.4104658645637649,False,23.517961673692184
858,14.298568915845337,1021.0,627.0,1113.0,844.0,0.16406014373716155,0.4009920846051986,9.399953822449001,13.575200243581708,0.16406014373716138,False,9.399953822448992,0.40099208460519975,False,22.97515406603078
859,14.315233914581754,1018.0,628.0,1108.0,846.0,0.15717494282186167,0.3915295526610869,9.005460868902707,13.427530053222673,0.15717494282186184,False,9.005460868902718,0.3915295526610869,False,22.43299092212539
860,14.33189891331817,1014.0,629.0,1100.0,848.0,0.14812750357904475,0.37419233316026174,8.48708078488826,12.952560631347945,0.1481275035790448,False,8.487080784888263,0.3741923331602628,False,21.43964141623626
861,14.348563912054587,1009.0,630.0,1091.0,851.0,0.13691577575514777,0.3552950139583206,7.8446960995295685,12.512208682323875,0.1369157757551478,False,7.84469609952957,0.35529501395831886,False,20.356904781853345
862,14.365228910791004,1002.0,631.0,1080.0,854.0,0.12135200057076367,0.3364750591017295,6.952957468173915,12.325643329770132,0.12135200057076378,False,6.952957468173922,0.3364750591017298,False,19.278600797944055
863,14.38189390952742,995.0,632.0,1068.0,857.0,0.1057981729237937,0.31372933605498354,6.061788788728641,11.9135780766634,0.10579817292379357,False,6.061788788728633,0.3137293360549833,False,17.975366865392033
864,14.398558908263835,987.0,633.0,1053.0,860.0,0.0880717982151919,0.28294808572151336,5.046142331858312,11.165588801290246,0.08807179821519195,False,5.046142331858316,0.28294808572151453,False,16.211731133148614
865,14.415223907000252,978.0,634.0,1039.0,863.0,0.06817611444382732,0.260330578761374,3.906203621232197,11.009639819992593,0.0681761144438271,False,3.9062036212321845,0.2603305787613728,False,14.915843441224727
866,14.431888905736669,969.0,635.0,1021.0,865.0,0.0483140209707746,0.2223487820699473,2.768189492931937,9.971457299550162,0.04831402097077442,False,2.768189492931927,0.2223487820699468,False,12.739646792482064
867,14.448553904473085,959.0,635.0,1003.0,868.0,0.026367514039356506,0.18664328605877953,1.510747270707073,9.183125294913909,0.026367514039356443,False,1.5107472707070695,0.18664328605877856,False,10.693872565620929
868,14.465218903209502,949.0,636.0,985.0,869.0,0.004385936788792128,0.1532942815467293,0.2512956672089501,8.531819688908826,0.004385936788791955,False,0.2512956672089402,0.15329428154672797,False,8.78311535611769
869,14.481883901945919,939.0,636.0,965.0,871.0,-0.017542060057402487,0.11019014974592674,-1.0050860052541812,7.31851652961033,-0.01754206005740233,False,-1.0050860052541721,0.11019014974592523,False,6.313430524356056
870,14.498548900682335,928.0,635.0,945.0,872.0,-0.0417339951327062,0.07160731485126633,-2.3911817833235856,6.493978706565599,-0.04173399513270626,False,-2.3911817833235887,0.07160731485126703,False,4.102796923242061
871,14.515213899418752,918.0,635.0,925.0,871.0,-0.06365016797259877,0.029652323188272874,-3.6468859901286734,5.345838961574607,-0.06365016797259893,False,-3.6468859901286823,0.029652323188273044,False,1.6989529714459506
872,14.531878898155167,908.0,634.0,904.0,871.0,-0.08569271168063324,-0.01687603484692138,-4.909830714331696,3.9429051426873873,-0.08569271168063342,False,-4.909830714331706,-0.016876034846919907,False,-0.966925571644217
873,14.548543896891584,898.0,633.0,883.0,869.0,-0.10774884352839424,-0.06347394017680681,-6.173553981592484,2.5367651003955847,-0.1077488435283942,False,-6.173553981592481,-0.06347394017680585,False,-3.636788881196846
874,14.565208895628,889.0,632.0,863.0,867.0,-0.12762117781517654,-0.11019014974592674,-7.312154865298228,0.998724340942085,-0.12762117781517635,False,-7.312154865298217,-0.11019014974592523,False,-6.313430524356056
875,14.581873894364417,881.0,630.0,843.0,864.0,-0.14562838057082264,-0.16098781377080748,-8.343891584033095,-0.880030698072251,-0.14562838057082272,False,-8.3438915840331,-0.16098781377080584,False,-9.22392228210525
876,14.598538893100834,873.0,629.0,825.0,861.0,-0.1633423209977941,-0.20401797959254858,-9.358825609044729,-2.3305435663944674,-0.16334232099779422,False,-9.358825609044734,-0.20401797959254964,False,-11.689369175439253
877,14.61520389183725,866.0,627.0,808.0,857.0,-0.17926283240694726,-0.24702365005121815,-10.27100372047908,-3.882408867372317,-0.1792628324069474,False,-10.271003720479086,-0.24702365005121862,False,-14.15341258785143
878,14.631868890573667,860.0,626.0,792.0,853.0,-0.1926480771747091,-0.2910525907812059,-11.0379217534214,-5.638163314689951,-0.192648077174709,False,-11.037921753421394,-0.2910525907812058,False,-16.676085068111345
879,14.648533889310084,855.0,625.0,778.0,848.0,-0.20386935805838238,-0.33247400392925547,-11.68085378878671,-7.36850343417557,-0.20386935805838258,False,-11.68085378878672,-0.3324740039292564,False,-19.049357222962342
880,14.665198888046499,851.0,623.0,766.0,844.0,-0.21340457718125924,-0.3671738338182192,-12.22718160125999,-8.810329424161841,-0.21340457718125938,False,-12.227181601259996,-0.3671738338182209,False,-21.037511025421914
881,14.681863886782915,848.0,623.0,755.0,840.0,-0.21986368843570622,-0.40489178628508343,-12.597261415545251,-10.601329098102926,-0.21986368843570636,False,-12.59726141554526,-0.40489178628508427,False,-23.198590513648238
882,14.698528885519332,845.0,622.0,747.0,837.0,-0.22679884805388587,-0.42767828083120013,-12.994616791916505,-11.50954368912205,-0.22679884805388584,False,-12.994616791916503,-0.4276782808311985,False,-24.504160481038454
883,14.715193884255749,844.0,622.0,741.0,834.0,-0.22894583071703106,-0.4522629016485536,-13.117629837202482,-12.795125657599886,-0.22894583071703112,False,-13.117629837202486,-0.45226290164855243,False,-25.912755494802294
884,14.731858882992166,843.0,622.0,738.0,832.0,-0.23109066719589708,-0.4636476090008061,-13.240519915187205,-13.32453126189078,-0.23109066719589721,False,-13.240519915187212,-0.46364760900080526,False,-26.56505117707794
885,14.748523881728582,844.0,622.0,736.0,831.0,-0.22894583071703106,-0.4769548082495407,-13.117629837202482,-14.209867693967658,-0.22894583071703112,False,-13.117629837202486,-0.4769548082495412,False,-27.32749753117017
886,14.765188880464999,845.0,622.0,737.0,832.0,-0.22679884805388587,-0.47501075626509687,-12.994616791916505,-14.221494765390979,-0.22679884805388584,False,-12.994616791916503,-0.47501075626509603,False,-27.21611155730743
887,14.781853879201416,847.0,623.0,741.0,833.0,-0.22201261624079507,-0.46744987204615696,-12.720385909255155,-14.062518892919988,-0.22201261624079516,False,-12.720385909255159,-0.4674498720461564,False,-26.78290480217512
888,14.79851887793783,850.0,623.0,746.0,835.0,-0.21555965189963744,-0.4560719963496107,-12.350658287158403,-13.780342257780177,-0.21555965189963722,False,-12.35065828715839,-0.4560719963496105,False,-26.13100054493857
889,14.815183876674247,854.0,624.0,754.0,838.0,-0.20647442842569014,-0.43713866872033735,-11.83011332616804,-13.21608745347475,-0.20647442842569008,False,-11.830113326168036,-0.4371386687203369,False,-25.04620077964276
890,14.831848875410664,859.0,625.0,764.0,842.0,-0.19523386844831797,-0.4126521626465833,-11.186076680100946,-12.457150646494268,-0.19523386844831814,False,-11.186076680100955,-0.4126521626465838,False,-23.643227326595248
891,14.84851387414708,864.0,627.0,776.0,846.0,-0.18359143241291814,-0.3820799399363353,-10.519014232021513,-11.372553762942498,-0.1835914324129182,False,-10.519014232021517,-0.38207993993633593,False,-21.891567994964042
892,14.865178872883497,870.0,628.0,789.0,850.0,-0.1702119252854744,-0.3498556018570981,-9.752424941653784,-10.29282448376722,-0.17021192528547457,False,-9.752424941653793,-0.3498556018570973,False,-20.045249425420963
893,14.881843871619914,878.0,630.0,804.0,854.0,-0.1521483264331748,-0.3190695956723733,-8.71745696459966,-9.56388423837296,-0.15214832643317466,False,-8.71745696459965,-0.31906959567237436,False,-18.281341202972687
894,14.89850887035633,885.0,631.0,820.0,858.0,-0.13661596048902647,-0.27888139250551586,-7.827517950147227,-8.151208825150176,-0.13661596048902647,False,-7.827517950147227,-0.27888139250551447,False,-15.978726775297327
895,14.915173869092747,893.0,632.0,837.0,861.0,-0.11890545721254882,-0.23983467557654625,-6.812780859352442,-6.9287338320729805,-0.11890545721254897,False,-6.81278085935245,-0.23983467557654592,False,-13.741514691425404
896,14.931838867829164,902.0,633.0,856.0,865.0,-0.09901291488023128,-0.1957371865774664,-5.67302213992532,-5.541892544728244,-0.09901291488023123,False,-5.673022139925316,-0.19573718657746753,False,-11.214914684653635
897,14.948503866565579,910.0,634.0,875.0,868.0,-0.0813180798519077,-0.14847197480207144,-4.659182773622126,-3.847634758509263,-0.08131807985190775,False,-4.6591827736221285,-0.14847197480207086,False,-8.506817532131366
898,14.965168865301996,919.0,635.0,894.0,870.0,-0.061460955882765955,-0.10598435798959989,-3.521453376922238,-2.5510030302854614,-0.06146095588276612,False,-3.521453376922248,-0.10598435798959827,False,-6.072456407207607
899,14.981833864038412,928.0,635.0,915.0,871.0,-0.0417339951327062,-0.05502913189365728,-2.3911817833235856,-0.7617552244517404,-0.04173399513270626,False,-2.3911817833235887,-0.05502913189365799,False,-3.1529370077753547
900,14.998498862774829,937.0,636.0,935.0,872.0,-0.02192631009880022,-0.008474373402970617,-1.2562850289563277,0.7707391989481979,-0.021926310098800084,False,-1.2562850289563199,-0.00847437340297219,False,-0.48554583000822377
901,15.015163861511246,946.0,636.0,954.0,872.0,-0.002192978940673848,0.033885329904117606,-0.12564843786168162,2.067134828776053,-0.0021929789406738287,False,-0.12564843786168053,0.03388532990411619,False,1.9414863909142963
902,15.031828860247662,955.0,636.0,974.0,871.0,0.017542060057402487,0.08067557996359599,1.0050860052541812,3.617284236430046,0.01754206005740233,False,1.0050860052541721,0.08067557996359653,False,4.622370241684269
903,15.048493858984079,963.0,635.0,993.0,870.0,0.0351503513672087,0.12697278961407893,2.0139667817429614,5.261038176146305,0.0351503513672089,False,2.013966781742973,0.12697278961407932,False,7.275004957889278
904,15.065158857720496,971.0,634.0,1009.0,868.0,0.052814275479653866,0.16098781377080748,3.026035083025438,6.197887199079912,0.052814275479653894,False,3.0260350830254397,0.16098781377080584,False,9.22392228210525
905,15.08182385645691,979.0,634.0,1026.0,865.0,0.07036820394690929,0.20072333458743719,4.031801098073724,7.468798823578731,0.07036820394690935,False,4.0318010980737276,0.20072333458743685,False,11.500599921652434
906,15.098488855193327,985.0,633.0,1041.0,863.0,0.08368927713865065,0.23883119958465762,4.795042370545369,8.88897738170214,0.08368927713865082,False,4.795042370545379,0.23883119958465926,False,13.684019752247595
907,15.115153853929744,991.0,632.0,1053.0,860.0,0.0970393859819995,0.2655096587899116,5.559947263309535,9.65263560531095,0.09703938598199935,False,5.559947263309526,0.26550965878991306,False,15.21258286862058
908,15.13181885266616,997.0,631.0,1065.0,857.0,0.11041385296258942,0.29226848261129845,6.326247774534415,10.419502763785681,0.11041385296258932,False,6.3262477745344095,0.29226848261129845,False,16.74575053832009
909,15.148483851402577,1001.0,630.0,1075.0,855.0,0.11942892601833845,0.31774523536139215,6.84277341263094,11.362687533967824,0.11942892601833854,False,6.842773412630946,0.317745235361393,False,18.205460946598823
910,15.165148850138994,1005.0,630.0,1082.0,853.0,0.1281822038537019,0.33247400392925547,7.3442992895026755,11.7050579334596,0.12818220385370171,False,7.344299289502665,0.3324740039292564,False,19.049357222962342
911,15.18181384887541,1007.0,629.0,1088.0,851.0,0.1328432901293876,0.3498556018570981,7.611359861045816,12.433889564375178,0.13284329012938745,False,7.611359861045808,0.3498556018570973,False,20.045249425420963
912,15.198478847611828,1009.0,629.0,1091.0,850.0,0.13721690156807098,0.3552950139583206,7.861949337712515,12.494955444140937,0.13721690156807087,False,7.861949337712509,0.35529501395831886,False,20.356904781853345
913,15.215143846348242,1010.0,629.0,1093.0,850.0,0.1394017385106767,0.3592664560504758,7.987131273448089,12.597320378866446,0.1394017385106765,False,7.987131273448077,0.35926645605047725,False,20.584451652314623
914,15.23180884508466,1009.0,629.0,1092.0,850.0,0.13721690156807098,0.3592664560504758,7.861949337712515,12.722502314602039,0.13721690156807087,False,7.861949337712509,0.35926645605047725,False,20.584451652314623
915,15.248473843821076,1008.0,629.0,1090.0,850.0,0.1350307455342165,0.3552950139583206,7.736691823615595,12.620212958237847,0.13503074553421657,False,7.736691823615598,0.35529501395831886,False,20.356904781853345
916,15.265138842557493,1006.0,630.0,1085.0,852.0,0.13036749383571414,0.34188206252704473,7.469507182484196,12.118892091543188,0.13036749383571422,False,7.469507182484201,0.3418820625270449,False,19.58839927402739
917,15.28180384129391,1003.0,630.0,1079.0,853.0,0.12380794864947099,0.3284618630279648,7.093672927787108,11.725805554719408,0.1238079486494712,False,7.093672927787121,0.32846186302796454,False,18.819478482506504
918,15.298468840030326,999.0,631.0,1072.0,855.0,0.11479244450142707,0.3150392457653196,6.577122589921505,11.473296573415999,0.11479244450142723,False,6.5771225899215136,0.3150392457653197,False,18.050419163337512
919,15.315133838766743,994.0,632.0,1063.0,858.0,0.10360995023518131,0.29632096365471494,5.93641286403638,11.041527734628243,0.10360995023518127,False,5.936412864036378,0.29632096365471483,False,16.97794059866462
920,15.33179883750316,988.0,633.0,1052.0,860.0,0.09026179804979965,0.27480520613523457,5.171620079515685,10.573558420255852,0.0902617980497995,False,5.171620079515677,0.27480520613523396,False,15.745178499771503
921,15.348463836239574,982.0,633.0,1041.0,862.0,0.07710950098011111,0.2521580269545241,4.418048966520252,10.02954174832002,0.07710950098011127,False,4.41804896652026,0.2521580269545254,False,14.447590714840356
922,15.365128834975991,974.0,634.0,1028.0,864.0,0.0594014004181607,0.2306059362595526,3.4034495411272516,9.809297337208,0.059401400418160666,False,3.4034495411272494,0.23060593625955406,False,13.212746878335325
923,15.381793833712408,966.0,635.0,1013.0,866.0,0.0417339951327062,0.20072333458743719,2.3911817833235856,9.10941813832887,0.04173399513270626,False,2.3911817833235887,0.20072333458743685,False,11.500599921652434
924,15.398458832448824,958.0,635.0,998.0,868.0,0.0241711158083785,0.1700165110096919,1.384902921942033,8.35632560645281,0.024171115808378385,False,1.3849029219420266,0.17001651100969184,False,9.741228528394837
925,15.415123831185241,948.0,635.0,983.0,869.0,0.0021977986591058597,0.14847197480207144,0.12592458738627732,8.38089294474512,0.002197798659105743,False,0.12592458738627063,0.14847197480207086,False,8.506817532131366
926,15.431788829921658,940.0,635.0,966.0,871.0,-0.01538340178059515,0.10972698888407616,-0.8814039965821377,7.168297358318589,-0.01538340178059494,False,-0.8814039965821258,0.10972698888407706,False,6.286893361736514
927,15.448453828658074,930.0,635.0,948.0,871.0,-0.037345266244523126,0.07612380322052725,-2.139726140603553,6.501298785624151,-0.03734526624452306,False,-2.139726140603549,0.07612380322052559,False,4.3615726450205
928,15.465118827394491,921.0,635.0,931.0,871.0,-0.0570807824062646,0.042347549020575824,-3.2704879231835653,5.696823754785914,-0.057080782406264685,False,-3.27048792318357,0.042347549020576025,False,2.426335831602369
929,15.481783826130908,912.0,634.0,913.0,871.0,-0.07694032650483669,0.004219384243003488,-4.408355983085687,4.650108892353785,-0.07694032650483651,False,-4.408355983085676,0.004219384243004498,False,0.24175290926815948
930,15.498448824867323,904.0,633.0,895.0,870.0,-0.0946391737974575,-0.03795644518831435,-5.422425235199403,3.2476811205893488,-0.09463917379745768,False,-5.422425235199413,-0.03795644518831409,False,-2.174744114610039
931,15.51511382360374,896.0,632.0,879.0,868.0,-0.11235666114988678,-0.07190969295698986,-6.437562484070016,2.3174405715528645,-0.11235666114988696,False,-6.437562484070026,-0.07190969295698935,False,-4.12012191251711
932,15.531778822340156,888.0,631.0,861.0,866.0,-0.13008168405717563,-0.11439203107265948,-7.453131488430371,0.89895089803762,-0.13008168405717546,False,-7.453131488430361,-0.11439203107265783,False,-6.554180590392665
933,15.548443821076573,881.0,630.0,845.0,863.0,-0.14562838057082264,-0.1532942815467293,-8.343891584033095,-0.43922377208466606,-0.14562838057082272,False,-8.3438915840331,-0.15329428154672797,False,-8.78311535611769
934,15.56510881981299,875.0,629.0,830.0,861.0,-0.15900269550865045,-0.19158649656275636,-9.110183383849401,-1.8669142808941948,-0.15900269550865032,False,-9.110183383849394,-0.19158649656275628,False,-10.977097664743589
935,15.581773818549406,870.0,628.0,816.0,858.0,-0.1702119252854744,-0.2306059362595526,-9.752424941653784,-3.460321936681456,-0.17021192528547457,False,-9.752424941653793,-0.23060593625955406,False,-13.212746878335325
936,15.598438817285823,865.0,627.0,803.0,855.0,-0.18142799170140686,-0.2655096587899116,-10.395058210025137,-4.8175246585953575,-0.181427991701407,False,-10.395058210025145,-0.26550965878991306,False,-15.21258286862058
937,15.61510381602224,861.0,626.0,793.0,852.0,-0.19048720688613296,-0.29226848261129845,-10.914113005810771,-5.8316375325093075,-0.1904872068861332,False,-10.914113005810783,-0.29226848261129845,False,-16.74575053832009
938,15.631768814758654,858.0,625.0,781.0,849.0,-0.19739555984988075,-0.3310960767041321,-11.309932474020213,-7.660475334466343,-0.19739555984988089,False,-11.30993247402022,-0.33109607670413155,False,-18.970407808486513
939,15.648433813495071,856.0,624.0,774.0,846.0,-0.2021553681271201,-0.3538251121739431,-11.582649399597463,-8.690036213712393,-0.2021553681271202,False,-11.58264939959747,-0.3538251121739435,False,-20.27268561330989
940,15.665098812231488,855.0,624.0,768.0,844.0,-0.20431586460012127,-0.3765817504806407,-11.70643672915333,-9.870108215036046,-0.20431586460012108,False,-11.70643672915332,-0.37658175048063924,False,-21.57654494418929
941,15.681763810967905,854.0,624.0,764.0,842.0,-0.20647442842569014,-0.3915295526610869,-11.83011332616804,-10.602877595957354,-0.20647442842569008,False,-11.830113326168036,-0.3915295526610869,False,-22.43299092212539
942,15.698428809704321,854.0,624.0,762.0,841.0,-0.20647442842569014,-0.4009920846051986,-11.83011332616804,-11.145040739862665,-0.20647442842569008,False,-11.830113326168036,-0.40099208460519975,False,-22.97515406603078
943,15.715093808440738,855.0,624.0,762.0,841.0,-0.20431586460012127,-0.40489178628508343,-11.70643672915333,-11.492153784494867,-0.20431586460012108,False,-11.70643672915332,-0.40489178628508427,False,-23.198590513648238
944,15.731758807177155,857.0,625.0,764.0,842.0,-0.19955538370528714,-0.40489178628508343,-11.433681265426673,-11.764909248221507,-0.19955538370528725,False,-11.43368126542668,-0.40489178628508427,False,-23.198590513648238
945,15.748423805913571,860.0,626.0,768.0,843.0,-0.1926480771747091,-0.4009920846051986,-11.0379217534214,-11.937232312609307,-0.192648077174709,False,-11.037921753421394,-0.40099208460519975,False,-22.97515406603078
946,15.765088804649986,863.0,626.0,774.0,845.0,-0.18616007759191802,-0.38600514337174185,-10.666186759844832,-11.450278825698208,-0.18616007759191788,False,-10.666186759844825,-0.3860051433717402,False,-22.116465585542958
947,15.781753803386403,867.0,627.0,783.0,848.0,-0.17709597280511205,-0.36322608633380205,-10.146851810496523,-10.664469945484798,-0.17709597280511202,False,-10.146851810496521,-0.36322608633380327,False,-20.811321755981396
948,15.79841880212282,871.0,628.0,792.0,851.0,-0.16804302533816318,-0.3404649468595299,-9.628156128486703,-9.87904839871021,-0.16804302533816307,False,-9.628156128486697,-0.3404649468595302,False,-19.507204527196933
949,15.815083800859236,877.0,629.0,803.0,853.0,-0.1546570218663482,-0.3190695956723733,-8.861194625004238,-9.420146577968378,-0.1546570218663481,False,-8.861194625004233,-0.31906959567237436,False,-18.281341202972687
950,15.831748799595653,883.0,630.0,816.0,857.0,-0.14127477714870432,-0.28700518487114873,-8.094448482272004,-8.349737309216776,-0.14127477714870418,False,-8.094448482271996,-0.28700518487114834,False,-16.444185791488746
951,15.84841379833207,889.0,631.0,829.0,859.0,-0.12790107897380007,-0.25732371497108864,-7.328192020368178,-7.4153708161025556,-0.1279010789738,False,-7.328192020368173,-0.25732371497108986,False,-14.743562836470804
952,15.865078797068486,896.0,632.0,843.0,862.0,-0.11235666114988678,-0.22648128693404307,-6.437562484070016,-6.538859395942054,-0.11235666114988696,False,-6.437562484070026,-0.22648128693404246,False,-12.97642188001203
953,15.881743795804903,903.0,633.0,860.0,865.0,-0.09682650885402476,-0.18326516206755578,-5.547750302321716,-4.95257001593026,-0.09682650885402477,False,-5.547750302321717,-0.18326516206755628,False,-10.500320318252003
954,15.89840879454132,911.0,634.0,876.0,867.0,-0.07912958309519741,-0.14909981119508364,-4.533791145984557,-4.0089987616911555,-0.07912958309519746,False,-4.53379114598456,-0.1490998111950823,False,-8.542789907675639
955,15.915073793277735,919.0,634.0,892.0,869.0,-0.061595990653398845,-0.11439203107265948,-3.52919029936702,-3.0249902910257416,-0.061595990653398935,False,-3.5291902993670248,-0.11439203107265783,False,-6.554180590392665
956,15.931738792014151,926.0,635.0,910.0,870.0,-0.0461211160145112,-0.06798019333723407,-2.642545294064724,-1.2524328746421527,-0.04612111601451119,False,-2.642545294064723,-0.0679801933372346,False,-3.8949781687069014
957,15.948403790750568,934.0,635.0,926.0,871.0,-0.028563657838759995,-0.033885329904117606,-1.6365770416167182,-0.30490934929765257,-0.028563657838760026,False,-1.63657704161672,-0.03388532990411619,False,-1.9414863909142963
958,15.965068789486985,942.0,635.0,943.0,871.0,-0.010988568682733619,0.004237262776246715,-0.6295986084102668,0.8723758821770922,-0.010988568682733568,False,-0.6295986084102639,0.0042372627762468085,False,0.24277727376682823
959,15.981733788223401,949.0,635.0,960.0,871.0,0.004395576086279828,0.04657645976759853,0.25184795827246637,2.4167866110718195,0.004395576086279718,False,0.25184795827246004,0.04657645976759994,False,2.668634569344356
960,15.998398786959818,957.0,635.0,976.0,871.0,0.021974484296662558,0.08033520628225284,1.2590452071752678,3.343823059110683,0.02197448429666249,False,1.2590452071752638,0.08033520628225332,False,4.602868266285972
961,16.015063785696235,964.0,634.0,991.0,869.0,0.03742744782696203,0.11439203107265948,2.1444347984310084,4.409745791961744,0.037427447826961835,False,2.1444347984309973,0.11439203107265783,False,6.554180590392665
962,16.03172878443265,970.0,634.0,1005.0,867.0,0.05061751899241546,0.14909981119508364,2.900170207688693,5.642619699987013,0.05061751899241562,False,2.9001702076887024,0.1490998111950823,False,8.542789907675639
963,16.048393783169068,976.0,633.0,1018.0,866.0,0.06393042077262162,0.17834235625063474,3.6629432927667063,6.5553210288132515,0.06393042077262168,False,3.66294329276671,0.178342356250635,False,10.218264321579962
964,16.065058781905485,981.0,633.0,1030.0,864.0,0.07491472642874492,0.20902294280626463,4.29229764774425,7.68383479645911,0.07491472642874486,False,4.292297647744246,0.2090229428062642,False,11.976132444203332
965,16.0817237806419,985.0,632.0,1040.0,862.0,0.08387356423646743,0.2347226124851971,4.805601243468985,8.643013808217521,0.08387356423646741,False,4.805601243468984,0.23472261248519644,False,13.44861505168648
966,16.09838877937832,989.0,632.0,1049.0,860.0,0.09265430019257849,0.25732371497108864,5.308700354772919,9.434862481697818,0.09265430019257836,False,5.308700354772911,0.25732371497108986,False,14.743562836470804
967,16.11505377811473,993.0,631.0,1056.0,858.0,0.1016440669541142,0.2707196292562142,5.823776049015904,9.687316138711527,0.1016440669541141,False,5.8237760490158985,0.27071962925621307,False,15.511092187727375
968,16.131718776851148,995.0,631.0,1062.0,857.0,0.10603100630789418,0.2882060948349638,6.0751291589673455,10.437863705023236,0.10603100630789397,False,6.075129158967334,0.2882060948349654,False,16.51299286399067
969,16.148383775587565,996.0,630.0,1065.0,856.0,0.1084615672248089,0.29632096365471494,6.214390041356007,10.763550557308632,0.10846156722480904,False,6.214390041356015,0.29632096365471483,False,16.97794059866462
970,16.16504877432398,997.0,630.0,1067.0,856.0,0.11065722117389565,0.3003634415449125,6.34019174590991,10.869365774637979,0.11065722117389587,False,6.340191745909922,0.30036344154491346,False,17.209557520547953
971,16.181713773060398,997.0,631.0,1067.0,856.0,0.11041385296258942,0.30161904626623964,6.326247774534415,10.955250597282218,0.11041385296258932,False,6.3262477745344095,0.30161904626623937,False,17.281498371816628
972,16.198378771796815,996.0,631.0,1065.0,856.0,0.10822295139595967,0.2975617247378059,6.2007183614379295,10.848312610671897,0.10822295139595983,False,6.200718361437939,0.2975617247378075,False,17.049030972109914
973,16.21504377053323,995.0,631.0,1062.0,857.0,0.10603100630789418,0.2882060948349638,6.0751291589673455,10.437863705023236,0.10603100630789397,False,6.075129158967334,0.2882060948349654,False,16.51299286399067
974,16.23170876926965,992.0,631.0,1057.0,858.0,0.09944911352652225,0.27888139250551586,5.698014481387111,10.280712293910288,0.0994491135265223,False,5.698014481387115,0.27888139250551447,False,15.978726775297327
975,16.248373768006065,989.0,632.0,1051.0,859.0,0.09265430019257849,0.26662476624138154,5.308700354772919,9.967773464520382,0.09265430019257836,False,5.308700354772911,0.26662476624138165,False,15.276473819293319
976,16.26503876674248,985.0,632.0,1043.0,861.0,0.08387356423646743,0.24805873552229335,4.805601243468985,9.407117373310328,0.08387356423646741,False,4.805601243468984,0.2480587355222923,False,14.212718616779261
977,16.2817037654789,980.0,633.0,1034.0,862.0,0.072719228553254,0.23157740358968107,4.166504885548681,9.101902970737765,0.07271922855325386,False,4.166504885548673,0.23157740358968226,False,13.268407856286514
978,16.298368764215315,975.0,633.0,1025.0,864.0,0.06173161933997215,0.21316188819196974,3.536961250688573,8.676315295750827,0.06173161933997218,False,3.536961250688574,0.21316188819196924,False,12.213276546439376
979,16.31503376295173,968.0,634.0,1014.0,866.0,0.04622255989878771,0.1957371865774664,2.648357600491181,8.566557084162389,0.04622255989878754,False,2.6483576004911717,0.19573718657746753,False,11.214914684653635
980,16.33169876168815,961.0,634.0,1002.0,867.0,0.03082723546165833,0.17418248308264742,1.7662704860090483,8.213650659735515,0.030827235461658553,False,1.766270486009061,0.17418248308264594,False,9.979921145744473
981,16.348363760424565,954.0,635.0,990.0,868.0,0.01538340178059515,0.1532942815467293,0.8814039965821377,7.901711359535641,0.01538340178059494,False,0.8814039965821258,0.15329428154672797,False,8.78311535611769
982,16.36502875916098,946.0,635.0,977.0,869.0,-0.0021977986591058597,0.13171166687264657,-0.12592458738627732,7.672447211821978,-0.002197798659105743,False,-0.12592458738627063,0.13171166687264702,False,7.546522624435733
983,16.381693757897395,939.0,635.0,962.0,870.0,-0.017580606100632057,0.09756161810402565,-1.0072945308481642,6.5971634906759515,-0.017580606100632057,False,-1.0072945308481642,0.0975616181040273,False,5.589868959827889
984,16.39835875663381,931.0,635.0,948.0,870.0,-0.0351503513672087,0.07221463115270767,-2.0139667817429614,6.151560365887076,-0.0351503513672089,False,-2.013966781742973,0.07221463115270765,False,4.137593584144104
985,16.41502375537023,923.0,634.0,934.0,870.0,-0.052814275479653866,0.04657645976759853,-3.026035083025438,5.694669652369719,-0.052814275479653894,False,-3.0260350830254397,0.04657645976759994,False,2.668634569344356
986,16.431688754106645,916.0,634.0,918.0,870.0,-0.06817611444382732,0.008474373402970617,-3.906203621232197,4.391749451240332,-0.0681761144438271,False,-3.9062036212321845,0.00847437340297219,False,0.48554583000822377
987,16.44835375284306,908.0,633.0,904.0,870.0,-0.0858809510609847,-0.01687603484692138,-4.920616036363993,3.953690464719693,-0.08588095106098459,False,-4.920616036363986,-0.016876034846919907,False,-0.966925571644217
988,16.46501875157948,901.0,632.0,890.0,868.0,-0.10142073129403499,-0.04657645976759853,-5.810979858278597,3.142345288934328,-0.10142073129403517,False,-5.810979858278608,-0.04657645976759994,False,-2.668634569344356
989,16.481683750315895,895.0,632.0,875.0,867.0,-0.11454069679668132,-0.08490179344972196,-6.562698508937467,1.6981840711769371,-0.11454069679668111,False,-6.562698508937456,-0.08490179344972049,False,-4.864514437760442
990,16.49834874905231,889.0,631.0,862.0,866.0,-0.12790107897380007,-0.11439203107265948,-7.328192020368178,0.7740114299754067,-0.1279010789738,False,-7.328192020368173,-0.11439203107265783,False,-6.554180590392665
991,16.51501374778873,883.0,630.0,849.0,864.0,-0.14127477714870432,-0.14428939453774245,-8.094448482272004,-0.1727248532386232,-0.14127477714870418,False,-8.094448482271996,-0.14428939453774348,False,-8.267173335510694
992,16.531678746525145,878.0,629.0,837.0,862.0,-0.15248196438009143,-0.17418248308264742,-8.73657301084339,-1.243348134901172,-0.1524819643800912,False,-8.736573010843378,-0.17418248308264594,False,-9.979921145744473
993,16.548343745261562,874.0,628.0,826.0,860.0,-0.16152681711990688,-0.20401797959254858,-9.254804899152155,-2.4345642762870323,-0.16152681711990668,False,-9.254804899152145,-0.20401797959254964,False,-11.689369175439253
994,16.56500874399798,871.0,627.0,816.0,857.0,-0.16841190005933723,-0.2347226124851971,-9.649291093179041,-3.7993239585074674,-0.16841190005933715,False,-9.649291093179038,-0.23472261248519644,False,-13.44861505168648
995,16.581673742734395,868.0,627.0,806.0,855.0,-0.1749274312640553,-0.2655096587899116,-10.022603532495175,-5.18997933612532,-0.1749274312640554,False,-10.022603532495182,-0.26550965878991306,False,-15.21258286862058
996,16.598338741470812,866.0,627.0,800.0,853.0,-0.17926283240694726,-0.28413389852586585,-10.27100372047908,-6.008669481651432,-0.1792628324069474,False,-10.271003720479086,-0.2841338985258659,False,-16.279673202130517
997,16.61500374020723,865.0,626.0,794.0,852.0,-0.18182588382252443,-0.30439582164468676,-10.417855749266682,-7.022740132390833,-0.1818258838225244,False,-10.41785574926668,-0.30439582164468604,False,-17.44059588165746
998,16.631668738943645,864.0,626.0,790.0,850.0,-0.18399385468248075,-0.3190695956723733,-10.542071329649527,-7.739269873323103,-0.18399385468248086,False,-10.542071329649533,-0.31906959567237436,False,-18.281341202972687
999,16.648333737680062,865.0,626.0,788.0,849.0,-0.18182588382252443,-0.33247400392925547,-10.417855749266682,-8.63150147369561,-0.1818258838225244,False,-10.41785574926668,-0.3324740039292564,False,-19.049357222962342
1000,16.664998736416475,866.0,626.0,788.0,849.0,-0.17965618329938,-0.3364750591017295,-10.29354106648318,-8.985059731460867,-0.17965618329938016,False,-10.293541066483188,-0.3364750591017298,False,-19.278600797944055
1001,16.681663735152892,867.0,627.0,789.0,849.0,-0.17709597280511205,-0.33787818824027843,-10.146851810496523,-9.212142365198194,-0.17709597280511202,False,-10.146851810496521,-0.3378781882402784,False,-19.358994175694715
1002,16.69832873388931,870.0,627.0,792.0,850.0,-0.17058537629510354,-0.3364750591017295,-9.773822108360433,-9.504778689583599,-0.1705853762951035,False,-9.77382210836043,-0.3364750591017298,False,-19.278600797944055
1003,16.714993732625725,872.0,628.0,796.0,851.0,-0.1658725281749212,-0.3284618630279648,-9.50379580158782,-9.315682680918698,-0.16587252817492137,False,-9.503795801587831,-0.32846186302796454,False,-18.819478482506504
1004,16.731658731362142,876.0,628.0,803.0,853.0,-0.15717494282186167,-0.31372933605498354,-9.005460868902707,-8.969905996489342,-0.15717494282186184,False,-9.005460868902718,-0.3137293360549833,False,-17.975366865392033
1005,16.74832373009856,879.0,629.0,811.0,855.0,-0.1503054518905845,-0.29226848261129845,-8.611868031137131,-8.133882507182964,-0.15030545189058442,False,-8.611868031137128,-0.29226848261129845,False,-16.74575053832009
1006,16.764988728834975,884.0,630.0,820.0,857.0,-0.13909594148207133,-0.27480520613523457,-7.96961039432136,-7.775568105450177,-0.13909594148207116,False,-7.96961039432135,-0.27480520613523396,False,-15.745178499771503
1007,16.781653727571392,889.0,631.0,831.0,859.0,-0.12790107897380007,-0.24910235109274495,-7.328192020368178,-6.944321364032155,-0.1279010789738,False,-7.328192020368173,-0.2491023510927448,False,-14.272513384400328
1008,16.79831872630781,894.0,631.0,841.0,861.0,-0.11698009411086492,-0.22648128693404307,-6.702465679595736,-6.273956200416328,-0.11698009411086474,False,-6.7024656795957265,-0.22648128693404246,False,-12.97642188001203
1009,16.814983725044225,900.0,632.0,853.0,863.0,-0.10360995023518131,-0.20072333458743719,-5.93641286403638,-5.56418705761608,-0.10360995023518127,False,-5.936412864036378,-0.20072333458743685,False,-11.500599921652434
1010,16.831648723780642,906.0,633.0,866.0,865.0,-0.09026179804979965,-0.1707352114752828,-5.171620079515685,-4.610786952291604,-0.0902617980497995,False,-5.171620079515677,-0.17073521147528226,False,-9.782407031807255
1011,16.84831372251706,913.0,634.0,879.0,867.0,-0.07475033068130656,-0.14490004858016167,-4.282878465246133,-4.019282769637736,-0.07475033068130665,False,-4.282878465246139,-0.14490004858016192,False,-8.302161234883874
1012,16.864978721253475,919.0,634.0,892.0,869.0,-0.061595990653398845,-0.11439203107265948,-3.52919029936702,-3.0249902910257416,-0.061595990653398935,False,-3.5291902993670248,-0.11439203107265783,False,-6.554180590392665
1013,16.881643719989892,926.0,634.0,907.0,870.0,-0.04622255989878771,-0.08033520628225284,-2.648357600491181,-1.9545106657947753,-0.04622255989878754,False,-2.6483576004911717,-0.08033520628225332,False,-4.602868266285972
1014,16.89830871872631,932.0,635.0,920.0,871.0,-0.03295509761429812,-0.050803704058221655,-1.8881880067409305,-1.0226498194268148,-0.03295509761429827,False,-1.888188006740939,-0.050803704058221655,False,-2.9108378261677537
1015,16.914973717462725,939.0,635.0,934.0,871.0,-0.017580606100632057,-0.021183271578959544,-1.0072945308481642,-0.20641752690564216,-0.017580606100632057,False,-1.0072945308481642,-0.02118327157895905,False,-1.213712057753781
1016,16.93163871619914,945.0,635.0,949.0,871.0,-0.004395576086279828,0.01694752980640491,-0.25184795827246637,1.2228698893516325,-0.004395576086279718,False,-0.25184795827246004,0.016947529806405015,False,0.9710219310791725
1017,16.948303714935555,951.0,634.0,962.0,870.0,0.008810344720775971,0.04657645976759853,0.5047955685558289,2.163839000788454,0.008810344720775909,False,0.5047955685558253,0.04657645976759994,False,2.668634569344356
1018,16.964968713671972,957.0,634.0,974.0,870.0,0.022022870612974532,0.07190969295698986,1.261817538886129,2.8583043736310163,0.022022870612974366,False,1.2618175388861195,0.07190969295698935,False,4.12012191251711
1019,16.98163371240839,963.0,634.0,987.0,869.0,0.035227711080049844,0.1017747993348465,2.018399166793103,3.812867295884463,0.03522771108004985,False,2.0183991667931034,0.1017747993348479,False,5.831266462677642
1020,16.998298711144805,967.0,634.0,998.0,868.0,0.044024399438767146,0.13171166687264657,2.5224122834394676,5.024110340996234,0.04402439943876724,False,2.522412283439473,0.13171166687264702,False,7.546522624435733
1021,17.014963709881222,972.0,633.0,1007.0,866.0,0.055131712255685916,0.14909981119508364,3.1588144295804788,5.383975478095244,0.055131712255685805,False,3.1588144295804725,0.1490998111950823,False,8.542789907675639
1022,17.03162870861764,976.0,633.0,1017.0,865.0,0.06393042077262162,0.17491808048840873,3.6629432927667063,6.359124479748744,0.06393042077262168,False,3.66294329276671,0.1749180804884105,False,10.022067772515555
1023,17.048293707354055,979.0,633.0,1024.0,864.0,0.070523028171793,0.19239560151592244,4.0406718727259445,6.982784091017185,0.07052302817179301,False,4.040671872725945,0.19239560151592272,False,11.023455963743155
1024,17.064958706090472,981.0,632.0,1031.0,863.0,0.07507984550723963,0.21316188819196974,4.301758274059086,7.9115182723803255,0.07507984550723945,False,4.301758274059076,0.21316188819196924,False,12.213276546439376
1025,17.08162370482689,983.0,632.0,1036.0,862.0,0.07947824460820657,0.22648128693404307,4.553767979158628,8.42265390085343,0.07947824460820652,False,4.553767979158624,0.22648128693404246,False,12.97642188001203
1026,17.098288703563306,984.0,632.0,1040.0,861.0,0.08167629977394518,0.23983467557654625,4.679707263292379,9.061807428133031,0.08167629977394508,False,4.679707263292373,0.23983467557654592,False,13.741514691425404
1027,17.114953702299722,985.0,632.0,1042.0,860.0,0.08387356423646743,0.24497866312686414,4.805601243468985,9.2306422244575,0.08387356423646741,False,4.805601243468984,0.24497866312686511,False,14.036243467926534
1028,17.13161870103614,985.0,632.0,1042.0,860.0,0.08387356423646743,0.24497866312686414,4.805601243468985,9.2306422244575,0.08387356423646741,False,4.805601243468984,0.24497866312686511,False,14.036243467926534
1029,17.148283699772556,984.0,632.0,1041.0,860.0,0.08167629977394518,0.24497866312686414,4.679707263292379,9.35653620463411,0.08167629977394508,False,4.679707263292373,0.24497866312686511,False,14.036243467926534
1030,17.164948698508972,983.0,632.0,1038.0,861.0,0.07947824460820657,0.23571013348567063,4.553767979158628,8.951427858035562,0.07947824460820652,False,4.553767979158624,0.2357101334856715,False,13.505195837194236
1031,17.18161369724539,981.0,632.0,1034.0,862.0,0.07507984550723963,0.22648128693404307,4.301758274059086,8.67466360595298,0.07507984550723945,False,4.301758274059076,0.22648128693404246,False,12.97642188001203
1032,17.198278695981806,979.0,632.0,1029.0,863.0,0.0706785340506056,0.21316188819196974,4.04958170327138,8.163694843168026,0.07067853405060553,False,4.049581703271376,0.21316188819196924,False,12.213276546439376
1033,17.21494369471822,975.0,633.0,1023.0,864.0,0.06173161933997215,0.20487671703710847,3.536961250688573,8.201609956033746,0.06173161933997218,False,3.536961250688574,0.2048767170371093,False,11.738571206722371
1034,17.231608693454636,971.0,633.0,1015.0,865.0,0.05293064588613407,0.1874291124436737,3.0327026161769752,7.706194484728459,0.052930645886134275,False,3.032702616176987,0.18742911244367377,False,10.738897100905447
1035,17.248273692191052,966.0,633.0,1008.0,866.0,0.041918035890813526,0.17834235625063474,2.4017265420215232,7.816537779558424,0.04191803589081333,False,2.401726542021512,0.178342356250635,False,10.218264321579962
1036,17.26493869092747,961.0,634.0,999.0,867.0,0.03082723546165833,0.16166679733512207,1.7662704860090483,7.496554688690267,0.030827235461658553,False,1.766270486009061,0.16166679733512268,False,9.262825174699353
1037,17.281603689663886,956.0,634.0,989.0,868.0,0.01982119235711142,0.14010172439663027,1.1356706669794485,6.891566843452505,0.01982119235711144,False,1.1356706669794494,0.14010172439662938,False,8.027237510431904
1038,17.298268688400302,950.0,634.0,979.0,868.0,0.006607833340113323,0.12330291708117037,0.3786009621143273,6.686135788288291,0.006607833340113167,False,0.3786009621143183,0.12330291708116903,False,7.064736750402533
1039,17.31493368713672,943.0,634.0,968.0,869.0,-0.008810344720775971,0.10598435798959989,-0.5047955685558289,6.577251975763534,-0.008810344720775909,False,-0.5047955685558253,0.10598435798959827,False,6.072456407207607
1040,17.331598685873136,937.0,634.0,957.0,870.0,-0.022022870612974532,0.08454375551299814,-1.261817538886129,6.105817913966815,-0.022022870612974366,False,-1.2618175388861195,0.08454375551299975,False,4.844000375080772
1041,17.348263684609552,931.0,634.0,945.0,870.0,-0.035227711080049844,0.05925259366343235,-2.018399166793103,5.41332270891139,-0.03522771108004985,False,-2.0183991667931034,0.05925259366343383,False,3.3949235421183634
1042,17.36492868334597,924.0,634.0,934.0,870.0,-0.05061751899241546,0.042347549020575824,-2.900170207688693,5.326506039291046,-0.05061751899241562,False,-2.9001702076887024,0.042347549020576025,False,2.426335831602369
1043,17.381593682082386,918.0,634.0,922.0,869.0,-0.06378998697839414,0.017019633058136616,-3.654897029056463,4.630050172149035,-0.063789986978394,False,-3.654897029056455,0.017019633058136918,False,0.9751531430925798
1044,17.398258680818802,912.0,633.0,910.0,869.0,-0.07710950098011111,-0.008474373402970617,-4.418048966520252,3.932503136512113,-0.07710950098011127,False,-4.41804896652026,-0.00847437340297219,False,-0.48554583000822377
1045,17.41492367955522,906.0,632.0,898.0,868.0,-0.09046040585489717,-0.033885329904117606,-5.18299946852613,3.2415130776117476,-0.09046040585489701,False,-5.18299946852612,-0.03388532990411619,False,-1.9414863909142963
1046,17.431588678291636,900.0,632.0,886.0,867.0,-0.10360995023518131,-0.059504138864393916,-5.93641286403638,2.52707684354624,-0.10360995023518127,False,-5.936412864036378,-0.05950413886439421,False,-3.409336020490163
1047,17.448253677028053,895.0,631.0,876.0,866.0,-0.11479244450142707,-0.08067557996359599,-6.577122589921505,1.9547523482372702,-0.11479244450142723,False,-6.5771225899215136,-0.08067557996359653,False,-4.622370241684269
1048,17.46491867576447,890.0,630.0,865.0,865.0,-0.12599568216401255,-0.10598435798959989,-7.219020824869662,1.146564417661974,-0.12599568216401247,False,-7.2190208248696575,-0.10598435798959827,False,-6.072456407207607
1049,17.481583674500882,886.0,630.0,856.0,864.0,-0.1347342994936515,-0.12750955821523827,-7.719706716637856,0.4139471833270281,-0.13473429949365157,False,-7.71970671663786,-0.12750955821523746,False,-7.3057595333107805
1050,17.4982486732373,883.0,629.0,847.0,862.0,-0.14158523671592263,-0.1532942815467293,-8.112236505183072,-0.6708788509347036,-0.1415852367159225,False,-8.112236505183063,-0.15329428154672797,False,-8.78311535611769
1051,17.514913671973716,880.0,628.0,839.0,861.0,-0.14845331408195642,-0.17418248308264742,-8.505748351626133,-1.4741727941184177,-0.1484533140819564,False,-8.505748351626133,-0.17418248308264594,False,-9.979921145744473
1052,17.531578670710132,878.0,628.0,832.0,860.0,-0.15281705734370904,-0.1957371865774664,-8.755772423403211,-2.459142261250371,-0.1528170573437091,False,-8.755772423403213,-0.19573718657746753,False,-11.214914684653635
1053,17.54824366944655,876.0,628.0,826.0,859.0,-0.15717494282186167,-0.21316188819196974,-9.005460868902707,-3.2078156775367095,-0.15717494282186184,False,-9.005460868902718,-0.21316188819196924,False,-12.213276546439376
1054,17.564908668182966,875.0,627.0,822.0,857.0,-0.1597021081792875,-0.22648128693404307,-9.150256778014878,-3.8261651019971747,-0.15970210817928754,False,-9.15025677801488,-0.22648128693404246,False,-12.97642188001203
1055,17.581573666919383,875.0,628.0,818.0,856.0,-0.15935164090391687,-0.24497866312686414,-9.130176482278692,-4.90606698564778,-0.15935164090391707,False,-9.130176482278703,-0.24497866312686511,False,-14.036243467926534
1056,17.5982386656558,875.0,628.0,816.0,856.0,-0.15935164090391687,-0.2532174056543325,-9.130176482278692,-5.378112160966663,-0.15935164090391707,False,-9.130176482278703,-0.2532174056543326,False,-14.508288643245365
1057,17.614903664392216,876.0,628.0,815.0,856.0,-0.15717494282186167,-0.26142116885694905,-9.005460868902707,-5.972868781977308,-0.15717494282186184,False,-9.005460868902718,-0.2614211688569483,False,-14.978329650879974
1058,17.631568663128633,877.0,628.0,816.0,856.0,-0.15499674192394097,-0.26142116885694905,-8.880659150520245,-6.097670500359774,-0.15499674192394108,False,-8.880659150520252,-0.2614211688569483,False,-14.978329650879974
1059,17.64823366186505,879.0,628.0,818.0,856.0,-0.15063590829718568,-0.26142116885694905,-8.630801788548439,-6.347527862331582,-0.15063590829718576,False,-8.630801788548444,-0.2614211688569483,False,-14.978329650879974
1060,17.664898660601466,882.0,629.0,821.0,857.0,-0.1437673766128265,-0.26142116885694905,-8.237263911582774,-6.74106573929724,-0.14376737661282668,False,-8.237263911582785,-0.2614211688569483,False,-14.978329650879974
1061,17.681563659337883,885.0,629.0,827.0,858.0,-0.13721690156807098,-0.24805873552229335,-7.861949337712515,-6.350769279066803,-0.13721690156807087,False,-7.861949337712509,-0.2480587355222923,False,-14.212718616779261
1062,17.6982286580743,888.0,629.0,833.0,859.0,-0.1306545551470462,-0.2347226124851971,-7.485954584085014,-5.962660467601506,-0.13065455514704638,False,-7.485954584085024,-0.23472261248519644,False,-13.44861505168648
1063,17.714893656810716,892.0,630.0,839.0,860.0,-0.12161902326134658,-0.22648128693404307,-6.968256741378544,-6.008165138633513,-0.12161902326134655,False,-6.968256741378542,-0.22648128693404246,False,-12.97642188001203
1064,17.731558655547133,896.0,631.0,848.0,862.0,-0.11260369073513185,-0.20487671703710847,-6.451716236719426,-5.2868549700029,-0.11260369073513177,False,-6.45171623671942,-0.2048767170371093,False,-11.738571206722371
1065,17.74822365428355,900.0,631.0,856.0,863.0,-0.10383803803046987,-0.1874291124436737,-5.949481332064859,-4.789415768840581,-0.10383803803046998,False,-5.949481332064865,-0.18742911244367377,False,-10.738897100905447
1066,17.764888653019963,906.0,632.0,865.0,864.0,-0.09046040585489717,-0.17491808048840873,-5.18299946852613,-4.839068303989333,-0.09046040585489701,False,-5.18299946852612,-0.1749180804884105,False,-10.022067772515555
1067,17.78155365175638,910.0,632.0,876.0,866.0,-0.08167629977394518,-0.14428939453774245,-4.679707263292379,-3.5874660722182456,-0.08167629977394508,False,-4.679707263292373,-0.14428939453774348,False,-8.267173335510694
1068,17.798218650492796,916.0,633.0,886.0,867.0,-0.06832614614294795,-0.12750955821523827,-3.914799804384986,-3.390959728925851,-0.06832614614294785,False,-3.9147998043849803,-0.12750955821523746,False,-7.3057595333107805
1069,17.814883649229213,921.0,633.0,896.0,868.0,-0.05733224402163453,-0.10598435798959989,-3.2848956124538042,-2.7875607947538996,-0.057332244021634615,False,-3.284895612453809,-0.10598435798959827,False,-6.072456407207607
1070,17.83154864796563,927.0,633.0,908.0,868.0,-0.044121457605421834,-0.08067557996359599,-2.5279733067560586,-2.094396934928171,-0.04412145760542163,False,-2.527973306756047,-0.08067557996359653,False,-4.622370241684269
1071,17.848213646702046,932.0,633.0,918.0,869.0,-0.033100488715338224,-0.05925259366343235,-1.8965183032092885,-1.49840523890898,-0.033100488715338106,False,-1.8965183032092816,-0.05925259366343383,False,-3.3949235421183634
1072,17.864878645438463,938.0,634.0,929.0,869.0,-0.01982119235711142,-0.038279164626336314,-1.1356706669794485,-1.057563909396095,-0.01982119235711144,False,-1.1356706669794494,-0.03827916462633496,False,-2.193234576375468
1073,17.88154364417488,943.0,634.0,940.0,869.0,-0.008810344720775971,-0.012765264026655657,-0.5047955685558289,-0.22660018454171335,-0.008810344720775909,False,-0.5047955685558253,-0.012765264026654677,False,-0.7313957530974878
1074,17.898208642911296,948.0,634.0,950.0,870.0,0.002202639609674876,0.008474373402970617,0.1262019534227134,0.3593438765854247,0.002202639609675039,False,0.12620195342272275,0.00847437340297219,False,0.48554583000822377
1075,17.914873641647713,953.0,633.0,960.0,869.0,0.013244258664729069,0.029652323188272874,0.7588401242685469,0.9401128471773821,0.013244258664729003,False,0.7588401242685431,0.029652323188273044,False,1.6989529714459506
1076,17.93153864038413,957.0,633.0,970.0,869.0,0.022071470451584807,0.05502913189365728,1.2646021045235147,1.8883349032517922,0.02207147045158475,False,1.2646021045235114,0.05502913189365799,False,3.1529370077753547
1077,17.948203639120546,961.0,633.0,978.0,868.0,0.03089524350593359,0.07221463115270767,1.7701670599189594,2.367426524225135,0.030895243505933756,False,1.770167059918969,0.07221463115270765,False,4.137593584144104
1078,17.964868637856963,964.0,633.0,987.0,868.0,0.0375099917328493,0.09756161810402565,2.149164215862874,3.440704743964919,0.03750999173284919,False,2.149164215862868,0.0975616181040273,False,5.589868959827889
1079,17.98153363659338,967.0,632.0,994.0,867.0,0.04421894439565289,0.11439203107265948,2.533558888394575,4.020621701998179,0.044218944395653104,False,2.5335588883945874,0.11439203107265783,False,6.554180590392665
1080,17.998198635329796,969.0,632.0,1001.0,866.0,0.048634185505007387,0.13590910222025068,2.7865335694932476,5.000484385139193,0.0486341855050072,False,2.786533569493237,0.13590910222024988,False,7.787017954632404
1081,18.014863634066213,971.0,632.0,1006.0,865.0,0.05304752976147111,0.14909981119508364,3.039399568926921,5.503390338748802,0.05304752976147098,False,3.0393995689269135,0.1490998111950823,False,8.542789907675639
1082,18.03152863280263,972.0,632.0,1011.0,864.0,0.05525343724425119,0.1665463005437437,3.1657887576865473,6.376611356987334,0.055253437244251025,False,3.1657887576865376,0.1665463005437431,False,9.542400114673846
1083,18.048193631539043,973.0,632.0,1014.0,864.0,0.05745880658180615,0.17491808048840873,3.292147112996009,6.72992065951944,0.05745880658180624,False,3.292147112996014,0.1749180804884105,False,10.022067772515555
1084,18.06485863027546,973.0,632.0,1016.0,864.0,0.05745880658180615,0.18326516206755578,3.292147112996009,7.208173205255963,0.05745880658180624,False,3.292147112996014,0.18326516206755628,False,10.500320318252003
1085,18.081523629011876,973.0,632.0,1017.0,863.0,0.05745880658180615,0.18822150530477075,3.292147112996009,7.492150754566594,0.05745880658180624,False,3.292147112996014,0.1882215053047709,False,10.784297867562607
1086,18.098188627748293,972.0,632.0,1016.0,863.0,0.05525343724425119,0.18822150530477075,3.1657887576865473,7.618509109876045,0.055253437244251025,False,3.1657887576865376,0.1882215053047709,False,10.784297867562607
1087,18.11485362648471,970.0,632.0,1015.0,864.0,0.05084110541213323,0.19158649656275636,2.912980765894962,8.064116898848617,0.05084110541213338,False,2.9129807658949707,0.19158649656275628,False,10.977097664743589
1088,18.131518625221126,969.0,632.0,1011.0,864.0,0.048634185505007387,0.17909477459664214,2.7865335694932476,7.474841147741142,0.0486341855050072,False,2.786533569493237,0.17909477459664203,False,10.261374717234379
1089,18.148183623957543,967.0,632.0,1007.0,865.0,0.04421894439565289,0.1700165110096919,2.533558888394575,7.207669640000275,0.044218944395653104,False,2.5335588883945874,0.17001651100969184,False,9.741228528394837
1090,18.16484862269396,964.0,633.0,1002.0,865.0,0.0375099917328493,0.16235148191281495,2.149164215862874,7.152890495435934,0.03750999173284919,False,2.149164215862868,0.16235148191281468,False,9.302054711298803
1091,18.181513621430376,961.0,633.0,996.0,866.0,0.03089524350593359,0.14909981119508364,1.7701670599189594,6.772622847756747,0.030895243505933756,False,1.770167059918969,0.1490998111950823,False,8.542789907675639
1092,18.198178620166793,958.0,633.0,989.0,867.0,0.024277789715536083,0.13171166687264657,1.391014886606333,6.155507737829368,0.02427778971553618,False,1.3910148866063385,0.13171166687264702,False,7.546522624435733
1093,18.21484361890321,953.0,633.0,982.0,867.0,0.013244258664729069,0.12330291708117037,0.7588401242685469,6.305896626134066,0.013244258664729003,False,0.7588401242685431,0.12330291708116903,False,7.064736750402533
1094,18.231508617639626,949.0,633.0,974.0,868.0,0.004414982351590148,0.10598435798959989,0.2529598553708588,5.819496551836834,0.004414982351589991,False,0.2529598553708498,0.10598435798959827,False,6.072456407207607
1095,18.248173616376043,945.0,633.0,966.0,868.0,-0.004414982351590148,0.08912496898942472,-0.2529598553708588,5.359444427699226,-0.004414982351589991,False,-0.2529598553708498,0.08912496898942379,False,5.106484572328325
1096,18.26483861511246,940.0,633.0,958.0,868.0,-0.015451308883573751,0.07644647637726203,-0.8852947869817718,5.265355242045435,-0.015451308883573933,False,-0.8852947869817822,0.07644647637726365,False,4.380060455063754
1097,18.281503613848876,935.0,633.0,950.0,869.0,-0.026483872597730617,0.06347394017680681,-1.5174141250121362,5.154203006209042,-0.026483872597730773,False,-1.5174141250121451,0.06347394017680585,False,3.636788881196846
1098,18.298168612585293,929.0,633.0,941.0,869.0,-0.039714206833238896,0.050803704058221655,-2.2754564382542033,5.186294264421963,-0.03971420683323901,False,-2.2754564382542095,0.050803704058221655,False,2.9108378261677537
1099,18.314833611321706,924.0,633.0,931.0,869.0,-0.05072906605268776,0.029652323188272874,-2.9065613834593873,4.605514354905339,-0.05072906605268779,False,-2.906561383459389,0.029652323188273044,False,1.6989529714459506
1100,18.331498610058123,919.0,632.0,922.0,868.0,-0.061867845864380024,0.012711179763426197,-3.5447664555948797,4.273063408671291,-0.06186784586438021,False,-3.544766455594891,0.012711179763424951,False,0.7282969530763499
1101,18.34816360879454,914.0,632.0,913.0,868.0,-0.07287954335185144,-0.004237262776246715,-4.175690246901805,3.9329129731349757,-0.07287954335185143,False,-4.175690246901804,-0.0042372627762468085,False,-0.24277727376682823
1102,18.364828607530956,909.0,631.0,904.0,868.0,-0.08405866282370741,-0.021093917253554445,-4.81620661131167,3.607614179284824,-0.08405866282370722,False,-4.816206611311658,-0.02109391725355536,False,-1.208592432026911
1103,18.381493606267373,905.0,631.0,895.0,867.0,-0.09285856444932829,-0.042347549020575824,-5.320403834590058,2.894068002987688,-0.09285856444932827,False,-5.320403834590057,-0.042347549020576025,False,-2.426335831602369
1104,18.39815860500379,901.0,631.0,887.0,866.0,-0.1016440669541142,-0.059504138864393916,-5.823776049015904,2.414440028525761,-0.1016440669541141,False,-5.8237760490158985,-0.05950413886439421,False,-3.409336020490163
1105,18.414823603740206,897.0,630.0,879.0,866.0,-0.11065722117389565,-0.07612380322052725,-6.34019174590991,1.9786191008893206,-0.11065722117389587,False,-6.340191745909922,-0.07612380322052559,False,-4.3615726450205
1106,18.431488602476623,894.0,629.0,873.0,865.0,-0.11749639153026134,-0.08874930488659766,-6.732047342700647,1.6470867379788392,-0.11749639153026115,False,-6.7320473427006355,-0.08874930488659771,False,-5.0849606047218225
1107,18.44815360121304,891.0,629.0,867.0,864.0,-0.12408087174661006,-0.1017747993348465,-7.109310269384816,1.2780438067072575,-0.1240808717466102,False,-7.109310269384824,-0.1017747993348479,False,-5.831266462677642
1108,18.464818599949457,888.0,629.0,861.0,863.0,-0.1306545551470462,-0.11487660541689913,-7.485954584085014,0.9040099289069936,-0.13065455514704638,False,-7.485954584085024,-0.11487660541689948,False,-6.581944655178031
1109,18.481483598685873,886.0,628.0,856.0,863.0,-0.13532849095795416,-0.12697278961407893,-7.753751379765096,0.47874642187584543,-0.13532849095795418,False,-7.753751379765098,-0.12697278961407932,False,-7.275004957889278
1110,18.49814859742229,885.0,628.0,852.0,862.0,-0.1375193464846038,-0.14010172439663027,-7.879278154965031,-0.14795935546691985,-0.13751934648460384,False,-7.879278154965035,-0.14010172439662938,False,-8.027237510431904
1111,18.514813596158707,884.0,628.0,849.0,862.0,-0.13970887428916365,-0.14847197480207144,-8.004728857292855,-0.5020886748385468,-0.13970887428916345,False,-8.004728857292845,-0.14847197480207086,False,-8.506817532131366
1112,18.531478594895123,884.0,628.0,847.0,861.0,-0.13970887428916365,-0.15748332232447285,-8.004728857292855,-1.0184008555978055,-0.13970887428916345,False,-8.004728857292845,-0.15748332232447382,False,-9.023129712890727
1113,18.54814359363154,884.0,628.0,846.0,861.0,-0.13970887428916365,-0.16166679733512207,-8.004728857292855,-1.2580963174064579,-0.13970887428916345,False,-8.004728857292845,-0.16166679733512268,False,-9.262825174699353
1114,18.564808592367957,885.0,628.0,846.0,861.0,-0.1375193464846038,-0.16584457152637153,-7.879278154965031,-1.6229158486515545,-0.13751934648460384,False,-7.879278154965035,-0.165844571526371,False,-9.502194003616564
1115,18.581473591104373,886.0,628.0,847.0,861.0,-0.13532849095795416,-0.16584457152637153,-7.753751379765096,-1.7484426238514912,-0.13532849095795418,False,-7.753751379765098,-0.165844571526371,False,-9.502194003616564
1116,18.598138589840786,888.0,629.0,849.0,861.0,-0.1306545551470462,-0.1665463005437437,-7.485954584085014,-2.056445530588873,-0.13065455514704638,False,-7.485954584085024,-0.1665463005437431,False,-9.542400114673846
1117,18.614803588577203,890.0,629.0,852.0,862.0,-0.1262733259836871,-0.16166679733512207,-7.2349286439449045,-2.027896530754403,-0.126273325983687,False,-7.2349286439449,-0.16166679733512268,False,-9.262825174699353
1118,18.63146858731362,892.0,629.0,856.0,862.0,-0.12188721781788109,-0.1532942815467293,-6.983623157556354,-1.7994921985614094,-0.12188721781788114,False,-6.983623157556357,-0.15329428154672797,False,-8.78311535611769
1119,18.648133586050037,895.0,630.0,861.0,863.0,-0.11504529637346365,-0.14490004858016167,-6.591609935031183,-1.7105512998526815,-0.11504529637346383,False,-6.591609935031193,-0.14490004858016192,False,-8.302161234883874
1120,18.664798584786453,898.0,630.0,867.0,864.0,-0.1084615672248089,-0.13171166687264657,-6.214390041356007,-1.3321325830796922,-0.10846156722480904,False,-6.214390041356015,-0.13171166687264702,False,-7.546522624435733
1121,18.68146358352287,901.0,630.0,873.0,865.0,-0.10186838497479264,-0.11858985925770553,-5.836628524869507,-0.9580699036474556,-0.10186838497479256,False,-5.836628524869503,-0.11858985925770682,False,-6.794698428517035
1122,18.698128582259287,905.0,631.0,879.0,865.0,-0.09285856444932829,-0.11065722117389565,-5.320403834590058,-1.0197879113198396,-0.09285856444932827,False,-5.320403834590057,-0.11065722117389498,False,-6.340191745909872
1123,18.714793580995703,909.0,631.0,886.0,866.0,-0.08405866282370741,-0.09756161810402565,-4.81620661131167,-0.7736623485161285,-0.08405866282370722,False,-4.816206611311658,-0.0975616181040273,False,-5.589868959827889
1124,18.73145857973212,913.0,631.0,893.0,867.0,-0.07524569269217034,-0.08454375551299814,-4.311260617799742,-0.5327397572809437,-0.07524569269217052,False,-4.311260617799752,-0.08454375551299975,False,-4.844000375080772
1125,18.748123578468537,918.0,632.0,901.0,867.0,-0.06407147341350486,-0.07221463115270767,-3.6710250137784906,-0.4665685703656021,-0.06407147341350505,False,-3.6710250137785017,-0.07221463115270765,False,-4.137593584144104
1126,18.764788577204953,922.0,632.0,908.0,868.0,-0.05525343724425119,-0.05925259366343235,-3.1657887576865473,-0.22913478443172394,-0.055253437244251025,False,-3.1657887576865376,-0.05925259366343383,False,-3.3949235421183634
1127,18.78145357594137,927.0,632.0,916.0,868.0,-0.04421894439565289,-0.04657645976759853,-2.533558888394575,-0.13507568094969202,-0.044218944395653104,False,-2.5335588883945874,-0.04657645976759994,False,-2.668634569344356
1128,18.798118574677787,931.0,632.0,924.0,868.0,-0.035383456124151315,-0.029652323188272874,-2.0273227005001964,0.32836972905424355,-0.03538345612415128,False,-2.027322700500194,-0.029652323188273044,False,-1.6989529714459506
1129,18.814783573414203,936.0,633.0,932.0,868.0,-0.024277789715536083,-0.017019633058136616,-1.391014886606333,0.4158617435137587,-0.02427778971553618,False,-1.3910148866063385,-0.017019633058136918,False,-0.9751531430925798
1130,18.83144857215062,940.0,633.0,939.0,868.0,-0.015451308883573751,-0.004255293464476131,-0.8852947869817718,0.6414844308776825,-0.015451308883573933,False,-0.8852947869817822,-0.004255293464474619,False,-0.24381035610399795
1131,18.848113570887037,945.0,632.0,946.0,868.0,-0.004424749884311072,0.004237262776246715,-0.2535194937720237,0.49629676753883933,-0.004424749884310852,False,-0.2535194937720111,0.0042372627762468085,False,0.24277727376682823
1132,18.86477856962345,948.0,632.0,953.0,868.0,0.002212385770905312,0.021183271578959544,0.12676036732767143,1.0869516904261471,0.002212385770905101,False,0.12676036732765933,0.02118327157895905,False,1.213712057753781
1133,18.881443568359867,952.0,632.0,960.0,868.0,0.011061495731246677,0.033885329904117606,0.6337770205024109,1.3077093704119727,0.011061495731246485,False,0.6337770205023999,0.03388532990411619,False,1.9414863909142963
1134,18.898108567096283,955.0,632.0,966.0,868.0,0.017697267257770367,0.04657645976759853,1.0139787227853019,1.6546558465589611,0.01769726725777021,False,1.013978722785293,0.04657645976759994,False,2.668634569344356
1135,18.9147735658327,957.0,632.0,971.0,867.0,0.02212028522875539,0.059504138864393916,1.2673989852332606,2.1419370352568756,0.02212028522875542,False,1.2673989852332623,0.05950413886439421,False,3.409336020490163
1136,18.931438564569117,959.0,632.0,976.0,867.0,0.026542437751397186,0.07221463115270767,1.5207696611437658,2.61682392300035,0.026542437751396974,False,1.5207696611437536,0.07221463115270765,False,4.137593584144104
1137,18.948103563305533,961.0,632.0,981.0,867.0,0.03096355218298102,0.08490179344972196,1.7740808588178993,3.090433578942622,0.03096355218298097,False,1.7740808588178965,0.08490179344972049,False,4.864514437760442
1138,18.96476856204195,963.0,632.0,984.0,867.0,0.035383456124151315,0.08912496898942472,2.0273227005001964,3.0791618718281817,0.03538345612415128,False,2.027322700500194,0.08912496898942379,False,5.106484572328325
1139,18.981433560778367,963.0,632.0,987.0,866.0,0.035383456124151315,0.10220671810725354,2.0273227005001964,3.8286908849287586,0.03538345612415128,False,2.027322700500194,0.10220671810725435,False,5.856013585429004
1140,18.998098559514784,964.0,632.0,989.0,866.0,0.0375929003624723,0.10643387697397651,2.1539145304254856,3.94429741739801,0.037592900362472204,False,2.15391453042548,0.10643387697397699,False,6.098211947823516
1141,19.0147635582512,964.0,632.0,990.0,866.0,0.0375929003624723,0.11065722117389565,2.1539145304254856,4.1862772154844174,0.037592900362472204,False,2.15391453042548,0.11065722117389498,False,6.340191745909872
1142,19.031428556987617,963.0,632.0,990.0,866.0,0.035383456124151315,0.11487660541689913,2.0273227005001964,4.5546219546778115,0.03538345612415128,False,2.027322700500194,0.11487660541689948,False,6.581944655178031
1143,19.048093555724034,962.0,632.0,989.0,866.0,0.0331736662292211,0.11487660541689913,1.900711065910037,4.681233589267985,0.033173666229221244,False,1.9007110659100455,0.11487660541689948,False,6.581944655178031
1144,19.06475855446045,961.0,632.0,987.0,866.0,0.03096355218298102,0.11065722117389565,1.7740808588178993,4.566110887092001,0.03096355218298097,False,1.7740808588178965,0.11065722117389498,False,6.340191745909872
1145,19.081423553196867,960.0,632.0,984.0,867.0,0.028753135509706637,0.1017747993348465,1.6474333124739293,4.18383315020364,0.028753135509706595,False,1.647433312473927,0.1017747993348479,False,5.831266462677642
1146,19.098088551933284,957.0,632.0,980.0,867.0,0.02212028522875539,0.09756161810402565,1.2673989852332606,4.322469974594525,0.02212028522875542,False,1.2673989852332623,0.0975616181040273,False,5.589868959827889
1147,19.1147535506697,955.0,632.0,976.0,867.0,0.017697267257770367,0.08912496898942472,1.0139787227853019,4.092505849543083,0.01769726725777021,False,1.013978722785293,0.08912496898942379,False,5.106484572328325
1148,19.131418549406117,953.0,632.0,972.0,867.0,0.01327355668417457,0.08067557996359599,0.7605187771308662,3.861851464553374,0.013273556684174626,False,0.7605187771308695,0.08067557996359653,False,4.622370241684269
1149,19.14808354814253,950.0,632.0,967.0,867.0,0.006637070683989758,0.07221463115270767,0.38027613852261966,3.757317445621483,0.006637070683989776,False,0.3802761385226207,0.07221463115270765,False,4.137593584144104
1150,19.164748546878947,946.0,632.0,961.0,868.0,-0.002212385770905312,0.06347394017680681,-0.12676036732767143,3.7635492485245816,-0.002212385770905101,False,-0.12676036732765933,0.06347394017680585,False,3.636788881196846
1151,19.181413545615364,943.0,632.0,955.0,868.0,-0.008849326516257727,0.050803704058221655,-0.5070290609147756,3.4178668870825275,-0.008849326516257694,False,-0.5070290609147737,0.050803704058221655,False,2.9108378261677537
1152,19.19807854435178,939.0,632.0,949.0,868.0,-0.017697267257770367,0.042347549020575824,-1.0139787227853019,3.4403145543876623,-0.01769726725777021,False,-1.013978722785293,0.042347549020576025,False,2.426335831602369
1153,19.214743543088197,935.0,632.0,942.0,868.0,-0.026542437751397186,0.029652323188272874,-1.5207696611437658,3.219722632589704,-0.026542437751396974,False,-1.5207696611437536,0.029652323188273044,False,1.6989529714459506
1154,19.231408541824614,932.0,632.0,936.0,868.0,-0.0331736662292211,0.01694752980640491,-1.900711065910037,2.8717329969891923,-0.033173666229221244,False,-1.9007110659100455,0.016947529806405015,False,0.9710219310791725
1155,19.24807354056103,927.0,632.0,928.0,868.0,-0.04421894439565289,0.004237262776246715,-2.533558888394575,2.7763361621613902,-0.044218944395653104,False,-2.5335588883945874,0.0042372627762468085,False,0.24277727376682823
1156,19.264738539297447,923.0,632.0,922.0,868.0,-0.05304752976147111,-0.004237262776246715,-3.039399568926921,2.796622295160111,-0.05304752976147098,False,-3.0393995689269135,-0.0042372627762468085,False,-0.24277727376682823
1157,19.281403538033864,920.0,632.0,915.0,868.0,-0.05966361652678794,-0.021183271578959544,-3.4184734174719367,2.2047613597181255,-0.059663616526787866,False,-3.4184734174719322,-0.02118327157895905,False,-1.213712057753781
1158,19.29806853677028,916.0,632.0,908.0,867.0,-0.06847683859794851,-0.03402941174160484,-3.9234338460609828,1.9736921739541005,-0.0684768385979484,False,-3.9234338460609766,-0.03402941174160645,False,-1.949741672106978
1159,19.314733535506697,912.0,631.0,902.0,867.0,-0.07745008716444297,-0.042347549020575824,-4.437563117442932,2.011227285840565,-0.07745008716444302,False,-4.437563117442934,-0.042347549020576025,False,-2.426335831602369
1160,19.331398534243114,909.0,631.0,896.0,867.0,-0.08405866282370741,-0.05502913189365728,-4.81620661131167,1.6632696035363552,-0.08405866282370722,False,-4.816206611311658,-0.05502913189365799,False,-3.1529370077753547
1161,19.34806353297953,906.0,631.0,891.0,866.0,-0.09065988720074511,-0.06374331253268707,-5.194428907734806,1.5422061274284664,-0.09065988720074492,False,-5.194428907734795,-0.0637433125326865,False,-3.6522227803063028
1162,19.364728531715947,903.0,630.0,885.0,866.0,-0.09746795181854247,-0.07612380322052725,-5.584502276986941,1.2229296319663472,-0.09746795181854262,False,-5.5845022769869495,-0.07612380322052559,False,-4.3615726450205
1163,19.381393530452364,900.0,630.0,881.0,865.0,-0.10406712863423463,-0.08067557996359599,-5.962607256786684,1.340237015102458,-0.10406712863423451,False,-5.962607256786677,-0.08067557996359653,False,-4.622370241684269
1164,19.39805852918878,898.0,630.0,877.0,864.0,-0.1084615672248089,-0.08950381835161035,-6.214390041356007,1.0861989995031636,-0.10846156722480904,False,-6.214390041356015,-0.08950381835160925,False,-5.128191041852775
1165,19.414723527925194,896.0,629.0,874.0,864.0,-0.11310100907540943,-0.09334495938239547,-6.480210478691782,1.131938267260417,-0.11310100907540921,False,-6.4802104786917685,-0.09334495938239584,False,-5.348272211431377
1166,19.43138852666161,894.0,629.0,871.0,864.0,-0.11749639153026134,-0.09756161810402565,-6.732047342700647,1.1421783828728487,-0.11749639153026115,False,-6.7320473427006355,-0.0975616181040273,False,-5.589868959827889
1167,19.448053525398027,894.0,629.0,869.0,864.0,-0.11749639153026134,-0.10598435798959989,-6.732047342700647,0.6595909354929524,-0.11749639153026115,False,-6.7320473427006355,-0.10598435798959827,False,-6.072456407207607
1168,19.464718524134444,893.0,629.0,868.0,864.0,-0.11969238434191706,-0.10598435798959989,-6.857868462649587,0.7854120554418798,-0.11969238434191709,False,-6.857868462649589,-0.10598435798959827,False,-6.072456407207607
1169,19.48138352287086,893.0,629.0,867.0,863.0,-0.11969238434191706,-0.11065722117389565,-6.857868462649587,0.5176767167396662,-0.11969238434191709,False,-6.857868462649589,-0.11065722117389498,False,-6.340191745909872
1170,19.498048521607277,893.0,629.0,868.0,864.0,-0.11969238434191706,-0.10598435798959989,-6.857868462649587,0.7854120554418798,-0.11969238434191709,False,-6.857868462649589,-0.10598435798959827,False,-6.072456407207607
1171,19.514713520343694,894.0,629.0,869.0,864.0,-0.11749639153026134,-0.10598435798959989,-6.732047342700647,0.6595909354929524,-0.11749639153026115,False,-6.7320473427006355,-0.10598435798959827,False,-6.072456407207607
1172,19.53137851908011,895.0,630.0,870.0,864.0,-0.11504529637346365,-0.10643387697397651,-6.591609935031183,0.4933979872077033,-0.11504529637346383,False,-6.591609935031193,-0.10643387697397699,False,-6.098211947823516
1173,19.548043517816527,896.0,630.0,873.0,864.0,-0.11285180433688262,-0.09797589067169137,-6.465932098939534,0.8523270694164591,-0.11285180433688247,False,-6.4659320989395255,-0.09797589067169099,False,-5.613605029523066
1174,19.564708516552944,898.0,630.0,876.0,865.0,-0.1084615672248089,-0.09334495938239547,-6.214390041356007,0.8661178299246631,-0.10846156722480904,False,-6.214390041356015,-0.09334495938239584,False,-5.348272211431377
1175,19.58137351528936,900.0,630.0,879.0,865.0,-0.10406712863423463,-0.08912496898942472,-5.962607256786684,0.8561226844583003,-0.10406712863423451,False,-5.962607256786677,-0.08912496898942379,False,-5.106484572328325
1176,19.598038514025777,902.0,630.0,883.0,865.0,-0.09966865249116202,-0.08067557996359599,-5.710593137499642,1.088222895815415,-0.09966865249116186,False,-5.710593137499633,-0.08067557996359653,False,-4.622370241684269
1177,19.614703512762194,905.0,630.0,888.0,866.0,-0.09306372872441795,-0.07190969295698986,-5.3321588816595575,1.212036969142426,-0.09306372872441804,False,-5.332158881659562,-0.07190969295698935,False,-4.12012191251711
1178,19.63136851149861,908.0,631.0,893.0,866.0,-0.08625991559508195,-0.06374331253268707,-4.942329104752907,1.2901063244465591,-0.08625991559508206,False,-4.942329104752913,-0.0637433125326865,False,-3.6522227803063028
1179,19.648033510235027,911.0,631.0,898.0,867.0,-0.07965372767228943,-0.05502913189365728,-4.563822418106599,1.4108854103312747,-0.07965372767228951,False,-4.563822418106604,-0.05502913189365799,False,-3.1529370077753547
1180,19.664698508971444,914.0,631.0,903.0,867.0,-0.07304056530311932,-0.04657645976759853,-4.1849161251184155,1.516281555774129,-0.0730405653031192,False,-4.184916125118408,-0.04657645976759994,False,-2.668634569344356
1181,19.68136350770786,918.0,632.0,909.0,867.0,-0.06407147341350486,-0.038279164626336314,-3.6710250137784906,1.4777904374029571,-0.06407147341350505,False,-3.6710250137785017,-0.03827916462633496,False,-2.193234576375468
1182,19.698028506444274,921.0,632.0,914.0,868.0,-0.05745880658180615,-0.029652323188272874,-3.292147112996009,1.5931941415500632,-0.05745880658180624,False,-3.292147112996014,-0.029652323188273044,False,-1.6989529714459506
1183,19.71469350518069,924.0,632.0,920.0,868.0,-0.05084110541213323,-0.01694752980640491,-2.912980765894962,1.9419588348157981,-0.05084110541213338,False,-2.9129807658949707,-0.016947529806405015,False,-0.9710219310791725
1184,19.731358503917107,928.0,632.0,926.0,868.0,-0.04201066595046561,-0.008474373402970617,-2.4070338534956326,1.921488023487494,-0.042010665950465764,False,-2.4070338534956415,-0.00847437340297219,False,-0.48554583000822377
1185,19.748023502653524,931.0,632.0,932.0,868.0,-0.035383456124151315,0.004237262776246715,-2.0273227005001964,2.2700999742670223,-0.03538345612415128,False,-2.027322700500194,0.0042372627762468085,False,0.24277727376682823
1186,19.76468850138994,935.0,632.0,937.0,868.0,-0.026542437751397186,0.008474373402970617,-1.5207696611437658,2.006315491151901,-0.026542437751396974,False,-1.5207696611437536,0.00847437340297219,False,0.48554583000822377
1187,19.781353500126357,938.0,632.0,943.0,868.0,-0.01990887362573211,0.021183271578959544,-1.1406944336137668,2.3544064913675804,-0.019908873625732237,False,-1.140694433613774,0.02118327157895905,False,1.213712057753781
1188,19.798018498862774,941.0,632.0,948.0,868.0,-0.01327355668417457,0.029652323188272874,-0.7605187771308662,2.4594717485767945,-0.013273556684174626,False,-0.7605187771308695,0.029652323188273044,False,1.6989529714459506
1189,19.81468349759919,944.0,632.0,953.0,868.0,-0.006637070683989758,0.03811712217263136,-0.38027613852261966,2.564226366198925,-0.006637070683989776,False,-0.3802761385226207,0.038117122172632634,False,2.1839502276763807
1190,19.831348496335607,946.0,632.0,957.0,868.0,-0.002212385770905312,0.04657645976759853,-0.12676036732767143,2.7953949366719386,-0.002212385770905101,False,-0.12676036732765933,0.04657645976759994,False,2.668634569344356
1191,19.848013495072024,948.0,632.0,961.0,868.0,0.002212385770905312,0.05502913189365728,0.12676036732767143,3.0261766404476442,0.002212385770905101,False,0.12676036732765933,0.05502913189365799,False,3.1529370077753547
1192,19.86467849380844,951.0,633.0,965.0,868.0,0.008829792595606996,0.059504138864393916,0.5059098497041453,2.903426170785998,0.0088297925956069,False,0.5059098497041398,0.05950413886439421,False,3.409336020490163
1193,19.881343492544858,952.0,632.0,967.0,868.0,0.011061495731246677,0.06347394017680681,0.6337770205024109,3.003011860694497,0.011061495731246485,False,0.6337770205023999,0.06347394017680585,False,3.636788881196846
1194,19.898008491281274,953.0,632.0,969.0,868.0,0.01327355668417457,0.06769302269396865,0.7605187771308662,3.1180057257168396,0.013273556684174626,False,0.7605187771308695,0.0676930226939696,False,3.87852450284776
1195,19.91467349001769,954.0,632.0,971.0,867.0,0.015485487736615788,0.07221463115270767,0.8872530910096784,3.2503404931344155,0.015485487736615955,False,0.887253091009688,0.07221463115270765,False,4.137593584144104
1196,19.931338488754108,955.0,632.0,972.0,867.0,0.017697267257770367,0.07221463115270767,1.0139787227853019,3.123614861358811,0.01769726725777021,False,1.013978722785293,0.07221463115270765,False,4.137593584144104
1197,19.948003487490524,955.0,632.0,972.0,867.0,0.017697267257770367,0.07221463115270767,1.0139787227853019,3.123614861358811,0.01769726725777021,False,1.013978722785293,0.07221463115270765,False,4.137593584144104
1198,19.964668486226937,955.0,632.0,972.0,867.0,0.017697267257770367,0.07221463115270767,1.0139787227853019,3.123614861358811,0.01769726725777021,False,1.013978722785293,0.07221463115270765,False,4.137593584144104
1199,19.981333484963354,954.0,632.0,971.0,867.0,0.015485487736615788,0.07221463115270767,0.8872530910096784,3.2503404931344155,0.015485487736615955,False,0.887253091009688,0.07221463115270765,False,4.137593584144104
1200,19.99799848369977,953.0,632.0,969.0,867.0,0.01327355668417457,0.06798019333723407,0.7605187771308662,3.1344593915760064,0.013273556684174626,False,0.7605187771308695,0.0679801933372346,False,3.8949781687069014
1201,20.014663482436188,952.0,632.0,967.0,868.0,0.011061495731246677,0.06347394017680681,0.6337770205024109,3.003011860694497,0.011061495731246485,False,0.6337770205023999,0.06347394017680585,False,3.636788881196846
1202,20.031328481172604,951.0,632.0,965.0,868.0,0.008849326516257727,0.05925259366343235,0.5070290609147756,2.887894481203513,0.008849326516257694,False,0.5070290609147737,0.05925259366343383,False,3.3949235421183634
1203,20.04799347990902,949.0,632.0,962.0,868.0,0.004424749884311072,0.05502913189365728,0.2535194937720237,2.8994175140032925,0.004424749884310852,False,0.2535194937720111,0.05502913189365799,False,3.1529370077753547
1204,20.064658478645438,947.0,633.0,958.0,868.0,0.0,0.04677436912252888,0.0,2.679973940107952,0.0,False,0.0,0.046774369122527304,False,2.67997394010785
1205,20.081323477381854,945.0,633.0,954.0,868.0,-0.004414982351590148,0.038279164626336314,-0.2529598553708588,2.4461944317463944,-0.004414982351589991,False,-0.2529598553708498,0.03827916462633496,False,2.193234576375468
1206,20.09798847611827,942.0,633.0,950.0,868.0,-0.011037079403564878,0.03402941174160484,-0.6323780679750354,2.58211974008192,-0.01103707940356502,False,-0.6323780679750435,0.03402941174160645,False,1.949741672106978
1207,20.114653474854688,939.0,633.0,945.0,868.0,-0.017658208572115003,0.025526369158899505,-1.0117408249439215,2.4742940440417827,-0.017658208572115086,False,-1.0117408249439261,0.025526369158900053,False,1.462553219097882
1208,20.131318473591104,937.0,633.0,941.0,868.0,-0.022071470451584807,0.017019633058136616,-1.2646021045235147,2.239755247616066,-0.02207147045158475,False,-1.2646021045235114,0.017019633058136918,False,0.9751531430925798
1209,20.14798347232752,934.0,633.0,936.0,868.0,-0.028689697666678404,0.008510432828888926,-1.6437985918069982,2.1314104747319047,-0.028689697666678615,False,-1.6437985918070104,0.008510432828888526,False,0.48761188292489444
1210,20.164648471063938,931.0,633.0,931.0,868.0,-0.03530541191226364,0.0,-2.022851096543608,2.0228510965436026,-0.03530541191226355,False,-2.0228510965436026,0.0,False,0.0
1211,20.181313469800354,928.0,633.0,926.0,868.0,-0.041918035890813526,-0.008510432828888926,-2.4017265420215232,1.9141146590966176,-0.04191803589081333,False,-2.401726542021512,-0.008510432828888526,False,-0.48761188292489444
1212,20.19797846853677,925.0,632.0,921.0,868.0,-0.048634185505007387,-0.01694752980640491,-2.7865335694932476,1.8155116384140897,-0.0486341855050072,False,-2.786533569493237,-0.016947529806405015,False,-0.9710219310791725
1213,20.214643467273188,922.0,632.0,916.0,868.0,-0.05525343724425119,-0.0254182532590757,-3.1657887576865473,1.709430123346853,-0.055253437244251025,False,-3.1657887576865376,-0.025418253259076096,False,-1.4563586343397101
1214,20.231308466009605,919.0,632.0,911.0,868.0,-0.061867845864380024,-0.033885329904117606,-3.5447664555948797,1.6032800646804926,-0.06186784586438021,False,-3.544766455594891,-0.03388532990411619,False,-1.9414863909142963
1215,20.247973464746018,916.0,632.0,906.0,867.0,-0.06847683859794851,-0.0425275346197842,-3.9234338460609828,1.4867855992508456,-0.0684768385979484,False,-3.9234338460609766,-0.04252753461978287,False,-2.4366482468100545
1216,20.264638463482434,914.0,631.0,902.0,868.0,-0.07304056530311932,-0.05058970876938464,-4.1849161251184155,1.2863393258367062,-0.0730405653031192,False,-4.184916125118408,-0.05058970876938318,False,-2.898576799281626
1217,20.28130346221885,911.0,631.0,898.0,867.0,-0.07965372767228943,-0.05502913189365728,-4.563822418106599,1.4108854103312747,-0.07965372767228951,False,-4.563822418106604,-0.05502913189365799,False,-3.1529370077753547
1218,20.297968460955268,909.0,631.0,894.0,867.0,-0.08405866282370741,-0.06347394017680681,-4.81620661131167,1.1794177301147621,-0.08405866282370722,False,-4.816206611311658,-0.06347394017680585,False,-3.636788881196846
1219,20.314633459691684,907.0,631.0,891.0,867.0,-0.088460330659957,-0.06769302269396865,-5.068403601147252,1.1898790982995535,-0.08846033065995718,False,-5.068403601147263,-0.0676930226939696,False,-3.87852450284776
1220,20.3312984584281,906.0,631.0,888.0,867.0,-0.09065988720074511,-0.07612380322052725,-5.194428907734806,0.8328562627142183,-0.09065988720074492,False,-5.194428907734795,-0.07612380322052559,False,-4.3615726450205
1221,20.347963457164518,904.0,631.0,886.0,866.0,-0.09505634168819427,-0.07644647637726203,-5.446327194686995,1.0662667396233385,-0.09505634168819421,False,-5.446327194686991,-0.07644647637726365,False,-4.380060455063754
1222,20.364628455900935,903.0,630.0,884.0,866.0,-0.09746795181854247,-0.08033520628225284,-5.584502276986941,0.9816340107010023,-0.09746795181854262,False,-5.5845022769869495,-0.08033520628225332,False,-4.602868266285972
1223,20.38129345463735,902.0,631.0,883.0,866.0,-0.09944911352652225,-0.08067557996359599,-5.698014481387111,1.0756442397028712,-0.0994491135265223,False,-5.698014481387115,-0.08067557996359653,False,-4.622370241684269
1224,20.397958453373768,901.0,631.0,882.0,866.0,-0.1016440669541142,-0.08067557996359599,-5.823776049015904,1.201405807331655,-0.1016440669541141,False,-5.8237760490158985,-0.08067557996359653,False,-4.622370241684269
1225,20.414623452110185,901.0,631.0,882.0,866.0,-0.1016440669541142,-0.08067557996359599,-5.823776049015904,1.201405807331655,-0.1016440669541141,False,-5.8237760490158985,-0.08067557996359653,False,-4.622370241684269
1226,20.4312884508466,901.0,631.0,882.0,866.0,-0.1016440669541142,-0.08067557996359599,-5.823776049015904,1.201405807331655,-0.1016440669541141,False,-5.8237760490158985,-0.08067557996359653,False,-4.622370241684269
1227,20.447953449583018,902.0,631.0,883.0,866.0,-0.09944911352652225,-0.08067557996359599,-5.698014481387111,1.0756442397028712,-0.0994491135265223,False,-5.698014481387115,-0.08067557996359653,False,-4.622370241684269
1228,20.464618448319435,903.0,631.0,884.0,866.0,-0.09725319825156577,-0.08067557996359599,-5.572197803963795,0.9498275622795702,-0.09725319825156564,False,-5.572197803963788,-0.08067557996359653,False,-4.622370241684269
1229,20.48128344705585,904.0,631.0,886.0,866.0,-0.09505634168819427,-0.07644647637726203,-5.446327194686995,1.0662667396233385,-0.09505634168819421,False,-5.446327194686991,-0.07644647637726365,False,-4.380060455063754
1230,20.497948445792268,905.0,631.0,888.0,867.0,-0.09285856444932829,-0.07190969295698986,-5.320403834590058,1.2002819220729215,-0.09285856444932827,False,-5.320403834590057,-0.07190969295698935,False,-4.12012191251711
1231,20.51461344452868,906.0,631.0,891.0,867.0,-0.09065988720074511,-0.06347394017680681,-5.194428907734806,1.557640026537898,-0.09065988720074492,False,-5.194428907734795,-0.06347394017680585,False,-3.636788881196846
1232,20.531278443265098,908.0,631.0,894.0,867.0,-0.08625991559508195,-0.05925259366343235,-4.942329104752907,1.547405562634626,-0.08625991559508206,False,-4.942329104752913,-0.05925259366343383,False,-3.3949235421183634
1233,20.547943442001515,910.0,631.0,897.0,867.0,-0.08185659321174685,-0.05502913189365728,-4.690037316352319,1.5371003085769974,-0.08185659321174699,False,-4.690037316352327,-0.05502913189365799,False,-3.1529370077753547
1234,20.56460844073793,912.0,631.0,901.0,867.0,-0.07745008716444297,-0.04657645976759853,-4.437563117442932,1.7689285480986547,-0.07745008716444302,False,-4.437563117442934,-0.04657645976759994,False,-2.668634569344356
1235,20.581273439474348,915.0,631.0,904.0,867.0,-0.07083472608744631,-0.04657645976759853,-4.058530847775905,1.3898962784316202,-0.07083472608744623,False,-4.0585308477758995,-0.04657645976759994,False,-2.668634569344356
1236,20.597938438210765,917.0,632.0,908.0,867.0,-0.06627447802802658,-0.038279164626336314,-3.7972478804384298,1.6040133040628772,-0.06627447802802644,False,-3.7972478804384218,-0.03827916462633496,False,-2.193234576375468
1237,20.61460343694718,919.0,632.0,912.0,868.0,-0.061867845864380024,-0.029652323188272874,-3.5447664555948797,1.84581348414894,-0.06186784586438021,False,-3.544766455594891,-0.029652323188273044,False,-1.6989529714459506
1238,20.631268435683598,921.0,632.0,916.0,868.0,-0.05745880658180615,-0.021183271578959544,-3.292147112996009,2.0784350552422075,-0.05745880658180624,False,-3.292147112996014,-0.02118327157895905,False,-1.213712057753781
1239,20.647933434420015,924.0,632.0,921.0,868.0,-0.05084110541213323,-0.012711179763426197,-2.912980765894962,2.184683812818544,-0.05084110541213338,False,-2.9129807658949707,-0.012711179763424951,False,-0.7282969530763499
1240,20.66459843315643,927.0,632.0,925.0,868.0,-0.04421894439565289,-0.008474373402970617,-2.533558888394575,2.04801305838644,-0.044218944395653104,False,-2.5335588883945874,-0.00847437340297219,False,-0.48554583000822377
1241,20.681263431892848,929.0,632.0,929.0,868.0,-0.03980197745911064,0.0,-2.2804853246818757,2.2804853246818815,-0.03980197745911074,False,-2.2804853246818815,0.0,False,0.0
1242,20.697928430629265,931.0,632.0,933.0,868.0,-0.035383456124151315,0.008474373402970617,-2.0273227005001964,2.512868530508342,-0.03538345612415128,False,-2.027322700500194,0.00847437340297219,False,0.48554583000822377
1243,20.71459342936568,934.0,632.0,937.0,868.0,-0.028753135509706637,0.012711179763426197,-1.6474333124739293,2.375730265550353,-0.028753135509706595,False,-1.647433312473927,0.012711179763424951,False,0.7282969530763499
1244,20.731258428102098,936.0,632.0,941.0,868.0,-0.02433148046652048,0.021183271578959544,-1.394091140036627,2.6078031977904317,-0.02433148046652045,False,-1.3940911400366252,0.02118327157895905,False,1.213712057753781
1245,20.747923426838515,938.0,632.0,944.0,868.0,-0.01990887362573211,0.0254182532590757,-1.1406944336137668,2.5970530679534587,-0.019908873625732237,False,-1.140694433613774,0.025418253259076096,False,1.4563586343397101
1246,20.76458842557493,940.0,632.0,947.0,868.0,-0.015485487736615788,0.029652323188272874,-0.8872530910096784,2.586206062455613,-0.015485487736615955,False,-0.887253091009688,0.029652323188273044,False,1.6989529714459506
1247,20.78125342431135,941.0,632.0,950.0,868.0,-0.01327355668417457,0.03811712217263136,-0.7605187771308662,2.944469004807174,-0.013273556684174626,False,-0.7605187771308695,0.038117122172632634,False,2.1839502276763807
1248,20.79791842304776,943.0,632.0,952.0,868.0,-0.008849326516257727,0.03811712217263136,-0.5070290609147756,2.690979288591078,-0.008849326516257694,False,-0.5070290609147737,0.038117122172632634,False,2.1839502276763807
1249,20.814583421784178,945.0,632.0,955.0,868.0,-0.004424749884311072,0.042347549020575824,-0.2535194937720237,2.67985532537438,-0.004424749884310852,False,-0.2535194937720111,0.042347549020576025,False,2.426335831602369
1250,20.831248420520595,945.0,632.0,956.0,868.0,-0.004424749884311072,0.04657645976759853,-0.2535194937720237,2.922154063116291,-0.004424749884310852,False,-0.2535194937720111,0.04657645976759994,False,2.668634569344356
1251,20.84791341925701,946.0,632.0,957.0,868.0,-0.002212385770905312,0.04657645976759853,-0.12676036732767143,2.7953949366719386,-0.002212385770905101,False,-0.12676036732765933,0.04657645976759994,False,2.668634569344356
1252,20.864578417993428,947.0,632.0,958.0,868.0,0.0,0.04657645976759853,0.0,2.6686345693442797,0.0,False,0.0,0.04657645976759994,False,2.668634569344356
1253,20.881243416729845,947.0,632.0,958.0,868.0,0.0,0.04657645976759853,0.0,2.6686345693442797,0.0,False,0.0,0.04657645976759994,False,2.668634569344356
1254,20.89790841546626,947.0,632.0,958.0,868.0,0.0,0.04657645976759853,0.0,2.6686345693442797,0.0,False,0.0,0.04657645976759994,False,2.668634569344356
1255,20.91457341420268,946.0,632.0,957.0,868.0,-0.002212385770905312,0.04657645976759853,-0.12676036732767143,2.7953949366719386,-0.002212385770905101,False,-0.12676036732765933,0.04657645976759994,False,2.668634569344356
1256,20.931238412939095,946.0,633.0,956.0,868.0,-0.002207501932990164,0.0425275346197842,-0.12648054402730746,2.5631287908374363,-0.00220750193299013,False,-0.12648054402730552,0.04252753461978287,False,2.4366482468100545
1257,20.94790341167551,945.0,632.0,954.0,868.0,-0.004424749884311072,0.03811712217263136,-0.2535194937720237,2.437469721448341,-0.004424749884310852,False,-0.2535194937720111,0.038117122172632634,False,2.1839502276763807
1258,20.96456841041193,944.0,632.0,952.0,868.0,-0.006637070683989758,0.033885329904117606,-0.38027613852261966,2.3217625294369935,-0.006637070683989776,False,-0.3802761385226207,0.03388532990411619,False,1.9414863909142963
1259,20.981233409148345,943.0,632.0,950.0,868.0,-0.008849326516257727,0.029652323188272874,-0.5070290609147756,2.2059820323607244,-0.008849326516257694,False,-0.5070290609147737,0.029652323188273044,False,1.6989529714459506
1260,20.99789840788476,941.0,632.0,948.0,868.0,-0.01327355668417457,0.029652323188272874,-0.7605187771308662,2.4594717485767945,-0.013273556684174626,False,-0.7605187771308695,0.029652323188273044,False,1.6989529714459506
1261,21.01456340662118,939.0,632.0,945.0,868.0,-0.017697267257770367,0.0254182532590757,-1.0139787227853019,2.470337357124978,-0.01769726725777021,False,-1.013978722785293,0.025418253259076096,False,1.4563586343397101
1262,21.031228405357595,938.0,632.0,942.0,868.0,-0.01990887362573211,0.01694752980640491,-1.1406944336137668,2.111716364692921,-0.019908873625732237,False,-1.140694433613774,0.016947529806405015,False,0.9710219310791725
1263,21.04789340409401,935.0,632.0,939.0,868.0,-0.026542437751397186,0.01694752980640491,-1.5207696611437658,2.491791592222926,-0.026542437751396974,False,-1.5207696611437536,0.016947529806405015,False,0.9710219310791725
1264,21.064558402830425,934.0,632.0,935.0,868.0,-0.028753135509706637,0.004237262776246715,-1.6474333124739293,1.8902105862407552,-0.028753135509706595,False,-1.647433312473927,0.0042372627762468085,False,0.24277727376682823
1265,21.08122340156684,932.0,632.0,932.0,868.0,-0.0331736662292211,0.0,-1.900711065910037,1.9007110659100455,-0.033173666229221244,False,-1.9007110659100455,0.0,False,0.0
1266,21.09788840030326,929.0,632.0,929.0,868.0,-0.03980197745911064,0.0,-2.2804853246818757,2.2804853246818815,-0.03980197745911074,False,-2.2804853246818815,0.0,False,0.0
1267,21.114553399039675,927.0,632.0,925.0,868.0,-0.04421894439565289,-0.008474373402970617,-2.533558888394575,2.04801305838644,-0.044218944395653104,False,-2.5335588883945874,-0.00847437340297219,False,-0.48554583000822377
1268,21.13121839777609,925.0,632.0,921.0,868.0,-0.048634185505007387,-0.01694752980640491,-2.7865335694932476,1.8155116384140897,-0.0486341855050072,False,-2.786533569493237,-0.016947529806405015,False,-0.9710219310791725
1269,21.14788339651251,923.0,632.0,918.0,868.0,-0.05304752976147111,-0.021183271578959544,-3.039399568926921,1.8256875111731072,-0.05304752976147098,False,-3.0393995689269135,-0.02118327157895905,False,-1.213712057753781
1270,21.164548395248925,921.0,632.0,915.0,867.0,-0.05745880658180615,-0.025526369158899505,-3.292147112996009,1.8295938938981573,-0.05745880658180624,False,-3.292147112996014,-0.025526369158900053,False,-1.462553219097882
1271,21.18121339398534,919.0,632.0,912.0,867.0,-0.061867845864380024,-0.02977842886416136,-3.5447664555948797,1.8385881611478938,-0.06186784586438021,False,-3.544766455594891,-0.029778428864162265,False,-1.7061782944470476
1272,21.19787839272176,918.0,631.0,909.0,867.0,-0.0642131489950146,-0.03811712217263136,-3.67914242665906,1.4951921989827572,-0.06421314899501462,False,-3.6791424266590615,-0.038117122172632634,False,-2.1839502276763807
1273,21.214543391458175,916.0,631.0,906.0,867.0,-0.06862819617663381,-0.042347549020575824,-3.93210599651697,1.5057701649146094,-0.06862819617663396,False,-3.9321059965169787,-0.042347549020576025,False,-2.426335831602369
1274,21.231208390194592,915.0,631.0,904.0,867.0,-0.07083472608744631,-0.04657645976759853,-4.058530847775905,1.3898962784316202,-0.07083472608744623,False,-4.0585308477758995,-0.04657645976759994,False,-2.668634569344356
1275,21.24787338893101,913.0,631.0,901.0,867.0,-0.07524569269217034,-0.050803704058221655,-4.311260617799742,1.4004227916319982,-0.07524569269217052,False,-4.311260617799752,-0.050803704058221655,False,-2.9108378261677537
1276,21.264538387667425,912.0,631.0,899.0,866.0,-0.07745008716444297,-0.055262822949821336,-4.437563117442932,1.2712365984394534,-0.07745008716444302,False,-4.437563117442934,-0.0552628229498211,False,-3.1663265190034555
1277,21.281203386403842,911.0,631.0,898.0,866.0,-0.07965372767228943,-0.055262822949821336,-4.563822418106599,1.397495899103123,-0.07965372767228951,False,-4.563822418106604,-0.0552628229498211,False,-3.1663265190034555
1278,21.29786838514026,910.0,631.0,897.0,866.0,-0.08185659321174685,-0.055262822949821336,-4.690037316352319,1.5237107973488457,-0.08185659321174699,False,-4.690037316352327,-0.0552628229498211,False,-3.1663265190034555
1279,21.314533383876675,910.0,631.0,896.0,866.0,-0.08185659321174685,-0.059504138864393916,-4.690037316352319,1.2807012958621633,-0.08185659321174699,False,-4.690037316352327,-0.05950413886439421,False,-3.409336020490163
1280,21.331198382613092,909.0,631.0,895.0,866.0,-0.08405866282370741,-0.059504138864393916,-4.81620661131167,1.406870590821521,-0.08405866282370722,False,-4.816206611311658,-0.05950413886439421,False,-3.409336020490163
1281,21.347863381349505,909.0,631.0,895.0,866.0,-0.08405866282370741,-0.059504138864393916,-4.81620661131167,1.406870590821521,-0.08405866282370722,False,-4.816206611311658,-0.05950413886439421,False,-3.409336020490163
1282,21.364528380085922,909.0,631.0,895.0,866.0,-0.08405866282370741,-0.059504138864393916,-4.81620661131167,1.406870590821521,-0.08405866282370722,False,-4.816206611311658,-0.05950413886439421,False,-3.409336020490163
1283,21.38119337882234,910.0,631.0,896.0,866.0,-0.08185659321174685,-0.059504138864393916,-4.690037316352319,1.2807012958621633,-0.08185659321174699,False,-4.690037316352327,-0.05950413886439421,False,-3.409336020490163
1284,21.397858377558755,910.0,631.0,897.0,866.0,-0.08185659321174685,-0.055262822949821336,-4.690037316352319,1.5237107973488457,-0.08185659321174699,False,-4.690037316352327,-0.0552628229498211,False,-3.1663265190034555
1285,21.414523376295172,911.0,631.0,898.0,866.0,-0.07965372767228943,-0.055262822949821336,-4.563822418106599,1.397495899103123,-0.07965372767228951,False,-4.563822418106604,-0.0552628229498211,False,-3.1663265190034555
1286,21.43118837503159,912.0,631.0,899.0,866.0,-0.07745008716444297,-0.055262822949821336,-4.437563117442932,1.2712365984394534,-0.07745008716444302,False,-4.437563117442934,-0.0552628229498211,False,-3.1663265190034555
1287,21.447853373768005,913.0,631.0,901.0,867.0,-0.07524569269217034,-0.050803704058221655,-4.311260617799742,1.4004227916319982,-0.07524569269217052,False,-4.311260617799752,-0.050803704058221655,False,-2.9108378261677537
1288,21.464518372504422,914.0,631.0,903.0,867.0,-0.07304056530311932,-0.04657645976759853,-4.1849161251184155,1.516281555774129,-0.0730405653031192,False,-4.184916125118408,-0.04657645976759994,False,-2.668634569344356
1289,21.48118337124084,915.0,631.0,906.0,867.0,-0.07083472608744631,-0.03811712217263136,-4.058530847775905,1.8745806200995954,-0.07083472608744623,False,-4.0585308477758995,-0.038117122172632634,False,-2.1839502276763807
1290,21.497848369977255,917.0,631.0,908.0,867.0,-0.06642099674230201,-0.03811712217263136,-3.805642784386095,1.6216925567097875,-0.06642099674230195,False,-3.805642784386092,-0.038117122172632634,False,-2.1839502276763807
1291,21.514513368713672,918.0,631.0,910.0,867.0,-0.0642131489950146,-0.033885329904117606,-3.67914242665906,1.737656035744689,-0.06421314899501462,False,-3.6791424266590615,-0.03388532990411619,False,-1.9414863909142963
1292,21.53117836745009,919.0,631.0,913.0,867.0,-0.062004674183078895,-0.0254182532590757,-3.5526061407741962,2.096247506434497,-0.06200467418307909,False,-3.5526061407742073,-0.025418253259076096,False,-1.4563586343397101
1293,21.547843366186505,921.0,631.0,916.0,867.0,-0.05758592853997299,-0.021183271578959544,-3.299430664682407,2.085718606928596,-0.05758592853997291,False,-3.2994306646824025,-0.02118327157895905,False,-1.213712057753781
1294,21.564508364922922,923.0,631.0,918.0,867.0,-0.05316493050838316,-0.021183271578959544,-3.046126136236665,1.8324140784828498,-0.053164930508383,False,-3.0461261362366563,-0.02118327157895905,False,-1.213712057753781
1295,21.58117336365934,925.0,631.0,921.0,867.0,-0.04874185130993159,-0.01694752980640491,-2.792702365713283,1.8216804346341102,-0.04874185130993158,False,-2.7927023657132826,-0.016947529806405015,False,-0.9710219310791725
1296,21.597838362395755,926.0,632.0,923.0,867.0,-0.04642679137774483,-0.012765264026655657,-2.660059202279139,1.928663449181583,-0.04642679137774497,False,-2.660059202279147,-0.012765264026654677,False,-0.7313957530974878
1297,21.61450336113217,928.0,632.0,926.0,867.0,-0.04201066595046561,-0.008510432828888926,-2.4070338534956326,1.9194219705707216,-0.042010665950465764,False,-2.4070338534956415,-0.008510432828888526,False,-0.48761188292489444
1298,21.631168359868585,929.0,632.0,929.0,868.0,-0.03980197745911064,0.0,-2.2804853246818757,2.2804853246818815,-0.03980197745911074,False,-2.2804853246818815,0.0,False,0.0
1299,21.647833358605002,931.0,632.0,931.0,868.0,-0.035383456124151315,0.0,-2.0273227005001964,2.027322700500194,-0.03538345612415128,False,-2.027322700500194,0.0,False,0.0
1300,21.66449835734142,932.0,632.0,934.0,868.0,-0.0331736662292211,0.008474373402970617,-1.900711065910037,2.3862568959181676,-0.033173666229221244,False,-1.9007110659100455,0.00847437340297219,False,0.48554583000822377
1301,21.681163356077835,933.0,632.0,936.0,868.0,-0.03096355218298102,0.012711179763426197,-1.7740808588178993,2.5023778118943225,-0.03096355218298097,False,-1.7740808588178965,0.012711179763424951,False,0.7282969530763499
1302,21.697828354814252,935.0,632.0,938.0,868.0,-0.026542437751397186,0.012711179763426197,-1.5207696611437658,2.24906661422018,-0.026542437751396974,False,-1.5207696611437536,0.012711179763424951,False,0.7282969530763499
1303,21.71449335355067,936.0,632.0,940.0,868.0,-0.02433148046652048,0.01694752980640491,-1.394091140036627,2.3651130711157977,-0.02433148046652045,False,-1.3940911400366252,0.016947529806405015,False,0.9710219310791725
1304,21.731158352287085,937.0,632.0,941.0,868.0,-0.02212028522875539,0.01694752980640491,-1.2673989852332606,2.238420916312435,-0.02212028522875542,False,-1.2673989852332623,0.016947529806405015,False,0.9710219310791725
1305,21.747823351023502,937.0,632.0,942.0,868.0,-0.02212028522875539,0.021183271578959544,-1.2673989852332606,2.481111042987069,-0.02212028522875542,False,-1.2673989852332623,0.02118327157895905,False,1.213712057753781
1306,21.76448834975992,938.0,632.0,943.0,868.0,-0.01990887362573211,0.021183271578959544,-1.1406944336137668,2.3544064913675804,-0.019908873625732237,False,-1.140694433613774,0.02118327157895905,False,1.213712057753781
1307,21.781153348496336,938.0,632.0,944.0,868.0,-0.01990887362573211,0.0254182532590757,-1.1406944336137668,2.5970530679534587,-0.019908873625732237,False,-1.140694433613774,0.025418253259076096,False,1.4563586343397101
1308,21.797818347232752,939.0,632.0,944.0,868.0,-0.017697267257770367,0.021183271578959544,-1.0139787227853019,2.2276907805390995,-0.01769726725777021,False,-1.013978722785293,0.02118327157895905,False,1.213712057753781
1309,21.81448334596917,938.0,632.0,944.0,868.0,-0.01990887362573211,0.0254182532590757,-1.1406944336137668,2.5970530679534587,-0.019908873625732237,False,-1.140694433613774,0.025418253259076096,False,1.4563586343397101
1310,21.831148344705586,939.0,632.0,944.0,868.0,-0.017697267257770367,0.021183271578959544,-1.0139787227853019,2.2276907805390995,-0.01769726725777021,False,-1.013978722785293,0.02118327157895905,False,1.213712057753781
1311,21.847813343442002,938.0,632.0,944.0,868.0,-0.01990887362573211,0.0254182532590757,-1.1406944336137668,2.5970530679534587,-0.019908873625732237,False,-1.140694433613774,0.025418253259076096,False,1.4563586343397101
1312,21.86447834217842,938.0,633.0,943.0,868.0,-0.01986493625116497,0.021273386024061203,-1.1381770074881843,2.357052242619482,-0.019864936251165144,False,-1.1381770074881943,0.021273386024059704,False,1.2188752351312118
1313,21.881143340914836,937.0,632.0,942.0,868.0,-0.02212028522875539,0.021183271578959544,-1.2673989852332606,2.481111042987069,-0.02212028522875542,False,-1.2673989852332623,0.02118327157895905,False,1.213712057753781
1314,21.89780833965125,937.0,632.0,941.0,868.0,-0.02212028522875539,0.01694752980640491,-1.2673989852332606,2.238420916312435,-0.02212028522875542,False,-1.2673989852332623,0.016947529806405015,False,0.9710219310791725
1315,21.914473338387666,936.0,632.0,939.0,868.0,-0.02433148046652048,0.012711179763426197,-1.394091140036627,2.1223880931130514,-0.02433148046652045,False,-1.3940911400366252,0.012711179763424951,False,0.7282969530763499
1316,21.931138337124082,935.0,632.0,938.0,868.0,-0.026542437751397186,0.012711179763426197,-1.5207696611437658,2.24906661422018,-0.026542437751396974,False,-1.5207696611437536,0.012711179763424951,False,0.7282969530763499
1317,21.9478033358605,934.0,632.0,936.0,868.0,-0.028753135509706637,0.008474373402970617,-1.6474333124739293,2.1329791424820743,-0.028753135509706595,False,-1.647433312473927,0.00847437340297219,False,0.48554583000822377
1318,21.964468334596916,933.0,632.0,934.0,868.0,-0.03096355218298102,0.004237262776246715,-1.7740808588178993,2.0168581325847246,-0.03096355218298097,False,-1.7740808588178965,0.0042372627762468085,False,0.24277727376682823
