frame,time_s,Gx,Gy,Bx,By,theta1_rad,theta2_rel_rad,theta1_deg,theta2_rel_deg,theta1_rad_filled,theta1_interpolated,theta1_deg_filled,theta2_rel_rad_filled,theta2_rel_interpolated,theta2_rel_deg_filled
0,0.0,1265,181,1269.0,427.0,1.567651683072455,0.016258729805129588,89.81982518663179,-88.88826858855431,1.5676516830724552,False,89.8198251866318,0.016258729805129768,False,0.9315565980774951
1,0.016664998906386702,1264,180,1268.0,427.0,1.5707963267948966,0.016192916517521822,90.0,-89.07221422553832,1.5707963267948966,False,90.0,0.01619291651752164,False,0.9277857744616687
2,0.033329997812773404,1265,180,1267.0,427.0,1.5707963267948966,0.008096989037738108,90.0,-89.53607670137391,1.5707963267948966,False,90.0,0.008096989037738034,False,0.463923298626083
3,0.049994996719160106,1264,181,1268.0,428.0,1.56764176312642,0.016192916517521822,89.81925681559098,-88.8914710411293,1.56764176312642,False,89.81925681559098,0.01619291651752164,False,0.9277857744616687
4,0.06665999562554681,1264,181,1268.0,428.0,1.56764176312642,0.016192916517521822,89.81925681559098,-88.8914710411293,1.56764176312642,False,89.81925681559098,0.01619291651752164,False,0.9277857744616687
5,0.08332499453193351,1264,181,1267.0,428.0,1.56764176312642,0.012145151796912147,89.81925681559098,-89.12339087608218,1.56764176312642,False,89.81925681559098,0.012145151796912224,False,0.6958659395087984
6,0.09998999343832021,1264,181,1268.0,428.0,1.56764176312642,0.016192916517521822,89.81925681559098,-88.8914710411293,1.56764176312642,False,89.81925681559098,0.01619291651752164,False,0.9277857744616687
7,0.11665499234470691,1264,181,1268.0,428.0,1.56764176312642,0.016192916517521822,89.81925681559098,-88.8914710411293,1.56764176312642,False,89.81925681559098,0.01619291651752164,False,0.9277857744616687
8,0.13331999125109362,1265,181,1268.0,427.0,1.567651683072455,0.012194517448251816,89.81982518663179,-89.12113080364831,1.5676516830724552,False,89.8198251866318,0.01219451744825184,False,0.6986943829834728
9,0.14998499015748032,1264,180,1269.0,427.0,1.5707963267948966,0.020240150641789956,90.0,-88.84032479151642,1.5707963267948966,False,90.0,0.020240150641789967,False,1.1596752084835695
10,0.16664998906386702,1264,180,1269.0,426.0,1.5707963267948966,0.020322405071005474,90.0,-88.83561195987612,1.5707963267948966,False,90.0,0.020322405071005356,False,1.164388040123869
11,0.18331498797025372,1264,179,1269.0,426.0,1.5739508904633734,0.020240150641789956,90.18074318440902,-89.02106797592546,1.5739508904633732,False,90.18074318440902,0.020240150641789967,False,1.1596752084835695
12,0.19997998687664043,1264,179,1269.0,426.0,1.5739508904633734,0.020240150641789956,90.18074318440902,-89.02106797592546,1.5739508904633732,False,90.18074318440902,0.020240150641789967,False,1.1596752084835695
13,0.21664498578302713,1264,178,1269.0,425.0,1.5771053913492579,0.020240150641789956,90.36148277164048,-89.20180756315692,1.5771053913492583,False,90.36148277164051,0.020240150641789967,False,1.1596752084835695
14,0.23330998468941383,1264,178,1269.0,425.0,1.5771053913492579,0.020240150641789956,90.36148277164048,-89.20180756315692,1.5771053913492583,False,90.36148277164051,0.020240150641789967,False,1.1596752084835695
15,0.24997498359580053,1264,178,1270.0,425.0,1.5771053913492579,0.02428672171621468,90.36148277164048,-88.96995611909267,1.5771053913492583,False,90.36148277164051,0.02428672171621482,False,1.3915266525478327
16,0.26663998250218723,1264,178,1269.0,425.0,1.5771053913492579,0.020240150641789956,90.36148277164048,-89.20180756315692,1.5771053913492583,False,90.36148277164051,0.020240150641789967,False,1.1596752084835695
17,0.2833049814085739,1264,179,1269.0,425.0,1.5739508904633734,0.020322405071005474,90.18074318440902,-89.01635514428514,1.5739508904633732,False,90.18074318440902,0.020322405071005356,False,1.164388040123869
18,0.29996998031496064,1264,179,1270.0,426.0,1.5739508904633734,0.02428672171621468,90.18074318440902,-88.78921653186121,1.5739508904633732,False,90.18074318440902,0.02428672171621482,False,1.3915266525478327
19,0.3166349792213473,1264,179,1269.0,426.0,1.5739508904633734,0.020240150641789956,90.18074318440902,-89.02106797592546,1.5739508904633732,False,90.18074318440902,0.020240150641789967,False,1.1596752084835695
20,0.33329997812773404,1264,179,1269.0,426.0,1.5739508904633734,0.020240150641789956,90.18074318440902,-89.02106797592546,1.5739508904633732,False,90.18074318440902,0.020240150641789967,False,1.1596752084835695
21,0.3499649770341207,1264,179,1270.0,426.0,1.5739508904633734,0.02428672171621468,90.18074318440902,-88.78921653186121,1.5739508904633732,False,90.18074318440902,0.02428672171621482,False,1.3915266525478327
22,0.36662997594050745,1264,180,1269.0,427.0,1.5707963267948966,0.020240150641789956,90.0,-88.84032479151642,1.5707963267948966,False,90.0,0.020240150641789967,False,1.1596752084835695
23,0.3832949748468941,1264,180,1269.0,427.0,1.5707963267948966,0.020240150641789956,90.0,-88.84032479151642,1.5707963267948966,False,90.0,0.020240150641789967,False,1.1596752084835695
24,0.39995997375328085,1265,181,1269.0,427.0,1.567651683072455,0.016258729805129588,89.81982518663179,-88.88826858855431,1.5676516830724552,False,89.8198251866318,0.016258729805129768,False,0.9315565980774951
25,0.4166249726596675,1264,181,1269.0,428.0,1.56764176312642,0.020240150641789956,89.81925681559098,-88.65958160710741,1.56764176312642,False,89.81925681559098,0.020240150641789967,False,1.1596752084835695
26,0.43328997156605426,1265,181,1269.0,428.0,1.567651683072455,0.016192916517521822,89.81982518663179,-88.8920394121701,1.5676516830724552,False,89.8198251866318,0.01619291651752164,False,0.9277857744616687
27,0.44995497047244093,1265,181,1269.0,428.0,1.567651683072455,0.016192916517521822,89.81982518663179,-88.8920394121701,1.5676516830724552,False,89.8198251866318,0.01619291651752164,False,0.9277857744616687
28,0.46661996937882766,1265,182,1268.0,429.0,1.5645071015421892,0.012145151796912147,89.63965393661277,-88.94378799710397,1.5645071015421887,False,89.63965393661275,0.012145151796912224,False,0.6958659395087984
29,0.48328496828521433,1265,182,1268.0,429.0,1.5645071015421892,0.012145151796912147,89.63965393661277,-88.94378799710397,1.5645071015421887,False,89.63965393661275,0.012145151796912224,False,0.6958659395087984
30,0.49994996719160106,1265,182,1269.0,429.0,1.5645071015421892,0.016192916517521822,89.63965393661277,-88.71186816215109,1.5645071015421887,False,89.63965393661275,0.01619291651752164,False,0.9277857744616687
31,0.5166149660979877,1265,182,1268.0,430.0,1.5645071015421892,0.012096184197179801,89.63965393661277,-88.94659363390153,1.5645071015421887,False,89.63965393661275,0.012096184197179838,False,0.6930603027112467
32,0.5332799650043745,1266,183,1268.0,430.0,1.5613922153147528,0.008096989037738108,89.46118410211724,-88.99726080349116,1.5613922153147524,False,89.46118410211722,0.008096989037738034,False,0.463923298626083
33,0.5499449639107612,1266,183,1268.0,430.0,1.5613922153147528,0.008096989037738108,89.46118410211724,-88.99726080349116,1.5613922153147524,False,89.46118410211722,0.008096989037738034,False,0.463923298626083
34,0.5666099628171478,1266,183,1268.0,430.0,1.5613922153147528,0.008096989037738108,89.46118410211724,-88.99726080349116,1.5613922153147524,False,89.46118410211722,0.008096989037738034,False,0.463923298626083
35,0.5832749617235345,1266,184,1268.0,431.0,1.5582577989634565,0.008096989037738108,89.28159527395117,-88.81767197532508,1.5582577989634565,False,89.28159527395117,0.008096989037738034,False,0.463923298626083
36,0.5999399606299213,1266,184,1268.0,431.0,1.5582577989634565,0.008096989037738108,89.28159527395117,-88.81767197532508,1.5582577989634565,False,89.28159527395117,0.008096989037738034,False,0.463923298626083
37,0.6166049595363079,1266,184,1268.0,431.0,1.5582577989634565,0.008096989037738108,89.28159527395117,-88.81767197532508,1.5582577989634565,False,89.28159527395117,0.008096989037738034,False,0.463923298626083
38,0.6332699584426946,1266,184,1268.0,431.0,1.5582577989634565,0.008096989037738108,89.28159527395117,-88.81767197532508,1.5582577989634565,False,89.28159527395117,0.008096989037738034,False,0.463923298626083
39,0.6499349573490814,1266,185,1268.0,431.0,1.5551236289760848,0.008129902179943912,89.10202056139819,-88.6362114786332,1.5551236289760846,False,89.10202056139818,0.008129902179943915,False,0.4658090827649939
40,0.6665999562554681,1266,184,1268.0,431.0,1.5582577989634565,0.008096989037738108,89.28159527395117,-88.81767197532508,1.5582577989634565,False,89.28159527395117,0.008096989037738034,False,0.463923298626083
41,0.6832649551618547,1266,184,1267.0,431.0,1.5582577989634565,0.004048560876028236,89.28159527395117,-89.04962982265295,1.5582577989634565,False,89.28159527395117,0.00404856087602834,False,0.23196545129821117
42,0.6999299540682414,1266,184,1268.0,431.0,1.5582577989634565,0.008096989037738108,89.28159527395117,-88.81767197532508,1.5582577989634565,False,89.28159527395117,0.008096989037738034,False,0.463923298626083
43,0.7165949529746282,1266,184,1268.0,431.0,1.5582577989634565,0.008096989037738108,89.28159527395117,-88.81767197532508,1.5582577989634565,False,89.28159527395117,0.008096989037738034,False,0.463923298626083
44,0.7332599518810149,1266,184,1268.0,431.0,1.5582577989634565,0.008096989037738108,89.28159527395117,-88.81767197532508,1.5582577989634565,False,89.28159527395117,0.008096989037738034,False,0.463923298626083
45,0.7499249507874015,1266,184,1268.0,431.0,1.5582577989634565,0.008096989037738108,89.28159527395117,-88.81767197532508,1.5582577989634565,False,89.28159527395117,0.008096989037738034,False,0.463923298626083
46,0.7665899496937882,1266,184,1268.0,431.0,1.5582577989634565,0.008096989037738108,89.28159527395117,-88.81767197532508,1.5582577989634565,False,89.28159527395117,0.008096989037738034,False,0.463923298626083
47,0.783254948600175,1266,184,1268.0,431.0,1.5582577989634565,0.008096989037738108,89.28159527395117,-88.81767197532508,1.5582577989634565,False,89.28159527395117,0.008096989037738034,False,0.463923298626083
48,0.7999199475065617,1266,184,1268.0,431.0,1.5582577989634565,0.008096989037738108,89.28159527395117,-88.81767197532508,1.5582577989634565,False,89.28159527395117,0.008096989037738034,False,0.463923298626083
49,0.8165849464129483,1266,184,1268.0,431.0,1.5582577989634565,0.008096989037738108,89.28159527395117,-88.81767197532508,1.5582577989634565,False,89.28159527395117,0.008096989037738034,False,0.463923298626083
50,0.833249945319335,1266,185,1268.0,432.0,1.5551236289760848,0.008096989037738108,89.10202056139819,-88.6380972627721,1.5551236289760846,False,89.10202056139818,0.008096989037738034,False,0.463923298626083
51,0.8499149442257218,1267,187,1268.0,434.0,1.548924814969896,0.004048560876028236,88.746854680857,-88.51488922955878,1.5489248149698955,False,88.74685468085697,0.00404856087602834,False,0.23196545129821117
52,0.8665799431321085,1268,190,1267.0,439.0,1.5396537507072512,-0.004016042665841987,88.21566182701288,-88.44576412211009,1.5396537507072514,False,88.2156618270129,-0.00401604266584199,False,-0.23010229509721403
53,0.8832449420384951,1272,200,1265.0,448.0,1.5093353709121307,-0.028218314235589993,86.47854662307776,-88.095336933751,1.5093353709121304,False,86.47854662307775,-0.028218314235589848,False,-1.616790310673228
54,0.8999099409448819,1276,214,1263.0,463.0,1.4678184204392,-0.052161476475716034,84.09980058272517,-87.08843303795463,1.4678184204392002,False,84.09980058272518,-0.05216147647571612,False,-2.988632455229461
55,0.9165749398512686,1281,233,1260.0,482.0,1.413425810456183,-0.08413824053117094,80.98333359399714,-85.8040996720898,1.4134258104561832,False,80.98333359399716,-0.0841382405311708,False,-4.820766078092649
56,0.9332399387576553,1285,258,1257.0,507.0,1.3439974787410107,-0.11197938875956011,77.0053832080835,-83.42132957646099,1.3439974787410112,False,77.00538320808353,-0.11197938875955993,False,-6.415946368377474
57,0.9499049376640419,1288,289,1254.0,538.0,1.2614126330663256,-0.13570692545311622,72.27362009918481,-80.04905417834485,1.2614126330663256,False,72.27362009918481,-0.13570692545311624,False,-7.775434079160048
58,0.9665699365704287,1289,326,1252.0,574.0,1.1673169689491003,-0.14810114871965402,66.88233567478721,-75.36790643746272,1.1673169689491,False,66.8823356747872,-0.14810114871965396,False,-8.485570762675508
59,0.9832349354768154,1284,368,1250.0,617.0,1.0619359314494448,-0.13570692545311622,60.84444698534709,-68.61988106450714,1.0619359314494448,False,60.84444698534709,-0.13570692545311624,False,-7.775434079160048
60,0.9998999343832021,1273,415,1250.0,665.0,0.9462078457685427,-0.09174174757924422,54.213716104703025,-59.47013104614827,0.9462078457685426,False,54.21371610470302,-0.09174174757924414,False,-5.256414941445226
61,1.0165649332895887,1254,467,1253.0,716.0,0.8190554821329699,-0.004016042665841987,46.92842231327198,-47.158524608369206,0.8190554821329696,False,46.928422313271966,-0.00401604266584199,False,-0.23010229509721403
62,1.0332299321959755,1222,520,1258.0,764.0,0.6800980338334002,0.1464841783935612,38.9667469937993,-30.57382180640679,0.6800980338334002,False,38.9667469937993,0.14648417839356132,False,8.392925187392507
63,1.0498949311023622,1174,573,1261.0,798.0,0.523792158980242,0.36895954620585647,30.01108005161331,-8.87125524295566,0.5237921589802421,False,30.011080051613316,0.36895954620585636,False,21.139824808657657
64,1.066559930008749,1112,620,1254.0,809.0,0.35877067027057225,0.6443471322800989,20.556045219583467,16.36232600142396,0.3587706702705722,False,20.556045219583464,0.6443471322800987,False,36.91837122100742
65,1.0832249289151357,1039,651,1223.0,798.0,0.19290028976164814,0.8967185144476169,11.052372470193083,40.325813818896286,0.1929002897616483,False,11.052372470193093,0.8967185144476169,False,51.37818628908938
66,1.0998899278215224,966,666,1172.0,781.0,0.039074751138084556,1.061639365038245,2.238818325736255,58.58863665590373,0.03907475113808445,False,2.2388183257362493,1.0616393650382445,False,60.827454981639974
67,1.116554926727909,895,666,1110.0,770.0,-0.10659036605323881,1.1202565812607763,-6.107178111605106,70.29315218960193,-0.10659036605323902,False,-6.107178111605117,1.1202565812607759,False,64.1859740779968
68,1.1332199256342956,828,652,1041.0,763.0,-0.246971684902558,1.090390510211853,-14.150435204151405,76.62520946040705,-0.24697168490255805,False,-14.150435204151409,1.0903905102118525,False,62.47477425625564
69,1.1498849245406824,768,627,965.0,764.0,-0.3808920307762383,0.9631430738004699,-21.823505813645514,77.0075390096696,-0.38089203077623823,False,-21.82350581364551,0.9631430738004703,False,55.18403319602412
70,1.166549923447069,717,595,882.0,770.0,-0.5060749632963412,0.7559948751934432,-28.995959514118393,72.31127519622211,-0.5060749632963413,False,-28.9959595141184,0.7559948751934433,False,43.315315682103716
71,1.1832149223534558,677,559,785.0,773.0,-0.6190004234298019,0.46737893496746485,-35.466111779338526,62.244952186293624,-0.6190004234298021,False,-35.46611177933854,0.46737893496746485,False,26.77884040695511
72,1.1998799212598426,648,526,679.0,763.0,-0.7126585083387637,0.130063287501013,-40.83232476189994,48.28440220530463,-0.7126585083387638,False,-40.83232476189995,0.13006328750101304,False,7.452077443404679
73,1.2165449201662293,629,498,569.0,731.0,-0.7853981633974483,-0.25203499762143655,-45.0,30.559458346701938,-0.7853981633974483,False,-45.0,-0.25203499762143666,False,-14.440541653298062
74,1.2332099190726158,618,479,469.0,669.0,-0.8331325754945813,-0.6650387887060029,-47.73498035070394,9.631064545357468,-0.8331325754945813,False,-47.73498035070394,-0.6650387887060027,False,-38.103915805346475
75,1.2498749179790025,613,469,398.0,578.0,-0.8575040767412482,-1.1015829125589363,-49.13136451253578,-13.98468716082007,-0.8575040767412481,False,-49.131364512535775,-1.1015829125589365,False,-63.11605167335587
76,1.2665399168853892,610,464,372.0,471.0,-0.8705380601795188,-1.5413930385908916,-49.878156753792105,-38.43715892831161,-0.870538060179519,False,-49.87815675379211,-1.5413930385908916,False,-88.31531568210372
77,1.283204915791776,607,458,385.0,368.0,-0.8853872260026056,-1.9559538331583708,-50.72895128474487,-61.33894827766534,-0.8853872260026057,False,-50.72895128474488,-1.9559538331583708,False,-112.06789956241022
78,1.2998699146981627,603,448,431.0,283.0,-0.9089486528884919,-2.3354259633958687,-52.07892160461223,-81.73112946324534,-0.9089486528884918,False,-52.078921604612226,-2.3354259633958687,False,-133.81005106785756
79,1.3165349136045494,598,436,498.0,219.0,-0.9379232836204544,-2.7097695023314867,-53.739045658503734,-101.51931027835596,-0.9379232836204543,False,-53.73904565850373,-2.7097695023314867,False,-155.2583559368597
80,1.3331999125109362,593,421,575.0,183.0,-0.9730790029635984,-3.0661061086558696,-55.75332000261231,-119.92161956264921,-0.9730790029635985,False,-55.75332000261232,-3.0661061086558696,False,-175.67493956526152
81,1.349864911417323,588,405,656.0,173.0,-1.0109460739001896,2.856474918417197,-57.92294334980149,-138.41309953991697,-1.0109460739001896,False,-57.92294334980149,2.856474918417197,False,163.66395711028153
82,1.3665299103237094,584,388,730.0,192.0,-1.0504643251706995,2.5013648555280192,-60.187172361339215,-156.4951783945544,-1.0504643251706995,False,-60.187172361339215,2.501364855528019,False,143.31764924410638
83,1.3831949092300961,581,371,790.0,238.0,-1.0898156759182263,2.137525544318403,-62.44183867731147,-175.08696903184006,-1.089815675918226,False,-62.44183867731146,2.137525544318403,False,122.47119229084849
84,1.3998599081364829,579,357,,,-1.1224815796397567,,-64.31345709453585,,-1.1224815796397567,False,-64.31345709453585,1.7619662319193257,True,100.95322873354615
85,1.4165249070428696,577,347,829.0,394.0,-1.1468191842411297,1.3864069195202484,-65.7078991216527,145.14316429789653,-1.1468191842411297,False,-65.7078991216527,1.3864069195202484,False,79.43526517624382
86,1.4331899059492563,577,345,798.0,471.0,-1.1513188650395356,1.0526253463202293,-65.96571184055742,126.27670159320321,-1.1513188650395356,False,-65.96571184055742,1.0526253463202293,False,60.31098975264578
87,1.449854904855643,578,353,749.0,544.0,-1.132390336957185,0.7302056556942004,-64.88118706904388,106.7188893169045,-1.1323903369571848,False,-64.88118706904386,0.7302056556942,False,41.83770224786059
88,1.4665199037620298,581,371,686.0,604.0,-1.0898156759182263,0.4233891624779045,-62.44183867731147,86.7002507788741,-1.089815675918226,False,-62.44183867731146,0.42338916247790426,False,24.25841210156259
89,1.4831849026684165,587,400,616.0,652.0,-1.0222469243443686,0.11457535523773076,-58.57043438516149,65.13511867649558,-1.0222469243443686,False,-58.57043438516149,0.1145753552377311,False,6.564684291334123
90,1.499849901574803,599,438,545.0,684.0,-0.9328353275253863,-0.21608497229678642,-53.44752724790847,41.06677031910127,-0.9328353275253862,False,-53.44752724790846,-0.21608497229678658,False,-12.380756928807186
91,1.5165149004811898,622,488,482.0,688.0,-0.8122479495605146,-0.6107259643892086,-46.53837942797246,11.54635922941379,-0.8122479495605148,False,-46.53837942797247,-0.6107259643892089,False,-34.99202019855868
92,1.5331798993875765,660,542,450.0,655.0,-0.6703461091256911,-1.0771389680920471,-38.40800286591822,-23.307513954832732,-0.670346109125691,False,-38.40800286591821,-1.0771389680920471,False,-61.71551682075095
93,1.5498448982939632,707,588,469.0,605.0,-0.5317240672588056,-1.4994888620096063,-30.46554491945988,-55.448838300565235,-0.5317240672588057,False,-30.465544919459887,-1.4994888620096063,False,-85.91438322002513
94,1.56650989720035,756,622,521.0,561.0,-0.4078915045851045,-1.8247657566520645,-23.370461711967554,-81.18091474419198,-0.4078915045851046,False,-23.37046171196756,-1.8247657566520648,False,-104.55137645615953
95,1.5831748961067367,807,646,591.0,526.0,-0.2918504952449274,-2.0778948311872334,-16.721801626337243,-102.3328024727399,-0.29185049524492745,False,-16.721801626337243,-2.0778948311872334,False,-119.05460409907714
96,1.5998398950131234,861,661,668.0,504.0,-0.17692471446357563,-2.2536977909419944,-10.137039430320076,-118.99033228861315,-0.1769247144635755,False,-10.137039430320069,-2.2536977909419953,False,-129.12737171893326
97,1.6165048939195101,917,668,743.0,489.0,-0.06139814181249681,-2.3703578490053023,-3.517854395801778,-132.2936462879101,-0.06139814181249692,False,-3.517854395801784,-2.370357849005302,False,-135.81150068371187
98,1.6331698928258966,975,666,811.0,477.0,0.05754955068319047,-2.4268979687414363,3.2973463670210372,-142.34835728477773,0.057549550683190454,False,3.2973463670210363,-2.426897968741436,False,-139.05101091775666
99,1.6498348917322834,1032,655,870.0,465.0,0.17707315477887528,-2.4355728047519185,10.145544433896337,-149.69358684302176,0.17707315477887509,False,10.145544433896326,-2.435572804751919,False,-139.54804240912546
100,1.66649989063867,1087,633,919.0,451.0,0.29973943335333914,-2.396173177315635,17.17380448478915,-154.4644145274277,0.2997394333533392,False,17.173804484789155,-2.396173177315635,False,-137.29061004263855
101,1.6831648895450568,1137,605,954.0,435.0,0.42040535120274286,-2.3193839300571746,24.087452308632294,-156.97836257137453,0.420405351202743,False,24.087452308632304,-2.3193839300571746,False,-132.89091026274224
102,1.6998298884514436,1179,570,,,0.5366402287700887,,30.747220225461056,,0.5366402287700884,False,30.747220225461042,,False,
103,1.7164948873578303,1213,533,,,0.6457635483719913,,36.99952588510729,,0.6457635483719915,False,36.999525885107296,,False,
104,1.733159886264217,1239,494,,,0.7491104692675511,,42.92086827809524,,0.749110469267551,False,42.920868278095234,,False,
105,1.7498248851706035,1258,457,,,0.8431569774704413,,48.30933627606332,,0.843156977470441,False,48.30933627606331,,False,
106,1.7664898840769903,1272,423,,,0.9287737777915879,,53.21481758987933,,0.9287737777915881,False,53.214817589879345,,False,
107,1.783154882983377,1280,392,,,1.0038728213391157,,57.517675830621855,,1.0038728213391153,False,57.51767583062183,,False,
108,1.7998198818897637,1285,366,,,1.0677259979967642,,61.17619336160838,,1.0677259979967637,False,61.17619336160835,,False,
109,1.8164848807961504,1287,345,,,1.1189824848972414,,64.11297373367331,,1.1189824848972414,False,64.11297373367331,,False,
110,1.8331498797025372,1288,330,,,1.1563877323080745,,66.25613654195669,,1.1563877323080742,False,66.25613654195668,,False,
111,1.849814878608924,1289,321,,,1.1797481715245852,,67.59459111663466,,1.1797481715245848,False,67.59459111663463,,False,
112,1.8664798775153106,1289,317,,,1.1897859174671501,,68.16971159496819,,1.18978591746715,False,68.16971159496818,,False,
113,1.8831448764216971,1289,319,,,1.1847568069550065,,67.8815647879175,,1.184756806955006,False,67.88156478791747,,False,
114,1.8998098753280839,1289,327,,,1.1648463398465994,,66.74077905447172,,1.1648463398465996,False,66.74077905447173,,False,
115,1.9164748742344706,1288,341,1042.0,384.0,1.1296834553187372,-1.3977478795491256,64.72609417551935,-144.8111484970444,1.1296834553187374,False,64.72609417551936,-1.3977478795491258,False,-80.08505432152506
116,1.9331398731408573,1286,360,1039.0,402.0,1.082678078927553,-1.4023668212567362,62.032884493880616,-142.3825846810687,1.082678078927553,False,62.032884493880616,-1.4023668212567362,False,-80.34970018718809
117,1.949804872047244,1281,385,1037.0,432.0,1.020311520930498,-1.380504041317526,58.459543937891496,-137.55659910613954,1.0203115209304983,False,58.45954393789151,-1.3805040413175256,False,-79.09705516824803
118,1.9664698709536308,1274,415,1031.0,467.0,0.9476600128037809,-1.359984050338218,54.2969191469702,-132.2182654364574,0.9476600128037811,False,54.29691914697021,-1.359984050338218,False,-77.92134628948719
119,1.9831348698600175,1262,449,1020.0,508.0,0.8640029931748942,-1.3316598562069004,49.50372499559191,-125.8022145032454,0.8640029931748945,False,49.503724995591924,-1.3316598562069002,False,-76.29848950765346
120,1.9997998687664043,1244,486,1006.0,557.0,0.7704738984073634,-1.280882145825369,44.14490260373328,-117.53404361318738,0.7704738984073636,False,44.14490260373329,-1.2808821458253687,False,-73.3891410094541
121,2.016464867672791,1220,524,989.0,614.0,0.6708291556331057,-1.1992784716481877,38.43567939210161,-107.14927427844253,0.6708291556331059,False,38.43567939210162,-1.1992784716481877,False,-68.71359488634091
122,2.0331298665791775,1189,561,971.0,678.0,0.5658796000558909,-1.0782236950441073,32.42251279575353,-94.2001798927816,0.565879600055891,False,32.42251279575354,-1.078223695044107,False,-61.77766709702807
123,2.0497948654855644,1149,596,954.0,749.0,0.4520427141257354,-0.9055068989643612,25.900139679043438,-77.78186330968039,0.4520427141257355,False,25.900139679043445,-0.9055068989643615,False,-51.88172363063697
124,2.066459864391951,1100,628,945.0,821.0,0.3290984515443476,-0.676633684442812,18.855952317781746,-57.62420671274161,0.3290984515443478,False,18.855952317781757,-0.6766336844428125,False,-38.768254394959904
125,2.0831248632983375,1039,653,953.0,883.0,0.19210460393148002,-0.3578173817128217,11.006783030306087,-31.508208838872328,0.19210460393148,False,11.006783030306085,-0.35781738171282207,False,-20.501425808566268
126,2.0997898622047244,965,668,975.0,906.0,0.03686853182173346,0.041992107221369514,2.1124112702291,0.29355924641620545,0.03686853182173344,False,2.1124112702290985,0.041992107221369146,False,2.4059705166452785
127,2.116454861111111,889,667,992.0,877.0,-0.11853816586847452,0.4559995745652645,-6.791736615485297,32.91858769783604,-0.11853816586847454,False,-6.791736615485298,0.45599957456526496,False,26.126851082350765
128,2.133119860017498,822,652,988.0,821.0,-0.2588873538510183,0.7764431788964815,-14.833152744973269,59.32006992746279,-0.25888735385101835,False,-14.83315274497327,0.7764431788964812,False,44.48691718248952
129,2.1497848589238844,767,628,969.0,759.0,-0.3820448374370518,0.995465855954191,-21.8895567699047,78.9255489654578,-0.38204483743705175,False,-21.889556769904697,0.9954658559541913,False,57.03599219555311
130,2.1664498578302713,720,599,942.0,702.0,-0.4964996350838263,1.13639083698692,-28.44733362008874,93.55773245677841,-0.49649963508382644,False,-28.447333620088752,1.1363908369869202,False,65.11039883668965
131,2.183114856736658,681,564,913.0,651.0,-0.6058154461599549,1.2120256565243244,-34.710668228800365,104.1546230092169,-0.605815446159955,False,-34.71066822880037,1.2120256565243244,False,69.44395478041653
132,2.199779855643045,649,528,884.0,607.0,-0.7081527873145687,1.2464947575238323,-40.57416596355021,111.99305475484874,-0.7081527873145688,False,-40.574165963550215,1.2464947575238323,False,71.41888879129851
133,2.2164448545494313,623,490,860.0,573.0,-0.8074765941959366,1.2339335728116223,-46.26500090302503,116.96418682462965,-0.8074765941959368,False,-46.26500090302504,1.2339335728116225,False,70.69918592160464
134,2.233109853455818,604,451,837.0,543.0,-0.9021289076043156,1.1947376594198957,-51.68817898247468,120.14160449257305,-0.9021289076043155,False,-51.688178982474675,1.1947376594198955,False,68.45342551009837
135,2.2497748523622048,591,414,817.0,522.0,-0.9893040479338584,1.125003962933643,-56.68294660181817,121.14092561340804,-0.9893040479338584,False,-56.68294660181817,1.1250039629336435,False,64.45797901158987
136,2.2664398512685913,582,380,801.0,508.0,-1.0695320619233142,1.041870573239343,-61.27967320213052,120.97445984762058,-1.0695320619233142,False,-61.27967320213052,1.0418705732393434,False,59.694786645490105
137,2.283104850174978,578,350,782.0,498.0,-1.139076190792785,0.9431669009934023,-65.26425827626511,119.30374107962024,-1.1390761907927853,False,-65.26425827626512,0.9431669009934023,False,54.03948280335512
138,2.2997698490813647,576,326,765.0,494.0,-1.1958790857076709,0.844153986113171,-68.51882441901319,116.88528508244299,-1.1958790857076709,False,-68.51882441901319,0.844153986113171,False,48.366460663429805
139,2.3164348479877517,576,307,748.0,493.0,-1.2409814310914875,0.7463119347609998,-71.10299845564724,113.86352251769534,-1.2409814310914875,False,-71.10299845564724,0.7463119347609997,False,42.76052406204811
140,2.333099846894138,576,293,729.0,495.0,-1.2751409894399661,0.6482366692896273,-73.06019697904593,110.20142225495931,-1.2751409894399661,False,-73.06019697904593,0.6482366692896271,False,37.141225275913335
141,2.3497648458005247,576,286,711.0,502.0,-1.2924966677897853,0.5585993153435624,-74.05460409907715,106.05998730716067,-1.2924966677897853,False,-74.05460409907715,0.558599315343562,False,32.00538320808347
142,2.3664298447069116,577,284,692.0,512.0,-1.2967854191930575,0.467150221647268,-74.30033145386545,101.06606755285488,-1.2967854191930575,False,-74.30033145386545,0.4671502216472678,False,26.765736098989393
143,2.383094843613298,576,289,674.0,524.0,-1.2850367706501413,0.3950932344941952,-73.62718347737383,96.26435832806378,-1.2850367706501413,False,-73.62718347737383,0.39509323449419487,False,22.63717485068992
144,2.399759842519685,576,299,657.0,541.0,-1.2604089196625452,0.32298971113538255,-72.21611155730749,90.7220588315145,-1.2604089196625452,False,-72.21611155730749,0.32298971113538233,False,18.505947274207017
145,2.4164248414260716,576,315,641.0,562.0,-1.221808919838475,0.25732371497108864,-70.00449447818254,84.74805731465324,-1.221808919838475,False,-70.00449447818254,0.25732371497108897,False,14.743562836470755
146,2.4330898403324586,576,337,623.0,588.0,-1.1704677422134484,0.18510739190555509,-67.06286168503702,77.66873399789945,-1.1704677422134484,False,-67.06286168503702,0.18510739190555547,False,10.605872312862425
147,2.449754839238845,580,365,606.0,618.0,-1.1038843115442056,0.10240729979145552,-63.24791212218748,69.11541819156885,-1.1038843115442054,False,-63.24791212218747,0.10240729979145513,False,5.867506069381334
148,2.4664198381452316,586,398,588.0,653.0,-1.0275301485691894,0.007842976437825736,-58.873140835465,59.32251028417297,-1.0275301485691894,False,-58.873140835465,0.007842976437825833,False,0.44936944870796874
149,2.4830848370516185,599,437,568.0,688.0,-0.9346922166990034,-0.12288368614300897,-53.55391916058026,46.513202573575605,-0.9346922166990033,False,-53.55391916058026,-0.12288368614300893,False,-7.040716587004649
150,2.499749835958005,618,481,547.0,720.0,-0.8298133786443591,-0.28876759619672177,-47.544804379813094,30.999639857602936,-0.8298133786443591,False,-47.544804379813094,-0.2887675961967222,False,-16.545164522210186
151,2.516414834864392,649,529,530.0,742.0,-0.7067354684249298,-0.5094870348819229,-40.49295957294974,11.301502757580996,-0.7067354684249301,False,-40.492959572949744,-0.5094870348819232,False,-29.191456815368753
152,2.5330798337707785,693,576,526.0,747.0,-0.5703157688226071,-0.7735643962942974,-32.67668654329413,-11.645288545954559,-0.5703157688226073,False,-32.67668654329414,-0.7735643962942973,False,-44.321975089248696
153,2.5497448326771655,745,616,543.0,737.0,-0.43386126291907184,-1.0311051585149735,-24.85841925947858,-34.219554557597135,-0.4338612629190717,False,-24.85841925947857,-1.0311051585149738,False,-59.07797381707574
154,2.566409831583552,803,645,580.0,726.0,-0.30031134464472525,-1.2223854240236565,-17.206572588041453,-52.83095314682361,-0.3003113446447254,False,-17.206572588041464,-1.2223854240236562,False,-70.03752573486506
155,2.583074830489939,862,662,631.0,718.0,-0.17455384180675662,-1.332960399337446,-10.00119843332138,-66.37180670678708,-0.1745538418067567,False,-10.001198433321383,-1.3329603993374457,False,-76.37300514010845
156,2.5997398293963254,922,669,688.0,716.0,-0.05108027184485055,-1.3725790744430106,-2.926683993090864,-75.71630402046648,-0.05108027184485042,False,-2.926683993090857,-1.3725790744430109,False,-78.64298801355736
157,2.616404828302712,981,666,749.0,724.0,0.06984504991674083,-1.3258176636680326,4.001826580109811,-79.96558311218334,0.0698450499167409,False,4.001826580109816,-1.3258176636680323,False,-75.96375653207352
158,2.633069827209099,1036,654,814.0,738.0,0.18560269460870416,-1.2090670852749643,10.634251067334267,-79.90869220177372,0.18560269460870416,False,10.634251067334267,-1.209067085274964,False,-69.27444113443944
159,2.6497348261154854,1085,635,884.0,760.0,0.2944785419285488,-1.014436147879358,16.8723776096721,-74.99528746866837,0.29447854192854894,False,16.872377609672107,-1.0144361478793584,False,-58.122909858996294
160,2.6663998250218723,1127,612,964.0,783.0,0.3947911196997615,-0.7614506464752407,22.619864948040426,-66.24777329857982,0.39479111969976133,False,22.619864948040416,-0.7614506464752404,False,-43.62790835053937
161,2.683064823928259,1159,588,1056.0,800.0,0.4792105547378178,-0.4522629016485536,27.456742284599876,-53.36949777940224,0.4792105547378176,False,27.456742284599866,-0.4522629016485533,False,-25.912755494802347
162,2.699729822834646,1182,567,1157.0,802.0,0.5457224808636166,-0.10598435798959989,31.267594938894067,-37.34005134610177,0.5457224808636165,False,31.26759493889406,-0.10598435798960004,False,-6.072456407207709
163,2.7163948217410323,1196,552,1260.0,780.0,0.5898613374664693,0.2736593210820904,33.79656513477067,-18.117041012351415,0.5898613374664694,False,33.796565134770674,0.2736593210820901,False,15.679524122419236
164,2.733059820647419,1203,545,1352.0,729.0,0.6116447439910229,0.6806775479424769,35.04466239204533,3.955288314372337,0.6116447439910226,False,35.04466239204532,0.6806775479424765,False,38.99995070641766
165,2.7497248195538058,1204,543,1416.0,650.0,0.6160675971355863,1.1033822572620609,35.29807321063498,27.921073320099126,0.6160675971355865,False,35.29807321063499,1.1033822572620604,False,63.219146530734086
166,2.7663898184601923,1205,543,1443.0,558.0,0.6179002342357469,1.5078543674875233,35.40307558185328,50.990615795550056,0.6179002342357469,False,35.40307558185328,1.507854367487523,False,86.39369137740333
167,2.7830548173665792,1206,541,1435.0,468.0,0.6223426278762495,1.8793897457187831,35.65760598838983,72.02349450146144,0.6223426278762494,False,35.657605988389825,1.8793897457187834,False,107.68110048985126
168,2.7997198162729657,1210,536,1402.0,391.0,0.6362712302485057,2.2176224441160945,36.45565611883602,90.60475048250242,0.6362712302485058,False,36.455656118836025,2.2176224441160945,False,127.06040660133849
169,2.8163848151793527,1215,530,1352.0,331.0,0.6534826284710323,2.5386657850521406,37.44179659650576,108.01303848124775,0.6534826284710324,False,37.44179659650577,2.5386657850521406,False,145.4548350777535
170,2.833049814085739,1221,523,1292.0,290.0,0.6740294517708594,2.8458102864047072,38.61904285398691,124.43387585191887,0.6740294517708594,False,38.61904285398691,2.8458102864047072,False,163.05291870590577
171,2.8497148129921257,1226,515,1225.0,271.0,0.6944445904489059,-3.1374943158799447,39.78874413841327,140.44607331538032,0.694444590448906,False,39.78874413841328,-3.1374943158799447,False,-179.76518254620638
172,2.8663798118985127,1230,508,1157.0,273.0,0.7118811429568732,-2.84040475328287,40.787785006378044,156.46901052161564,0.711881142956873,False,40.78778500637803,-2.84040475328287,False,-162.7432044720063
173,2.883044810804899,1234,502,1093.0,298.0,0.7279900487606487,-2.5368131007766124,41.710757321508176,172.94055859049632,0.7279900487606485,False,41.71075732150817,-2.5368131007766124,False,-145.34868408799548
174,2.899709809711286,1237,498,1046.0,334.0,0.7393780472815937,-2.2802842962534524,42.363241573859554,-173.01390783914144,0.7393780472815936,False,42.36324157385955,-2.2802842962534524,False,-130.6506662652819
175,2.9163748086176726,1237,498,1003.0,425.0,0.7393780472815937,-1.873194458776084,42.363241573859554,-149.68937826902163,0.7393780472815936,False,42.36324157385955,-1.873194458776084,False,-107.32613669516209
176,2.9330398075240596,1233,504,987.0,490.0,0.7231834766891234,-1.6276455741277345,41.435361027884326,-134.69258296855128,0.7231834766891234,False,41.435361027884326,-1.6276455741277345,False,-93.25722194066697
177,2.949704806430446,1226,515,985.0,572.0,0.6944445904489059,-1.3385495907498648,39.78874413841327,-116.4819863573441,0.694444590448906,False,39.78874413841328,-1.3385495907498648,False,-76.69324221893083
178,2.966369805336833,1213,533,999.0,655.0,0.6457635483719913,-1.0526572615533594,36.99952588510729,-97.31234424591361,0.6457635483719915,False,36.999525885107296,-1.0526572615533594,False,-60.31281836080631
179,2.9830348042432195,1194,555,1025.0,736.0,0.582443673779372,-0.7511258740466489,33.37156431165255,-76.40790677760057,0.5824436737793719,False,33.37156431165254,-0.7511258740466489,False,-43.03634246594804
180,2.999699803149606,1165,583,1065.0,808.0,0.4958630221343742,-0.4182243295792291,28.410858384901765,-52.37334735947996,0.4958630221343743,False,28.41085838490177,-0.41822432957922917,False,-23.96248897457819
181,3.016364802055993,1125,613,1118.0,857.0,0.3900261212580971,-0.02868065795522624,22.346850647946642,-23.99013130243942,0.3900261212580971,False,22.346850647946642,-0.02868065795522634,False,-1.643280654492779
182,3.0330298009623795,1070,642,1169.0,858.0,0.2601981880506798,0.4297622790966885,14.908258012255281,9.715306773908335,0.26019818805067985,False,14.908258012255285,0.4297622790966886,False,24.62356478616362
183,3.0496947998687665,1009,661,1191.0,810.0,0.12819129286236347,0.884767683381828,7.3448200513389414,43.348634056006915,0.12819129286236342,False,7.344820051338938,0.8847676833818277,False,50.69345410734583
184,3.066359798775153,953,669,1181.0,745.0,0.0122693229537975,1.2490457723982544,0.7029804227355815,70.8620707543424,0.012269322953797346,False,0.7029804227355727,1.2490457723982544,False,71.56505117707799
185,3.08302479768154,903,668,1148.0,680.0,-0.08992078903525266,1.521855846030829,-5.152081702206227,92.34799870708395,-0.08992078903525247,False,-5.152081702206216,1.521855846030829,False,87.19591700487773
186,3.0996897965879264,858,662,1103.0,620.0,-0.18259071923374287,1.740574600763235,-10.461677590351652,110.18925614175322,-0.18259071923374304,False,-10.46167759035166,1.7405746007632352,False,99.72757855140162
187,3.116354795494313,816,650,1054.0,568.0,-0.2718245242765265,1.9025967940845732,-15.574398009196354,124.58516442536336,-0.2718245242765267,False,-15.574398009196367,1.9025967940845732,False,109.01076641616699
188,3.1330197944007,778,634,1003.0,522.0,-0.3563546324492313,2.032664578242983,-20.41761644927665,136.88071794833905,-0.35635463244923127,False,-20.417616449276647,2.032664578242983,False,116.46310149906242
189,3.1496847933070864,743,614,956.0,482.0,-0.43939863167953086,2.125588553932792,-25.17568711906047,146.96294024072523,-0.43939863167953064,False,-25.175687119060456,2.1255885539327917,False,121.78725312166472
190,3.1663497922134733,711,592,914.0,446.0,-0.5201910459456235,2.1943001016150303,-29.80475147318012,155.52888628084906,-0.5201910459456234,False,-29.80475147318011,2.1943001016150303,False,125.72413480766892
191,3.18301479111986,684,569,,,-0.5944998541169274,,-34.06233256204308,,-0.5944998541169273,False,-34.062332562043075,2.2625012497291364,True,129.63177275255381
192,3.199679790026247,662,546,,,-0.6616103837643317,,-37.90748267172693,,-0.6616103837643319,False,-37.90748267172694,2.3307023978432433,True,133.53941069743874
193,3.2163447889326333,645,524,813.0,341.0,-0.7204740589706139,2.398903545957349,-41.28012282767577,178.72717146999938,-0.720474058970614,False,-41.28012282767577,2.3989035459573493,False,137.44704864232364
194,3.2330097878390203,632,504,783.0,310.0,-0.7713145875745882,2.480192724140614,-44.19307054489763,-173.70235398279073,-0.7713145875745884,False,-44.193070544897644,2.480192724140614,False,142.1045754723116
195,3.2496747867454068,622,489,754.0,282.0,-0.8106294008959471,2.5739262292179137,-46.44564342055621,-166.07924686723484,-0.8106294008959471,False,-46.44564342055621,2.573926229217914,False,147.475109712209
196,3.2663397856517933,616,477,724.0,257.0,-0.8394854859496563,2.6852441850326842,-48.098975307404274,-158.0478659281766,-0.8394854859496563,False,-48.098975307404274,2.6852441850326842,False,153.8531587644191
197,3.2830047845581802,612,469,693.0,238.0,-0.8589830098069178,2.804339465268135,-49.21610113538099,-150.1070831827808,-0.8589830098069178,False,-49.21610113538099,2.804339465268135,False,160.67681568183824
198,3.2996697834645667,610,465,660.0,227.0,-0.8688054942684327,2.9345199764727616,-49.77888803935863,-142.08550241192248,-0.8688054942684325,False,-49.77888803935861,2.934519976472762,False,168.1356095487189
199,3.3163347823709537,610,465,626.0,222.0,-0.8688054942684327,3.075843937868737,-49.77888803935863,-133.98823587986334,-0.8688054942684325,False,-49.77888803935861,3.075843937868737,False,176.23287608077806
200,3.33299978127734,611,468,592.0,226.0,-0.8621700546672264,-3.0632409848032682,-49.398705354995535,-126.11207470572967,-0.8621700546672262,False,-49.39870535499553,-3.0632409848032687,False,-175.51078006072524
201,3.349664780183727,615,476,558.0,240.0,-0.842660335244858,-2.904605828305769,-48.280880772609414,-118.14077433841177,-0.8426603352448581,False,-48.28088077260942,-2.904605828305769,False,-166.42165511102118
202,3.3663297790901137,620,486,524.0,263.0,-0.8185613559000131,-2.7350783700805334,-46.90011096557686,-109.80833627755796,-0.8185613559000133,False,-46.90011096557687,-2.735078370080533,False,-156.7084472431348
203,3.3829947779965,628,499,492.0,296.0,-0.7853981633974483,-2.5513199063824104,-45.0,-101.17986282342441,-0.7853981633974483,False,-45.0,-2.5513199063824104,False,-146.17986282342443
204,3.399659776902887,637,513,466.0,343.0,-0.7496435783711463,-2.353261947279161,-42.95141317975124,-91.88056448808233,-0.7496435783711464,False,-42.95141317975125,-2.3532619472791616,False,-134.8319776678336
205,3.4163247758092736,649,529,445.0,401.0,-0.7067354684249298,-2.1311562036997396,-40.49295957294974,-81.6132963821681,-0.7067354684249301,False,-40.492959572949744,-2.1311562036997396,False,-122.10625595511783
206,3.4329897747156606,662,546,434.0,471.0,-0.6616103837643317,-1.8885943326047887,-37.90748267172693,-70.3010017988539,-0.6616103837643319,False,-37.90748267172694,-1.8885943326047885,False,-108.20848447058083
207,3.449654773622047,676,561,437.0,552.0,-0.6182604284368914,-1.6084354459942851,-35.423713189383946,-56.73284948533084,-0.6182604284368916,False,-35.42371318938395,-1.6084354459942851,False,-92.15656267471479
208,3.466319772528434,691,576,463.0,641.0,-0.5738858942964037,-1.2930760420007403,-32.88123966527481,-41.20656013084878,-0.5738858942964038,False,-32.88123966527482,-1.29307604200074,False,-74.08779979612358
209,3.4829847714348205,707,590,514.0,729.0,-0.5295895987820763,-0.9466367923122314,-30.34324888423958,-23.895044047053545,-0.5295895987820765,False,-30.343248884239582,-0.9466367923122316,False,-54.238292931293124
210,3.499649770341207,724,602,592.0,802.0,-0.48613678778081654,-0.583373006993856,-27.85358620588776,-5.571224976716043,-0.4861367877808167,False,-27.853586205887765,-0.5833730069938561,False,-33.42481118260381
211,3.516314769247594,744,615,687.0,850.0,-0.43662715981354133,-0.23795771530242163,-25.016893478100023,11.382920688695656,-0.43662715981354117,False,-25.016893478100013,-0.2379577153024215,False,-13.633972789404357
212,3.5329797681539805,769,630,789.0,873.0,-0.3766690974049333,0.08211943387892871,-21.58154955430479,26.286646531571026,-0.37666909740493315,False,-21.58154955430478,0.08211943387892973,False,4.7050969772663
213,3.5496447670603675,801,644,884.0,875.0,-0.30484709298435647,0.34494227185762905,-17.466451824835794,37.23018817793219,-0.3048470929843563,False,-17.466451824835783,0.3449422718576294,False,19.763736353096434
214,3.566309765966754,841,657,971.0,866.0,-0.21866894587394195,0.5564460025648927,-12.528807709151511,44.41081518304563,-0.21866894587394192,False,-12.52880770915151,0.5564460025648934,False,31.882007473894173
215,3.582974764873141,885,666,1047.0,851.0,-0.12688663470777017,0.7192125550735056,-7.270068645373419,48.477912623905574,-0.12688663470777017,False,-7.270068645373419,0.719212555073506,False,41.207843978532175
216,3.5996397637795274,935,669,1115.0,835.0,-0.024534953062735815,0.8258385310050183,-1.4057492610463351,48.72281164691766,-0.024534953062735898,False,-1.4057492610463398,0.8258385310050187,False,47.31706238587135
217,3.6163047626859144,985,665,1175.0,819.0,0.07819077727959779,0.8896697753251036,4.480001534968362,46.49432175151227,0.07819077727959778,False,4.480001534968361,0.8896697753251033,False,50.974323286480605
218,3.632969761592301,1036,654,1226.0,804.0,0.18560269460870416,0.9025069079643125,10.634251067334267,41.07558574042266,0.18560269460870416,False,10.634251067334267,0.9025069079643124,False,51.70983680775693
219,3.6496347604986874,1084,635,1269.0,788.0,0.2924646554548933,0.8797913665868817,16.756990414313155,33.6513417431622,0.2924646554548933,False,16.756990414313155,0.8797913665868826,False,50.40833215747541
220,3.6662997594050744,1127,611,1303.0,772.0,0.3956145714240498,0.8298791897663438,22.667045256474918,24.881529822872924,0.39561457142405,False,22.66704525647493,0.8298791897663449,False,47.5485750793479
221,3.682964758311461,1165,582,1330.0,753.0,0.4969034455646215,0.7675429182578958,28.47047025636146,15.506499554970713,0.4969034455646213,False,28.470470256361445,0.7675429182578952,False,43.97696981133213
222,3.699629757217848,1196,552,1350.0,730.0,0.5898613374664693,0.7132345344377907,33.79656513477067,7.068763491492908,0.5898613374664694,False,33.796565134770674,0.7132345344377917,False,40.86532862626363
223,3.7162947561242343,1220,522,1367.0,707.0,0.6736702788210973,0.6714362615900673,38.59846375985028,-0.1279997586975219,0.6736702788210973,False,38.59846375985028,0.6714362615900669,False,38.470464001152735
224,3.7329597550306213,1239,494,1382.0,681.0,0.7491104692675511,0.6528466311007743,42.92086827809524,-5.515511646686686,0.749110469267551,False,42.920868278095234,0.6528466311007755,False,37.40535663140862
225,3.749624753937008,1252,470,1395.0,657.0,0.81060290872439,0.6528466311007743,46.44412553093584,-9.038768899527286,0.8106029087243902,False,46.44412553093586,0.6528466311007755,False,37.40535663140862
226,3.7662897528433943,1260,451,1408.0,635.0,0.8571923645765226,0.677386438697402,49.113504721074115,-10.30212068431571,0.8571923645765227,False,49.11350472107412,0.6773864386974022,False,38.81138403675841
227,3.7829547517497812,1266,436,1421.0,615.0,0.8945280852625205,0.7136651667229491,51.25268394146108,-10.36268190273585,0.8945280852625208,False,51.2526839414611,0.713665166722949,False,40.89000203872522
228,3.7996197506561677,1269,427,1433.0,598.0,0.9164528631908255,0.7645056813671545,52.50888118351454,-8.705932227403288,0.9164528631908251,False,52.50888118351451,0.7645056813671545,False,43.80294895611125
229,3.8162847495625547,1271,423,1445.0,584.0,0.9272952180016122,0.824184671781782,53.13010235415598,-5.907799121684881,0.9272952180016123,False,53.13010235415599,0.8241846717817829,False,47.222303232471155
230,3.832949748468941,1271,425,1455.0,573.0,0.9233562920408753,0.8934098880974947,52.904418520791246,-1.7158025575496438,0.9233562920408751,False,52.90441852079123,0.8934098880974943,False,51.18861596324159
231,3.849614747375328,1268,432,1463.0,565.0,0.9052399713080973,0.9722183243280441,51.86642980249771,3.8375769467802643,0.905239971308097,False,51.86642980249769,0.9722183243280433,False,55.70400674927793
232,3.8662797462817147,1263,444,1469.0,560.0,0.8748142701450383,1.0579460370236926,50.12316553712815,10.492677336920568,0.8748142701450385,False,50.123165537128166,1.0579460370236937,False,60.61584287404878
233,3.8829447451881016,1256,461,1472.0,556.0,0.832820210144982,1.1564446112468796,47.71708313450577,18.54231233058764,0.8328202101449822,False,47.717083134505785,1.1564446112468794,False,66.2593954650934
234,3.899609744094488,1245,483,1469.0,557.0,0.7770788877753357,1.2517267311225233,44.52334061824688,27.195318178780504,0.7770788877753358,False,44.523340618246884,1.251726731122524,False,71.71865879702742
235,3.9162747430008746,1230,507,1461.0,560.0,0.7133917238890838,1.3452625002041019,40.874334918406646,36.20352868050544,0.7133917238890839,False,40.87433491840665,1.345262500204102,False,77.0778635989121
236,3.9329397419072616,1211,534,1445.0,567.0,0.640783724177508,1.4306946023982663,36.71420297604625,45.25855951352178,0.6407837241775081,False,36.71420297604626,1.4306946023982654,False,81.972762489568
237,3.949604740813648,1187,562,1424.0,579.0,0.5609489350798446,1.4991890119436302,32.1400065024331,53.757196574324894,0.5609489350798444,False,32.140006502433096,1.4991890119436313,False,85.89720307675805
238,3.966269739720035,1158,588,1397.0,598.0,0.47727870237110354,1.5289797135873795,27.34605529734479,60.258029252333436,0.4772787023711036,False,27.346055297344794,1.528979713587379,False,87.60408454967823
239,3.9829347386264216,1125,612,1364.0,624.0,0.3908398725642596,1.5206292499407577,22.39347516336301,64.73216306238638,0.39083987256425967,False,22.393475163363014,1.5206292499407574,False,87.12563822574938
240,3.9995997375328085,1088,633,1326.0,658.0,0.3017532204234917,1.4661381107208424,17.289185984746908,66.71433994284155,0.3017532204234916,False,17.289185984746904,1.4661381107208413,False,84.0035259275884
241,4.016264736439195,1048,650,1282.0,700.0,0.21167447510124413,1.3602867646675405,12.128054053948317,65.81063648900718,0.21167447510124404,False,12.128054053948313,1.3602867646675403,False,77.93869054295548
242,4.032929735345582,1007,661,1230.0,748.0,0.12409910918898912,1.1988234896260972,7.110355197862249,61.57717113885856,0.12409910918898914,False,7.11035519786225,1.198823489626097,False,68.68752633672078
243,4.0495947342519685,967,667,1166.0,799.0,0.04104469737959964,0.9851165994410915,2.351687931242729,54.09133554501151,0.041044697379599704,False,2.3516879312427323,0.985116599441092,False,56.44302347625424
244,4.066259733158355,929,669,1086.0,848.0,-0.036793204146488,0.7200153013186058,-2.1080953123570025,43.36193326275337,-0.03679320414648801,False,-2.1080953123570034,0.7200153013186057,False,41.25383795039637
245,4.0829247320647415,896,667,990.0,886.0,-0.10434246523756721,0.4054427504166607,-5.978382882103108,29.208541315153756,-0.10434246523756707,False,-5.9783828821031,0.4054427504166611,False,23.230158433050683
246,4.099589730971129,868,663,882.0,901.0,-0.16212550892912458,0.058755822715722696,-9.289107413049381,12.655568076479193,-0.1621255089291247,False,-9.289107413049388,0.05875582271572277,False,3.3664606634298058
247,4.116254729877515,845,658,774.0,887.0,-0.21023594560774614,-0.3006455090926114,-12.04563238526579,-5.180086415302854,-0.21023594560774628,False,-12.0456323852658,-0.300645509092611,False,-17.225718800568625
248,4.132919728783902,822,651,678.0,844.0,-0.2594127029497308,-0.641009419597701,-14.863253031100495,-21.86388133997826,-0.2594127029497306,False,-14.863253031100486,-0.641009419597701,False,-36.72713437107875
249,4.149584727690288,799,643,601.0,781.0,-0.3093894403596085,-0.9621070194674849,-17.726709158520062,-37.39796249687775,-0.3093894403596087,False,-17.726709158520073,-0.962107019467485,False,-55.124671655397826
250,4.166249726596675,774,631,546.0,712.0,-0.3662820385730643,-1.2294404415410498,-20.986414921684606,-49.45533354131796,-0.3662820385730643,False,-20.986414921684606,-1.2294404415410494,False,-70.44174846300254
251,4.182914725503062,748,617,510.0,643.0,-0.42731691045991155,-1.4619841219776515,-24.483455483922633,-59.282064420536145,-0.4273169104599117,False,-24.483455483922643,-1.4619841219776513,False,-83.76551990445876
252,4.199579724409449,722,600,483.0,578.0,-0.49180917598869855,-1.6625878619471215,-28.178590109959174,-67.08067744929005,-0.49180917598869867,False,-28.17859010995918,-1.662587861947122,False,-95.25926755924925
253,4.216244723315835,698,581,467.0,521.0,-0.5556799434441375,-1.8249210763505308,-31.838115519417357,-72.72216009993953,-0.5556799434441375,False,-31.838115519417357,-1.824921076350531,False,-104.5602756193569
254,4.232909722222222,677,561,456.0,471.0,-0.6165153733908496,-1.9575283044090477,-35.32372890022774,-76.83438121981096,-0.6165153733908495,False,-35.323728900227735,-1.9575283044090472,False,-112.15811012003867
255,4.249574721128609,659,542,450.0,428.0,-0.6720400710056449,-2.0701430484750265,-38.50505973229562,-80.10539993366959,-0.6720400710056449,False,-38.50505973229562,-2.0701430484750265,False,-118.61045966596521
256,4.266239720034996,644,523,446.0,394.0,-0.7235576108543857,-2.1482359429394107,-41.456797336525504,-81.62805559220946,-0.7235576108543857,False,-41.456797336525504,-2.1482359429394107,False,-123.08485292873497
257,4.282904718941382,633,506,441.0,364.0,-0.7666503601997039,-2.2075973683431456,-43.925830001627375,-82.56018206862227,-0.7666503601997041,False,-43.92583000162739,-2.207597368343146,False,-126.48601207024967
258,4.299569717847769,624,492,439.0,343.0,-0.802719265606157,-2.2488245681567975,-45.99242605307374,-82.8557305676407,-0.8027192656061573,False,-45.99242605307375,-2.248824568156797,False,-128.8481566207144
259,4.316234716754155,618,482,438.0,327.0,-0.8281613009882022,-2.2817056999784633,-47.45014730268744,-83.28195939702177,-0.8281613009882021,False,-47.450147302687434,-2.2817056999784633,False,-130.7321066997092
260,4.332899715660543,615,476,436.0,315.0,-0.842660335244858,-2.303302691326625,-48.280880772609414,-83.68864238152999,-0.8426603352448581,False,-48.28088077260942,-2.303302691326625,False,-131.9695231541394
261,4.349564714566929,614,473,437.0,311.0,-0.8492091761534427,-2.311975545796692,-48.65610171737394,-83.8103393942315,-0.8492091761534426,False,-48.656101717373936,-2.3119755457966917,False,-132.4664411116054
262,4.366229713473316,614,474,438.0,312.0,-0.847519088385833,-2.314798034642811,-48.55926682128322,-84.06889098892758,-0.847519088385833,False,-48.55926682128322,-2.314798034642811,False,-132.62815781021078
263,4.382894712379702,618,480,439.0,318.0,-0.8314704655879233,-2.306382357450199,-47.63974846796555,-84.50622655736406,-0.8314704655879233,False,-47.63974846796555,-2.3063823574501985,False,-132.1459750253296
264,4.39955971128609,623,489,441.0,331.0,-0.8090904118678729,-2.285723145613549,-46.35746584453061,-84.60482353449225,-0.809090411867873,False,-46.357465844530616,-2.2857231456135487,False,-130.96228937902285
265,4.416224710192476,630,502,442.0,351.0,-0.7775735969501086,-2.2474802717546796,-44.551685366047764,-84.21944874441068,-0.7775735969501087,False,-44.55168536604777,-2.2474802717546796,False,-128.77113411045846
266,4.432889709098863,641,518,444.0,377.0,-0.735749557008842,-2.1920055053813616,-42.15534439522661,-83.43731973256648,-0.7357495570088419,False,-42.1553443952266,-2.1920055053813616,False,-125.59266412779309
267,4.449554708005249,655,536,448.0,411.0,-0.6869520041848153,-2.1140526988878485,-39.35945056784318,-81.76684674667159,-0.6869520041848154,False,-39.35945056784319,-2.114052698887848,False,-121.12629731451476
268,4.466219706911636,672,556,455.0,451.0,-0.6314793607851112,-2.0214576528755304,-36.1811022226059,-79.6398897515834,-0.6314793607851112,False,-36.1811022226059,-2.0214576528755304,False,-115.82099197418928
269,4.482884705818023,693,577,465.0,500.0,-0.5691702216256191,-1.8964890421105285,-32.61105152367367,-76.04976648206787,-0.5691702216256189,False,-32.61105152367366,-1.8964890421105283,False,-108.66081800574152
270,4.4995497047244095,718,597,480.0,557.0,-0.502198584440118,-1.7373074011867597,-28.773859365863057,-70.76652243897958,-0.502198584440118,False,-28.773859365863057,-1.7373074011867597,False,-99.54038180484264
271,4.516214703630796,745,615,506.0,622.0,-0.434737755335553,-1.5415159944491186,-24.90863857571817,-63.41372195812836,-0.4347377553355529,False,-24.908638575718168,-1.541515994449119,False,-88.32236053384656
272,4.5328797025371825,773,631,543.0,693.0,-0.3682134888721239,-1.307489777225736,-21.097078872160004,-53.816567119374895,-0.368213488872124,False,-21.097078872160008,-1.3074897772257366,False,-74.91364599153492
273,4.549544701443569,801,643,597.0,766.0,-0.3054653492532963,-1.0282170026689061,-17.501875299703553,-41.41061937681647,-0.3054653492532964,False,-17.501875299703556,-1.0282170026689066,False,-58.91249467652005
274,4.566209700349956,827,653,673.0,833.0,-0.24845777433800198,-0.707710521467902,-14.235581856781325,-26.3132441403321,-0.24845777433800187,False,-14.235581856781318,-0.7077105214679023,False,-40.54882599711344
275,4.582874699256343,851,659,768.0,882.0,-0.1977970050310452,-0.35631125565237476,-11.3329335886068,-9.082197553281182,-0.19779700503104536,False,-11.33293358860681,-0.35631125565237554,False,-20.415131141888015
276,4.5995396981627295,875,664,874.0,904.0,-0.14767733704782568,-0.004166642554263516,-8.461288142571364,8.22255710947246,-0.14767733704782549,False,-8.461288142571352,-0.004166642554263689,False,-0.23873103309891847
277,4.616204697069116,901,667,978.0,896.0,-0.09417643757667218,0.3243683494639597,-5.395912402720571,23.98084983463005,-0.09417643757667227,False,-5.395912402720575,0.32436834946395976,False,18.584937431909474
278,4.632869695975503,930,668,1071.0,867.0,-0.03482198403941598,0.6164363490778672,-1.9951527197304495,37.31435386034536,-0.034821984039416165,False,-1.9951527197304604,0.6164363490778673,False,35.31920114061493
279,4.64953469488189,962,667,1149.0,824.0,0.030791086745857205,0.8723873801414264,1.764199317158826,48.219915665419876,0.0307910867458574,False,1.764199317158837,0.8723873801414257,False,49.98411498257866
280,4.666199693788276,999,662,1212.0,778.0,0.1074681659256894,1.0721077162405512,6.157472339553647,55.26977498443922,0.10746816592568953,False,6.157472339553654,1.0721077162405521,False,61.4272473239929
281,4.682864692694663,1036,653,1264.0,734.0,0.18598611200223578,1.2294404415410498,10.656219265775535,59.78552919722706,0.1859861120022357,False,10.65621926577553,1.2294404415410494,False,70.44174846300254
282,4.699529691601049,1072,640,1308.0,692.0,0.2653320862089848,1.3539227111284884,15.202408709176144,62.37164842539638,0.26533208620898474,False,15.20240870917614,1.3539227111284884,False,77.57405713457253
283,4.716194690507437,1107,623,1345.0,656.0,0.34659433370390935,1.433019319508044,19.858392524382868,62.24756644413728,0.34659433370390946,False,19.858392524382875,1.4330193195080447,False,82.1059589685202
284,4.732859689413823,1138,603,1377.0,626.0,0.42413106464674105,1.4748574539416097,24.30091996464854,60.202187529615884,0.4241310646467409,False,24.300919964648532,1.4748574539416097,False,84.50310749426444
285,4.74952468832021,1165,582,1403.0,601.0,0.4969034455646215,1.4911333417491095,28.47047025636146,56.96517691710116,0.4969034455646213,False,28.470470256361445,1.4911333417491086,False,85.43564717346256
286,4.766189687226596,1188,560,1426.0,582.0,0.5651952149769737,1.4786212892384347,32.38330041916985,52.335458952385046,0.5651952149769737,False,32.38330041916985,1.4786212892384345,False,84.71875937155487
287,4.782854686132984,1208,538,1443.0,566.0,0.6299579188169304,1.452206467537191,36.09393001905506,47.11137155242797,0.6299579188169302,False,36.093930019055044,1.4522064675371915,False,83.20530157148306
288,4.79951968503937,1223,518,1457.0,556.0,0.6847620813467635,1.4098085130240892,39.233977231763504,41.54210048613116,0.6847620813467636,False,39.23397723176351,1.409808513024089,False,80.77607771789465
289,4.816184683945757,1234,501,1466.0,550.0,0.7295352930740321,1.3626484931539147,41.79929329898164,36.27471431859893,0.729535293074032,False,41.79929329898163,1.3626484931539142,False,78.07400761758053
290,4.832849682852143,1243,486,1472.0,546.0,0.7687883953435672,1.3145476490359826,44.048330391821395,31.26970186678499,0.7687883953435675,False,44.04833039182141,1.3145476490359833,False,75.31803225860642
291,4.84951468175853,1249,476,1474.0,547.0,0.7954312715448241,1.26513017608456,45.574854752242956,26.911764872045,0.7954312715448242,False,45.574854752242956,1.2651301760845595,False,72.48661962428794
292,4.866179680664917,1251,470,1473.0,551.0,0.8089628242318072,1.2209407249377986,46.35015561146599,23.604594963113005,0.8089628242318074,False,46.35015561146601,1.2209407249377975,False,69.95475057457894
293,4.882844679571304,1252,469,1471.0,557.0,0.8123276786939025,1.1887163868585613,46.54294757081982,21.56548443421618,0.8123276786939027,False,46.54294757081983,1.1887163868585624,False,68.10843200503606
294,4.89950967847769,1250,473,1466.0,567.0,0.8021751126630616,1.1603304622311306,45.96124838602475,20.520789940282988,0.8021751126630616,False,45.96124838602475,1.16033046223113,False,66.48203832630772
295,4.916174677384077,1245,482,1460.0,581.0,0.7787315954935801,1.1392737678712728,44.618033795270975,20.65754481372,0.7787315954935803,False,44.61803379527099,1.1392737678712734,False,65.27557860899101
296,4.932839676290463,1238,494,1451.0,598.0,0.7473999331514949,1.1165824002000913,42.82286177794052,21.15259723211217,0.7473999331514949,False,42.82286177794052,1.116582400200091,False,63.97545901005266
297,4.949504675196851,1227,511,1438.0,619.0,0.7021214852142915,1.0977150353880898,40.22859780823594,22.66584082755542,0.7021214852142914,False,40.22859780823593,1.0977150353880898,False,62.89443863579135
298,4.966169674103237,1213,531,1422.0,643.0,0.6484965259146027,1.0788543839455869,37.15611396380295,24.65768894546564,0.6484965259146027,False,37.15611396380295,1.0788543839455862,False,61.81380290926857
299,4.982834673009624,1195,553,1401.0,670.0,0.5867642140877569,1.0542680076156912,33.619113036539154,26.785994275506084,0.5867642140877569,False,33.619113036539154,1.0542680076156916,False,60.40510731204526
300,4.99949967191601,1172,576,1374.0,698.0,0.5166951387622772,1.0274698579685673,29.60445074600491,29.265235692500134,0.5166951387622771,False,29.604450746004908,1.0274698579685673,False,58.86968643850504
301,5.0161646708223975,1144,599,1341.0,729.0,0.4394977156032903,0.9874940411587728,25.181364209709482,31.397876643006207,0.4394977156032902,False,25.181364209709475,0.9874940411587723,False,56.57924085271566
302,5.032829669728784,1112,620,1300.0,763.0,0.35877067027057225,0.9205214012016899,20.556045219583467,32.185946020742136,0.3587706702705722,False,20.556045219583464,0.9205214012016896,False,52.741991240325596
303,5.0494946686351705,1076,638,1252.0,796.0,0.27454678978768715,0.8392382953707508,15.730372333699885,32.354439996797716,0.2745467897876872,False,15.730372333699888,0.8392382953707518,False,48.08481233049765
304,5.066159667541557,1038,652,1195.0,829.0,0.19045972655747515,0.7255893400179174,10.912538498959046,30.66066834375048,0.19045972655747523,False,10.91253849895905,0.7255893400179172,False,41.5732068427095
305,5.0828246664479435,999,662,1130.0,860.0,0.1074681659256894,0.5844979449992517,6.157472339553647,27.33179304297318,0.10746816592568953,False,6.157472339553654,0.5844979449992529,False,33.48926538252691
306,5.099489665354331,959,668,1055.0,884.0,0.024585209369860053,0.4182243295792291,1.4086287353384672,22.55386023923971,0.024585209369860195,False,1.4086287353384752,0.4182243295792283,False,23.962488974578136
307,5.116154664260717,921,668,974.0,900.0,-0.05322836158590148,0.22459412721667524,-3.049760469268432,15.918056062208214,-0.053228361585901496,False,-3.049760469268433,0.22459412721667604,False,12.868295592939832
308,5.132819663167104,883,666,889.0,904.0,-0.13093384699977792,0.025204745326941735,-7.5019568284989315,8.946082359434772,-0.13093384699977806,False,-7.501956828498939,0.025204745326941946,False,1.4441255309358578
309,5.14948466207349,849,659,803.0,893.0,-0.20180788580855144,-0.19410609803032688,-11.56274012928806,0.4412799343976968,-0.20180788580855147,False,-11.562740129288061,-0.19410609803032663,False,-11.121460194890338
310,5.166149660979878,816,649,721.0,869.0,-0.27237589190713984,-0.4076315054576269,-15.605989047390628,-7.749575811895385,-0.27237589190713996,False,-15.605989047390635,-0.4076315054576263,False,-23.35556485928597
311,5.182814659886264,786,637,648.0,833.0,-0.3387202046711126,-0.6134600655737035,-19.407238163462182,-15.74143449372975,-0.3387202046711124,False,-19.407238163462175,-0.6134600655737046,False,-35.148672657192
312,5.199479658792651,758,623,584.0,789.0,-0.4032560189327036,-0.8089232343826652,-23.104867948091535,-23.243019332107064,-0.4032560189327037,False,-23.10486794809154,-0.8089232343826644,False,-46.347887280198556
313,5.216144657699037,732,607,531.0,740.0,-0.4664539627186496,-0.9862459534913991,-26.725843400931268,-29.78188729598159,-0.4664539627186497,False,-26.725843400931275,-0.9862459534913981,False,-56.50773069691279
314,5.232809656605424,708,590,490.0,690.0,-0.5277710963956223,-1.140718191739034,-30.239056372461288,-35.11928162798038,-0.5277710963956221,False,-30.23905637246128,-1.1407181917390332,False,-65.3583380004416
315,5.249474655511811,687,571,457.0,642.0,-0.5868212691886587,-1.2713810851414065,-33.62238205302052,-39.22238827834485,-0.5868212691886585,False,-33.62238205302051,-1.2713810851414067,False,-72.84477033136538
316,5.266139654418198,669,553,433.0,597.0,-0.6404916595811219,-1.3864719178951976,-36.69746890732814,-42.74152040147548,-0.6404916595811221,False,-36.69746890732815,-1.3864719178951965,False,-79.43898930880356
317,5.282804653324584,653,534,415.0,558.0,-0.6930688286658493,-1.4702957277402668,-39.70991879462873,-44.531821041004505,-0.6930688286658491,False,-39.70991879462872,-1.4702957277402664,False,-84.24173983563323
318,5.299469652230971,641,518,401.0,522.0,-0.735749557008842,-1.554131203080956,-42.15534439522661,-46.88981435090122,-0.7357495570088419,False,-42.1553443952266,-1.5541312030809564,False,-89.04515874612784
319,5.316134651137357,631,503,392.0,494.0,-0.7744439849753794,-1.6084354459942851,-44.37237180838218,-47.78419086633262,-0.7744439849753793,False,-44.37237180838217,-1.6084354459942851,False,-92.15656267471479
320,5.332799650043745,624,492,386.0,470.0,-0.802719265606157,-1.6629713643513584,-45.99242605307374,-49.28881457537138,-0.8027192656061573,False,-45.99242605307375,-1.6629713643513586,False,-95.28124062844513
321,5.349464648950131,619,483,381.0,452.0,-0.8249971037035494,-1.7003192339904631,-47.26885215273008,-50.15226377984053,-0.8249971037035495,False,-47.268852152730084,-1.700319233990463,False,-97.4211159325706
322,5.366129647856518,616,477,379.0,441.0,-0.8394854859496563,-1.7215427079153183,-48.098975307404274,-50.53815610766648,-0.8394854859496563,False,-48.098975307404274,-1.7215427079153187,False,-98.63713141507078
323,5.382794646762904,615,476,379.0,436.0,-0.842660335244858,-1.7386922500452713,-48.280880772609414,-51.33884702708946,-0.8426603352448581,False,-48.28088077260942,-1.738692250045271,False,-99.61972779969885
324,5.399459645669292,616,477,379.0,438.0,-0.8394854859496563,-1.7338916190051374,-48.098975307404274,-51.24569659469543,-0.8394854859496563,False,-48.098975307404274,-1.7338916190051377,False,-99.3446719020997
325,5.416124644575678,619,483,383.0,447.0,-0.8249971037035494,-1.7221717705289228,-47.26885215273008,-51.40432189514968,-0.8249971037035495,False,-47.268852152730084,-1.7221717705289228,False,-98.67317404787977
326,5.432789643482065,624,492,386.0,461.0,-0.802719265606157,-1.7003192339904631,-45.99242605307374,-51.428689879496865,-0.8027192656061573,False,-45.99242605307375,-1.700319233990463,False,-97.4211159325706
327,5.449454642388451,631,504,392.0,482.0,-0.7728988143780866,-1.6625878619471215,-44.28384005452959,-50.97542750471962,-0.7728988143780864,False,-44.28384005452958,-1.662587861947122,False,-95.25926755924925
328,5.466119641294838,641,519,402.0,510.0,-0.7342799444887701,-1.6084354459942851,-42.0711418003069,-50.08542087440789,-0.7342799444887702,False,-42.071141800306904,-1.6084354459942851,False,-92.15656267471479
329,5.482784640201225,654,536,415.0,545.0,-0.6886289381545198,-1.533157207595508,-39.45553180682937,-48.38790551845584,-0.6886289381545199,False,-39.45553180682937,-1.533157207595508,False,-87.84343732528521
330,5.4994496391076115,671,555,434.0,584.0,-0.6344807348985705,-1.4490387290044358,-36.353068292046935,-46.67073523090827,-0.6344807348985704,False,-36.35306829204693,-1.4490387290044353,False,-83.02380352295518
331,5.516114638013998,690,574,458.0,629.0,-0.5779793543190624,-1.3380245852940107,-33.115777648178685,-43.54738397391037,-0.5779793543190626,False,-33.11577764817869,-1.3380245852940114,False,-76.66316162208909
332,5.5327796369203845,713,594,491.0,679.0,-0.5144513130590278,-1.2051326096179475,-29.475889003245747,-39.57312328144969,-0.5144513130590278,False,-29.475889003245747,-1.205132609617948,False,-69.04901228469546
333,5.549444635826772,739,612,533.0,731.0,-0.4487233440107211,-1.0469578590836397,-25.709953780811265,-34.276312872733676,-0.448723344010721,False,-25.70995378081126,-1.0469578590836406,False,-59.98626665354498
334,5.5661096347331585,766,628,586.0,783.0,-0.3839652411049671,-0.85988695361133,-21.999587795037687,-27.268305505253117,-0.383965241104967,False,-21.999587795037684,-0.8598869536113298,False,-49.2678933002908
335,5.582774633639545,796,642,651.0,832.0,-0.3158950585350485,-0.6518691143055769,-18.099453623096373,-19.24989542154422,-0.3158950585350486,False,-18.09945362309638,-0.6518691143055761,False,-37.34934904464055
336,5.5994396325459315,827,653,728.0,870.0,-0.24845777433800198,-0.428015417287721,-14.235581856781325,-10.287895120335872,-0.24845777433800187,False,-14.235581856781318,-0.4280154172877211,False,-24.52347697711719
337,5.616104631452318,858,661,813.0,896.0,-0.18296191910992163,-0.18919902209996817,-10.482945776612473,-0.35735967771808025,-0.18296191910992166,False,-10.482945776612475,-0.18919902209996842,False,-10.84030545433058
338,5.632769630358705,891,666,900.0,906.0,-0.11472040423104049,0.037482436691661486,-6.572994986473373,8.720580414771883,-0.11472040423104035,False,-6.572994986473365,0.03748243669166129,False,2.147585428298492
339,5.649434629265092,925,669,986.0,902.0,-0.044959457562444474,0.2560557528441775,-2.5759871675256,17.246901125541893,-0.04495945756244435,False,-2.575987167525593,0.25605575284417625,False,14.670913958016225
340,5.666099628171478,961,668,1066.0,884.0,0.02868065795522624,0.45247488956206683,1.6432806544927732,24.28162085306167,0.02868065795522634,False,1.643280654492779,0.45247488956206716,False,25.924901507554473
341,5.682764627077865,996,663,1137.0,858.0,0.10110337173629852,0.6260465224935314,5.792796495032159,30.077027022689148,0.10110337173629835,False,5.7927964950321496,0.6260465224935317,False,35.86982351772132
342,5.699429625984251,1032,654,1200.0,828.0,0.17743894282065678,0.7678561033400458,10.166502544886772,33.82841144985906,0.17743894282065664,False,10.166502544886765,0.767856103340046,False,43.99491399474583
343,5.716094624890639,1067,642,1254.0,793.0,0.2541247495556341,0.8915070078796207,14.560275619356876,36.51931333848162,0.254124749555634,False,14.560275619356872,0.8915070078796212,False,51.079588957838524
344,5.732759623797025,1099,627,1300.0,759.0,0.32777861266005587,0.9897140279975696,18.780331120074575,37.92610560907874,0.3277786126600559,False,18.780331120074578,0.9897140279975698,False,56.706436729153346
345,5.749424622703412,1129,609,1338.0,725.0,0.40122879900484876,1.0641041612668274,22.98871680208064,37.9799606008169,0.40122879900484865,False,22.98871680208063,1.0641041612668278,False,60.96867740289756
346,5.766089621609798,1155,590,1370.0,693.0,0.4694841186021258,1.1240326667257083,26.89945854432119,37.50286929389694,0.4694841186021259,False,26.8994585443212,1.1240326667257072,False,64.40232783821807
347,5.782754620516186,1177,571,1397.0,663.0,0.5317240672588056,1.174714885230589,30.46554491945988,36.84066013544775,0.5317240672588057,False,30.465544919459887,1.174714885230589,False,67.30620505490764
348,5.799419619422572,1195,552,1418.0,635.0,0.5880026035475675,1.214485071142522,33.690067525979785,35.89480133213225,0.5880026035475674,False,33.69006752597978,1.2144850711425228,False,69.58486885811209
349,5.816084618328959,1209,535,1434.0,610.0,0.6357950056703511,1.2490457723982544,36.42837046040736,35.136680716670625,0.6357950056703512,False,36.428370460407365,1.2490457723982544,False,71.56505117707799
350,5.832749617235345,1220,521,1448.0,589.0,0.6750984681289484,1.2809498368832768,38.68029297953586,34.71272644184713,0.6750984681289482,False,38.68029297953585,1.280949836883277,False,73.393019421383
351,5.849414616141732,1228,509,1457.0,570.0,0.7068714481580751,1.3104657480335227,40.50075063775827,34.583405921016926,0.7068714481580751,False,40.50075063775827,1.310465748033522,False,75.08415655877518
352,5.866079615048119,1233,502,1463.0,555.0,0.7262566870178522,1.3443150398608537,41.61144300927649,35.412135110711446,0.7262566870178522,False,41.61144300927649,1.344315039860854,False,77.02357811998797
353,5.882744613954506,1235,498,1467.0,545.0,0.735933594795857,1.3709152708204868,42.16588898369349,36.381770104354665,0.7359335947958572,False,42.1658889836935,1.3709152708204861,False,78.54765908804812
354,5.899409612860892,1235,499,1468.0,538.0,0.734371655354722,1.4049517552685251,42.076396445861434,38.42140955052198,0.7343716553547219,False,42.07639644586143,1.4049517552685256,False,80.49780599638343
355,5.916074611767279,1233,502,1467.0,537.0,0.7262566870178522,1.4223243519928253,41.61144300927649,39.881739458592115,0.7262566870178522,False,41.61144300927649,1.4223243519928257,False,81.49318246786864
356,5.932739610673666,1228,510,1463.0,540.0,0.7053730303514494,1.4438235371808177,40.41489762149137,42.310097420619364,0.7053730303514492,False,40.414897621491356,1.4438235371808172,False,82.72499504211072
357,5.949404609580053,1220,521,1455.0,547.0,0.6750984681289484,1.4606061770489698,38.68029297953586,45.006276496107986,0.6750984681289482,False,38.68029297953585,1.4606061770489696,False,83.68656947564384
358,5.966069608486439,1209,535,1445.0,560.0,0.6357950056703511,1.4652577207593702,36.42837046040736,47.52471283806305,0.6357950056703512,False,36.428370460407365,1.4652577207593698,False,83.9530832984704
359,5.982734607392826,1196,551,1432.0,579.0,0.5911062559035948,1.4527042983758027,33.867893707055984,49.36593147039096,0.5911062559035947,False,33.86789370705598,1.452704298375803,False,83.23382517744696
360,5.999399606299212,1178,569,1413.0,603.0,0.5358706309638981,1.4271124962482484,30.70312551924381,51.06439740616033,0.5358706309638981,False,30.70312551924381,1.4271124962482489,False,81.7675229254042
361,6.0160646052055995,1158,587,1391.0,633.0,0.47828071080214707,1.3758780533719766,27.40346615148011,51.428539431409575,0.4782807108021472,False,27.403466151480117,1.3758780533719772,False,78.83200558288972
362,6.032729604111986,1134,606,1363.0,670.0,0.4136412102067036,1.2982736110342539,23.699895577527826,50.685702987944005,0.41364121020670375,False,23.699895577527837,1.2982736110342543,False,74.38559856547184
363,6.0493946030183725,1107,623,1327.0,710.0,0.34659433370390935,1.194214576314256,19.858392524382868,48.56506253142776,0.34659433370390946,False,19.858392524382875,1.1942145763142555,False,68.4234550558106
364,6.066059601924759,1077,638,1283.0,754.0,0.27656855859928864,1.0579460370236926,15.84621115375583,44.7696317202929,0.27656855859928875,False,15.846211153755837,1.0579460370236937,False,60.61584287404878
365,6.082724600831146,1046,650,1230.0,800.0,0.20760345354180437,0.8868451186969318,11.894801700285653,38.91768068282708,0.20760345354180432,False,11.89480170028565,0.8868451186969324,False,50.81248238311276
366,6.099389599737533,1014,659,1165.0,843.0,0.13897308632891572,0.6872074879560368,7.96257131255411,31.41151739711416,0.13897308632891558,False,7.962571312554102,0.6872074879560373,False,39.374088709668285
367,6.116054598643919,982,665,1088.0,877.0,0.07204006538682789,0.4636476090008061,4.127591702511724,22.43745947456627,0.07204006538682783,False,4.1275917025117215,0.46364760900080526,False,26.56505117707794
368,6.132719597550306,951,668,1003.0,900.0,0.008196537749912585,0.2204937613666717,0.4696270196896474,12.163734915585374,0.00819653774991247,False,0.4696270196896407,0.2204937613666722,False,12.63336193527504
369,6.149384596456692,921,669,913.0,908.0,-0.05311971498863897,-0.033460310449650164,-3.0435354777868326,1.1264009078243946,-0.0531197149886391,False,-3.04353547778684,-0.03346031044964981,False,-1.91713456996242
370,6.16604959536308,891,667,825.0,897.0,-0.11448689382322222,-0.2794477641263722,-6.559615825633006,-9.451561653175439,-0.11448689382322241,False,-6.559615825633018,-0.2794477641263722,False,-16.011177478808456
371,6.182714594269466,860,662,744.0,872.0,-0.178575195156396,-0.5046693593726996,-10.231605008186511,-18.683819333440187,-0.17857519515639586,False,-10.231605008186504,-0.5046693593726985,False,-28.91542434162664
372,6.199379593175853,829,654,673.0,837.0,-0.24398561479390984,-0.7059199187892418,-13.979345989595695,-26.46688603124568,-0.2439856147939099,False,-13.979345989595698,-0.7059199187892418,False,-40.44623202084138
373,6.216044592082239,799,643,612.0,796.0,-0.3093894403596085,-0.8850668158886104,-17.726709158520062,-32.983883978979584,-0.3093894403596087,False,-17.726709158520073,-0.8850668158886101,False,-50.710593137499636
374,6.232709590988626,769,630,562.0,754.0,-0.3766690974049333,-1.031087558458655,-21.58154955430479,-37.49541585382468,-0.37666909740493315,False,-21.58154955430478,-1.0310875584586547,False,-59.07696540812946
375,6.249374589895013,740,613,521.0,712.0,-0.4459420968363271,-1.146234946430539,-25.550600055935803,-40.123824704938094,-0.445942096836327,False,-25.5506000559358,-1.146234946430539,False,-65.67442476087389
376,6.2660395888014,714,595,487.0,673.0,-0.5115882701422336,-1.2398233724737917,-29.311848727548615,-41.724797856875895,-0.5115882701422336,False,-29.311848727548615,-1.2398233724737917,False,-71.0366465844245
377,6.282704587707786,691,576,460.0,640.0,-0.5738858942964037,-1.3005194182946131,-32.88123966527481,-41.63303417781542,-0.5738858942964038,False,-32.88123966527482,-1.3005194182946127,False,-74.51427384309021
378,6.299369586614173,671,557,438.0,608.0,-0.6319434042708147,-1.3553106352893332,-36.20768995584725,-41.44588937542593,-0.6319434042708147,False,-36.20768995584725,-1.3553106352893334,False,-77.65357933127318
379,6.31603458552056,655,538,419.0,581.0,-0.6842065148252209,-1.3905699709421426,-39.20214561484035,-40.471644837773944,-0.6842065148252208,False,-39.20214561484034,-1.390569970942142,False,-79.67379045261426
380,6.332699584426947,642,522,406.0,559.0,-0.7282733649693802,-1.4152825886652403,-41.72699014453614,-39.36272900433183,-0.7282733649693802,False,-41.72699014453614,-1.4152825886652405,False,-81.089719148868
381,6.349364583333333,632,507,395.0,541.0,-0.7667087509505427,-1.4283086048052016,-43.92917554521304,-37.90687935234402,-0.7667087509505426,False,-43.929175545213035,-1.4283086048052018,False,-81.83605489755708
382,6.36602958223972,626,496,387.0,527.0,-0.7932472957649732,-1.4418093530231155,-45.449722157498705,-37.15986863321359,-0.7932472957649734,False,-45.44972215749872,-1.4418093530231157,False,-82.60959079071232
383,6.382694581146106,621,488,383.0,518.0,-0.8137817059643808,-1.4454072064533803,-46.62625719671515,-36.18947541085797,-0.8137817059643808,False,-46.62625719671515,-1.44540720645338,False,-82.81573260757312
384,6.399359580052494,619,485,381.0,512.0,-0.8217170990660853,-1.4578338999301874,-47.08092173022005,-36.44680796687689,-0.8217170990660851,False,-47.08092173022004,-1.4578338999301872,False,-83.52772969709693
385,6.41602457895888,619,485,380.0,513.0,-0.8217170990660853,-1.4541731369361712,-47.08092173022005,-36.237061697522094,-0.8217170990660851,False,-47.08092173022004,-1.4541731369361717,False,-83.31798342774216
386,6.432689577865267,621,489,383.0,518.0,-0.8121634237505111,-1.449545305724951,-46.53353645579933,-36.51929177524096,-0.8121634237505111,False,-46.53353645579933,-1.4495453057249508,False,-83.05282823104028
387,6.449354576771653,626,496,388.0,527.0,-0.7932472957649732,-1.4412734195993302,-45.449722157498705,-37.12916190993069,-0.7932472957649734,False,-45.44972215749872,-1.4412734195993302,False,-82.5788840674294
388,6.4660195756780405,632,507,396.0,543.0,-0.7667087509505427,-1.4194208830608703,-43.92917554521304,-37.397650406907196,-0.7667087509505426,False,-43.929175545213035,-1.4194208830608694,False,-81.32682595212019
389,6.482684574584427,642,521,407.0,564.0,-0.7297281903893515,-1.3898196526338376,-41.81034550102885,-37.820454879228166,-0.7297281903893515,False,-41.81034550102885,-1.3898196526338378,False,-79.63080038025703
390,6.4993495734908135,654,537,421.0,591.0,-0.6872529710317529,-1.343057334862562,-39.376694697946064,-37.57482223376727,-0.6872529710317528,False,-39.37669469794606,-1.3430573348625625,False,-76.95151693171336
391,6.5160145723972,670,555,440.0,623.0,-0.6362082307961997,-1.2833331213096146,-36.45204651610725,-37.07752504428415,-0.6362082307961998,False,-36.45204651610725,-1.2833331213096137,False,-73.52957156039136
392,6.532679571303587,688,573,465.0,659.0,-0.5826991765464904,-1.2027213216976476,-33.38620354186234,-35.52465212180904,-0.5826991765464902,False,-33.38620354186233,-1.2027213216976484,False,-68.91085566367143
393,6.549344570209974,710,592,497.0,700.0,-0.522016670036272,-1.1015307993691352,-29.909352028551684,-33.203713778971604,-0.5220166700362721,False,-29.90935202855169,-1.1015307993691348,False,-63.11306580752327
394,6.5660095691163605,735,610,537.0,743.0,-0.4580506525194391,-0.9793053653039,-26.24436919257727,-29.86569509385351,-0.458050652519439,False,-26.244369192577263,-0.979305365303901,False,-56.11006428643085
395,6.582674568022747,763,627,586.0,786.0,-0.39049451978683053,-0.8389184318567634,-22.373687906773206,-25.69279759435269,-0.39049451978683036,False,-22.373687906773196,-0.8389184318567633,False,-48.06648550112589
396,6.5993395669291335,793,641,643.0,826.0,-0.322401172392022,-0.681298225287849,-18.472226488132534,-20.563286410614353,-0.32240117239202215,False,-18.472226488132545,-0.6812982252878488,False,-39.03551289874687
397,6.61600456583552,825,653,711.0,861.0,-0.25242639036408826,-0.5013655614676703,-14.462966805584049,-14.263163859720308,-0.2524263903640884,False,-14.462966805584058,-0.5013655614676704,False,-28.726130665304368
398,6.632669564741907,857,661,785.0,888.0,-0.18497134946115146,-0.30714335966663053,-10.598077654963433,-6.999940559403172,-0.18497134946115157,False,-10.598077654963438,-0.30714335966663064,False,-17.59801821436661
399,6.649334563648294,891,667,865.0,904.0,-0.11448689382322222,-0.1092676898773683,-6.559615825633006,0.2990383585154512,-0.11448689382322241,False,-6.559615825633018,-0.10926768987736857,False,-6.2605774671175665
400,6.66599956255468,925,669,945.0,907.0,-0.044959457562444474,0.0838366420684145,-2.5759871675256,7.379472926594683,-0.04495945756244435,False,-2.575987167525593,0.08383664206841424,False,4.803485759069064
401,6.682664561461067,958,668,1024.0,898.0,0.022537167109211897,0.2794477641263722,1.2912845575388958,14.719892921269551,0.022537167109212053,False,1.2912845575389047,0.2794477641263722,False,16.011177478808456
402,6.699329560367454,992,664,1097.0,879.0,0.09270868299305783,0.45430208669331623,5.311816259718486,20.717775931794957,0.09270868299305768,False,5.311816259718477,0.45430208669331584,False,26.029592191513434
403,6.715994559273841,1025,656,1163.0,853.0,0.16242203113842016,0.6110665638310787,9.306096884173913,25.705438224908427,0.16242203113842013,False,9.306096884173911,0.6110665638310788,False,35.01153510908234
404,6.732659558180227,1056,646,1221.0,820.0,0.22977456362460477,0.7588557256460511,13.16511273515006,30.314117603706165,0.2297745636246047,False,13.165112735150055,0.7588557256460504,False,43.4792303388562
405,6.749324557086614,1086,633,1271.0,786.0,0.297723136551749,0.8797913665868817,17.05827918781231,33.35005296966305,0.297723136551749,False,17.05827918781231,0.8797913665868826,False,50.40833215747541
406,6.765989555993,1114,618,1313.0,750.0,0.3642637486037103,0.9851165994410915,20.870775424607036,35.57224805164718,0.36426374860371036,False,20.870775424607036,0.985116599441092,False,56.44302347625424
407,6.782654554899388,1138,602,1348.0,716.0,0.4250194902247895,1.073453610448074,24.351823000682188,37.15253838107283,0.42501949022478946,False,24.351823000682185,1.0734536104480732,False,61.50436138175496
408,6.799319553805774,1159,586,1377.0,684.0,0.4812239238453017,1.1483239344091811,27.572099837060726,38.222015118442904,0.48122392384530155,False,27.572099837060716,1.1483239344091807,False,65.79411495550363
409,6.815984552712161,1177,569,1400.0,654.0,0.5339679768776155,1.2066309074867423,30.5941114702265,38.540746958804306,0.5339679768776158,False,30.594111470226512,1.2066309074867423,False,69.13485842903081
410,6.832649551618547,1192,555,1419.0,628.0,0.5787149449131991,1.2596554538617895,33.157923884672236,39.0150172622445,0.578714944913199,False,33.15792388467223,1.2596554538617895,False,72.17294114691673
411,6.849314550524935,1203,542,1433.0,604.0,0.6155300663807571,1.307489777225736,35.26727496702479,39.646371024510096,0.615530066380757,False,35.26727496702478,1.3074897772257366,False,74.91364599153492
412,6.865979549431321,1212,531,1443.0,584.0,0.646684363161663,1.3452625002041019,37.0522846862687,40.0255789126434,0.646684363161663,False,37.0522846862687,1.345262500204102,False,77.0778635989121
413,6.882644548337708,1217,524,1451.0,569.0,0.6654554948093575,1.380808038876181,38.12779130636605,40.98668163897522,0.6654554948093576,False,38.12779130636605,1.3808080388761805,False,79.11447294534125
414,6.899309547244094,1220,520,1454.0,558.0,0.6765317712546718,1.4098085130240892,38.76241519940272,42.01366251849195,0.6765317712546719,False,38.762415199402724,1.409808513024089,False,80.77607771789465
415,6.915974546150481,1221,520,1455.0,552.0,0.6783174648850628,1.434887224574646,38.864727907927524,43.34825413744003,0.6783174648850627,False,38.86472790792752,1.434887224574645,False,82.2129820453675
416,6.932639545056868,1219,522,1454.0,551.0,0.6718817648824991,1.4480128343593874,38.495989459568285,44.469034630000586,0.6718817648824991,False,38.495989459568285,1.4480128343593872,False,82.96502408956884
417,6.949304543963255,1214,528,1450.0,554.0,0.6544445843587614,1.4610693379108204,37.496912608950396,46.21619402931315,0.6544445843587612,False,37.49691260895038,1.4610693379108213,False,83.71310663826358
418,6.965969542869641,1207,537,1443.0,563.0,0.6294621761122513,1.4610693379108204,36.065526054352546,47.647580583910994,0.6294621761122512,False,36.06552605435254,1.4610693379108213,False,83.71310663826358
419,6.982634541776028,1197,548,1433.0,578.0,0.5967305614679939,1.4443558295365069,34.190142678587996,48.56535046897082,0.5967305614679939,False,34.190142678587996,1.4443558295365069,False,82.75549314755881
420,6.999299540682414,1185,562,1419.0,597.0,0.557186221606791,1.4223243519928253,31.924418900910123,49.568763566958495,0.5571862216067909,False,31.924418900910116,1.4223243519928257,False,81.49318246786864
421,7.0159645395888015,1168,578,1402.0,623.0,0.5068851483042579,1.380808038876181,29.042379695696795,50.07209324964448,0.5068851483042578,False,29.042379695696788,1.3808080388761805,False,79.11447294534125
422,7.032629538495188,1150,594,1379.0,654.0,0.4558883078873122,1.3145476490359826,26.12047597130363,49.19755628730276,0.4558883078873124,False,26.120475971303637,1.3145476490359833,False,75.31803225860642
423,7.0492945374015745,1127,609,1351.0,690.0,0.397271273344632,1.223818721575242,22.761967284435496,47.35768035092186,0.3972712733446322,False,22.761967284435503,1.2238187215752419,False,70.11964763535734
424,7.065959536307961,1103,625,1315.0,729.0,0.3371752196652166,1.1147243304452858,19.318717043213347,44.550282411848066,0.33717521966521646,False,19.31871704321334,1.114724330445286,False,63.868999455061434
425,7.082624535214348,1076,638,1272.0,771.0,0.27454678978768715,0.9745971854974165,15.730372333699885,40.109933120630664,0.2745467897876872,False,15.730372333699888,0.9745971854974158,False,55.840305454330526
426,7.099289534120735,1047,650,1218.0,813.0,0.20963984587421253,0.8093456803196559,12.011478386365441,34.36061326309518,0.20963984587421258,False,12.011478386365445,0.8093456803196553,False,46.37209164946058
427,7.115954533027121,1017,658,1154.0,852.0,0.14540992071629685,0.6148652991472469,8.331374756375727,26.89781185381034,0.14540992071629688,False,8.331374756375729,0.6148652991472474,False,35.22918661018609
428,7.132619531933508,987,664,1081.0,882.0,0.08245723746706603,0.40710417205598876,4.724451697170886,18.600899183804973,0.08245723746706624,False,4.724451697170898,0.4071041720559876,False,23.325350880975794
429,7.1492845308398945,957,668,1001.0,903.0,0.020488935736088298,0.18509101269405182,1.173929544392628,9.431004308778883,0.020488935736088454,False,1.1739295443926372,0.18509101269405193,False,10.60493385317152
430,7.165949529746282,926,669,916.0,908.0,-0.042918414078704496,-0.041816613207517075,-2.459043990104621,0.0631285397828745,-0.04291841407870445,False,-2.459043990104618,-0.041816613207517506,False,-2.3959154503217692
431,7.182614528652668,896,667,835.0,899.0,-0.10434246523756721,-0.2571115358951299,-5.978382882103108,-8.753022988814202,-0.10434246523756707,False,-5.9783828821031,-0.257111535895131,False,-14.731405870917378
432,7.199279527559055,866,663,758.0,879.0,-0.1661557264196125,-0.4636476090008061,-9.520021865774144,-17.04502931130386,-0.1661557264196123,False,-9.520021865774133,-0.46364760900080526,False,-26.56505117707794
433,7.215944526465441,835,656,690.0,848.0,-0.23109066719589708,-0.6468261173211981,-13.240519915187205,-23.819886686151293,-0.23109066719589721,False,-13.240519915187212,-0.6468261173211971,False,-37.06040660133843
434,7.232609525371829,804,646,631.0,812.0,-0.297744783916179,-0.8060441969316666,-17.05951949043173,-29.123411094764545,-0.29774478391617887,False,-17.059519490431725,-0.8060441969316656,False,-46.18293058519622
435,7.249274524278215,775,633,581.0,776.0,-0.36287692738464394,-0.9355937826862817,-20.791316421815345,-32.81425866478851,-0.3628769273846437,False,-20.79131642181533,-0.9355937826862828,False,-53.60557508660391
436,7.265939523184602,747,618,539.0,738.0,-0.42834629514688244,-1.047518004662921,-24.54243488198146,-35.4759257491692,-0.4283462951468824,False,-24.542434881981457,-1.0475180046629209,False,-60.01836063115066
437,7.282604522090988,722,601,505.0,705.0,-0.49081992616300946,-1.1238757821069176,-28.121910270063136,-36.27142874162778,-0.4908199261630095,False,-28.12191027006314,-1.1238757821069179,False,-64.39333901169091
438,7.299269520997375,699,583,476.0,673.0,-0.5516549825285468,-1.1872011564167917,-31.6075022462489,-36.414113449483956,-0.5516549825285466,False,-31.607502246248888,-1.1872011564167906,False,-68.02161569573279
439,7.315934519903762,680,565,453.0,643.0,-0.6063545986330492,-1.2398233724737917,-34.741559390022715,-36.29508719440178,-0.6063545986330494,False,-34.74155939002273,-1.2398233724737917,False,-71.0366465844245
440,7.332599518810149,663,548,434.0,618.0,-0.6572696018567515,-1.2741395791856025,-37.65877418863584,-35.34404620927394,-0.6572696018567514,False,-37.65877418863583,-1.2741395791856025,False,-73.00282039790977
441,7.349264517716535,650,533,419.0,596.0,-0.6994565314975244,-1.3045442776439713,-40.07590720766748,-34.668974089274755,-0.6994565314975243,False,-40.07590720766747,-1.3045442776439717,False,-74.74488129694225
442,7.365929516622922,641,520,408.0,578.0,-0.7328151017865066,-1.326827764334597,-41.98721249581666,-34.03441854133436,-0.7328151017865068,False,-41.98721249581667,-1.3268277643345971,False,-76.02163103715102
443,7.382594515529308,634,510,400.0,565.0,-0.7589657517768132,-1.3399438682652896,-43.48553437178506,-33.28759406424959,-0.7589657517768131,False,-43.48553437178505,-1.3399438682652907,False,-76.77312843603472
444,7.399259514435696,630,503,395.0,555.0,-0.7760234380411685,-1.3530286875718924,-44.46286780299089,-33.0599655550034,-0.7760234380411686,False,-44.46286780299089,-1.3530286875718929,False,-77.52283335799433
445,7.415924513342082,627,500,392.0,548.0,-0.7853981633974483,-1.3693124822817426,-45.0,-33.45582606932616,-0.7853981633974483,False,-45.0,-1.3693124822817424,False,-78.45582606932616
446,7.432589512248469,628,500,393.0,547.0,-0.7838332194480743,-1.373400766945016,-44.910335316526336,-33.779732209453464,-0.7838332194480744,False,-44.91033531652634,-1.3734007669450161,False,-78.6900675259798
447,7.449254511154855,630,504,395.0,551.0,-0.7744781606579032,-1.373400766945016,-44.37432993075277,-34.315737595227034,-0.7744781606579032,False,-44.37432993075277,-1.3734007669450161,False,-78.6900675259798
448,7.4659195100612425,635,512,400.0,560.0,-0.7543522411534251,-1.3693124822817426,-43.22119968432615,-35.234626385000006,-0.7543522411534251,False,-43.22119968432615,-1.3693124822817424,False,-78.45582606932616
449,7.482584508967629,642,522,410.0,574.0,-0.7282733649693802,-1.350302565428225,-41.72699014453614,-35.63964792018884,-0.7282733649693802,False,-41.72699014453614,-1.3503025654282261,False,-77.36663806472507
450,7.499249507874016,652,535,421.0,594.0,-0.6933513145340415,-1.3207312375435416,-39.72610404264823,-35.94622173968689,-0.6933513145340413,False,-39.726104042648224,-1.3207312375435407,False,-75.67232578233507
451,7.515914506780402,665,550,436.0,619.0,-0.6512395613713909,-1.2781380911650315,-37.31327831853166,-35.918639940131904,-0.651239561371391,False,-37.313278318531665,-1.2781380911650313,False,-73.23191825866354
452,7.532579505686789,681,567,456.0,649.0,-0.6021776729614623,-1.2213118021048206,-34.502239177700936,-35.47377255242208,-0.6021776729614623,False,-34.502239177700936,-1.2213118021048217,False,-69.97601173012309
453,7.549244504593176,700,584,482.0,683.0,-0.5487496226901191,-1.1445144955968738,-31.441037389540178,-34.13481279970494,-0.548749622690119,False,-31.44103738954017,-1.144514495596873,False,-65.57585018924506
454,7.5659095034995625,721,601,515.0,720.0,-0.4926656786123038,-1.0469578590836397,-28.227664095433635,-31.758602558111296,-0.4926656786123038,False,-28.227664095433635,-1.0469578590836406,False,-59.98626665354498
455,7.582574502405949,746,617,555.0,760.0,-0.4311009663826841,-0.9281334407726048,-24.70026591773898,-28.477863063486627,-0.4311009663826839,False,-24.70026591773897,-0.928133440772605,False,-53.178128981225626
456,7.5992395013123355,773,632,603.0,799.0,-0.3674703057929306,-0.7943000054057279,-21.05449761831669,-24.455540358649984,-0.3674703057929305,False,-21.054497618316685,-0.7943000054057272,False,-45.51003797696664
457,7.615904500218723,802,645,660.0,835.0,-0.3022724985801147,-0.6418147697509796,-17.31893843151474,-19.454339104377095,-0.30227249858011485,False,-17.31893843151475,-0.6418147697509795,False,-36.77327753589182
458,7.632569499125109,833,655,725.0,867.0,-0.23554498072086333,-0.47116626431311,-13.495733280795811,-13.500105113290806,-0.23554498072086316,False,-13.495733280795802,-0.47116626431311026,False,-26.995838394086633
459,7.649234498031496,864,663,796.0,892.0,-0.1701805034473072,-0.28865006568130397,-9.75062460294226,-6.787805916770468,-0.17018050344730717,False,-9.750624602942258,-0.2886500656813027,False,-16.538430519712648
460,7.665899496937882,896,667,873.0,904.0,-0.10434246523756721,-0.09674346233893974,-5.978382882103108,0.43539079459903307,-0.10434246523756707,False,-5.9783828821031,-0.09674346233893871,False,-5.542992087504016
461,7.682564495844269,928,669,950.0,907.0,-0.038835270437665124,0.09217503755646181,-2.225097092327385,7.506337720772503,-0.038835270437665326,False,-2.2250970923273967,0.09217503755646206,False,5.281240628445133
462,7.699229494750656,960,668,1024.0,899.0,0.02663304536581317,0.27027690850028346,1.5259610950415503,13.95976506186821,0.026633045365813235,False,1.525961095041554,0.27027690850028385,False,15.48572615690979
463,7.715894493657043,992,664,1095.0,880.0,0.09270868299305783,0.44495819655390045,5.311816259718486,20.18241046257255,0.09270868299305768,False,5.311816259718477,0.4449581965539,False,25.494226722291003
464,7.732559492563429,1023,657,1158.0,854.0,0.1580010795992081,0.6007777505596751,9.052795019545195,25.36923451288752,0.15800107959920817,False,9.0527950195452,0.6007777505596756,False,34.422029532432745
465,7.749224491469816,1053,647,1215.0,825.0,0.2231989262125604,0.738374031554702,12.788356463831592,29.517359246312292,0.22319892621256043,False,12.788356463831594,0.7383740315547023,False,42.30571571014391
466,7.765889490376203,1081,636,1262.0,791.0,0.2858139684375267,0.8626252207714327,16.3759341173556,33.04885033438837,0.2858139684375267,False,16.3759341173556,0.8626252207714327,False,49.42478445174397
467,7.78255448928259,1106,622,1303.0,758.0,0.3453152152310011,0.9665726663845327,19.785104434388007,35.59542994215224,0.3453152152310013,False,19.785104434388018,0.9665726663845327,False,55.38053437654026
468,7.799219488188976,1130,608,1337.0,726.0,0.40404552414577727,1.0526913365865693,23.150103264704235,37.16466745169178,0.40404552414577743,False,23.150103264704242,1.0526913365865695,False,60.31477071639602
469,7.815884487095363,1150,593,1365.0,695.0,0.4568449928459973,1.1278224636741518,26.17528998175993,38.44417722681558,0.4568449928459972,False,26.175289981759928,1.1278224636741516,False,64.61946720857549
470,7.832549486001749,1167,579,1388.0,668.0,0.5039009028411353,1.1879516842635818,28.871395025628807,39.19322274813216,0.5039009028411354,False,28.871395025628814,1.1879516842635809,False,68.06461777376092
471,7.849214484908137,1182,565,1406.0,644.0,0.5480239164242775,1.2317372480675732,31.39945748334126,39.173888299989216,0.5480239164242775,False,31.39945748334126,1.2317372480675743,False,70.57334578333052
472,7.865879483814523,1192,554,1419.0,623.0,0.5799382622408006,1.2757061207728524,33.22801480454903,39.86456181474189,0.5799382622408005,False,33.22801480454902,1.2757061207728526,False,73.09257661929094
473,7.88254448272091,1200,545,1430.0,606.0,0.6061143018230489,1.3115474805122347,34.72779139697924,40.418343867388394,0.606114301823049,False,34.72779139697925,1.3115474805122354,False,75.14613526436767
474,7.899209481627296,1206,538,1437.0,593.0,0.6263004513315689,1.3370531459259951,35.88437256843751,40.723129677811386,0.6263004513315691,False,35.88437256843753,1.3370531459259958,False,76.60750224624894
475,7.915874480533683,1208,535,1440.0,584.0,0.6339689417661897,1.3626484931539147,36.32374470557773,41.750262912002825,0.6339689417661898,False,36.32374470557774,1.3626484931539142,False,78.07400761758053
476,7.93253947944007,1209,535,1441.0,580.0,0.6357950056703511,1.3792098302321403,36.42837046040736,42.59453187484905,0.6357950056703512,False,36.428370460407365,1.3792098302321403,False,79.02290233525642
477,7.949204478346457,1206,538,1439.0,581.0,0.6263004513315689,1.3883003265468608,35.88437256843751,43.65937683933159,0.6263004513315691,False,35.88437256843753,1.3883003265468616,False,79.54374940776917
478,7.965869477252843,1201,543,1434.0,587.0,0.6105410531487125,1.3841530407361171,34.98142556489371,44.32470186948531,0.6105410531487125,False,34.98142556489371,1.3841530407361162,False,79.30612743437896
479,7.98253447615923,1194,552,1427.0,598.0,0.5861392516668725,1.3758780533719766,33.583305327468196,45.248700255421475,0.5861392516668724,False,33.583305327468196,1.3758780533719772,False,78.83200558288972
480,7.999199475065617,1184,563,1416.0,614.0,0.5541277047615611,1.354410481976851,31.749178794108786,45.85282555144442,0.5541277047615614,False,31.749178794108797,1.354410481976851,False,77.60200434555321
481,8.015864473972004,1170,576,1400.0,634.0,0.5128689041191413,1.3237726767436784,29.38522364952648,46.46136376262211,0.5128689041191414,False,29.385223649526488,1.323772676743678,False,75.84658741214857
482,8.03252947287839,1154,590,1381.0,660.0,0.46754242864425255,1.2716783918832588,26.78820790461212,46.07359684828218,0.46754242864425244,False,26.78820790461211,1.2716783918832597,False,72.86180475289434
483,8.049194471784777,1135,604,1357.0,691.0,0.41734867306048257,1.197299180688419,23.91231755175089,44.68787231616688,0.4173486730604825,False,23.912317551750885,1.1972991806884181,False,68.60018986791772
484,8.065859470691164,1113,618,1325.0,725.0,0.36226890687498914,1.1033822572620609,20.756479412754732,42.462667117979386,0.36226890687498914,False,20.756479412754732,1.1033822572620604,False,63.219146530734086
485,8.08252446959755,1088,632,1286.0,762.0,0.3023808996637009,0.9898193687745949,17.325149356098876,39.38732295498863,0.30238089966370074,False,17.325149356098866,0.9898193687745938,False,56.712472311087446
486,8.099189468503937,1062,644,1240.0,800.0,0.2429492392260101,0.8511714147810849,13.919966043564566,34.84856366557082,0.24294923922600997,False,13.919966043564559,0.8511714147810849,False,48.76852970913538
487,8.115854467410324,1033,654,1185.0,836.0,0.17948216672376782,0.6958181893838117,10.283570651135282,29.583874908991756,0.17948216672376782,False,10.283570651135282,0.6958181893838109,False,39.86744556012699
488,8.13251946631671,1004,661,1121.0,867.0,0.11795303335431392,0.5165283191792055,6.758210991968015,22.836681695986744,0.11795303335431395,False,6.758210991968017,0.5165283191792049,False,29.594892687954736
489,8.149184465223097,975,666,1049.0,892.0,0.05754955068319047,0.3164314556251264,3.2973463670210372,14.832840545479913,0.057549550683190454,False,3.2973463670210363,0.31643145562512665,False,18.13018691250095
490,8.165849464129483,945,668,973.0,905.0,-0.004098337709848645,0.1175983406109762,-0.23481745379363872,6.972706048544487,-0.004098337709848465,False,-0.23481745379362842,0.11759834061097507,False,6.737888594750783
491,8.18251446303587,915,669,895.0,907.0,-0.06534650020549478,-0.0838366420684145,-3.7440786677256175,-1.0594070913434506,-0.0653465002054947,False,-3.7440786677256135,-0.08383664206841424,False,-4.803485759069064
492,8.199179461942258,885,666,819.0,897.0,-0.12688663470777017,-0.27829965900511133,-7.270068645373419,-8.675327255549442,-0.12688663470777017,False,-7.270068645373419,-0.27829965900511056,False,-15.94539590092281
493,8.215844460848643,855,661,748.0,876.0,-0.18898566601188915,-0.4617854137604411,-10.828081050950217,-15.63027419822551,-0.18898566601188893,False,-10.828081050950203,-0.4617854137604418,False,-26.458355249175764
494,8.23250945975503,826,653,684.0,848.0,-0.25044308961135187,-0.629405856592904,-14.349332042947134,-21.7129671406426,-0.25044308961135187,False,-14.349332042947134,-0.6294058565929035,False,-36.06229918358971
495,8.249174458661416,797,643,629.0,816.0,-0.3133037117592952,-0.770736457477122,-17.950980389590878,-26.20896574071246,-0.3133037117592954,False,-17.950980389590885,-0.7707364574771223,False,-44.15994613030335
496,8.265839457567804,769,631,582.0,781.0,-0.37591046921868293,-0.894752453712551,-21.538083361012976,-29.727455945690732,-0.37591046921868276,False,-21.538083361012966,-0.8947524537125506,False,-51.2655393067037
497,8.282504456474191,744,616,542.0,747.0,-0.43574787351835276,-0.995465855954191,-24.96651408440202,-32.069478111151085,-0.43574787351835287,False,-24.96651408440203,-0.9954658559541905,False,-57.035992195553064
498,8.299169455380577,720,601,509.0,715.0,-0.49450778064037376,-1.075442928313905,-28.333208767074535,-33.285132132502575,-0.4945077806403737,False,-28.33320876707453,-1.0754429283139046,False,-61.61834089957708
499,8.315834454286964,700,584,481.0,685.0,-0.5487496226901191,-1.1386781544598188,-31.441037389540178,-33.800415084753105,-0.548749622690119,False,-31.44103738954017,-1.138678154459818,False,-65.24145247429323
500,8.33249945319335,682,569,459.0,659.0,-0.598019946719203,-1.1872011564167917,-34.26401901164869,-33.757596684084156,-0.5980199467192029,False,-34.264019011648685,-1.1872011564167906,False,-68.02161569573279
501,8.349164452099737,667,554,441.0,636.0,-0.6426449446189171,-1.2227360551453321,-36.82084305208247,-33.23677236622054,-0.6426449446189171,False,-36.82084305208247,-1.222736055145333,False,-70.05761541830307
502,8.365829451006125,656,541,427.0,614.0,-0.6784458764334942,-1.2622029078710102,-38.87208534769338,-33.44681416245538,-0.6784458764334942,False,-38.87208534769338,-1.2622029078710106,False,-72.31889951014878
503,8.38249444991251,647,530,417.0,599.0,-0.7086262721276703,-1.2793395323170296,-40.60129464500447,-32.69946112100192,-0.7086262721276704,False,-40.60129464500447,-1.2793395323170298,False,-73.30075576600639
504,8.399159448818898,641,522,411.0,585.0,-0.7298996581517315,-1.3034409312730162,-41.82016988013577,-32.86149432640966,-0.7298996581517314,False,-41.820169880135765,-1.3034409312730162,False,-74.68166420654542
505,8.415824447725285,638,518,405.0,576.0,-0.7406058871873629,-1.326827764334597,-42.43359161837786,-33.58803941877316,-0.7406058871873631,False,-42.433591618377875,-1.3268277643345971,False,-76.02163103715102
506,8.43248944663167,637,516,404.0,572.0,-0.745172196358328,-1.334926723459239,-42.69522186182605,-33.79044535161593,-0.745172196358328,False,-42.69522186182605,-1.3349267234592386,False,-76.48566721344196
507,8.449154445538058,638,518,405.0,573.0,-0.7406058871873629,-1.3389881280311573,-42.43359161837786,-34.28477693593018,-0.7406058871873631,False,-42.433591618377875,-1.3389881280311577,False,-76.71836855430806
508,8.465819444444444,642,523,409.0,578.0,-0.7268232706598491,-1.3389881280311573,-41.643905860704066,-35.074462693603955,-0.7268232706598492,False,-41.64390586070407,-1.3389881280311577,False,-76.71836855430806
509,8.482484443350831,648,531,416.0,590.0,-0.705568177685211,-1.3217650009515085,-40.426078740099136,-35.30547732252753,-0.705568177685211,False,-40.426078740099136,-1.3217650009515083,False,-75.73155606262667
510,8.499149442257218,656,541,426.0,606.0,-0.6784458764334942,-1.2953702230988613,-38.87208534769338,-35.34716134279124,-0.6784458764334942,False,-38.87208534769338,-1.2953702230988604,False,-74.21924669048457
511,8.515814441163604,667,554,439.0,627.0,-0.6426449446189171,-1.2609342479444265,-36.82084305208247,-35.42536759863567,-0.6426449446189171,False,-36.82084305208247,-1.2609342479444265,False,-72.24621065071814
512,8.532479440069991,681,568,457.0,653.0,-0.6009735741735002,-1.2081175181410788,-34.43324939903389,-34.78678554626959,-0.6009735741735001,False,-34.43324939903388,-1.20811751814108,False,-69.22003494530355
513,8.549144438976377,697,583,480.0,683.0,-0.5552466233906699,-1.13897317553659,-31.81328810917528,-33.44506782768439,-0.5552466233906701,False,-31.813288109175293,-1.1389731755365897,False,-65.25835593685966
514,8.565809437882764,717,599,509.0,717.0,-0.5020182798592572,-1.054762235697031,-28.763528674352855,-31.66989582087,-0.5020182798592572,False,-28.763528674352855,-1.05476223569703,False,-60.4334244952228
515,8.582474436789152,739,614,546.0,753.0,-0.446920544687979,-0.9466367923122314,-25.6066609883091,-28.63163194298402,-0.44692054468797915,False,-25.60666098830911,-0.9466367923122316,False,-54.238292931293124
516,8.599139435695538,764,628,589.0,789.0,-0.38779711515969884,-0.8270407424960368,-22.2191380059995,-25.16680602438931,-0.3877971151596986,False,-22.219138005999486,-0.8270407424960364,False,-47.3859440303888
517,8.615804434601925,791,641,640.0,825.0,-0.3262989310883655,-0.6872074879560368,-18.695551610993434,-20.678537098674827,-0.3262989310883655,False,-18.695551610993434,-0.6872074879560373,False,-39.374088709668285
518,8.63246943350831,820,652,699.0,856.0,-0.26284276754562547,-0.5353580828991518,-15.059781255902507,-15.613977422433738,-0.2628427675456253,False,-15.059781255902497,-0.5353580828991511,False,-30.67375867833621
519,8.649134432414698,849,660,764.0,883.0,-0.20139874102752064,-0.3641654193081543,-11.53929786012519,-9.325843710844003,-0.20139874102752042,False,-11.539297860125178,-0.36416541930815427,False,-20.86514157096918
520,8.665799431321085,880,666,835.0,900.0,-0.13699654612481066,-0.18998828791871572,-7.849323900820964,-3.036203153837769,-0.1369965461248106,False,-7.849323900820961,-0.18998828791871603,False,-10.885527054658755
521,8.682464430227471,910,669,908.0,907.0,-0.07552071894798984,-0.008403163547646988,-4.327018461513484,3.845552655675123,-0.07552071894799006,False,-4.327018461513497,-0.008403163547647807,False,-0.48146580583839943
522,8.699129429133858,941,669,981.0,905.0,-0.0122693229537975,0.16789592325037456,-0.7029804227355815,10.322708222434448,-0.012269322953797346,False,-0.7029804227355727,0.1678959232503736,False,9.619727799698799
523,8.715794428040244,972,666,1051.0,894.0,0.051395028904949,0.33354555129084107,2.9447182442064506,16.166034120123065,0.05139502890494896,False,2.9447182442064483,0.3335455512908414,False,19.11075236432954
524,8.732459426946631,1002,662,1115.0,873.0,0.11361646589331689,0.4916776489606526,6.509743978879123,21.66131018748112,0.11361646589331675,False,6.509743978879115,0.49167764896065336,False,28.171054166360285
525,8.749124425853019,1031,654,1172.0,848.0,0.17539422054342257,0.6284897260326391,10.049348588124873,25.96046018087873,0.17539422054342246,False,10.049348588124868,0.6284897260326403,False,36.009808769003676
526,8.765789424759404,1059,645,1224.0,819.0,0.23635818701472783,0.7588557256460511,13.542326569307724,29.9369037695485,0.23635818701472777,False,13.54232656930772,0.7588557256460504,False,43.4792303388562
527,8.782454423665792,1084,633,1267.0,788.0,0.2936830607857065,0.8680496793602973,16.826799897504994,32.90878313752442,0.2936830607857064,False,16.826799897504987,0.868049679360297,False,49.735583035029386
528,8.79911942257218,1108,621,1305.0,758.0,0.3500448882451459,0.9631430738004699,20.05609473657542,35.12793845944867,0.3500448882451459,False,20.05609473657542,0.9631430738004703,False,55.18403319602412
529,8.815784421478565,1129,608,1335.0,728.0,0.4020685300934589,1.0433257430294363,23.036829849383924,36.741331883553435,0.4020685300934588,False,23.036829849383917,1.0433257430294365,False,59.77816173293738
530,8.832449420384952,1147,594,1360.0,701.0,0.45002977380890996,1.1052725473875966,25.784806694477616,37.54264548250496,0.45002977380891007,False,25.78480669447762,1.105272547387596,False,63.32745217698253
531,8.849114419291338,1162,582,1381.0,677.0,0.49111861605427254,1.1615041288686656,28.139023940215733,38.41026053097809,0.49111861605427265,False,28.13902394021574,1.1615041288686658,False,66.54928447119383
532,8.865779418197725,1175,570,1397.0,655.0,0.5290304710796486,1.2051326096179475,30.311213226681623,38.737799058013806,0.5290304710796487,False,30.311213226681627,1.205132609617948,False,69.04901228469546
533,8.882444417104113,1184,561,1409.0,638.0,0.5564731668818393,1.2410672182961153,31.88356387460853,39.224349825800104,0.5564731668818395,False,31.883563874608537,1.2410672182961164,False,71.1079137004087
534,8.899109416010498,1191,554,1418.0,624.0,0.5780650424900767,1.2716783918832588,33.120687218732,39.741117534162285,0.5780650424900768,False,33.12068721873201,1.2716783918832597,False,72.86180475289434
535,8.915774414916886,1195,549,1423.0,615.0,0.5917455679770176,1.2890244595215445,33.90452359065487,39.951137629061655,0.5917455679770178,False,33.90452359065488,1.2890244595215457,False,73.8556612197166
536,8.932439413823271,1196,548,1425.0,610.0,0.594868912617515,1.3063927043742964,34.08347805652017,40.76731029080886,0.5948689126175148,False,34.083478056520164,1.3063927043742964,False,74.85078834732903
537,8.949104412729659,1195,549,1425.0,609.0,0.5917455679770176,1.3156139361740782,33.90452359065487,41.47460242071349,0.5917455679770178,False,33.90452359065488,1.3156139361740777,False,75.37912601136831
538,8.965769411636046,1191,553,1421.0,613.0,0.5792909384384411,1.3156139361740782,33.19092588269547,42.18820012867288,0.579290938438441,False,33.19092588269546,1.3156139361740777,False,75.37912601136831
539,8.982434410542432,1185,560,1414.0,622.0,0.5595449415392413,1.3063927043742964,32.05956359809291,42.79122474923613,0.5595449415392411,False,32.05956359809289,1.3063927043742964,False,74.85078834732903
540,8.999099409448819,1176,569,1404.0,636.0,0.5320610323140066,1.2849823583573698,30.48485159496629,43.1392142876781,0.5320610323140067,False,30.484851594966297,1.2849823583573698,False,73.6240658826444
541,9.015764408355205,1164,580,1389.0,653.0,0.4970668238415452,1.257066990739913,28.479831142093307,43.54480199251465,0.49706682384154544,False,28.479831142093317,1.2570669907399132,False,72.02463313460797
542,9.032429407261592,1150,592,1371.0,677.0,0.4578054164619382,1.2036224929766774,26.230318201498037,42.73217077308014,0.4578054164619383,False,26.230318201498044,1.2036224929766774,False,68.96248897457819
543,9.04909440616798,1132,605,1348.0,704.0,0.4105574480418505,1.1410340476982082,23.523209020459618,41.853226193376784,0.41055744804185057,False,23.52320902045962,1.1410340476982093,False,65.37643521383646
544,9.065759405074365,1112,618,1319.0,734.0,0.36027104423850304,1.06001384398059,20.642010315637197,40.092309169889525,0.3602710442385031,False,20.6420103156372,1.06001384398059,False,60.734319485526726
545,9.082424403980752,1089,630,1283.0,766.0,0.3056661507103368,0.95937879958371,17.51338037571205,37.4549757947618,0.30566615071033665,False,17.51338037571204,0.9593787995837104,False,54.96835617047387
546,9.099089402887138,1064,642,1241.0,801.0,0.24803208875188823,0.8389184318567634,14.211191869297455,33.85529363182845,0.2480320887518883,False,14.211191869297458,0.8389184318567633,False,48.06648550112589
547,9.115754401793525,1037,652,1190.0,833.0,0.1884162093521546,0.7017613914108175,10.79545358773181,29.41251236533626,0.18841620935215442,False,10.7954535877318,0.7017613914108178,False,40.20796595306808
548,9.132419400699913,1009,660,1132.0,863.0,0.12845543286746772,0.5447547332268438,7.359954158831979,23.85219292484124,0.12845543286746786,False,7.359954158831987,0.5447547332268439,False,31.212147083673226
549,9.149084399606298,980,665,1067.0,887.0,0.06793652635910405,0.3734971461064775,3.892476235155931,17.507333896926287,0.06793652635910385,False,3.89247623515592,0.37349714610647666,False,21.39981013208218
550,9.165749398512686,951,668,997.0,903.0,0.008196537749912585,0.19330057864443415,0.4696270196896474,10.605680314073076,0.00819653774991247,False,0.4696270196896407,0.1933005786444344,False,11.075307333762742
551,9.182414397419073,922,669,923.0,908.0,-0.05108027184485055,0.004184076002074724,-2.926683993090864,3.1664138891717144,-0.05108027184485042,False,-2.926683993090857,0.004184076002074377,False,0.2397298960808325
552,9.199079396325459,893,667,850.0,903.0,-0.1104318436703869,-0.18022635585275398,-6.327278566161664,-3.9989309812240434,-0.11043184367038705,False,-6.327278566161672,-0.18022635585275282,False,-10.32620954738564
553,9.215744395231846,864,663,781.0,888.0,-0.1701805034473072,-0.35340224941812,-9.75062460294226,-10.497832759145668,-0.17018050344730717,False,-9.750624602942258,-0.3534022494181208,False,-20.248457362087976
554,9.232409394138232,836,657,717.0,865.0,-0.22863539328014904,-0.5196637125439854,-13.099843082266283,-16.674694412603706,-0.22863539328014904,False,-13.099843082266283,-0.5196637125439842,False,-29.774537494869914
555,9.24907439304462,808,648,661.0,838.0,-0.2887100876321168,-0.6584874971603162,-16.54186952417244,-21.186684925246457,-0.2887100876321167,False,-16.541869524172434,-0.6584874971603156,False,-37.728554449418866
556,9.265739391951007,782,637,611.0,806.0,-0.34648509232021185,-0.7912804484928253,-19.85213345414883,-25.48489665570897,-0.34648509232021185,False,-19.85213345414883,-0.7912804484928255,False,-45.33703010985783
557,9.282404390857392,757,625,568.0,774.0,-0.4035349350146382,-0.9031934852680342,-23.120848662424716,-28.628326127144934,-0.4035349350146382,False,-23.120848662424716,-0.9031934852680337,False,-51.74917478956962
558,9.29906938976378,734,611,533.0,742.0,-0.4589964797496968,-0.9931979720941201,-26.298561101019583,-30.607490920925617,-0.4589964797496968,False,-26.298561101019583,-0.9931979720941193,False,-56.90605202194515
559,9.315734388670165,713,596,503.0,713.0,-0.5123894603107377,-1.0624857017840694,-29.357753542791276,-31.518192962431318,-0.5123894603107377,False,-29.357753542791276,-1.0624857017840696,False,-60.87594650522259
560,9.332399387576553,695,582,479.0,686.0,-0.5599397971143883,-1.1220729827841756,-32.08218715606604,-32.207859063122704,-0.5599397971143882,False,-32.08218715606604,-1.122072982784175,False,-64.29004621918871
561,9.34906438648294,680,568,461.0,663.0,-0.6027247435920349,-1.1615041288686656,-34.533584015928305,-32.0157004552655,-0.6027247435920349,False,-34.533584015928305,-1.1615041288686658,False,-66.54928447119383
562,9.365729385389326,668,556,444.0,642.0,-0.6383751391659639,-1.204220936950718,-36.57620122028631,-32.420576068279445,-0.638375139165964,False,-36.576201220286315,-1.204220936950719,False,-68.99677728856581
563,9.382394384295713,659,546,432.0,625.0,-0.6666928262542713,-1.2358886369254987,-38.19868517601843,-32.612517667988804,-0.6666928262542715,False,-38.198685176018444,-1.2358886369254982,False,-70.8112028440072
564,9.399059383202099,652,538,425.0,612.0,-0.6892180452150343,-1.2556681921409223,-39.48928515507821,-32.455202723418765,-0.6892180452150343,False,-39.48928515507821,-1.2556681921409218,False,-71.94448787849694
565,9.415724382108486,648,533,419.0,602.0,-0.702764674547375,-1.2781380911650315,-40.265449842449456,-32.96646841621412,-0.702764674547375,False,-40.265449842449456,-1.2781380911650313,False,-73.23191825866354
566,9.432389381014874,647,531,416.0,597.0,-0.7072168297910614,-1.2924966677897853,-40.520539547649726,-33.534064551427434,-0.7072168297910615,False,-40.520539547649726,-1.2924966677897842,False,-74.05460409907708
567,9.44905437992126,647,531,417.0,596.0,-0.7072168297910614,-1.2953702230988613,-40.520539547649726,-33.698707142834884,-0.7072168297910615,False,-40.520539547649726,-1.2953702230988604,False,-74.21924669048457
568,9.465719378827647,650,535,420.0,601.0,-0.6966746499867621,-1.2913485626685244,-39.91651713799532,-34.07230538319623,-0.696674649986762,False,-39.916517137995314,-1.2913485626685244,False,-73.98882252119154
569,9.482384377734032,655,541,427.0,611.0,-0.6801226595229144,-1.272913917941948,-38.968157941876065,-33.96443723965957,-0.6801226595229144,False,-38.968157941876065,-1.272913917941949,False,-72.93259518153567
570,9.49904937664042,663,550,436.0,626.0,-0.6546498749887592,-1.2477247692036484,-37.50867489562285,-33.98068837368092,-0.6546498749887593,False,-37.50867489562285,-1.2477247692036482,False,-71.48936326930375
571,9.515714375546807,674,561,449.0,645.0,-0.6217375801224918,-1.2134876437867965,-35.622939305695645,-33.90478117456243,-0.6217375801224918,False,-35.622939305695645,-1.213487643786797,False,-69.5277204802581
572,9.532379374453193,686,573,467.0,669.0,-0.5862389369458747,-1.1576674945164953,-33.589016873234605,-32.74044464204496,-0.5862389369458745,False,-33.58901687323459,-1.1576674945164953,False,-66.32946151527955
573,9.54904437335958,702,587,490.0,697.0,-0.5418635425881493,-1.0921685650267206,-31.046494062308295,-31.5301552305822,-0.5418635425881493,False,-31.046494062308295,-1.0921685650267214,False,-62.576649292890544
574,9.565709372265967,720,601,518.0,728.0,-0.49450778064037376,-1.009531535755878,-28.333208767074535,-29.508687517097655,-0.4945077806403737,False,-28.33320876707453,-1.0095315357558778,False,-57.84189628417216
575,9.582374371172353,741,615,552.0,761.0,-0.44227539898260076,-0.9130583240211865,-25.34051374416761,-26.97387467153476,-0.4422753989826007,False,-25.340513744167605,-0.9130583240211863,False,-52.31438841570237
576,9.59903937007874,765,629,593.0,794.0,-0.3851058080747336,-0.8061666901939245,-22.064937468657334,-24.1250114634851,-0.3851058080747336,False,-22.064937468657334,-0.8061666901939244,False,-46.189948932142435
577,9.615704368985126,790,641,642.0,827.0,-0.3282439696248676,-0.6721128273807938,-18.806994110125306,-19.702234255399024,-0.32824396962486757,False,-18.806994110125302,-0.6721128273807935,False,-38.5092283655243
578,9.632369367891513,818,651,697.0,856.0,-0.26732963494072737,-0.5332150139708782,-15.316859820876703,-15.234110052663839,-0.26732963494072726,False,-15.316859820876697,-0.533215013970878,False,-30.550969873540538
579,9.6490343667979,846,659,758.0,881.0,-0.20781184978085043,-0.3773959672364249,-11.906741925249392,-9.716454202655255,-0.20781184978085054,False,-11.906741925249397,-0.3773959672364242,False,-21.623196127904603
580,9.665699365704286,875,664,825.0,898.0,-0.14767733704782568,-0.21050956212735614,-8.461288142571364,-3.6000213144731323,-0.14767733704782549,False,-8.461288142571352,-0.21050956212735628,False,-12.06130945704451
581,9.682364364610674,905,668,894.0,906.0,-0.08585400922840776,-0.04618561965887765,-4.919072383064986,2.2728313024148585,-0.08585400922840769,False,-4.919072383064982,-0.04618561965887835,False,-2.6462410806501744
582,9.69902936351706,934,668,963.0,906.0,-0.02663304536581317,0.12125102106994563,-1.5259610950415503,8.473132864001242,-0.026633045365813235,False,-1.525961095041554,0.1212510210699449,False,6.947171768959662
583,9.715694362423447,964,667,1030.0,897.0,0.03489342912114106,0.2794477641263722,1.999246221380264,14.011931257428188,0.03489342912114113,False,1.999246221380268,0.2794477641263722,False,16.011177478808456
584,9.732359361329834,993,662,1093.0,880.0,0.09514751601325162,0.43007813505586256,5.451551098712734,19.190110900845607,0.09514751601325155,False,5.451551098712731,0.43007813505586157,False,24.641661999558284
585,9.74902436023622,1021,657,1150.0,858.0,0.1539093686797397,0.5705827629957897,8.818357252872064,23.873626929700002,0.1539093686797397,False,8.818357252872064,0.5705827629957909,False,32.69198418257214
586,9.765689359142607,1048,648,1201.0,832.0,0.21255212139290788,0.6936681856474233,12.178339482365958,27.565919937728673,0.2125521213929078,False,12.178339482365955,0.6936681856474234,False,39.74425942009463
587,9.782354358048993,1073,638,1245.0,804.0,0.2684677028369498,0.8031477784539459,15.382066308129582,30.63491172258959,0.26846770283694976,False,15.382066308129579,0.8031477784539458,False,46.016978030719166
588,9.79901935695538,1096,627,1282.0,776.0,0.3217505543966422,0.895400076670389,18.43494882292201,32.86769654598159,0.32175055439664213,False,18.434948822922006,0.8954000766703878,False,51.30264536890355
589,9.815684355861768,1116,615,1314.0,748.0,0.3705584362786327,0.9793053653039,21.231434461733105,34.8786298246977,0.3705584362786327,False,21.231434461733105,0.979305365303901,False,56.11006428643085
590,9.832349354768153,1134,603,1340.0,722.0,0.41624848143695264,1.0469578590836397,23.84928121506698,36.136985438477936,0.4162484814369525,False,23.84928121506697,1.0469578590836406,False,59.98626665354498
591,9.84901435367454,1149,591,1362.0,699.0,0.45681177797903505,1.1015307993691352,26.173386910065908,36.939678897457384,0.45681177797903505,False,26.173386910065908,1.1015307993691348,False,63.11306580752327
592,9.865679352580926,1162,581,1379.0,678.0,0.49215512491283414,1.1504361610785447,28.198411523239233,37.71672510579392,0.4921551249128342,False,28.198411523239237,1.1504361610785452,False,65.91513662903319
593,9.882344351487314,1171,572,1392.0,661.0,0.5191461142465229,1.1879516842635818,29.74488129694222,38.31973647681874,0.519146114246523,False,29.74488129694223,1.1879516842635809,False,68.06461777376092
594,9.899009350393701,1178,566,1401.0,649.0,0.5392757722142036,1.214485071142522,30.89822574153222,38.686643116579816,0.5392757722142036,False,30.89822574153222,1.2144850711425228,False,69.58486885811209
595,9.915674349300087,1183,561,1407.0,639.0,0.5545785233879768,1.2357132291041089,31.775008798728283,39.02614391741971,0.5545785233879768,False,31.775008798728283,1.2357132291041086,False,70.801152716148
596,9.932339348206474,1184,559,1410.0,634.0,0.5588364507434334,1.2503737928658778,32.01897006566925,39.622171079310554,0.5588364507434331,False,32.01897006566924,1.2503737928658776,False,71.64114114497978
597,9.949004347112862,1184,560,1410.0,634.0,0.5576525700642967,1.2543648711697701,31.951138699307634,39.91867438819144,0.5576525700642967,False,31.951138699307634,1.25436487116977,False,71.86981308749905
598,9.965669346019247,1180,564,1406.0,637.0,0.5453831861180031,1.2583664079405312,31.248154781959443,40.85092947407065,0.545383186118003,False,31.24815478195944,1.2583664079405317,False,72.09908425603011
599,9.982334344925635,1174,569,1399.0,645.0,0.5282342694254784,1.245051119877969,30.26559423225633,41.070580214788016,0.5282342694254782,False,30.265594232256323,1.245051119877969,False,71.33617444704434
600,9.99899934383202,1166,578,1389.0,658.0,0.5030360935563879,1.2263527394005975,28.821845103529053,41.44299105843209,0.5030360935563878,False,28.821845103529046,1.226352739400598,False,70.26483616196117
601,10.015664342738408,1155,587,1375.0,675.0,0.4724536435996919,1.1902899496825317,27.069599793840325,41.12899071980786,0.472453643599692,False,27.06959979384033,1.1902899496825317,False,68.19859051364818
602,10.032329341644795,1141,598,1356.0,697.0,0.4345296274937672,1.1392737678712728,24.896713728784682,40.37886488020629,0.4345296274937671,False,24.896713728784675,1.1392737678712734,False,65.27557860899101
603,10.04899434055118,1124,610,1332.0,722.0,0.39049007095286997,1.0768549578753155,22.37343300736351,39.325811226630115,0.39049007095287,False,22.373433007363513,1.076854957875316,False,61.69924423399365
604,10.065659339457568,1105,621,1303.0,750.0,0.34402910952502297,0.9933567106503824,19.711416005427765,37.203731065837275,0.34402910952502275,False,19.711416005427754,0.9933567106503816,False,56.915147071264975
605,10.082324338363954,1083,633,1269.0,780.0,0.2916593056132113,0.9019841688587639,16.710847267353248,34.96903879586931,0.2916593056132113,False,16.710847267353248,0.901984168858764,False,51.679886063222554
606,10.098989337270341,1059,643,1227.0,811.0,0.23734133708046892,0.7853981633974483,13.598656918702698,31.40134308129729,0.23734133708046912,False,13.598656918702709,0.7853981633974492,False,45.00000000000005
607,10.115654336176728,1033,652,1179.0,840.0,0.18022635585275398,0.6603062493083264,10.326209547385707,27.50655172409454,0.18022635585275415,False,10.326209547385716,0.6603062493083272,False,37.83276127148028
608,10.132319335083114,1006,660,1122.0,866.0,0.12230318927013055,0.5128502897712041,7.007456566168176,22.376700559783107,0.12230318927013073,False,7.0074565661681865,0.5128502897712046,False,29.38415712595132
609,10.148984333989501,978,665,1061.0,888.0,0.06383069456671843,0.35631125565237476,3.657229402061601,16.757901739826377,0.06383069456671864,False,3.657229402061613,0.35631125565237554,False,20.415131141888015
610,10.165649332895887,949,668,995.0,902.0,0.004098337709848645,0.19410609803032688,0.23481745379363872,10.88664274109671,0.004098337709848465,False,0.23481745379362842,0.19410609803032663,False,11.121460194890338
611,10.182314331802274,921,668,926.0,907.0,-0.05322836158590148,0.020917450819302335,-3.049760469268432,4.248242119386914,-0.053228361585901496,False,-3.049760469268433,0.02091745081930263,False,1.1984816501185067
612,10.198979330708662,893,666,857.0,903.0,-0.11065722117389565,-0.15074638112042166,-6.34019174590991,-2.2969396691608357,-0.11065722117389587,False,-6.340191745909922,-0.15074638112042038,False,-8.637131415070682
613,10.215644329615047,865,663,791.0,891.0,-0.16816880246043808,-0.31383515242790877,-9.635362626752356,-8.346067070211696,-0.1681688024604382,False,-9.635362626752363,-0.3138351524279095,False,-17.981429696964085
614,10.232309328521435,838,657,729.0,870.0,-0.22465424349866842,-0.472993131308296,-12.871740002178013,-14.228770160464506,-0.22465424349866847,False,-12.871740002178017,-0.47299313130829646,False,-27.10051016264255
615,10.24897432742782,812,649,674.0,846.0,-0.28026982251286847,-0.6110665638310787,-16.05827795486803,-18.953257154214302,-0.2802698225128686,False,-16.058277954868036,-0.6110665638310788,False,-35.01153510908234
616,10.265639326334208,787,639,625.0,818.0,-0.3354126841345852,-0.7355860306553021,-19.217731196066318,-22.928243829263298,-0.33541268413458525,False,-19.21773119606632,-0.7355860306553019,False,-42.14597502532959
617,10.282304325240595,763,627,583.0,787.0,-0.39049451978683053,-0.844153986113171,-22.373687906773206,-25.99277275665661,-0.39049451978683036,False,-22.373687906773196,-0.8441539861131702,False,-48.366460663429756
618,10.29896932414698,741,615,548.0,758.0,-0.44227539898260076,-0.9331236282727466,-25.34051374416761,-28.123531919795067,-0.4422753989826007,False,-25.340513744167605,-0.933123628272746,False,-53.464045663962644
619,10.315634323053368,721,602,518.0,730.0,-0.4916776489606526,-1.0082217673734837,-28.17105416636024,-29.595797917361065,-0.49167764896065247,False,-28.171054166360232,-1.0082217673734846,False,-57.766852083721346
620,10.332299321959756,704,589,493.0,704.0,-0.5360936440529278,-1.071781720678776,-30.71590322802139,-30.69266592614175,-0.5360936440529276,False,-30.715903228021375,-1.071781720678775,False,-61.408569154163075
621,10.348964320866141,689,577,474.0,683.0,-0.5762866780024297,-1.1127456742754576,-33.01879443915388,-30.736836368268847,-0.5762866780024298,False,-33.018794439153886,-1.1127456742754571,False,-63.75563080742271
622,10.365629319772529,678,566,458.0,662.0,-0.6086364671689404,-1.1593400833811944,-34.87230082653298,-31.552992971554417,-0.6086364671689406,False,-34.872300826532985,-1.1593400833811955,False,-66.42529379808745
623,10.382294318678914,669,556,446.0,647.0,-0.6366577596779683,-1.1833509708457897,-36.47780262380183,-31.323213688370444,-0.6366577596779681,False,-36.477802623801814,-1.1833509708457903,False,-67.80101631217231
624,10.398959317585302,662,549,437.0,634.0,-0.6576571772761357,-1.209592571301215,-37.680980624409564,-31.62356864152717,-0.6576571772761355,False,-37.68098062440955,-1.209592571301215,False,-69.30454926593673
625,10.415624316491689,658,545,432.0,625.0,-0.6697091161908723,-1.2305782151502134,-38.371505859173446,-32.13543222967555,-0.6697091161908721,False,-38.37150585917344,-1.2305782151502136,False,-70.50693808884903
626,10.432289315398075,657,543,430.0,621.0,-0.674068673417266,-1.2398233724737917,-38.62129008879157,-32.415356495632935,-0.6740686734172661,False,-38.621290088791575,-1.2398233724737917,False,-71.0366465844245
627,10.448954314304462,657,544,430.0,622.0,-0.6727275221254732,-1.2398233724737917,-38.54444778008332,-32.492198804341186,-0.6727275221254732,False,-38.54444778008332,-1.2398233724737917,False,-71.0366465844245
628,10.465619313210848,660,547,435.0,627.0,-0.6636787049171559,-1.2291808361470895,-38.02598874446139,-32.400885425128415,-0.6636787049171557,False,-38.02598874446138,-1.2291808361470906,False,-70.42687416958988
629,10.482284312117235,666,553,441.0,637.0,-0.6456424331435546,-1.2134876437867965,-36.9925864936831,-32.53513398657496,-0.6456424331435544,False,-36.992586493683085,-1.213487643786797,False,-69.5277204802581
630,10.498949311023622,673,561,451.0,652.0,-0.6234696878814098,-1.1817762235016032,-35.72218176994351,-31.98860816560745,-0.6234696878814097,False,-35.722181769943504,-1.181776223501604,False,-67.710789935551
631,10.515614309930008,684,571,466.0,671.0,-0.5921226508648789,-1.140718191739034,-33.92612884865593,-31.432209151785724,-0.5921226508648791,False,-33.92612884865594,-1.1407181917390332,False,-65.3583380004416
632,10.532279308836396,696,583,484.0,693.0,-0.5570364677657884,-1.0921685650267206,-31.9158386378548,-30.660810655035693,-0.5570364677657884,False,-31.9158386378548,-1.0921685650267214,False,-62.576649292890544
633,10.548944307742781,712,595,508.0,720.0,-0.5152449636860433,-1.0210580998598446,-29.521361834581647,-28.98095792503481,-0.5152449636860434,False,-29.521361834581654,-1.0210580998598449,False,-58.50231975961646
634,10.565609306649169,730,608,537.0,749.0,-0.46923934941529627,-0.9398468600711799,-26.88543430296101,-26.963824167740047,-0.4692393494152962,False,-26.885434302961006,-0.9398468600711798,False,-53.84925847070105
635,10.582274305555556,751,621,571.0,778.0,-0.4182243295792291,-0.8535417492649328,-23.962488974578186,-24.941850896515987,-0.41822432957922917,False,-23.96248897457819,-0.8535417492649326,False,-48.90433987109418
636,10.598939304461942,773,633,613.0,808.0,-0.36672998120644307,-0.7406519319428327,-21.012080144041185,-21.42414964449382,-0.36672998120644307,False,-21.012080144041185,-0.740651931942832,False,-42.43622978853495
637,10.615604303368329,799,644,661.0,838.0,-0.30876427147646973,-0.6182963634663426,-17.690889620033303,-17.734882494874878,-0.3087642714764698,False,-17.690889620033307,-0.6182963634663423,False,-35.425772114908156
638,10.632269302274715,825,653,714.0,863.0,-0.25242639036408826,-0.4862426330875049,-14.462966805584049,-13.396683889658211,-0.2524263903640884,False,-14.462966805584058,-0.4862426330875049,False,-27.85965069524227
639,10.648934301181102,853,660,772.0,885.0,-0.19338595824191804,-0.34555558058171215,-11.08019922435508,-8.718677130169851,-0.19338595824191795,False,-11.080199224355077,-0.34555558058171343,False,-19.798876354525003
640,10.66559930008749,881,665,835.0,900.0,-0.135251674242788,-0.19330057864443415,-7.7493501061900165,-3.3259572275727227,-0.13525167424278806,False,-7.74935010619002,-0.1933005786444344,False,-11.075307333762742
641,10.682264298993875,910,668,901.0,906.0,-0.0756748849710767,-0.03779711649456458,-4.335851523980678,2.17023627107782,-0.07567488497107666,False,-4.335851523980676,-0.03779711649456452,False,-2.165615252902856
642,10.698929297900262,938,668,966.0,905.0,-0.018440532412223508,0.1175983406109762,-1.0565646791946062,7.7944532739454475,-0.018440532412223654,False,-1.0565646791946146,0.11759834061097507,False,6.737888594750783
643,10.71559429680665,966,666,1029.0,897.0,0.039074751138084556,0.2662520491509254,2.238818325736255,13.016300377321523,0.03907475113808445,False,2.2388183257362493,0.2662520491509248,False,15.255118703057747
644,10.732259295713035,994,662,1089.0,881.0,0.09720307293832454,0.40929219792623106,5.569325835068303,17.881389693737884,0.09720307293832464,False,5.569325835068308,0.4092921979262307,False,23.450715528806164
645,10.748924294619423,1020,657,1143.0,861.0,0.15186155480684735,0.5425793241259905,8.701026160726993,22.38647916275298,0.15186155480684738,False,8.701026160726995,0.5425793241259917,False,31.087505323480052
646,10.765589293525808,1046,649,1193.0,838.0,0.2080334564254222,0.6610431688506869,11.91943905069541,25.9555446004028,0.20803345642542226,False,11.919439050695413,0.6610431688506857,False,37.874983651098134
647,10.782254292432196,1069,639,1235.0,811.0,0.2597886119188418,0.7676485483409506,14.88479102851167,29.098230940769138,0.2597886119188417,False,14.884791028511666,0.7676485483409508,False,43.983021969280834
648,10.798919291338583,1090,629,1272.0,785.0,0.3083285416565511,0.8621700546672264,17.66592414034397,31.732781214651553,0.3083285416565511,False,17.66592414034397,0.8621700546672262,False,49.39870535499553
649,10.815584290244969,1110,619,1303.0,760.0,0.35552149400155614,0.9398468600711799,20.36988113247478,33.47937733822627,0.3555214940015561,False,20.369881132474777,0.9398468600711798,False,53.84925847070105
650,10.832249289151356,1126,608,1329.0,734.0,0.39611759877584757,1.015302591529353,22.69586660071257,35.47668682261432,0.3961175987758474,False,22.69586660071256,1.0153025915293519,False,58.17255342332683
651,10.848914288057742,1140,598,1349.0,712.0,0.4325594745985004,1.0714496051147666,24.783832282890412,36.605708051144376,0.4325594745985004,False,24.783832282890412,1.0714496051147666,False,61.38954033403479
652,10.86557928696413,1152,589,1366.0,693.0,0.4646251257960035,1.118426435132486,26.621058763845955,37.46005566510762,0.4646251257960037,False,26.621058763845966,1.118426435132486,False,64.08111442895358
653,10.882244285870517,1160,582,1378.0,678.0,0.48724204976150054,1.1559820436738364,27.91691305263722,38.31597924278122,0.48724204976150043,False,27.916913052637213,1.155982043673836,False,66.23289229541841
654,10.898909284776902,1167,576,1387.0,667.0,0.507098504392337,1.1785900155550273,29.054604099077146,38.47362956848397,0.5070985043923368,False,29.05460409907714,1.1785900155550273,False,67.52823366756111
655,10.91557428368329,1170,573,1392.0,658.0,0.5161266339912326,1.2051326096179475,29.571877821991002,39.47713446270443,0.5161266339912327,False,29.57187782199101,1.205132609617948,False,69.04901228469546
656,10.932239282589675,1172,572,1394.0,654.0,0.5210670778551294,1.2169712146209535,29.854944404313596,39.87236998237654,0.5210670778551294,False,29.854944404313596,1.216971214620953,False,69.72731438669011
657,10.948904281496063,1171,573,1394.0,654.0,0.5180493228025788,1.2223854240236565,29.682039776198163,40.35548595866691,0.5180493228025789,False,29.68203977619817,1.2223854240236562,False,70.03752573486506
658,10.96556928040245,1167,576,1389.0,658.0,0.507098504392337,1.2169712146209535,29.054604099077146,40.672710287613,0.5070985043923368,False,29.05460409907714,1.216971214620953,False,69.72731438669011
659,10.982234279308836,1160,582,1381.0,668.0,0.48724204976150054,1.19968669737435,27.91691305263722,40.820071444901465,0.48724204976150043,False,27.916913052637213,1.19968669737435,False,68.73698449753869
660,10.998899278215223,1152,590,1371.0,681.0,0.4636476090008061,1.1769782849586186,26.56505117707799,40.870837129596794,0.46364760900080615,False,26.565051177077994,1.1769782849586186,False,67.43588830667478
661,11.015564277121609,1140,598,1355.0,699.0,0.4325594745985004,1.1316259374696727,24.783832282890412,40.05355792165704,0.4325594745985004,False,24.783832282890412,1.131625937469673,False,64.83739020454748
662,11.032229276027996,1126,608,1335.0,720.0,0.39611759877584757,1.0788543839455869,22.69586660071257,39.11793630855603,0.3961175987758474,False,22.69586660071256,1.0788543839455862,False,61.81380290926857
663,11.048894274934383,1109,619,1311.0,744.0,0.35351809226341496,1.0166592754527823,20.255094668210116,37.99519101806252,0.3535180922634149,False,20.255094668210113,1.0166592754527812,False,58.25028568627258
664,11.065559273840769,1090,630,1280.0,770.0,0.3076858422272922,0.9357695914045828,17.629100175551965,35.98654800861214,0.3076858422272921,False,17.629100175551965,0.9357695914045827,False,53.61564818416411
665,11.082224272747156,1068,640,1244.0,799.0,0.2572167058757239,0.8361009389134209,14.737431666936825,33.16762337972766,0.25721670587572376,False,14.737431666936814,0.8361009389134217,False,47.90505504666452
666,11.098889271653544,1045,648,1201.0,827.0,0.20641910492155582,0.716849019645583,11.826943522873268,29.245479850909287,0.2064191049215558,False,11.826943522873266,0.7168490196455828,False,41.07242337378253
667,11.11555427055993,1020,656,1153.0,853.0,0.15217569407640338,0.5938368430683221,8.719025015051876,25.305319812135572,0.1521756940764032,False,8.719025015051864,0.5938368430683223,False,34.02434482718746
668,11.132219269466317,994,662,1097.0,876.0,0.09720307293832454,0.44858283537036436,5.569325835068303,20.1325773936654,0.09720307293832464,False,5.569325835068308,0.44858283537036314,False,25.701903228733634
669,11.148884268372703,967,666,1037.0,894.0,0.04112905637755206,0.29788240885294875,2.3565213457893552,14.710883472675036,0.04112905637755215,False,2.3565213457893606,0.29788240885294925,False,17.06740481846442
670,11.16554926727909,941,668,974.0,904.0,-0.012294462478152404,0.13892970426308895,-0.7044208113800838,8.664506514655757,-0.012294462478152468,False,-0.7044208113800875,0.13892970426308793,False,7.960085703275619
671,11.182214266185477,914,668,907.0,906.0,-0.06752015587229132,-0.029403288204005115,-3.8686199635477543,2.1839356456514594,-0.0675201558722911,False,-3.8686199635477414,-0.02940328820400495,False,-1.684684317896282
672,11.198879265091863,887,666,842.0,901.0,-0.12283523887789499,-0.18919902209996817,-7.037940763184669,-3.802364691145908,-0.12283523887789505,False,-7.037940763184673,-0.18919902209996842,False,-10.84030545433058
673,11.21554426399825,860,662,781.0,888.0,-0.178575195156396,-0.3362805753700938,-10.231605008186511,-9.035852692750847,-0.17857519515639586,False,-10.231605008186504,-0.33628057537009326,False,-19.267457700937324
674,11.232209262904636,834,656,723.0,868.0,-0.23308036494475518,-0.4823370214477118,-13.354521198703456,-14.28135443316151,-0.23308036494475504,False,-13.354521198703447,-0.4823370214477123,False,-27.635875631864984
675,11.248874261811023,809,648,671.0,844.0,-0.28674540413194144,-0.6134600655737035,-16.4293014515334,-18.719371205658547,-0.2867454041319415,False,-16.429301451533405,-0.6134600655737046,False,-35.148672657192
676,11.26553926071741,786,639,626.0,817.0,-0.3373539693744794,-0.7321939838539574,-19.3289586471433,-22.6226664125584,-0.3373539693744796,False,-19.32895864714331,-0.7321939838539571,False,-41.95162505970168
677,11.282204259623796,763,628,586.0,791.0,-0.3897085713428658,-0.8265513860388912,-22.32865637801915,-25.02924959269774,-0.38970857134286563,False,-22.32865637801914,-0.82655138603889,False,-47.357905970716835
678,11.298869258530184,743,617,553.0,764.0,-0.43675242600354125,-0.9123088296345804,-25.0240707021027,-27.247374848478387,-0.43675242600354114,False,-25.024070702102694,-0.9123088296345792,False,-52.271445550581035
679,11.31553425743657,724,605,525.0,739.0,-0.4832164061739704,-0.9781694787520191,-27.68626066524784,-28.358722115754507,-0.48321640617397055,False,-27.686260665247847,-0.9781694787520188,False,-56.04498278100233
680,11.332199256342957,709,593,502.0,716.0,-0.5227890853804023,-1.0346503047826618,-29.953608167801498,-29.32748756816932,-0.5227890853804023,False,-29.953608167801498,-1.0346503047826623,False,-59.281095735970844
681,11.348864255249344,695,582,484.0,696.0,-0.5599397971143883,-1.075442928313905,-32.08218715606604,-29.536153743511065,-0.5599397971143882,False,-32.08218715606604,-1.0754429283139046,False,-61.61834089957708
682,11.36552925415573,684,572,471.0,679.0,-0.5909403154255973,-1.1052725473875966,-33.85838601801635,-29.469066158966232,-0.5909403154255974,False,-33.858386018016354,-1.105272547387596,False,-63.32745217698253
683,11.382194253062117,677,565,458.0,665.0,-0.611597044308262,-1.1424500316480142,-35.04192940153902,-30.415635716479514,-0.6115970443082621,False,-35.04192940153903,-1.1424500316480142,False,-65.45756511801854
684,11.398859251968503,671,559,450.0,655.0,-0.6294235405279315,-1.1609999476843136,-36.063312398432,-30.457084618788553,-0.6294235405279314,False,-36.06331239843199,-1.1609999476843136,False,-66.52039701722055
685,11.41552425087489,668,556,446.0,648.0,-0.6383751391659639,-1.1779258193302489,-36.57620122028631,-30.91397680682648,-0.638375139165964,False,-36.576201220286315,-1.1779258193302482,False,-67.49017802711275
686,11.432189249781278,667,555,444.0,646.0,-0.6413643599084533,-1.1833509708457897,-36.747470952863914,-31.053545359308355,-0.6413643599084535,False,-36.74747095286393,-1.1833509708457903,False,-67.80101631217231
687,11.448854248687663,668,556,447.0,648.0,-0.6383751391659639,-1.1763265438450003,-36.57620122028631,-30.822345071243003,-0.638375139165964,False,-36.576201220286315,-1.1763265438450006,False,-67.39854629152931
688,11.46551924759405,672,560,451.0,654.0,-0.6264451935687555,-1.1686382679808633,-35.89266568774559,-31.065374845036363,-0.6264451935687556,False,-35.8926656877456,-1.1686382679808638,False,-66.95804053278198
689,11.482184246500438,678,566,460.0,665.0,-0.6086364671689404,-1.1445144955968738,-34.87230082653298,-30.70354936271212,-0.6086364671689406,False,-34.872300826532985,-1.144514495596873,False,-65.57585018924506
690,11.498849245406824,686,574,472.0,681.0,-0.585068339668371,-1.1071487177940904,-33.521946589724145,-29.913002233197872,-0.5850683396683709,False,-33.52194658972414,-1.1071487177940895,False,-63.43494882292195
691,11.515514244313211,697,584,489.0,701.0,-0.5541370513421143,-1.0584068664841588,-31.749714313727363,-28.892532143481358,-0.5541370513421144,False,-31.749714313727367,-1.0584068664841588,False,-60.64224645720873
692,11.532179243219597,711,595,509.0,722.0,-0.5170676553013375,-1.009531535755878,-29.625794371491885,-28.216101912680294,-0.5170676553013376,False,-29.62579437149189,-1.0095315357558778,False,-57.84189628417216
693,11.548844242125984,727,606,534.0,748.0,-0.47670656810002165,-0.9364769299249889,-27.313274418297002,-26.342901277773397,-0.47670656810002177,False,-27.31327441829701,-0.9364769299249893,False,-53.656175696070434
694,11.565509241032371,745,618,565.0,774.0,-0.4321181723350779,-0.8567056281827387,-24.75854752570673,-24.327069254268146,-0.43211817233507777,False,-24.758547525706724,-0.8567056281827377,False,-49.08561677997482
695,11.582174239938757,766,630,601.0,801.0,-0.3824206167344206,-0.7675429182578958,-21.911087337672324,-22.065882473659833,-0.3824206167344206,False,-21.911087337672324,-0.7675429182578952,False,-43.97696981133213
696,11.598839238845144,789,640,643.0,828.0,-0.3308530338118463,-0.6603062493083264,-18.956482476517916,-18.876278794962328,-0.33085303381184605,False,-18.956482476517902,-0.6603062493083272,False,-37.83276127148028
697,11.61550423775153,814,650,691.0,853.0,-0.2757687307758654,-0.5447547332268438,-15.800384395136543,-15.411762688536685,-0.2757687307758654,False,-15.800384395136543,-0.5447547332268439,False,-31.212147083673226
698,11.632169236657917,840,658,744.0,875.0,-0.22021898891952532,-0.4165127351873055,-12.617618633727043,-11.246803205955665,-0.2202189889195254,False,-12.617618633727046,-0.4165127351873057,False,-23.864421839682713
699,11.648834235564305,867,663,801.0,892.0,-0.1641412902470073,-0.28060513042474605,-9.40460317498538,-6.6728865080705875,-0.1641412902470072,False,-9.404603174985374,-0.2806051304247461,False,-16.077489683055962
700,11.66549923447069,894,667,862.0,903.0,-0.10840294185452157,-0.1347712844777311,-6.211031055066151,-1.5107947450648238,-0.10840294185452137,False,-6.21103105506614,-0.1347712844777309,False,-7.721825800130964
701,11.682164233377078,922,668,924.0,907.0,-0.05118476199522865,0.008368005512292491,-2.9326708377082165,3.4121222365047843,-0.05118476199522881,False,-2.932670837708226,0.008368005512291887,False,0.4794513987965335
702,11.698829232283463,949,668,985.0,904.0,0.004098337709848645,0.15137544373402623,0.23481745379363872,8.438356594086137,0.004098337709848465,False,0.23481745379362842,0.15137544373402534,False,8.673174047879716
703,11.715494231189851,975,665,1045.0,894.0,0.057667946921019626,0.29665674760929417,3.3041299717588752,13.693049630331368,0.05766794692101973,False,3.304129971758881,0.29665674760929406,False,16.997179602090224
704,11.732159230096238,1001,660,1100.0,878.0,0.11202896242598788,0.42628183119802276,6.418786730238786,18.00536308051611,0.11202896242598781,False,6.418786730238781,0.4262818311980219,False,24.424149810754837
705,11.748824229002624,1026,655,1151.0,858.0,0.16480726397620224,0.5519297832910718,9.442760658934839,22.180486511213715,0.16480726397620238,False,9.442760658934846,0.5519297832910723,False,31.623247170148588
706,11.765489227909011,1049,647,1196.0,835.0,0.21503837412422597,0.6636157467843974,12.320791270673357,25.701590238494944,0.2150383741242261,False,12.320791270673366,0.6636157467843979,False,38.02238150916833
707,11.782154226815399,1070,638,1236.0,811.0,0.2623682144161948,0.76475212986323,15.032591364431404,28.78447805037234,0.26236821441619496,False,15.032591364431413,0.7647521298632292,False,43.817069414803676
708,11.798819225721784,1090,629,1270.0,786.0,0.3083285416565511,0.8535417492649328,17.66592414034397,31.238415730750205,0.3083285416565511,False,17.66592414034397,0.8535417492649326,False,48.90433987109418
709,11.815484224628172,1107,620,1298.0,763.0,0.348771003583907,0.9281334407726048,19.98310652189998,33.195022459325635,0.3487710035839071,False,19.983106521899987,0.928133440772605,False,53.178128981225626
710,11.832149223534557,1122,611,1322.0,740.0,0.3856959512823623,0.9979440791220989,22.09875018376277,35.07923374000299,0.38569595128236234,False,22.098750183762775,0.9979440791220995,False,57.177983923765794
711,11.848814222440945,1134,602,1341.0,721.0,0.4171244620068977,1.049052815792073,23.899471204660294,36.2068276265405,0.4171244620068979,False,23.899471204660305,1.0490528157920735,False,60.10629883120081
712,11.865479221347332,1144,595,1356.0,704.0,0.44320255163385036,1.0958921576110419,25.393635678048575,37.39635975454975,0.4432025516338505,False,25.39363567804858,1.0958921576110416,False,62.7899954325983
713,11.882144220253718,1152,589,1366.0,690.0,0.4646251257960035,1.1298291380655072,26.621058763845955,38.113382418211195,0.4646251257960037,False,26.621058763845966,1.1298291380655066,False,64.73444118205711
714,11.898809219160105,1156,585,1374.0,680.0,0.4764045224362401,1.1598306229354012,27.295968476542093,39.15743116768556,0.4764045224362401,False,27.295968476542093,1.1598306229354023,False,66.45339964422773
715,11.91547421806649,1159,583,1378.0,675.0,0.48427336731337556,1.1730907075753607,27.746820077645094,39.4663264524385,0.48427336731337567,False,27.7468200776451,1.1730907075753603,False,67.21314653008358
716,11.932139216972878,1159,583,1378.0,673.0,0.48427336731337556,1.1808784628640445,27.746820077645094,39.91253196236078,0.48427336731337567,False,27.7468200776451,1.1808784628640439,False,67.65935204000583
717,11.948804215879266,1156,585,1375.0,676.0,0.4764045224362401,1.1769782849586186,27.295968476542093,40.13991983013269,0.4764045224362401,False,27.295968476542093,1.1769782849586186,False,67.43588830667478
718,11.965469214785651,1152,589,1370.0,683.0,0.4646251257960035,1.1636921547389079,26.621058763845955,40.05359035517819,0.4646251257960037,False,26.621058763845966,1.1636921547389072,False,66.6746491190241
719,11.982134213692039,1144,595,1360.0,693.0,0.44320255163385036,1.1448666702609547,25.393635678048575,40.202392633099805,0.4432025516338505,False,25.39363567804858,1.1448666702609547,False,65.59602831114839
720,11.998799212598424,1134,602,1347.0,709.0,0.4171244620068977,1.1052725473875966,23.899471204660294,39.427980972322274,0.4171244620068979,False,23.899471204660305,1.105272547387596,False,63.32745217698253
721,12.015464211504812,1122,611,1328.0,727.0,0.3856959512823623,1.0579460370236926,22.09875018376277,38.517092690285956,0.38569595128236234,False,22.098750183762775,1.0579460370236937,False,60.61584287404878
722,12.032129210411199,1107,620,1307.0,748.0,0.348771003583907,1.0014831356942346,19.98310652189998,37.397650406907196,0.3487710035839071,False,19.983106521899987,1.0014831356942349,False,57.38075692880719
723,12.048794209317585,1090,629,1279.0,772.0,0.3083285416565511,0.9230758337586088,17.66592414034397,35.222425304543904,0.3083285416565511,False,17.66592414034397,0.9230758337586096,False,52.88834944488793
724,12.065459208223972,1071,638,1247.0,798.0,0.2644036224206001,0.8329812666744317,15.149211652670974,32.57709934123529,0.2644036224206001,False,15.149211652670974,0.8329812666744321,False,47.72631099390629
725,12.082124207130358,1049,647,1208.0,823.0,0.21503837412422597,0.7346953878814758,12.320791270673357,29.774153682662185,0.2150383741242261,False,12.320791270673366,0.7346953878814766,False,42.09494495333558
726,12.098789206036745,1026,655,1163.0,848.0,0.16480726397620224,0.6173025397004024,9.442760658934839,25.92606954860517,0.16480726397620238,False,9.442760658934846,0.6173025397004022,False,35.368830207539986
727,12.115454204943132,1002,661,1114.0,871.0,0.11385064097536178,0.4899573262537283,6.523161222747424,21.549325713105535,0.1138506409753619,False,6.523161222747431,0.48995732625372845,False,28.072486935852968
728,12.132119203849518,977,665,1058.0,889.0,0.06177696156034961,0.3469776052196545,3.5395591685499537,16.340793196092704,0.06177696156034962,False,3.5395591685499537,0.3469776052196547,False,19.880352364642658
729,12.148784202755905,951,668,998.0,901.0,0.008196537749912585,0.19904572336856055,0.4696270196896474,10.934852859457381,0.00819653774991247,False,0.4696270196896407,0.19904572336855963,False,11.40447987914697
730,12.165449201662293,926,669,937.0,908.0,-0.042918414078704496,0.04599264736156945,-2.459043990104621,5.094228572556038,-0.04291841407870445,False,-2.459043990104618,0.04599264736156883,False,2.635184582451395
731,12.182114200568678,900,668,875.0,906.0,-0.09601532999890765,-0.10465821607405422,-5.5012731774932515,-0.4952008949182906,-0.09601532999890772,False,-5.501273177493255,-0.10465821607405346,False,-5.996474072411495
732,12.198779199475066,874,665,814.0,896.0,-0.14939403063969187,-0.2541247495556341,-8.55964744010245,-6.000628179254432,-0.1493940306396917,False,-8.55964744010244,-0.25412474955563447,False,-14.560275619356897
733,12.215444198381451,849,660,758.0,881.0,-0.20139874102752064,-0.3906070436976868,-11.53929786012519,-10.840837191834382,-0.20139874102752042,False,-11.539297860125178,-0.3906070436976865,False,-22.38013505195956
734,12.232109197287839,825,653,705.0,862.0,-0.25242639036408826,-0.521204783494682,-14.462966805584049,-15.39986755069105,-0.2524263903640884,False,-14.462966805584058,-0.5212047834946816,False,-29.862834356275084
735,12.248774196194226,801,645,658.0,838.0,-0.3042312567902965,-0.6376726985221499,-17.431167010044756,-19.10478732599256,-0.3042312567902963,False,-17.431167010044746,-0.6376726985221488,False,-36.53595433603726
736,12.265439195100612,779,636,618.0,814.0,-0.35299038782691045,-0.7352926439455092,-20.224859431168078,-21.90430577392517,-0.3529903878269103,False,-20.22485943116807,-0.7352926439455096,False,-42.129165205093265
737,12.282104194007,759,626,582.0,788.0,-0.3989233275852141,-0.8296171077931012,-22.856623019947538,-24.676935868447032,-0.398923327585214,False,-22.85662301994753,-0.8296171077931014,False,-47.53355888839459
738,12.298769192913385,741,616,552.0,765.0,-0.44138783544894866,-0.9031934852680342,-25.289660099639626,-26.45951468993004,-0.4413878354489489,False,-25.289660099639637,-0.9031934852680337,False,-51.74917478956962
739,12.315434191819772,724,605,527.0,743.0,-0.4832164061739704,-0.9597297629638178,-27.68626066524784,-27.30220422566984,-0.48321640617397055,False,-27.686260665247847,-0.9597297629638177,False,-54.98846489091766
740,12.33209919072616,710,594,507.0,722.0,-0.519926145289568,-1.0082217673734837,-29.789573783597895,-27.977278300123416,-0.5199261452895678,False,-29.789573783597884,-1.0082217673734846,False,-57.766852083721346
741,12.348764189632545,699,585,491.0,706.0,-0.5494477851195964,-1.0439184078603376,-31.481039150163827,-28.33107977625003,-0.5494477851195962,False,-31.48103915016382,-1.0439184078603372,False,-59.812118926413824
742,12.365429188538933,690,578,479.0,692.0,-0.573366646357394,-1.075442928313905,-32.851488949848694,-28.76685194972842,-0.5733666463573939,False,-32.85148894984869,-1.0754429283139046,False,-61.61834089957708
743,12.382094187445318,683,572,469.0,681.0,-0.5926974047350627,-1.0997000659818472,-33.95905981967627,-29.049112691341726,-0.5926974047350626,False,-33.95905981967626,-1.099700065981846,False,-63.00817251101794
744,12.398759186351706,679,568,464.0,674.0,-0.6044717026433267,-1.1127456742754576,-34.63367739654951,-29.12195341087322,-0.6044717026433268,False,-34.633677396549515,-1.1127456742754571,False,-63.75563080742271
745,12.415424185258093,677,566,461.0,671.0,-0.6103781383162791,-1.1183214372328298,-34.97209123257519,-29.103007259870353,-0.6103781383162792,False,-34.972091232575195,-1.1183214372328294,False,-64.07509849244552
746,12.432089184164479,677,566,461.0,670.0,-0.6103781383162791,-1.1220729827841756,-34.97209123257519,-29.317954986613543,-0.6103781383162792,False,-34.972091232575195,-1.122072982784175,False,-64.29004621918871
747,12.448754183070866,680,569,466.0,676.0,-0.6015232375619203,-1.1071487177940904,-34.46474279134322,-28.97020603157879,-0.6015232375619202,False,-34.46474279134322,-1.1071487177940895,False,-63.43494882292195
748,12.465419181977252,685,574,473.0,685.0,-0.5868302711420823,-1.088459305347185,-33.62289782695906,-28.74122654117599,-0.5868302711420821,False,-33.622897826959054,-1.088459305347186,False,-62.364124368135116
749,12.48208418088364,693,581,484.0,697.0,-0.5646287197240342,-1.0641041612668274,-32.35084263206222,-28.617834770835326,-0.5646287197240341,False,-32.35084263206221,-1.0641041612668278,False,-60.96867740289756
750,12.498749179790027,702,589,498.0,714.0,-0.5397000759342704,-1.0210580998598446,-30.92253655392374,-27.579783205692703,-0.5397000759342703,False,-30.922536553923738,-1.0210580998598449,False,-58.50231975961646
751,12.515414178696412,714,598,518.0,733.0,-0.5085192462819551,-0.9676433673725593,-29.13600661312971,-26.305874411144973,-0.508519246281955,False,-29.1360066131297,-0.9676433673725597,False,-55.4418810242747
752,12.5320791776028,729,609,540.0,755.0,-0.4701530934338514,-0.9130583240211865,-26.937787978779543,-25.376600436922836,-0.4701530934338516,False,-26.937787978779554,-0.9130583240211863,False,-52.31438841570237
753,12.548744176509187,746,619,569.0,778.0,-0.4293700299601413,-0.8389184318567634,-24.601090566121805,-23.465394935004092,-0.4293700299601415,False,-24.60109056612182,-0.8389184318567633,False,-48.06648550112589
754,12.565409175415573,766,630,602.0,803.0,-0.3824206167344206,-0.7586982783921826,-21.911087337672324,-21.559121938041315,-0.3824206167344206,False,-21.911087337672324,-0.758698278392183,False,-43.470209275713664
755,12.58207417432196,788,640,640.0,827.0,-0.33279623901037475,-0.6695019593761246,-19.067819933121477,-19.29181671486956,-0.3327962390103747,False,-19.067819933121473,-0.6695019593761238,False,-38.35963664799099
756,12.598739173228346,811,649,684.0,850.0,-0.2822377539774027,-0.5635034222608851,-16.171032122156838,-16.115335714570147,-0.2822377539774026,False,-16.17103212215683,-0.5635034222608848,False,-32.28636783672698
757,12.615404172134733,835,656,733.0,873.0,-0.23109066719589708,-0.43939863167953086,-13.240519915187205,-11.93516720387327,-0.23109066719589721,False,-13.240519915187212,-0.43939863167953064,False,-25.175687119060456
758,12.63206917104112,861,662,786.0,888.0,-0.17656523981366368,-0.3204225339290187,-10.116443050038178,-8.242415804982008,-0.17656523981366368,False,-10.116443050038178,-0.320422533929019,False,-18.358858855020213
759,12.648734169947506,887,666,842.0,900.0,-0.12283523887789499,-0.18998828791871572,-7.037940763184669,-3.8475862914740575,-0.12283523887789505,False,-7.037940763184673,-0.18998828791871603,False,-10.885527054658755
760,12.665399168853893,913,668,901.0,907.0,-0.06955972406556894,-0.05016707685413893,-3.9854786130516846,1.1111168388010886,-0.06955972406556876,False,-3.985478613051674,-0.050167076854139125,False,-2.8743617742506107
761,12.682064167760279,939,668,959.0,907.0,-0.016391974308005267,0.08348749226241442,-0.9391909457355799,5.722671894503043,-0.01639197430800543,False,-0.9391909457355894,0.08348749226241381,False,4.783480948767428
762,12.698729166666666,965,667,1017.0,899.0,0.036944168429707554,0.2204937613666717,2.1167449286427007,10.51661700663231,0.0369441684297076,False,2.1167449286427034,0.2204937613666722,False,12.63336193527504
763,12.715394165573054,990,663,1072.0,888.0,0.08879282439636643,0.349484524690076,5.087454088958048,14.93653418091893,0.08879282439636649,False,5.087454088958051,0.3494845246900766,False,20.023988269877005
764,12.73205916447944,1013,658,1122.0,871.0,0.13720775720602765,0.472993131308296,7.861425404361093,19.239084758281425,0.13720775720602774,False,7.861425404361097,0.47299313130829646,False,27.10051016264255
765,12.748724163385827,1036,652,1168.0,851.0,0.18637109837892102,0.585679727353805,10.678277360329632,22.878699163416158,0.18637109837892085,False,10.678277360329623,0.5856797273538046,False,33.55697652374576
766,12.765389162292212,1056,645,1209.0,829.0,0.2302514394825982,0.6936681856474233,13.192435709164766,26.551823710929856,0.2302514394825983,False,13.19243570916477,0.6936681856474234,False,39.74425942009463
767,12.7820541611986,1075,637,1244.0,805.0,0.2730898653298568,0.7883655137385233,15.646896711196819,29.52311993968347,0.2730898653298568,False,15.646896711196819,0.7883655137385226,False,45.170016650880264
768,12.798719160104987,1092,628,1273.0,783.0,0.3130200844793375,0.8626252207714327,17.934729743494522,31.49005470824944,0.3130200844793376,False,17.93472974349453,0.8626252207714327,False,49.42478445174397
769,12.815384159011373,1107,620,1299.0,762.0,0.348771003583907,0.9339952852466475,19.98310652189998,33.53088140785036,0.3487710035839071,False,19.983106521899987,0.9339952852466471,False,53.51398792975032
770,12.83204915791776,1120,612,1319.0,742.0,0.38090541938966804,0.9921283412617993,21.82427292468857,35.02049376492757,0.38090541938966815,False,21.82427292468858,0.9921283412618003,False,56.8447666896162
771,12.848714156824146,1130,605,1335.0,725.0,0.4065943953095567,1.0412067280128203,23.296142824911396,36.360608290849044,0.40659439530955677,False,23.2961428249114,1.0412067280128205,False,59.65675111576044
772,12.865379155730533,1138,600,1347.0,713.0,0.42680686532226175,1.0751445832603679,24.45423205017413,37.14701493699668,0.42680686532226186,False,24.454232050174138,1.0751445832603679,False,61.60124698717082
773,12.88204415463692,1143,596,1356.0,701.0,0.4403055457456228,1.1127983751976749,25.227649467428588,38.53100088041365,0.44030554574562286,False,25.22764946742859,1.1127983751976753,False,63.75865034784226
774,12.898709153543306,1146,593,1361.0,695.0,0.4490145071994652,1.1278224636741518,25.726636202675873,38.892831005899644,0.4490145071994651,False,25.72663620267587,1.1278224636741516,False,64.61946720857549
775,12.915374152449694,1147,593,1362.0,693.0,0.4509777216911605,1.1354430516425942,25.839120107328934,39.21697462924648,0.45097772169116057,False,25.839120107328938,1.1354430516425946,False,65.05609473657545
776,12.932039151356081,1145,594,1360.0,693.0,0.44610554894340365,1.1392737678712728,25.559965171823812,39.71561343716717,0.4461055489434038,False,25.55996517182382,1.1392737678712734,False,65.27557860899101
777,12.948704150262467,1141,597,1355.0,700.0,0.43544497200225857,1.1222134914245323,24.949159105921712,39.3489376653446,0.4354449720022586,False,24.949159105921716,1.1222134914245316,False,64.29809677126626
778,12.965369149168854,1134,602,1346.0,709.0,0.4171244620068977,1.1033822572620609,23.899471204660294,39.319675326073835,0.4171244620068979,False,23.899471204660305,1.1033822572620604,False,63.219146530734086
779,12.98203414807524,1125,608,1333.0,722.0,0.3941273295549706,1.0694307653272264,22.58183257426153,38.692036760434135,0.39412732955497054,False,22.581832574261526,1.0694307653272261,False,61.27386933469563
780,12.998699146981627,1114,616,1317.0,739.0,0.3657898580756646,1.026041593568053,20.958215056424955,37.82963785990184,0.36578985807566466,False,20.958215056424958,1.0260415935680527,False,58.78785291632677
781,13.015364145888014,1101,624,1296.0,759.0,0.3338630171966823,0.9652516631899266,19.12894182087352,36.1759046478925,0.3338630171966823,False,19.12894182087352,0.9652516631899264,False,55.30484646876602
782,13.0320291447944,1085,632,1270.0,780.0,0.29632096365471494,0.8960553845713439,16.977940598664627,34.362251147245274,0.29632096365471483,False,16.97794059866462,0.8960553845713441,False,51.34019174590992
783,13.048694143700788,1066,640,1239.0,803.0,0.253145913889412,0.8151512854161134,14.504192466845474,32.2005358521618,0.2531459138894121,False,14.50419246684548,0.815151285416114,False,46.70472831900731
784,13.065359142607173,1046,648,1203.0,827.0,0.20846521837998772,0.7200153013186058,11.944177188446332,29.309660761950052,0.20846521837998777,False,11.944177188446336,0.7200153013186057,False,41.25383795039637
785,13.08202414151356,1025,655,1162.0,849.0,0.1627579715867962,0.6148652991472469,9.325344854033592,25.903841756152463,0.1627579715867964,False,9.325344854033604,0.6148652991472474,False,35.22918661018609
786,13.098689140419948,1002,661,1114.0,871.0,0.11385064097536178,0.4899573262537283,6.523161222747424,21.549325713105535,0.1138506409753619,False,6.523161222747431,0.48995732625372845,False,28.072486935852968
787,13.115354139326334,979,665,1062.0,888.0,0.065883888530222,0.35631125565237476,3.7748687506920935,16.640262391195886,0.0658838885302222,False,3.7748687506921046,0.35631125565237554,False,20.415131141888015
788,13.132019138232721,954,668,1007.0,900.0,0.014343278601612561,0.22459412721667524,0.821809328252705,12.04648626468707,0.014343278601612663,False,0.8218093282527109,0.22459412721667604,False,12.868295592939832
789,13.148684137139107,930,669,948.0,907.0,-0.03475083081315579,0.07548654493392346,-1.9910759401670013,6.316136374905469,-0.034750830813155886,False,-1.9910759401670068,0.07548654493392348,False,4.325060434738461
790,13.165349136045494,905,668,889.0,907.0,-0.08585400922840776,-0.06684586440739673,-4.919072383064986,1.0890864746173894,-0.08585400922840769,False,-4.919072383064982,-0.06684586440739793,False,-3.829985908447669
791,13.182014134951881,881,666,832.0,900.0,-0.1349767498539234,-0.20641910492155582,-7.7335980990228625,-4.093345423850407,-0.13497674985392338,False,-7.733598099022861,-0.20641910492155624,False,-11.826943522873293
792,13.198679133858267,857,662,776.0,887.0,-0.184596258831836,-0.34555558058171215,-10.576586544968752,-9.22228980955618,-0.18459625883183595,False,-10.576586544968748,-0.34555558058171343,False,-19.798876354525003
793,13.215344132764654,834,656,726.0,871.0,-0.23308036494475518,-0.4655063429197079,-13.354521198703456,-13.317027587165416,-0.23308036494475504,False,-13.354521198703447,-0.46550634291970816,False,-26.67154878586889
794,13.23200913167104,811,649,680.0,849.0,-0.2822377539774027,-0.5798821323938134,-16.171032122156838,-17.053766679055105,-0.2822377539774026,False,-16.17103212215683,-0.5798821323938128,False,-33.22479880121191
795,13.248674130577427,790,641,639.0,827.0,-0.3282439696248676,-0.6819116146255717,-18.806994110125306,-20.263663408871416,-0.32824396962486757,False,-18.806994110125302,-0.6819116146255713,False,-39.0706575189967
796,13.265339129483815,770,632,604.0,805.0,-0.37323795117176717,-0.76475212986323,-21.384959356252157,-22.43211005855157,-0.37323795117176717,False,-21.384959356252157,-0.7647521298632292,False,-43.817069414803676
797,13.2820041283902,753,623,573.0,783.0,-0.412765639309184,-0.844153986113171,-23.649729060435472,-24.71673160299433,-0.4127656393091841,False,-23.649729060435476,-0.8441539861131702,False,-48.366460663429756
798,13.298669127296588,736,613,547.0,761.0,-0.45343440795227974,-0.9064648979653952,-25.97987786167884,-25.956735068495107,-0.45343440795227963,False,-25.979877861678837,-0.906464897965396,False,-51.93661293017399
799,13.315334126202975,722,604,528.0,744.0,-0.4878739959344689,-0.9456877925619732,-27.953120901227752,-26.23079834961659,-0.4878739959344687,False,-27.953120901227738,-0.9456877925619729,False,-54.18391925084433
800,13.33199912510936,710,595,510.0,727.0,-0.5188865762300302,-0.9874233198010407,-29.730010863973995,-26.8451779534222,-0.5188865762300301,False,-29.730010863973988,-0.9874233198010405,False,-56.57518881739619
801,13.348664124015748,701,588,497.0,714.0,-0.5425793241259905,-1.017502001472604,-31.08750532347998,-27.211065007014295,-0.5425793241259904,False,-31.087505323479974,-1.0175020014726037,False,-58.298570330494265
802,13.365329122922134,694,582,487.0,704.0,-0.5617236077889292,-1.0382281998082825,-32.184391979167614,-27.301702041312115,-0.5617236077889292,False,-32.184391979167614,-1.038228199808282,False,-59.48609402047971
803,13.381994121828521,690,578,481.0,696.0,-0.573366646357394,-1.0568181251971787,-32.851488949848694,-27.699729336877894,-0.5733666463573939,False,-32.85148894984869,-1.0568181251971787,False,-60.55121828672658
804,13.398659120734909,688,576,478.0,693.0,-0.5792103330446924,-1.0624857017840694,-33.18630753382767,-27.68963897139491,-0.5792103330446925,False,-33.18630753382768,-1.0624857017840696,False,-60.87594650522259
805,13.415324119641294,688,577,478.0,693.0,-0.5780555939985287,-1.066126967422197,-33.120145860043536,-27.964429798329757,-0.5780555939985286,False,-33.12014586004353,-1.0661269674221963,False,-61.08457565837326
806,13.431989118547682,690,579,482.0,697.0,-0.5722236677267228,-1.054762235697031,-32.78600109823759,-27.647423396985257,-0.572223667726723,False,-32.7860010982376,-1.05476223569703,False,-60.4334244952228
807,13.448654117454067,695,583,488.0,704.0,-0.5588223305048964,-1.041821248170739,-32.01816103559536,-27.673799491639524,-0.5588223305048965,False,-32.01816103559537,-1.0418212481707378,False,-59.69196052723482
808,13.465319116360455,702,588,499.0,717.0,-0.5407798606153458,-1.004704864286966,-30.984403658932244,-26.580944720975047,-0.5407798606153458,False,-30.984403658932244,-1.0047048642869658,False,-57.56534837990729
809,13.481984115266842,711,596,513.0,731.0,-0.5160340910978656,-0.9723774333163594,-29.566575504777145,-26.1465475180139,-0.5160340910978656,False,-29.566575504777145,-0.9723774333163604,False,-55.713123022791095
810,13.498649114173228,723,604,531.0,748.0,-0.4860319293400963,-0.9272952180016122,-27.847578259788165,-25.282524094367805,-0.4860319293400961,False,-27.847578259788154,-0.9272952180016123,False,-53.13010235415599
811,13.515314113079615,737,613,554.0,768.0,-0.4515664124201071,-0.8680496793602973,-25.872849601536053,-23.862733433493354,-0.4515664124201071,False,-25.872849601536053,-0.868049679360297,False,-49.735583035029386
812,13.531979111986,753,623,581.0,789.0,-0.412765639309184,-0.8031477784539459,-23.649729060435472,-22.36724897028372,-0.4127656393091841,False,-23.649729060435476,-0.8031477784539458,False,-46.016978030719166
813,13.548644110892388,771,633,613.0,811.0,-0.3705716638501821,-0.7259445040887914,-21.232192345756093,-20.36136389924919,-0.3705716638501819,False,-21.232192345756083,-0.7259445040887904,False,-41.593556245005225
814,13.565309109798775,792,642,649.0,833.0,-0.3236973397373469,-0.6426628860222918,-18.54649140656233,-18.27537961221205,-0.3236973397373468,False,-18.546491406562325,-0.6426628860222916,False,-36.821871018774374
815,13.581974108705161,814,650,690.0,854.0,-0.2757687307758654,-0.5461665634337878,-15.800384395136543,-15.49265460078364,-0.2757687307758654,False,-15.800384395136543,-0.546166563433788,False,-31.293038995920206
816,13.598639107611548,838,657,736.0,873.0,-0.22465424349866842,-0.4411794804149806,-12.871740002178013,-12.405982233374937,-0.22465424349866847,False,-12.871740002178017,-0.4411794804149807,False,-25.277722235552954
817,13.615304106517934,862,663,786.0,889.0,-0.174199720895512,-0.3244030680696465,-9.980908799669734,-8.606017861816175,-0.17419972089551194,False,-9.980908799669733,-0.32440306806964614,False,-18.586926661485883
818,13.631969105424321,887,666,839.0,902.0,-0.12283523887789499,-0.20065287731988662,-7.037940763184669,-4.458622254401118,-0.12283523887789505,False,-7.037940763184673,-0.2006528773198859,False,-11.49656301758574
819,13.648634104330709,912,668,894.0,906.0,-0.07159871277472526,-0.07548654493392346,-4.10230406056117,-0.22275637417729027,-0.07159871277472529,False,-4.102304060561171,-0.07548654493392348,False,-4.325060434738461
820,13.665299103237095,936,669,950.0,907.0,-0.0224910943897394,0.058755822715722696,-1.2886447851624314,4.6551054485922245,-0.02249109438973962,False,-1.288644785162444,0.05875582271572277,False,3.3664606634298058
821,13.681964102143482,961,667,1005.0,902.0,0.028739518086668615,0.18509101269405182,1.6466530916060065,8.958280761565518,0.028739518086668525,False,1.6466530916060014,0.18509101269405193,False,10.60493385317152
822,13.69862910104987,984,664,1056.0,892.0,0.07629788277312519,0.30587887140485215,4.371546668683982,13.154021705038891,0.0762978827731251,False,4.371546668683978,0.30587887140485215,False,17.52556837372287
823,13.715294099956255,1007,660,1105.0,877.0,0.12435499454676144,0.4241944079037666,7.125016348901798,17.179532917034912,0.12435499454676124,False,7.125016348901787,0.42419440790376584,False,24.30454926593667
824,13.731959098862642,1028,654,1151.0,859.0,0.1692512185006272,0.5404195002705842,9.697380497532455,21.266376034541075,0.1692512185006274,False,9.697380497532468,0.540419500270584,False,30.963756532073518
825,13.748624097769028,1048,648,1190.0,839.0,0.21255212139290788,0.6392994528464125,12.178339482365958,24.45082101075625,0.2125521213929078,False,12.178339482365955,0.6392994528464122,False,36.6291604931222
826,13.765289096675415,1065,641,1225.0,819.0,0.2505851283396235,0.7321939838539574,14.357470262604505,27.594154797097207,0.25058512833962343,False,14.357470262604501,0.7321939838539571,False,41.95162505970168
827,13.781954095581803,1082,634,1256.0,797.0,0.2890301056113928,0.818027528124244,16.56020520375326,30.309319683285153,0.28903010561139286,False,16.560205203753263,0.8180275281242437,False,46.869524887038416
828,13.798619094488188,1096,626,1280.0,777.0,0.3224230492515516,0.8835888388388599,18.47347993985258,32.15243135047917,0.3224230492515514,False,18.47347993985257,0.8835888388388611,False,50.625911290331814
829,13.815284093394576,1108,620,1301.0,759.0,0.35077683605065785,0.9466367923122314,20.09803225665512,34.140260674638014,0.3507768360506578,False,20.098032256655117,0.9466367923122316,False,54.238292931293124
830,13.831949092300961,1118,614,1318.0,743.0,0.3753312640767964,0.9979440791220989,21.504897350910603,35.673086572855155,0.3753312640767965,False,21.50489735091061,0.9979440791220995,False,57.177983923765794
831,13.848614091207349,1125,609,1330.0,730.0,0.3933005610156437,1.0375813128240183,22.534462226323903,36.91456790013556,0.3933005610156437,False,22.534462226323903,1.0375813128240186,False,59.44903012645946
832,13.865279090113736,1130,605,1339.0,720.0,0.4065943953095567,1.0677694611399913,23.296142824911396,37.882540791368264,0.40659439530955677,False,23.2961428249114,1.0677694611399922,False,61.17868361627971
833,13.881944089020122,1133,603,1343.0,714.0,0.41426917551628906,1.0845536937073916,23.7358753394477,38.40447396531003,0.41426917551628906,False,23.7358753394477,1.0845536937073916,False,62.14034930475773
834,13.89860908792651,1133,603,1345.0,711.0,0.41426917551628906,1.0996300624817865,23.7358753394477,39.268286266465694,0.41426917551628906,False,23.7358753394477,1.0996300624817863,False,63.00416160591337
835,13.915274086832895,1132,604,1343.0,713.0,0.4114202203589628,1.0939668071559656,23.572642232910876,39.10703874452798,0.41142022035896275,False,23.572642232910873,1.0939668071559652,False,62.67968097743883
836,13.931939085739282,1128,606,1338.0,718.0,0.40177122903843776,1.0808390005411683,23.019795753686427,38.90771731046061,0.40177122903843765,False,23.01979575368642,1.080839000541168,False,61.927513064147035
837,13.94860408464567,1122,610,1329.0,727.0,0.38650630511392003,1.0563450137358688,22.145180038223284,38.378930958530965,0.38650630511392015,False,22.14518003822329,1.0563450137358679,False,60.5241109967542
838,13.965269083552055,1114,616,1316.0,739.0,0.3657898580756646,1.0238504507310606,20.958215056424955,37.704094623031835,0.36578985807566466,False,20.958215056424958,1.0238504507310608,False,58.66230967945682
839,13.981934082458443,1103,622,1300.0,755.0,0.3392926144540447,0.9769594837265746,19.44003482817619,36.53562034463636,0.33929261445404446,False,19.44003482817618,0.9769594837265743,False,55.97565517281254
840,13.998599081364828,1090,629,1279.0,773.0,0.3083285416565511,0.9197196053504169,17.66592414034397,35.03012758167259,0.3083285416565511,False,17.66592414034397,0.9197196053504157,False,52.69605172201651
841,14.015264080271216,1075,637,1254.0,793.0,0.2730898653298568,0.8539473071493137,15.646896711196819,33.28067991502065,0.2730898653298568,False,15.646896711196819,0.8539473071493138,False,48.92757662621747
842,14.031929079177603,1058,644,1224.0,814.0,0.23481124532343164,0.7734939638391385,13.453693339243623,30.864246267583738,0.23481124532343145,False,13.45369333924361,0.7734939638391385,False,44.31793960682735
843,14.048594078083989,1039,651,1188.0,835.0,0.19290028976164814,0.6806775479424769,11.052372470193083,27.947578236224587,0.1929002897616483,False,11.052372470193093,0.6806775479424765,False,38.99995070641766
844,14.065259076990376,1018,657,1148.0,856.0,0.1477620899927876,0.5786679855330974,8.466144128618986,24.68908918176486,0.14776208999278762,False,8.466144128618987,0.5786679855330981,False,33.1552333103839
845,14.081924075896763,997,662,1103.0,875.0,0.10336473422294937,0.46176791196650896,5.922363021466461,20.534989448783037,0.10336473422294956,False,5.922363021466473,0.4617679119665077,False,26.457352470249432
846,14.098589074803149,975,666,1053.0,890.0,0.05754955068319047,0.33508309769078787,3.2973463670210372,15.901500916830972,0.057549550683190454,False,3.2973463670210363,0.3350830976907879,False,19.19884728385201
847,14.115254073709536,951,668,1000.0,902.0,0.008196537749912585,0.20641910492155582,0.4696270196896474,11.357316503183627,0.00819653774991247,False,0.4696270196896407,0.20641910492155624,False,11.826943522873293
848,14.131919072615922,928,669,946.0,907.0,-0.038835270437665124,0.07548654493392346,-2.225097092327385,6.550157527065832,-0.038835270437665326,False,-2.2250970923273967,0.07548654493392348,False,4.325060434738461
849,14.14858407152231,905,668,890.0,906.0,-0.08585400922840776,-0.0629419593073733,-4.919072383064986,1.312763760468313,-0.08585400922840769,False,-4.919072383064982,-0.06294195930737345,False,-3.606308622596669
850,14.165249070428697,882,666,835.0,901.0,-0.1329558449431068,-0.19739555984988075,-7.617808776835809,-3.6921236971844023,-0.13295584494310697,False,-7.617808776835818,-0.19739555984988044,False,-11.309932474020195
851,14.181914069335082,859,662,784.0,889.0,-0.18058369316398068,-0.31910505792279287,-10.346683467181549,-7.936689573072166,-0.18058369316398082,False,-10.346683467181556,-0.3191050579227941,False,-18.283373040253775
852,14.19857906824147,837,657,734.0,874.0,-0.22664573214633954,-0.44316630201901835,-12.985843896637785,-12.405714831471943,-0.22664573214633954,False,-12.985843896637785,-0.4431663020190193,False,-25.39155872810978
853,14.215244067147855,816,651,690.0,856.0,-0.2712753294681809,-0.5511104685611261,-15.542931464547657,-16.033372429482124,-0.2712753294681809,False,-15.542931464547657,-0.5511104685611272,False,-31.57630389402983
854,14.231909066054243,796,644,651.0,836.0,-0.31462170562309005,-0.6468261173211981,-18.02649587541046,-19.03391072592802,-0.31462170562309,False,-18.026495875410458,-0.6468261173211971,False,-37.06040660133843
855,14.24857406496063,777,636,617.0,815.0,-0.35684667072064447,-0.729409542196857,-20.445808165587536,-21.34628013886189,-0.35684667072064435,False,-20.44580816558753,-0.7294095421968567,False,-41.79208830444942
856,14.265239063867016,760,627,588.0,795.0,-0.3962199169494225,-0.7971623265472071,-22.7017290002259,-22.972307897758615,-0.3962199169494225,False,-22.7017290002259,-0.7971623265472072,False,-45.674036897984514
857,14.281904062773403,745,618,563.0,775.0,-0.4321181723350779,-0.8590112204084543,-24.75854752570673,-24.459169958079837,-0.43211817233507777,False,-24.758547525706724,-0.8590112204084548,False,-49.217717483786586
858,14.298569061679789,731,610,542.0,758.0,-0.4655063429197079,-0.9064648979653952,-26.671548785868872,-25.26506414430508,-0.4655063429197077,False,-26.671548785868865,-0.906464897965396,False,-51.93661293017399
859,14.315234060586176,720,603,526.0,744.0,-0.4925305346412016,-0.9423066007622575,-28.219920916262843,-25.770270314733544,-0.49253053464120145,False,-28.219920916262833,-0.942306600762258,False,-53.99019123099643
860,14.331899059492564,711,596,513.0,733.0,-0.5160340910978656,-0.9655143372054246,-29.566575504777145,-25.753321076464687,-0.5160340910978656,False,-29.566575504777145,-0.9655143372054233,False,-55.31989658124175
861,14.34856405839895,705,591,504.0,723.0,-0.5321492824984062,-0.9897140279975696,-30.48990795807364,-26.21652877107969,-0.5321492824984064,False,-30.48990795807365,-0.9897140279975698,False,-56.706436729153346
862,14.365229057305337,700,588,498.0,717.0,-0.544374891365336,-1.0024671106367216,-31.190383748126433,-26.246750792031875,-0.5443748913653361,False,-31.19038374812644,-1.0024671106367222,False,-57.43713454015834
863,14.381894056211722,698,586,496.0,714.0,-0.5501419162829287,-1.005991417351594,-31.52080993625128,-26.118252504378837,-0.5501419162829286,False,-31.520809936251272,-1.005991417351595,False,-57.63906244063016
864,14.39855905511811,698,586,496.0,714.0,-0.5501419162829287,-1.005991417351594,-31.52080993625128,-26.118252504378837,-0.5501419162829286,False,-31.520809936251272,-1.005991417351595,False,-57.63906244063016
865,14.415224054024497,701,588,499.0,718.0,-0.5425793241259905,-0.9989585968779365,-31.08750532347998,-26.14860618593636,-0.5425793241259904,False,-31.087505323479974,-0.9989585968779373,False,-57.23611150941638
866,14.431889052930883,706,592,507.0,726.0,-0.5292809023727604,-0.9781694787520191,-30.32556188283493,-25.71942089816742,-0.5292809023727605,False,-30.325561882834936,-0.9781694787520188,False,-56.04498278100233
867,14.44855405183727,713,597,518.0,736.0,-0.5113641701710316,-0.9515177142934359,-29.299008745009736,-25.218940415939038,-0.5113641701710314,False,-29.299008745009726,-0.9515177142934359,False,-54.51794916094877
868,14.465219050743658,722,604,532.0,751.0,-0.4878739959344689,-0.9123088296345804,-27.953120901227752,-24.318324649353343,-0.4878739959344687,False,-27.953120901227738,-0.9123088296345792,False,-52.271445550581035
869,14.481884049650043,733,612,551.0,767.0,-0.45993705089104003,-0.8653460875452751,-26.352451857750353,-23.22822677675215,-0.45993705089103987,False,-26.352451857750342,-0.8653460875452748,False,-49.5806786345025
870,14.49854904855643,747,620,573.0,784.0,-0.4266274931268761,-0.8149753344026918,-24.443954780416536,-22.250692288120625,-0.4266274931268761,False,-24.443954780416536,-0.8149753344026927,False,-46.694647068537215
871,14.515214047462816,763,629,600.0,803.0,-0.3889256194331358,-0.7527687986706527,-22.283796538029915,-20.846678574931666,-0.38892561943313586,False,-22.283796538029918,-0.7527687986706528,False,-43.130475112961584
872,14.531879046369204,781,638,631.0,823.0,-0.3477187416081986,-0.681298225287849,-19.92281635174979,-19.112696546997093,-0.3477187416081984,False,-19.922816351749777,-0.6812982252878488,False,-39.03551289874687
873,14.548544045275591,801,646,666.0,843.0,-0.3036178269537087,-0.6007777505596751,-17.396020069380878,-17.026009463051846,-0.30361782695370865,False,-17.396020069380874,-0.6007777505596756,False,-34.422029532432745
874,14.565209044181977,822,653,706.0,862.0,-0.2583640808046435,-0.5066921655280692,-14.80317140788304,-14.228151189219414,-0.2583640808046437,False,-14.803171407883049,-0.5066921655280687,False,-29.031322597102438
875,14.581874043088364,845,659,751.0,878.0,-0.20980981995152856,-0.4054427504166607,-12.02121718362228,-11.208941249428387,-0.20980981995152836,False,-12.02121718362227,-0.4054427504166611,False,-23.230158433050683
876,14.59853904199475,868,664,798.0,892.0,-0.16179636010323983,-0.29788240885294875,-9.270248574494499,-7.797156243969892,-0.16179636010323994,False,-9.270248574494506,-0.29788240885294925,False,-17.06740481846442
877,14.615204040901137,891,667,847.0,901.0,-0.11448689382322222,-0.18586394582193286,-6.559615825633006,-4.08960383361194,-0.11448689382322241,False,-6.559615825633018,-0.18586394582193222,False,-10.649219659244906
878,14.631869039807524,915,669,900.0,907.0,-0.06534650020549478,-0.0629419593073733,-3.7440786677256175,0.13777004512894434,-0.0653465002054947,False,-3.7440786677256135,-0.06294195930737345,False,-3.606308622596669
879,14.64853403871391,939,669,952.0,907.0,-0.016358458874160525,0.05456762350389413,-0.9372706528277263,4.063765177659732,-0.01635845887416032,False,-0.9372706528277146,0.054567623503894325,False,3.126494524832018
880,14.665199037620297,961,667,1003.0,902.0,0.028739518086668615,0.1768561314739792,1.6466530916060065,8.486456822863808,0.028739518086668525,False,1.6466530916060014,0.17685613147397916,False,10.13310991446981
881,14.681864036526683,983,664,1054.0,894.0,0.07424345165158135,0.29941524165349015,4.253836436119192,12.90139323251544,0.07424345165158153,False,4.253836436119203,0.29941524165348987,False,17.155229668634618
882,14.69852903543307,1004,660,1099.0,879.0,0.11819648888042926,0.40929219792623106,6.772159966113561,16.678555562692633,0.11819648888042922,False,6.772159966113559,0.4092921979262307,False,23.450715528806164
883,14.715194034339458,1024,655,1142.0,864.0,0.16070729903360897,0.5139782015977179,9.207849971572648,20.240931741700777,0.16070729903360892,False,9.207849971572644,0.5139782015977179,False,29.448781713273423
884,14.731859033245843,1043,650,1180.0,845.0,0.201483844513154,0.612444766409215,11.544173930673832,23.54632636944976,0.20148384451315415,False,11.544173930673843,0.6124447664092152,False,35.0905003001236
885,14.74852403215223,1059,643,1213.0,826.0,0.23734133708046892,0.6995562260692778,13.598656918702698,26.482962367166632,0.23734133708046912,False,13.598656918702709,0.6995562260692783,False,40.08161928586934
886,14.765189031058616,1074,637,1242.0,807.0,0.2710597044176164,0.779481072691421,15.530577059193016,29.130398616355535,0.2710597044176164,False,15.530577059193016,0.7794810726914214,False,44.66097567554858
887,14.781854029965004,1087,631,1266.0,788.0,0.30098997423059587,0.8507810254762908,17.24545519916455,31.50070685043907,0.3009899742305957,False,17.245455199164542,0.8507810254762909,False,48.74616204960363
888,14.798519028871391,1098,625,1286.0,771.0,0.32713408246765074,0.9104900774865703,18.743402260281005,33.423836468238775,0.3271340824676505,False,18.743402260280995,0.9104900774865712,False,52.16723872851982
889,14.815184027777777,1107,620,1302.0,757.0,0.348771003583907,0.9583515603856817,19.98310652189998,34.926393177976436,0.3487710035839071,False,19.983106521899987,0.9583515603856814,False,54.9094996998764
890,14.831849026684164,1114,616,1314.0,745.0,0.3657898580756646,0.9979440791220989,20.958215056424955,36.21976886734081,0.36578985807566466,False,20.958215056424958,0.9979440791220995,False,57.177983923765794
891,14.848514025590552,1118,613,1321.0,737.0,0.3761186908698397,1.0224462069244327,21.550013582827503,37.031838853102144,0.3761186908698395,False,21.550013582827493,1.0224462069244318,False,58.58185243592959
892,14.865179024496937,1120,611,1326.0,733.0,0.38170589672897925,1.0361074228188574,21.870136897826967,37.49444555187026,0.38170589672897925,False,21.870136897826967,1.0361074228188585,False,59.364582449697274
893,14.881844023403325,1121,611,1327.0,731.0,0.3837025308314694,1.0433257430294363,21.98453560513154,37.79362612780581,0.38370253083146943,False,21.984535605131544,1.0433257430294365,False,59.77816173293738
894,14.89850902230971,1119,612,1324.0,733.0,0.3789089343817066,1.0375813128240183,21.70988275987124,37.73914736658822,0.3789089343817067,False,21.709882759871245,1.0375813128240186,False,59.44903012645946
895,14.915174021216098,1115,615,1318.0,739.0,0.36855951422463473,1.0224462069244327,21.116904664463398,37.46494777146624,0.36855951422463473,False,21.116904664463398,1.0224462069244318,False,58.58185243592959
896,14.931839020122485,1109,619,1309.0,747.0,0.35351809226341496,1.0014831356942346,20.255094668210116,37.125662260597075,0.3535180922634149,False,20.255094668210113,1.0014831356942349,False,57.38075692880719
897,14.94850401902887,1100,624,1295.0,759.0,0.3318512209819641,0.9652516631899266,19.013674388529775,36.29117208023627,0.3318512209819642,False,19.01367438852978,0.9652516631899264,False,55.30484646876602
898,14.965169017935258,1089,630,1278.0,775.0,0.3056661507103368,0.9163804541418898,17.51338037571205,34.991352074899915,0.30566615071033665,False,17.51338037571204,0.9163804541418905,False,52.504732450612
899,14.981834016841644,1076,636,1256.0,791.0,0.27569096927055936,0.85988695361133,15.795928989073923,33.4719643112169,0.27569096927055936,False,15.795928989073923,0.8598869536113298,False,49.2678933002908
900,14.998499015748031,1062,642,1231.0,809.0,0.24395981477843556,0.79135047405204,13.977867757597647,31.36317452126122,0.24395981477843565,False,13.977867757597652,0.7913504740520398,False,45.34104227885885
901,15.015164014654419,1045,649,1200.0,829.0,0.20599133667583147,0.7109093731835666,11.802434207783548,28.929672491925636,0.20599133667583125,False,11.802434207783536,0.7109093731835667,False,40.7321066997092
902,15.031829013560804,1027,655,1165.0,849.0,0.1668551603997891,0.6182963634663426,9.560096480886301,25.865675634021887,0.16685516039978898,False,9.560096480886294,0.6182963634663423,False,35.425772114908156
903,15.048494012467192,1007,660,1125.0,866.0,0.12435499454676144,0.5201910459456235,7.125016348901798,22.679735124278327,0.12435499454676124,False,7.125016348901787,0.5201910459456229,False,29.804751473180087
904,15.065159011373577,987,664,1080.0,882.0,0.08245723746706603,0.40322973795400596,4.724451697170886,18.37891046175979,0.08245723746706624,False,4.724451697170898,0.40322973795400685,False,23.10336215893074
905,15.081824010279965,965,667,1033.0,896.0,0.036944168429707554,0.28865006568130397,2.1167449286427007,14.421685591070023,0.0369441684297076,False,2.1167449286427034,0.2886500656813027,False,16.538430519712648
906,15.098489009186352,944,669,982.0,904.0,-0.006134892357875912,0.1603144609293133,-0.35150343987335203,9.536845446037946,-0.0061348923578758985,False,-0.3515034398733512,0.1603144609293139,False,9.18534200616462
907,15.115154008092738,921,669,930.0,908.0,-0.05311971498863897,0.03763911919938858,-3.0435354777868326,5.2000981525016305,-0.0531197149886391,False,-3.04353547778684,0.03763911919938856,False,2.1565626747147904
908,15.131819006999125,899,668,878.0,906.0,-0.09804527729383924,-0.08800737352774077,-5.61758059012683,0.5751295209559171,-0.09804527729383938,False,-5.617580590126838,-0.08800737352774135,False,-5.042451069170946
909,15.148484005905512,877,666,827.0,899.0,-0.14304912782717744,-0.21138641644999373,-8.196111287524687,-3.915438221454758,-0.14304912782717727,False,-8.196111287524678,-0.21138641644999367,False,-12.111549508979436
910,15.165149004811898,856,662,778.0,888.0,-0.1866002974937643,-0.3323321700177181,-10.691409502278288,-8.349821236161064,-0.18660029749376417,False,-10.69140950227828,-0.3323321700177182,False,-19.04123073843937
911,15.181814003718285,835,657,733.0,874.0,-0.23062321368314148,-0.43939863167953086,-13.213736801787745,-11.961950317272715,-0.23062321368314143,False,-13.213736801787741,-0.43939863167953064,False,-25.175687119060456
912,15.198479002624671,815,651,692.0,857.0,-0.27324494215625866,-0.5382751147083189,-15.65578195884993,-15.185110330856997,-0.27324494215625883,False,-15.65578195884994,-0.5382751147083198,False,-30.840892289706986
913,15.215144001531058,797,645,655.0,839.0,-0.3120421215625333,-0.6318543808578923,-17.87869659584134,-18.32389269416761,-0.3120421215625333,False,-17.87869659584134,-0.6318543808578916,False,-36.2025892900089
914,15.231809000437446,779,637,624.0,821.0,-0.35228037678890156,-0.7000602057283913,-20.184178795282467,-19.92631639801448,-0.3522803767889018,False,-20.18417879528248,-0.7000602057283913,False,-40.11049519329696
915,15.248473999343831,763,630,596.0,802.0,-0.3881456479076658,-0.7706499702428534,-22.239107461480103,-21.915883315317892,-0.3881456479076659,False,-22.23910746148011,-0.7706499702428538,False,-44.154990776798
916,15.265138998250219,749,622,573.0,785.0,-0.4211593316337792,-0.8237274646460384,-24.130652205166133,-23.06545498806359,-0.4211593316337794,False,-24.13065220516614,-0.8237274646460389,False,-47.19610719322976
917,15.281803997156604,737,615,554.0,771.0,-0.449759613069839,-0.8648764080056549,-25.769327624338715,-23.784440354819928,-0.44975961306983914,False,-25.76932762433872,-0.8648764080056548,False,-49.55376797915862
918,15.298468996062992,727,608,539.0,757.0,-0.4747995630264205,-0.9006126446884143,-27.204011076069623,-24.397292440691718,-0.47479956302642057,False,-27.204011076069627,-0.9006126446884153,False,-51.60130351676139
919,15.31513399496938,719,603,528.0,748.0,-0.4943642018753546,-0.9214570858323191,-28.324982309811237,-24.470619710804694,-0.4943642018753547,False,-28.32498230981124,-0.9214570858323192,False,-52.79560202061594
920,15.331798993875765,713,598,519.0,741.0,-0.5103426130441365,-0.9355937826862817,-29.240477833107136,-24.36509725349671,-0.5103426130441364,False,-29.240477833107132,-0.9355937826862828,False,-53.60557508660391
921,15.348463992782152,709,596,514.0,735.0,-0.5196637125439854,-0.9515177142934359,-29.77453749486998,-24.7434116660788,-0.5196637125439851,False,-29.774537494869964,-0.9515177142934359,False,-54.51794916094877
922,15.365128991688538,708,595,513.0,734.0,-0.5225131048900308,-0.9515177142934359,-29.93779565047526,-24.580153510473497,-0.5225131048900309,False,-29.937795650475266,-0.9515177142934359,False,-54.51794916094877
923,15.381793990594925,709,596,515.0,735.0,-0.5196637125439854,-0.9490855656709769,-29.77453749486998,-24.60405981486334,-0.5196637125439851,False,-29.774537494869964,-0.9490855656709769,False,-54.37859730973331
924,15.398458989501313,712,598,519.0,740.0,-0.5121622650403085,-0.9364769299249889,-29.344736212670345,-24.31143948340007,-0.5121622650403084,False,-29.34473621267034,-0.9364769299249893,False,-53.656175696070434
925,15.415123988407698,717,602,527.0,748.0,-0.4990146061161204,-0.9156096063618447,-28.591430845836857,-23.8691352803315,-0.49901460611612025,False,-28.591430845836847,-0.9156096063618442,False,-52.460566126168324
926,15.431788987314086,724,607,539.0,759.0,-0.48128737619703266,-0.883009810267973,-27.57573538901509,-23.017000007987352,-0.48128737619703266,False,-27.57573538901509,-0.8830098102679731,False,-50.59273539700244
927,15.448453986220471,734,613,555.0,771.0,-0.45716021159737763,-0.8476322329558251,-26.19335068583741,-22.372398841781173,-0.45716021159737785,False,-26.193350685837423,-0.8476322329558243,False,-48.56574952761854
928,15.465118985126859,746,620,574.0,786.0,-0.42850944129003393,-0.8031477784539459,-24.551782467427877,-21.465195563291292,-0.4285094412900339,False,-24.551782467427877,-0.8031477784539458,False,-46.016978030719166
929,15.481783984033246,760,628,597.0,803.0,-0.39542493359048775,-0.7499101102337746,-22.656179808975807,-20.310504521609815,-0.3954249335904878,False,-22.65617980897581,-0.749910110233774,False,-42.96668433058557
930,15.498448982939632,776,636,624.0,820.0,-0.35877067027057225,-0.690446457054692,-20.556045219583467,-19.003622749411033,-0.3587706702705722,False,-20.556045219583464,-0.6904464570546924,False,-39.55966796899452
931,15.515113981846019,794,644,654.0,838.0,-0.31851431973992383,-0.6251085342329235,-18.24952623557808,-17.56655451357759,-0.31851431973992383,False,-18.24952623557808,-0.6251085342329237,False,-35.81608074915567
932,15.531778980752406,813,651,690.0,856.0,-0.2771776398406147,-0.5404195002705842,-15.881108938264404,-15.082647593809114,-0.2771776398406147,False,-15.881108938264404,-0.540419500270584,False,-30.963756532073518
933,15.548443979658792,834,657,729.0,872.0,-0.23260918022099275,-0.45430208669331623,-13.32752430266083,-12.702067888852625,-0.23260918022099286,False,-13.327524302660837,-0.45430208669331584,False,-26.029592191513434
934,15.56510897856518,855,662,772.0,885.0,-0.18860282082489768,-0.35631125565237476,-10.806145637528708,-9.608985504359252,-0.18860282082489777,False,-10.806145637528713,-0.35631125565237554,False,-20.415131141888015
935,15.581773977471565,877,666,818.0,897.0,-0.14304912782717744,-0.2500650892513549,-8.196111287524687,-6.131562930140182,-0.14304912782717727,False,-8.196111287524678,-0.25006508925135407,False,-14.327674217664836
936,15.598438976377953,900,668,865.0,905.0,-0.09601532999890765,-0.14661956967353545,-5.5012731774932515,-2.8994093588246597,-0.09601532999890772,False,-5.501273177493255,-0.14661956967353618,False,-8.400682536317941
937,15.61510397528434,922,669,915.0,908.0,-0.05108027184485055,-0.02928033234577806,-2.926683993090864,1.2490445269373889,-0.05108027184485042,False,-2.926683993090857,-0.029280332345777538,False,-1.6776394661534424
938,15.631768974190726,944,669,964.0,906.0,-0.006134892357875912,0.08418871753885106,-0.35150343987335203,5.175161637468533,-0.0061348923578758985,False,-0.3515034398733512,0.08418871753885071,False,4.823658197595157
939,15.648433973097113,966,667,1012.0,901.0,0.03899459690463615,0.19410609803032688,2.2342258264495554,8.887234368440808,0.038994596904636136,False,2.2342258264495545,0.19410609803032663,False,11.121460194890338
940,15.665098972003499,986,664,1058.0,892.0,0.08040479267800013,0.30587887140485215,4.6068552730737915,12.91871310064907,0.08040479267800027,False,4.6068552730737995,0.30587887140485215,False,17.52556837372287
941,15.681763970909886,1005,660,1101.0,879.0,0.12025034853771445,0.4131288322784014,6.8898374561881885,16.78070102853227,0.12025034853771466,False,6.8898374561882,0.41312883227840125,False,23.670538484720446
942,15.698428969816273,1024,655,1141.0,863.0,0.16070729903360897,0.5123894603107377,9.207849971572648,20.14990357121863,0.16070729903360892,False,9.207849971572644,0.5123894603107377,False,29.357753542791276
943,15.715093968722659,1040,650,1176.0,847.0,0.1953488987698035,0.604223660410364,11.1926674320381,23.426798191421636,0.19534889876980355,False,11.192667432038103,0.6042236604103639,False,34.61946562345974
944,15.731758967629046,1056,645,1207.0,829.0,0.2302514394825982,0.6872074879560368,13.192435709164766,26.18165300050349,0.2302514394825983,False,13.19243570916477,0.6872074879560373,False,39.374088709668285
945,15.748423966535432,1069,640,1233.0,812.0,0.25924884628266204,0.7615931372123783,14.853864735632376,28.7822077327647,0.2592488462826621,False,14.85386473563238,0.7615931372123779,False,43.63607246839705
946,15.76508896544182,1080,634,1255.0,796.0,0.2849778407937654,0.823954713532103,16.32802753223386,30.881100063066416,0.2849778407937653,False,16.328027532233854,0.8239547135321033,False,47.209127595300295
947,15.781753964348207,1090,629,1274.0,781.0,0.3083285416565511,0.8803498697402047,17.66592414034397,32.774407890661536,0.3083285416565511,False,17.66592414034397,0.8803498697402041,False,50.44033203100548
948,15.798418963254592,1098,625,1287.0,768.0,0.32713408246765074,0.9230758337586088,18.743402260281005,34.144947184606885,0.3271340824676505,False,18.743402260280995,0.9230758337586096,False,52.88834944488793
949,15.81508396216098,1103,622,1298.0,759.0,0.3392926144540447,0.9583515603856817,19.44003482817619,35.46946487170022,0.33929261445404446,False,19.44003482817618,0.9583515603856814,False,54.9094996998764
950,15.831748961067365,1107,620,1305.0,752.0,0.348771003583907,0.982793723247329,19.98310652189998,36.32682595212023,0.3487710035839071,False,19.983106521899987,0.9827937232473296,False,56.30993247402024
951,15.848413959973753,1108,619,1307.0,749.0,0.35151172392782093,0.9921283412617993,20.14013823043189,36.70462845918425,0.35151172392782115,False,20.140138230431905,0.9921283412618003,False,56.8447666896162
952,15.86507895888014,1108,619,1307.0,749.0,0.35151172392782093,0.9921283412617993,20.14013823043189,36.70462845918425,0.35151172392782115,False,20.140138230431905,0.9921283412618003,False,56.8447666896162
953,15.881743957786526,1105,621,1304.0,752.0,0.34402910952502297,0.9886143792812577,19.711416005427765,36.93201549333392,0.34402910952502275,False,19.711416005427754,0.988614379281259,False,56.64343149876176
954,15.898408956692913,1100,624,1295.0,759.0,0.3318512209819641,0.9652516631899266,19.013674388529775,36.29117208023627,0.3318512209819642,False,19.01367438852978,0.9652516631899264,False,55.30484646876602
955,15.9150739555993,1094,627,1284.0,769.0,0.31771831818554874,0.9289815570439169,18.203918706026535,35.02280375808164,0.31771831818554874,False,18.203918706026535,0.928981557043917,False,53.22672246410818
956,15.931738954505686,1085,632,1270.0,781.0,0.29632096365471494,0.8927680854329957,16.977940598664627,34.173902780620935,0.29632096365471483,False,16.97794059866462,0.892768085432996,False,51.15184337928558
957,15.948403953412074,1074,637,1252.0,794.0,0.2710597044176164,0.8480028124546374,15.530577059193016,33.05640510968159,0.2710597044176164,False,15.530577059193016,0.8480028124546379,False,48.586982168874634
958,15.96506895231846,1061,642,1228.0,811.0,0.24192056868440487,0.7794458527428567,13.86102756302115,30.797930158120003,0.2419205686844048,False,13.861027563021146,0.7794458527428567,False,44.65895772114115
959,15.981733951224847,1046,648,1201.0,828.0,0.20846521837998772,0.7109093731835666,11.944177188446332,28.787929511262863,0.20846521837998777,False,11.944177188446336,0.7109093731835667,False,40.7321066997092
960,15.998398950131234,1029,654,1170.0,845.0,0.17130034280816903,0.6359191142360691,9.81478667205227,26.62069468537215,0.17130034280816897,False,9.814786672052266,0.635919114236069,False,36.435481357424415
961,16.01506394903762,1012,658,1134.0,862.0,0.13515426614551856,0.5389764998291462,7.743769033326078,23.137309663617526,0.1351542661455185,False,7.743769033326076,0.5389764998291469,False,30.88107869694365
962,16.031728947944007,993,663,1095.0,878.0,0.09495170634275632,0.4429738631207448,5.440332031005506,19.940200760419007,0.09495170634275629,False,5.4403320310055046,0.44297386312074494,False,25.38053279142451
963,16.048393946850393,973,666,1052.0,891.0,0.05344699228153171,0.33766433024524956,3.0622870854000537,16.28445392976438,0.05344699228153171,False,3.0622870854000537,0.33766433024525,False,19.346741015164458
964,16.06505894575678,953,668,1004.0,901.0,0.012294462478152404,0.21548569150556338,0.7044208113800838,11.641999857346763,0.012294462478152468,False,0.7044208113800875,0.21548569150556318,False,12.346420668726825
965,16.081723944663167,932,669,957.0,907.0,-0.030665230926948613,0.10465821607405422,-1.7569883099082009,7.753462382319747,-0.030665230926948617,False,-1.756988309908201,0.10465821607405346,False,5.996474072411495
966,16.098388943569553,911,669,908.0,908.0,-0.07348706028758759,-0.012551642069567633,-4.210498403302206,3.491342286757131,-0.07348706028758745,False,-4.210498403302198,-0.012551642069567492,False,-0.7191561165450674
967,16.11505394247594,890,667,859.0,904.0,-0.11651301009665092,-0.130063287501013,-6.6757037369032455,-0.7763737065014322,-0.11651301009665094,False,-6.675703736903246,-0.13006328750101304,False,-7.452077443404679
968,16.131718941382328,870,665,812.0,897.0,-0.15744879611045856,-0.24497866312686414,-9.021151506545086,-5.0150919613814,-0.15744879611045848,False,-9.021151506545083,-0.24497866312686511,False,-14.036243467926534
969,16.148383940288713,850,661,767.0,886.0,-0.19899427951100254,-0.35340224941812,-11.401532363227076,-8.84692499886084,-0.19899427951100268,False,-11.401532363227085,-0.3534022494181208,False,-20.248457362087976
970,16.1650489391951,831,656,726.0,872.0,-0.23903813894846918,-0.45247488956206683,-13.695876504409027,-12.22902500314543,-0.23903813894846904,False,-13.695876504409018,-0.45247488956206716,False,-25.924901507554473
971,16.18171393810149,812,651,688.0,857.0,-0.2791407016999942,-0.5418460328264589,-15.993584097729952,-15.051906729133215,-0.27914070169999405,False,-15.993584097729943,-0.5418460328264594,False,-31.045490826863183
972,16.198378937007874,795,645,655.0,839.0,-0.315932908330221,-0.6251085342329235,-18.10162225661519,-17.714458492540455,-0.3159329083302209,False,-18.101622256615187,-0.6251085342329237,False,-35.81608074915567
973,16.21504393591426,779,638,626.0,823.0,-0.3515730978263016,-0.6910049602080149,-20.1436546957871,-19.448013146737555,-0.3515730978263014,False,-20.143654695787088,-0.6910049602080157,False,-39.59166784252469
974,16.23170893482065,765,631,602.0,807.0,-0.3835609686047564,-0.7470688621488583,-21.976424687002414,-20.82746811976787,-0.3835609686047565,False,-21.97642468700242,-0.7470688621488577,False,-42.80389280677024
975,16.248373933727034,752,624,581.0,792.0,-0.41382737299061206,-0.7942474899137061,-23.710561919348187,-21.796467141566584,-0.4138273729906121,False,-23.71056191934819,-0.7942474899137064,False,-45.507029060914796
976,16.26503893263342,742,618,564.0,780.0,-0.4377514566539997,-0.8324222952401945,-25.08131094197818,-22.61297334787792,-0.4377514566539995,False,-25.08131094197817,-0.8324222952401943,False,-47.694284289856085
977,16.281703931539806,733,613,552.0,770.0,-0.4590180124470945,-0.856285106760933,-26.299794833702006,-22.76172784360856,-0.4590180124470944,False,-26.299794833702,-0.8562851067609323,False,-49.061522677310535
978,16.298368930446195,726,608,542.0,762.0,-0.4766459483934953,-0.8739235821214641,-27.309801164957722,-22.76233170755677,-0.4766459483934953,False,-27.309801164957722,-0.8739235821214635,False,-50.072132872514466
979,16.31503392935258,721,605,535.0,756.0,-0.488735281157551,-0.888884712169325,-28.00246890946734,-22.926873571535957,-0.48873528115755116,False,-28.00246890946735,-0.8888847121693253,False,-50.9293424810033
980,16.331698928258966,719,603,532.0,754.0,-0.4943642018753546,-0.8915070078796207,-28.324982309811237,-22.754606648027256,-0.4943642018753547,False,-28.32498230981124,-0.8915070078796212,False,-51.079588957838524
981,16.348363927165355,719,603,532.0,753.0,-0.4943642018753546,-0.894752453712551,-28.324982309811237,-22.940556996892482,-0.4943642018753547,False,-28.32498230981124,-0.8947524537125506,False,-51.2655393067037
982,16.36502892607174,721,605,535.0,756.0,-0.488735281157551,-0.888884712169325,-28.00246890946734,-22.926873571535957,-0.48873528115755116,False,-28.00246890946735,-0.8888847121693253,False,-50.9293424810033
983,16.381693924978126,725,607,542.0,762.0,-0.47944555111816306,-0.8680496793602973,-27.47020658539451,-22.26537644963489,-0.4794455511181632,False,-27.47020658539452,-0.868049679360297,False,-49.735583035029386
984,16.398358923884516,731,611,551.0,770.0,-0.46457525251950665,-0.8472660092618284,-26.618201235592196,-21.926565220002697,-0.4645752525195066,False,-26.618201235592192,-0.847266009261828,False,-48.54476645559487
985,16.4150239227909,739,617,564.0,781.0,-0.44424154267368876,-0.8178351598988528,-25.453165479583223,-21.405337520027867,-0.444241542673689,False,-25.453165479583237,-0.817835159898852,False,-46.858502999611055
986,16.431688921697287,749,623,582.0,793.0,-0.420316814493441,-0.7764963213891687,-24.08237952885732,-20.407582494175994,-0.4203168144934408,False,-24.08237952885731,-0.7764963213891676,False,-44.48996202303326
987,16.448353920603672,762,629,602.0,807.0,-0.39083105803085716,-0.7321939838539574,-22.392970127800673,-19.55865493190102,-0.39083105803085694,False,-22.392970127800663,-0.7321939838539571,False,-41.95162505970168
988,16.46501891951006,776,636,626.0,822.0,-0.35877067027057225,-0.6786624907483126,-20.556045219583467,-18.328451214131135,-0.3587706702705722,False,-20.556045219583464,-0.6786624907483123,False,-38.884496433714574
989,16.481683918416447,792,643,655.0,838.0,-0.3230458904597269,-0.612444766409215,-18.50916611238786,-16.58133418773572,-0.32304589045972687,False,-18.509166112387856,-0.6124447664092152,False,-35.0905003001236
990,16.498348917322833,810,650,686.0,854.0,-0.2836306971663148,-0.5461665634337878,-16.250841887982993,-15.042197107937202,-0.28363069716631495,False,-16.250841887983004,-0.546166563433788,False,-31.293038995920206
991,16.515013916229222,829,656,721.0,869.0,-0.24300042634046246,-0.4692655274257615,-13.922898849188138,-12.964035343288574,-0.24300042634046237,False,-13.922898849188135,-0.4692655274257618,False,-26.886934192476733
992,16.531678915135608,849,661,760.0,882.0,-0.20099122953164072,-0.3828446425313149,-11.515949171308208,-10.419433054930836,-0.20099122953164095,False,-11.51594917130822,-0.3828446425313139,False,-21.93538222623898
993,16.548343914041993,870,665,802.0,893.0,-0.15744879611045856,-0.28984648991161976,-9.021151506545086,-7.585829072071911,-0.15744879611045848,False,-9.021151506545083,-0.28984648991161954,False,-16.606980578616994
994,16.565008912948382,891,668,846.0,902.0,-0.11425432796143953,-0.18998828791871572,-6.546290783294036,-4.3392362713647135,-0.11425432796143964,False,-6.546290783294042,-0.18998828791871603,False,-10.885527054658755
995,16.581673911854768,912,669,891.0,907.0,-0.07145279249826227,-0.08800737352774077,-4.093943444574458,-0.9485076245964548,-0.07145279249826242,False,-4.0939434445744665,-0.08800737352774135,False,-5.042451069170946
996,16.598338910761154,933,669,938.0,908.0,-0.028622038362950776,0.020917450819302335,-1.6399219992586114,2.838403649377103,-0.028622038362950963,False,-1.639921999258622,0.02091745081930263,False,1.1984816501185067
997,16.615003909667543,954,668,984.0,905.0,0.014343278601612561,0.12591262568579822,0.821809328252705,6.392452710954055,0.014343278601612663,False,0.8218093282527109,0.12591262568579786,False,7.214262039206741
998,16.63166890857393,973,666,1028.0,898.0,0.05344699228153171,0.23277174150088592,3.0622870854000537,10.27455129251091,0.05344699228153171,False,3.0622870854000537,0.23277174150088698,False,13.336838377911015
999,16.648333907480314,992,663,1070.0,888.0,0.09289952511341427,0.3337021765375503,5.322750707768239,13.796975622162911,0.09289952511341415,False,5.322750707768231,0.33370217653754963,False,19.119726329931115
1000,16.6649989063867,1010,659,1109.0,876.0,0.13077339164574633,0.428015417287721,7.492763413912644,17.030713563204536,0.13077339164574653,False,7.492763413912655,0.4280154172877211,False,24.52347697711719
1001,16.68166390529309,1026,655,1145.0,863.0,0.16480726397620224,0.5196637125439854,9.442760658934839,20.331776835935145,0.16480726397620238,False,9.442760658934846,0.5196637125439842,False,29.774537494869914
1002,16.698328904199474,1041,650,1176.0,846.0,0.19739555984988075,0.6031529594223374,11.309932474020213,23.248186501705103,0.19739555984988089,False,11.30993247402022,0.6031529594223386,False,34.5581189757254
1003,16.71499390310586,1054,645,1204.0,830.0,0.2261705100907083,0.681298225287849,12.958615678518584,26.0768972202283,0.2261705100907081,False,12.958615678518571,0.6812982252878488,False,39.03551289874687
1004,16.73165890201225,1065,640,1228.0,816.0,0.25110728915311337,0.7470688621488583,14.387387873444592,28.416504933325687,0.2511072891531132,False,14.387387873444583,0.7470688621488577,False,42.80389280677024
1005,16.748323900918635,1075,636,1247.0,801.0,0.2736593210820904,0.8061666901939245,15.679524122419252,30.5104248097232,0.27365932108209057,False,15.679524122419263,0.8061666901939244,False,46.189948932142435
1006,16.76498889982502,1083,632,1263.0,789.0,0.29226848261129845,0.8535417492649328,16.74575053832009,32.158589332774085,0.29226848261129845,False,16.74575053832009,0.8535417492649326,False,48.90433987109418
1007,16.78165389873141,1089,629,1275.0,779.0,0.30630517426722964,0.8921338360465839,17.549993728531447,33.56550983775396,0.3063051742672296,False,17.549993728531444,0.8921338360465842,False,51.115503566285426
1008,16.798318897637795,1093,627,1283.0,771.0,0.3156981736933503,0.922261703465222,18.088172952616965,34.7535302624861,0.3156981736933502,False,18.088172952616958,0.922261703465221,False,52.84170321510301
1009,16.81498389654418,1096,626,1287.0,767.0,0.3224230492515516,0.9348772125588276,18.47347993985258,35.09103870272298,0.3224230492515514,False,18.47347993985257,0.9348772125588276,False,53.564518642575585
1010,16.83164889545057,1096,626,1288.0,766.0,0.3224230492515516,0.9407624172489815,18.47347993985258,35.4282360930394,0.3224230492515514,False,18.47347993985257,0.9407624172489815,False,53.901716032892
1011,16.848313894356956,1094,626,1286.0,767.0,0.3183835637531344,0.9373704438257521,18.24203446938898,35.46533580213145,0.31838356375313426,False,18.24203446938897,0.9373704438257526,False,53.70737027152044
1012,16.86497889326334,1090,629,1279.0,773.0,0.3083285416565511,0.9197196053504169,17.66592414034397,35.03012758167259,0.3083285416565511,False,17.66592414034397,0.9197196053504157,False,52.69605172201651
1013,16.881643892169727,1085,632,1270.0,781.0,0.29632096365471494,0.8927680854329957,16.977940598664627,34.173902780620935,0.29632096365471483,False,16.97794059866462,0.892768085432996,False,51.15184337928558
1014,16.898308891076116,1077,635,1257.0,790.0,0.27829965900511133,0.85988695361133,15.945395900922854,33.32249739936797,0.27829965900511144,False,15.945395900922861,0.8598869536113298,False,49.2678933002908
1015,16.9149738899825,1067,640,1240.0,803.0,0.2551823906208184,0.8151512854161134,14.620873988631656,32.08385433037562,0.2551823906208184,False,14.620873988631656,0.815151285416114,False,46.70472831900731
1016,16.931638888888887,1056,644,1220.0,817.0,0.23073026355941112,0.7586982783921826,13.219870307895393,30.25033896781825,0.23073026355941106,False,13.21987030789539,0.758698278392183,False,43.470209275713664
1017,16.948303887795277,1042,650,1196.0,831.0,0.19944054677423476,0.7049749875780165,11.427101593945137,28.964989856562852,0.19944054677423484,False,11.42710159394514,0.7049749875780158,False,40.39209145050794
1018,16.964968886701662,1028,654,1167.0,847.0,0.1692512185006272,0.6241595344826653,9.697380497532455,26.06432657117443,0.1692512185006274,False,9.697380497532468,0.6241595344826649,False,35.761707068706876
1019,16.981633885608048,1011,658,1134.0,863.0,0.133099627610384,0.5404195002705842,7.626046916837925,23.337709615235607,0.13309962761038419,False,7.626046916837937,0.540419500270584,False,30.963756532073518
1020,16.998298884514437,994,662,1098.0,877.0,0.09720307293832454,0.45053974553412024,5.569325835068303,20.244700086934863,0.09720307293832464,False,5.569325835068308,0.4505397455341207,False,25.814025922003196
1021,17.014963883420823,976,666,1058.0,890.0,0.059600111503172334,0.35091999741042856,3.4148348476408836,16.691399950718445,0.059600111503172126,False,3.4148348476408716,0.3509199974104291,False,20.106234798359367
1022,17.031628882327208,957,668,1015.0,899.0,0.020488935736088298,0.24599699271376327,1.173929544392628,12.920659911016475,0.020488935736088454,False,1.1739295443926372,0.24599699271376352,False,14.094589455409114
1023,17.048293881233594,937,669,971.0,906.0,-0.020447047761312603,0.14248772198969495,-1.1715295402256305,9.335474642668574,-0.020447047761312565,False,-1.1715295402256283,0.14248772198969561,False,8.163945102442971
1024,17.064958880139983,918,669,924.0,908.0,-0.059235323997602105,0.025099330520065605,-3.3939340631526043,4.832019770556263,-0.05923532399760223,False,-3.3939340631526114,0.02509933052006552,False,1.438085707403652
1025,17.08162387904637,898,668,879.0,907.0,-0.10007441428670641,-0.07933106674482007,-5.733841575871986,1.1885062671231577,-0.10007441428670649,False,-5.733841575871991,-0.07933106674482104,False,-4.545335308748884
1026,17.098288877952754,879,666,834.0,901.0,-0.13901521820165255,-0.18919902209996817,-7.964985291044913,-2.8753201632856493,-0.1390152182016524,False,-7.964985291044905,-0.18919902209996842,False,-10.84030545433058
1027,17.114953876859143,860,663,791.0,892.0,-0.17821326069482096,-0.2926582356298651,-10.210867691077922,-6.557214050258515,-0.1782132606948208,False,-10.210867691077912,-0.29265823562986526,False,-16.768081741336452
1028,17.13161887576553,841,659,751.0,881.0,-0.2177845773227172,-0.3851575063634742,-12.478137123632234,-9.58976243877799,-0.21778457732271717,False,-12.478137123632232,-0.38515750636347335,False,-22.06789956241017
1029,17.148283874671915,824,654,714.0,868.0,-0.25389373154033834,-0.4747995630264205,-14.54703926208894,-12.656971813980693,-0.25389373154033823,False,-14.547039262088933,-0.47479956302641924,False,-27.204011076069552
1030,17.164948873578304,807,649,680.0,853.0,-0.29008693232102806,-0.5568348707696853,-16.62075691389206,-15.28353106692351,-0.290086932321028,False,-16.620756913892055,-0.5568348707696842,False,-31.904287980815514
1031,17.18161387248469,791,643,651.0,838.0,-0.3249867890533606,-0.6226707887570673,-18.620371410265943,-17.056036811596037,-0.3249867890533604,False,-18.620371410265935,-0.6226707887570662,False,-35.67640822186192
1032,17.198278871391075,778,637,626.0,823.0,-0.35420668562566154,-0.6851436878918729,-20.29454816166757,-18.961293514565266,-0.3542066856256616,False,-20.294548161667574,-0.6851436878918733,False,-39.25584167623286
1033,17.214943870297464,765,631,605.0,810.0,-0.3835609686047564,-0.729409542196857,-21.976424687002414,-19.815663617447022,-0.3835609686047565,False,-21.97642468700242,-0.7294095421968567,False,-41.79208830444942
1034,17.23160886920385,754,626,588.0,798.0,-0.40840433601090487,-0.7676485483409506,-23.399844788267593,-20.58317718101324,-0.40840433601090487,False,-23.399844788267593,-0.7676485483409508,False,-43.983021969280834
1035,17.248273868110235,745,621,573.0,788.0,-0.429528013912781,-0.8001463565520431,-24.610142379838855,-21.234866843363164,-0.42952801391278106,False,-24.61014237983886,-0.8001463565520428,False,-45.845009223202
1036,17.26493886701662,738,616,563.0,780.0,-0.44699789883228785,-0.8178351598988528,-25.611093054305844,-21.24740994530526,-0.4469978988322878,False,-25.61109305430584,-0.817835159898852,False,-46.858502999611055
1037,17.28160386592301,733,613,556.0,775.0,-0.4590180124470945,-0.8296171077931012,-26.299794833702006,-21.233764054692564,-0.4590180124470944,False,-26.299794833702,-0.8296171077931014,False,-47.53355888839459
1038,17.298268864829396,730,611,552.0,771.0,-0.4664279540144091,-0.8386023429409392,-26.724353211947687,-21.3240217283506,-0.4664279540144092,False,-26.72435321194769,-0.8386023429409395,False,-48.04837494029832
1039,17.31493386373578,729,611,550.0,770.0,-0.46827720555451774,-0.8445008470080361,-26.830307520453978,-21.556026808329722,-0.4682772055545179,False,-26.830307520453985,-0.8445008470080353,False,-48.386334328783654
1040,17.33159886264217,730,611,553.0,773.0,-0.4664279540144091,-0.8296171077931012,-26.724353211947687,-20.809205676446897,-0.4664279540144092,False,-26.72435321194769,-0.8296171077931014,False,-47.53355888839459
1041,17.348263861548556,733,613,558.0,777.0,-0.4590180124470945,-0.8178351598988528,-26.299794833702006,-20.558708165909106,-0.4590180124470944,False,-26.299794833702,-0.817835159898852,False,-46.858502999611055
1042,17.364928860454942,739,617,566.0,783.0,-0.44424154267368876,-0.8060441969316666,-25.453165479583223,-20.729765105613062,-0.444241542673689,False,-25.453165479583237,-0.8060441969316656,False,-46.18293058519622
1043,17.38159385936133,746,621,579.0,793.0,-0.42765208293227763,-0.7706499702428534,-24.502659451998177,-19.6523313247998,-0.42765208293227763,False,-24.502659451998177,-0.7706499702428538,False,-44.154990776798
1044,17.398258858267717,755,626,594.0,803.0,-0.4065142835092599,-0.7380961959016441,-23.29155275686519,-18.998244142960225,-0.4065142835092601,False,-23.291552756865205,-0.7380961959016439,False,-42.289796899825404
1045,17.414923857174102,766,632,612.0,814.0,-0.3808877653471148,-0.702256931509007,-21.82326142255893,-18.413096886714882,-0.380887765347115,False,-21.82326142255894,-0.702256931509007,False,-40.23635830927382
1046,17.431588856080488,779,638,635.0,828.0,-0.3515730978263016,-0.6485346233296747,-20.1436546957871,-17.01464208910985,-0.3515730978263014,False,-20.143654695787088,-0.6485346233296738,False,-37.15829678489688
1047,17.448253854986877,795,645,661.0,842.0,-0.315932908330221,-0.5973154891344067,-18.10162225661519,-16.122034308578705,-0.3159329083302209,False,-18.101622256615187,-0.5973154891344059,False,-34.22365656519384
1048,17.464918853893263,811,650,689.0,856.0,-0.2816685401400146,-0.5346889039760393,-16.138418571634052,-14.496998978668737,-0.28166854014001474,False,-16.138418571634062,-0.5346889039760399,False,-30.635417550302826
1049,17.48158385279965,828,656,722.0,869.0,-0.24497866312686414,-0.46176791196650896,-14.036243467926479,-12.421109002323025,-0.24497866312686423,False,-14.036243467926484,-0.4617679119665077,False,-26.457352470249432
1050,17.498248851706037,847,661,756.0,881.0,-0.2049802447433411,-0.39220631123986943,-11.744502907352123,-10.727263425086768,-0.2049802447433411,False,-11.744502907352123,-0.39220631123986927,False,-22.47176633243889
1051,17.514913850612423,867,664,795.0,892.0,-0.16380819564380092,-0.30587887140485215,-9.385518260043069,-8.14005011367979,-0.1638081956438011,False,-9.385518260043082,-0.30587887140485215,False,-17.52556837372287
1052,17.53157884951881,886,667,835.0,900.0,-0.12460771124595563,-0.21548569150556338,-7.1394959491781025,-5.206924719548724,-0.1246077112459556,False,-7.139495949178101,-0.21548569150556318,False,-12.346420668726825
1053,17.548243848425198,907,669,879.0,905.0,-0.08161787490838886,-0.11809202841909398,-4.6763597650773825,-2.08981505747568,-0.0816178749083889,False,-4.676359765077384,-0.11809202841909361,False,-6.766174822553039
1054,17.564908847331584,926,669,922.0,908.0,-0.042918414078704496,-0.01673483927434091,-2.459043990104621,1.5002083288551218,-0.04291841407870445,False,-2.459043990104618,-0.01673483927434205,False,-0.9588356612495726
1055,17.58157384623797,945,668,964.0,907.0,-0.004098337709848645,0.07933106674482007,-0.23481745379363872,4.780152762542461,-0.004098337709848465,False,-0.23481745379362842,0.07933106674482104,False,4.545335308748884
1056,17.59823884514436,964,667,1007.0,903.0,0.03489342912114106,0.18022635585275398,1.999246221380264,8.326963326005448,0.03489342912114113,False,1.999246221380268,0.18022635585275282,False,10.32620954738564
1057,17.614903844050744,982,664,1047.0,894.0,0.0721883924681464,0.2754261036960354,4.136090218258769,11.644663091256632,0.07218839246814657,False,4.136090218258778,0.2754261036960344,False,15.780753309515333
1058,17.63156884295713,999,661,1084.0,884.0,0.10768987083282068,0.3641654193081543,6.170175095029609,14.694966475939571,0.10768987083282067,False,6.170175095029608,0.36416541930815427,False,20.86514157096918
1059,17.648233841863515,1014,658,1119.0,872.0,0.13926008444912275,0.45614305945352746,7.979015093570161,18.15605706730196,0.13926008444912252,False,7.9790150935701485,0.4561430594535274,False,26.135072160872106
1060,17.664898840769904,1028,654,1151.0,858.0,0.1692512185006272,0.5425793241259905,9.697380497532455,21.39012482594753,0.1692512185006274,False,9.697380497532468,0.5425793241259917,False,31.087505323480052
1061,17.68156383967629,1041,650,1178.0,844.0,0.19739555984988075,0.6148652991472469,11.309932474020213,23.919254136165847,0.19739555984988089,False,11.30993247402022,0.6148652991472474,False,35.22918661018609
1062,17.698228838582676,1053,646,1203.0,831.0,0.22366209548092808,0.681298225287849,12.814894108109222,26.22061879063765,0.22366209548092808,False,12.814894108109222,0.6812982252878488,False,39.03551289874687
1063,17.714893837489065,1062,642,1222.0,818.0,0.24395981477843556,0.7378150601204649,13.977867757597647,28.295821248496086,0.24395981477843565,False,13.977867757597652,0.7378150601204645,False,42.27368900609371
1064,17.73155883639545,1070,638,1239.0,806.0,0.2623682144161948,0.7883655137385233,15.032591364431404,30.137425286448902,0.26236821441619496,False,15.032591364431413,0.7883655137385226,False,45.170016650880264
1065,17.748223835301836,1076,636,1251.0,796.0,0.27569096927055936,0.8301443948520639,15.795928989073923,31.767841222391095,0.27569096927055936,False,15.795928989073923,0.8301443948520628,False,47.56377021146494
1066,17.764888834208225,1080,634,1260.0,789.0,0.2849778407937654,0.85988695361133,16.32802753223386,32.93986576805695,0.2849778407937653,False,16.328027532233854,0.8598869536113298,False,49.2678933002908
1067,17.78155383311461,1083,632,1266.0,785.0,0.29226848261129845,0.8744477460319461,16.74575053832009,33.356414714038095,0.29226848261129845,False,16.74575053832009,0.8744477460319473,False,50.10216525235826
1068,17.798218832020996,1083,632,1267.0,782.0,0.29226848261129845,0.8868451186969318,16.74575053832009,34.06673184479264,0.29226848261129845,False,16.74575053832009,0.8868451186969324,False,50.81248238311276
1069,17.814883830927382,1082,632,1266.0,783.0,0.2902385209689089,0.8835888388388599,16.629442303637724,33.99646898669401,0.2902385209689089,False,16.629442303637724,0.8835888388388611,False,50.625911290331814
1070,17.83154882983377,1079,634,1261.0,788.0,0.28294808572151336,0.8685393952858895,16.211731133148547,33.551910557577614,0.2829480857215132,False,16.211731133148536,0.8685393952858895,False,49.76364169072618
1071,17.848213828740157,1074,636,1252.0,793.0,0.2716253530048537,0.8480028124546374,15.56298633592925,33.02399583294537,0.2716253530048536,False,15.562986335929244,0.8480028124546379,False,48.586982168874634
1072,17.864878827646542,1067,639,1240.0,802.0,0.255714446968591,0.8151512854161134,14.651358571822174,32.053369747185094,0.25571444696859125,False,14.651358571822186,0.815151285416114,False,46.70472831900731
1073,17.88154382655293,1058,643,1225.0,813.0,0.23529990270926815,0.7764963213891687,13.48169134507995,31.00827067795338,0.23529990270926815,False,13.48169134507995,0.7764963213891676,False,44.48996202303326
1074,17.898208825459317,1048,647,1206.0,824.0,0.21299363790797463,0.7287424425995209,12.203636515264607,29.55022979774259,0.21299363790797443,False,12.203636515264597,0.7287424425995219,False,41.75386631300726
1075,17.914873824365703,1036,651,1183.0,838.0,0.18675766327433932,0.6662053648835761,10.700425897345017,27.47032979945692,0.1867576632743395,False,10.70042589734503,0.6662053648835773,False,38.170755696802004
1076,17.931538823272092,1022,656,1156.0,852.0,0.1562782174831218,0.5996843151378045,8.954082291610472,25.405298005978963,0.15627821748312165,False,8.954082291610465,0.5996843151378037,False,34.35938029758938
1077,17.948203822178478,1007,660,1126.0,866.0,0.12435499454676144,0.523838467711257,7.125016348901798,22.88871699755328,0.12435499454676124,False,7.125016348901787,0.5238384677112577,False,30.01373334645512
1078,17.964868821084863,991,663,1092.0,878.0,0.09084655884315403,0.439170389325224,5.205124404999612,19.95748539045294,0.09084655884315396,False,5.205124404999609,0.43917038932522345,False,25.162609795452525
1079,17.981533819991252,974,666,1055.0,890.0,0.05549850524571683,0.3469776052196545,3.1798301198642345,16.700522244778423,0.05549850524571687,False,3.1798301198642362,0.3469776052196547,False,19.880352364642658
1080,17.998198818897638,957,668,1016.0,899.0,0.020488935736088298,0.2500650892513549,1.173929544392628,13.153744673272248,0.020488935736088454,False,1.1739295443926372,0.25006508925135407,False,14.327674217664836
1081,18.014863817804024,939,669,974.0,905.0,-0.016358458874160525,0.14723191804075808,-0.9372706528277263,9.373038166179203,-0.01635845887416032,False,-0.9372706528277146,0.14723191804075775,False,8.435767513351463
1082,18.03152881671041,920,669,932.0,908.0,-0.05515871592817881,0.05016707685413893,-3.160361626045675,6.034723400296271,-0.055158715928179,False,-3.160361626045686,0.050167076854139125,False,2.8743617742506107
1083,18.0481938156168,902,668,889.0,907.0,-0.09195306955764852,-0.05433975721276864,-5.268522798926152,2.1550840508689464,-0.0919530695576487,False,-5.2685227989261625,-0.05433975721276951,False,-3.1134387480572667
1084,18.064858814523184,884,667,847.0,903.0,-0.12864898179506187,-0.15551373812965635,-7.371043695512407,-1.5392371556195958,-0.1286489817950618,False,-7.371043695512402,-0.15551373812965608,False,-8.910280851131997
1085,18.08152381342957,866,664,806.0,896.0,-0.16581869406478378,-0.25307565216460226,-9.500711334283103,-4.999455432269468,-0.16581869406478367,False,-9.500711334283098,-0.25307565216460226,False,-14.500166766552566
1086,18.09818881233596,849,661,768.0,886.0,-0.20099122953164072,-0.34555558058171215,-11.515949171308208,-8.282927183216733,-0.20099122953164095,False,-11.51594917130822,-0.34555558058171343,False,-19.798876354525003
1087,18.114853811242345,832,657,732.0,875.0,-0.23657549957921717,-0.43007813505586256,-13.554777662088126,-11.086884337470227,-0.2365754995792173,False,-13.554777662088135,-0.43007813505586157,False,-24.641661999558284
1088,18.13151881014873,816,652,701.0,863.0,-0.27072829499275824,-0.4990146061161204,-15.511588697857785,-13.079842147979084,-0.2707282949927583,False,-15.511588697857789,-0.4990146061161198,False,-28.591430845836822
1089,18.14818380905512,801,647,672.0,850.0,-0.3030067898569325,-0.5660914625079305,-17.361010222609675,-15.073641397483026,-0.30300678985693263,False,-17.361010222609682,-0.5660914625079307,False,-32.43465162009271
1090,18.164848807961505,788,642,646.0,836.0,-0.33145898723075107,-0.6318543808578923,-18.991201050002683,-17.21138824000625,-0.33145898723075096,False,-18.991201050002676,-0.6318543808578916,False,-36.2025892900089
1091,18.18151380686789,776,637,626.0,824.0,-0.3580510733691138,-0.6760438730823457,-20.514815354179206,-18.219645339117083,-0.358051073369114,False,-20.51481535417922,-0.6760438730823459,False,-38.7344606932963
1092,18.198178805774276,766,632,608.0,813.0,-0.3808877653471148,-0.7176553721273997,-21.82326142255893,-19.2953625452316,-0.380887765347115,False,-21.82326142255894,-0.7176553721273997,False,-41.11862396779054
1093,18.214843804680665,757,627,594.0,804.0,-0.4019180183546797,-0.7442449407560053,-23.028206161984702,-19.613887867298384,-0.4019180183546798,False,-23.028206161984706,-0.7442449407560048,False,-42.642094029283065
1094,18.23150880358705,750,623,584.0,797.0,-0.41843375365993707,-0.7618730924122314,-23.974488090531157,-19.67762462927024,-0.41843375365993696,False,-23.97448809053115,-0.7618730924122303,False,-43.652112719801345
1095,18.248173802493437,744,620,576.0,791.0,-0.43226364181541027,-0.7765488368811906,-24.76688231297774,-19.726088626107476,-0.43226364181541044,False,-24.76688231297775,-0.7765488368811901,False,-44.492970939085204
1096,18.264838801399826,741,619,572.0,788.0,-0.43874500889581103,-0.7853981633974483,-25.13823729215973,-19.861762707840263,-0.43874500889581114,False,-25.138237292159737,-0.7853981633974492,False,-45.00000000000005
1097,18.28150380030621,740,618,570.0,787.0,-0.4414905707766982,-0.7883480073486928,-25.295546400326565,-19.873467208301935,-0.4414905707766983,False,-25.29554640032657,-0.7883480073486933,False,-45.16901360862853
1098,18.298168799212597,741,618,572.0,789.0,-0.43962265759385855,-0.7795158783020714,-25.188522858453005,-19.474447031689177,-0.43962265759385843,False,-25.188522858453,-0.779515878302071,False,-44.66296989014217
1099,18.314833798118986,744,620,577.0,792.0,-0.43226364181541027,-0.7706499702428534,-24.76688231297774,-19.388108463820252,-0.43226364181541044,False,-24.76688231297775,-0.7706499702428538,False,-44.154990776798
1100,18.33149879702537,749,623,585.0,798.0,-0.420316814493441,-0.7529611668960438,-24.08237952885732,-19.059117471531586,-0.4203168144934408,False,-24.08237952885731,-0.7529611668960428,False,-43.141497000388846
1101,18.348163795931757,755,626,596.0,806.0,-0.4065142835092599,-0.7235303175330683,-23.29155275686519,-18.16368078753993,-0.4065142835092601,False,-23.291552756865205,-0.7235303175330685,False,-41.45523354440513
1102,18.364828794838147,764,631,610.0,814.0,-0.3854662753944192,-0.6995562260692778,-22.085590724727712,-17.996028561141593,-0.38546627539441936,False,-22.08559072472772,-0.6995562260692783,False,-40.08161928586934
1103,18.381493793744532,774,636,628.0,825.0,-0.3626103442254743,-0.6577380027737101,-20.776042331905657,-16.909569252391968,-0.36261034422547445,False,-20.776042331905668,-0.6577380027737103,False,-37.68561158429763
1104,18.398158792650918,786,641,649.0,836.0,-0.3359982948934376,-0.612444766409215,-19.251284220986015,-15.83921607913758,-0.3359982948934377,False,-19.25128422098602,-0.6124447664092152,False,-35.0905003001236
1105,18.414823791557303,800,647,672.0,849.0,-0.30495626787369806,-0.5648049094433026,-17.472707085223874,-14.888230474146011,-0.3049562678736981,False,-17.472707085223877,-0.5648049094433034,False,-32.360937559369944
1106,18.431488790463693,815,652,699.0,861.0,-0.27269433654566755,-0.5066921655280692,-15.624234581186835,-13.407088015915615,-0.2726943365456673,False,-15.624234581186823,-0.5066921655280687,False,-29.031322597102438
1107,18.448153789370078,832,657,729.0,872.0,-0.23657549957921717,-0.4467636600691884,-13.554777662088126,-12.042894499693748,-0.2365754995792173,False,-13.554777662088135,-0.44676366006918755,False,-25.59767216178183
1108,18.464818788276464,849,661,762.0,883.0,-0.20099122953164072,-0.3734971461064775,-11.515949171308208,-9.883860960774012,-0.20099122953164095,False,-11.51594917130822,-0.37349714610647666,False,-21.39981013208218
1109,18.481483787182853,867,665,797.0,893.0,-0.16347643817069407,-0.29788240885294875,-9.366509957012122,-7.700894861452271,-0.16347643817069413,False,-9.366509957012125,-0.29788240885294925,False,-17.06740481846442
1110,18.49814878608924,886,667,835.0,901.0,-0.12460771124595563,-0.21459288149122355,-7.1394959491781025,-5.1557704738200565,-0.1246077112459556,False,-7.139495949178101,-0.21459288149122457,False,-12.295266422998207
1111,18.514813784995624,905,669,874.0,905.0,-0.08567929750453274,-0.13060816994581406,-4.909062138655492,-2.5742347691670666,-0.08567929750453285,False,-4.909062138655498,-0.13060816994581437,False,-7.483296907822565
1112,18.531478783902013,923,669,914.0,908.0,-0.04904040332375124,-0.03763911919938858,-2.8098081360702802,0.6532454613554783,-0.049040403323751036,False,-2.8098081360702687,-0.03763911919938856,False,-2.1565626747147904
1113,18.5481437828084,941,669,955.0,907.0,-0.0122693229537975,0.058755822715722696,-0.7029804227355815,4.069441086165378,-0.012269322953797346,False,-0.7029804227355727,0.05875582271572277,False,3.3664606634298058
1114,18.564808781714785,959,667,994.0,903.0,0.024635671943408474,0.14723191804075808,1.4115200278261602,7.024247485525331,0.024635671943408433,False,1.411520027826158,0.14723191804075775,False,8.435767513351463
1115,18.58147378062117,976,665,1032.0,897.0,0.05972270663003594,0.23684876094692026,3.421859030999039,10.14857535416244,0.05972270663003609,False,3.4218590309990478,0.23684876094691987,False,13.570434385161464
1116,18.59813877952756,991,663,1068.0,889.0,0.09084655884315403,0.32837297413931005,5.205124404999612,13.609261119341381,0.09084655884315396,False,5.205124404999609,0.32837297413930955,False,18.814385524340963
1117,18.614803778433945,1006,660,1101.0,879.0,0.12230318927013055,0.40929219792623106,7.007456566168176,16.443258962638005,0.12230318927013073,False,7.0074565661681865,0.4092921979262307,False,23.450715528806164
1118,18.63146877734033,1019,656,1131.0,868.0,0.15012248601576222,0.4860319293400963,8.601384858714896,19.24619340107327,0.1501224860157624,False,8.601384858714907,0.486031929340097,False,27.847578259788204
1119,18.64813377624672,1031,653,1160.0,855.0,0.17575745120487332,0.5683292161581751,10.070160172015747,22.49270528782596,0.1757574512048734,False,10.070160172015752,0.5683292161581761,False,32.56286545984176
1120,18.664798775153105,1042,649,1182.0,842.0,0.19985457128697937,0.6275628612006474,11.450823451140362,24.505879874811022,0.19985457128697925,False,11.450823451140357,0.6275628612006479,False,35.9567033259514
1121,18.68146377405949,1051,646,1201.0,831.0,0.2195776234975388,0.681298225287849,12.580871101921586,26.454641796825292,0.21957762349753862,False,12.580871101921577,0.6812982252878488,False,39.03551289874687
1122,18.69812877296588,1058,643,1218.0,821.0,0.23529990270926815,0.7321939838539574,13.48169134507995,28.469933714621757,0.23529990270926815,False,13.48169134507995,0.7321939838539571,False,41.95162505970168
1123,18.714793771872266,1064,641,1229.0,812.0,0.24854825530874514,0.7675429182578958,14.240766034531154,29.736203776801023,0.24854825530874525,False,14.24076603453116,0.7675429182578952,False,43.97696981133213
1124,18.73145877077865,1068,639,1239.0,806.0,0.2577526233728382,0.7972319305005993,14.768137477688688,30.909887433062618,0.2577526233728382,False,14.768137477688688,0.7972319305005993,False,45.678024910751304
1125,18.74812376968504,1070,638,1245.0,800.0,0.2623682144161948,0.823954713532103,15.032591364431404,32.176536230868884,0.26236821441619496,False,15.032591364431413,0.8239547135321033,False,47.209127595300295
1126,18.764788768591426,1070,638,1246.0,798.0,0.2623682144161948,0.8329812666744317,15.032591364431404,32.69371962947485,0.26236821441619496,False,15.032591364431413,0.8329812666744321,False,47.72631099390629
1127,18.781453767497812,1070,638,1245.0,799.0,0.2623682144161948,0.8270407424960368,15.032591364431404,32.35335266595741,0.26236821441619496,False,15.032591364431413,0.8270407424960364,False,47.3859440303888
1128,18.798118766404198,1067,639,1241.0,802.0,0.255714446968591,0.818027528124244,14.651358571822174,32.21816631521626,0.25571444696859125,False,14.651358571822186,0.8180275281242437,False,46.869524887038416
1129,18.814783765310587,1062,641,1232.0,808.0,0.2444681986484864,0.7943000054057279,14.006996007724087,31.503041969242606,0.24446819864848646,False,14.00699600772409,0.7943000054057272,False,45.51003797696664
1130,18.831448764216972,1056,644,1221.0,816.0,0.23073026355941112,0.7646296366009722,13.219870307895393,30.590180759962173,0.23073026355941106,False,13.21987030789539,0.7646296366009722,False,43.810051067857565
1131,18.848113763123358,1048,647,1207.0,825.0,0.21299363790797463,0.7290779656497262,12.203636515264607,29.569453852448696,0.21299363790797443,False,12.203636515264597,0.7290779656497257,False,41.773090367713294
1132,18.864778762029747,1038,650,1187.0,835.0,0.1912506146643961,0.6780282413619009,10.957853049552709,27.890303571161716,0.19125061466439597,False,10.9578530495527,0.6780282413619005,False,38.84815662071442
1133,18.881443760936133,1027,654,1166.0,847.0,0.167200658118713,0.6241595344826653,9.57989204201204,26.181815026694856,0.1672006581187131,False,9.579892042012043,0.6241595344826649,False,35.761707068706876
1134,18.89810875984252,1015,657,1141.0,859.0,0.141603541257735,0.5577088436287925,8.11328527817484,23.84107765887656,0.141603541257735,False,8.11328527817484,0.5577088436287916,False,31.95436293705135
1135,18.914773758748908,1000,661,1112.0,871.0,0.10974439623345732,0.4899573262537283,6.287890729388512,21.784596206464435,0.10974439623345722,False,6.287890729388507,0.48995732625372845,False,28.072486935852968
1136,18.931438757655293,986,664,1081.0,882.0,0.08040479267800013,0.4109657038594954,4.6068552730737915,18.939745082698547,0.08040479267800027,False,4.6068552730737995,0.41096570385949605,False,23.54660035577237
1137,18.94810375656168,970,666,1047.0,892.0,0.04728981948443431,0.32837297413931005,2.7095070703936126,16.104878453947382,0.047289819484434226,False,2.7095070703936077,0.32837297413930955,False,18.814385524340963
1138,18.964768755468064,953,668,1009.0,900.0,0.012294462478152404,0.23684876094692026,0.7044208113800838,12.866013573781402,0.012294462478152468,False,0.7044208113800875,0.23684876094691987,False,13.570434385161464
1139,18.981433754374454,937,669,971.0,905.0,-0.020447047761312603,0.1430832936681563,-1.1715295402256305,9.36959838624192,-0.020447047761312565,False,-1.1715295402256283,0.14308329366815542,False,8.198068846016241
1140,18.99809875328084,920,669,932.0,907.0,-0.05515871592817881,0.050377507181057816,-3.160361626045675,6.04678016991029,-0.055158715928179,False,-3.160361626045686,0.05037750718105727,False,2.8864185438645786
1141,19.014763752187225,902,668,892.0,907.0,-0.09195306955764852,-0.041816613207517075,-5.268522798926152,2.8726073486044186,-0.0919530695576487,False,-5.2685227989261625,-0.041816613207517506,False,-2.3959154503217692
1142,19.031428751093614,885,667,852.0,904.0,-0.1266288663225361,-0.13835097017712528,-7.255299604807603,-0.6716270778819929,-0.12662886632253612,False,-7.255299604807605,-0.13835097017712528,False,-7.926926682689598
1143,19.04809375,869,665,815.0,898.0,-0.15945931443734615,-0.22773899193233446,-9.13634572130945,-3.9121373469772323,-0.15945931443734596,False,-9.13634572130944,-0.22773899193233405,False,-13.048483068286645
1144,19.064758748906385,853,662,778.0,889.0,-0.19260326426862212,-0.31910505792279287,-11.0353541630349,-7.248018877218794,-0.19260326426862218,False,-11.035354163034903,-0.3191050579227941,False,-18.283373040253775
1145,19.081423747812774,837,658,745.0,880.0,-0.22618760118624584,-0.39287050746464774,-12.95959492616014,-9.550227046727079,-0.22618760118624603,False,-12.95959492616015,-0.3928705074646466,False,-22.509821972887153
1146,19.09808874671916,822,654,715.0,869.0,-0.25784287181365884,-0.4617854137604411,-14.773308332455345,-11.685046916720376,-0.2578428718136587,False,-14.77330833245534,-0.4617854137604418,False,-26.458355249175764
1147,19.114753745625546,808,650,688.0,857.0,-0.287548274220615,-0.5253668738153162,-16.475302519111693,-13.626002046488015,-0.28754827422061524,False,-16.475302519111704,-0.5253668738153152,False,-30.101304565599644
1148,19.131418744531935,796,645,664.0,846.0,-0.31398874390749354,-0.5810822987973271,-17.990229840513422,-15.30333343033326,-0.31398874390749354,False,-17.990229840513422,-0.5810822987973268,False,-33.293563270846654
1149,19.14808374343832,785,641,644.0,835.0,-0.33793037213628074,-0.6284897260326391,-19.3619840926942,-16.647824676309412,-0.33793037213628097,False,-19.36198409269421,-0.6284897260326403,False,-36.009808769003676
1150,19.164748742344706,775,636,626.0,825.0,-0.36069189749368147,-0.6676028415268624,-20.666123430953263,-17.584701779477072,-0.36069189749368125,False,-20.666123430953252,-0.6676028415268629,False,-38.25082521043038
1151,19.18141374125109,766,632,613.0,817.0,-0.3808877653471148,-0.6910049602080149,-21.82326142255893,-17.76840641996573,-0.380887765347115,False,-21.82326142255894,-0.6910049602080157,False,-39.59166784252469
1152,19.19807874015748,760,629,603.0,811.0,-0.3946329669254989,-0.7117851063864423,-22.61080346155689,-18.171479054656544,-0.3946329669254989,False,-22.61080346155689,-0.7117851063864435,False,-40.78228251621351
1153,19.214743739063866,755,627,596.0,806.0,-0.40570150270731264,-0.7262954797868606,-23.244983847244356,-18.368681823971954,-0.40570150270731276,False,-23.244983847244363,-0.7262954797868595,False,-41.61366567121624
1154,19.231408737970252,752,625,592.0,804.0,-0.4129997167206941,-0.729409542196857,-23.663140708194348,-18.128947596255102,-0.412999716720694,False,-23.663140708194344,-0.7294095421968567,False,-41.79208830444942
1155,19.24807373687664,751,624,591.0,803.0,-0.415713874602147,-0.729409542196857,-23.818650499733767,-17.97343780471568,-0.4157138746021469,False,-23.818650499733764,-0.7294095421968567,False,-41.79208830444942
1156,19.264738735783027,751,625,592.0,804.0,-0.41488335224187306,-0.7262954797868606,-23.77106507369883,-17.842600597517485,-0.4148833522418731,False,-23.771065073698832,-0.7262954797868595,False,-41.61366567121624
1157,19.281403734689412,754,626,597.0,807.0,-0.40840433601090487,-0.7145112200339636,-23.399844788267593,-17.538632534421847,-0.40840433601090487,False,-23.399844788267593,-0.7145112200339625,False,-40.938477322689366
1158,19.2980687335958,759,629,605.0,812.0,-0.3965294238907264,-0.6995562260692778,-22.719462441692617,-17.362156844176706,-0.3965294238907262,False,-22.719462441692606,-0.6995562260692783,False,-40.08161928586934
1159,19.314733732502187,765,632,615.0,818.0,-0.38279295849311473,-0.6786624907483126,-21.932420948981974,-16.952075484732614,-0.3827929584931149,False,-21.932420948981985,-0.6786624907483123,False,-38.884496433714574
1160,19.331398731408573,773,636,629.0,826.0,-0.36452600240693456,-0.6485346233296747,-20.885801460693038,-16.272495324203884,-0.3645260024069348,False,-20.885801460693052,-0.6485346233296738,False,-37.15829678489688
1161,19.34806373031496,783,640,646.0,836.0,-0.3424729762891261,-0.6100407983436342,-19.62225613865084,-15.330506937230744,-0.3424729762891259,False,-19.622256138650826,-0.6100407983436344,False,-34.9527630758816
1162,19.364728729221348,795,645,665.0,846.0,-0.315932908330221,-0.5740985169942165,-18.10162225661519,-14.79179979187299,-0.3159329083302209,False,-18.101622256615187,-0.5740985169942157,False,-32.89342204848813
1163,19.381393728127733,808,650,688.0,856.0,-0.287548274220615,-0.5274705837654604,-16.475302519111693,-13.746535747950942,-0.28754827422061524,False,-16.475302519111704,-0.5274705837654601,False,-30.22183826706262
1164,19.39805872703412,822,654,713.0,867.0,-0.25784287181365884,-0.472993131308296,-14.773308332455345,-12.327201830187185,-0.2578428718136587,False,-14.77330833245534,-0.47299313130829646,False,-27.10051016264255
1165,19.414723725940508,838,658,741.0,877.0,-0.224199862925738,-0.41695260495747566,-12.845705913056365,-11.043918607992488,-0.224199862925738,False,-12.845705913056365,-0.4169526049574763,False,-23.88962452104888
1166,19.431388724846894,854,662,772.0,886.0,-0.1906038145009787,-0.35091999741042856,-10.92079413000052,-9.185440668358806,-0.19060381450097852,False,-10.920794130000509,-0.3509199974104291,False,-20.106234798359367
1167,19.44805372375328,871,665,805.0,895.0,-0.15543699346782464,-0.2794477641263722,-8.905883705908897,-7.105293772899549,-0.1554369934678248,False,-8.905883705908908,-0.2794477641263722,False,-16.011177478808456
1168,19.46471872265967,888,667,840.0,901.0,-0.1205623452221125,-0.20232162837830375,-6.907713549426272,-4.684461860864802,-0.12056234522211229,False,-6.907713549426259,-0.2023216283783036,False,-11.592175410291063
1169,19.481383721566054,905,669,876.0,905.0,-0.08567929750453274,-0.12226840393911868,-4.909062138655492,-2.0964013748567294,-0.08567929750453285,False,-4.909062138655498,-0.12226840393911864,False,-7.005463513512228
1170,19.49804872047244,923,669,914.0,908.0,-0.04904040332375124,-0.03763911919938858,-2.8098081360702802,0.6532454613554783,-0.049040403323751036,False,-2.8098081360702687,-0.03763911919938856,False,-2.1565626747147904
1171,19.51471371937883,939,669,951.0,907.0,-0.016358458874160525,0.050377507181057816,-0.9372706528277263,3.823689196692344,-0.01635845887416032,False,-0.9372706528277146,0.05037750718105727,False,2.8864185438645786
1172,19.531378718285215,956,668,987.0,904.0,0.018440532412223508,0.13060816994581406,1.0565646791946062,6.426732228627951,0.018440532412223654,False,1.0565646791946146,0.13060816994581437,False,7.483296907822565
1173,19.5480437171916,971,666,1023.0,899.0,0.04934263225296999,0.2195776234975388,2.827124578161273,9.753746523760318,0.0493426322529702,False,2.827124578161285,0.21957762349753907,False,12.580871101921602
1174,19.564708716097986,986,664,1057.0,892.0,0.08040479267800013,0.3018856181454772,4.6068552730737915,12.68991654236004,0.08040479267800027,False,4.6068552730737995,0.30188561814547654,False,17.29677181543379
1175,19.581373715004375,999,661,1087.0,883.0,0.10768987083282068,0.3773959672364249,6.170175095029609,15.453021032875045,0.10768987083282067,False,6.170175095029608,0.3773959672364242,False,21.623196127904603
1176,19.59803871391076,1012,658,1116.0,873.0,0.13515426614551856,0.45053974553412024,7.743769033326078,18.070256888677093,0.1351542661455185,False,7.743769033326076,0.4505397455341207,False,25.814025922003196
1177,19.614703712817146,1023,655,1141.0,862.0,0.1586552621864014,0.5181049902083273,9.090276920822323,20.59495236278168,0.15865526218640147,False,9.090276920822326,0.518104990208327,False,29.68522928360398
1178,19.631368711723535,1032,652,1162.0,851.0,0.17817502318894465,0.5786679855330974,10.208676843372103,22.946556467011753,0.17817502318894451,False,10.208676843372094,0.5786679855330981,False,33.1552333103839
1179,19.64803371062992,1041,649,1182.0,841.0,0.1978055639269474,0.6334258829691446,11.333423977219288,24.95920575126031,0.1978055639269476,False,11.333423977219299,0.6334258829691457,False,36.29262972847966
1180,19.664698709536307,1047,647,1197.0,832.0,0.21094709163268058,0.681298225287849,12.086378051112039,26.94913484763486,0.21094709163268055,False,12.086378051112037,0.6812982252878488,False,39.03551289874687
1181,19.681363708442696,1053,644,1209.0,825.0,0.22459412721667524,0.7113498241769309,12.868295592939786,27.88904708977153,0.22459412721667515,False,12.86829559293978,0.7113498241769314,False,40.75734268271134
1182,19.69802870734908,1056,643,1217.0,819.0,0.23121104759738612,0.7409171370285529,13.247417204128617,29.20400771652356,0.2312110475973861,False,13.247417204128615,0.7409171370285534,False,42.4514249206522
1183,19.714693706255467,1058,642,1222.0,814.0,0.2357905602837064,0.7615931372123783,13.509803953281388,30.1262685151157,0.23579056028370626,False,13.509803953281379,0.7615931372123779,False,43.63607246839705
1184,19.731358705161853,1058,643,1224.0,813.0,0.23529990270926815,0.7734939638391385,13.48169134507995,30.8362482617474,0.23529990270926815,False,13.48169134507995,0.7734939638391385,False,44.31793960682735
1185,19.748023704068242,1057,643,1223.0,814.0,0.2332564681651942,0.7705624566784743,13.364611169993273,30.785365448915638,0.23325646816519408,False,13.364611169993266,0.7705624566784746,False,44.14997661890893
1186,19.764688702974627,1054,644,1218.0,816.0,0.22664144210524095,0.7615931372123783,12.985598095388898,30.650474373008194,0.22664144210524118,False,12.98559809538891,0.7615931372123779,False,43.63607246839705
1187,19.781353701881013,1050,646,1209.0,822.0,0.2175325827267152,0.7346953878814758,12.463698896821214,29.631246056514314,0.21753258272671516,False,12.463698896821212,0.7346953878814766,False,42.09494495333558
1188,19.798018700787402,1044,648,1198.0,829.0,0.2043712366076691,0.7049749875780165,11.709609311488986,28.68248213901898,0.2043712366076691,False,11.709609311488986,0.7049749875780158,False,40.39209145050794
1189,19.814683699693788,1036,651,1184.0,837.0,0.18675766327433932,0.6721128273807938,10.700425897345017,27.808802468179298,0.1867576632743395,False,10.70042589734503,0.6721128273807935,False,38.5092283655243
1190,19.831348698600173,1027,654,1166.0,846.0,0.167200658118713,0.626625073946363,9.57989204201204,26.32308003218768,0.1672006581187131,False,9.579892042012043,0.6266250739463626,False,35.902972074199695
1191,19.848013697506563,1017,657,1145.0,857.0,0.14571047114390406,0.5693131911006619,8.348595027408471,24.270648043784366,0.14571047114390412,False,8.348595027408475,0.5693131911006617,False,32.61924307119281
1192,19.86467869641295,1004,660,1121.0,867.0,0.11819648888042926,0.5144513130590278,6.772159966113561,22.703729037132188,0.11819648888042922,False,6.772159966113559,0.5144513130590269,False,29.475889003245694
1193,19.881343695319334,992,663,1094.0,877.0,0.09289952511341427,0.4447819229791353,5.322750707768239,20.161376282649062,0.09289952511341415,False,5.322750707768231,0.44478192297913566,False,25.48412699041732
1194,19.898008694225723,977,665,1065.0,887.0,0.06177696156034961,0.3773959672364249,3.5395591685499537,18.0836369593547,0.06177696156034962,False,3.5395591685499537,0.3773959672364242,False,21.623196127904603
1195,19.91467369313211,963,667,1032.0,895.0,0.03284239616092653,0.29386933503246765,1.8817306891177479,14.95574193655864,0.032842396160926324,False,1.8817306891177359,0.29386933503246837,False,16.837472625676426
1196,19.931338692038494,948,668,998.0,901.0,0.0020491774596110407,0.21138641644999373,0.11740921990905234,11.994140289070387,0.0020491774596109735,False,0.1174092199090485,0.21138641644999367,False,12.111549508979436
1197,19.94800369094488,932,669,962.0,906.0,-0.030665230926948613,0.12591262568579822,-1.7569883099082009,8.971250349114968,-0.030665230926948617,False,-1.756988309908201,0.12591262568579786,False,7.214262039206741
1198,19.96466868985127,916,669,925.0,907.0,-0.06330996189245375,0.03779711649456458,-3.627393617571674,5.793008870474543,-0.06330996189245397,False,-3.6273936175716868,0.03779711649456452,False,2.165615252902856
1199,19.981333688757655,900,668,888.0,907.0,-0.09601532999890765,-0.05016707685413893,-5.5012731774932515,2.6269114032426444,-0.09601532999890772,False,-5.501273177493255,-0.050167076854139125,False,-2.8743617742506107
1200,19.99799868766404,884,667,853.0,905.0,-0.12864898179506187,-0.12952290719556644,-7.371043695512407,-0.050072237058192096,-0.1286489817950618,False,-7.371043695512402,-0.12952290719556636,False,-7.421115932570594
1201,20.01466368657043,869,665,818.0,898.0,-0.15945931443734615,-0.21548569150556338,-9.13634572130945,-3.210074947417386,-0.15945931443734596,False,-9.13634572130944,-0.21548569150556318,False,-12.346420668726825
1202,20.031328685476815,854,662,785.0,891.0,-0.1906038145009787,-0.2926582356298651,-10.92079413000052,-5.847287611335919,-0.19060381450097852,False,-10.920794130000509,-0.29265823562986526,False,-16.768081741336452
1203,20.0479936843832,839,659,755.0,883.0,-0.22176149179148494,-0.35877067027057225,-12.705997538177137,-7.850047681406338,-0.22176149179148474,False,-12.705997538177126,-0.3587706702705731,False,-20.556045219583513
1204,20.06465868328959,826,655,726.0,873.0,-0.24943187465909697,-0.43007813505586256,-14.291393694002405,-10.350268305555948,-0.2494318746590971,False,-14.291393694002414,-0.43007813505586157,False,-24.641661999558284
1205,20.081323682195976,813,652,700.0,863.0,-0.2766199293418931,-0.4916776489606526,-15.84915448049752,-12.321899685862725,-0.27661992934189295,False,-15.849154480497509,-0.49167764896065336,False,-28.171054166360285
1206,20.09798868110236,802,648,679.0,853.0,-0.30044970942371646,-0.5404195002705842,-17.21450030591091,-13.749256226162622,-0.3004497094237166,False,-17.21450030591092,-0.540419500270584,False,-30.963756532073518
1207,20.114653680008747,792,644,659.0,843.0,-0.3223969667177263,-0.5891613515805157,-18.471985520745385,-15.284473377041419,-0.3223969667177262,False,-18.47198552074538,-0.5891613515805147,False,-33.75645889778675
1208,20.131318678915136,783,640,644.0,835.0,-0.3424729762891261,-0.6192786125014608,-19.62225613865084,-15.859794700400409,-0.3424729762891259,False,-19.622256138650826,-0.6192786125014607,False,-35.48205083905123
1209,20.14798367782152,775,637,632.0,828.0,-0.35996913566034555,-0.6426628860222918,-20.624712228309978,-16.19715879046442,-0.3599691356603456,False,-20.62471222830998,-0.6426628860222916,False,-36.821871018774374
1210,20.164648676727907,769,634,622.0,823.0,-0.3736519528548152,-0.6610431688506869,-21.40867990540212,-16.466303745696088,-0.37365195285481523,False,-21.408679905402124,-0.6610431688506857,False,-37.874983651098134
1211,20.181313675634296,765,632,616.0,819.0,-0.38279295849311473,-0.6727814411390625,-21.932420948981974,-16.615116163015525,-0.3827929584931149,False,-21.932420948981985,-0.6727814411390618,False,-38.54753711199746
1212,20.197978674540682,762,631,612.0,817.0,-0.3892680576646066,-0.6786624907483126,-22.303416803437116,-16.581079630277472,-0.3892680576646068,False,-22.303416803437127,-0.6786624907483123,False,-38.884496433714574
1213,20.214643673447068,762,630,611.0,817.0,-0.3900480722634496,-0.679289318915276,-22.34810834790941,-16.572302694252116,-0.3900480722634496,False,-22.34810834790941,-0.6792893189152771,False,-38.920411042161575
1214,20.231308672353457,762,631,614.0,818.0,-0.3892680576646066,-0.6695019593761246,-22.303416803437116,-16.056219844553908,-0.3892680576646068,False,-22.303416803437127,-0.6695019593761238,False,-38.35963664799099
1215,20.247973671259842,765,632,619.0,821.0,-0.38279295849311473,-0.6577380027737101,-21.932420948981974,-15.75319063531565,-0.3827929584931149,False,-21.932420948981985,-0.6577380027737103,False,-37.68561158429763
1216,20.264638670166228,770,634,626.0,825.0,-0.371741357676016,-0.6460094647365517,-21.299210865298885,-15.714404989610912,-0.371741357676016,False,-21.299210865298885,-0.6460094647365509,False,-37.013615854909744
1217,20.281303669072617,776,637,636.0,832.0,-0.3580510733691138,-0.6226707887570673,-20.514815354179206,-15.16159286768278,-0.358051073369114,False,-20.51481535417922,-0.6226707887570662,False,-35.67640822186192
1218,20.297968667979003,784,641,650.0,839.0,-0.33985982936768944,-0.5949630479838942,-19.472533848804915,-14.616337766911707,-0.3398598293676893,False,-19.472533848804908,-0.5949630479838941,False,-34.08887161571661
1219,20.31463366688539,794,645,666.0,847.0,-0.31787460481395513,-0.5648049094433026,-18.21287327022855,-14.14806428914134,-0.31787460481395513,False,-18.21287327022855,-0.5648049094433034,False,-32.360937559369944
1220,20.331298665791774,805,649,685.0,855.0,-0.2939978367022821,-0.5274705837654604,-16.844835229017136,-13.377003038045505,-0.2939978367022822,False,-16.844835229017143,-0.5274705837654601,False,-30.22183826706262
1221,20.347963664698163,817,653,706.0,865.0,-0.2682187907595546,-0.4823370214477118,-15.367804696625004,-12.268070935239944,-0.2682187907595548,False,-15.367804696625013,-0.4823370214477123,False,-27.635875631864984
1222,20.36462866360455,831,657,731.0,874.0,-0.23855582654719706,-0.4318231512583066,-13.668242039409314,-11.073402023731024,-0.2385558265471972,False,-13.668242039409321,-0.43182315125830684,False,-24.741644063140345
1223,20.381293662510934,845,660,758.0,882.0,-0.2093853929534955,-0.3734971461064775,-11.996899307923579,-9.402910824158642,-0.20938539295349567,False,-11.99689930792359,-0.37349714610647666,False,-21.39981013208218
1224,20.397958661417324,861,663,787.0,891.0,-0.17620720783922003,-0.31383515242790877,-10.095929328971822,-7.885500367992223,-0.17620720783921984,False,-10.095929328971812,-0.3138351524279095,False,-17.981429696964085
1225,20.41462366032371,876,666,818.0,897.0,-0.14506433454001594,-0.24599699271376327,-8.311574127016765,-5.783015328392332,-0.14506433454001577,False,-8.311574127016756,-0.24599699271376352,False,-14.094589455409114
1226,20.431288659230095,892,667,851.0,902.0,-0.11245983301141396,-0.17272951082565158,-6.443473796300031,-3.453198171369063,-0.11245983301141393,False,-6.4434737963000295,-0.17272951082565058,False,-9.896671967669041
1227,20.447953658136484,908,669,884.0,906.0,-0.07958614275193977,-0.10092178466729385,-4.559950087411836,-1.2224422349521924,-0.07958614275193998,False,-4.559950087411848,-0.10092178466729429,False,-5.782392322364066
1228,20.46461865704287,925,669,918.0,907.0,-0.044959457562444474,-0.029403288204005115,-2.5759871675256,0.8913028496293111,-0.04495945756244435,False,-2.575987167525593,-0.02940328820400495,False,-1.684684317896282
1229,20.481283655949255,940,668,952.0,906.0,-0.014343278601612561,0.050377507181057816,-0.821809328252705,3.708227872117315,-0.014343278601612663,False,-0.8218093282527109,0.05037750718105727,False,2.8864185438645786
1230,20.49794865485564,955,668,986.0,904.0,0.016391974308005267,0.13060816994581406,0.9391909457355799,6.5441059620869755,0.01639197430800543,False,0.9391909457355894,0.13060816994581437,False,7.483296907822565
1231,20.51461365376203,969,666,1019.0,899.0,0.045236607779168096,0.21138641644999373,2.5918667052349997,9.519682803744445,0.04523660777916794,False,2.591866705234991,0.21138641644999367,False,12.111549508979436
1232,20.531278652668416,983,664,1049.0,893.0,0.07424345165158135,0.28060513042474605,4.253836436119192,11.82365324693676,0.07424345165158153,False,4.253836436119203,0.2806051304247461,False,16.077489683055962
1233,20.5479436515748,995,662,1078.0,885.0,0.09925780617081072,0.35631125565237476,5.687053377315033,14.728077764572934,0.0992578061708107,False,5.687053377315032,0.35631125565237554,False,20.415131141888015
1234,20.56460865048119,1006,659,1104.0,876.0,0.12255597310029112,0.4241944079037666,7.021940012765528,17.28260925317119,0.1225559731002912,False,7.021940012765533,0.42419440790376584,False,24.30454926593667
1235,20.581273649387576,1016,656,1127.0,867.0,0.1439552698689136,0.4842825783850835,8.248029402155536,19.499318431023205,0.1439552698689135,False,8.248029402155531,0.48428257838508415,False,27.74734783317879
1236,20.59793864829396,1025,654,1147.0,859.0,0.1630952922102408,0.5368249794469454,9.34467190209969,21.413133757407458,0.16309529221024066,False,9.344671902099682,0.5368249794469442,False,30.757805659507063
1237,20.61460364720035,1032,652,1165.0,849.0,0.17817502318894465,0.5938368430683221,10.208676843372103,23.81566798381534,0.17817502318894451,False,10.208676843372094,0.5938368430683223,False,34.02434482718746
1238,20.631268646106736,1038,650,1178.0,842.0,0.1912506146643961,0.6300339095459151,10.957853049552709,25.140430917555303,0.19125061466439597,False,10.9578530495527,0.6300339095459151,False,36.098283967108
1239,20.647933645013122,1042,648,1189.0,836.0,0.20027029525730616,0.6636157467843974,11.47464268008251,26.547738829085787,0.20027029525730633,False,11.47464268008252,0.6636157467843979,False,38.02238150916833
1240,20.66459864391951,1045,647,1197.0,831.0,0.20684862803679654,0.690446457054692,11.851553384579873,27.708114584414613,0.2068486280367967,False,11.851553384579883,0.6904464570546924,False,39.55966796899452
1241,20.681263642825897,1047,647,1201.0,828.0,0.21094709163268058,0.7049749875780165,12.086378051112039,28.30571339939593,0.21094709163268055,False,12.086378051112037,0.7049749875780158,False,40.39209145050794
1242,20.697928641732283,1047,647,1203.0,827.0,0.21094709163268058,0.714090698612158,12.086378051112039,28.828005168913087,0.21094709163268055,False,12.086378051112037,0.7140906986121571,False,40.91438322002507
1243,20.714593640638668,1045,647,1200.0,828.0,0.20684862803679654,0.708171106023464,11.851553384579873,28.72366216367615,0.2068486280367967,False,11.851553384579883,0.7081711060234639,False,40.57521554825603
1244,20.731258639545057,1042,648,1194.0,830.0,0.20027029525730616,0.6958181893838117,11.47464268008251,28.39280288004452,0.20027029525730633,False,11.47464268008252,0.6958181893838109,False,39.86744556012699
1245,20.747923638451443,1038,650,1186.0,835.0,0.1912506146643961,0.6747409422235526,10.957853049552709,27.701955204537377,0.19125061466439597,False,10.9578530495527,0.6747409422235524,False,38.65980825409008
1246,20.76458863735783,1032,652,1175.0,841.0,0.17817502318894465,0.6477204930362879,10.208676843372103,26.902973711740028,0.17817502318894451,False,10.208676843372094,0.6477204930362888,False,37.11165055511218
1247,20.781253636264218,1024,654,1160.0,849.0,0.161040518396468,0.6090030164042272,9.226942034716508,25.666360515982138,0.16104051839646782,False,9.226942034716497,0.6090030164042268,False,34.893302550698635
1248,20.797918635170603,1015,657,1143.0,858.0,0.141603541257735,0.567051071390732,8.11328527817484,24.376347880885653,0.141603541257735,False,8.11328527817484,0.5670510713907326,False,32.48963315906052
1249,20.81458363407699,1005,659,1122.0,866.0,0.12049897252737911,0.5144513130590278,6.904082561481678,22.57180644176407,0.12049897252737907,False,6.904082561481675,0.5144513130590269,False,29.475889003245694
1250,20.831248632983378,994,662,1099.0,875.0,0.09720307293832454,0.45799795159722173,5.569325835068303,20.672023817089457,0.09720307293832464,False,5.569325835068308,0.45799795159722123,False,26.241349652157737
1251,20.847913631889764,982,664,1074.0,884.0,0.0721883924681464,0.39608144156430747,4.136090218258769,18.55770472683358,0.07218839246814657,False,4.136090218258778,0.39608144156430747,False,22.69379494509236
1252,20.86457863079615,968,666,1045.0,892.0,0.04318301433712958,0.32837297413931005,2.4742044681704494,16.340181056170533,0.04318301433712968,False,2.4742044681704547,0.32837297413930955,False,18.814385524340963
1253,20.881243629702535,955,667,1015.0,898.0,0.016425627345179168,0.2541247495556341,0.9411191227334413,13.619156496623425,0.016425627345179272,False,0.9411191227334473,0.25412474955563447,False,14.560275619356897
1254,20.897908628608924,940,668,983.0,903.0,-0.014343278601612561,0.18097667416105903,-0.821809328252705,11.191008947995678,-0.014343278601612663,False,-0.8218093282527109,0.18097667416105878,False,10.369199619742966
1255,20.91457362751531,926,669,950.0,906.0,-0.042918414078704496,0.10092178466729385,-2.459043990104621,8.24143631246866,-0.04291841407870445,False,-2.459043990104618,0.10092178466729429,False,5.782392322364066
1256,20.931238626421695,912,668,916.0,907.0,-0.07159871277472526,0.01673483927434091,-4.10230406056117,5.061139721810667,-0.07159871277472529,False,-4.102304060561171,0.01673483927434205,False,0.9588356612495726
1257,20.947903625328085,896,668,883.0,906.0,-0.10413019254942915,-0.05456762350389413,-5.966220552966901,2.8397260281348937,-0.10413019254942935,False,-5.966220552966911,-0.054567623503894325,False,-3.126494524832018
1258,20.96456862423447,882,666,850.0,903.0,-0.1329558449431068,-0.13420944732917872,-7.617808776835809,-0.07182612590944727,-0.13295584494310697,False,-7.617808776835818,-0.1342094473291784,False,-7.68963490274524
1259,20.981233623140856,868,664,818.0,898.0,-0.16179636010323983,-0.21050956212735614,-9.270248574494499,-2.791060882550005,-0.16179636010323994,False,-9.270248574494506,-0.21050956212735628,False,-12.06130945704451
1260,20.997898622047245,854,662,788.0,893.0,-0.1906038145009787,-0.27829965900511133,-10.92079413000052,-5.0246017709223265,-0.19060381450097852,False,-10.920794130000509,-0.27829965900511056,False,-15.94539590092281
1261,21.01456362095363,841,659,760.0,884.0,-0.2177845773227172,-0.34555558058171215,-12.478137123632234,-7.320739230892697,-0.21778457732271717,False,-12.478137123632232,-0.34555558058171343,False,-19.798876354525003
1262,21.031228619860016,829,656,734.0,876.0,-0.24300042634046246,-0.4076315054576269,-13.922898849188138,-9.43266601009786,-0.24300042634046237,False,-13.922898849188135,-0.4076315054576263,False,-23.35556485928597
1263,21.047893618766405,817,652,711.0,868.0,-0.26876010551872115,-0.4562128017556078,-15.398819747713386,-10.74024835272146,-0.2687601055187212,False,-15.39881974771339,-0.4562128017556084,False,-26.139068100434876
1264,21.06455861767279,807,649,692.0,858.0,-0.29008693232102806,-0.5030268656549053,-16.62075691389206,-12.200559469828281,-0.290086932321028,False,-16.620756913892055,-0.5030268656549062,False,-28.821316383720387
1265,21.081223616579177,798,646,674.0,851.0,-0.30946933607450516,-0.5439985830553079,-17.731286845784823,-13.437536024381298,-0.3094693360745051,False,-17.73128684578482,-0.5439985830553091,False,-31.168822870166192
1266,21.097888615485562,790,643,660.0,844.0,-0.3269251524535411,-0.5740985169942165,-18.731431452258914,-14.161990596229264,-0.32692515245354103,False,-18.73143145225891,-0.5740985169942157,False,-32.89342204848813
1267,21.11455361439195,784,640,649.0,838.0,-0.34054289795804943,-0.5984188934785372,-19.511670796150494,-14.775206181058467,-0.3405428979580494,False,-19.51167079615049,-0.5984188934785379,False,-34.286876977209005
1268,21.131218613298337,779,638,640.0,833.0,-0.3515730978263016,-0.6192786125014608,-20.1436546957871,-15.338396143264148,-0.3515730978263014,False,-20.143654695787088,-0.6192786125014607,False,-35.48205083905123
1269,21.147883612204723,775,637,636.0,831.0,-0.35996913566034555,-0.6217107611239197,-20.624712228309978,-14.996690461956712,-0.3599691356603456,False,-20.62471222830998,-0.6217107611239197,False,-35.62140269026669
1270,21.164548611111112,774,636,633.0,830.0,-0.3626103442254743,-0.6284897260326391,-20.776042331905657,-15.233766437097955,-0.36261034422547445,False,-20.776042331905668,-0.6284897260326403,False,-36.009808769003676
1271,21.181213610017497,773,635,633.0,829.0,-0.3652578450057988,-0.6251085342329235,-20.927732952875843,-14.88834779627982,-0.36525784500579883,False,-20.927732952875846,-0.6251085342329237,False,-35.81608074915567
1272,21.197878608923883,774,636,636.0,831.0,-0.3626103442254743,-0.6158699519395265,-20.776042331905657,-14.510706643154064,-0.36261034422547445,False,-20.776042331905668,-0.6158699519395263,False,-35.28674897505971
1273,21.214543607830272,778,637,642.0,834.0,-0.35420668562566154,-0.604223660410364,-20.29454816166757,-14.324917461792166,-0.3542066856256616,False,-20.294548161667574,-0.6042236604103639,False,-34.61946562345974
1274,21.231208606736658,783,640,649.0,838.0,-0.3424729762891261,-0.5949630479838942,-19.62225613865084,-14.466615477065789,-0.3424729762891259,False,-19.622256138650826,-0.5949630479838941,False,-34.08887161571661
1275,21.247873605643044,789,642,660.0,845.0,-0.3295224186398623,-0.5660914625079305,-18.88024384300716,-13.55440777708553,-0.3295224186398622,False,-18.880243843007154,-0.5660914625079307,False,-32.43465162009271
1276,21.26453860454943,797,645,674.0,850.0,-0.3120421215625333,-0.5404195002705842,-17.87869659584134,-13.085059936232177,-0.3120421215625333,False,-17.87869659584134,-0.540419500270584,False,-30.963756532073518
1277,21.28120360345582,806,649,689.0,857.0,-0.29204353409369666,-0.5123894603107377,-16.732861937653784,-12.624891605137478,-0.2920435340936969,False,-16.732861937653798,-0.5123894603107377,False,-29.357753542791276
1278,21.297868602362204,817,652,708.0,865.0,-0.26876010551872115,-0.472993131308296,-15.398819747713386,-11.701690414929134,-0.2687601055187212,False,-15.39881974771339,-0.47299313130829646,False,-27.10051016264255
1279,21.31453360126859,828,656,728.0,873.0,-0.24497866312686414,-0.4318231512583066,-14.036243467926479,-10.705400595213863,-0.24497866312686423,False,-14.036243467926484,-0.43182315125830684,False,-24.741644063140345
1280,21.33119860017498,841,659,751.0,880.0,-0.2177845773227172,-0.3867319776141511,-12.478137123632234,-9.67997299640646,-0.21778457732271717,False,-12.478137123632232,-0.3867319776141507,False,-22.158110120038668
1281,21.347863599081364,855,662,777.0,888.0,-0.18860282082489768,-0.3323321700177181,-10.806145637528708,-8.235085100910656,-0.18860282082489777,False,-10.806145637528713,-0.3323321700177182,False,-19.04123073843937
1282,21.36452859798775,870,665,805.0,894.0,-0.15744879611045856,-0.27656855859928864,-9.021151506545086,-6.825059647210754,-0.15744879611045848,False,-9.021151506545083,-0.27656855859928875,False,-15.846211153755837
1283,21.38119359689414,884,667,833.0,899.0,-0.12864898179506187,-0.21638584481804565,-7.371043695512407,-5.026951958934384,-0.1286489817950618,False,-7.371043695512402,-0.21638584481804557,False,-12.397995654446786
1284,21.397858595800525,899,668,863.0,904.0,-0.09804527729383924,-0.15137544373402623,-5.61758059012683,-3.0555934577529276,-0.09804527729383938,False,-5.617580590126838,-0.15137544373402534,False,-8.673174047879716
1285,21.41452359470691,914,669,895.0,907.0,-0.06738249584337626,-0.07966298504578714,-3.8607326248832723,-0.7036202016541342,-0.06738249584337641,False,-3.8607326248832807,-0.07966298504578617,False,-4.5643528265373385
1286,21.4311885936133,928,669,926.0,907.0,-0.038835270437665124,-0.008403163547646988,-2.225097092327385,1.7436312864890227,-0.038835270437665326,False,-2.2250970923273967,-0.008403163547647807,False,-0.48146580583839943
1287,21.447853592519685,943,668,957.0,907.0,-0.008196537749912585,0.05851054432966771,-0.4696270196896474,3.822034266792706,-0.00819653774991247,False,-0.4696270196896407,0.058510544329667624,False,3.3524072471030655
1288,21.46451859142607,956,667,988.0,904.0,0.018478389371786808,0.13420944732917872,1.0587337232027807,6.630901179542485,0.018478389371786808,False,1.0587337232027807,0.1342094473291784,False,7.68963490274524
1289,21.481183590332456,969,666,1017.0,900.0,0.045236607779168096,0.20232162837830375,2.5918667052349997,9.00030870505607,0.04523660777916794,False,2.591866705234991,0.2023216283783036,False,11.592175410291063
1290,21.497848589238846,981,664,1045.0,894.0,0.07013272230071667,0.27139528080163583,4.018308993594093,11.531495176107494,0.07013272230071665,False,4.018308993594093,0.2713952808016362,False,15.549804169701613
1291,21.51451358814523,992,662,1071.0,887.0,0.0930911522812464,0.33766433024524956,5.333730135725064,14.013010879439362,0.09309115228124654,False,5.333730135725072,0.33766433024525,False,19.346741015164458
1292,21.531178587051617,1002,660,1094.0,880.0,0.1140857791681595,0.39608144156430747,6.536633648797067,16.157161296295293,0.11408577916815954,False,6.5366336487970695,0.39608144156430747,False,22.69379494509236
1293,21.547843585958006,1010,658,1115.0,872.0,0.13104385800043422,0.45614305945352746,7.508259994536548,18.626812166335554,0.13104385800043428,False,7.508259994536552,0.4561430594535274,False,26.135072160872106
1294,21.56450858486439,1018,656,1134.0,864.0,0.14806800183754476,0.5087298243155532,8.483671586226633,20.664400259486424,0.14806800183754465,False,8.483671586226626,0.5087298243155534,False,29.14807184571305
1295,21.581173583770777,1024,654,1149.0,857.0,0.161040518396468,0.5519297832910718,9.226942034716508,22.39630513543204,0.16104051839646782,False,9.226942034716497,0.5519297832910723,False,31.623247170148588
1296,21.597838582677166,1029,653,1162.0,851.0,0.17165543490067284,0.5914909614909966,9.835131950291206,24.054803763278,0.1716554349006727,False,9.8351319502912,0.5914909614909973,False,33.88993571356925
1297,21.614503581583552,1032,651,1170.0,846.0,0.17854533384088594,0.6158699519395265,10.229894080837077,25.05685489422264,0.17854533384088578,False,10.229894080837067,0.6158699519395263,False,35.28674897505971
1298,21.631168580489938,1034,651,1176.0,842.0,0.18265461291457086,0.6392994528464125,10.465338428600651,26.16382206452157,0.18265461291457097,False,10.465338428600656,0.6392994528464122,False,36.6291604931222
1299,21.647833579396323,1035,651,1180.0,840.0,0.18470692444247122,0.6544158726530068,10.582927217395387,26.912340331992656,0.18470692444247128,False,10.58292721739539,0.6544158726530078,False,37.495267549388096
1300,21.664498578302712,1035,651,1180.0,839.0,0.18470692444247122,0.6569796522436236,10.582927217395387,27.059234082136776,0.18470692444247128,False,10.58292721739539,0.6569796522436242,False,37.64216129953219
1301,21.681163577209098,1033,651,1176.0,841.0,0.1806007441891719,0.6451831929932239,10.347660418961377,26.618613552324806,0.1806007441891717,False,10.347660418961366,0.6451831929932244,False,36.96627397128622
1302,21.697828576115484,1029,652,1171.0,845.0,0.17201198762928016,0.6343193968699077,9.85556091681428,26.488263387115317,0.17201198762928005,False,9.855560916814273,0.6343193968699072,False,36.343824303929566
1303,21.714493575021873,1025,654,1162.0,849.0,0.1630952922102408,0.612444766409215,9.34467190209969,25.745828398023892,0.16309529221024066,False,9.344671902099682,0.6124447664092152,False,35.0905003001236
1304,21.73115857392826,1018,656,1150.0,854.0,0.14806800183754476,0.5880026035475675,8.483671586226633,25.206395939753154,0.14806800183754465,False,8.483671586226626,0.5880026035475687,False,33.690067525979856
1305,21.747823572834644,1011,657,1135.0,861.0,0.13337536844147532,0.5461665634337878,7.641845702698888,23.651193293221304,0.13337536844147513,False,7.641845702698877,0.546166563433788,False,31.293038995920206
1306,21.764488571741033,1003,660,1118.0,869.0,0.11614162687999023,0.5030268656549053,6.654425046006596,22.16689133771373,0.11614162687999041,False,6.6544250460066054,0.5030268656549062,False,28.821316383720387
1307,21.78115357064742,993,662,1098.0,875.0,0.09514751601325162,0.45799795159722173,5.451551098712734,20.78979855344503,0.09514751601325155,False,5.451551098712731,0.45799795159722123,False,26.241349652157737
1308,21.797818569553804,983,664,1075.0,883.0,0.07424345165158135,0.3977056192195359,4.253836436119192,18.533017033797197,0.07424345165158153,False,4.253836436119203,0.3977056192195363,False,22.786853469916426
1309,21.814483568460194,971,666,1051.0,890.0,0.04934263225296999,0.3430239404207034,2.827124578161273,16.826699479892035,0.0493426322529702,False,2.827124578161285,0.3430239404207036,False,19.65382405805332
1310,21.83114856736658,959,667,1024.0,896.0,0.024635671943408474,0.27656855859928864,1.4115200278261602,14.434691125929678,0.024635671943408433,False,1.411520027826158,0.27656855859928875,False,15.846211153755837
1311,21.847813566272965,946,668,996.0,901.0,-0.0020491774596110407,0.21138641644999373,-0.11740921990905234,12.228958728888484,-0.0020491774596109735,False,-0.1174092199090485,0.21138641644999367,False,12.111549508979436
1312,21.86447856517935,933,668,966.0,905.0,-0.02868065795522624,0.13835097017712528,-1.6432806544927732,9.570207337182376,-0.02868065795522634,False,-1.643280654492779,0.13835097017712528,False,7.926926682689598
1313,21.88114356408574,919,668,936.0,907.0,-0.05731420910603989,0.07101011124067928,-3.2838622879063566,7.352441964751757,-0.057314209106039904,False,-3.2838622879063575,0.07101011124067824,False,4.068579676845349
1314,21.897808562992125,906,668,905.0,908.0,-0.08381954279000571,-0.004166642554263516,-4.802506042583536,4.56377500948463,-0.08381954279000592,False,-4.802506042583548,-0.004166642554263689,False,-0.23873103309891847
1315,21.91447356189851,892,667,875.0,906.0,-0.11245983301141396,-0.07101011124067928,-6.443473796300031,2.3748941194546296,-0.11245983301141393,False,-6.4434737963000295,-0.07101011124067824,False,-4.068579676845349
1316,21.9311385608049,879,666,844.0,902.0,-0.13901521820165255,-0.14723191804075808,-7.964985291044913,-0.47078222230655825,-0.1390152182016524,False,-7.964985291044905,-0.14723191804075775,False,-8.435767513351463
1317,21.947803559711286,866,664,815.0,898.0,-0.16581869406478378,-0.21459288149122355,-9.500711334283103,-2.794555088715034,-0.16581869406478367,False,-9.500711334283098,-0.21459288149122457,False,-12.295266422998207
1318,21.96446855861767,854,662,789.0,892.0,-0.1906038145009787,-0.2754261036960354,-10.92079413000052,-4.859959179514877,-0.19060381450097852,False,-10.920794130000509,-0.2754261036960344,False,-15.780753309515333
1319,21.98113355752406,842,659,763.0,886.0,-0.21579348377025762,-0.33490768986939795,-12.364055866460589,-6.824741289532179,-0.21579348377025775,False,-12.364055866460596,-0.33490768986939834,False,-19.188797155992802
1320,21.997798556430446,831,657,741.0,879.0,-0.23855582654719706,-0.3851575063634742,-13.668242039409314,-8.399657523000899,-0.2385558265471972,False,-13.668242039409321,-0.38515750636347335,False,-22.06789956241017
1321,22.01446355533683,821,654,720.0,872.0,-0.2598143698458381,-0.43386126291907184,-14.886266849017565,-9.972152410461016,-0.25981436984583794,False,-14.886266849017556,-0.4338612629190717,False,-24.85841925947857
1322,22.031128554243217,812,651,702.0,864.0,-0.2791407016999942,-0.47670656810002165,-15.993584097729952,-11.319690320567041,-0.27914070169999405,False,-15.993584097729943,-0.47670656810002043,False,-27.313274418296935
1323,22.047793553149607,805,648,688.0,857.0,-0.2945903525724562,-0.5103426130441365,-16.878783887672633,-12.361693945434507,-0.294590352572456,False,-16.878783887672625,-0.5103426130441377,False,-29.240477833107207
1324,22.064458552055992,798,646,676.0,852.0,-0.30946933607450516,-0.5346889039760393,-17.731286845784823,-12.904130704517982,-0.3094693360745051,False,-17.73128684578482,-0.5346889039760399,False,-30.635417550302826
1325,22.081123550962378,792,644,666.0,848.0,-0.3223969667177263,-0.5532943253222926,-18.471985520745385,-13.229444148760324,-0.3223969667177262,False,-18.47198552074538,-0.5532943253222928,False,-31.701429669505732
1326,22.097788549868767,788,642,659.0,844.0,-0.33145898723075107,-0.5683292161581751,-18.991201050002683,-13.571664409839036,-0.33145898723075096,False,-18.991201050002676,-0.5683292161581761,False,-32.56286545984176
1327,22.114453548775153,786,641,655.0,842.0,-0.3359982948934376,-0.5775983547007765,-19.251284220986015,-13.84266375706878,-0.3359982948934377,False,-19.25128422098602,-0.5775983547007755,False,-33.09394797805475
1328,22.131118547681538,785,640,654.0,841.0,-0.3386101759794592,-0.5775983547007765,-19.4009339838051,-13.693013994249707,-0.3386101759794591,False,-19.400933983805093,-0.5775983547007755,False,-33.09394797805475
1329,22.147783546587927,785,641,655.0,842.0,-0.33793037213628074,-0.5740985169942165,-19.3619840926942,-13.531437955793963,-0.33793037213628097,False,-19.36198409269421,-0.5740985169942157,False,-32.89342204848813
1330,22.164448545494313,787,642,659.0,845.0,-0.3333929778872647,-0.562574559421413,-19.10201055223865,-13.13113736404007,-0.33339297788726485,False,-19.102010552238657,-0.5625745594214138,False,-32.23314791627875
1331,22.1811135444007,790,643,665.0,847.0,-0.3269251524535411,-0.549738226935052,-18.731431452258914,-12.76624878812465,-0.32692515245354103,False,-18.73143145225891,-0.5497382269350517,False,-31.497680240383534
1332,22.197778543307088,795,645,674.0,851.0,-0.315932908330221,-0.5310873950188547,-18.10162225661519,-12.327444030562374,-0.3159329083302209,False,-18.101622256615187,-0.5310873950188544,False,-30.429066287177534
1333,22.214443542213473,802,647,685.0,856.0,-0.30105493263547256,-0.5103426130441365,-17.249177041607886,-11.991300791499244,-0.30105493263547256,False,-17.249177041607886,-0.5103426130441377,False,-29.240477833107207
1334,22.23110854111986,810,650,698.0,862.0,-0.2836306971663148,-0.4860319293400963,-16.250841887982993,-11.596736371805173,-0.28363069716631495,False,-16.250841887983004,-0.486031929340097,False,-27.847578259788204
1335,22.247773540026245,819,653,713.0,868.0,-0.26428319542144896,-0.4580506525194391,-15.142311693880186,-11.10205749869707,-0.26428319542144907,False,-15.142311693880194,-0.45805065251943944,False,-26.244369192577288
1336,22.264438538932634,829,656,732.0,875.0,-0.24300042634046246,-0.41695260495747566,-13.922898849188138,-9.966725671860694,-0.24300042634046237,False,-13.922898849188135,-0.4169526049574763,False,-23.88962452104888
1337,22.28110353783902,841,659,752.0,881.0,-0.2177845773227172,-0.3812827744718905,-12.478137123632234,-9.367756654645488,-0.21778457732271717,False,-12.478137123632232,-0.38128277447189163,False,-21.845893778277794
1338,22.297768536745405,853,662,774.0,887.0,-0.19260326426862212,-0.33766433024524956,-11.0353541630349,-8.31138685212953,-0.19260326426862218,False,-11.035354163034903,-0.33766433024525,False,-19.346741015164458
1339,22.314433535651794,865,664,798.0,893.0,-0.16782784046180874,-0.2846323319793205,-9.615826943256549,-6.692404392125045,-0.16782784046180854,False,-9.615826943256538,-0.2846323319793207,False,-16.30823133538161
1340,22.33109853455818,879,666,824.0,898.0,-0.13901521820165255,-0.23277174150088592,-7.964985291044913,-5.371853086866032,-0.1390152182016524,False,-7.964985291044905,-0.23277174150088698,False,-13.336838377911015
1341,22.347763533464565,892,667,850.0,902.0,-0.11245983301141396,-0.1768561314739792,-6.443473796300031,-3.6896361181697794,-0.11245983301141393,False,-6.4434737963000295,-0.17685613147397916,False,-10.13310991446981
1342,22.364428532370955,906,668,879.0,906.0,-0.08381954279000571,-0.11296242686470927,-4.802506042583536,-1.6697642603195268,-0.08381954279000592,False,-4.802506042583548,-0.11296242686470848,False,-6.472270302903024
1343,22.38109353127734,919,668,906.0,907.0,-0.05731420910603989,-0.05433975721276864,-3.2838622879063566,0.1704235398491415,-0.057314209106039904,False,-3.2838622879063575,-0.05433975721276951,False,-3.1134387480572667
1344,22.397758530183726,933,668,935.0,907.0,-0.02868065795522624,0.008368005512292491,-1.6432806544927732,2.122732053289338,-0.02868065795522634,False,-1.643280654492779,0.008368005512291887,False,0.4794513987965335
1345,22.41442352909011,945,668,963.0,906.0,-0.004098337709848645,0.07548654493392346,-0.23481745379363872,4.55987788853209,-0.004098337709848465,False,-0.23481745379362842,0.07548654493392348,False,4.325060434738461
1346,22.4310885279965,957,667,991.0,903.0,0.02053099566304746,0.1430832936681563,1.1763394006940167,7.021729445322273,0.020530995663047502,False,1.176339400694019,0.14308329366815542,False,8.198068846016241
1347,22.447753526902886,969,666,1017.0,899.0,0.045236607779168096,0.20316631194892554,2.5918667052349997,9.048705508676736,0.04523660777916794,False,2.591866705234991,0.20316631194892665,False,11.640572213911804
1348,22.464418525809272,979,664,1043.0,895.0,0.0660196174786768,0.27027690850028346,3.7826454465963018,11.703080710313456,0.0660196174786769,False,3.782645446596308,0.27027690850028385,False,15.48572615690979
1349,22.48108352471566,989,662,1065.0,888.0,0.08691738970361512,0.3244030680696465,4.979999596310984,13.606927065174913,0.08691738970361529,False,4.979999596310993,0.32440306806964614,False,18.586926661485883
1350,22.497748523622047,997,661,1086.0,882.0,0.10357809759460818,0.3828446425313149,5.934587842165192,16.000794384073842,0.10357809759460812,False,5.93458784216519,0.3828446425313139,False,21.93538222623898
1351,22.514413522528432,1005,659,1104.0,877.0,0.12049897252737911,0.42628183119802276,6.904082561481678,17.520067249273215,0.12049897252737907,False,6.904082561481675,0.4262818311980219,False,24.424149810754837
1352,22.53107852143482,1011,657,1120.0,870.0,0.13337536844147532,0.472993131308296,7.641845702698888,19.458664459943645,0.13337536844147513,False,7.641845702698877,0.47299313130829646,False,27.10051016264255
1353,22.547743520341207,1016,656,1133.0,864.0,0.1439552698689136,0.5123894603107377,8.248029402155536,21.109724140635745,0.1439552698689135,False,8.248029402155531,0.5123894603107377,False,29.357753542791276
1354,22.564408519247593,1020,655,1144.0,859.0,0.15249112558057487,0.5461665634337878,8.737097908966366,22.555941086953823,0.15249112558057476,False,8.737097908966359,0.546166563433788,False,31.293038995920206
1355,22.581073518153982,1023,654,1151.0,855.0,0.1589843719326234,0.567051071390732,9.109133520277464,23.380499638783018,0.1589843719326236,False,9.109133520277476,0.5670510713907326,False,32.48963315906052
1356,22.597738517060368,1024,654,1156.0,853.0,0.161040518396468,0.585679727353805,9.226942034716508,24.330034489029284,0.16104051839646782,False,9.226942034716497,0.5856797273538046,False,33.55697652374576
1357,22.614403515966753,1024,654,1158.0,851.0,0.161040518396468,0.5973154891344067,9.226942034716508,24.99671453047737,0.16104051839646782,False,9.226942034716497,0.5973154891344059,False,34.22365656519384
1358,22.63106851487314,1023,654,1156.0,852.0,0.1589843719326234,0.5914909614909966,9.109133520277464,24.78080219329175,0.1589843719326236,False,9.109133520277476,0.5914909614909973,False,33.88993571356925
1359,22.647733513779528,1020,655,1152.0,854.0,0.15249112558057487,0.585679727353805,8.737097908966366,24.819878614779423,0.15249112558057476,False,8.737097908966359,0.5856797273538046,False,33.55697652374576
1360,22.664398512685914,1017,656,1145.0,857.0,0.1460122577112754,0.567051071390732,8.36588612403259,24.12374703502789,0.14601225771127524,False,8.36588612403258,0.5670510713907326,False,32.48963315906052
1361,22.6810635115923,1012,657,1135.0,861.0,0.13543415986471463,0.5425793241259905,7.759805762148233,23.327699561331755,0.1354341598647144,False,7.75980576214822,0.5425793241259917,False,31.087505323480052
1362,22.69772851049869,1006,659,1123.0,866.0,0.12255597310029112,0.5144513130590278,7.021940012765528,22.453948990480214,0.1225559731002912,False,7.021940012765533,0.5144513130590269,False,29.475889003245694
1363,22.714393509405074,998,660,1109.0,871.0,0.10585286555117299,0.4842825783850835,6.064922445447955,21.682425387730806,0.10585286555117301,False,6.064922445447956,0.48428257838508415,False,27.74734783317879
1364,22.73105850831146,990,662,1091.0,878.0,0.08897607214100724,0.4373872306071295,5.0979534113312575,19.96248891537254,0.08897607214100711,False,5.09795341133125,0.43738723060712914,False,25.060442326703765
1365,22.74772350721785,981,664,1072.0,884.0,0.07013272230071667,0.39220631123986943,4.018308993594093,18.453457338844796,0.07013272230071665,False,4.018308993594093,0.39220631123986927,False,22.47176633243889
1366,22.764388506124234,970,665,1051.0,890.0,0.04738717851460007,0.34555558058171215,2.7150853319195978,17.083791022605332,0.04738717851460006,False,2.715085331919597,0.34555558058171343,False,19.798876354525003
1367,22.78105350503062,960,667,1026.0,895.0,0.026687707407175736,0.28177186727335213,1.5290929993111948,14.615245780972286,0.026687707407175854,False,1.5290929993112017,0.2817718672733527,False,16.144338780283512
1368,22.797718503937006,948,668,1001.0,900.0,0.0020491774596110407,0.22459412721667524,0.11740921990905234,12.750886373030733,0.0020491774596109735,False,0.1174092199090485,0.22459412721667604,False,12.868295592939832
1369,22.814383502843395,936,668,976.0,904.0,-0.022537167109211897,0.16789592325037456,-1.2912845575388958,10.911012357237754,-0.022537167109212053,False,-1.2912845575389047,0.1678959232503736,False,9.619727799698799
1370,22.83104850174978,924,668,949.0,906.0,-0.04709629579913014,0.10465821607405422,-2.698418979989866,8.694893052401397,-0.04709629579913033,False,-2.6984189799898766,0.10465821607405346,False,5.996474072411495
1371,22.847713500656166,911,668,921.0,907.0,-0.07363710529996562,0.041816613207517075,-4.219095349248455,6.615010799570211,-0.07363710529996581,False,-4.219095349248467,0.041816613207517506,False,2.3959154503217692
1372,22.864378499562555,899,668,893.0,907.0,-0.09804527729383924,-0.025099330520065605,-5.61758059012683,4.179494882723186,-0.09804527729383938,False,-5.617580590126838,-0.02509933052006552,False,-1.438085707403652
1373,22.88104349846894,887,666,865.0,904.0,-0.12283523887789499,-0.09217503755646181,-7.037940763184669,1.75670013473954,-0.12283523887789505,False,-7.037940763184673,-0.09217503755646206,False,-5.281240628445133
1374,22.897708497375326,875,665,838.0,902.0,-0.14737724202674138,-0.15486802523009655,-8.444093964410344,-0.4291902627997445,-0.1473772420267414,False,-8.444093964410346,-0.15486802523009757,False,-8.87328422721014
1375,22.914373496281716,864,664,813.0,897.0,-0.169835619994196,-0.21548569150556338,-9.730864236655089,-2.615556432071738,-0.16983561999419594,False,-9.730864236655087,-0.21548569150556318,False,-12.346420668726825
1376,22.9310384951881,853,661,788.0,892.0,-0.1929938275740361,-0.27429281153018426,-11.0577317920678,-4.6580886593890725,-0.19299382757403594,False,-11.057731792067791,-0.27429281153018437,False,-15.715820451456889
1377,22.947703494094487,843,659,766.0,886.0,-0.213800650632177,-0.3270275502686965,-12.249874938374758,-6.487423476523925,-0.21380065063217701,False,-12.24987493837476,-0.3270275502686957,False,-18.737298414898632
1378,22.964368493000876,833,657,746.0,880.0,-0.23459327984235898,-0.3719728371687995,-13.441204837098619,-7.871268826180599,-0.2345932798423589,False,-13.441204837098615,-0.3719728371687996,False,-21.312473663279214
1379,22.98103349190726,825,655,728.0,874.0,-0.2514078524856399,-0.41695260495747566,-14.404608883874749,-9.485015637174085,-0.2514078524856398,False,-14.404608883874744,-0.4169526049574763,False,-23.88962452104888
1380,22.997698490813647,817,653,714.0,868.0,-0.2682187907595546,-0.4467636600691884,-15.367804696625004,-10.229867465156868,-0.2682187907595548,False,-15.367804696625013,-0.44676366006918755,False,-25.59767216178183
1381,23.014363489720033,811,650,701.0,864.0,-0.2816685401400146,-0.4747995630264205,-16.138418571634052,-11.065592504435564,-0.28166854014001474,False,-16.138418571634062,-0.47479956302641924,False,-27.204011076069552
1382,23.031028488626422,805,649,690.0,859.0,-0.2939978367022821,-0.5010133868035894,-16.844835229017136,-11.861117314383952,-0.2939978367022822,False,-16.844835229017143,-0.5010133868035886,False,-28.705952543401043
1383,23.047693487532808,801,647,683.0,856.0,-0.3030067898569325,-0.5139782015977179,-17.361010222609675,-12.087771490663739,-0.30300678985693263,False,-17.361010222609682,-0.5139782015977179,False,-29.448781713273423
1384,23.064358486439193,798,645,679.0,853.0,-0.3100930514119546,-0.5196637125439854,-17.76702310223825,-12.007514392631723,-0.3100930514119544,False,-17.76702310223824,-0.5196637125439842,False,-29.774537494869914
1385,23.081023485345582,796,645,675.0,852.0,-0.31398874390749354,-0.5289750786241577,-17.990229840513422,-12.317809632251713,-0.31398874390749354,False,-17.990229840513422,-0.5289750786241569,False,-30.30803947276508
1386,23.097688484251968,796,645,676.0,852.0,-0.31398874390749354,-0.5253668738153162,-17.990229840513422,-12.111074725086274,-0.31398874390749354,False,-17.990229840513422,-0.5253668738153152,False,-30.101304565599644
1387,23.114353483158354,797,645,679.0,854.0,-0.3120421215625333,-0.5139782015977179,-17.87869659584134,-11.570085117432082,-0.3120421215625333,False,-17.87869659584134,-0.5139782015977179,False,-29.448781713273423
1388,23.131018482064743,799,646,683.0,856.0,-0.30752124315746393,-0.5046693593726996,-17.61966934353903,-11.295754998087665,-0.3075212431574639,False,-17.619669343539027,-0.5046693593726985,False,-28.91542434162664
1389,23.14768348097113,803,648,690.0,859.0,-0.2984989315861793,-0.4916776489606526,-17.102728969052375,-11.068325197307864,-0.29849893158617924,False,-17.10272896905237,-0.49167764896065336,False,-28.171054166360285
1390,23.164348479877514,809,650,700.0,863.0,-0.28559061225685184,-0.472993131308296,-16.36313675087477,-10.737373411767752,-0.2855906122568519,False,-16.363136750874773,-0.47299313130829646,False,-27.10051016264255
1391,23.1810134787839,816,652,711.0,867.0,-0.27072829499275824,-0.45430208669331623,-15.511588697857785,-10.518003493655671,-0.2707282949927583,False,-15.511588697857789,-0.45430208669331584,False,-26.029592191513434
1392,23.19767847769029,823,654,724.0,872.0,-0.2558693216479237,-0.42628183119802276,-14.660232237301377,-9.763917573453522,-0.25586932164792353,False,-14.660232237301368,-0.4262818311980219,False,-24.424149810754837
1393,23.214343476596675,832,657,740.0,877.0,-0.23657549957921717,-0.39608144156430747,-13.554777662088126,-9.139017283004227,-0.2365754995792173,False,-13.554777662088135,-0.39608144156430747,False,-22.69379494509236
1394,23.23100847550306,842,659,757.0,883.0,-0.21579348377025762,-0.36267880865381774,-12.364055866460589,-8.415909188235931,-0.21579348377025775,False,-12.364055866460596,-0.3626788086538184,False,-20.779965054696554
1395,23.24767347440945,853,661,776.0,888.0,-0.1929938275740361,-0.3270275502686965,-11.0577317920678,-7.679566622830868,-0.19299382757403594,False,-11.057731792067791,-0.3270275502686957,False,-18.737298414898632
1396,23.264338473315835,864,664,798.0,893.0,-0.169835619994196,-0.28060513042474605,-9.730864236655089,-6.346625446400875,-0.16983561999419594,False,-9.730864236655087,-0.2806051304247461,False,-16.077489683055962
1397,23.28100347222222,876,665,820.0,897.0,-0.14535924504066455,-0.23684876094692026,-8.328471254038021,-5.241963131123462,-0.14535924504066466,False,-8.328471254038028,-0.23684876094691987,False,-13.570434385161464
1398,23.29766847112861,888,667,843.0,901.0,-0.1205623452221125,-0.18998828791871572,-6.907713549426272,-3.9778135052324703,-0.12056234522211229,False,-6.907713549426259,-0.18998828791871603,False,-10.885527054658755
1399,23.314333470034995,901,668,868.0,905.0,-0.09398458865588226,-0.13835097017712528,-5.384920269255168,-2.5420064134344384,-0.0939845886558821,False,-5.38492026925516,-0.13835097017712528,False,-7.926926682689598
1400,23.33099846894138,913,668,893.0,906.0,-0.06955972406556894,-0.0838366420684145,-3.9854786130516846,-0.8180071460173899,-0.06955972406556876,False,-3.985478613051674,-0.08383664206841424,False,-4.803485759069064
1401,23.34766346784777,925,669,919.0,907.0,-0.044959457562444474,-0.025204745326941735,-2.5759871675256,1.1318616365897607,-0.04495945756244435,False,-2.575987167525593,-0.025204745326941946,False,-1.4441255309358578
1402,23.364328466754156,937,668,945.0,907.0,-0.020488935736088298,0.033460310449650164,-1.173929544392628,3.0910641143550572,-0.020488935736088454,False,-1.1739295443926372,0.03346031044964981,False,1.91713456996242
1403,23.38099346566054,948,667,970.0,905.0,0.002053385204386049,0.09217503755646181,0.11765030592592854,5.163590322519193,0.002053385204386249,False,0.11765030592593999,0.09217503755646206,False,5.281240628445133
1404,23.397658464566927,959,666,994.0,903.0,0.024686342055599407,0.14661956967353545,1.414423211402155,6.986259324915736,0.024686342055599386,False,1.4144232114021538,0.14661956967353618,False,8.400682536317941
1405,23.414323463473316,969,666,1018.0,899.0,0.045236607779168096,0.20727991668300638,2.5918667052349997,9.284397698524604,0.04523660777916794,False,2.591866705234991,0.2072799166830066,False,11.87626440375962
1406,23.430988462379702,978,664,1039.0,894.0,0.06396221713056521,0.25924884628266204,3.6647650898807616,11.18909964575162,0.06396221713056516,False,3.6647650898807584,0.259248846282663,False,14.85386473563243
1407,23.447653461286087,986,663,1059.0,890.0,0.08057054346379847,0.31114087293310727,4.616352093551013,13.21070675953227,0.08057054346379866,False,4.616352093551024,0.3111408729331071,False,17.82705885308327
1408,23.464318460192477,993,662,1077.0,885.0,0.09514751601325162,0.3602441466108803,5.451551098712734,15.188918096382759,0.09514751601325155,False,5.451551098712731,0.36024414661088144,False,20.640469195095566
1409,23.480983459098862,999,660,1093.0,879.0,0.10791248881667652,0.4054427504166607,6.182930165948259,17.047228267102412,0.1079124888166767,False,6.18293016594827,0.4054427504166611,False,23.230158433050683
1410,23.497648458005248,1004,659,1106.0,874.0,0.11844094675803978,0.4429738631207448,6.78616637076937,18.594366420655124,0.11844094675803962,False,6.786166370769361,0.44297386312074494,False,25.38053279142451
1411,23.514313456911637,1008,658,1118.0,870.0,0.12692899143611114,0.478627761768176,7.272495507141338,20.150855199968156,0.12692899143611136,False,7.272495507141351,0.4786277617681769,False,27.423350707109556
1412,23.530978455818023,1011,657,1125.0,866.0,0.13337536844147532,0.4993467216801301,7.641845702698888,20.968613963266332,0.13337536844147513,False,7.641845702698877,0.49934672168012995,False,28.61045966596521
1413,23.54764345472441,1012,657,1130.0,864.0,0.13543415986471463,0.5181049902083273,7.759805762148233,21.92542352145576,0.1354341598647144,False,7.75980576214822,0.518104990208327,False,29.68522928360398
1414,23.564308453630797,1013,657,1134.0,862.0,0.13749179675735307,0.5332150139708782,7.877699671866829,22.673270201673724,0.13749179675735324,False,7.877699671866838,0.533215013970878,False,30.550969873540538
1415,23.580973452537183,1012,657,1134.0,862.0,0.13543415986471463,0.5368249794469454,7.759805762148233,22.997999897358895,0.1354341598647144,False,7.75980576214822,0.5368249794469442,False,30.757805659507063
1416,23.59763845144357,1010,658,1131.0,863.0,0.13104385800043422,0.5332150139708782,7.508259994536548,23.04270987900401,0.13104385800043428,False,7.508259994536552,0.533215013970878,False,30.550969873540538
1417,23.614303450349954,1007,658,1125.0,865.0,0.12486992755995127,0.5181049902083273,7.15451983728953,22.530709446314468,0.12486992755995141,False,7.154519837289538,0.518104990208327,False,29.68522928360398
1418,23.630968449256343,1003,659,1118.0,868.0,0.11638191247196057,0.5030268656549053,6.668192396304299,22.15312398741603,0.11638191247196072,False,6.668192396304307,0.5030268656549062,False,28.821316383720387
1419,23.64763344816273,998,660,1107.0,872.0,0.10585286555117299,0.47490416918385475,6.064922445447955,21.145082121953738,0.10585286555117301,False,6.064922445447956,0.4749041691838549,False,27.210004567401697
1420,23.664298447069115,992,662,1095.0,877.0,0.0930911522812464,0.4467636600691884,5.333730135725064,20.26394202605681,0.09309115228124654,False,5.333730135725072,0.44676366006918755,False,25.59767216178183
1421,23.680963445975504,985,663,1080.0,881.0,0.07851322242092665,0.4109657038594954,4.498476280691005,19.048124075081343,0.07851322242092662,False,4.498476280691003,0.41096570385949605,False,23.54660035577237
1422,23.69762844488189,977,664,1063.0,886.0,0.06190427440977209,0.36958637437281977,3.5468536574996463,17.628885759604945,0.061904274409771975,False,3.5468536574996397,0.36958637437281894,False,21.175739417104534
1423,23.714293443788275,968,665,1045.0,891.0,0.04327194049007683,0.32837297413931005,2.4792995614226614,16.33508596291833,0.043271940490076766,False,2.479299561422658,0.32837297413930955,False,18.814385524340963
1424,23.730958442694664,958,666,1024.0,895.0,0.02262988105691686,0.28060513042474605,1.2965966754443867,14.780893007611567,0.02262988105691699,False,1.2965966754443943,0.2806051304247461,False,16.077489683055962
1425,23.74762344160105,948,668,1002.0,900.0,0.0020491774596110407,0.22868682567222423,0.11740921990905234,12.985380721353398,0.0020491774596109735,False,0.1174092199090485,0.22868682567222365,False,13.10278994126242
1426,23.764288440507435,937,668,980.0,903.0,-0.020488935736088298,0.18097667416105903,-1.173929544392628,11.543129164135603,-0.020488935736088454,False,-1.1739295443926372,0.18097667416105878,False,10.369199619742966
1427,23.78095343941382,927,668,955.0,905.0,-0.04096068353431557,0.1175983406109762,-2.3468742924872865,9.08476288723814,-0.04096068353431548,False,-2.346874292487281,0.11759834061097507,False,6.737888594750783
1428,23.79761843832021,915,668,930.0,906.0,-0.06548002492346482,0.0629419593073733,-3.7517290705259754,7.358037693122633,-0.06548002492346461,False,-3.7517290705259634,0.06294195930737345,False,3.606308622596669
1429,23.814283437226596,904,668,906.0,907.0,-0.08788776345714318,0.008368005512292491,-5.03559791693841,5.51504931573499,-0.08788776345714311,False,-5.035597916938405,0.008368005512291887,False,0.4794513987965335
1430,23.83094843613298,893,667,881.0,906.0,-0.1104318436703869,-0.05016707685413893,-6.327278566161664,3.4529167919110613,-0.11043184367038705,False,-6.327278566161672,-0.050167076854139125,False,-2.8743617742506107
1431,23.84761343503937,882,666,856.0,904.0,-0.1329558449431068,-0.10881220481724505,-7.617808776835809,1.3833286812945778,-0.13295584494310697,False,-7.617808776835818,-0.1088122048172444,False,-6.23448009554119
1432,23.864278433945756,871,665,833.0,900.0,-0.15543699346782464,-0.1603144609293133,-8.905883705908897,-0.279458300255687,-0.1554369934678248,False,-8.905883705908908,-0.1603144609293139,False,-9.18534200616462
1433,23.880943432852142,861,663,810.0,896.0,-0.17620720783922003,-0.21548569150556338,-10.095929328971822,-2.2504913397550137,-0.17620720783921984,False,-10.095929328971812,-0.21548569150556318,False,-12.346420668726825
1434,23.89760843175853,852,661,789.0,892.0,-0.19499556445786484,-0.2662520491509254,-11.172422867206857,-4.0826958358509104,-0.19499556445786492,False,-11.17242286720686,-0.2662520491509248,False,-15.255118703057747
1435,23.914273430664917,843,659,770.0,888.0,-0.213800650632177,-0.3085934189238865,-12.249874938374758,-5.43122555147648,-0.21380065063217701,False,-12.24987493837476,-0.3085934189238877,False,-17.681100489851314
1436,23.930938429571302,836,657,753.0,882.0,-0.22863539328014904,-0.35340224941812,-13.099843082266283,-7.1486142798216425,-0.22863539328014904,False,-13.099843082266283,-0.3534022494181208,False,-20.248457362087976
1437,23.94760342847769,828,656,738.0,877.0,-0.24497866312686414,-0.3867319776141511,-14.036243467926479,-8.121866652112208,-0.24497866312686423,False,-14.036243467926484,-0.3867319776141507,False,-22.158110120038668
1438,23.964268427384077,822,654,725.0,873.0,-0.25784287181365884,-0.41695260495747566,-14.773308332455345,-9.116316188593489,-0.2578428718136587,False,-14.77330833245534,-0.4169526049574763,False,-23.88962452104888
1439,23.980933426290463,817,652,715.0,869.0,-0.26876010551872115,-0.43939863167953086,-15.398819747713386,-9.776867371347093,-0.2687601055187212,False,-15.39881974771339,-0.43939863167953064,False,-25.175687119060456
1440,23.99759842519685,813,651,707.0,865.0,-0.2771776398406147,-0.4599023081609703,-15.881108938264404,-10.469352307684181,-0.2771776398406147,False,-15.881108938264404,-0.4599023081609701,False,-26.350461245948583
1441,24.014263424103238,810,650,701.0,863.0,-0.2836306971663148,-0.472993131308296,-16.250841887982993,-10.84966827465952,-0.28363069716631495,False,-16.250841887983004,-0.47299313130829646,False,-27.10051016264255
1442,24.030928423009623,808,649,699.0,862.0,-0.28812804233180506,-0.472993131308296,-16.50852078497915,-10.591989377663367,-0.2881280423318051,False,-16.508520784979154,-0.47299313130829646,False,-27.10051016264255
1443,24.04759342191601,808,649,698.0,862.0,-0.28812804233180506,-0.47670656810002165,-16.50852078497915,-10.804753633317855,-0.2881280423318051,False,-16.508520784979154,-0.47670656810002043,False,-27.313274418296935
1444,24.064258420822398,808,649,700.0,863.0,-0.28812804233180506,-0.46737893496746485,-16.50852078497915,-10.270319621975952,-0.2881280423318051,False,-16.508520784979154,-0.4673789349674653,False,-26.778840406955133
1445,24.080923419728784,810,650,703.0,864.0,-0.2836306971663148,-0.4636476090008061,-16.250841887982993,-10.314209289094988,-0.28363069716631495,False,-16.250841887983004,-0.46364760900080526,False,-26.56505117707794
1446,24.09758841863517,813,651,709.0,866.0,-0.2771776398406147,-0.45053974553412024,-15.881108938264404,-9.932916983738766,-0.2771776398406147,False,-15.881108938264404,-0.4505397455341207,False,-25.814025922003196
1447,24.11425341754156,817,652,717.0,869.0,-0.26876010551872115,-0.4318231512583066,-15.398819747713386,-9.342824315426956,-0.2687601055187212,False,-15.39881974771339,-0.43182315125830684,False,-24.741644063140345
1448,24.130918416447944,823,654,726.0,873.0,-0.2558693216479237,-0.41695260495747566,-14.660232237301377,-9.22939228374746,-0.25586932164792353,False,-14.660232237301368,-0.4169526049574763,False,-23.88962452104888
1449,24.14758341535433,829,656,738.0,877.0,-0.24300042634046246,-0.3906070436976868,-13.922898849188138,-8.457236202771425,-0.24300042634046237,False,-13.922898849188135,-0.3906070436976865,False,-22.38013505195956
1450,24.164248414260715,837,658,752.0,881.0,-0.22618760118624584,-0.3641654193081543,-12.95959492616014,-7.905546644809054,-0.22618760118624603,False,-12.95959492616015,-0.36416541930815427,False,-20.86514157096918
1451,24.180913413167104,846,660,767.0,885.0,-0.2073912285355465,-0.33766433024524956,-11.88264210311994,-7.464098912044502,-0.20739122853554637,False,-11.882642103119931,-0.33766433024525,False,-19.346741015164458
1452,24.19757841207349,855,662,783.0,889.0,-0.18860282082489768,-0.30714335966663053,-10.806145637528708,-6.791872576837898,-0.18860282082489777,False,-10.806145637528713,-0.30714335966663064,False,-17.59801821436661
1453,24.214243410979876,865,664,802.0,894.0,-0.16782784046180874,-0.26735539552188037,-9.615826943256549,-5.702508850198036,-0.16782784046180854,False,-9.615826943256538,-0.26735539552188037,False,-15.318335793454574
1454,24.230908409886265,876,665,822.0,898.0,-0.14535924504066455,-0.22773899193233446,-8.328471254038021,-4.720011814248643,-0.14535924504066466,False,-8.328471254038028,-0.22773899193233405,False,-13.048483068286645
1455,24.24757340879265,887,666,842.0,901.0,-0.12283523887789499,-0.18919902209996817,-7.037940763184669,-3.802364691145908,-0.12283523887789505,False,-7.037940763184673,-0.18919902209996842,False,-10.84030545433058
1456,24.264238407699036,898,668,864.0,904.0,-0.10007441428670641,-0.1430832936681563,-5.733841575871986,-2.464227270144301,-0.10007441428670649,False,-5.733841575871991,-0.14308329366815542,False,-8.198068846016241
1457,24.280903406605425,909,668,887.0,905.0,-0.07771203514822662,-0.09256174873423176,-4.4525716313656964,-0.8508259154561819,-0.07771203514822655,False,-4.452571631365692,-0.09256174873423184,False,-5.303397546821874
1458,24.29756840551181,920,668,909.0,906.0,-0.055271516258581364,-0.04618561965887765,-3.1668246089054226,0.520583528255282,-0.05527151625858151,False,-3.166824608905431,-0.04618561965887835,False,-2.6462410806501744
1459,24.314233404418196,931,668,932.0,908.0,-0.03277514440407577,0.004166642554263516,-1.8778774472853594,2.1166084803842797,-0.03277514440407581,False,-1.8778774472853614,0.004166642554263689,False,0.23873103309891847
1460,24.330898403324586,941,668,955.0,906.0,-0.012294462478152404,0.058755822715722696,-0.7044208113800838,4.070881474809894,-0.012294462478152468,False,-0.7044208113800875,0.05875582271572277,False,3.3664606634298058
1461,24.34756340223097,951,667,977.0,904.0,0.008213367666771209,0.1092676898773683,0.47059130289520257,5.78998616422236,0.008213367666771276,False,0.47059130289520645,0.10926768987736857,False,6.2605774671175665
1462,24.364228401137357,960,666,998.0,902.0,0.026742594234704205,0.15964666966066154,1.5322377828794387,7.614842601995718,0.026742594234704153,False,1.5322377828794356,0.15964666966066154,False,9.147080384875153
1463,24.380893400043743,969,665,1019.0,899.0,0.04532975155054408,0.21050956212735614,2.597203450222775,9.464106006821728,0.045329751550544195,False,2.5972034502227817,0.21050956212735628,False,12.06130945704451
1464,24.39755839895013,976,664,1036.0,895.0,0.05984580653984835,0.2541247495556341,3.428912136289731,11.131363483067139,0.05984580653984839,False,3.4289121362897332,0.25412474955563447,False,14.560275619356897
1465,24.414223397856517,983,663,1054.0,891.0,0.07439659882481868,0.3018856181454772,4.262611122790051,13.034160692643784,0.07439659882481875,False,4.262611122790054,0.30188561814547654,False,17.29677181543379
1466,24.430888396762903,989,662,1068.0,887.0,0.08691738970361512,0.33766433024524956,4.979999596310984,14.36674141885344,0.08691738970361529,False,4.979999596310993,0.33766433024525,False,19.346741015164458
1467,24.447553395669292,994,661,1081.0,883.0,0.09740388386999431,0.3734971461064775,5.58083145393307,15.818978678149154,0.09740388386999443,False,5.580831453933077,0.37349714610647666,False,21.39981013208218
1468,24.464218394575678,997,660,1092.0,879.0,0.10379234045704283,0.40929219792623106,5.9468630539735,17.503852474832687,0.10379234045704289,False,5.9468630539735035,0.4092921979262307,False,23.450715528806164
1469,24.480883393482063,1000,660,1101.0,876.0,0.10997119338305049,0.4373872306071295,6.300885248865798,18.759557077837975,0.10997119338305028,False,6.300885248865787,0.43738723060712914,False,25.060442326703765
1470,24.497548392388452,1001,660,1106.0,873.0,0.11202896242598788,0.45799795159722173,6.418786730238786,19.82256292191898,0.11202896242598781,False,6.418786730238781,0.45799795159722123,False,26.241349652157737
1471,24.514213391294838,1002,659,1110.0,873.0,0.11432188639938566,0.46737893496746485,6.550161596658846,20.228678810296255,0.11432188639938579,False,6.550161596658853,0.4673789349674653,False,26.778840406955133
1472,24.530878390201224,1002,659,1111.0,871.0,0.11432188639938566,0.47490416918385475,6.550161596658846,20.659842970742844,0.11432188639938579,False,6.550161596658853,0.4749041691838549,False,27.210004567401697
1473,24.54754338910761,1000,659,1108.0,872.0,0.11019892606391007,0.4692655274257615,6.313933370336253,20.573000822140457,0.11019892606391002,False,6.313933370336249,0.4692655274257618,False,26.886934192476733
1474,24.564208388014,998,660,1105.0,874.0,0.10585286555117299,0.4636476090008061,6.064922445447955,20.500128731630035,0.10585286555117301,False,6.064922445447956,0.46364760900080526,False,26.56505117707794
1475,24.580873386920384,994,661,1099.0,875.0,0.09740388386999431,0.45614305945352746,5.58083145393307,20.55424070693903,0.09740388386999443,False,5.580831453933077,0.4561430594535274,False,26.135072160872106
1476,24.59753838582677,990,662,1090.0,878.0,0.08897607214100724,0.4335814839517618,5.0979534113312575,19.744435694123922,0.08897607214100711,False,5.09795341133125,0.43358148395176244,False,24.842389105455222
1477,24.61420338473316,985,663,1080.0,882.0,0.07851322242092665,0.40929219792623106,4.498476280691005,18.952239248115188,0.07851322242092662,False,4.498476280691003,0.4092921979262307,False,23.450715528806164
1478,24.630868383639545,979,664,1066.0,885.0,0.0660196174786768,0.37503340595633455,3.7826454465963018,17.705185891118127,0.0660196174786769,False,3.782645446596308,0.3750334059563336,False,21.487831337714386
1479,24.64753338254593,972,665,1052.0,889.0,0.051500810951225474,0.3430239404207034,2.9507791090063504,16.703044949046962,0.051500810951225606,False,2.950779109006358,0.3430239404207036,False,19.65382405805332
1480,24.66419838145232,964,666,1036.0,893.0,0.03496516785698147,0.30714335966663053,2.0033565481715234,15.594661666195096,0.03496516785698134,False,2.003356548171516,0.30714335966663064,False,17.59801821436661
1481,24.680863380358705,955,667,1018.0,896.0,0.016425627345179168,0.2684677028369498,0.9411191227334413,14.440947185396132,0.016425627345179272,False,0.9411191227334473,0.26846770283695065,False,15.38206630812963
1482,24.69752837926509,946,667,998.0,900.0,-0.002053385204386049,0.2195776234975388,-0.11765030592592854,12.698521407847517,-0.002053385204386249,False,-0.11765030592593999,0.21957762349753907,False,12.580871101921602
1483,24.71419337817148,936,668,979.0,903.0,-0.022537167109211897,0.18097667416105903,-1.2912845575388958,11.660484177281871,-0.022537167109212053,False,-1.2912845575389047,0.18097667416105878,False,10.369199619742966
1484,24.730858377077865,927,668,958.0,905.0,-0.04096068353431557,0.130063287501013,-2.3468742924872865,9.79895173589196,-0.04096068353431548,False,-2.346874292487281,0.13006328750101304,False,7.452077443404679
1485,24.74752337598425,917,668,935.0,906.0,-0.06139814181249681,0.07548654493392346,-3.517854395801778,7.842914830540246,-0.06139814181249692,False,-3.517854395801784,0.07548654493392348,False,4.325060434738461
1486,24.764188374890637,906,668,913.0,907.0,-0.08381954279000571,0.02928033234577806,-4.802506042583536,6.480145508737016,-0.08381954279000592,False,-4.802506042583548,0.029280332345777538,False,1.6776394661534424
1487,24.780853373797026,897,667,892.0,906.0,-0.10231092276482458,-0.020917450819302335,-5.861984072513384,4.663502422394883,-0.10231092276482467,False,-5.86198407251339,-0.02091745081930263,False,-1.1984816501185067
1488,24.79751837270341,887,666,869.0,904.0,-0.12283523887789499,-0.07548654493392346,-7.037940763184669,2.712880328446211,-0.12283523887789505,False,-7.037940763184673,-0.07548654493392348,False,-4.325060434738461
1489,24.814183371609797,877,665,849.0,902.0,-0.14334005504560185,-0.1175983406109762,-8.212780189285887,1.4748915945350425,-0.14334005504560166,False,-8.212780189285876,-0.11759834061097507,False,-6.737888594750783
1490,24.830848370516186,868,664,828.0,900.0,-0.16179636010323983,-0.16789592325037456,-9.270248574494499,-0.3494792252043441,-0.16179636010323994,False,-9.270248574494506,-0.1678959232503736,False,-9.619727799698799
1491,24.847513369422572,860,662,808.0,896.0,-0.178575195156396,-0.21866894587394195,-10.231605008186511,-2.297202700965005,-0.17857519515639586,False,-10.231605008186504,-0.21866894587394192,False,-12.52880770915151
1492,24.864178368328957,852,661,791.0,893.0,-0.19499556445786484,-0.2571115358951299,-11.172422867206857,-3.558983003710467,-0.19499556445786492,False,-11.17242286720686,-0.257111535895131,False,-14.731405870917378
1493,24.880843367235347,845,659,775.0,888.0,-0.20980981995152856,-0.29665674760929417,-12.02121718362228,-4.9759624184679545,-0.20980981995152836,False,-12.02121718362227,-0.29665674760929406,False,-16.997179602090224
1494,24.897508366141732,838,658,760.0,884.0,-0.224199862925738,-0.3323321700177181,-12.845705913056365,-6.195524825383004,-0.224199862925738,False,-12.845705913056365,-0.3323321700177182,False,-19.04123073843937
1495,24.914173365048118,833,656,749.0,881.0,-0.23506818482565264,-0.35730868300810004,-13.468414888311077,-7.003864631430848,-0.23506818482565262,False,-13.468414888311075,-0.3573086830080996,False,-20.4722795197419
1496,24.930838363954503,828,655,738.0,877.0,-0.2454739577867095,-0.3851575063634742,-14.064621761550985,-8.003277800859234,-0.24547395778670955,False,-14.064621761550988,-0.38515750636347335,False,-22.06789956241017
1497,24.947503362860893,824,654,730.0,874.0,-0.25389373154033834,-0.4037940918851321,-14.54703926208894,-8.588657995246889,-0.25389373154033823,False,-14.547039262088933,-0.40379409188513193,False,-23.135697257335824
1498,24.96416836176728,821,653,724.0,872.0,-0.26033919922808585,-0.41695260495747566,-14.916337357584819,-8.973287163464018,-0.2603391992280857,False,-14.916337357584808,-0.4169526049574763,False,-23.88962452104888
1499,24.980833360673664,820,653,721.0,871.0,-0.2623122414554989,-0.42628183119802276,-15.029384350016679,-9.394765460738217,-0.2623122414554988,False,-15.029384350016672,-0.4262818311980219,False,-24.424149810754837
1500,24.997498359580053,819,653,719.0,870.0,-0.26428319542144896,-0.4318231512583066,-15.142311693880186,-9.599332369260152,-0.26428319542144907,False,-15.142311693880194,-0.43182315125830684,False,-24.741644063140345
1501,25.01416335848644,819,652,720.0,871.0,-0.2648173299057889,-0.4245613803643576,-15.172915345525261,-9.152659893600854,-0.26481732990578877,False,-15.172915345525254,-0.42456138036435753,False,-24.325575239126106
1502,25.030828357392824,820,653,723.0,872.0,-0.2623122414554989,-0.41695260495747566,-15.029384350016679,-8.860240171032157,-0.2623122414554988,False,-15.029384350016672,-0.4169526049574763,False,-23.88962452104888
1503,25.047493356299213,823,654,728.0,873.0,-0.2558693216479237,-0.40929219792623106,-14.660232237301377,-8.790483291504797,-0.25586932164792353,False,-14.660232237301368,-0.4092921979262307,False,-23.450715528806164
1504,25.0641583552056,826,655,735.0,876.0,-0.24943187465909697,-0.3906070436976868,-14.291393694002405,-8.08874135795717,-0.2494318746590971,False,-14.291393694002414,-0.3906070436976865,False,-22.38013505195956
1505,25.080823354111985,831,656,743.0,878.0,-0.23903813894846918,-0.3773959672364249,-13.695876504409027,-7.92731962349561,-0.23903813894846904,False,-13.695876504409018,-0.3773959672364242,False,-21.623196127904603
1506,25.097488353018374,837,657,753.0,881.0,-0.22664573214633954,-0.35877067027057225,-12.985843896637785,-7.570201322945678,-0.22664573214633954,False,-12.985843896637785,-0.3587706702705731,False,-20.556045219583513
1507,25.11415335192476,843,659,765.0,885.0,-0.213800650632177,-0.3323321700177181,-12.249874938374758,-6.79135580006461,-0.21380065063217701,False,-12.24987493837476,-0.3323321700177182,False,-19.04123073843937
1508,25.130818350831145,851,661,779.0,888.0,-0.1969957198072141,-0.30714335966663053,-11.287023327095083,-6.310994887271529,-0.1969957198072141,False,-11.287023327095083,-0.30714335966663064,False,-17.59801821436661
1509,25.14748334973753,859,662,793.0,892.0,-0.18058369316398068,-0.2794477641263722,-10.346683467181549,-5.6644940116269,-0.18058369316398082,False,-10.346683467181556,-0.2794477641263722,False,-16.011177478808456
1510,25.16414834864392,868,664,809.0,895.0,-0.16179636010323983,-0.2500650892513549,-9.270248574494499,-5.05742564317038,-0.16179636010323994,False,-9.270248574494506,-0.25006508925135407,False,-14.327674217664836
1511,25.180813347550306,877,665,827.0,898.0,-0.14334005504560185,-0.21138641644999373,-8.212780189285887,-3.8987693196935598,-0.14334005504560166,False,-8.212780189285876,-0.21138641644999367,False,-12.111549508979436
1512,25.19747834645669,887,666,844.0,901.0,-0.12283523887789499,-0.18097667416105903,-7.037940763184669,-3.33125885655832,-0.12283523887789505,False,-7.037940763184673,-0.18097667416105878,False,-10.369199619742966
1513,25.21414334536308,897,667,863.0,904.0,-0.10231092276482458,-0.14248772198969495,-5.861984072513384,-2.3019610299295565,-0.10231092276482467,False,-5.86198407251339,-0.14248772198969561,False,-8.163945102442971
1514,25.230808344269466,907,668,883.0,906.0,-0.081784380617996,-0.10050059905462982,-4.685899839502703,-1.0723603248640465,-0.08178438061799609,False,-4.685899839502707,-0.10050059905463016,False,-5.75826016436678
1515,25.24747334317585,916,668,903.0,906.0,-0.06343934797563236,-0.05456762350389413,-3.634806894065537,0.5083123692335303,-0.06343934797563255,False,-3.634806894065548,-0.054567623503894325,False,-3.126494524832018
1516,25.26413834208224,926,668,923.0,907.0,-0.04300625335769455,-0.012551642069567633,-2.4640768100662234,1.7449206935211519,-0.04300625335769448,False,-2.4640768100662194,-0.012551642069567492,False,-0.7191561165450674
1517,25.280803340988626,936,668,943.0,906.0,-0.022537167109211897,0.029403288204005115,-1.2912845575388958,2.9759688754351865,-0.022537167109212053,False,-1.2912845575389047,0.02940328820400495,False,1.684684317896282
1518,25.297468339895012,944,667,963.0,905.0,-0.006160086351622471,0.07966298504578714,-0.3529469493841088,4.917299775921511,-0.0061600863516226845,False,-0.352946949384121,0.07966298504578617,False,4.5643528265373385
1519,25.314133338801398,953,667,981.0,904.0,0.012319705229270344,0.1175983406109762,0.705867114482441,6.032021480268396,0.012319705229270284,False,0.7058671144824374,0.11759834061097507,False,6.737888594750783
1520,25.330798337707787,960,666,1000.0,901.0,0.026742594234704205,0.16859693960942962,1.5322377828794387,8.127655295562908,0.026742594234704153,False,1.5322377828794356,0.16859693960942934,False,9.65989307844232
1521,25.347463336614172,967,665,1016.0,899.0,0.041213762658320205,0.20641910492155582,2.36137465817562,9.465568864697659,0.04121376265832,False,2.3613746581756083,0.20641910492155624,False,11.826943522873293
1522,25.364128335520558,973,664,1031.0,896.0,0.05366742466456591,0.24497866312686414,3.0749169306159243,10.961326537310548,0.05366742466456609,False,3.0749169306159345,0.24497866312686511,False,14.036243467926534
1523,25.380793334426947,979,664,1045.0,893.0,0.0660196174786768,0.28060513042474605,3.7826454465963018,12.294844236459653,0.0660196174786769,False,3.782645446596308,0.2806051304247461,False,16.077489683055962
1524,25.397458333333333,983,663,1056.0,890.0,0.07439659882481868,0.31114087293310727,4.262611122790051,13.564447730293239,0.07439659882481875,False,4.262611122790054,0.3111408729331071,False,17.82705885308327
1525,25.41412333223972,987,662,1067.0,887.0,0.08279782530853373,0.34161549064780716,4.743965943040456,14.829159887369745,0.08279782530853375,False,4.743965943040457,0.3416154906478077,False,19.573125830410227
1526,25.430788331146108,989,662,1075.0,884.0,0.08691738970361512,0.36958637437281977,4.979999596310984,16.19573982079359,0.08691738970361529,False,4.979999596310993,0.36958637437281894,False,21.175739417104534
1527,25.447453330052493,990,662,1080.0,882.0,0.08897607214100724,0.388318718172466,5.0979534113312575,17.151070245881108,0.08897607214100711,False,5.09795341133125,0.3883187181724672,False,22.249023657212437
1528,25.46411832895888,991,661,1085.0,881.0,0.09122221141513902,0.4037940918851321,5.226647711937587,17.909049545398247,0.09122221141513887,False,5.226647711937578,0.40379409188513193,False,23.135697257335824
1529,25.480783327865268,991,661,1086.0,880.0,0.09122221141513902,0.40929219792623106,5.226647711937587,18.224067816868587,0.09122221141513887,False,5.226647711937578,0.4092921979262307,False,23.450715528806164
1530,25.497448326771654,990,661,1085.0,880.0,0.08916007580188726,0.40929219792623106,5.108496044514639,18.342219484291533,0.08916007580188712,False,5.108496044514631,0.4092921979262307,False,23.450715528806164
1531,25.51411332567804,988,662,1082.0,881.0,0.0848579683993512,0.4054427504166607,4.862003447337333,18.36815498571334,0.08485796839935134,False,4.862003447337341,0.4054427504166611,False,23.230158433050683
1532,25.530778324584425,985,662,1076.0,883.0,0.07867544227009067,0.3906070436976868,4.5077707934013524,17.87236425855822,0.07867544227009082,False,4.50777079340136,0.3906070436976865,False,22.38013505195956
1533,25.547443323490814,981,663,1069.0,885.0,0.0702774474921056,0.3773959672364249,4.026601136249902,17.59659499165473,0.07027744749210552,False,4.026601136249898,0.3773959672364242,False,21.623196127904603
1534,25.5641083223972,977,664,1060.0,888.0,0.06190427440977209,0.3548510431119804,3.5468536574996463,16.78461346863165,0.061904274409771975,False,3.5468536574996397,0.35485104311198157,False,20.331467126131365
1535,25.580773321303585,971,665,1049.0,890.0,0.04944420407659672,0.3337021765375503,2.8329442149725317,16.286782114958633,0.049444204076596776,False,2.8329442149725352,0.33370217653754963,False,19.119726329931115
1536,25.597438320209974,965,665,1037.0,893.0,0.03709637607358392,0.30587887140485215,2.1254657842464466,15.400102589476427,0.03709637607358385,False,2.1254657842464426,0.30587887140485215,False,17.52556837372287
1537,25.61410331911636,958,666,1023.0,896.0,0.02262988105691686,0.2754261036960354,1.2965966754443867,14.484156634071017,0.02262988105691699,False,1.2965966754443943,0.2754261036960344,False,15.780753309515333
1538,25.630768318022746,951,667,1008.0,899.0,0.008213367666771209,0.2409177717439294,0.47059130289520257,13.332980227728058,0.008213367666771276,False,0.47059130289520645,0.2409177717439306,False,13.80357153062334
1539,25.647433316929135,942,667,991.0,901.0,-0.010266579728268404,0.20641910492155582,-0.588231688464347,12.415175211337626,-0.01026657972826861,False,-0.5882316884643589,0.20641910492155624,False,11.826943522873293
1540,25.66409831583552,934,668,974.0,903.0,-0.02663304536581317,0.16859693960942962,-1.5259610950415503,11.185854173483898,-0.026633045365813235,False,-1.525961095041554,0.16859693960942934,False,9.65989307844232
1541,25.680763314741906,925,668,956.0,905.0,-0.04505146311597465,0.130063287501013,-2.5812586974346443,10.033336140839335,-0.045051463115974855,False,-2.581258697434656,0.13006328750101304,False,7.452077443404679
1542,25.69742831364829,917,668,937.0,906.0,-0.06139814181249681,0.0838366420684145,-3.517854395801778,8.321340154870848,-0.06139814181249692,False,-3.517854395801784,0.08383664206841424,False,4.803485759069064
1543,25.71409331255468,908,668,918.0,907.0,-0.07974853922276111,0.041816613207517075,-4.569254719797718,6.965170170119458,-0.07974853922276104,False,-4.569254719797714,0.041816613207517506,False,2.3959154503217692
1544,25.730758311461067,899,667,898.0,906.0,-0.09824531063006106,-0.004184076002074724,-5.6290416560542615,5.389311759973408,-0.09824531063006114,False,-5.629041656054266,-0.004184076002074377,False,-0.2397298960808325
1545,25.747423310367452,890,666,879.0,905.0,-0.11675057839306809,-0.04599264736156945,-6.689315397634062,4.054130815182625,-0.11675057839306824,False,-6.689315397634071,-0.04599264736156883,False,-2.635184582451395
1546,25.76408830927384,881,665,860.0,904.0,-0.135251674242788,-0.08764102844704821,-7.7493501061900165,2.727889063988162,-0.13525167424278806,False,-7.74935010619002,-0.0876410284470488,False,-5.021461042201883
1547,25.780753308180227,873,664,842.0,902.0,-0.15171765164620354,-0.12952290719556644,-8.69278111696351,1.2716651843929028,-0.15171765164620332,False,-8.692781116963497,-0.12952290719556636,False,-7.421115932570594
1548,25.797418307086613,866,663,825.0,899.0,-0.1661557264196125,-0.17201198762928016,-9.520021865774144,-0.3355390510401406,-0.1661557264196123,False,-9.520021865774133,-0.17201198762927916,False,-9.855560916814223
1549,25.814083305993,859,662,810.0,897.0,-0.18058369316398068,-0.20556531272254144,-10.346683467181549,-1.4313413661070056,-0.18058369316398082,False,-10.346683467181556,-0.2055653127225412,False,-11.778024833288537
1550,25.830748304899387,853,661,795.0,894.0,-0.1929938275740361,-0.24396856246029966,-11.0577317920678,-2.9206371707811773,-0.19299382757403594,False,-11.057731792067791,-0.2439685624602994,False,-13.978368962848968
1551,25.847413303805773,847,660,781.0,890.0,-0.20539538918976738,-0.2794477641263722,-11.768288932020644,-4.242888546787817,-0.2053953891897673,False,-11.76828893202064,-0.2794477641263722,False,-16.011177478808456
1552,25.864078302712162,842,659,770.0,887.0,-0.21579348377025762,-0.30587887140485215,-12.364055866460589,-5.161512507262273,-0.21579348377025775,False,-12.364055866460596,-0.30587887140485215,False,-17.52556837372287
1553,25.880743301618548,838,658,760.0,884.0,-0.224199862925738,-0.3323321700177181,-12.845705913056365,-6.195524825383004,-0.224199862925738,False,-12.845705913056365,-0.3323321700177182,False,-19.04123073843937
1554,25.897408300524933,835,657,752.0,881.0,-0.23062321368314148,-0.3548510431119804,-13.213736801787745,-7.117730324343548,-0.23062321368314143,False,-13.213736801787741,-0.35485104311198157,False,-20.331467126131365
1555,25.91407329943132,832,656,747.0,880.0,-0.23705411380870614,-0.36267880865381774,-13.582200237452751,-7.197764817243753,-0.2370541138087061,False,-13.58220023745275,-0.3626788086538184,False,-20.779965054696554
1556,25.930738298337708,831,656,743.0,879.0,-0.23903813894846918,-0.3758588505430919,-13.695876504409027,-7.839249324348542,-0.23903813894846904,False,-13.695876504409018,-0.37585885054309287,False,-21.53512582875761
1557,25.947403297244094,830,655,741.0,877.0,-0.24150817631642268,-0.3812827744718905,-13.837399220832364,-8.00849455744537,-0.24150817631642285,False,-13.837399220832374,-0.38128277447189163,False,-21.845893778277794
1558,25.96406829615048,830,656,742.0,878.0,-0.24102024738425695,-0.3773959672364249,-13.809442952316942,-7.8137531755876894,-0.24102024738425687,False,-13.809442952316939,-0.3773959672364242,False,-21.623196127904603
1559,25.98073329505687,831,656,745.0,879.0,-0.23903813894846918,-0.36807500509724905,-13.695876504409027,-7.393267831919613,-0.23903813894846904,False,-13.695876504409018,-0.3680750050972499,False,-21.089144336328683
1560,25.997398293963254,833,656,749.0,880.0,-0.23506818482565264,-0.35877067027057225,-13.468414888311077,-7.087630331272387,-0.23506818482565262,False,-13.468414888311075,-0.3587706702705731,False,-20.556045219583513
1561,26.01406329286964,836,657,755.0,882.0,-0.22863539328014904,-0.34555558058171215,-13.099843082266283,-6.699033272258645,-0.22863539328014904,False,-13.099843082266283,-0.34555558058171343,False,-19.798876354525003
1562,26.03072829177603,840,658,762.0,884.0,-0.22021898891952532,-0.3323321700177181,-12.617618633727043,-6.423612104712323,-0.2202189889195254,False,-12.617618633727046,-0.3323321700177182,False,-19.04123073843937
1563,26.047393290682415,845,659,771.0,886.0,-0.20980981995152856,-0.3151281346539744,-12.02121718362228,-6.034294937880757,-0.20980981995152836,False,-12.02121718362227,-0.3151281346539747,False,-18.055512121503053
1564,26.0640582895888,850,660,782.0,889.0,-0.1993979600570576,-0.28865006568130397,-11.424661554787567,-5.113768964925153,-0.19939796005705768,False,-11.424661554787573,-0.2886500656813027,False,-16.538430519712648
1565,26.080723288495186,857,662,793.0,892.0,-0.184596258831836,-0.27139528080163583,-10.576586544968752,-4.97321762473284,-0.18459625883183595,False,-10.576586544968748,-0.2713952808016362,False,-15.549804169701613
1566,26.097388287401575,864,663,805.0,894.0,-0.1701805034473072,-0.2500650892513549,-9.75062460294226,-4.577049614722628,-0.17018050344730717,False,-9.750624602942258,-0.25006508925135407,False,-14.327674217664836
1567,26.11405328630796,872,664,819.0,897.0,-0.15373594702999654,-0.22366209548092808,-8.808420924265585,-4.006473183843646,-0.15373594702999638,False,-8.808420924265576,-0.22366209548092897,False,-12.814894108109272
1568,26.130718285214346,880,665,834.0,900.0,-0.13727548150032162,-0.19330057864443415,-7.865305720594639,-3.2100016131680764,-0.13727548150032165,False,-7.86530572059464,-0.1933005786444344,False,-11.075307333762742
1569,26.147383284120735,888,666,849.0,902.0,-0.12080801170201605,-0.16377410783361504,-6.92178920189258,-2.4617759704939934,-0.12080801170201605,False,-6.92178920189258,-0.16377410783361412,False,-9.383565172386524
1570,26.16404828302712,897,667,866.0,903.0,-0.10231092276482458,-0.13060816994581406,-5.861984072513384,-1.6213128353091757,-0.10231092276482467,False,-5.86198407251339,-0.13060816994581437,False,-7.483296907822565
1571,26.180713281933507,906,667,883.0,905.0,-0.08399084935605668,-0.09633949292208074,-4.812321185821136,-0.7075251590445695,-0.08399084935605661,False,-4.812321185821132,-0.09633949292208044,False,-5.519846344865676
1572,26.197378280839896,914,668,900.0,906.0,-0.06752015587229132,-0.058755822715722696,-3.8686199635477543,0.5021593001179611,-0.0675201558722911,False,-3.8686199635477414,-0.05875582271572277,False,-3.3664606634298058
1573,26.21404327974628,923,668,917.0,906.0,-0.049140734416020175,-0.025204745326941735,-2.815556684211228,1.3714311532753836,-0.04914073441601996,False,-2.8155566842112156,-0.025204745326941946,False,-1.4441255309358578
1574,26.230708278652667,931,668,935.0,907.0,-0.03277514440407577,0.01673483927434091,-1.8778774472853594,2.8367131085348576,-0.03277514440407581,False,-1.8778774472853614,0.01673483927434205,False,0.9588356612495726
1575,26.247373277559056,939,668,952.0,906.0,-0.016391974308005267,0.05456762350389413,-0.9391909457355799,4.065685470567582,-0.01639197430800543,False,-0.9391909457355894,0.054567623503894325,False,3.126494524832018
1576,26.264038276465442,946,667,968.0,905.0,-0.002053385204386049,0.09217503755646181,-0.11765030592592854,5.398890934371047,-0.002053385204386249,False,-0.11765030592593999,0.09217503755646206,False,5.281240628445133
1577,26.280703275371827,953,666,984.0,904.0,0.012345051844224488,0.12952290719556644,0.7073193685442566,6.713796564026349,0.012345051844224297,False,0.7073193685442456,0.12952290719556636,False,7.421115932570594
1578,26.297368274278213,959,666,999.0,901.0,0.024686342055599407,0.16859693960942962,1.414423211402155,8.24546986704019,0.024686342055599386,False,1.4144232114021538,0.16859693960942934,False,9.65989307844232
1579,26.314033273184602,965,665,1012.0,899.0,0.03709637607358392,0.1982172523518861,2.1254657842464466,9.231546202196224,0.03709637607358385,False,2.1254657842464426,0.1982172523518848,False,11.35701198644259
1580,26.330698272090988,969,665,1024.0,897.0,0.04532975155054408,0.23277174150088592,2.597203450222775,10.739634927688181,0.045329751550544195,False,2.5972034502227817,0.23277174150088698,False,13.336838377911015
1581,26.347363270997374,974,664,1035.0,895.0,0.05572736437892228,0.2581758664478214,3.192942782299929,11.599444737293446,0.05572736437892223,False,3.1929427822999257,0.25817586644782153,False,14.79238751959337
1582,26.364028269903763,976,664,1044.0,893.0,0.05984580653984835,0.28865006568130397,3.428912136289731,13.109518383422992,0.05984580653984839,False,3.4289121362897332,0.2886500656813027,False,16.538430519712648
1583,26.38069326881015,979,664,1051.0,891.0,0.0660196174786768,0.30714335966663053,3.7826454465963018,13.815372767770304,0.0660196174786769,False,3.782645446596308,0.30714335966663064,False,17.59801821436661
1584,26.397358267716534,980,663,1056.0,889.0,0.06821696689835624,0.3244030680696465,3.9085442944594546,14.67838236702646,0.0682169668983561,False,3.9085442944594466,0.32440306806964614,False,18.586926661485883
1585,26.414023266622923,981,663,1060.0,888.0,0.0702774474921056,0.33766433024524956,4.026601136249902,15.320139878914535,0.07027744749210552,False,4.026601136249898,0.33766433024525,False,19.346741015164458
1586,26.43068826552931,981,663,1062.0,887.0,0.0702774474921056,0.3469776052196545,4.026601136249902,15.853751228392735,0.07027744749210552,False,4.026601136249898,0.3469776052196547,False,19.880352364642658
1587,26.447353264435694,980,663,1061.0,887.0,0.06821696689835624,0.3469776052196545,3.9085442944594546,15.971808070183187,0.0682169668983561,False,3.9085442944594466,0.3469776052196547,False,19.880352364642658
1588,26.46401826334208,978,663,1058.0,888.0,0.06409428207166755,0.34161549064780716,3.6723318536275693,15.900793976782625,0.06409428207166767,False,3.6723318536275764,0.3416154906478077,False,19.573125830410227
1589,26.48068326224847,976,664,1055.0,889.0,0.05984580653984835,0.33766433024524956,3.428912136289731,15.9178288788747,0.05984580653984839,False,3.4289121362897332,0.33766433024525,False,19.346741015164458
1590,26.497348261154855,972,664,1049.0,890.0,0.05160702895265297,0.32837297413931005,2.9568649521964603,15.857520572144532,0.0516070289526529,False,2.9568649521964563,0.32837297413930955,False,18.814385524340963
1591,26.51401326006124,968,665,1040.0,892.0,0.04327194049007683,0.30714335966663053,2.4792995614226614,15.118718652943954,0.043271940490076766,False,2.479299561422658,0.30714335966663064,False,17.59801821436661
1592,26.53067825896763,963,666,1031.0,895.0,0.03290992437495586,0.28865006568130397,1.8855997707796843,14.652830748933047,0.03290992437495577,False,1.8855997707796792,0.2886500656813027,False,16.538430519712648
1593,26.547343257874015,958,666,1020.0,896.0,0.02262988105691686,0.26330654956916083,1.2965966754443867,13.789757333020729,0.02262988105691699,False,1.2965966754443943,0.2633065495691618,False,15.086354008465173
1594,26.5640082567804,952,667,1008.0,899.0,0.010266579728268404,0.23684876094692026,0.588231688464347,12.982202696697131,0.01026657972826861,False,0.5882316884643589,0.23684876094691987,False,13.570434385161464
1595,26.58067325568679,945,667,997.0,901.0,-0.004106753093169157,0.21866894587394195,-0.23529961974088884,12.764107328892408,-0.004106753093169324,False,-0.2352996197408984,0.21866894587394192,False,12.52880770915151
1596,26.597338254593176,938,667,982.0,902.0,-0.018478389371786808,0.18509101269405182,-1.0587337232027807,11.663667576374301,-0.018478389371786808,False,-1.0587337232027807,0.18509101269405193,False,10.60493385317152
1597,26.61400325349956,931,668,967.0,904.0,-0.03277514440407577,0.15137544373402623,-1.8778774472853594,10.551051495165128,-0.03277514440407581,False,-1.8778774472853614,0.15137544373402534,False,8.673174047879716
1598,26.63066825240595,923,668,952.0,905.0,-0.049140734416020175,0.12175759779046096,-2.815556684211228,9.791753161256043,-0.04914073441601996,False,-2.8155566842112156,0.12175759779046125,False,6.976196477044827
1599,26.647333251312336,915,668,935.0,905.0,-0.06548002492346482,0.08418871753885106,-3.7517290705259754,8.575387268121146,-0.06548002492346461,False,-3.7517290705259634,0.08418871753885071,False,4.823658197595157
1600,26.66399825021872,908,667,919.0,906.0,-0.07991159837834193,0.04599264736156945,-4.578597321223466,7.213781903674894,-0.07991159837834205,False,-4.578597321223473,0.04599264736156883,False,2.635184582451395
1601,26.680663249125107,900,667,903.0,906.0,-0.09621127354798106,0.012551642069567633,-5.512499915877973,6.231656032423035,-0.09621127354798098,False,-5.512499915877968,0.012551642069567492,False,0.7191561165450674
1602,26.697328248031496,892,666,886.0,905.0,-0.11268927979033501,-0.025099330520065605,-6.456620128355079,5.018534420951423,-0.11268927979033494,False,-6.456620128355074,-0.02509933052006552,False,-1.438085707403652
1603,26.713993246937882,885,666,870.0,904.0,-0.12688663470777017,-0.0629419593073733,-7.270068645373419,3.6637600227767497,-0.12688663470777017,False,-7.270068645373419,-0.06294195930737345,False,-3.606308622596669
1604,26.730658245844268,878,665,855.0,904.0,-0.14131968746277687,-0.09593887285328682,-8.097021653724967,2.600129147989395,-0.14131968746277668,False,-8.097021653724957,-0.09593887285328684,False,-5.496892505735562
1605,26.747323244750657,871,664,840.0,901.0,-0.15575298075129235,-0.130063287501013,-8.923988443631401,1.4719110002267193,-0.1557529807512923,False,-8.923988443631398,-0.13006328750101304,False,-7.452077443404679
1606,26.763988243657042,865,663,825.0,899.0,-0.16816880246043808,-0.16789592325037456,-9.635362626752356,0.01563482705351339,-0.1681688024604382,False,-9.635362626752363,-0.1678959232503736,False,-9.619727799698799
1607,26.780653242563428,860,662,813.0,897.0,-0.178575195156396,-0.19739555984988075,-10.231605008186511,-1.0783274658336917,-0.17857519515639586,False,-10.231605008186504,-0.19739555984988044,False,-11.309932474020195
1608,26.797318241469817,855,661,801.0,894.0,-0.18898566601188915,-0.22773899193233446,-10.828081050950217,-2.220402017336441,-0.18898566601188893,False,-10.828081050950203,-0.22773899193233405,False,-13.048483068286645
1609,26.813983240376203,851,660,790.0,892.0,-0.19739555984988075,-0.2571115358951299,-11.309932474020213,-3.421473396897107,-0.19739555984988089,False,-11.30993247402022,-0.257111535895131,False,-14.731405870917378
1610,26.83064823928259,847,660,782.0,890.0,-0.20539538918976738,-0.2754261036960354,-11.768288932020644,-4.012464377494745,-0.2053953891897673,False,-11.76828893202064,-0.2754261036960344,False,-15.780753309515333
1611,26.847313238188974,845,659,774.0,888.0,-0.20980981995152856,-0.3006455090926114,-12.02121718362228,-5.204501616946358,-0.20980981995152836,False,-12.02121718362227,-0.300645509092611,False,-17.225718800568625
1612,26.863978237095363,843,659,769.0,886.0,-0.213800650632177,-0.3151281346539744,-12.249874938374758,-5.805637183128267,-0.21380065063217701,False,-12.24987493837476,-0.3151281346539747,False,-18.055512121503053
1613,26.88064323600175,841,658,765.0,886.0,-0.21822587988609785,-0.3217505543966422,-12.503421898002248,-5.93152692491977,-0.21822587988609765,False,-12.503421898002237,-0.32175055439664213,False,-18.434948822922006
1614,26.897308234908134,841,658,764.0,884.0,-0.21822587988609785,-0.32837297413931005,-12.503421898002248,-6.310963626338752,-0.21822587988609765,False,-12.503421898002237,-0.32837297413930955,False,-18.814385524340963
1615,26.913973233814524,841,658,763.0,885.0,-0.21822587988609785,-0.3309729543211049,-12.503421898002248,-6.459931517573253,-0.21822587988609765,False,-12.503421898002237,-0.33097295432110485,False,-18.96335341557549
1616,26.93063823272091,842,658,766.0,886.0,-0.21623100744154006,-0.3217505543966422,-12.389124126262143,-6.045824696659875,-0.2162310074415399,False,-12.389124126262132,-0.32175055439664213,False,-18.434948822922006
1617,26.947303231627295,844,659,770.0,886.0,-0.21180609147695792,-0.3151281346539744,-12.135595116791526,-5.919917004711512,-0.21180609147695773,False,-12.135595116791515,-0.3151281346539747,False,-18.055512121503053
1618,26.963968230533684,846,660,774.0,888.0,-0.2073912285355465,-0.30587887140485215,-11.88264210311994,-5.642926270602938,-0.20739122853554637,False,-11.882642103119931,-0.30587887140485215,False,-17.52556837372287
1619,26.98063322944007,850,660,781.0,890.0,-0.1993979600570576,-0.2914567944778671,-11.424661554787567,-5.274582679206056,-0.19939796005705768,False,-11.424661554787573,-0.29145679447786677,False,-16.699244233993603
1620,26.997298228346455,854,661,789.0,891.0,-0.19099052333982983,-0.2754261036960354,-10.942950914367094,-4.8378023951482865,-0.1909905233398299,False,-10.942950914367097,-0.2754261036960344,False,-15.780753309515333
1621,27.013963227252844,859,662,798.0,893.0,-0.18058369316398068,-0.2581758664478214,-10.346683467181549,-4.4457040524118145,-0.18058369316398082,False,-10.346683467181556,-0.25817586644782153,False,-14.79238751959337
1622,27.03062822615923,864,663,808.0,895.0,-0.1701805034473072,-0.23684876094692026,-9.75062460294226,-3.8198097822192314,-0.17018050344730717,False,-9.750624602942258,-0.23684876094691987,False,-13.570434385161464
1623,27.047293225065616,870,664,819.0,897.0,-0.15776873759595397,-0.21548569150556338,-9.03948280335512,-3.3069378653717023,-0.157768737595954,False,-9.039482803355122,-0.21548569150556318,False,-12.346420668726825
1624,27.063958223972,877,665,831.0,899.0,-0.14334005504560185,-0.19410609803032688,-8.212780189285887,-2.908680005604462,-0.14334005504560166,False,-8.212780189285876,-0.19410609803032663,False,-11.121460194890338
1625,27.08062322287839,884,666,844.0,901.0,-0.12891077168399143,-0.16859693960942962,-7.386043151267269,-2.2738499271750614,-0.12891077168399123,False,-7.386043151267257,-0.16859693960942934,False,-9.65989307844232
1626,27.097288221784776,891,666,858.0,903.0,-0.11472040423104049,-0.13835097017712528,-6.572994986473373,-1.3539316962162333,-0.11472040423104035,False,-6.572994986473365,-0.13835097017712528,False,-7.926926682689598
1627,27.11395322069116,898,667,871.0,904.0,-0.10027853247246847,-0.11343499180721633,-5.74553668643802,-0.7538095932165529,-0.10027853247246865,False,-5.7455366864380295,-0.1134349918072175,False,-6.499346279654634
1628,27.13061821959755,906,667,886.0,905.0,-0.08399084935605668,-0.0838366420684145,-4.812321185821136,0.008835426752067792,-0.08399084935605661,False,-4.812321185821132,-0.08383664206841424,False,-4.803485759069064
1629,27.147283218503937,913,667,900.0,906.0,-0.06970209546972903,-0.05433975721276864,-3.9936358936334084,0.8801971455761878,-0.06970209546972894,False,-3.9936358936334035,-0.05433975721276951,False,-3.1134387480572667
1630,27.163948217410322,921,668,914.0,906.0,-0.05322836158590148,-0.029403288204005115,-3.049760469268432,1.365076151372151,-0.053228361585901496,False,-3.049760469268433,-0.02940328820400495,False,-1.684684317896282
1631,27.18061321631671,928,668,930.0,907.0,-0.03891477067390624,0.008368005512292491,-2.229652120334294,2.7091035191308728,-0.03891477067390614,False,-2.229652120334288,0.008368005512291887,False,0.4794513987965335
1632,27.197278215223097,935,667,944.0,906.0,-0.024635671943408474,0.03763911919938858,-1.4115200278261602,3.5680827025409485,-0.024635671943408433,False,-1.411520027826158,0.03763911919938856,False,2.1565626747147904
1633,27.213943214129483,941,667,957.0,905.0,-0.012319705229270344,0.0671258882021007,-0.705867114482441,4.551897204529809,-0.012319705229270284,False,-0.7058671144824374,0.06712588820210108,False,3.8460300900473974
1634,27.230608213035868,947,667,971.0,904.0,0.0,0.10092178466729385,0.0,5.78239232236404,0.0,False,0.0,0.10092178466729429,False,5.782392322364066
1635,27.247273211942257,952,666,983.0,903.0,0.010287702888966044,0.130063287501013,0.5894419564222985,6.862635486982379,0.010287702888966077,False,0.5894419564223004,0.13006328750101304,False,7.452077443404679
1636,27.263938210848643,957,666,995.0,902.0,0.02057322860302624,0.15964666966066154,1.17875916991123,7.968321214963936,0.020573228603026017,False,1.1787591699112174,0.15964666966066154,False,9.147080384875153
1637,27.28060320975503,961,666,1006.0,900.0,0.02879862024045115,0.18998828791871572,1.650039395577879,9.235487659080855,0.0287986202404511,False,1.650039395577876,0.18998828791871603,False,10.885527054658755
1638,27.297268208661418,964,665,1015.0,898.0,0.03503720206039163,0.21548569150556338,2.0074838040075127,10.338936864719319,0.035037202060391515,False,2.007483804007506,0.21548569150556318,False,12.346420668726825
1639,27.313933207567803,967,665,1021.0,897.0,0.041213762658320205,0.22868682567222423,2.36137465817562,10.741415283086837,0.04121376265832,False,2.3613746581756083,0.22868682567222365,False,13.10278994126242
1640,27.33059820647419,969,664,1029.0,896.0,0.04542327942157701,0.25307565216460226,2.602562202499806,11.897604564052761,0.04542327942157698,False,2.6025622024998043,0.25307565216460226,False,14.500166766552566
1641,27.347263205380578,970,664,1033.0,894.0,0.04748493895021517,0.26735539552188037,2.720686592283703,12.597649201170869,0.047484938950215216,False,2.720686592283706,0.26735539552188037,False,15.318335793454574
1642,27.363928204286964,970,664,1035.0,894.0,0.04748493895021517,0.2754261036960354,2.720686592283703,13.06006671723168,0.047484938950215216,False,2.720686592283706,0.2754261036960344,False,15.780753309515333
1643,27.38059320319335,971,664,1037.0,893.0,0.0495461945911252,0.28060513042474605,2.8387878410053813,13.238701842050574,0.0495461945911253,False,2.8387878410053875,0.2806051304247461,False,16.077489683055962
1644,27.39725820209974,970,664,1037.0,893.0,0.04748493895021517,0.2846323319793205,2.720686592283703,13.587544743097903,0.047484938950215216,False,2.720686592283706,0.2846323319793207,False,16.30823133538161
1645,27.413923201006124,968,665,1035.0,894.0,0.04327194049007683,0.2846323319793205,2.4792995614226614,13.828931773958926,0.043271940490076766,False,2.479299561422658,0.2846323319793207,False,16.30823133538161
1646,27.43058819991251,966,665,1031.0,894.0,0.03915523539900172,0.27656855859928864,2.2434297342040384,13.6027814195518,0.039155235399001675,False,2.243429734204036,0.27656855859928875,False,15.846211153755837
1647,27.447253198818895,963,665,1025.0,895.0,0.03297773075373703,0.26330654956916083,1.8894847901079108,13.19686921835722,0.03297773075373689,False,1.8894847901079028,0.2633065495691618,False,15.086354008465173
1648,27.463918197725285,959,666,1018.0,897.0,0.024686342055599407,0.2500650892513549,1.414423211402155,12.913251006262731,0.024686342055599386,False,1.4144232114021538,0.25006508925135407,False,14.327674217664836
1649,27.48058319663167,955,666,1011.0,898.0,0.016459418834779648,0.23684876094692026,0.9430552324710091,12.627379152690487,0.016459418834779527,False,0.9430552324710021,0.23684876094691987,False,13.570434385161464
1650,27.497248195538056,951,666,1002.0,899.0,0.008230266837865256,0.21548569150556338,0.47155955407616096,11.874861114650685,0.008230266837865319,False,0.47155955407616457,0.21548569150556318,False,12.346420668726825
1651,27.513913194444445,946,667,992.0,901.0,-0.002053385204386049,0.19410609803032688,-0.11765030592592854,11.239110500816277,-0.002053385204386249,False,-0.11765030592593999,0.19410609803032663,False,11.121460194890338
1652,27.53057819335083,940,667,982.0,902.0,-0.014372726867311543,0.1768561314739792,-0.8234965895912365,10.956606504061043,-0.014372726867311503,False,-0.8234965895912343,0.17685613147397916,False,10.13310991446981
1653,27.547243192257216,934,667,970.0,903.0,-0.026687707407175736,0.15137544373402623,-1.5290929993111948,10.202267047190967,-0.026687707407175854,False,-1.5290929993112017,0.15137544373402534,False,8.673174047879716
1654,27.563908191163605,927,667,957.0,904.0,-0.04104469737959964,0.12591262568579822,-2.351687931242729,9.565949970449498,-0.041044697379599704,False,-2.3516879312427323,0.12591262568579786,False,7.214262039206741
1655,27.58057319006999,920,668,945.0,905.0,-0.055271516258581364,0.10509657413192951,-3.1668246089054226,9.188414747948757,-0.05527151625858151,False,-3.166824608905431,0.10509657413192919,False,6.021590139043326
1656,27.597238188976377,913,667,931.0,905.0,-0.06970209546972903,0.07548654493392346,-3.9936358936334084,8.318696328371866,-0.06970209546972894,False,-3.9936358936334035,0.07548654493392348,False,4.325060434738461
1657,27.613903187882762,907,667,918.0,906.0,-0.08195156555641896,0.04599264736156945,-4.695478830872492,7.330663413323923,-0.08195156555641914,False,-4.695478830872503,0.04599264736156883,False,2.635184582451395
1658,27.63056818678915,900,667,905.0,906.0,-0.09621127354798106,0.020917450819302335,-5.512499915877973,6.710981565996475,-0.09621127354798098,False,-5.512499915877968,0.02091745081930263,False,1.1984816501185067
1659,27.647233185695537,893,666,891.0,905.0,-0.11065722117389565,-0.008368005512292491,-6.34019174590991,5.860740347113338,-0.11065722117389587,False,-6.340191745909922,-0.008368005512291887,False,-0.4794513987965335
1660,27.663898184601923,887,666,877.0,904.0,-0.12283523887789499,-0.041992107221369514,-7.037940763184669,4.631970246539368,-0.12283523887789505,False,-7.037940763184673,-0.04199210722136826,False,-2.405970516645228
1661,27.680563183508312,881,665,865.0,904.0,-0.135251674242788,-0.06684586440739673,-7.7493501061900165,3.9193641977424276,-0.13525167424278806,False,-7.74935010619002,-0.06684586440739793,False,-3.829985908447669
1662,27.697228182414698,875,664,852.0,902.0,-0.14767733704782568,-0.09633949292208074,-8.461288142571364,2.941441797705677,-0.14767733704782549,False,-8.461288142571352,-0.09633949292208044,False,-5.519846344865676
1663,27.713893181321083,870,663,840.0,901.0,-0.15808997112168574,-0.12538912034151625,-9.057888128617657,1.8736207361908035,-0.15808997112168566,False,-9.057888128617654,-0.1253891203415165,False,-7.184267392426875
1664,27.730558180227472,865,663,830.0,900.0,-0.16816880246043808,-0.14661956967353545,-9.635362626752356,1.234680090434448,-0.1681688024604382,False,-9.635362626752363,-0.14661956967353618,False,-8.400682536317941
1665,27.747223179133858,862,662,819.0,897.0,-0.17455384180675662,-0.18097667416105903,-10.00119843332138,-0.3680011864216087,-0.1745538418067567,False,-10.001198433321383,-0.18097667416105878,False,-10.369199619742966
1666,27.763888178040244,858,662,810.0,896.0,-0.18259071923374287,-0.20232162837830375,-10.461677590351652,-1.1304978199394264,-0.18259071923374304,False,-10.46167759035166,-0.2023216283783036,False,-11.592175410291063
1667,27.780553176946633,855,661,803.0,895.0,-0.18898566601188915,-0.21866894587394195,-10.828081050950217,-1.7007266582013048,-0.18898566601188893,False,-10.828081050950203,-0.21866894587394192,False,-12.52880770915151
1668,27.79721817585302,854,661,797.0,893.0,-0.19099052333982983,-0.2409177717439294,-10.942950914367094,-2.8606206162561674,-0.1909905233398299,False,-10.942950914367097,-0.2409177717439306,False,-13.80357153062334
1669,27.813883174759404,852,660,791.0,892.0,-0.1953915545165731,-0.2571115358951299,-11.195111426299977,-3.5362944446173326,-0.19539155451657297,False,-11.19511142629997,-0.257111535895131,False,-14.731405870917378
1670,27.83054817366579,851,660,788.0,891.0,-0.19739555984988075,-0.2662520491509254,-11.309932474020213,-3.945186229037576,-0.19739555984988089,False,-11.30993247402022,-0.2662520491509248,False,-15.255118703057747
1671,27.84721317257218,851,660,786.0,890.0,-0.19739555984988075,-0.2754261036960354,-11.309932474020213,-4.470820835495189,-0.19739555984988089,False,-11.30993247402022,-0.2754261036960344,False,-15.780753309515333
1672,27.863878171478564,851,661,786.0,891.0,-0.1969957198072141,-0.2754261036960354,-11.287023327095083,-4.4937299824203025,-0.1969957198072141,False,-11.287023327095083,-0.2754261036960344,False,-15.780753309515333
1673,27.88054317038495,853,661,788.0,891.0,-0.1929938275740361,-0.2754261036960354,-11.0577317920678,-4.723021517447594,-0.19299382757403594,False,-11.057731792067791,-0.2754261036960344,False,-15.780753309515333
1674,27.89720816929134,854,661,791.0,892.0,-0.19099052333982983,-0.2662520491509254,-10.942950914367094,-4.312167788690673,-0.1909905233398299,False,-10.942950914367097,-0.2662520491509248,False,-15.255118703057747
1675,27.913873168197725,856,662,795.0,892.0,-0.1866002974937643,-0.25924884628266204,-10.691409502278288,-4.162455233354099,-0.18660029749376417,False,-10.69140950227828,-0.259248846282663,False,-14.85386473563243
1676,27.93053816710411,859,662,801.0,894.0,-0.18058369316398068,-0.24497866312686414,-10.346683467181549,-3.6895600007449265,-0.18058369316398082,False,-10.346683467181556,-0.24497866312686511,False,-14.036243467926534
1677,27.9472031660105,863,663,808.0,895.0,-0.17219081452293902,-0.23277174150088592,-9.865806943084367,-3.4710314348265747,-0.17219081452293894,False,-9.865806943084364,-0.23277174150088698,False,-13.336838377911015
1678,27.963868164916885,867,663,815.0,897.0,-0.1641412902470073,-0.21866894587394195,-9.40460317498538,-3.124204534166135,-0.1641412902470072,False,-9.404603174985374,-0.21866894587394192,False,-12.52880770915151
1679,27.98053316382327,872,664,824.0,899.0,-0.15373594702999654,-0.201483844513154,-8.808420924265585,-2.735753006408241,-0.15373594702999638,False,-8.808420924265576,-0.20148384451315415,False,-11.544173930673843
1680,27.997198162729656,877,665,834.0,900.0,-0.14334005504560185,-0.18097667416105903,-8.212780189285887,-2.156419430457091,-0.14334005504560166,False,-8.212780189285876,-0.18097667416105878,False,-10.369199619742966
1681,28.013863161636046,882,665,844.0,901.0,-0.13322675164037845,-0.15964666966066154,-7.633330587231303,-1.5137497976438508,-0.13322675164037845,False,-7.633330587231303,-0.15964666966066154,False,-9.147080384875153
1682,28.03052816054243,888,666,855.0,902.0,-0.12080801170201605,-0.13892970426308895,-6.92178920189258,-1.0382965013830894,-0.12080801170201605,False,-6.92178920189258,-0.13892970426308793,False,-7.960085703275619
1683,28.047193159448817,895,666,866.0,904.0,-0.10659036605323881,-0.12125102106994563,-6.107178111605106,-0.8399936573545953,-0.10659036605323902,False,-6.107178111605117,-0.1212510210699449,False,-6.947171768959662
1684,28.063858158355206,901,667,877.0,904.0,-0.09417643757667218,-0.10092178466729385,-5.395912402720571,-0.3864799196434653,-0.09417643757667227,False,-5.395912402720575,-0.10092178466729429,False,-5.782392322364066
1685,28.08052315726159,907,667,890.0,905.0,-0.08195156555641896,-0.07130746478529032,-4.695478830872492,0.6098620508976039,-0.08195156555641914,False,-4.695478830872503,-0.07130746478529026,False,-4.085616779974873
1686,28.097188156167977,913,667,902.0,906.0,-0.06970209546972903,-0.04599264736156945,-3.9936358936334084,1.3584513111819831,-0.06970209546972894,False,-3.9936358936334035,-0.04599264736156883,False,-2.635184582451395
1687,28.113853155074366,919,667,913.0,906.0,-0.05743163906691598,-0.025099330520065605,-3.290590529052943,1.8525048216492956,-0.05743163906691606,False,-3.2905905290529476,-0.02509933052006552,False,-1.438085707403652
1688,28.130518153980752,925,668,926.0,906.0,-0.04505146311597465,0.004201655946871886,-2.5812586974346443,2.821995850156443,-0.045051463115974855,False,-2.581258697434656,0.004201655946872052,False,0.2407371527218122
1689,28.147183152887138,931,667,938.0,906.0,-0.03284239616092653,0.02928033234577806,-1.8817306891177479,3.559370155271229,-0.032842396160926324,False,-1.8817306891177359,0.029280332345777538,False,1.6776394661534424
1690,28.163848151793527,937,667,949.0,905.0,-0.02053099566304746,0.050377507181057816,-1.1763394006940167,4.062757944558623,-0.020530995663047502,False,-1.176339400694019,0.05037750718105727,False,2.8864185438645786
1691,28.180513150699912,941,667,959.0,905.0,-0.012319705229270344,0.07548654493392346,-0.705867114482441,5.030927549220899,-0.012319705229270284,False,-0.7058671144824374,0.07548654493392348,False,4.325060434738461
1692,28.197178149606298,946,667,970.0,904.0,-0.002053385204386049,0.10092178466729385,-0.11765030592592854,5.90004262828998,-0.002053385204386249,False,-0.11765030592593999,0.10092178466729429,False,5.782392322364066
1693,28.213843148512684,950,666,979.0,903.0,0.006172761104780975,0.12175759779046096,0.3536731592464612,6.62252331779835,0.006172761104780822,False,0.35367315924645243,0.12175759779046125,False,6.976196477044827
1694,28.230508147419073,954,666,988.0,903.0,0.01440229629420519,0.14248772198969495,0.8251907929548632,7.338754309488083,0.014402296294205197,False,0.8251907929548635,0.14248772198969561,False,8.163945102442971
1695,28.24717314632546,956,666,995.0,901.0,0.018516402068009044,0.1644585463992785,1.0609116902642277,8.36186892327085,0.018516402068009086,False,1.0609116902642302,0.1644585463992776,False,9.422780613535028
1696,28.263838145231844,958,666,1000.0,900.0,0.02262988105691686,0.1775961672834879,1.2965966754443867,8.878914167598834,0.02262988105691699,False,1.2965966754443943,0.17759616728348782,False,10.175510843043202
1697,28.280503144138233,960,666,1006.0,900.0,0.026742594234704205,0.19410609803032688,1.5322377828794387,9.589222412010901,0.026742594234704153,False,1.5322377828794356,0.19410609803032663,False,11.121460194890338
1698,28.29716814304462,960,665,1009.0,899.0,0.02679770723750156,0.20641910492155582,1.5353955253360199,10.291547997537243,0.026797707237501633,False,1.535395525336024,0.20641910492155624,False,11.826943522873293
1699,28.313833141951005,961,666,1012.0,898.0,0.02879862024045115,0.21638584481804565,1.650039395577879,10.74795625886891,0.0287986202404511,False,1.650039395577876,0.21638584481804557,False,12.397995654446786
1700,28.330498140857394,961,666,1013.0,898.0,0.02879862024045115,0.2204937613666717,1.650039395577879,10.983322539697138,0.0287986202404511,False,1.650039395577876,0.2204937613666722,False,12.63336193527504
1701,28.34716313976378,960,665,1013.0,898.0,0.02679770723750156,0.22366209548092808,1.5353955253360199,11.279498582773197,0.026797707237501633,False,1.535395525336024,0.22366209548092897,False,12.814894108109272
1702,28.363828138670165,958,666,1011.0,898.0,0.02262988105691686,0.22459412721667524,1.2965966754443867,11.571698917495413,0.02262988105691699,False,1.2965966754443943,0.22459412721667604,False,12.868295592939832
1703,28.38049313757655,956,666,1007.0,899.0,0.018516402068009044,0.21548569150556338,1.0609116902642277,11.285508978462595,0.018516402068009086,False,1.0609116902642302,0.21548569150556318,False,12.346420668726825
1704,28.39715813648294,954,666,1003.0,899.0,0.01440229629420519,0.20727991668300638,0.8251907929548632,11.051073610804732,0.014402296294205197,False,0.8251907929548635,0.2072799166830066,False,11.87626440375962
1705,28.413823135389325,951,666,997.0,900.0,0.008230266837865256,0.19410609803032688,0.47155955407616096,10.649900640814199,0.008230266837865319,False,0.47155955407616457,0.19410609803032663,False,11.121460194890338
1706,28.43048813429571,947,667,991.0,901.0,0.0,0.18586394582193286,0.0,10.649219659244933,0.0,False,0.0,0.18586394582193222,False,10.649219659244906
1707,28.4471531332021,943,666,984.0,902.0,-0.008230266837865256,0.17201198762928016,-0.47155955407616096,10.327120470890438,-0.008230266837865319,False,-0.47155955407616457,0.17201198762927916,False,9.855560916814223
1708,28.463818132108486,939,667,975.0,903.0,-0.016425627345179168,0.15137544373402623,-0.9411191227334413,9.614293170613212,-0.016425627345179272,False,-0.9411191227334473,0.15137544373402534,False,8.673174047879716
1709,28.48048313101487,934,667,966.0,905.0,-0.026687707407175736,0.1336522473171937,-1.5290929993111948,9.186802693025069,-0.026687707407175854,False,-1.5290929993112017,0.13365224731719394,False,7.657709693713892
1710,28.49714812992126,928,667,956.0,905.0,-0.03899459690463615,0.11710874456686428,-2.2342258264495554,8.94406263420648,-0.038994596904636136,False,-2.2342258264495545,0.11710874456686327,False,6.709836807756875
1711,28.513813128827646,923,667,946.0,905.0,-0.04924147654939776,0.09633949292208074,-2.821328783272908,8.3411751281386,-0.04924147654939759,False,-2.821328783272898,0.09633949292208044,False,5.519846344865676
1712,28.530478127734032,917,667,937.0,906.0,-0.06152389844759235,0.08348749226241442,-3.525059720238519,8.308540669005984,-0.06152389844759254,False,-3.52505972023853,0.08348749226241381,False,4.783480948767428
1713,28.54714312664042,911,667,926.0,906.0,-0.0737877631715366,0.06267929449123805,-4.227727409439897,7.818986446645429,-0.07378776317153646,False,-4.227727409439889,0.06267929449123777,False,3.5912590372055146
1714,28.563808125546807,905,667,915.0,906.0,-0.0860294331677995,0.041816613207517075,-4.929123434417692,7.325038884739425,-0.08602943316779932,False,-4.929123434417681,0.041816613207517506,False,2.3959154503217692
1715,28.580473124453192,900,667,905.0,906.0,-0.09621127354798106,0.020917450819302335,-5.512499915877973,6.710981565996475,-0.09621127354798098,False,-5.512499915877968,0.02091745081930263,False,1.1984816501185067
1716,28.597138123359578,894,666,895.0,905.0,-0.10862424453034143,0.004184076002074724,-6.223710764385581,6.463440660466422,-0.10862424453034158,False,-6.22371076438559,0.004184076002074377,False,0.2397298960808325
1717,28.613803122265967,888,666,884.0,905.0,-0.12080801170201605,-0.01673483927434091,-6.92178920189258,5.962953540643085,-0.12080801170201605,False,-6.92178920189258,-0.01673483927434205,False,-0.9588356612495726
1718,28.630468121172353,883,665,875.0,904.0,-0.1312007293900455,-0.033460310449650164,-7.517248063087627,5.600113493125179,-0.13120072939004546,False,-7.517248063087624,-0.03346031044964981,False,-1.91713456996242
1719,28.64713312007874,878,665,865.0,903.0,-0.14131968746277687,-0.05456762350389413,-8.097021653724967,4.970527128892964,-0.14131968746277668,False,-8.097021653724957,-0.054567623503894325,False,-3.126494524832018
1720,28.663798118985127,873,664,856.0,902.0,-0.15171765164620354,-0.07130746478529032,-8.69278111696351,4.607164336988624,-0.15171765164620332,False,-8.692781116963497,-0.07130746478529026,False,-4.085616779974873
1721,28.680463117891513,869,663,848.0,902.0,-0.16010839751621367,-0.08764102844704821,-9.173535442281915,4.1520744000800685,-0.16010839751621386,False,-9.173535442281928,-0.0876410284470488,False,-5.021461042201883
1722,28.6971281167979,866,663,841.0,901.0,-0.1661557264196125,-0.10465821607405422,-9.520021865774144,3.5235477933626127,-0.1661557264196123,False,-9.520021865774133,-0.10465821607405346,False,-5.996474072411495
1723,28.713793115704288,864,662,833.0,900.0,-0.17052677682256587,-0.12952290719556644,-9.770464605902331,2.3493486733317446,-0.170526776822566,False,-9.770464605902339,-0.12952290719556636,False,-7.421115932570594
1724,28.730458114610673,862,662,827.0,899.0,-0.17455384180675662,-0.14661956967353545,-10.00119843332138,1.6005158970034685,-0.1745538418067567,False,-10.001198433321383,-0.14661956967353618,False,-8.400682536317941
1725,28.74712311351706,861,662,823.0,898.0,-0.17656523981366368,-0.15964666966066154,-10.116443050038178,0.9693626651630256,-0.17656523981366368,False,-10.116443050038178,-0.15964666966066154,False,-9.147080384875153
1726,28.763788112423445,860,662,817.0,897.0,-0.178575195156396,-0.18097667416105903,-10.231605008186511,-0.1375946115564631,-0.17857519515639586,False,-10.231605008186504,-0.18097667416105878,False,-10.369199619742966
1727,28.780453111329834,860,662,814.0,897.0,-0.178575195156396,-0.19330057864443415,-10.231605008186511,-0.8437023255762136,-0.17857519515639586,False,-10.231605008186504,-0.1933005786444344,False,-11.075307333762742
1728,28.79711811023622,860,662,812.0,896.0,-0.178575195156396,-0.20232162837830375,-10.231605008186511,-1.3605704021045582,-0.17857519515639586,False,-10.231605008186504,-0.2023216283783036,False,-11.592175410291063
1729,28.813783109142605,862,662,810.0,896.0,-0.17455384180675662,-0.21866894587394195,-10.00119843332138,-2.5276092758301254,-0.1745538418067567,False,-10.001198433321383,-0.21866894587394192,False,-12.52880770915151
1730,28.830448108048994,863,663,811.0,896.0,-0.17219081452293902,-0.2195776234975388,-9.865806943084367,-2.715064158837214,-0.17219081452293894,False,-9.865806943084364,-0.21957762349753907,False,-12.580871101921602
1731,28.84711310695538,865,663,813.0,896.0,-0.16816880246043808,-0.2195776234975388,-9.635362626752356,-2.9455084751692397,-0.1681688024604382,False,-9.635362626752363,-0.21957762349753907,False,-12.580871101921602
1732,28.863778105861766,868,663,816.0,896.0,-0.16212550892912458,-0.2195776234975388,-9.289107413049381,-3.2917636888722144,-0.1621255089291247,False,-9.289107413049388,-0.21957762349753907,False,-12.580871101921602
1733,28.880443104768155,871,664,821.0,897.0,-0.15575298075129235,-0.21138641644999373,-8.923988443631401,-3.1875610653480373,-0.1557529807512923,False,-8.923988443631398,-0.21138641644999367,False,-12.111549508979436
1734,28.89710810367454,874,664,827.0,898.0,-0.1496981098742038,-0.1982172523518861,-8.577069896877552,-2.779942089565112,-0.14969810987420384,False,-8.577069896877555,-0.1982172523518848,False,-11.35701198644259
1735,28.913773102580926,877,665,833.0,900.0,-0.14334005504560185,-0.18509101269405182,-8.212780189285887,-2.3921536638856193,-0.14334005504560166,False,-8.212780189285876,-0.18509101269405193,False,-10.60493385317152
1736,28.930438101487315,881,665,840.0,901.0,-0.135251674242788,-0.17201198762928016,-7.7493501061900165,-2.106210810624254,-0.13525167424278806,False,-7.74935010619002,-0.17201198762927916,False,-9.855560916814223
1737,28.9471031003937,885,665,849.0,902.0,-0.1271454489985591,-0.15074638112042166,-7.284897611913295,-1.352233803157452,-0.12714544899855929,False,-7.284897611913307,-0.15074638112042038,False,-8.637131415070682
1738,28.963768099300086,889,666,857.0,903.0,-0.11877978621987097,-0.13420944732917872,-6.805580441864781,-0.8840544608804854,-0.11877978621987095,False,-6.80558044186478,-0.1342094473291784,False,-7.68963490274524
1739,28.980433098206472,894,666,867.0,904.0,-0.10862424453034143,-0.11296242686470927,-6.223710764385581,-0.24855953851748505,-0.10862424453034158,False,-6.22371076438559,-0.11296242686470848,False,-6.472270302903024
1740,28.99709809711286,898,667,876.0,904.0,-0.10027853247246847,-0.09256174873423176,-5.74553668643802,0.4421391396161554,-0.10027853247246865,False,-5.7455366864380295,-0.09256174873423184,False,-5.303397546821874
1741,29.013763096019247,903,667,885.0,905.0,-0.09010443456392371,-0.07548654493392346,-5.162603815925527,0.8375433811870647,-0.0901044345639237,False,-5.162603815925526,-0.07548654493392348,False,-4.325060434738461
1742,29.030428094925632,908,667,895.0,906.0,-0.07991159837834193,-0.05433975721276864,-4.578597321223466,1.4651585731662573,-0.07991159837834205,False,-4.578597321223473,-0.05433975721276951,False,-3.1134387480572667
1743,29.04709309383202,913,667,905.0,906.0,-0.06970209546972903,-0.033460310449650164,-3.9936358936334084,2.0765013236709584,-0.06970209546972894,False,-3.9936358936334035,-0.03346031044964981,False,-1.91713456996242
1744,29.063758092738407,918,667,915.0,906.0,-0.05947801806440682,-0.012551642069567633,-3.4078394088933806,2.688683292348311,-0.05947801806440678,False,-3.4078394088933783,-0.012551642069567492,False,-0.7191561165450674
1745,29.080423091644793,923,667,925.0,906.0,-0.04924147654939776,0.008368005512292491,-2.821328783272908,3.300780182069482,-0.04924147654939759,False,-2.821328783272898,0.008368005512291887,False,0.4794513987965335
1746,29.097088090551182,928,667,934.0,906.0,-0.03899459690463615,0.025099330520065605,-2.2342258264495554,3.6723115338532066,-0.038994596904636136,False,-2.2342258264495545,0.02509933052006552,False,1.438085707403652
1747,29.113753089457568,932,667,942.0,906.0,-0.030791086745857205,0.041816613207517075,-1.764199317158826,4.1601147674805805,-0.0307910867458574,False,-1.764199317158837,0.041816613207517506,False,2.3959154503217692
1748,29.130418088363953,936,667,951.0,906.0,-0.022583428942745638,0.06267929449123805,-1.2939351653529159,4.885194202558439,-0.022583428942745787,False,-1.2939351653529245,0.06267929449123777,False,3.5912590372055146
1749,29.14708308727034,940,667,959.0,905.0,-0.014372726867311543,0.07966298504578714,-0.8234965895912365,5.387849416128624,-0.014372726867311503,False,-0.8234965895912343,0.07966298504578617,False,4.5643528265373385
1750,29.163748086176728,943,667,964.0,904.0,-0.008213367666771209,0.0883767861448488,-0.47059130289520257,5.5342081559252785,-0.008213367666771276,False,-0.47059130289520645,0.088376786144849,False,5.063616853030098
1751,29.180413085083114,946,667,971.0,904.0,-0.002053385204386049,0.10509657413192951,-0.11765030592592854,6.139240444969266,-0.002053385204386249,False,-0.11765030592593999,0.10509657413192919,False,6.021590139043326
1752,29.1970780839895,948,666,976.0,904.0,0.0020576102649100154,0.11710874456686428,0.11789238406213916,6.591944423694793,0.002057610264909915,False,0.11789238406213338,0.11710874456686327,False,6.709836807756875
1753,29.21374308289589,950,666,979.0,903.0,0.006172761104780975,0.12175759779046096,0.3536731592464612,6.62252331779835,0.006172761104780822,False,0.35367315924645243,0.12175759779046125,False,6.976196477044827
1754,29.230408081802274,952,666,983.0,903.0,0.010287702888966044,0.130063287501013,0.5894419564222985,6.862635486982379,0.010287702888966077,False,0.5894419564223004,0.13006328750101304,False,7.452077443404679
1755,29.24707308070866,952,666,986.0,903.0,0.010287702888966044,0.14248772198969495,0.5894419564222985,7.574503146020645,0.010287702888966077,False,0.5894419564223004,0.14248772198969561,False,8.163945102442971
1756,29.26373807961505,952,666,985.0,902.0,0.010287702888966044,0.13892970426308895,0.5894419564222985,7.37064374685337,0.010287702888966077,False,0.5894419564223004,0.13892970426308793,False,7.960085703275619
1757,29.280403078521434,952,666,986.0,903.0,0.010287702888966044,0.14248772198969495,0.5894419564222985,7.574503146020645,0.010287702888966077,False,0.5894419564223004,0.14248772198969561,False,8.163945102442971
1758,29.29706807742782,951,666,986.0,903.0,0.008230266837865256,0.14661956967353545,0.47155955407616096,7.929122982241751,0.008230266837865319,False,0.47155955407616457,0.14661956967353618,False,8.400682536317941
1759,29.31373307633421,950,666,983.0,902.0,0.006172761104780975,0.13892970426308895,0.3536731592464612,7.606412544029218,0.006172761104780822,False,0.35367315924645243,0.13892970426308793,False,7.960085703275619
1760,29.330398075240595,948,666,981.0,903.0,0.0020576102649100154,0.13835097017712528,0.11789238406213916,7.809034298627465,0.002057610264909915,False,0.11789238406213338,0.13835097017712528,False,7.926926682689598
1761,29.34706307414698,946,667,977.0,903.0,-0.002053385204386049,0.13060816994581406,-0.11765030592592854,7.60094721374848,-0.002053385204386249,False,-0.11765030592593999,0.13060816994581437,False,7.483296907822565
1762,29.363728073053366,943,667,972.0,904.0,-0.008213367666771209,0.12175759779046096,-0.47059130289520257,7.446787779940008,-0.008213367666771276,False,-0.47059130289520645,0.12175759779046125,False,6.976196477044827
1763,29.380393071959755,939,667,967.0,904.0,-0.016425627345179168,0.1175983406109762,-0.9411191227334413,7.67900771748428,-0.016425627345179272,False,-0.9411191227334473,0.11759834061097507,False,6.737888594750783
1764,29.39705807086614,936,667,961.0,904.0,-0.022583428942745638,0.10509657413192951,-1.2939351653529159,7.3155253043962505,-0.022583428942745787,False,-1.2939351653529245,0.10509657413192919,False,6.021590139043326
1765,29.413723069772526,932,667,954.0,905.0,-0.030791086745857205,0.09217503755646181,-1.764199317158826,7.0454399456039445,-0.0307910867458574,False,-1.764199317158837,0.09217503755646206,False,5.281240628445133
1766,29.430388068678916,928,667,947.0,905.0,-0.03899459690463615,0.07966298504578714,-2.2342258264495554,6.7985786529869445,-0.038994596904636136,False,-2.2342258264495545,0.07966298504578617,False,4.5643528265373385
1767,29.4470530675853,924,667,939.0,905.0,-0.04719285939435449,0.0629419593073733,-2.7039516664508305,6.310260289047486,-0.04719285939435469,False,-2.703951666450842,0.06294195930737345,False,3.606308622596669
1768,29.463718066491687,919,667,931.0,906.0,-0.05743163906691598,0.05016707685413893,-3.290590529052943,6.164952303303533,-0.05743163906691606,False,-3.2905905290529476,0.050167076854139125,False,2.8743617742506107
1769,29.480383065398076,914,667,924.0,906.0,-0.06765837866141712,0.041816613207517075,-3.8765395459971894,6.272454996318932,-0.0676583786614171,False,-3.8765395459971885,0.041816613207517506,False,2.3959154503217692
1770,29.49704806430446,909,667,915.0,906.0,-0.0778709644651654,0.025099330520065605,-4.461677610467185,5.899763317870837,-0.0778709644651654,False,-4.461677610467185,0.02509933052006552,False,1.438085707403652
1771,29.513713063210847,904,667,907.0,906.0,-0.08806730041686421,0.012551642069567633,-5.045884626997035,5.765040743542112,-0.08806730041686439,False,-5.045884626997045,0.012551642069567492,False,0.7191561165450674
1772,29.530378062117233,900,666,899.0,905.0,-0.09640801599283491,-0.004184076002074724,-5.523772427619184,5.284042531538324,-0.09640801599283488,False,-5.523772427619182,-0.004184076002074377,False,-0.2397298960808325
1773,29.547043061023622,895,666,892.0,905.0,-0.10659036605323881,-0.012551642069567633,-6.107178111605106,5.388021995060025,-0.10659036605323902,False,-6.107178111605117,-0.012551642069567492,False,-0.7191561165450674
1774,29.563708059930008,891,666,883.0,904.0,-0.11472040423104049,-0.033600794415993215,-6.572994986473373,4.647811278150205,-0.11472040423104035,False,-6.572994986473365,-0.0336007944159924,False,-1.925183708323108
1775,29.580373058836393,887,666,876.0,905.0,-0.12283523887789499,-0.04599264736156945,-7.037940763184669,4.402756180733227,-0.12283523887789505,False,-7.037940763184673,-0.04599264736156883,False,-2.635184582451395
1776,29.597038057742783,883,665,869.0,904.0,-0.1312007293900455,-0.05851054432966771,-7.517248063087627,4.164840815984559,-0.13120072939004546,False,-7.517248063087624,-0.058510544329667624,False,-3.3524072471030655
1777,29.613703056649168,880,665,862.0,903.0,-0.13727548150032162,-0.07548654493392346,-7.865305720594639,3.5402452858561793,-0.13727548150032165,False,-7.86530572059464,-0.07548654493392348,False,-4.325060434738461
1778,29.630368055555554,876,665,856.0,903.0,-0.14535924504066455,-0.0838366420684145,-8.328471254038021,3.5249854949689383,-0.14535924504066466,False,-8.328471254038028,-0.08383664206841424,False,-4.803485759069064
1779,29.647033054461943,874,664,851.0,902.0,-0.1496981098742038,-0.09633949292208074,-8.577069896877552,3.057223552011854,-0.14969810987420384,False,-8.577069896877555,-0.09633949292208044,False,-5.519846344865676
1780,29.66369805336833,872,663,846.0,901.0,-0.15404923415367094,-0.10881220481724505,-8.82637095422792,2.5918908586866967,-0.15404923415367078,False,-8.826370954227912,-0.1088122048172444,False,-6.23448009554119
1781,29.680363052274714,870,664,842.0,901.0,-0.15776873759595397,-0.1175983406109762,-9.03948280335512,2.3015942086042633,-0.157768737595954,False,-9.039482803355122,-0.11759834061097507,False,-6.737888594750783
1782,29.697028051181103,869,663,838.0,901.0,-0.16010839751621367,-0.12952290719556644,-9.173535442281915,1.7524195097113073,-0.16010839751621386,False,-9.173535442281928,-0.12952290719556636,False,-7.421115932570594
1783,29.71369305008749,869,663,835.0,900.0,-0.16010839751621367,-0.14248772198969495,-9.173535442281915,1.0095903398389807,-0.16010839751621386,False,-9.173535442281928,-0.14248772198969561,False,-8.163945102442971
1784,29.730358048993875,869,663,833.0,900.0,-0.16010839751621367,-0.15074638112042166,-9.173535442281915,0.5364040272111686,-0.16010839751621386,False,-9.173535442281928,-0.15074638112042038,False,-8.637131415070682
1785,29.74702304790026,869,663,832.0,900.0,-0.16010839751621367,-0.15486802523009655,-9.173535442281915,0.300251215071837,-0.16010839751621386,False,-9.173535442281928,-0.15486802523009757,False,-8.87328422721014
1786,29.76368804680665,871,664,832.0,899.0,-0.15575298075129235,-0.1644585463992785,-8.923988443631401,-0.4987921699036804,-0.1557529807512923,False,-8.923988443631398,-0.1644585463992776,False,-9.422780613535028
1787,29.780353045713035,873,664,832.0,900.0,-0.15171765164620354,-0.17201198762928016,-8.69278111696351,-1.162779799850777,-0.15171765164620332,False,-8.692781116963497,-0.17201198762927916,False,-9.855560916814223
1788,29.79701804461942,874,664,835.0,900.0,-0.1496981098742038,-0.16377410783361504,-8.577069896877552,-0.806495275509019,-0.14969810987420384,False,-8.577069896877555,-0.16377410783361412,False,-9.383565172386524
1789,29.81368304352581,876,664,837.0,900.0,-0.14565534855981316,-0.16377410783361504,-8.345436735984208,-1.0381284364023697,-0.1456553485598131,False,-8.345436735984205,-0.16377410783361412,False,-9.383565172386524
1790,29.830348042432195,879,664,842.0,901.0,-0.13958224392387875,-0.15486802523009655,-7.997473471803832,-0.8758107554062585,-0.13958224392387875,False,-7.997473471803832,-0.15486802523009757,False,-8.87328422721014
1791,29.84701304133858,882,665,847.0,902.0,-0.13322675164037845,-0.14661956967353545,-7.633330587231303,-0.7673519490865871,-0.13322675164037845,False,-7.633330587231303,-0.14661956967353618,False,-8.400682536317941
1792,29.86367804024497,884,665,852.0,902.0,-0.12917362324190468,-0.13420944732917872,-7.401103436174137,-0.28853146657111306,-0.1291736232419045,False,-7.401103436174127,-0.1342094473291784,False,-7.68963490274524
1793,29.880343039151356,887,666,858.0,903.0,-0.12283523887789499,-0.12175759779046096,-7.037940763184669,0.06174428613987075,-0.12283523887789505,False,-7.037940763184673,-0.12175759779046125,False,-6.976196477044827
1794,29.89700803805774,891,666,864.0,904.0,-0.11472040423104049,-0.11296242686470927,-6.572994986473373,0.10072468357031485,-0.11472040423104035,False,-6.572994986473365,-0.11296242686470848,False,-6.472270302903024
1795,29.913673036964127,894,666,872.0,904.0,-0.10862424453034143,-0.09217503755646181,-6.223710764385581,0.9424701359404575,-0.10862424453034158,False,-6.22371076438559,-0.09217503755646206,False,-5.281240628445133
1796,29.930338035870516,899,667,878.0,904.0,-0.09824531063006106,-0.0883767861448488,-5.6290416560542615,0.5654248030241689,-0.09824531063006114,False,-5.629041656054266,-0.088376786144849,False,-5.063616853030098
1797,29.947003034776902,903,667,886.0,905.0,-0.09010443456392371,-0.07130746478529032,-5.162603815925527,1.076987035950653,-0.0901044345639237,False,-5.162603815925526,-0.07130746478529026,False,-4.085616779974873
1798,29.963668033683287,907,667,893.0,905.0,-0.08195156555641896,-0.058755822715722696,-4.695478830872492,1.3290181674426969,-0.08195156555641914,False,-4.695478830872503,-0.05875582271572277,False,-3.3664606634298058
1799,29.980333032589677,911,667,900.0,906.0,-0.0737877631715366,-0.04599264736156945,-4.227727409439897,1.5925428269884685,-0.07378776317153646,False,-4.227727409439889,-0.04599264736156883,False,-2.635184582451395
1800,29.996998031496062,915,667,908.0,906.0,-0.06561409564496752,-0.02928033234577806,-3.7594107570243542,2.081771290870889,-0.06561409564496756,False,-3.7594107570243565,-0.029280332345777538,False,-1.6776394661534424
1801,30.013663030402448,919,667,914.0,906.0,-0.05743163906691598,-0.020917450819302335,-3.290590529052943,2.092108878934441,-0.05743163906691606,False,-3.2905905290529476,-0.02091745081930263,False,-1.1984816501185067
1802,30.030328029308837,923,667,921.0,906.0,-0.04924147654939776,-0.008368005512292491,-2.821328783272908,2.341877384476339,-0.04924147654939759,False,-2.821328783272898,-0.008368005512291887,False,-0.4794513987965335
1803,30.046993028215223,927,667,928.0,906.0,-0.04104469737959964,0.004184076002074724,-2.351687931242729,2.5914178273235904,-0.041044697379599704,False,-2.3516879312427323,0.004184076002074377,False,0.2397298960808325
1804,30.06365802712161,930,667,934.0,906.0,-0.03489342912114106,0.01673483927434091,-1.999246221380264,2.9580818826297643,-0.03489342912114113,False,-1.999246221380268,0.01673483927434205,False,0.9588356612495726
1805,30.080323026027997,933,667,940.0,906.0,-0.028739518086668615,0.02928033234577806,-1.6466530916060065,3.324292557759469,-0.028739518086668525,False,-1.6466530916060014,0.029280332345777538,False,1.6776394661534424
1806,30.096988024934383,936,667,946.0,905.0,-0.022583428942745638,0.041992107221369514,-1.2939351653529159,3.6999056819982283,-0.022583428942745787,False,-1.2939351653529245,0.04199210722136826,False,2.405970516645228
1807,30.11365302384077,938,667,950.0,905.0,-0.018478389371786808,0.050377507181057816,-1.0587337232027807,3.945152267067385,-0.018478389371786808,False,-1.0587337232027807,0.05037750718105727,False,2.8864185438645786
1808,30.130318022747154,940,667,954.0,905.0,-0.014372726867311543,0.058755822715722696,-0.8234965895912365,4.18995725302104,-0.014372726867311503,False,-0.8234965895912343,0.05875582271572277,False,3.3664606634298058
1809,30.146983021653543,942,667,958.0,905.0,-0.010266579728268404,0.0671258882021007,-0.588231688464347,4.434261778511731,-0.01026657972826861,False,-0.5882316884643589,0.06712588820210108,False,3.8460300900473974
1810,30.16364802055993,943,667,960.0,904.0,-0.008213367666771209,0.07160731485126633,-0.47059130289520257,4.573388226137217,-0.008213367666771276,False,-0.47059130289520645,0.07160731485126703,False,4.102796923242061
1811,30.180313019466315,943,666,963.0,905.0,-0.008230266837865256,0.08348749226241442,-0.47155955407616096,5.2550405028436185,-0.008230266837865319,False,-0.47155955407616457,0.08348749226241381,False,4.783480948767428
1812,30.196978018372704,943,666,965.0,905.0,-0.008230266837865256,0.09179153515222487,-0.47155955407616096,5.73082711332539,-0.008230266837865319,False,-0.47155955407616457,0.09179153515222538,False,5.259267559249251
1813,30.21364301727909,944,667,964.0,904.0,-0.006160086351622471,0.08418871753885106,-0.3529469493841088,5.176605146979278,-0.0061600863516226845,False,-0.352946949384121,0.08418871753885071,False,4.823658197595157
1814,30.230308016185475,943,666,964.0,904.0,-0.008230266837865256,0.08800737352774077,-0.47155955407616096,5.514010623247086,-0.008230266837865319,False,-0.47155955407616457,0.08800737352774135,False,5.042451069170946
1815,30.246973015091864,942,666,963.0,905.0,-0.010287702888966044,0.08764102844704821,-0.5894419564222985,5.610902998624159,-0.010287702888966077,False,-0.5894419564223004,0.0876410284470488,False,5.021461042201883
1816,30.26363801399825,941,666,961.0,904.0,-0.012345051844224488,0.0838366420684145,-0.7073193685442566,5.510805127613335,-0.012345051844224297,False,-0.7073193685442456,0.08383664206841424,False,4.803485759069064
1817,30.280303012904636,938,667,958.0,905.0,-0.018478389371786808,0.0838366420684145,-1.0587337232027807,5.86221948227187,-0.018478389371786808,False,-1.0587337232027807,0.08383664206841424,False,4.803485759069064
1818,30.296968011811025,937,667,955.0,905.0,-0.02053099566304746,0.07548654493392346,-1.1763394006940167,5.501399835432481,-0.020530995663047502,False,-1.176339400694019,0.07548654493392348,False,4.325060434738461
1819,30.31363301071741,934,667,951.0,905.0,-0.026687707407175736,0.07130746478529032,-1.5290929993111948,5.614709779286075,-0.026687707407175854,False,-1.5290929993112017,0.07130746478529026,False,4.085616779974873
1820,30.330298009623796,932,667,946.0,905.0,-0.030791086745857205,0.058755822715722696,-1.764199317158826,5.130659980588617,-0.0307910867458574,False,-1.764199317158837,0.05875582271572277,False,3.3664606634298058
1821,30.34696300853018,929,667,942.0,906.0,-0.036944168429707554,0.05433975721276864,-2.1167449286427007,5.2301836766999195,-0.0369441684297076,False,-2.1167449286427034,0.05433975721276951,False,3.1134387480572667
1822,30.36362800743657,926,667,936.0,905.0,-0.043094452704790676,0.041992107221369514,-2.469130260410641,4.875100777055935,-0.04309445270479051,False,-2.469130260410631,0.04199210722136826,False,2.405970516645228
1823,30.380293006342956,922,667,930.0,906.0,-0.05128968013770862,0.033460310449650164,-2.9386822044666707,4.85581677442911,-0.051289680137708515,False,-2.938682204466665,0.03346031044964981,False,1.91713456996242
1824,30.396958005249342,919,667,925.0,906.0,-0.05743163906691598,0.025099330520065605,-3.290590529052943,4.728676236456599,-0.05743163906691606,False,-3.2905905290529476,0.02509933052006552,False,1.438085707403652
1825,30.41362300415573,915,667,918.0,906.0,-0.06561409564496752,0.012551642069567633,-3.7594107570243542,4.478566873569424,-0.06561409564496756,False,-3.7594107570243565,0.012551642069567492,False,0.7191561165450674
1826,30.430288003062117,911,667,912.0,905.0,-0.0737877631715366,0.004201655946871886,-4.227727409439897,4.468464562161701,-0.07378776317153646,False,-4.227727409439889,0.004201655946872052,False,0.2407371527218122
1827,30.446953001968502,908,667,905.0,906.0,-0.07991159837834193,-0.012551642069567633,-4.578597321223466,3.8594412046783804,-0.07991159837834205,False,-4.578597321223473,-0.012551642069567492,False,-0.7191561165450674
1828,30.46361800087489,904,666,899.0,905.0,-0.08824757048462985,-0.020917450819302335,-5.056213341052543,3.8577316909340547,-0.08824757048462972,False,-5.056213341052536,-0.02091745081930263,False,-1.1984816501185067
1829,30.480282999781277,900,666,893.0,905.0,-0.09640801599283491,-0.02928033234577806,-5.523772427619184,3.846132961465714,-0.09640801599283488,False,-5.523772427619182,-0.029280332345777538,False,-1.6776394661534424
1830,30.496947998687663,897,666,887.0,905.0,-0.1025199685929875,-0.041816613207517075,-5.873961516191936,3.4780460658701995,-0.10251996859298762,False,-5.873961516191943,-0.041816613207517506,False,-2.3959154503217692
1831,30.51361299759405,894,665,881.0,904.0,-0.10884644904707894,-0.05433975721276864,-6.236442145383384,3.1230033973261637,-0.10884644904707885,False,-6.236442145383379,-0.05433975721276951,False,-3.1134387480572667
1832,30.530277996500438,891,666,876.0,904.0,-0.11472040423104049,-0.0629419593073733,-6.572994986473373,2.966686363876721,-0.11472040423104035,False,-6.572994986473365,-0.06294195930737345,False,-3.606308622596669
1833,30.546942995406823,888,665,870.0,904.0,-0.12105467649627424,-0.07517189263510927,-6.935922053558038,2.6288898675557255,-0.1210546764962741,False,-6.93592205355803,-0.07517189263510815,False,-4.307032186002253
1834,30.56360799431321,885,665,865.0,903.0,-0.1271454489985591,-0.0838366420684145,-7.284897611913295,2.481411852844217,-0.12714544899855929,False,-7.284897611913307,-0.08383664206841424,False,-4.803485759069064
1835,30.580272993219598,883,665,861.0,903.0,-0.1312007293900455,-0.09217503755646181,-7.517248063087627,2.2360074346425174,-0.13120072939004546,False,-7.517248063087624,-0.09217503755646206,False,-5.281240628445133
1836,30.596937992125984,882,664,858.0,903.0,-0.13349875799443423,-0.10008290267459158,-7.64891540331944,1.9145874786467665,-0.13349875799443423,False,-7.64891540331944,-0.10008290267459152,False,-5.734327924672673
1837,30.61360299103237,880,664,855.0,902.0,-0.13755554787291122,-0.10465821607405422,-7.8813523417275615,1.884878269316023,-0.13755554787291135,False,-7.8813523417275695,-0.10465821607405346,False,-5.996474072411495
1838,30.63026798993876,879,664,852.0,902.0,-0.13958224392387875,-0.11296242686470927,-7.997473471803832,1.5252031689007564,-0.13958224392387875,False,-7.997473471803832,-0.11296242686470848,False,-6.472270302903024
1839,30.646932988845144,878,664,851.0,902.0,-0.1416077864606557,-0.11296242686470927,-8.113528510385374,1.641258207482301,-0.14160778646065575,False,-8.113528510385375,-0.11296242686470848,False,-6.472270302903024
1840,30.66359798775153,878,664,850.0,901.0,-0.1416077864606557,-0.1175983406109762,-8.113528510385374,1.3756399156345172,-0.14160778646065575,False,-8.113528510385375,-0.11759834061097507,False,-6.737888594750783
1841,30.68026298665792,878,664,850.0,901.0,-0.1416077864606557,-0.1175983406109762,-8.113528510385374,1.3756399156345172,-0.14160778646065575,False,-8.113528510385375,-0.11759834061097507,False,-6.737888594750783
1842,30.696927985564304,878,664,850.0,902.0,-0.1416077864606557,-0.11710874456686428,-8.113528510385374,1.40369170262845,-0.14160778646065575,False,-8.113528510385375,-0.11710874456686327,False,-6.709836807756875
1843,30.71359298447069,879,664,851.0,902.0,-0.13958224392387875,-0.11710874456686428,-7.997473471803832,1.2876366640469055,-0.13958224392387875,False,-7.997473471803832,-0.11710874456686327,False,-6.709836807756875
1844,30.730257983377076,880,664,853.0,902.0,-0.13755554787291122,-0.11296242686470927,-7.8813523417275615,1.409082038824494,-0.13755554787291135,False,-7.8813523417275695,-0.11296242686470848,False,-6.472270302903024
1845,30.746922982283465,882,664,856.0,903.0,-0.13349875799443423,-0.10836048658117757,-7.64891540331944,1.4403168562339856,-0.13349875799443423,False,-7.64891540331944,-0.10836048658117647,False,-6.208598547085403
1846,30.76358798118985,883,665,859.0,902.0,-0.1312007293900455,-0.10092178466729385,-7.517248063087627,1.7348557407235838,-0.13120072939004546,False,-7.517248063087624,-0.10092178466729429,False,-5.782392322364066
1847,30.780252980096236,885,665,862.0,903.0,-0.1271454489985591,-0.09633949292208074,-7.284897611913295,1.765051267047605,-0.12714544899855929,False,-7.284897611913307,-0.09633949292208044,False,-5.519846344865676
1848,30.796917979002625,888,665,866.0,904.0,-0.12105467649627424,-0.09179153515222487,-6.935922053558038,1.6766544943088049,-0.1210546764962741,False,-6.93592205355803,-0.09179153515222538,False,-5.259267559249251
1849,30.81358297790901,890,665,870.0,903.0,-0.1169891130325624,-0.0838366420684145,-6.702982425744761,1.899496666675686,-0.11698911303256221,False,-6.70298242574475,-0.08383664206841424,False,-4.803485759069064
1850,30.830247976815397,893,666,875.0,904.0,-0.11065722117389565,-0.07548654493392346,-6.34019174590991,2.0151313111714613,-0.11065722117389587,False,-6.340191745909922,-0.07548654493392348,False,-4.325060434738461
1851,30.846912975721786,896,666,881.0,905.0,-0.10455560198036856,-0.06267929449123805,-5.9905947179247905,2.3993356807192536,-0.10455560198036862,False,-5.990594717924794,-0.06267929449123777,False,-3.5912590372055146
1852,30.86357797462817,899,666,886.0,904.0,-0.09844615921263308,-0.05456762350389413,-5.640549432156823,2.5140549073248195,-0.09844615921263289,False,-5.640549432156812,-0.054567623503894325,False,-3.126494524832018
1853,30.880242973534557,902,666,890.0,905.0,-0.09232933473159899,-0.05016707685413893,-5.290081205371269,2.4157194311206713,-0.09232933473159921,False,-5.2900812053712825,-0.050167076854139125,False,-2.8743617742506107
1854,30.896907972440943,905,666,896.0,905.0,-0.08620557367577886,-0.03763911919938858,-4.939215542126199,2.782652867411415,-0.08620557367577897,False,-4.939215542126205,-0.03763911919938856,False,-2.1565626747147904
1855,30.91357297134733,908,667,901.0,905.0,-0.07991159837834193,-0.029403288204005115,-4.578597321223466,2.8939130033271656,-0.07991159837834205,False,-4.578597321223473,-0.02940328820400495,False,-1.684684317896282
1856,30.930237970253717,912,667,907.0,905.0,-0.07174522924003457,-0.021005313472176913,-4.110698835652568,2.90718302634754,-0.07174522924003446,False,-4.1106988356525616,-0.021005313472176823,False,-1.203515809305021
1857,30.946902969160103,915,667,913.0,906.0,-0.06561409564496752,-0.008368005512292491,-3.7594107570243542,3.2799593582277975,-0.06561409564496756,False,-3.7594107570243565,-0.008368005512291887,False,-0.4794513987965335
1858,30.963567968066492,918,667,917.0,905.0,-0.05947801806440682,-0.004201655946871886,-3.4078394088933806,3.167102256171566,-0.05947801806440678,False,-3.4078394088933783,-0.004201655946872052,False,-0.2407371527218122
1859,30.980232966972878,921,667,923.0,906.0,-0.05333745310486183,0.008368005512292491,-3.0560109528855315,3.535462351682103,-0.05333745310486204,False,-3.056010952885544,0.008368005512291887,False,0.4794513987965335
1860,30.996897965879263,924,667,928.0,906.0,-0.04719285939435449,0.01673483927434091,-2.7039516664508305,3.6627873277003387,-0.04719285939435469,False,-2.703951666450842,0.01673483927434205,False,0.9588356612495726
1861,31.013562964785653,926,667,933.0,905.0,-0.043094452704790676,0.029403288204005115,-2.469130260410641,4.153814578306939,-0.04309445270479051,False,-2.469130260410631,0.02940328820400495,False,1.684684317896282
1862,31.030227963692038,928,667,936.0,906.0,-0.03899459690463615,0.033460310449650164,-2.2342258264495554,4.151360396412,-0.038994596904636136,False,-2.2342258264495545,0.03346031044964981,False,1.91713456996242
1863,31.046892962598424,930,667,941.0,905.0,-0.03489342912114106,0.04618561965887765,-1.999246221380264,4.645487302030392,-0.03489342912114113,False,-1.999246221380268,0.04618561965887835,False,2.6462410806501744
1864,31.063557961504813,932,667,943.0,905.0,-0.030791086745857205,0.04618561965887765,-1.764199317158826,4.41044039780896,-0.0307910867458574,False,-1.764199317158837,0.04618561965887835,False,2.6462410806501744
1865,31.0802229604112,933,667,946.0,905.0,-0.028739518086668615,0.05456762350389413,-1.6466530916060065,4.7731476164380195,-0.028739518086668525,False,-1.6466530916060014,0.054567623503894325,False,3.126494524832018
1866,31.096887959317584,935,667,949.0,905.0,-0.024635671943408474,0.058755822715722696,-1.4115200278261602,4.777980691255964,-0.024635671943408433,False,-1.411520027826158,0.05875582271572277,False,3.3664606634298058
1867,31.11355295822397,935,667,950.0,905.0,-0.024635671943408474,0.0629419593073733,-1.4115200278261602,5.017828650422827,-0.024635671943408433,False,-1.411520027826158,0.06294195930737345,False,3.606308622596669
1868,31.13021795713036,935,667,950.0,905.0,-0.024635671943408474,0.0629419593073733,-1.4115200278261602,5.017828650422827,-0.024635671943408433,False,-1.411520027826158,0.06294195930737345,False,3.606308622596669
1869,31.146882956036745,936,667,952.0,905.0,-0.022583428942745638,0.0671258882021007,-1.2939351653529159,5.139965255400297,-0.022583428942745787,False,-1.2939351653529245,0.06712588820210108,False,3.8460300900473974
1870,31.16354795494313,935,667,950.0,905.0,-0.024635671943408474,0.0629419593073733,-1.4115200278261602,5.017828650422827,-0.024635671943408433,False,-1.411520027826158,0.06294195930737345,False,3.606308622596669
1871,31.18021295384952,935,667,949.0,905.0,-0.024635671943408474,0.058755822715722696,-1.4115200278261602,4.777980691255964,-0.024635671943408433,False,-1.411520027826158,0.05875582271572277,False,3.3664606634298058
1872,31.196877952755905,934,667,948.0,905.0,-0.026687707407175736,0.058755822715722696,-1.5290929993111948,4.8955536627410075,-0.026687707407175854,False,-1.5290929993112017,0.05875582271572277,False,3.3664606634298058
1873,31.21354295166229,933,666,945.0,905.0,-0.02879862024045115,0.05016707685413893,-1.650039395577879,4.524401169828487,-0.0287986202404511,False,-1.650039395577876,0.050167076854139125,False,2.8743617742506107
1874,31.23020795056868,931,667,943.0,905.0,-0.03284239616092653,0.050377507181057816,-1.8817306891177479,4.768149232982365,-0.032842396160926324,False,-1.8817306891177359,0.05037750718105727,False,2.8864185438645786
1875,31.246872949475065,929,667,940.0,906.0,-0.036944168429707554,0.04599264736156945,-2.1167449286427007,4.751929511094124,-0.0369441684297076,False,-2.1167449286427034,0.04599264736156883,False,2.635184582451395
1876,31.26353794838145,927,667,937.0,905.0,-0.04104469737959964,0.041992107221369514,-2.351687931242729,4.757658447888036,-0.041044697379599704,False,-2.3516879312427323,0.04199210722136826,False,2.405970516645228
1877,31.280202947287837,925,667,933.0,905.0,-0.045143845747777016,0.033600794415993215,-2.5865518323372307,4.511735540660394,-0.04514384574777708,False,-2.5865518323372343,0.0336007944159924,False,1.925183708323108
1878,31.296867946194226,923,667,930.0,906.0,-0.04924147654939776,0.02928033234577806,-2.821328783272908,4.498968249426391,-0.04924147654939759,False,-2.821328783272898,0.029280332345777538,False,1.6776394661534424
1879,31.31353294510061,920,667,924.0,905.0,-0.055384778418048376,0.016805140515041995,-3.17331405262142,4.136177678257631,-0.05538477841804834,False,-3.1733140526214183,0.016805140515042893,False,0.9628636256362644
1880,31.330197944006997,918,667,919.0,906.0,-0.05947801806440682,0.004184076002074724,-3.4078394088933806,3.6475693049742364,-0.05947801806440678,False,-3.4078394088933783,0.004184076002074377,False,0.2397298960808325
1881,31.346862942913386,915,667,915.0,905.0,-0.06561409564496752,0.0,-3.7594107570243542,3.7594107570243565,-0.06561409564496756,False,-3.7594107570243565,0.0,False,0.0
1882,31.363527941819772,912,666,910.0,905.0,-0.07189234554912802,-0.008368005512292491,-4.119127979261164,3.6396765804646067,-0.07189234554912804,False,-4.119127979261166,-0.008368005512291887,False,-0.4794513987965335
1883,31.380192940726158,909,666,905.0,905.0,-0.0780305438461546,-0.01673483927434091,-4.470820835495177,3.5119851742456674,-0.07803054384615482,False,-4.470820835495189,-0.01673483927434205,False,-0.9588356612495726
1884,31.396857939632547,906,666,899.0,905.0,-0.08416285591578135,-0.02928033234577806,-4.822176435741924,3.1445369695884615,-0.08416285591578143,False,-4.8221764357419294,-0.029280332345777538,False,-1.6776394661534424
1885,31.413522938538932,904,666,896.0,905.0,-0.08824757048462985,-0.033460310449650164,-5.056213341052543,3.1390787710900905,-0.08824757048462972,False,-5.056213341052536,-0.03346031044964981,False,-1.91713456996242
1886,31.430187937445318,901,666,891.0,905.0,-0.09436906900336348,-0.041816613207517075,-5.406949370471565,3.0110339201498166,-0.09436906900336339,False,-5.40694937047156,-0.041816613207517506,False,-2.3959154503217692
1887,31.446852936351707,898,666,886.0,905.0,-0.10048348221508475,-0.05016707685413893,-5.757279441702225,2.8829176674516197,-0.10048348221508485,False,-5.757279441702231,-0.050167076854139125,False,-2.8743617742506107
1888,31.463517935258093,896,666,882.0,904.0,-0.10455560198036856,-0.058755822715722696,-5.9905947179247905,2.624134054494988,-0.10455560198036862,False,-5.990594717924794,-0.05875582271572277,False,-3.3664606634298058
1889,31.48018293416448,894,666,878.0,904.0,-0.10862424453034143,-0.0671258882021007,-6.223710764385581,2.3776806743381926,-0.10862424453034158,False,-6.22371076438559,-0.06712588820210108,False,-3.8460300900473974
1890,31.496847933070864,892,665,876.0,904.0,-0.11291966075260258,-0.06684586440739673,-6.4698199851731735,2.639834076725583,-0.11291966075260262,False,-6.469819985173175,-0.06684586440739793,False,-3.829985908447669
1891,31.513512931977253,890,665,872.0,903.0,-0.1169891130325624,-0.07548654493392346,-6.702982425744761,2.3779219910062888,-0.11698911303256221,False,-6.70298242574475,-0.07548654493392348,False,-4.325060434738461
1892,31.53017793088364,889,665,870.0,903.0,-0.11902238892389615,-0.07966298504578714,-6.819480552903885,2.2551277263664837,-0.11902238892389594,False,-6.819480552903873,-0.07966298504578617,False,-4.5643528265373385
1893,31.546842929790024,887,665,867.0,903.0,-0.12308595969500578,-0.0838366420684145,-7.052306007841189,2.2488202487721,-0.1230859596950058,False,-7.05230600784119,-0.08383664206841424,False,-4.803485759069064
1894,31.563507928696414,886,665,865.0,903.0,-0.12511622251441734,-0.08800737352774077,-7.168631498695802,2.126180429524881,-0.12511622251441734,False,-7.168631498695802,-0.08800737352774135,False,-5.042451069170946
1895,31.5801729276028,886,665,864.0,903.0,-0.12511622251441734,-0.09217503755646181,-7.168631498695802,1.8873908702506954,-0.12511622251441734,False,-7.168631498695802,-0.09217503755646206,False,-5.281240628445133
1896,31.596837926509185,885,665,864.0,903.0,-0.1271454489985591,-0.08800737352774077,-7.284897611913295,2.2424465427423854,-0.12714544899855929,False,-7.284897611913307,-0.08800737352774135,False,-5.042451069170946
1897,31.613502925415574,885,665,864.0,903.0,-0.1271454489985591,-0.08800737352774077,-7.284897611913295,2.2424465427423854,-0.12714544899855929,False,-7.284897611913307,-0.08800737352774135,False,-5.042451069170946
1898,31.63016792432196,885,665,863.0,903.0,-0.1271454489985591,-0.09217503755646181,-7.284897611913295,2.003656983468174,-0.12714544899855929,False,-7.284897611913307,-0.09217503755646206,False,-5.281240628445133
1899,31.646832923228345,885,665,865.0,903.0,-0.1271454489985591,-0.0838366420684145,-7.284897611913295,2.481411852844217,-0.12714544899855929,False,-7.284897611913307,-0.08383664206841424,False,-4.803485759069064
1900,31.66349792213473,886,665,866.0,903.0,-0.12511622251441734,-0.0838366420684145,-7.168631498695802,2.365145739626713,-0.12511622251441734,False,-7.168631498695802,-0.08383664206841424,False,-4.803485759069064
1901,31.68016292104112,887,665,868.0,903.0,-0.12308595969500578,-0.07966298504578714,-7.052306007841189,2.4879531813038,-0.1230859596950058,False,-7.05230600784119,-0.07966298504578617,False,-4.5643528265373385
1902,31.696827919947506,889,665,870.0,904.0,-0.11902238892389615,-0.07933106674482007,-6.819480552903885,2.274145244155066,-0.11902238892389594,False,-6.819480552903873,-0.07933106674482104,False,-4.545335308748884
1903,31.71349291885389,890,665,873.0,904.0,-0.1169891130325624,-0.07101011124067928,-6.702982425744761,2.6344027488993498,-0.11698911303256221,False,-6.70298242574475,-0.07101011124067824,False,-4.068579676845349
1904,31.73015791776028,892,666,875.0,904.0,-0.11268927979033501,-0.07130746478529032,-6.456620128355079,2.3710033483802015,-0.11268927979033494,False,-6.456620128355074,-0.07130746478529026,False,-4.085616779974873
1905,31.746822916666666,894,666,879.0,905.0,-0.10862424453034143,-0.06267929449123805,-6.223710764385581,2.63245172718005,-0.10862424453034158,False,-6.22371076438559,-0.06267929449123777,False,-3.5912590372055146
1906,31.76348791557305,896,666,882.0,904.0,-0.10455560198036856,-0.058755822715722696,-5.9905947179247905,2.624134054494988,-0.10455560198036862,False,-5.990594717924794,-0.05875582271572277,False,-3.3664606634298058
1907,31.78015291447944,898,666,886.0,905.0,-0.10048348221508475,-0.05016707685413893,-5.757279441702225,2.8829176674516197,-0.10048348221508485,False,-5.757279441702231,-0.050167076854139125,False,-2.8743617742506107
1908,31.796817913385826,900,666,890.0,905.0,-0.09640801599283491,-0.041816613207517075,-5.523772427619184,3.127856977297438,-0.09640801599283488,False,-5.523772427619182,-0.041816613207517506,False,-2.3959154503217692
1909,31.813482912292212,903,666,894.0,905.0,-0.09028882970385997,-0.03763911919938858,-5.173168879206599,3.016606204491809,-0.09028882970385999,False,-5.1731688792065995,-0.03763911919938856,False,-2.1565626747147904
1910,31.8301479111986,905,666,898.0,905.0,-0.08620557367577886,-0.02928033234577806,-4.939215542126199,3.2615760759727377,-0.08620557367577897,False,-4.939215542126205,-0.029280332345777538,False,-1.6776394661534424
1911,31.846812910104987,908,666,903.0,905.0,-0.08007532427453769,-0.020917450819302335,-4.58797812407248,3.389496473953979,-0.08007532427453778,False,-4.587978124072485,-0.02091745081930263,False,-1.1984816501185067
1912,31.863477909011372,910,667,907.0,905.0,-0.07582968049332113,-0.012604374487651676,-4.344720654092807,3.62254319254799,-0.07582968049332095,False,-4.3447206540927965,-0.012604374487651171,False,-0.7221774615447815
1913,31.880142907917758,912,667,910.0,905.0,-0.07174522924003457,-0.008403163547646988,-4.110698835652568,3.6292330298142126,-0.07174522924003446,False,-4.1106988356525616,-0.008403163547647807,False,-0.48146580583839943
1914,31.896807906824147,915,667,914.0,906.0,-0.06561409564496752,-0.004184076002074724,-3.7594107570243542,3.5196808609434984,-0.06561409564496756,False,-3.7594107570243565,-0.004184076002074377,False,-0.2397298960808325
1915,31.913472905730533,917,667,918.0,905.0,-0.06152389844759235,0.004201655946871886,-3.525059720238519,3.765796872960317,-0.06152389844759254,False,-3.52505972023853,0.004201655946872052,False,0.2407371527218122
1916,31.93013790463692,919,667,921.0,905.0,-0.05743163906691598,0.008403163547646988,-3.290590529052943,3.772056334891296,-0.05743163906691606,False,-3.2905905290529476,0.008403163547647807,False,0.48146580583839943
1917,31.946802903543308,921,667,925.0,905.0,-0.05333745310486183,0.016805140515041995,-3.0560109528855315,4.018874578521757,-0.05333745310486204,False,-3.056010952885544,0.016805140515042893,False,0.9628636256362644
1918,31.963467902449693,923,667,928.0,905.0,-0.04924147654939776,0.021005313472176913,-2.821328783272908,4.024844592577945,-0.04924147654939759,False,-2.821328783272898,0.021005313472176823,False,1.203515809305021
1919,31.98013290135608,924,667,931.0,906.0,-0.04719285939435449,0.02928033234577806,-2.7039516664508305,4.38159113260431,-0.04719285939435469,False,-2.703951666450842,0.029280332345777538,False,1.6776394661534424
1920,31.996797900262468,925,667,933.0,905.0,-0.045143845747777016,0.033600794415993215,-2.5865518323372307,4.511735540660394,-0.04514384574777708,False,-2.5865518323372343,0.0336007944159924,False,1.925183708323108
1921,32.01346289916885,927,667,935.0,905.0,-0.04104469737959964,0.033600794415993215,-2.351687931242729,4.276871639565892,-0.041044697379599704,False,-2.3516879312427323,0.0336007944159924,False,1.925183708323108
1922,32.03012789807524,927,667,936.0,905.0,-0.04104469737959964,0.03779711649456458,-2.351687931242729,4.517303184145588,-0.041044697379599704,False,-2.3516879312427323,0.03779711649456452,False,2.165615252902856
1923,32.04679289698163,928,667,937.0,905.0,-0.03899459690463615,0.03779711649456458,-2.2342258264495554,4.39984107935241,-0.038994596904636136,False,-2.2342258264495545,0.03779711649456452,False,2.165615252902856
1924,32.063457895888014,928,667,938.0,905.0,-0.03899459690463615,0.041992107221369514,-2.2342258264495554,4.640196343094859,-0.038994596904636136,False,-2.2342258264495545,0.04199210722136826,False,2.405970516645228
1925,32.0801228947944,929,667,937.0,905.0,-0.036944168429707554,0.033600794415993215,-2.1167449286427007,4.041928636965863,-0.0369441684297076,False,-2.1167449286427034,0.0336007944159924,False,1.925183708323108
1926,32.096787893700785,928,667,938.0,905.0,-0.03899459690463615,0.041992107221369514,-2.2342258264495554,4.640196343094859,-0.038994596904636136,False,-2.2342258264495545,0.04199210722136826,False,2.405970516645228
1927,32.11345289260717,928,667,937.0,905.0,-0.03899459690463615,0.03779711649456458,-2.2342258264495554,4.39984107935241,-0.038994596904636136,False,-2.2342258264495545,0.03779711649456452,False,2.165615252902856
1928,32.13011789151356,928,667,936.0,905.0,-0.03899459690463615,0.033600794415993215,-2.2342258264495554,4.159409534772713,-0.038994596904636136,False,-2.2342258264495545,0.0336007944159924,False,1.925183708323108
1929,32.14678289041995,927,667,935.0,905.0,-0.04104469737959964,0.033600794415993215,-2.351687931242729,4.276871639565892,-0.041044697379599704,False,-2.3516879312427323,0.0336007944159924,False,1.925183708323108
1930,32.163447889326335,926,666,932.0,905.0,-0.04318301433712958,0.025099330520065605,-2.4742044681704494,3.912290175574107,-0.04318301433712968,False,-2.4742044681704547,0.02509933052006552,False,1.438085707403652
1931,32.18011288823272,925,666,930.0,905.0,-0.045236607779168096,0.020917450819302335,-2.5918667052349997,3.7903483553534976,-0.04523660777916794,False,-2.591866705234991,0.02091745081930263,False,1.1984816501185067
1932,32.196777887139106,923,667,928.0,906.0,-0.04924147654939776,0.020917450819302335,-2.821328783272908,4.019810433391405,-0.04924147654939759,False,-2.821328783272898,0.02091745081930263,False,1.1984816501185067
1933,32.21344288604549,922,667,925.0,905.0,-0.05128968013770862,0.012604374487651676,-2.9386822044666707,3.6608596660114716,-0.051289680137708515,False,-2.938682204466665,0.012604374487651171,False,0.7221774615447815
1934,32.23010788495188,920,667,922.0,905.0,-0.055384778418048376,0.008403163547646988,-3.17331405262142,3.654779858459767,-0.05538477841804834,False,-3.1733140526214183,0.008403163547647807,False,0.48146580583839943
1935,32.24677288385827,918,667,919.0,906.0,-0.05947801806440682,0.004184076002074724,-3.4078394088933806,3.6475693049742364,-0.05947801806440678,False,-3.4078394088933783,0.004184076002074377,False,0.2397298960808325
1936,32.263437882764656,916,667,916.0,905.0,-0.06356926327850514,0.0,-3.642250492614311,3.6422504926143024,-0.06356926327850498,False,-3.6422504926143024,0.0,False,0.0
1937,32.28010288167104,914,667,912.0,905.0,-0.06765837866141712,-0.008403163547646988,-3.8765395459971894,3.39507374015884,-0.0676583786614171,False,-3.8765395459971885,-0.008403163547647807,False,-0.48146580583839943
1938,32.29676788057743,911,667,909.0,906.0,-0.0737877631715366,-0.008368005512292491,-4.227727409439897,3.74827601064333,-0.07378776317153646,False,-4.227727409439889,-0.008368005512291887,False,-0.4794513987965335
1939,32.31343287948381,910,666,906.0,905.0,-0.07598510937075517,-0.01673483927434091,-4.353626072784234,3.39479041153472,-0.07598510937075531,False,-4.353626072784242,-0.01673483927434205,False,-0.9588356612495726
1940,32.3300978783902,907,667,902.0,905.0,-0.08195156555641896,-0.021005313472176913,-4.695478830872492,3.491963021567456,-0.08195156555641914,False,-4.695478830872503,-0.021005313472176823,False,-1.203515809305021
1941,32.346762877296584,906,666,899.0,905.0,-0.08416285591578135,-0.02928033234577806,-4.822176435741924,3.1445369695884615,-0.08416285591578143,False,-4.8221764357419294,-0.029280332345777538,False,-1.6776394661534424
1942,32.36342787620298,904,666,896.0,905.0,-0.08824757048462985,-0.033460310449650164,-5.056213341052543,3.1390787710900905,-0.08824757048462972,False,-5.056213341052536,-0.03346031044964981,False,-1.91713456996242
1943,32.38009287510936,902,666,892.0,905.0,-0.09232933473159899,-0.041816613207517075,-5.290081205371269,2.8941657550495132,-0.09232933473159921,False,-5.2900812053712825,-0.041816613207517506,False,-2.3959154503217692
1944,32.39675787401575,900,666,890.0,905.0,-0.09640801599283491,-0.041816613207517075,-5.523772427619184,3.127856977297438,-0.09640801599283488,False,-5.523772427619182,-0.041816613207517506,False,-2.3959154503217692
1945,32.41342287292213,899,666,887.0,904.0,-0.09844615921263308,-0.050377507181057816,-5.640549432156823,2.7541308882922078,-0.09844615921263289,False,-5.640549432156812,-0.05037750718105727,False,-2.8864185438645786
1946,32.43008787182852,897,666,884.0,904.0,-0.1025199685929875,-0.05456762350389413,-5.873961516191936,2.7474669913599254,-0.10251996859298762,False,-5.873961516191943,-0.054567623503894325,False,-3.126494524832018
1947,32.446752870734905,895,666,882.0,905.0,-0.10659036605323881,-0.05433975721276864,-6.107178111605106,2.9937393635479017,-0.10659036605323902,False,-6.107178111605117,-0.05433975721276951,False,-3.1134387480572667
1948,32.4634178696413,895,666,879.0,904.0,-0.10659036605323881,-0.0671258882021007,-6.107178111605106,2.26114802155772,-0.10659036605323902,False,-6.107178111605117,-0.06712588820210108,False,-3.8460300900473974
1949,32.48008286854768,894,666,878.0,904.0,-0.10862424453034143,-0.0671258882021007,-6.223710764385581,2.3776806743381926,-0.10862424453034158,False,-6.22371076438559,-0.06712588820210108,False,-3.8460300900473974
1950,32.49674786745407,893,666,878.0,904.0,-0.11065722117389565,-0.0629419593073733,-6.34019174590991,2.7338831233132534,-0.11065722117389587,False,-6.340191745909922,-0.06294195930737345,False,-3.606308622596669
1951,32.513412866360454,893,665,876.0,904.0,-0.11088351671201063,-0.07101011124067928,-6.35315752516654,2.284577848321124,-0.1108835167120108,False,-6.35315752516655,-0.07101011124067824,False,-4.068579676845349
1952,32.53007786526684,892,665,876.0,904.0,-0.11291966075260258,-0.06684586440739673,-6.4698199851731735,2.639834076725583,-0.11291966075260262,False,-6.469819985173175,-0.06684586440739793,False,-3.829985908447669
1953,32.546742864173225,892,666,876.0,904.0,-0.11268927979033501,-0.0671258882021007,-6.456620128355079,2.6105900383077025,-0.11268927979033494,False,-6.456620128355074,-0.06712588820210108,False,-3.8460300900473974
1954,32.56340786307961,892,665,876.0,904.0,-0.11291966075260258,-0.06684586440739673,-6.4698199851731735,2.639834076725583,-0.11291966075260262,False,-6.469819985173175,-0.06684586440739793,False,-3.829985908447669
1955,32.580072861986004,892,666,876.0,904.0,-0.11268927979033501,-0.0671258882021007,-6.456620128355079,2.6105900383077025,-0.11268927979033494,False,-6.456620128355074,-0.06712588820210108,False,-3.8460300900473974
1956,32.59673786089239,893,666,877.0,904.0,-0.11065722117389565,-0.0671258882021007,-6.34019174590991,2.494161655862525,-0.11065722117389587,False,-6.340191745909922,-0.06712588820210108,False,-3.8460300900473974
1957,32.613402859798775,893,666,879.0,904.0,-0.11065722117389565,-0.058755822715722696,-6.34019174590991,2.973731082480117,-0.11065722117389587,False,-6.340191745909922,-0.05875582271572277,False,-3.3664606634298058
1958,32.63006785870516,894,666,880.0,904.0,-0.10862424453034143,-0.058755822715722696,-6.223710764385581,2.8572501009557842,-0.10862424453034158,False,-6.22371076438559,-0.05875582271572277,False,-3.3664606634298058
1959,32.646732857611546,895,666,882.0,905.0,-0.10659036605323881,-0.05433975721276864,-6.107178111605106,2.9937393635479017,-0.10659036605323902,False,-6.107178111605117,-0.05433975721276951,False,-3.1134387480572667
1960,32.66339785651793,897,666,884.0,904.0,-0.1025199685929875,-0.05456762350389413,-5.873961516191936,2.7474669913599254,-0.10251996859298762,False,-5.873961516191943,-0.054567623503894325,False,-3.126494524832018
1961,32.680062855424325,898,666,886.0,905.0,-0.10048348221508475,-0.05016707685413893,-5.757279441702225,2.8829176674516197,-0.10048348221508485,False,-5.757279441702231,-0.050167076854139125,False,-2.8743617742506107
1962,32.69672785433071,900,666,889.0,905.0,-0.09640801599283491,-0.04599264736156945,-5.523772427619184,2.8885878451677613,-0.09640801599283488,False,-5.523772427619182,-0.04599264736156883,False,-2.635184582451395
1963,32.713392853237096,901,666,892.0,905.0,-0.09436906900336348,-0.03763911919938858,-5.406949370471565,3.2503866957567698,-0.09436906900336339,False,-5.40694937047156,-0.03763911919938856,False,-2.1565626747147904
1964,32.73005785214348,903,666,894.0,905.0,-0.09028882970385997,-0.03763911919938858,-5.173168879206599,3.016606204491809,-0.09028882970385999,False,-5.1731688792065995,-0.03763911919938856,False,-2.1565626747147904
1965,32.74672285104987,904,666,898.0,905.0,-0.08824757048462985,-0.025099330520065605,-5.056213341052543,3.618127633648884,-0.08824757048462972,False,-5.056213341052536,-0.02509933052006552,False,-1.438085707403652
1966,32.76338784995625,906,666,900.0,905.0,-0.08416285591578135,-0.025099330520065605,-4.822176435741924,3.3840907283382773,-0.08416285591578143,False,-4.8221764357419294,-0.02509933052006552,False,-1.438085707403652
1967,32.78005284886264,908,667,903.0,906.0,-0.07991159837834193,-0.020917450819302335,-4.578597321223466,3.3801156711049667,-0.07991159837834205,False,-4.578597321223473,-0.02091745081930263,False,-1.1984816501185067
1968,32.79671784776903,909,667,906.0,906.0,-0.0778709644651654,-0.012551642069567633,-4.461677610467185,3.7425214939221174,-0.0778709644651654,False,-4.461677610467185,-0.012551642069567492,False,-0.7191561165450674
1969,32.81338284667542,911,667,909.0,906.0,-0.0737877631715366,-0.008368005512292491,-4.227727409439897,3.74827601064333,-0.07378776317153646,False,-4.227727409439889,-0.008368005512291887,False,-0.4794513987965335
1970,32.8300478455818,912,667,910.0,905.0,-0.07174522924003457,-0.008403163547646988,-4.110698835652568,3.6292330298142126,-0.07174522924003446,False,-4.1106988356525616,-0.008403163547647807,False,-0.48146580583839943
1971,32.84671284448819,914,667,914.0,906.0,-0.06765837866141712,0.0,-3.8765395459971894,3.8765395459971885,-0.0676583786614171,False,-3.8765395459971885,0.0,False,0.0
1972,32.863377843394574,915,667,916.0,906.0,-0.06561409564496752,0.004184076002074724,-3.7594107570243542,3.9991406531052145,-0.06561409564496756,False,-3.7594107570243565,0.004184076002074377,False,0.2397298960808325
1973,32.88004284230096,917,667,918.0,906.0,-0.06152389844759235,0.004184076002074724,-3.525059720238519,3.7647896163193626,-0.06152389844759254,False,-3.52505972023853,0.004184076002074377,False,0.2397298960808325
1974,32.896707841207345,918,667,921.0,906.0,-0.05947801806440682,0.012551642069567633,-3.4078394088933806,4.126995525438446,-0.05947801806440678,False,-3.4078394088933783,0.012551642069567492,False,0.7191561165450674
1975,32.91337284011374,919,667,923.0,906.0,-0.05743163906691598,0.01673483927434091,-3.290590529052943,4.249426190302444,-0.05743163906691606,False,-3.2905905290529476,0.01673483927434205,False,0.9588356612495726
1976,32.93003783902012,920,667,923.0,905.0,-0.055384778418048376,0.012604374487651676,-3.17331405262142,3.895491514166225,-0.05538477841804834,False,-3.1733140526214183,0.012604374487651171,False,0.7221774615447815
1977,32.94670283792651,921,667,925.0,906.0,-0.05333745310486183,0.01673483927434091,-3.0560109528855315,4.01484661413504,-0.05333745310486204,False,-3.056010952885544,0.01673483927434205,False,0.9588356612495726
1978,32.963367836832894,921,667,926.0,905.0,-0.05333745310486183,0.021005313472176913,-3.0560109528855315,4.259526762190565,-0.05333745310486204,False,-3.056010952885544,0.021005313472176823,False,1.203515809305021
1979,32.98003283573928,921,667,926.0,906.0,-0.05333745310486183,0.020917450819302335,-3.0560109528855315,4.254492603004025,-0.05333745310486204,False,-3.056010952885544,0.02091745081930263,False,1.1984816501185067
1980,32.996697834645666,922,667,926.0,906.0,-0.05128968013770862,0.01673483927434091,-2.9386822044666707,3.897517865716187,-0.051289680137708515,False,-2.938682204466665,0.01673483927434205,False,0.9588356612495726
1981,33.01336283355206,922,667,927.0,906.0,-0.05128968013770862,0.020917450819302335,-2.9386822044666707,4.137163854585172,-0.051289680137708515,False,-2.938682204466665,0.02091745081930263,False,1.1984816501185067
1982,33.030027832458444,922,667,926.0,906.0,-0.05128968013770862,0.01673483927434091,-2.9386822044666707,3.897517865716187,-0.051289680137708515,False,-2.938682204466665,0.01673483927434205,False,0.9588356612495726
1983,33.04669283136483,922,667,926.0,907.0,-0.05128968013770862,0.016665123713940747,-2.9386822044666707,3.893523458338869,-0.051289680137708515,False,-2.938682204466665,0.01666512371394191,False,0.9548412538722553
1984,33.063357830271215,921,667,925.0,906.0,-0.05333745310486183,0.01673483927434091,-3.0560109528855315,4.01484661413504,-0.05333745310486204,False,-3.056010952885544,0.01673483927434205,False,0.9588356612495726
1985,33.0800228291776,921,667,924.0,906.0,-0.05333745310486183,0.012551642069567633,-3.0560109528855315,3.775167069430611,-0.05333745310486204,False,-3.056010952885544,0.012551642069567492,False,0.7191561165450674
1986,33.09668782808399,920,667,923.0,906.0,-0.055384778418048376,0.012551642069567633,-3.17331405262142,3.8924701691664856,-0.05538477841804834,False,-3.1733140526214183,0.012551642069567492,False,0.7191561165450674
1987,33.11335282699037,919,667,921.0,906.0,-0.05743163906691598,0.008368005512292491,-3.290590529052943,3.7700419278495065,-0.05743163906691606,False,-3.2905905290529476,0.008368005512291887,False,0.4794513987965335
1988,33.130017825896765,918,667,919.0,905.0,-0.05947801806440682,0.004201655946871886,-3.4078394088933806,3.6485765616151906,-0.05947801806440678,False,-3.4078394088933783,0.004201655946872052,False,0.2407371527218122
1989,33.14668282480315,917,667,918.0,906.0,-0.06152389844759235,0.004184076002074724,-3.525059720238519,3.7647896163193626,-0.06152389844759254,False,-3.52505972023853,0.004184076002074377,False,0.2397298960808325
1990,33.163347823709536,916,667,916.0,905.0,-0.06356926327850514,0.0,-3.642250492614311,3.6422504926143024,-0.06356926327850498,False,-3.6422504926143024,0.0,False,0.0
1991,33.18001282261592,915,667,914.0,905.0,-0.06561409564496752,-0.004201655946871886,-3.7594107570243542,3.518673604302544,-0.06561409564496756,False,-3.7594107570243565,-0.004201655946872052,False,-0.2407371527218122
1992,33.19667782152231,913,667,911.0,905.0,-0.06970209546972903,-0.008403163547646988,-3.9936358936334084,3.512170087795055,-0.06970209546972894,False,-3.9936358936334035,-0.008403163547647807,False,-0.48146580583839943
1993,33.21334282042869,912,667,910.0,905.0,-0.07174522924003457,-0.008403163547646988,-4.110698835652568,3.6292330298142126,-0.07174522924003446,False,-4.1106988356525616,-0.008403163547647807,False,-0.48146580583839943
1994,33.230007819335086,911,666,907.0,905.0,-0.07393903765794034,-0.01673483927434091,-4.23639479905884,3.277559137809329,-0.07393903765794052,False,-4.236394799058851,-0.01673483927434205,False,-0.9588356612495726
1995,33.24667281824147,909,667,905.0,905.0,-0.0778709644651654,-0.016805140515041995,-4.461677610467185,3.4988139848309716,-0.0778709644651654,False,-4.461677610467185,-0.016805140515042893,False,-0.9628636256362644
1996,33.26333781714786,908,666,903.0,905.0,-0.08007532427453769,-0.020917450819302335,-4.58797812407248,3.389496473953979,-0.08007532427453778,False,-4.587978124072485,-0.02091745081930263,False,-1.1984816501185067
1997,33.28000281605424,907,666,900.0,905.0,-0.08211943387892871,-0.02928033234577806,-4.705096977266242,3.0274575111127815,-0.08211943387892884,False,-4.705096977266249,-0.029280332345777538,False,-1.6776394661534424
1998,33.29666781496063,906,666,898.0,905.0,-0.08416285591578135,-0.033460310449650164,-4.822176435741924,2.905041865779484,-0.08416285591578143,False,-4.8221764357419294,-0.03346031044964981,False,-1.91713456996242
1999,33.313332813867014,904,666,896.0,905.0,-0.08824757048462985,-0.033460310449650164,-5.056213341052543,3.1390787710900905,-0.08824757048462972,False,-5.056213341052536,-0.03346031044964981,False,-1.91713456996242
2000,33.3299978127734,903,666,894.0,905.0,-0.09028882970385997,-0.03763911919938858,-5.173168879206599,3.016606204491809,-0.09028882970385999,False,-5.1731688792065995,-0.03763911919938856,False,-2.1565626747147904
2001,33.34666281167979,902,666,893.0,905.0,-0.09232933473159899,-0.03763911919938858,-5.290081205371269,3.1335185306564663,-0.09232933473159921,False,-5.2900812053712825,-0.03763911919938856,False,-2.1565626747147904
2002,33.36332781058618,902,666,891.0,905.0,-0.09232933473159899,-0.04599264736156945,-5.290081205371269,2.6548966229198365,-0.09232933473159921,False,-5.2900812053712825,-0.04599264736156883,False,-2.635184582451395
2003,33.37999280949256,901,666,890.0,904.0,-0.09436906900336348,-0.04618561965887765,-5.406949370471565,2.760708289821437,-0.09436906900336339,False,-5.40694937047156,-0.04618561965887835,False,-2.6462410806501744
2004,33.39665780839895,900,666,890.0,905.0,-0.09640801599283491,-0.041816613207517075,-5.523772427619184,3.127856977297438,-0.09640801599283488,False,-5.523772427619182,-0.041816613207517506,False,-2.3959154503217692
2005,33.413322807305335,899,666,887.0,904.0,-0.09844615921263308,-0.050377507181057816,-5.640549432156823,2.7541308882922078,-0.09844615921263289,False,-5.640549432156812,-0.05037750718105727,False,-2.8864185438645786
2006,33.42998780621172,899,666,887.0,904.0,-0.09844615921263308,-0.050377507181057816,-5.640549432156823,2.7541308882922078,-0.09844615921263289,False,-5.640549432156812,-0.05037750718105727,False,-2.8864185438645786
2007,33.44665280511811,899,666,887.0,904.0,-0.09844615921263308,-0.050377507181057816,-5.640549432156823,2.7541308882922078,-0.09844615921263289,False,-5.640549432156812,-0.05037750718105727,False,-2.8864185438645786
2008,33.4633178040245,899,666,887.0,904.0,-0.09844615921263308,-0.050377507181057816,-5.640549432156823,2.7541308882922078,-0.09844615921263289,False,-5.640549432156812,-0.05037750718105727,False,-2.8864185438645786
2009,33.479982802930884,899,666,886.0,904.0,-0.09844615921263308,-0.05456762350389413,-5.640549432156823,2.5140549073248195,-0.09844615921263289,False,-5.640549432156812,-0.054567623503894325,False,-3.126494524832018
2010,33.49664780183727,899,666,887.0,904.0,-0.09844615921263308,-0.050377507181057816,-5.640549432156823,2.7541308882922078,-0.09844615921263289,False,-5.640549432156812,-0.05037750718105727,False,-2.8864185438645786
2011,33.513312800743655,899,666,888.0,904.0,-0.09844615921263308,-0.04618561965887765,-5.640549432156823,2.9943083515066884,-0.09844615921263289,False,-5.640549432156812,-0.04618561965887835,False,-2.6462410806501744
2012,33.52997779965004,899,666,888.0,904.0,-0.09844615921263308,-0.04618561965887765,-5.640549432156823,2.9943083515066884,-0.09844615921263289,False,-5.640549432156812,-0.04618561965887835,False,-2.6462410806501744
2013,33.54664279855643,900,666,889.0,905.0,-0.09640801599283491,-0.04599264736156945,-5.523772427619184,2.8885878451677613,-0.09640801599283488,False,-5.523772427619182,-0.04599264736156883,False,-2.635184582451395
2014,33.56330779746282,900,666,891.0,905.0,-0.09640801599283491,-0.03763911919938858,-5.523772427619184,3.367209752904391,-0.09640801599283488,False,-5.523772427619182,-0.03763911919938856,False,-2.1565626747147904
2015,33.579972796369205,901,666,891.0,904.0,-0.09436906900336348,-0.041992107221369514,-5.406949370471565,3.0009788538262563,-0.09436906900336339,False,-5.40694937047156,-0.04199210722136826,False,-2.405970516645228
2016,33.59663779527559,902,666,892.0,905.0,-0.09232933473159899,-0.041816613207517075,-5.290081205371269,2.8941657550495132,-0.09232933473159921,False,-5.2900812053712825,-0.041816613207517506,False,-2.3959154503217692
2017,33.613302794181976,902,666,894.0,905.0,-0.09232933473159899,-0.033460310449650164,-5.290081205371269,3.372946635408837,-0.09232933473159921,False,-5.2900812053712825,-0.03346031044964981,False,-1.91713456996242
2018,33.62996779308836,903,666,895.0,905.0,-0.09028882970385997,-0.033460310449650164,-5.173168879206599,3.2560343092441544,-0.09028882970385999,False,-5.1731688792065995,-0.03346031044964981,False,-1.91713456996242
2019,33.64663279199475,904,666,897.0,905.0,-0.08824757048462985,-0.02928033234577806,-5.056213341052543,3.378573874899068,-0.08824757048462972,False,-5.056213341052536,-0.029280332345777538,False,-1.6776394661534424
2020,33.66329779090114,906,666,900.0,905.0,-0.08416285591578135,-0.025099330520065605,-4.822176435741924,3.3840907283382773,-0.08416285591578143,False,-4.8221764357419294,-0.02509933052006552,False,-1.438085707403652
2021,33.679962789807526,906,666,901.0,905.0,-0.08416285591578135,-0.020917450819302335,-4.822176435741924,3.6236947856234223,-0.08416285591578143,False,-4.8221764357419294,-0.02091745081930263,False,-1.1984816501185067
2022,33.69662778871391,908,667,903.0,906.0,-0.07991159837834193,-0.020917450819302335,-4.578597321223466,3.3801156711049667,-0.07991159837834205,False,-4.578597321223473,-0.02091745081930263,False,-1.1984816501185067
2023,33.7132927876203,908,666,904.0,905.0,-0.08007532427453769,-0.01673483927434091,-4.58797812407248,3.629142462822964,-0.08007532427453778,False,-4.587978124072485,-0.01673483927434205,False,-0.9588356612495726
2024,33.72995778652668,909,667,905.0,905.0,-0.0778709644651654,-0.016805140515041995,-4.461677610467185,3.4988139848309716,-0.0778709644651654,False,-4.461677610467185,-0.016805140515042893,False,-0.9628636256362644
2025,33.74662278543307,910,667,907.0,906.0,-0.07582968049332113,-0.012551642069567633,-4.344720654092807,3.6255645375477292,-0.07582968049332095,False,-4.3447206540927965,-0.012551642069567492,False,-0.7191561165450674
2026,33.763287784339454,911,667,909.0,906.0,-0.0737877631715366,-0.008368005512292491,-4.227727409439897,3.74827601064333,-0.07378776317153646,False,-4.227727409439889,-0.008368005512291887,False,-0.4794513987965335
2027,33.77995278324585,911,667,910.0,905.0,-0.0737877631715366,-0.004201655946871886,-4.227727409439897,3.9869902567181024,-0.07378776317153646,False,-4.227727409439889,-0.004201655946872052,False,-0.2407371527218122
2028,33.79661778215223,913,667,912.0,905.0,-0.06970209546972903,-0.004201655946871886,-3.9936358936334084,3.752898740911617,-0.06970209546972894,False,-3.9936358936334035,-0.004201655946872052,False,-0.2407371527218122
2029,33.81328278105862,914,667,913.0,905.0,-0.06765837866141712,-0.004201655946871886,-3.8765395459971894,3.6358023932753762,-0.0676583786614171,False,-3.8765395459971885,-0.004201655946872052,False,-0.2407371527218122
2030,33.829947779965,914,667,914.0,905.0,-0.06765837866141712,0.0,-3.8765395459971894,3.8765395459971885,-0.0676583786614171,False,-3.8765395459971885,0.0,False,0.0
2031,33.84661277887139,915,667,915.0,906.0,-0.06561409564496752,0.0,-3.7594107570243542,3.7594107570243565,-0.06561409564496756,False,-3.7594107570243565,0.0,False,0.0
