frame,time_s,Gx,Gy,Bx,By,theta1_rad,theta2_rel_rad,theta1_deg,theta2_rel_deg,theta1_rad_filled,theta1_interpolated,theta1_deg_filled,theta2_rel_rad_filled,theta2_rel_interpolated,theta2_rel_deg_filled
0,0.0,1255,181,1210.0,426.0,1.56754958495652,-0.18164883000001195,89.81397539549248,-100.22168670798253,1.5675495849565202,False,89.81397539549249,-0.18164883000001186,False,-10.407711312490054
1,0.016664997592681752,1254,181,1210.0,425.0,1.5675390093248907,-0.17841049935104036,89.81336945643443,-100.03553809007056,1.567539009324891,False,89.81336945643446,-0.17841049935104047,False,-10.222168633636132
2,0.033329995185363503,1254,180,1209.0,425.0,1.5707963267948966,-0.18164883000001195,90.0,-100.40771131249005,1.5707963267948966,False,90.0,-0.18164883000001186,False,-10.407711312490054
3,0.049994992778045255,1254,180,1211.0,425.0,1.5707963267948966,-0.1737406669069362,90.0,-99.95460694355569,1.5707963267948966,False,90.0,-0.17374066690693635,False,-9.954606943555703
4,0.06665999037072701,1254,179,1210.0,424.0,1.5740536442649025,-0.17769755631284745,90.18663054356557,-100.36795055008001,1.574053644264902,False,90.18663054356554,-0.17769755631284756,False,-10.181320006514444
5,0.08332498796340876,1254,179,1209.0,424.0,1.5740536442649025,-0.18164883000001195,90.18663054356557,-100.59434185605562,1.574053644264902,False,90.18663054356554,-0.18164883000001186,False,-10.407711312490054
6,0.09998998555609051,1254,179,1210.0,424.0,1.5740536442649025,-0.17769755631284745,90.18663054356557,-100.36795055008001,1.574053644264902,False,90.18663054356554,-0.17769755631284756,False,-10.181320006514444
7,0.11665498314877226,1254,179,1211.0,423.0,1.5740536442649025,-0.17443839026805316,90.18663054356557,-100.18121409098094,1.574053644264902,False,90.18663054356554,-0.1744383902680533,False,-9.994583547415386
8,0.13331998074145401,1253,178,1210.0,423.0,1.5773321814408279,-0.1737406669069362,90.37447688672283,-100.32908383027852,1.5773321814408279,False,90.37447688672283,-0.17374066690693635,False,-9.954606943555703
9,0.14998497833413577,1253,178,1210.0,423.0,1.5773321814408279,-0.1737406669069362,90.37447688672283,-100.32908383027852,1.5773321814408279,False,90.37447688672283,-0.17374066690693635,False,-9.954606943555703
10,0.16664997592681752,1253,178,1211.0,422.0,1.5773321814408279,-0.1704607124429239,90.37447688672283,-100.14115628249553,1.5773321814408279,False,90.37447688672283,-0.17046071244292405,False,-9.766679395772705
11,0.18331497351949927,1253,177,1210.0,422.0,1.5805999342741925,-0.1737406669069362,90.56170533256655,-100.51631227612224,1.5805999342741925,False,90.56170533256655,-0.17374066690693635,False,-9.954606943555703
12,0.19997997111218102,1253,177,1210.0,421.0,1.5805999342741925,-0.17443839026805316,90.56170533256655,-100.55628887998192,1.5805999342741925,False,90.56170533256655,-0.1744383902680533,False,-9.994583547415386
13,0.21664496870486277,1252,176,1211.0,421.0,1.583910329072372,-0.16581049068663284,90.75137698302429,-100.25161829836159,1.5839103290723724,False,90.75137698302431,-0.16581049068663267,False,-9.500241315337295
14,0.23330996629754452,1252,175,1211.0,420.0,1.587188301102902,-0.16581049068663284,90.93919094573559,-100.4394322610729,1.587188301102902,False,90.93919094573559,-0.16581049068663267,False,-9.500241315337295
15,0.24997496389022628,1252,175,1211.0,420.0,1.587188301102902,-0.16581049068663284,90.93919094573559,-100.4394322610729,1.587188301102902,False,90.93919094573559,-0.16581049068663267,False,-9.500241315337295
16,0.26663996148290803,1251,174,1212.0,419.0,1.590530606716506,-0.15785921077041082,91.13069095123798,-100.17535748564863,1.5905306067165057,False,91.13069095123797,-0.15785921077041065,False,-9.04466653441064
17,0.2833049590755898,1251,173,1211.0,418.0,1.5938185742748765,-0.16183743123842292,91.31907761550855,-100.59167939270885,1.5938185742748763,False,91.31907761550853,-0.16183743123842298,False,-9.272601777200304
18,0.29996995666827153,1251,172,1212.0,418.0,1.5971060440478189,-0.15722805097656892,91.50743575877497,-100.51593950080013,1.5971060440478189,False,91.50743575877497,-0.1572280509765691,False,-9.008503742025171
19,0.3166349542609533,1250,172,1212.0,417.0,1.5971928345353634,-0.15387594538204247,91.51240848741315,-100.32885072638976,1.5971928345353632,False,91.51240848741315,-0.15387594538204263,False,-8.816442238976613
20,0.33329995185363503,1250,171,1211.0,417.0,1.600490566401806,-0.15722805097656892,91.70135460532613,-100.70985834735129,1.600490566401806,False,91.70135460532613,-0.1572280509765691,False,-9.008503742025171
21,0.3499649494463168,1250,171,1212.0,417.0,1.600490566401806,-0.15326020186845465,91.70135460532613,-100.48251733971159,1.600490566401806,False,91.70135460532613,-0.1532602018684548,False,-8.781162734385473
22,0.36662994703899854,1250,170,1213.0,417.0,1.6037876523554166,-0.14869196701418255,91.89026371515988,-100.40968587257099,1.6037876523554164,False,91.89026371515986,-0.1486919670141824,False,-8.519422157411105
23,0.3832949446316803,1250,170,1212.0,416.0,1.6037876523554166,-0.15326020186845465,91.89026371515988,-100.67142644954534,1.6037876523554164,False,91.89026371515986,-0.1532602018684548,False,-8.781162734385473
24,0.39995994222436204,1250,170,1212.0,416.0,1.6037876523554166,-0.15326020186845465,91.89026371515988,-100.67142644954534,1.6037876523554164,False,91.89026371515986,-0.1532602018684548,False,-8.781162734385473
25,0.4166249398170438,1250,170,1213.0,416.0,1.6037876523554166,-0.14928748286981205,91.89026371515988,-100.44380641773168,1.6037876523554164,False,91.89026371515986,-0.14928748286981186,False,-8.553542702571795
26,0.43328993740972555,1250,170,1212.0,416.0,1.6037876523554166,-0.15326020186845465,91.89026371515988,-100.67142644954534,1.6037876523554164,False,91.89026371515986,-0.1532602018684548,False,-8.781162734385473
27,0.4499549350024073,1250,171,1212.0,417.0,1.600490566401806,-0.15326020186845465,91.70135460532613,-100.48251733971159,1.600490566401806,False,91.70135460532613,-0.1532602018684548,False,-8.781162734385473
28,0.46661993259508905,1250,171,1212.0,417.0,1.600490566401806,-0.15326020186845465,91.70135460532613,-100.48251733971159,1.600490566401806,False,91.70135460532613,-0.1532602018684548,False,-8.781162734385473
29,0.4832849301877708,1250,171,1212.0,417.0,1.600490566401806,-0.15326020186845465,91.70135460532613,-100.48251733971159,1.600490566401806,False,91.70135460532613,-0.1532602018684548,False,-8.781162734385473
30,0.49994992778045255,1251,171,1212.0,418.0,1.600392945107658,-0.15660187698201536,91.69576131718082,-100.66838793207722,1.6003929451076582,False,91.69576131718084,-0.15660187698201522,False,-8.972626614896386
31,0.5166149253731342,1251,171,1212.0,418.0,1.600392945107658,-0.15660187698201536,91.69576131718082,-100.66838793207722,1.6003929451076582,False,91.69576131718084,-0.15660187698201522,False,-8.972626614896386
32,0.5332799229658161,1251,172,1211.0,418.0,1.5971060440478189,-0.16119091443824707,91.50743575877497,-100.74299485194089,1.5971060440478189,False,91.50743575877497,-0.1611909144382473,False,-9.235559093165934
33,0.5499449205584978,1251,173,1212.0,419.0,1.5938185742748765,-0.15722805097656892,91.31907761550855,-100.3275813575337,1.5938185742748763,False,91.31907761550853,-0.1572280509765691,False,-9.008503742025171
34,0.5666099181511796,1251,173,1212.0,418.0,1.5938185742748765,-0.15785921077041082,91.31907761550855,-100.3637441499192,1.5938185742748763,False,91.31907761550853,-0.15785921077041065,False,-9.04466653441064
35,0.5832749157438613,1251,173,1211.0,418.0,1.5938185742748765,-0.16183743123842292,91.31907761550855,-100.59167939270885,1.5938185742748763,False,91.31907761550853,-0.16183743123842298,False,-9.272601777200304
36,0.5999399133365431,1251,173,1211.0,419.0,1.5938185742748765,-0.16119091443824707,91.31907761550855,-100.55463670867447,1.5938185742748763,False,91.31907761550853,-0.1611909144382473,False,-9.235559093165934
37,0.6166049109292248,1251,174,1211.0,419.0,1.590530606716506,-0.16183743123842292,91.13069095123798,-100.40329272843829,1.5905306067165057,False,91.13069095123797,-0.16183743123842298,False,-9.272601777200304
38,0.6332699085219066,1251,174,1211.0,420.0,1.590530606716506,-0.16119091443824707,91.13069095123798,-100.3662500444039,1.5905306067165057,False,91.13069095123797,-0.1611909144382473,False,-9.235559093165934
39,0.6499349061145883,1252,175,1211.0,421.0,1.587188301102902,-0.16514867741462683,90.93919094573559,-100.40151315376121,1.587188301102902,False,90.93919094573559,-0.1651486774146269,False,-9.462322208025622
40,0.6665999037072701,1252,176,1211.0,421.0,1.583910329072372,-0.16581049068663284,90.75137698302429,-100.25161829836159,1.5839103290723724,False,90.75137698302431,-0.16581049068663267,False,-9.500241315337295
41,0.6832649012999518,1252,176,1210.0,421.0,1.583910329072372,-0.16977827396833844,90.75137698302429,-100.47895553442589,1.5839103290723724,False,90.75137698302431,-0.16977827396833867,False,-9.727578551401617
42,0.6999298988926336,1253,177,1210.0,423.0,1.5805999342741925,-0.17304844724577095,90.56170533256655,-100.4766510110415,1.5805999342741925,False,90.56170533256655,-0.17304844724577073,False,-9.914945678474938
43,0.7165948964853153,1253,178,1210.0,423.0,1.5773321814408279,-0.1737406669069362,90.37447688672283,-100.32908383027852,1.5773321814408279,False,90.37447688672283,-0.17374066690693635,False,-9.954606943555703
44,0.7332598940779971,1253,179,1209.0,424.0,1.5740642890175713,-0.17769755631284745,90.18724044296745,-100.36856044948189,1.5740642890175716,False,90.18724044296746,-0.17769755631284756,False,-10.181320006514444
45,0.7499248916706788,1254,180,1209.0,425.0,1.5707963267948966,-0.18164883000001195,90.0,-100.40771131249005,1.5707963267948966,False,90.0,-0.18164883000001186,False,-10.407711312490054
46,0.7665898892633606,1254,180,1209.0,426.0,1.5707963267948966,-0.18092646075412158,90.0,-100.3663226034505,1.5707963267948966,False,90.0,-0.18092646075412144,False,-10.366322603450485
47,0.7832548868560423,1255,181,1209.0,426.0,1.56754958495652,-0.18559437680194366,89.81397539549248,-100.44774988760456,1.5675495849565202,False,89.81397539549249,-0.18559437680194346,False,-10.633774492112073
48,0.7999198844487241,1255,182,1208.0,427.0,1.5643029115666711,-0.18953408658734539,89.62795471279671,-100.4874579481187,1.5643029115666707,False,89.62795471279668,-0.18953408658734539,False,-10.859503235321995
49,0.8165848820414058,1255,182,1209.0,427.0,1.5643029115666711,-0.18559437680194366,89.62795471279671,-100.26172920490879,1.5643029115666707,False,89.62795471279668,-0.18559437680194346,False,-10.633774492112073
50,0.8332498796340876,1255,182,1208.0,427.0,1.5643029115666711,-0.18953408658734539,89.62795471279671,-100.4874579481187,1.5643029115666707,False,89.62795471279668,-0.18953408658734539,False,-10.859503235321995
51,0.8499148772267693,1255,183,1209.0,428.0,1.5610563750652202,-0.18559437680194366,89.4419418732284,-100.07571636534048,1.5610563750652204,False,89.44194187322842,-0.18559437680194346,False,-10.633774492112073
52,0.8665798748194511,1255,183,1209.0,427.0,1.5610563750652202,-0.1863375587770487,89.4419418732284,-100.11829755592419,1.5610563750652204,False,89.44194187322842,-0.1863375587770486,False,-10.676355682695794
53,0.8832448724121328,1255,183,1208.0,427.0,1.5610563750652202,-0.1902922854773706,89.4419418732284,-100.34488670498034,1.5610563750652204,False,89.44194187322842,-0.19029228547737054,False,-10.90294483175194
54,0.8999098700048146,1255,183,1209.0,427.0,1.5610563750652202,-0.1863375587770487,89.4419418732284,-100.11829755592419,1.5610563750652204,False,89.44194187322842,-0.1863375587770486,False,-10.676355682695794
55,0.9165748675974963,1255,182,1209.0,427.0,1.5643029115666711,-0.18559437680194366,89.62795471279671,-100.26172920490879,1.5643029115666707,False,89.62795471279668,-0.18559437680194346,False,-10.633774492112073
56,0.9332398651901781,1255,182,1208.0,426.0,1.5643029115666711,-0.1902922854773706,89.62795471279671,-100.53089954454865,1.5643029115666707,False,89.62795471279668,-0.19029228547737054,False,-10.90294483175194
57,0.9499048627828598,1255,182,1208.0,426.0,1.5643029115666711,-0.1902922854773706,89.62795471279671,-100.53089954454865,1.5643029115666707,False,89.62795471279668,-0.19029228547737054,False,-10.90294483175194
58,0.9665698603755416,1255,182,1210.0,426.0,1.5643029115666711,-0.18237692630367888,89.62795471279671,-100.07738287056596,1.5643029115666707,False,89.62795471279668,-0.18237692630367874,False,-10.44942815776924
59,0.9832348579682233,1255,182,1209.0,426.0,1.5643029115666711,-0.1863375587770487,89.62795471279671,-100.3043103954925,1.5643029115666707,False,89.62795471279668,-0.1863375587770486,False,-10.676355682695794
60,0.9998998555609051,1255,182,1209.0,426.0,1.5643029115666711,-0.1863375587770487,89.62795471279671,-100.3043103954925,1.5643029115666707,False,89.62795471279668,-0.1863375587770486,False,-10.676355682695794
61,1.016564853153587,1254,181,1210.0,425.0,1.5675390093248907,-0.17841049935104036,89.81336945643443,-100.03553809007056,1.567539009324891,False,89.81336945643446,-0.17841049935104047,False,-10.222168633636132
62,1.0332298507462685,1254,181,1208.0,426.0,1.5675390093248907,-0.18559437680194366,89.81336945643443,-100.44714394854651,1.567539009324891,False,89.81336945643446,-0.18559437680194346,False,-10.633774492112073
63,1.0498948483389503,1254,181,1209.0,425.0,1.5675390093248907,-0.18237692630367888,89.81336945643443,-100.26279761420368,1.567539009324891,False,89.81336945643446,-0.18237692630367874,False,-10.44942815776924
64,1.0665598459316321,1254,180,1210.0,424.0,1.5707963267948966,-0.17841049935104036,90.0,-100.22216863363613,1.5707963267948966,False,90.0,-0.17841049935104047,False,-10.222168633636132
65,1.083224843524314,1253,178,1210.0,422.0,1.5773321814408279,-0.17443839026805316,90.37447688672283,-100.3690604341382,1.5773321814408279,False,90.37447688672283,-0.1744383902680533,False,-9.994583547415386
66,1.0998898411169955,1252,176,1211.0,421.0,1.583910329072372,-0.16581049068663284,90.75137698302429,-100.25161829836159,1.5839103290723724,False,90.75137698302431,-0.16581049068663267,False,-9.500241315337295
67,1.1165548387096773,1251,172,1212.0,418.0,1.5971060440478189,-0.15722805097656892,91.50743575877497,-100.51593950080013,1.5971060440478189,False,91.50743575877497,-0.1572280509765691,False,-9.008503742025171
68,1.1332198363023591,1249,169,1212.0,415.0,1.6072040728739698,-0.14928748286981205,92.08601019191487,-100.63955289448667,1.6072040728739694,False,92.08601019191484,-0.14928748286981186,False,-8.553542702571795
69,1.149884833895041,1249,169,1213.0,415.0,1.6072040728739698,-0.14531001063570212,92.08601019191487,-100.4116605223417,1.6072040728739694,False,92.08601019191484,-0.14531001063570192,False,-8.325650330426825
70,1.1665498314877225,1251,172,1212.0,419.0,1.5971060440478189,-0.15660187698201536,91.50743575877497,-100.48006237367137,1.5971060440478189,False,91.50743575877497,-0.15660187698201522,False,-8.972626614896386
71,1.1832148290804043,1254,181,1208.0,427.0,1.5675390093248907,-0.1848570320184407,89.81336945643443,-100.4048972044058,1.567539009324891,False,89.81336945643446,-0.18485703201844084,False,-10.591527747971385
72,1.1998798266730861,1260,195,1205.0,441.0,1.522909641256444,-0.21995982295381983,87.25629502377652,-99.85906454147519,1.5229096412564438,False,87.2562950237765,-0.21995982295382,False,-12.602769517698695
73,1.216544824265768,1266,214,1200.0,458.0,1.464614118778201,-0.2641701645806579,83.91620762126317,-99.0520431250112,1.4646141187782007,False,83.91620762126315,-0.264170164580658,False,-15.13583550374805
74,1.2332098218584495,1273,240,1192.0,479.0,1.388784168725611,-0.32676304374486015,79.57147152256194,-98.29361482999111,1.3887841687256106,False,79.57147152256191,-0.3267630437448603,False,-18.72214330742919
75,1.2498748194511313,1278,271,1185.0,506.0,1.3025003356768106,-0.3768326243527169,74.62777204865425,-96.2186910069037,1.302500335676811,False,74.62777204865428,-0.3768326243527169,False,-21.590918958249446
76,1.2665398170438131,1282,308,1178.0,538.0,1.2058246916188873,-0.42466028254977345,69.08866566242625,-93.41990757936131,1.2058246916188873,False,69.08866566242625,-0.4246602825497736,False,-24.33124191693507
77,1.283204814636495,1280,350,1168.0,578.0,1.0987757077276539,-0.45660547189249395,62.95521068429464,-89.11677712631388,1.098775707727654,False,62.955210684294656,-0.4566054718924941,False,-26.16156644201925
78,1.2998698122291765,1272,398,1159.0,624.0,0.9799588619541024,-0.4636476090008061,56.14750688641333,-82.71255806349131,0.9799588619541026,False,56.14750688641334,-0.46364760900080615,False,-26.565051177077994
79,1.3165348098218583,1256,449,1152.0,678.0,0.8544921541784116,-0.4262984375283544,48.95879406146502,-73.3838953448611,0.8544921541784118,False,48.95879406146503,-0.4262984375283545,False,-24.4251012833961
80,1.3331998074145401,1230,501,1146.0,738.0,0.7225670672982792,-0.34061624041831295,41.40004337133672,-60.91591638091942,0.7225670672982791,False,41.400043371336714,-0.34061624041831307,False,-19.515873009582705
81,1.349864805007222,1191,554,1144.0,799.0,0.5780650424900767,-0.18953408658734539,33.120687218732,-43.980190454054004,0.5780650424900768,False,33.12068721873201,-0.18953408658734539,False,-10.859503235321995
82,1.3665298025999035,1137,603,1149.0,848.0,0.42216562732324836,0.048940480764067804,24.18830870111492,-21.38422570599264,0.42216562732324814,False,24.188308701114906,0.04894048076406765,False,2.804082995122267
83,1.3831948001925853,1066,644,1153.0,865.0,0.2510545377266758,0.37503340595633455,14.384365439346425,7.103465898368028,0.25105453772667596,False,14.384365439346434,0.3750334059563345,False,21.487831337714436
84,1.3998597977852671,986,668,1138.0,846.0,0.07974853922276111,0.7067727061318146,4.569254719797718,35.92583841659525,0.07974853922276104,False,4.569254719797714,0.7067727061318148,False,40.49509313639299
85,1.416524795377949,908,673,1099.0,811.0,-0.07894310373884798,0.9451201550595241,-4.523106665899419,58.674502683560085,-0.07894310373884794,False,-4.523106665899417,0.9451201550595236,False,54.151396017660645
86,1.4331897929706305,836,662,1047.0,777.0,-0.2263442337496995,1.071781720678776,-12.96856931098035,74.37713846514349,-0.2263442337496997,False,-12.96856931098036,1.0717817206787759,False,61.408569154163125
87,1.4498547905633123,772,639,987.0,748.0,-0.36425072024966987,1.1015829125589363,-20.870028954906516,83.98608062826239,-0.36425072024966987,False,-20.870028954906516,1.1015829125589365,False,63.11605167335587
88,1.4665197881559942,715,605,925.0,729.0,-0.49967637388510006,1.0374090594064918,-28.62934734601718,88.06850807864568,-0.4996763738851002,False,-28.629347346017187,1.0374090594064915,False,59.43916073262846
89,1.483184785748676,668,565,858.0,717.0,-0.6270953448054764,0.8960553845713439,-35.92991660965491,87.27010835556483,-0.6270953448054764,False,-35.92991660965491,0.8960553845713441,False,51.34019174590992
90,1.4998497833413575,632,521,784.0,709.0,-0.7457847508226271,0.6799088548723576,-42.730318647352284,81.68622648511118,-0.7457847508226272,False,-42.730318647352284,0.6799088548723575,False,38.955907837758886
91,1.5165147809340394,606,478,703.0,700.0,-0.8525895094773112,0.4119377401435855,-48.849780550179034,72.4520744825633,-0.852589509477311,False,-48.84978055017903,0.41193774014358553,False,23.602293932384278
92,1.5331797785267212,590,439,615.0,680.0,-0.9431669009934023,0.10336473422294937,-54.03948280335512,59.961845824821566,-0.9431669009934023,False,-54.03948280335512,0.10336473422294956,False,5.922363021466473
93,1.549844776119403,580,409,525.0,646.0,-1.0129321252615786,-0.22803113332045924,-58.036735710705294,44.97151417385798,-1.0129321252615786,False,-58.036735710705294,-0.2280311333204592,False,-13.06522153684731
94,1.5665097737120846,575,390,442.0,594.0,-1.0568766457963628,-0.5777523930722284,-60.554571270074405,27.45179754345235,-1.056876645796363,False,-60.55457127007442,-0.5777523930722284,False,-33.10277372662207
95,1.5831747713047664,573,382,375.0,521.0,-1.0755802613063123,-0.9587158085439954,-61.626209500429944,6.695839918386742,-1.0755802613063121,False,-61.62620950042993,-0.9587158085439955,False,-54.93036958204321
96,1.5998397688974482,574,384,338.0,433.0,-1.0703232680652586,-1.3660778709930146,-61.32500597478876,-16.945490519327933,-1.0703232680652586,False,-61.32500597478876,-1.3660778709930146,False,-78.27049649411668
97,1.61650476649013,576,392,340.0,343.0,-1.0516502125483738,-1.7755147825967785,-60.25511870305778,-41.47438480282553,-1.051650212548374,False,-60.255118703057796,-1.7755147825967785,False,-101.72950350588332
98,1.6331697640828116,577,399,378.0,265.0,-1.0363600020359307,-2.1634231748377744,-59.37905417282823,-64.57596304616943,-1.0363600020359307,False,-59.37905417282823,-2.1634231748377744,False,-123.95501721899767
99,1.6498347616754934,579,405,441.0,207.0,-1.0220271199738014,-2.5329033462623816,-58.55784052240946,-86.56683113298837,-1.0220271199738011,False,-58.55784052240944,-2.5329033462623816,False,-145.12467165539783
100,1.6664997592681752,580,408,518.0,174.0,-1.0148957291391092,-2.882586854418765,-58.14924192552332,-107.01081891256376,-1.0148957291391092,False,-58.14924192552332,-2.882586854418765,False,-165.16006083808708
101,1.683164756860857,580,410,602.0,168.0,-1.0109733214111227,3.050932766389048,-57.924504517180196,-127.26992439055458,-1.0109733214111225,False,-57.92450451718018,3.0509327663890478,False,174.80557109226518
102,1.6998297544535386,580,412,686.0,191.0,-1.007070103247388,2.694366925886247,-57.700866589879396,-147.9232800972008,-1.007070103247388,False,-57.700866589879396,2.6943669258862464,False,154.3758533129198
103,1.7164947520462204,581,413,760.0,242.0,-1.003890337132521,2.333341326651537,-57.5186794116588,-168.79071040775173,-1.0038903371325212,False,-57.518679411658816,2.333341326651537,False,133.69061018058946
104,1.7331597496389022,582,416,810.0,310.0,-0.9968323669626341,2.0059818729987553,-57.114287508995055,172.04858261157165,-0.996832366962634,False,-57.11428750899505,2.0059818729987553,False,114.93429510257658
105,1.749824747231584,584,423,836.0,423.0,-0.9808889636461291,1.5707963267948966,-56.20079778788443,146.20079778788445,-0.9808889636461293,False,-56.20079778788445,1.5707963267948966,False,90.0
106,1.7664897448242656,589,438,829.0,524.0,-0.9463319026536273,1.226716977795086,-54.220824040637915,124.50652952533983,-0.9463319026536272,False,-54.22082404063791,1.2267169777950855,False,70.28570548470192
107,1.7831547424169474,599,462,796.0,623.0,-0.8897793163477786,0.8856199131773426,-50.98059952476345,101.72288280256755,-0.8897793163477785,False,-50.98059952476344,0.8856199131773428,False,50.74228327780414
108,1.7998197400096292,615,494,747.0,712.0,-0.8132547327912077,0.5444571633893712,-46.59606385797572,77.79116144585136,-0.8132547327912079,False,-46.59606385797573,0.5444571633893709,False,31.195097587875633
109,1.816484737602311,642,534,684.0,784.0,-0.7111796556221401,0.16644569354854338,-40.74759274271596,50.28422850117537,-0.7111796556221401,False,-40.74759274271596,0.16644569354854344,False,9.536635758459413
110,1.8331497351949926,685,580,616.0,816.0,-0.5798821323938134,-0.28444483304685253,-33.224798801211946,16.92731036332396,-0.5798821323938133,False,-33.22479880121194,-0.28444483304685253,False,-16.297488437887974
111,1.8498147327876744,745,625,573.0,787.0,-0.42611944914010363,-0.8153293417512567,-24.414846004167476,-22.30008419135908,-0.4261194491401037,False,-24.41484600416748,-0.8153293417512568,False,-46.714930195526556
112,1.8664797303803562,810,654,583.0,721.0,-0.2813620102339523,-1.2837911419237478,-16.120855701722142,-57.43495850678907,-0.28136201023395246,False,-16.120855701722153,-1.2837911419237482,False,-73.55581420851125
113,1.883144727973038,869,669,628.0,651.0,-0.15817667882978373,-1.6453467047404242,-9.062856114342924,-85.20856590304098,-0.1581766788297836,False,-9.062856114342917,-1.6453467047404242,False,-94.27142201738391
114,1.8998097255657196,924,673,693.0,590.0,-0.04661934104646351,-1.9157385986525257,-2.6710914856433616,-107.09264486745306,-0.0466193410464637,False,-2.6710914856433727,-1.915738598652526,False,-109.76373635309643
115,1.9164747231584014,977,669,766.0,539.0,0.061272897586910506,-2.1229799902152395,3.510678430267298,-125.14847186032532,0.061272897586910346,False,3.5106784302672893,-2.1229799902152386,False,-121.63779343005798
116,1.9331397207510832,1028,658,839.0,495.0,0.16786145475459338,-2.282464745122391,9.617752900364426,-140.39334968328058,0.16786145475459335,False,9.617752900364426,-2.2824647451223914,False,-130.77559678291618
117,1.949804718343765,1075,640,908.0,456.0,0.27139528080163583,-2.404589721065552,15.54980416970159,-153.32264664729757,0.2713952808016358,False,15.549804169701588,-2.404589721065552,False,-137.772842477596
118,1.9664697159364466,1118,616,,,0.37376579720282715,,21.415202706064626,,0.373765797202827,False,21.415202706064616,-2.515023394096392,True,-144.10022585839084
119,1.9831347135291284,1155,589,1033.0,374.0,0.4704701152298023,-2.6254570671272313,26.955951989701187,-177.3835612288868,0.4704701152298023,False,26.955951989701187,-2.625457067127231,False,-150.42760923918559
120,1.9997997111218102,1185,560,1087.0,336.0,0.5595449415392413,-2.729182211992406,32.05956359809291,171.5698141325639,0.5595449415392411,False,32.05956359809289,-2.7291822119924056,False,-156.37062226934316
121,2.016464708714492,1209,532,1144.0,297.0,0.6398548168400262,-2.871743497651324,36.66098050604982,158.80023723439206,0.6398548168400264,False,36.66098050604983,-2.871743497651323,False,-164.53878225955805
122,2.033129706307174,1227,505,1202.0,264.0,0.711154711745867,-3.038227919366844,40.74616356388081,145.17619945758562,0.7111547117458672,False,40.74616356388082,-3.038227919366843,False,-174.0776369785335
123,2.0497947038998556,1241,480,1262.0,240.0,0.7752974968121265,3.0543149406403316,44.421274434392245,130.5780809680493,0.7752974968121267,False,44.42127443439225,3.0543149406403316,False,174.99935540244155
124,2.066459701492537,1253,456,1321.0,227.0,0.8368989743486738,2.852942587908489,47.95077910900635,115.51079037128092,0.8368989743486739,False,47.950779109006355,2.8529425879084886,False,163.46156948028724
125,2.083124699085219,1261,434,1379.0,227.0,0.8906416710262193,2.623487663381466,51.03000880828146,99.28476190811458,0.890641671026219,False,51.030008808281444,2.623487663381466,False,150.31477071639603
126,2.0997896966779006,1267,414,1431.0,242.0,0.939403607044929,2.379999516377415,53.82386194304048,82.54006558856244,0.9394036070449285,False,53.823861943040455,2.3799995163774152,False,136.36392753160294
127,2.1164546942705824,1272,395,1474.0,271.0,0.9863524270855453,2.1213457265787645,56.51383118448701,65.0303258365893,0.9863524270855457,False,56.51383118448704,2.121345726578765,False,121.54415702107633
128,2.1331196918632642,1276,379,1503.0,315.0,1.0268085990277418,1.8456015329301312,58.83179909203045,46.91337940774109,1.026808599027742,False,58.831799092030465,1.8456015329301305,False,105.7451784997715
129,2.149784689455946,1278,365,1512.0,371.0,1.0611363525947817,1.545160918273219,60.798634491586995,27.732564794027173,1.0611363525947812,False,60.79863449158697,1.5451609182732184,False,88.53119928561414
130,2.166449687048628,1279,357,1503.0,429.0,1.0809953482572177,1.2597980461893556,61.93647112841318,10.244639957064038,1.0809953482572174,False,61.93647112841317,1.2597980461893563,False,72.18111108547726
131,2.1831146846413096,1279,355,1476.0,487.0,1.085697896472406,0.9804545462272519,62.20590729410025,-6.02999979086444,1.0856978964724062,False,62.205907294100264,0.9804545462272518,False,56.1759075032358
132,2.199779682233991,1278,361,1437.0,540.0,1.0703918521773297,0.7262954797868606,61.32893555495209,-19.715269883735786,1.0703918521773295,False,61.328935554952075,0.7262954797868613,False,41.61366567121634
133,2.216444679826673,1276,376,1392.0,588.0,1.0335116124941248,0.5006677248747361,59.215853473673555,-30.529705899934118,1.0335116124941246,False,59.21585347367354,0.5006677248747362,False,28.686147573739447
134,2.2331096774193546,1271,398,1343.0,632.0,0.9785323854050311,0.2984989315861793,56.06577580057716,-38.96304683152478,0.978532385405031,False,56.06577580057715,0.29849893158617924,False,17.10272896905237
135,2.2497746750120364,1263,429,1293.0,672.0,0.9034310272207056,0.12283523887789499,51.76278494091502,-44.72484417773035,0.9034310272207051,False,51.762784940915,0.12283523887789549,False,7.0379407631846975
136,2.2664396726047182,1249,465,1245.0,712.0,0.8143508884279376,-0.016192916517521822,46.658868949649815,-47.58665472411148,0.8143508884279376,False,46.658868949649815,-0.01619291651752164,False,-0.9277857744616687
137,2.2831046701974,1227,505,1200.0,751.0,0.711154711745867,-0.10931853388790005,40.74616356388081,-47.00965417821534,0.7111547117458672,False,40.74616356388082,-0.10931853388789925,False,-6.2634906143344935
138,2.299769667790082,1196,548,1157.0,792.0,0.594868912617515,-0.15849541564044822,34.08347805652017,-43.164596444889646,0.5948689126175148,False,34.083478056520164,-0.15849541564044856,False,-9.08111838836948
139,2.3164346653827637,1155,589,1118.0,833.0,0.4704701152298023,-0.15049283143011463,26.955951989701187,-35.57855607762051,0.4704701152298023,False,26.955951989701187,-0.15049283143011394,False,-8.622604087919274
140,2.333099662975445,1101,627,1084.0,870.0,0.331783662544018,-0.06984504991674083,19.009803575164963,-23.011630155274784,0.33178366254401803,False,19.009803575164966,-0.06984504991674001,False,-4.001826580109764
141,2.349764660568127,1037,655,1053.0,895.0,0.18725391973348288,0.06656816377582381,10.72885929801005,-6.914784463719696,0.18725391973348282,False,10.728859298010047,0.06656816377582331,False,3.814074834290326
142,2.3664296581608086,966,671,1020.0,901.0,0.03867723999732716,0.2306059362595526,2.2160426150614256,10.996704263273822,0.038677239997327195,False,2.216042615061428,0.23060593625955228,False,13.212746878335224
143,2.3830946557534904,893,672,981.0,891.0,-0.10931853388790005,0.3820799399363353,-6.26349061433454,28.155058609298536,-0.10931853388790014,False,-6.263490614334544,0.38207993993633593,False,21.891567994964042
144,2.3997596533461723,827,659,932.0,870.0,-0.2454698222229288,0.46175007807140983,-14.064384811200444,40.52071547452851,-0.2454698222229288,False,-14.064384811200444,0.4617500780714092,False,26.45633066332801
145,2.416424650938854,768,637,874.0,848.0,-0.3733177003394785,0.46554154613022614,-21.389528646981695,48.063094428238564,-0.37331770033947853,False,-21.3895286469817,0.46554154613022547,False,26.67356578125684
146,2.433089648531536,718,607,811.0,827.0,-0.49226398721066866,0.39994405315716103,-28.204648873453248,51.11975516071445,-0.49226398721066866,False,-28.204648873453248,0.39994405315716186,False,22.91510628726122
147,2.4497546461242177,678,574,739.0,805.0,-0.5990486658899647,0.2581758664478214,-34.32296027843754,49.11534779803091,-0.5990486658899647,False,-34.32296027843754,0.25817586644782153,False,14.79238751959337
148,2.466419643716899,647,541,664.0,780.0,-0.6933743926997848,0.07101011124067928,-39.72742632414423,43.79600600098964,-0.6933743926997851,False,-39.72742632414424,0.07101011124068002,False,4.0685796768454505
149,2.483084641309581,624,509,585.0,746.0,-0.7761959691669474,-0.1630952922102408,-44.47275310833267,35.12808120623299,-0.7761959691669476,False,-44.472753108332675,-0.16309529221024022,False,-9.344671902099657
150,2.4997496389022626,609,483,507.0,701.0,-0.839946180724092,-0.437631175540433,-48.12537117362317,23.0509518318075,-0.839946180724092,False,-48.12537117362317,-0.4376311755404334,False,-25.074419341815698
151,2.5164146364949445,599,464,438.0,643.0,-0.8863199480647421,-0.7325063645317282,-50.78239232236404,8.812869168224633,-0.8863199480647421,False,-50.78239232236404,-0.7325063645317282,False,-41.96952315413941
152,2.5330796340876263,594,451,385.0,572.0,-0.9160597357436495,-1.0460005551447893,-52.4863566399806,-7.445060538156954,-0.9160597357436497,False,-52.48635663998061,-1.04600055514479,False,-59.93141717813759
153,2.549744631680308,591,445,355.0,493.0,-0.9309004299618772,-1.37014344947501,-53.336665783729245,-25.16677119868497,-0.930900429961877,False,-53.33666578372924,-1.3701434494750107,False,-78.50343698241426
154,2.56640962927299,590,441,352.0,412.0,-0.9395062799628748,-1.6920473478648423,-53.82974466790907,-43.117427101050644,-0.9395062799628748,False,-53.82974466790907,-1.6920473478648432,False,-96.94717176895976
155,2.5830746268656717,589,439,371.0,340.0,-0.9444958754633278,-1.9970781579929193,-54.11562743156249,-60.30852237919239,-0.9444958754633279,False,-54.115627431562494,-1.9970781579929202,False,-114.42414981075494
156,2.599739624458353,589,437,407.0,281.0,-0.9481728014842447,-2.279422598922567,-54.32629977414286,-76.2749948708616,-0.9481728014842448,False,-54.32629977414286,-2.279422598922567,False,-130.6012946450045
157,2.616404622051035,588,436,454.0,236.0,-0.9513377713088926,-2.5512859066544213,-54.50763918738145,-91.67027559512461,-0.9513377713088929,False,-54.50763918738146,-2.551285906654421,False,-146.17791478250604
158,2.6330696196437167,588,437,510.0,209.0,-0.9494936553141639,-2.8119682461690507,-54.401979123950916,-106.71193350633982,-0.9494936553141637,False,-54.40197912395091,-2.8119682461690516,False,-161.11391263029077
159,2.6497346172363985,589,438,570.0,197.0,-0.9463319026536273,-3.0629172113197027,-54.220824040637915,-121.27140516596076,-0.9463319026536272,False,-54.22082404063791,-3.0629172113197036,False,-175.49222920659872
160,2.6663996148290803,590,442,629.0,201.0,-0.9376832815380879,2.9811577459759273,-53.72529455210978,-135.46694854073604,-0.9376832815380878,False,-53.72529455210977,2.9811577459759278,False,170.80775690715424
161,2.683064612421762,593,448,689.0,222.0,-0.9227907439630444,2.7399094124439944,-52.87201500281979,-150.14273941597014,-0.9227907439630445,False,-52.8720150028198,2.7399094124439927,False,156.98524558120994
162,2.699729610014444,596,457,744.0,258.0,-0.9026916825372282,2.5021237810076022,-51.720423610946334,-164.91844391800223,-0.9026916825372284,False,-51.72042361094634,2.502123781007601,False,143.36113247105138
163,2.7163946076071257,602,469,792.0,308.0,-0.8734976010015263,2.2737606385207423,-50.04772595218981,-179.67538583760046,-0.8734976010015263,False,-50.04772595218981,2.2737606385207414,False,130.27688821020968
164,2.733059605199807,610,485,,,-0.8352011831106974,,-47.85350283657601,,-0.8352011831106974,False,-47.85350283657601,2.047680402636047,True,117.32344486269457
165,2.749724602792489,622,505,864.0,443.0,-0.7853981633974483,1.8216001667513495,-45.0,149.37000151517933,-0.7853981633974483,False,-45.0,1.8216001667513488,False,104.37000151517928
166,2.7663896003851707,638,529,890.0,517.0,-0.7246826068641672,1.6183794300718801,-41.52125485985504,134.2475658537613,-0.7246826068641674,False,-41.521254859855055,1.6183794300718795,False,92.72631099390624
167,2.7830545979778525,660,556,908.0,599.0,-0.6519575668284544,1.3991160636231041,-37.35441700088876,117.51786249544978,-0.6519575668284543,False,-37.35441700088875,1.3991160636231044,False,80.16344549456105
168,2.7997195955705343,688,583,919.0,686.0,-0.5712120565306347,1.1513676621897433,-32.72804004619356,98.69654775751015,-0.5712120565306344,False,-32.72804004619355,1.1513676621897417,False,65.96850771131649
169,2.816384593163216,725,612,918.0,776.0,-0.47469688308017494,0.8664526837308465,-27.19812794850912,76.84220987407012,-0.474696883080175,False,-27.198127948509125,0.866452683730845,False,49.64408192556095
170,2.833049590755898,773,639,899.0,857.0,-0.3623471929320824,0.5240721827749459,-20.760964873420896,50.78808910663397,-0.3623471929320825,False,-20.7609648734209,0.5240721827749475,False,30.027124233213172
171,2.8497145883485797,835,662,858.0,904.0,-0.2283135394129234,0.09475669854491622,-13.08140221405429,18.51056112127142,-0.2283135394129232,False,-13.081402214054279,0.09475669854491642,False,5.42915890721714
172,2.866379585941261,907,673,817.0,889.0,-0.08095856241970482,-0.3947911196997615,-4.63858394209552,-17.981281005944894,-0.0809585624197049,False,-4.638583942095524,-0.3947911196997609,False,-22.61986494804039
173,2.883044583533943,973,670,803.0,830.0,0.0530115105992924,-0.8156919233162234,3.0373358229524836,-49.773040411880885,0.05301151059929232,False,3.0373358229524796,-0.8156919233162228,False,-46.73570458892835
174,2.8997095811266247,1028,658,811.0,756.0,0.16786145475459338,-1.14660191889113,9.617752900364426,-75.31320363442771,0.16786145475459335,False,9.617752900364426,-1.146601918891129,False,-65.69545073406323
175,2.9163745787193065,1074,641,837.0,684.0,0.26881990851050813,-1.3913141600711287,15.402246206745037,-95.11867555560976,0.2688199085105083,False,15.402246206745046,-1.3913141600711292,False,-79.71642934886474
176,2.9330395763119883,1113,619,868.0,617.0,0.3615138055346833,-1.5789594107779275,20.713215292850535,-111.18092555288905,0.3615138055346834,False,20.71321529285054,-1.5789594107779266,False,-90.46771026003846
177,2.94970457390467,1147,595,903.0,557.0,0.4490855316080675,-1.7252929437292777,25.7307056015312,-124.58270970092065,0.4490855316080675,False,25.7307056015312,-1.7252929437292792,False,-98.85200409938953
178,2.966369571497352,1175,570,936.0,502.0,0.5290304710796486,-1.847990403055329,30.311213226681623,-136.19326390243188,0.5290304710796487,False,30.311213226681627,-1.8479904030553271,False,-105.88205067575015
179,2.9830345690900337,1198,545,968.0,451.0,0.6024036116849577,-1.9587764063077708,34.5151845129858,-146.7448056042236,0.6024036116849576,False,34.51518451298579,-1.95877640630777,False,-112.22962109123775
180,2.999699566682715,1217,520,,,0.6711438354360088,,38.45370921670597,,0.6711438354360086,False,38.45370921670596,-2.056041550686924,True,-117.80250335789387
181,3.016364564275397,1232,498,,,0.7307263319782982,,41.867534801431965,,0.730726331978298,False,41.86753480143196,-2.1533066950660746,True,-123.3753856245498
182,3.0330295618680787,1241,479,1048.0,323.0,0.7769666599983097,-2.2505718394452296,44.516910440279155,-173.46517833148513,0.7769666599983096,False,44.51691044027915,-2.2505718394452288,False,-128.94826789120594
183,3.0496945594607605,1248,465,1074.0,290.0,0.812695135759525,-2.359059811863718,46.56400130983225,178.2718278514507,0.8126951357595251,False,46.56400130983226,-2.359059811863716,False,-135.16417083871693
184,3.0663595570534423,1253,454,1101.0,259.0,0.8405146976915356,-2.4794852779751957,48.15794479643927,169.77801341076028,0.8405146976915354,False,48.15794479643926,-2.479485277975197,False,-142.0640417928005
185,3.083024554646124,1256,448,1129.0,236.0,0.8563361245661028,-2.6018671157338322,49.06444578222682,161.8595496323481,0.856336124566103,False,49.064445782226834,-2.601867115733832,False,-149.07600458542507
186,3.099689552238806,1256,447,1159.0,220.0,0.8581860120013735,-2.73776469669062,49.17043652484212,153.96720105487137,0.8581860120013736,False,49.17043652484212,-2.7377646966906184,False,-156.86236242028636
187,3.1163545498314877,1255,449,1190.0,211.0,0.8528865017467799,-2.8749851120969288,48.866796953767604,146.4086899601325,0.8528865017467799,False,48.866796953767604,-2.8749851120969296,False,-164.72451308609996
188,3.133019547424169,1252,456,1222.0,212.0,0.8352707148411231,-3.019255819774297,47.85748671127165,139.1518975453496,0.8352707148411231,False,47.85748671127165,-3.0192558197742976,False,-172.99061574337878
189,3.149684545016851,1247,467,1254.0,220.0,0.80754105141237,3.113260156172251,46.26869402948583,132.10797344542368,0.80754105141237,False,46.26869402948583,3.1132601561722524,False,178.37666747490962
190,3.1663495426095327,1241,481,1286.0,238.0,0.7736340002476896,2.958481836327309,44.3259631020155,125.18255988565289,0.7736340002476894,False,44.325963102015486,2.9584818363273087,False,169.50852298766839
191,3.1830145402022145,1231,498,1317.0,266.0,0.7289796952097909,2.786606260429575,41.76745988625413,117.89331800109369,0.7289796952097909,False,41.76745988625413,2.7866062604295756,False,159.66077788734782
192,3.1996795377948963,1219,517,1346.0,306.0,0.6790683584131607,2.599780396559586,38.90775093795122,110.04869344576056,0.6790683584131605,False,38.90775093795121,2.599780396559588,False,148.95644438371187
193,3.216344535387578,1204,538,1370.0,357.0,0.622623525310652,2.3993952605265605,35.67370022585715,101.8015215860074,0.6226235253106518,False,35.67370022585714,2.3993952605265605,False,137.47522181186451
194,3.23300953298026,1186,558,1389.0,422.0,0.5638137738887312,2.1610690740022793,32.304149675167594,91.51598750140798,0.5638137738887314,False,32.30414967516761,2.1610690740022775,False,123.82013717657549
195,3.2496745305729418,1167,578,1396.0,502.0,0.5049626682552142,1.8912362659524442,28.932229702688485,79.42762639846785,0.5049626682552142,False,28.932229702688485,1.8912362659524433,False,108.35985610115631
196,3.266339528165623,1146,595,1386.0,594.0,0.4471282177534082,1.57496296934916,25.618559778476737,64.62017125462216,0.4471282177534084,False,25.618559778476747,1.5749629693491585,False,90.23873103309882
197,3.283004525758305,1127,610,1349.0,693.0,0.3964412832184413,1.2130133105241727,22.714412353167237,46.78613083305982,0.3964412832184414,False,22.71441235316724,1.2130133105241718,False,69.500543186227
198,3.2996695233509867,1108,622,1280.0,786.0,0.3493158636825498,0.8092031895825182,20.014324705977295,26.349602825625627,0.34931586368254974,False,20.01432470597729,0.8092031895825187,False,46.36392753160295
199,3.3163345209436685,1089,633,1180.0,852.0,0.30376448614258084,0.3938180418362781,17.40442302193006,5.159688671395168,0.303764486142581,False,17.40442302193007,0.3938180418362798,False,22.564111693325316
200,3.3329995185363503,1066,644,1066.0,884.0,0.2510545377266758,0.0,14.384365439346425,-14.384365439346434,0.25105453772667596,False,14.384365439346434,0.0,False,0.0
201,3.349664516129032,1036,655,956.0,883.0,0.1852208367384666,-0.33745606922778154,10.6123722229958,-29.94718076082223,0.18522083673846668,False,10.612372222995806,-0.3374560692277804,False,-19.334808537826348
202,3.366329513721714,998,665,858.0,864.0,0.10476960804480295,-0.6130828623819369,6.002856362207086,-41.12991686849194,0.10476960804480306,False,6.002856362207092,-0.6130828623819369,False,-35.12706050628485
203,3.3829945113143958,954,672,773.0,835.0,0.014226682379025721,-0.8376760678619269,0.8151288567913112,-48.81043214439407,0.01422668237902558,False,0.8151288567913031,-0.8376760678619277,False,-47.995303287602795
204,3.399659508907077,904,672,700.0,804.0,-0.08717685820584839,-0.9964914966201949,-4.994866046405531,-52.09989103060657,-0.08717685820584853,False,-4.994866046405539,-0.9964914966201945,False,-57.09475707701208
205,3.416324506499759,853,665,637.0,775.0,-0.19144088628541286,-1.0997687779754177,-10.968754810398082,-52.04335460785344,-0.19144088628541267,False,-10.96875481039807,-1.0997687779754166,False,-63.012109418251455
206,3.4329895040924407,802,651,581.0,749.0,-0.2986481185162973,-1.1534119802184475,-17.111276750506647,-48.974361755837194,-0.29864811851629725,False,-17.111276750506644,-1.153411980218447,False,-66.08563850634381
207,3.4496545016851226,754,629,533.0,726.0,-0.4059664768976716,-1.157199646133517,-23.26016575003182,-43.04249002745105,-0.40596647689767185,False,-23.260165750031835,-1.1571996461335168,False,-66.30265577748287
208,3.4663194992778044,710,601,494.0,707.0,-0.5127277171475381,-1.1145835250392888,-29.37713423193138,-34.48379766763379,-0.5127277171475382,False,-29.377134231931386,-1.11458352503929,False,-63.86093189956522
209,3.482984496870486,672,568,464.0,689.0,-0.6165829172266964,-1.0439184078603376,-35.327598876953886,-24.484520049459956,-0.6165829172266966,False,-35.32759887695389,-1.043918407860339,False,-59.81211892641392
210,3.499649494463168,641,533,444.0,669.0,-0.7141985385772311,-0.9665726663845327,-40.920561994886654,-14.459972381653593,-0.7141985385772314,False,-40.92056199488667,-0.9665726663845327,False,-55.38053437654026
211,3.51631449205585,617,497,432.0,651.0,-0.8054881958222692,-0.8765899654416449,-46.15107406822321,-4.073831315101735,-0.805488195822269,False,-46.1510740682232,-0.8765899654416458,False,-50.22490538332499
212,3.532979489648531,599,463,425.0,629.0,-0.8880471992208399,-0.8089232343826652,-50.88135652376753,4.5334692435689385,-0.8880471992208401,False,-50.88135652376754,-0.8089232343826644,False,-46.347887280198556
213,3.549644487241213,587,433,421.0,608.0,-0.958208513877469,-0.7590113273045463,-54.90130373868175,11.413158081508504,-0.958208513877469,False,-54.90130373868175,-0.7590113273045453,False,-43.48814565717319
214,3.5663094848338948,579,408,419.0,589.0,-1.0161147191255762,-0.7238922616744501,-58.21908490701659,16.7431134908908,-1.016114719125576,False,-58.21908490701657,-0.7238922616744503,False,-41.475971416125795
215,3.5829744824265766,574,388,417.0,571.0,-1.0621058292057663,-0.7090761146524328,-60.85418140973306,20.227112686614195,-1.0621058292057661,False,-60.854181409733044,-0.7090761146524329,False,-40.62706872311888
216,3.5996394800192584,572,373,414.0,558.0,-1.0954843475736715,-0.7068429481153328,-62.76662963861392,22.26751193302072,-1.0954843475736715,False,-62.76662963861392,-0.7068429481153338,False,-40.49911770559325
217,3.61630447761194,571,364,411.0,549.0,-1.1156955182267019,-0.7130608328588534,-63.92464441605123,23.069268157155527,-1.115695518226702,False,-63.924644416051244,-0.7130608328588544,False,-40.85537625889577
218,3.632969475204622,570,361,408.0,542.0,-1.1231901224407344,-0.7300611307807172,-64.35405360663626,22.52463202635272,-1.1231901224407341,False,-64.35405360663624,-0.7300611307807188,False,-41.82942158028362
219,3.649634472797304,570,363,403.0,541.0,-1.1188877729796083,-0.7535249032126965,-64.10754714052335,20.933750428432003,-1.1188877729796083,False,-64.10754714052335,-0.7535249032126963,False,-43.173796712091345
220,3.666299470389985,572,372,399.0,545.0,-1.0975948683564933,-0.7853981633974483,-62.88755357204426,17.88755357204426,-1.0975948683564933,False,-62.88755357204426,-0.7853981633974492,False,-45.00000000000005
221,3.682964467982667,574,386,396.0,552.0,-1.0662052253994598,-0.8202677449522381,-61.08905951018369,14.091179653707005,-1.06620522539946,False,-61.0890595101837,-0.8202677449522398,False,-46.99787985647677
222,3.6996294655753488,578,405,394.0,562.0,-1.0232340908548991,-0.8644122033763201,-58.626994859891546,9.099823846824242,-1.0232340908548991,False,-58.626994859891546,-0.8644122033763217,False,-49.5271710130674
223,3.7162944631680306,586,430,393.0,576.0,-0.9651076332326912,-0.9231630101161596,-55.296594160093,2.4032498778441354,-0.9651076332326913,False,-55.296594160093,-0.9231630101161592,False,-52.89334428224884
224,3.7329594607607124,598,460,396.0,591.0,-0.8946592249200407,-0.995465855954191,-51.260197690363775,-5.775794505189313,-0.8946592249200407,False,-51.260197690363775,-0.9954658559541905,False,-57.035992195553064
225,3.749624458353394,615,493,404.0,609.0,-0.8148470117636161,-1.0681350663744893,-46.687294722902145,-14.512336530282141,-0.8148470117636162,False,-46.68729472290215,-1.068135066374488,False,-61.199631253184215
226,3.766289455946076,638,528,421.0,628.0,-0.7261070088270826,-1.13897317553659,-41.60286708066024,-23.65548885619942,-0.7261070088270825,False,-41.60286708066024,-1.1389731755365915,False,-65.25835593685976
227,3.782954453538758,668,563,445.0,648.0,-0.6295720814498633,-1.2066309074867423,-36.07182316634368,-33.063035262687144,-0.6295720814498633,False,-36.07182316634368,-1.2066309074867405,False,-69.13485842903071
228,3.799619451131439,704,596,479.0,674.0,-0.5286720876798737,-1.2370941502573463,-30.29067937042697,-40.58959429964188,-0.5286720876798738,False,-30.290679370426975,-1.2370941502573451,False,-70.88027367006877
229,3.816284448724121,744,623,521.0,705.0,-0.42968454882090257,-1.2184295098703264,-24.61911116942069,-45.1917573803425,-0.42968454882090246,False,-24.619111169420684,-1.218429509870326,False,-69.81086854976316
230,3.832949446316803,788,645,571.0,741.0,-0.32947240863790356,-1.154283591607591,-18.877378480961482,-47.25819967935583,-0.3294724086379035,False,-18.87737848096148,-1.1542835916075909,False,-66.1355781603173
231,3.8496144439094846,835,661,632.0,782.0,-0.22877183077232552,-1.0332795759912121,-13.107660374735344,-46.094898386628344,-0.22877183077232566,False,-13.107660374735353,-1.0332795759912123,False,-59.20255876136369
232,3.8662794415021664,880,670,703.0,825.0,-0.135891979518975,-0.8515664871306055,-7.78603689611549,-41.00512879124973,-0.1358919795189748,False,-7.786036896115479,-0.8515664871306043,False,-48.791165687365165
233,3.882944439094848,924,672,787.0,864.0,-0.04671395815542278,-0.6197566324002528,-2.6765126466564575,-32.83292671511882,-0.046713958155422564,False,-2.676512646656445,-0.6197566324002537,False,-35.50943936177535
234,3.89960943668753,964,670,885.0,893.0,0.03467996765836338,-0.3404649468595299,1.987015780474414,-21.49422030767132,0.03467996765836334,False,1.987015780474412,-0.3404649468595302,False,-19.507204527196933
235,3.916274434280212,998,665,991.0,901.0,0.10476960804480295,-0.029652323188272874,6.002856362207086,-7.701809333653017,0.10476960804480306,False,6.002856362207092,-0.029652323188273044,False,-1.6989529714459506
236,3.932939431872893,1027,657,1098.0,884.0,0.16616839154113364,0.303135683518947,9.520747523784326,7.847647761664761,0.1661683915411336,False,9.520747523784324,0.3031356835189456,False,17.36839528544901
237,3.949604429465575,1053,648,1194.0,841.0,0.2227376395164109,0.6309494667237168,12.761926682996691,23.388814846302257,0.2227376395164109,False,12.761926682996691,0.6309494667237168,False,36.15074152929895
238,3.966269427058257,1079,637,1272.0,780.0,0.28118732062933477,0.9331236282727466,16.11084672465275,37.35319893930995,0.2811873206293347,False,16.110846724652745,0.933123628272746,False,53.464045663962644
239,3.9829344246509386,1104,624,1328.0,708.0,0.3398815425367231,1.2120256565243244,19.473777921750397,49.970176858666136,0.3398815425367232,False,19.473777921750404,1.2120256565243253,False,69.44395478041659
240,3.9995994222436204,1129,608,1366.0,637.0,0.4020685300934589,1.4490387290044358,23.036829849383924,59.986973673571256,0.4020685300934588,False,23.036829849383917,1.4490387290044353,False,83.02380352295518
241,4.016264419836302,1153,589,1391.0,570.0,0.4665772881189461,1.6504593118406838,26.73290942587502,67.8314434006624,0.46657728811894605,False,26.732909425875018,1.6504593118406845,False,94.56435282653744
242,4.032929417428984,1175,570,1405.0,509.0,0.5290304710796486,1.8300451730775587,30.311213226681623,74.54265150895075,0.5290304710796487,False,30.311213226681627,1.8300451730775578,False,104.85386473563233
243,4.049594415021666,1194,549,1414.0,456.0,0.5898764302113857,1.9707403799520578,33.79742988535565,79.11767640190551,0.5898764302113859,False,33.79742988535566,1.9707403799520584,False,112.91510628726122
244,4.066259412614348,1210,529,1417.0,411.0,0.6457894343185052,2.088901317003224,37.001009040591235,82.68422024301275,0.6457894343185053,False,37.00100904059124,2.0889013170032236,False,119.68522928360397
245,4.0829244102070295,1223,510,1418.0,374.0,0.6965239885843405,2.179799343199124,39.90788487550104,84.98541767519758,0.6965239885843406,False,39.90788487550105,2.179799343199125,False,124.89330255069873
246,4.099589407799711,1232,494,1418.0,344.0,0.7370219130786614,2.2494588175432093,42.22824502806511,86.65625140564948,0.7370219130786615,False,42.22824502806511,2.2494588175432106,False,128.88449643371467
247,4.116254405392393,1240,481,1416.0,321.0,0.7719309641500791,2.3086113869153615,44.22838632126399,88.04530268482978,0.7719309641500791,False,44.22838632126399,2.308611386915363,False,132.2736890060938
248,4.132919402985074,1244,472,1415.0,304.0,0.7938869238405721,2.347345163676087,45.4863701466886,89.00660079239663,0.7938869238405721,False,45.4863701466886,2.3473451636760885,False,134.4929709390853
249,4.149584400577756,1247,466,1414.0,294.0,0.8092844045583812,2.37094268334694,46.368580806953126,89.47642841624887,0.8092844045583814,False,46.36858080695313,2.3709426833469394,False,135.845009223202
250,4.166249398170438,1248,465,1412.0,290.0,0.812695135759525,2.3886314866937495,46.56400130983225,90.29450168977884,0.8126951357595251,False,46.56400130983226,2.3886314866937504,False,136.85850299961115
251,4.182914395763119,1246,468,1411.0,293.0,0.8041353229755109,2.3855977783963502,46.073560163886114,90.61112415401017,0.8041353229755108,False,46.07356016388611,2.385597778396349,False,136.68468431789623
252,4.199579393355801,1243,475,1410.0,302.0,0.7870902091599867,2.373839717483468,45.096947080936445,90.91404997139396,0.7870902091599867,False,45.096947080936445,2.3738397174834667,False,136.01099705233034
253,4.216244390948483,1237,486,1410.0,317.0,0.7585589721382329,2.344499117026656,43.462227615302545,90.86767686247292,0.7585589721382329,False,43.462227615302545,2.3444991170266576,False,134.32990447777556
254,4.232909388541165,1229,500,1409.0,338.0,0.7223588777830815,2.3036114285814033,41.38811499077702,90.59909750503965,0.7223588777830816,False,41.38811499077703,2.303611428581405,False,131.98721249581678
255,4.249574386133847,1217,518,1409.0,369.0,0.6740189206883698,2.230756854422961,38.61843946740655,89.19451341090848,0.6740189206883698,False,38.61843946740655,2.2307568544229603,False,127.81295287831502
256,4.2662393837265284,1203,538,1406.0,406.0,0.6207777479516433,2.1473446775782565,35.56794497326515,87.46584221184948,0.6207777479516432,False,35.56794497326514,2.147344677578257,False,123.03378718511466
257,4.28290438131921,1184,560,1400.0,450.0,0.5576525700642967,2.0418238756143756,31.951138699307634,85.03675188244088,0.5576525700642967,False,31.951138699307634,2.0418238756143765,False,116.98789058174854
258,4.299569378911892,1161,581,1391.0,504.0,0.4902161589126305,1.8938506614175956,28.087316954808202,80.42233297247947,0.4902161589126304,False,28.087316954808195,1.893850661417595,False,108.50964992728764
259,4.316234376504574,1136,602,1375.0,567.0,0.4210789551146128,1.7162062475111934,24.126046969845945,74.20532778652978,0.4210789551146128,False,24.126046969845945,1.7162062475111952,False,98.33137475637582
260,4.332899374097256,1108,621,1347.0,639.0,0.3500448882451459,1.4956244341597873,20.05609473657542,65.63687307742225,0.3500448882451459,False,20.05609473657542,1.4956244341597866,False,85.69296781399764
261,4.3495643716899375,1079,636,1304.0,717.0,0.28177186727335213,1.2252407462131845,16.14433878028348,54.05678486519159,0.28177186727335224,False,16.144338780283487,1.225240746213185,False,70.20112364547509
262,4.366229369282619,1051,649,1239.0,794.0,0.21821737670165547,0.913816674551273,12.50293470142128,39.85490399904656,0.2182173767016553,False,12.50293470142127,0.9138166745512741,False,52.35783870046791
263,4.382894366875301,1024,658,1152.0,859.0,0.1597157936863347,0.567051071390732,9.151040899809178,23.33859225925129,0.1597157936863347,False,9.151040899809178,0.5670510713907326,False,32.48963315906052
264,4.399559364467982,998,664,1045.0,898.0,0.10498448874057421,0.1982172523518861,6.015168119173614,5.341843867269054,0.1049844887405742,False,6.015168119173613,0.1982172523518848,False,11.35701198644259
265,4.416224362060664,971,669,934.0,906.0,0.04904040332375124,-0.15486802523009655,2.8098081360702802,-11.683092363280359,0.049040403323751036,False,2.8098081360702687,-0.15486802523009757,False,-8.87328422721014
266,4.432889359653346,940,672,832.0,887.0,-0.014226682379025721,-0.4655063429197079,-0.8151288567913112,-25.85641992907756,-0.01422668237902558,False,-0.8151288567913031,-0.4655063429197064,False,-26.671548785868787
267,4.449554357246027,904,672,742.0,851.0,-0.08717685820584839,-0.7355860306553021,-4.994866046405531,-37.15110897892408,-0.08717685820584853,False,-4.994866046405539,-0.7355860306553019,False,-42.14597502532959
268,4.466219354838709,865,667,667.0,808.0,-0.16681312328103798,-0.9519815600572117,-9.557687931398972,-44.98683763415918,-0.16681312328103814,False,-9.55768793139898,-0.951981560057213,False,-54.54452556555822
269,4.482884352431391,823,658,605.0,763.0,-0.25381929724115065,-1.1219350707729137,-14.542774490894471,-49.7393699521048,-0.2538192972411508,False,-14.542774490894482,-1.1219350707729134,False,-64.28214444299925
270,4.499549350024073,782,643,554.0,720.0,-0.3423396651751016,-1.2451036114792646,-19.614617974455047,-51.724564019803424,-0.3423396651751016,False,-19.614617974455047,-1.2451036114792657,False,-71.33918199425852
271,4.516214347616755,743,623,510.0,682.0,-0.43154854622449035,-1.3227904277085605,-24.725910353669615,-51.06439833433593,-0.43154854622449035,False,-24.725910353669615,-1.3227904277085614,False,-75.7903086880056
272,4.5328793452094365,708,600,472.0,647.0,-0.5173494016008384,-1.3742157626895912,-29.641937245346718,-49.094826097118364,-0.5173494016008382,False,-29.641937245346703,-1.374215762689591,False,-78.73676334246507
273,4.549544342802118,677,573,441.0,618.0,-0.6019633020763127,-1.382380117442742,-34.48995663073138,-44.71458978153681,-0.6019633020763129,False,-34.48995663073139,-1.382380117442743,False,-79.20454641226826
274,4.5662093403948,651,545,416.0,593.0,-0.6813875708315023,-1.3693124822817426,-39.04063202131652,-39.41519404800965,-0.681387570831502,False,-39.040632021316505,-1.3693124822817424,False,-78.45582606932616
275,4.582874337987482,630,518,396.0,572.0,-0.7533480732453964,-1.3439974787410107,-43.16366510127363,-33.84171810680988,-0.7533480732453963,False,-43.16366510127362,-1.3439974787410094,False,-77.00538320808342
276,4.599539335580164,613,491,382.0,556.0,-0.821041975518293,-1.2965035152647124,-47.04224000028165,-27.241939548261463,-0.8210419755182929,False,-47.042240000281645,-1.296503515264714,False,-74.28417954854321
277,4.6162043331728455,600,467,372.0,543.0,-0.8797543658653845,-1.2490457723982544,-50.40621217229462,-21.158839004783374,-0.8797543658653844,False,-50.40621217229462,-1.2490457723982544,False,-71.56505117707799
278,4.632869330765527,592,446,367.0,532.0,-0.9277460745986559,-1.2057089281011195,-53.15593453433221,-15.926098367104371,-0.9277460745986561,False,-53.155934534332225,-1.2057089281011208,False,-69.08203290143665
279,4.649534328358209,586,430,364.0,525.0,-0.9651076332326912,-1.1664483142463205,-55.296594160093,-11.535971266370733,-0.9651076332326913,False,-55.296594160093,-1.1664483142463205,False,-66.83256542646374
280,4.66619932595089,582,419,364.0,521.0,-0.9910579979069802,-1.1331651512544636,-56.783440532755144,-8.142140125429185,-0.9910579979069802,False,-56.783440532755144,-1.1331651512544632,False,-64.9255806581843
281,4.682864323543572,580,414,364.0,520.0,-1.0031860522306448,-1.1145835250392888,-57.47832685920651,-6.382605040358649,-1.003186052230645,False,-57.478326859206526,-1.11458352503929,False,-63.86093189956522
282,4.699529321136254,580,414,365.0,523.0,-1.0031860522306448,-1.1015829125589363,-57.47832685920651,-5.637724814149342,-1.003186052230645,False,-57.478326859206526,-1.1015829125589356,False,-63.11605167335582
283,4.7161943187289355,582,419,368.0,530.0,-0.9910579979069802,-1.092307506982824,-56.783440532755144,-5.801169547817376,-0.9910579979069802,False,-56.783440532755144,-1.0923075069828236,False,-62.584610080572496
284,4.732859316321617,585,430,371.0,540.0,-0.9664017489393238,-1.0959967637684762,-55.37074152828464,-7.425247395645742,-0.9664017489393237,False,-55.37074152828463,-1.0959967637684755,False,-62.795988923930345
285,4.749524313914299,591,445,376.0,555.0,-0.9309004299618772,-1.0978897231319673,-53.336665783729245,-9.567781722518943,-0.930900429961877,False,-53.33666578372924,-1.097889723131967,False,-62.90444750624818
286,4.766189311506981,599,465,385.0,574.0,-0.8845975526663685,-1.0997000659818472,-50.68370633538448,-12.324466175633534,-0.8845975526663685,False,-50.68370633538448,-1.099700065981846,False,-63.00817251101794
287,4.782854309099663,612,489,396.0,594.0,-0.8257489204527195,-1.1183214372328298,-47.311928079424774,-16.763170413020767,-0.8257489204527193,False,-47.31192807942476,-1.1183214372328294,False,-64.07509849244552
288,4.7995193066923445,628,516,413.0,620.0,-0.7594497903292249,-1.1202565812607763,-43.51326773795987,-20.672706340036967,-0.7594497903292248,False,-43.513267737959865,-1.1202565812607759,False,-64.1859740779968
289,4.816184304285026,650,545,434.0,647.0,-0.6830381298448648,-1.1296168463799159,-39.135202086619465,-25.587075677827574,-0.6830381298448649,False,-39.13520208661947,-1.1296168463799177,False,-64.72227776444714
290,4.832849301877708,677,573,463.0,679.0,-0.6019633020763127,-1.1108940186339262,-34.48995663073138,-29.15958212332002,-0.6019633020763129,False,-34.48995663073139,-1.1108940186339247,False,-63.649538754051314
291,4.84951429947039,709,600,500.0,714.0,-0.515549007458979,-1.0714496051147666,-29.538782259558097,-31.85075807447668,-0.5155490074589792,False,-29.538782259558108,-1.0714496051147648,False,-61.389540334034685
292,4.866179297063072,745,624,545.0,753.0,-0.42696682124415425,-0.9979440791220989,-24.463396849406696,-32.71458707435907,-0.4269668212441542,False,-24.463396849406692,-0.9979440791220995,False,-57.177983923765794
293,4.8828442946557535,784,644,599.0,792.0,-0.33782633984503274,-0.8960553845713439,-19.356023481472615,-31.984168264437308,-0.33782633984503274,False,-19.356023481472615,-0.8960553845713441,False,-51.34019174590992
294,4.899509292248435,825,658,665.0,832.0,-0.24989504436114243,-0.7435065183015194,-14.317931363127943,-28.281854176015433,-0.2498950443611423,False,-14.317931363127935,-0.743506518301519,False,-42.59978553914334
295,4.916174289841117,866,667,741.0,868.0,-0.16481567709393521,-0.5563601789155386,-9.443242695073485,-22.433847445930255,-0.16481567709393508,False,-9.443242695073478,-0.5563601789155399,False,-31.87709014100381
296,4.932839287433798,906,672,827.0,895.0,-0.08314123188844123,-0.3404649468595299,-4.763641690726178,-14.743562836470728,-0.08314123188844125,False,-4.763641690726179,-0.3404649468595302,False,-19.507204527196933
297,4.94950428502648,944,671,920.0,907.0,-0.006109903602820891,-0.10134650326566776,-0.35007168967341307,-5.456655215858161,-0.006109903602820932,False,-0.3500716896734154,-0.10134650326566685,False,-5.806726905531526
298,4.966169282619162,979,668,1015.0,903.0,0.06548002492346482,0.1520097378205026,3.7517290705259754,4.957787351479001,0.06548002492346461,False,3.7517290705259634,0.15200973782050298,False,8.70951642200499
299,4.9828342802118435,1013,661,1107.0,881.0,0.1363625931978319,0.4037940918851321,7.813001073695116,15.32269618364071,0.13636259319783184,False,7.813001073695112,0.40379409188513193,False,23.135697257335824
300,4.999499277804525,1044,651,1188.0,842.0,0.2031051226029412,0.6460094647365517,11.637066322635672,25.376549532274137,0.203105122602941,False,11.637066322635661,0.6460094647365509,False,37.013615854909744
301,5.016164275397207,1074,639,1257.0,794.0,0.26993527374741927,0.8680496793602973,15.466151927435654,34.26943110759376,0.2699352737474192,False,15.46615192743565,0.868049679360297,False,49.735583035029386
302,5.032829272989889,1103,624,1313.0,739.0,0.33787818824027843,1.0697829399913072,19.35899417569472,41.93505328090419,0.3378781882402784,False,19.358994175694715,1.0697829399913061,False,61.294047456598854
303,5.049494270582571,1129,606,1356.0,684.0,0.4037579999228278,1.2398233724737917,23.13362934022145,47.903017244203056,0.4037579999228278,False,23.13362934022145,1.2398233724737935,False,71.03664658442462
304,5.0661592681752525,1154,588,1389.0,632.0,0.4695126443894298,1.3857053141008449,26.901092951541,52.49397319528748,0.46951264438942975,False,26.901092951540996,1.3857053141008464,False,79.39506614682858
305,5.082824265767934,1175,568,1413.0,582.0,0.5312734138418143,1.512040504079174,30.439724380643128,56.19381495592709,0.5312734138418143,False,30.439724380643128,1.5120405040791738,False,86.6335393365702
306,5.099489263360616,1193,548,1432.0,539.0,0.5892557357236994,1.6084354459942851,33.76186671084419,58.3946959638706,0.5892557357236994,False,33.76186671084419,1.6084354459942851,False,92.15656267471479
307,5.116154260953298,1208,530,1445.0,501.0,0.6407526044912044,1.6925539245853576,36.71241994936129,60.263776527683525,0.6407526044912046,False,36.712419949361305,1.6925539245853578,False,96.97619647704482
308,5.13281925854598,1220,513,1454.0,469.0,0.6867099027490418,1.7566602726168294,39.3455791773593,61.30364048188563,0.6867099027490418,False,39.3455791773593,1.7566602726168306,False,100.649219659245
309,5.149484256138662,1229,498,1461.0,444.0,0.7254700082762404,1.7994831524671209,41.56636963754948,61.53642030371298,0.7254700082762406,False,41.56636963754949,1.799483152467122,False,103.10278994126251
310,5.166149253731343,1236,487,1465.0,424.0,0.7552059985204856,1.8392640296318465,43.27011637818692,62.11194992994269,0.7552059985204855,False,43.27011637818691,1.8392640296318454,False,105.38206630812952
311,5.182814251324025,1240,479,1466.0,410.0,0.7752633752712108,1.8671172904496116,44.41931941410729,62.55862118455735,0.7752633752712108,False,44.41931941410729,1.8671172904496132,False,106.97794059866472
312,5.199479248916706,1242,476,1468.0,402.0,0.7837061176349099,1.887227782420023,44.903052919063555,63.22713399343737,0.7837061176349098,False,44.903052919063555,1.8872277824200232,False,108.13018691250095
313,5.216144246509388,1242,476,1467.0,400.0,0.7837061176349099,1.896541533711824,44.903052919063555,63.76077263389208,0.7837061176349098,False,44.903052919063555,1.8965415337118259,False,108.66382555295576
314,5.23280924410207,1239,480,1465.0,404.0,0.7718854723841201,1.8951993948645431,44.22577983507194,64.36114682641397,0.77188547238412,False,44.22577983507193,1.8951993948645445,False,108.58692666148599
315,5.2494742416947515,1235,488,1462.0,415.0,0.7518537038357699,1.8819371997280039,43.078044041068566,64.7490148120147,0.7518537038357698,False,43.07804404106856,1.8819371997280037,False,107.82705885308327
316,5.266139239287433,1228,500,1457.0,432.0,0.7205971725114555,1.8594463924762006,41.2871767139669,65.25125380574585,0.7205971725114555,False,41.2871767139669,1.859446392476201,False,106.53843051971275
317,5.282804236880115,1219,514,1450.0,455.0,0.6834426805248385,1.8208614160462515,39.15838113318111,65.16929308448377,0.6834426805248386,False,39.158381133181116,1.8208614160462524,False,104.32767421766493
318,5.299469234472797,1206,532,1442.0,487.0,0.6343480463341549,1.7592125361470512,36.345465797316265,64.44998779041556,0.6343480463341549,False,36.345465797316265,1.75921253614705,False,100.79545358773174
319,5.316134232065479,1191,551,1428.0,524.0,0.5817565885835959,1.684231318602113,33.33219722976865,63.16714904988594,0.581756588583596,False,33.33219722976866,1.6842313186021123,False,96.49934627965453
320,5.3327992296581606,1172,571,1410.0,569.0,0.5221705757421602,1.5791994903425437,29.918170175942063,60.56329562989631,0.5221705757421602,False,29.918170175942063,1.5791994903425426,False,90.4814658058383
321,5.349464227250842,1149,592,1386.0,620.0,0.4558504960578994,1.4531979861839204,26.118309513062606,57.14380189218655,0.4558504960578995,False,26.118309513062613,1.4531979861839197,False,83.26211140524912
322,5.366129224843524,1124,611,1353.0,677.0,0.3896731191501625,1.2901911963701507,22.326625117002767,51.59588519994131,0.38967311915016234,False,22.32662511700276,1.2901911963701522,False,73.92251031694414
323,5.382794222436206,1095,628,1307.0,736.0,0.3190695956723733,1.0996300624817865,18.281341202972627,44.722820402940755,0.3190695956723735,False,18.281341202972637,1.0996300624817863,False,63.00416160591337
324,5.399459220028888,1065,643,1247.0,795.0,0.24954715926211393,0.8749781374110849,14.297999015198119,35.83455542467484,0.2495471592621139,False,14.297999015198117,0.8749781374110839,False,50.13255443987291
325,5.41612421762157,1035,654,1173.0,848.0,0.18356405790224434,0.6182963634663426,10.517445788093669,24.90832632681451,0.1835640579022444,False,10.51744578809367,0.6182963634663423,False,35.425772114908156
326,5.432789215214251,1003,663,1085.0,886.0,0.11542666036692471,0.3523668169245701,6.613460482314756,13.575670967922047,0.1154266603669245,False,6.6134604823147445,0.35236681692456884,False,20.18913145023674
327,5.449454212806933,971,669,990.0,907.0,0.04904040332375124,0.07966298504578714,2.8098081360702802,1.754544690467121,0.049040403323751036,False,2.8098081360702687,0.07966298504578617,False,4.5643528265373385
328,5.466119210399614,937,672,894.0,908.0,-0.020322405071005474,-0.18022635585275398,-1.1643880401238758,-9.161821507261822,-0.020322405071005356,False,-1.164388040123869,-0.18022635585275282,False,-10.32620954738564
329,5.482784207992296,902,671,804.0,892.0,-0.09139437109364104,-0.4173843465764492,-5.236511734918081,-18.677849758738088,-0.0913943710936409,False,-5.236511734918074,-0.41738434657644774,False,-23.914361493656088
330,5.499449205584978,865,667,723.0,862.0,-0.16681312328103798,-0.629405856592904,-9.557687931398972,-26.50461125219078,-0.16681312328103814,False,-9.55768793139898,-0.6294058565929035,False,-36.06229918358971
331,5.5161142031776595,827,659,654.0,827.0,-0.2454698222229288,-0.8000598693177746,-14.064384811200444,-31.775669058496234,-0.2454698222229288,False,-14.064384811200444,-0.8000598693177743,False,-45.84005386969665
332,5.532779200770341,789,646,595.0,788.0,-0.32689189726990164,-0.9389419459370044,-18.729526070589444,-35.067884639401626,-0.32689189726990175,False,-18.729526070589447,-0.9389419459370032,False,-53.797410709991
333,5.549444198363023,752,628,544.0,751.0,-0.41053537054985717,-1.0367642485272845,-23.521944073346166,-35.880271717319616,-0.41053537054985734,False,-23.521944073346177,-1.0367642485272839,False,-59.40221579066574
334,5.566109195955705,719,608,503.0,714.0,-0.48947212493323994,-1.1145835250392888,-28.0446869479748,-35.81624495159038,-0.4894721249332399,False,-28.044686947974796,-1.11458352503929,False,-63.86093189956522
335,5.582774193548387,689,585,468.0,679.0,-0.5672083741710721,-1.1686382679808633,-32.49864594447964,-34.4593945883023,-0.5672083741710718,False,-32.498645944479634,-1.1686382679808638,False,-66.95804053278198
336,5.599439191141069,664,560,440.0,648.0,-0.6401241693293517,-1.1964627107873127,-36.676413266889504,-31.87585040600514,-0.6401241693293516,False,-36.676413266889504,-1.196462710787312,False,-68.55226367289461
337,5.61610418873375,643,536,417.0,619.0,-0.7067727061318146,-1.21883157963399,-40.49509313639298,-29.33881231389794,-0.7067727061318148,False,-40.49509313639299,-1.2188315796339886,False,-69.83390545029084
338,5.632769186326432,626,513,399.0,593.0,-0.767051598284328,-1.2319646480076782,-43.94881925045625,-26.63755558970374,-0.7670515982843282,False,-43.94881925045627,-1.2319646480076791,False,-70.58637484016006
339,5.649434183919114,614,492,386.0,570.0,-0.8179448060155703,-1.241171919374154,-46.86478525933901,-24.249127370951708,-0.8179448060155705,False,-46.86478525933902,-1.2411719193741533,False,-71.11391263029067
340,5.666099181511796,604,475,376.0,550.0,-0.8604918016276465,-1.2529983209850046,-49.30254853887261,-22.488966990546565,-0.8604918016276466,False,-49.302548538872614,-1.2529983209850037,False,-71.79151552941913
341,5.682764179104478,598,462,368.0,534.0,-0.8911824680421576,-1.267416408955416,-51.060994194867995,-21.556616923904098,-0.8911824680421576,False,-51.060994194867995,-1.267416408955416,False,-72.61761111877209
342,5.699429176697159,594,453,363.0,522.0,-0.9125047233270961,-1.2805314268658525,-52.28266943239549,-21.08637686088311,-0.9125047233270962,False,-52.282669432395494,-1.2805314268658528,False,-73.3690462932786
343,5.716094174289841,592,449,361.0,513.0,-0.922355877838213,-1.3005194182946131,-52.84709900921375,-21.6671748338765,-0.9223558778382133,False,-52.847099009213764,-1.3005194182946127,False,-74.51427384309021
344,5.732759171882522,592,449,360.0,508.0,-0.922355877838213,-1.3217650009515085,-52.84709900921375,-22.88445705341293,-0.9223558778382133,False,-52.847099009213764,-1.3217650009515083,False,-75.73155606262667
345,5.749424169475204,595,454,361.0,508.0,-0.9093599216294417,-1.3439974787410107,-52.10248556771431,-24.902897640369172,-0.9093599216294415,False,-52.1024855677143,-1.3439974787410094,False,-77.00538320808342
346,5.766089167067886,599,464,365.0,514.0,-0.8863199480647421,-1.3602867646675405,-50.78239232236404,-27.156298220591474,-0.8863199480647421,False,-50.78239232236404,-1.360286764667542,False,-77.9386905429556
347,5.782754164660568,606,478,370.0,524.0,-0.8525895094773112,-1.378294691984917,-48.849780550179034,-30.120688225840482,-0.852589509477311,False,-48.84978055017903,-1.378294691984916,False,-78.97046877601946
348,5.799419162253249,615,494,380.0,539.0,-0.8132547327912077,-1.3815973046949284,-46.59606385797572,-32.56363068769372,-0.8132547327912079,False,-46.59606385797573,-1.3815973046949281,False,-79.15969454566942
349,5.816084159845931,627,515,393.0,559.0,-0.7625014021760643,-1.3849323809729637,-43.68811221749589,-35.66266812325915,-0.7625014021760643,False,-43.68811221749589,-1.3849323809729626,False,-79.350780340755
350,5.832749157438613,644,537,410.0,585.0,-0.7037618212683783,-1.368474698416593,-40.322582141118254,-38.085242448590684,-0.7037618212683783,False,-40.322582141118254,-1.3684746984165912,False,-78.40782458970884
351,5.849414155031295,664,560,432.0,617.0,-0.6401241693293517,-1.3298785550509673,-36.676413266889504,-39.52001520248724,-0.6401241693293516,False,-36.676413266889504,-1.3298785550509677,False,-76.19642846937676
352,5.866079152623977,688,583,461.0,655.0,-0.5712120565306347,-1.2636529671282661,-32.72804004619356,-39.67394173943984,-0.5712120565306344,False,-32.72804004619355,-1.263652967128266,False,-72.40198178563338
353,5.882744150216658,716,605,496.0,697.0,-0.4978618192902285,-1.174714885230589,-28.525381026034967,-38.78082402887267,-0.49786181929022844,False,-28.525381026034964,-1.174714885230589,False,-67.30620505490764
354,5.89940914780934,747,625,541.0,743.0,-0.42238663644732694,-1.0506052808492732,-24.200971591158506,-35.99427693566139,-0.42238663644732677,False,-24.200971591158495,-1.0506052808492718,False,-60.19524852681981
355,5.916074145402022,780,642,595.0,791.0,-0.34685796243938527,-0.8927680854329957,-19.873497338284007,-31.278346041001562,-0.34685796243938505,False,-19.873497338283997,-0.8927680854329942,False,-51.15184337928548
356,5.932739142994704,815,655,662.0,836.0,-0.27105542797100146,-0.7017613914108175,-15.530332036850666,-24.677633916217395,-0.27105542797100135,False,-15.53033203685066,-0.7017613914108161,False,-40.20796595306798
357,5.949404140587386,850,664,740.0,874.0,-0.19779285820005346,-0.4825132950224769,-11.33269599269262,-16.31327937104607,-0.19779285820005343,False,-11.332695992692619,-0.4825132950224784,False,-27.645975363738767
358,5.9660691381800675,884,670,827.0,901.0,-0.12786991855999988,-0.24192056868440487,-7.326406660169546,-6.534620902851614,-0.12786991856000007,False,-7.326406660169558,-0.2419205686844066,False,-13.861027563021247
359,5.982734135772749,918,672,919.0,910.0,-0.05887496962329662,0.004201655946871886,-3.3732872783758228,3.6140244310976355,-0.058874969623296636,False,-3.3732872783758237,0.004201655946872052,False,0.2407371527218122
360,5.99939913336543,952,671,1011.0,903.0,0.010182947409590084,0.2490313258433882,0.5834399095731863,13.685004027800138,0.010182947409590248,False,0.5834399095731957,0.2490313258433865,False,14.268443937373233
361,6.016064130958112,985,667,1096.0,880.0,0.0778709644651654,0.4804058165830436,4.461677610467185,23.06354813327715,0.0778709644651654,False,4.461677610467185,0.48040581658304404,False,27.525225743744357
362,6.032729128550794,1018,659,1171.0,845.0,0.14715401552293317,0.6883587774154488,8.431304027866672,31.008748708823802,0.14715401552293317,False,8.431304027866672,0.6883587774154485,False,39.44005273669045
363,6.049394126143476,1051,648,1235.0,803.0,0.21866894587394195,0.8707361210665053,12.528807709151511,37.36069709755153,0.21866894587394192,False,12.52880770915151,0.870736121066507,False,49.889504806703144
364,6.066059123736157,1083,635,1289.0,759.0,0.29044832366201845,1.0289502939684376,16.64146311248338,42.313046060653456,0.29044832366201856,False,16.641463112483386,1.028950293968439,False,58.95450917313692
365,6.082724121328839,1112,618,1332.0,713.0,0.36027104423850304,1.1631648213372696,20.642010315637197,46.00242482507681,0.3602710442385031,False,20.6420103156372,1.1631648213372685,False,66.64443514071392
366,6.099389118921521,1139,599,1367.0,670.0,0.4296800963223831,1.2689107086494193,24.618856060047236,48.08437212451894,0.42968009632238324,False,24.618856060047246,1.2689107086494182,False,72.70322818456611
367,6.116054116514203,1163,579,1395.0,632.0,0.4961805053476051,1.3462021995782214,28.429048833086146,48.702655573974056,0.49618050534760494,False,28.42904883308614,1.3462021995782223,False,77.13170440706027
368,6.132719114106885,1183,560,1418.0,596.0,0.5557557211123136,1.418786588974394,31.842457259985192,49.44802631800983,0.5557557211123134,False,31.84245725998518,1.4187865889743954,False,81.29048357799512
369,6.1493841116995664,1199,541,1436.0,566.0,0.6094233972062766,1.4656997526629671,34.91738859644441,49.06102126451225,0.6094233972062764,False,34.9173885964444,1.4656997526629674,False,83.97840986095667
370,6.166049109292248,1213,524,1449.0,539.0,0.6582194571138932,1.5073223866180898,37.713196886018366,48.65001423278473,0.6582194571138933,False,37.71319688601837,1.507322386618089,False,86.36321111880305
371,6.18271410688493,1222,509,1459.0,517.0,0.6962312580674133,1.5370538642374747,39.89111265234643,48.17558665273509,0.6962312580674133,False,39.89111265234643,1.5370538642374747,False,88.06669930508153
372,6.199379104477612,1229,498,1466.0,500.0,0.7254700082762404,1.5623577085406521,41.56636963754948,47.95013315156026,0.7254700082762406,False,41.56636963754949,1.5623577085406524,False,89.51650278910975
373,6.216044102070294,1234,490,1471.0,486.0,0.7468912440099933,1.587672361641818,42.79371603704834,48.173209534595976,0.7468912440099933,False,42.79371603704834,1.5876723616418182,False,90.96692557164432
374,6.2327090996629755,1236,487,1472.0,477.0,0.7552059985204856,1.6131438758154724,43.27011637818692,49.15621945341543,0.7552059985204855,False,43.27011637818691,1.6131438758154708,False,92.42633583160227
375,6.249374097255657,1236,487,1472.0,474.0,0.7552059985204856,1.6258254586885539,43.27011637818692,49.882820629588416,0.7552059985204855,False,43.27011637818691,1.6258254586885528,False,93.15293700777525
376,6.266039094848338,1233,492,1469.0,476.0,0.7419472680059175,1.6384893494888653,42.510447078000844,51.36807742484685,0.7419472680059176,False,42.51044707800085,1.6384893494888644,False,93.87852450284765
377,6.28270409244102,1228,500,1465.0,483.0,0.7205971725114555,1.642403641646163,41.2871767139669,52.81562020927511,0.7205971725114555,False,41.2871767139669,1.6424036416461618,False,94.10279692324195
378,6.299369090033702,1221,511,1459.0,497.0,0.6914605763731595,1.6295521495106193,39.617772725865365,53.748687937564455,0.6914605763731596,False,39.61777272586537,1.6295521495106193,False,93.3664606634298
379,6.316034087626384,1211,526,1449.0,516.0,0.6517729789472881,1.6127884340162661,37.343840894348666,55.062129622296624,0.6517729789472879,False,37.34384089434865,1.6127884340162666,False,92.40597051664533
380,6.332699085219065,1198,543,1435.0,540.0,0.6049714335158505,1.5834538786289485,34.66230986643751,56.06291443262174,0.6049714335158507,False,34.662309866437525,1.5834538786289478,False,90.7252242990592
381,6.349364082811747,1181,562,1419.0,572.0,0.5496076031137419,1.5288042195735272,31.490196046718612,56.1038334366361,0.549607603113742,False,31.49019604671862,1.5288042195735265,False,87.59402948335467
382,6.366029080404429,1161,581,1397.0,610.0,0.4902161589126305,1.448527922855778,28.087316954808202,54.90721953167955,0.4902161589126304,False,28.087316954808195,1.448527922855778,False,82.99453648648777
383,6.382694077997111,1137,600,1369.0,654.0,0.42483216291934245,1.3421095011226725,24.341089936692512,52.55612012204502,0.42483216291934234,False,24.341089936692505,1.3421095011226711,False,76.89721005873747
384,6.399359075589793,1111,618,1333.0,702.0,0.3582701698118636,1.2090670852749643,20.5273686556551,48.74707247878436,0.35827016981186377,False,20.52736865565511,1.2090670852749632,False,69.2744411344394
385,6.4160240731824745,1082,634,1288.0,753.0,0.2890301056113928,1.0469578590836397,16.56020520375326,43.42606144979167,0.28903010561139286,False,16.560205203753263,1.0469578590836406,False,59.98626665354498
386,6.432689070775156,1051,648,1230.0,803.0,0.21866894587394195,0.8571311600719476,12.528807709151511,36.58119025212327,0.21866894587394192,False,12.52880770915151,0.8571311600719476,False,49.10999796127478
387,6.449354068367838,1019,658,1160.0,849.0,0.14950369548660722,0.6359191142360691,8.565930772991647,27.869550584432773,0.14950369548660714,False,8.565930772991644,0.6359191142360707,False,36.43548135742452
388,6.46601906596052,987,666,1079.0,885.0,0.08211943387892871,0.3977056192195359,4.705096977266242,18.08175649265015,0.08211943387892884,False,4.705096977266249,0.3977056192195363,False,22.786853469916426
389,6.482684063553202,955,670,990.0,907.0,0.01632508020147584,0.14661956967353545,0.9353581957571454,7.465324340560745,0.016325080201475828,False,0.9353581957571446,0.14661956967353618,False,8.400682536317941
390,6.4993490611458835,923,671,897.0,909.0,-0.04884096424880126,-0.10881220481724505,-2.7983811188056533,-3.4360989767355754,-0.048840964248801466,False,-2.7983811188056653,-0.1088122048172444,False,-6.23448009554119
391,6.516014058738565,891,670,809.0,896.0,-0.11379200714370806,-0.3480602716495644,-6.519801751656986,-13.422582830040001,-0.11379200714370796,False,-6.51980175165698,-0.3480602716495653,False,-19.942384581697034
392,6.532679056331246,857,665,730.0,869.0,-0.18347995714974089,-0.5568348707696853,-10.512627169921346,-21.39166081089424,-0.18347995714974097,False,-10.512627169921352,-0.5568348707696842,False,-31.904287980815514
393,6.549344053923928,823,657,659.0,834.0,-0.2543287843407341,-0.7472934492503273,-14.571965951416963,-28.24479474840057,-0.25432878434073425,False,-14.571965951416974,-0.7472934492503285,False,-42.81676069981759
394,6.56600905151661,789,646,601.0,795.0,-0.32689189726990164,-0.9006126446884143,-18.729526070589444,-32.8717774461719,-0.32689189726990175,False,-18.729526070589447,-0.9006126446884153,False,-51.60130351676139
395,6.582674049109292,756,630,550.0,755.0,-0.4013999927945482,-1.0253946613414127,-22.998525483709265,-35.75226094640004,-0.4013999927945484,False,-22.99852548370928,-1.0253946613414122,False,-58.75078643010927
396,6.5993390467019735,726,612,508.0,717.0,-0.4728639379064912,-1.1219350707729137,-27.09310792597817,-37.1890365170211,-0.4728639379064914,False,-27.09310792597818,-1.1219350707729134,False,-64.28214444299925
397,6.616004044294655,699,592,475.0,681.0,-0.5418460328264589,-1.1926011936410443,-31.04549082686316,-37.285524211032914,-0.5418460328264589,False,-31.04549082686316,-1.192601193641046,False,-68.33101503789618
398,6.632669041887337,675,571,447.0,648.0,-0.6078019961139605,-1.2451036114792646,-34.824489156956794,-36.51469283730168,-0.6078019961139605,False,-34.824489156956794,-1.2451036114792657,False,-71.33918199425852
399,6.649334039480019,655,550,424.0,618.0,-0.6681141339945177,-1.2845105283909855,-38.280120110923825,-35.31691190599896,-0.6681141339945178,False,-38.28012011092383,-1.2845105283909852,False,-73.59703201692277
400,6.665999037072701,638,530,406.0,592.0,-0.7232627733277709,-1.3096574544123287,-41.4399043906084,-33.597940355065056,-0.7232627733277708,False,-41.43990439060839,-1.3096574544123278,False,-75.0378447456734
401,6.6826640346653825,626,513,393.0,570.0,-0.767051598284328,-1.3308732323252317,-43.94881925045625,-32.30460002871341,-0.7670515982843282,False,-43.94881925045627,-1.3308732323252315,False,-76.25341927916965
402,6.699329032258064,616,497,382.0,552.0,-0.8069997410736581,-1.3399438682652896,-46.23767923167084,-30.53544920436382,-0.8069997410736582,False,-46.237679231670846,-1.3399438682652907,False,-76.77312843603472
403,6.715994029850746,610,486,376.0,539.0,-0.8335723704920951,-1.3480586872784857,-47.76017874791245,-29.477894569090864,-0.833572370492095,False,-47.76017874791244,-1.3480586872784848,False,-77.23807331700326
404,6.732659027443428,606,478,371.0,528.0,-0.8525895094773112,-1.3611564809206842,-48.849780550179034,-29.13874106345553,-0.852589509477311,False,-48.84978055017903,-1.361156480920684,False,-77.98852161363456
405,6.74932402503611,604,475,369.0,522.0,-0.8604918016276465,-1.373400766945016,-49.30254853887261,-29.387518987107192,-0.8604918016276466,False,-49.302548538872614,-1.3734007669450143,False,-78.6900675259797
406,6.7659890226287915,604,476,370.0,521.0,-0.8588183794036637,-1.380808038876181,-49.20666850809499,-29.907804437246263,-0.8588183794036635,False,-49.206668508094985,-1.3808080388761823,False,-79.11447294534135
407,6.782654020221473,607,481,371.0,524.0,-0.8461656878617448,-1.3905699709421426,-48.48172268326217,-31.192067769352132,-0.846165687861745,False,-48.48172268326218,-1.390569970942142,False,-79.67379045261426
408,6.799319017814154,612,489,376.0,533.0,-0.8257489204527195,-1.3864719178951976,-47.311928079424774,-32.127061229378846,-0.8257489204527193,False,-47.31192807942476,-1.3864719178951965,False,-79.43898930880356
409,6.815984015406836,619,502,384.0,548.0,-0.7946286704659261,-1.3774957481504624,-45.52886909778945,-33.395823568447824,-0.7946286704659262,False,-45.52886909778946,-1.3774957481504622,False,-78.92469266623726
410,6.832649012999518,629,517,395.0,566.0,-0.7563986617927015,-1.3643772218733408,-43.33845095006515,-34.83460552706158,-0.7563986617927014,False,-43.338450950065145,-1.3643772218733403,False,-78.1730564771267
411,6.8493140105922,642,535,409.0,591.0,-0.7097850201606185,-1.334926723459239,-40.66768601681149,-35.817981196630484,-0.7097850201606186,False,-40.667686016811494,-1.3349267234592403,False,-76.48566721344206
412,6.8659790081848815,659,554,429.0,622.0,-0.6562122885567105,-1.2833331213096146,-37.59819459892044,-35.93137696147097,-0.6562122885567105,False,-37.59819459892044,-1.2833331213096137,False,-73.52957156039136
413,6.882644005777563,679,575,454.0,657.0,-0.5961372294600159,-1.2213118021048206,-34.15614725868083,-35.8198644714422,-0.596137229460016,False,-34.15614725868084,-1.2213118021048217,False,-69.97601173012309
414,6.899309003370245,702,595,486.0,697.0,-0.5333021827293744,-1.1296168463799159,-30.555964275507772,-34.16631348893928,-0.5333021827293742,False,-30.555964275507765,-1.1296168463799177,False,-64.72227776444714
415,6.915974000962927,729,614,527.0,739.0,-0.4654892275449684,-1.0166592754527823,-26.670568147131515,-31.57971753914111,-0.46548922754496846,False,-26.67056814713152,-1.0166592754527812,False,-58.25028568627258
416,6.932638998555609,759,631,576.0,783.0,-0.3949485504289395,-0.8776726885922428,-22.628885064387994,-27.658055785847306,-0.3949485504289396,False,-22.628885064387998,-0.8776726885922415,False,-50.28694085023523
417,6.9493039961482905,790,646,635.0,826.0,-0.32496597739883704,-0.7109093731835666,-18.619178990297062,-22.11292770941213,-0.32496597739883715,False,-18.619178990297065,-0.710909373183565,False,-40.7321066997091
418,6.965968993740972,823,657,704.0,863.0,-0.2543287843407341,-0.523838467711257,-14.571965951416963,-15.441767395038118,-0.25432878434073425,False,-14.571965951416974,-0.5238384677112577,False,-30.01373334645512
419,6.982633991333654,857,665,782.0,890.0,-0.18347995714974089,-0.3217505543966422,-10.512627169921346,-7.922321653000656,-0.18347995714974097,False,-10.512627169921352,-0.3217505543966439,False,-18.43494882292211
420,6.999298988926336,892,670,866.0,907.0,-0.11177704153447879,-0.1092676898773683,-6.4043527263841415,0.14377525926658608,-0.11177704153447898,False,-6.404352726384153,-0.10926768987736679,False,-6.260577467117465
421,7.015963986519018,926,671,950.0,909.0,-0.04274380694653033,0.10050059905462982,-2.449039738358158,8.207299902724907,-0.04274380694653024,False,-2.4490397383581533,0.10050059905463016,False,5.75826016436678
422,7.0326289841117,960,669,1033.0,898.0,0.026578606732862897,0.3085934189238865,1.5228419911310378,16.158258498720205,0.02657860673286283,False,1.522841991131034,0.3085934189238877,False,17.681100489851314
423,7.049293981704381,994,664,1109.0,874.0,0.09680391713163569,0.5010133868035894,5.546455891976891,23.15949665142419,0.0968039171316355,False,5.54645589197688,0.5010133868035886,False,28.705952543401043
424,7.065958979297062,1027,656,1177.0,844.0,0.1665110743918631,0.6734422416549913,9.540381804842637,29.045016387817665,0.1665110743918632,False,9.540381804842642,0.6734422416549926,False,38.58539819266036
425,7.082623976889744,1059,644,1236.0,807.0,0.23684876094692026,0.8265513860388912,13.570434385161485,33.787471585555416,0.2368487609469203,False,13.570434385161489,0.82655138603889,False,47.357905970716835
426,7.099288974482426,1089,630,1285.0,767.0,0.3056661507103368,0.9607555284512624,17.51338037571205,37.53385654840639,0.30566615071033665,False,17.51338037571204,0.9607555284512621,False,55.0472369241184
427,7.115953972075108,1117,613,1327.0,728.0,0.3741192384204721,1.0697829399913072,21.435453396141646,39.85859406045726,0.3741192384204721,False,21.435453396141646,1.0697829399913061,False,61.294047456598854
428,7.1326189696677895,1142,596,1361.0,690.0,0.43833655985795783,1.165353576378236,25.114834886144564,41.65500668080478,0.43833655985795783,False,25.114834886144564,1.1653535763782372,False,66.76984156694942
429,7.149283967260471,1163,577,1388.0,656.0,0.4982872129824641,1.233131996549647,28.549754289231554,42.103504695604016,0.49828721298246403,False,28.54975428923155,1.2331319965496483,False,70.65325898483565
430,7.165948964853153,1182,560,1410.0,624.0,0.5538543924717979,1.2971370057128062,31.733519153416296,42.58695672416446,0.553854392471798,False,31.7335191534163,1.2971370057128055,False,74.3204758775807
431,7.182613962445835,1196,543,1427.0,595.0,0.601234345471156,1.3493788766188746,34.448190493807715,42.865524100558034,0.601234345471156,False,34.448190493807715,1.349378876618875,False,77.31371459436578
432,7.199278960038517,1207,529,1441.0,570.0,0.6402842081252695,1.3973433420081949,36.68558281445396,43.37629321332115,0.6402842081252693,False,36.685582814453944,1.3973433420081953,False,80.06187602777514
433,7.215943957631199,1216,517,1450.0,549.0,0.673654379811607,1.434887224574646,38.59755281370805,43.61542923165949,0.673654379811607,False,38.59755281370805,1.434887224574645,False,82.2129820453675
434,7.23260895522388,1221,509,1457.0,532.0,0.6944392331434164,1.4736455036453482,39.788437187419156,44.64523066988987,0.6944392331434166,False,39.78843718741917,1.473645503645347,False,84.43366785730896
435,7.249273952816562,1224,504,1461.0,520.0,0.7073540081830798,1.5033880624046143,40.52839929055277,45.60939165558206,0.7073540081830796,False,40.528399290552755,1.503388062404614,False,86.13779094613481
436,7.265938950409244,1225,503,1462.0,513.0,0.7106624108256515,1.5286272472184568,40.71795679890206,46.86593291541662,0.7106624108256514,False,40.71795679890205,1.5286272472184557,False,87.58388971431862
437,7.282603948001926,1224,505,1460.0,511.0,0.7058322738100627,1.545378073535821,40.4412103334389,48.10243103222142,0.7058322738100626,False,40.4412103334389,1.5453780735358222,False,88.54364136566039
438,7.299268945594608,1220,511,1457.0,515.0,0.6896652072136377,1.5539202919479753,39.514905650356816,49.518168777998895,0.6896652072136376,False,39.51490565035681,1.5539202919479749,False,89.03307442835568
439,7.315933943187289,1213,521,1450.0,523.0,0.6624627582438701,1.5623577085406521,37.95632013196914,51.560182657140615,0.66246275824387,False,37.956320131969136,1.5623577085406524,False,89.51650278910975
440,7.33259894077997,1204,533,1441.0,536.0,0.6293014219171736,1.5581387749608446,36.05631551743557,53.218460183505194,0.6293014219171735,False,36.056315517435564,1.5581387749608453,False,89.2747757009408
441,7.349263938372652,1192,548,1429.0,557.0,0.5873752510577246,1.5328398816065822,33.65412287604476,54.1711330093452,0.5873752510577246,False,33.65412287604476,1.5328398816065807,False,87.82525588538986
442,7.365928935965334,1177,565,1414.0,582.0,0.538507456711573,1.4991890119436302,30.85420450589701,55.04299857086095,0.5385074567115731,False,30.854204505897016,1.4991890119436313,False,85.89720307675805
443,7.382593933558016,1158,582,1394.0,614.0,0.483349492913615,1.4360250423171654,27.69388597373863,54.58428822613039,0.48334949291361484,False,27.693885973738624,1.4360250423171657,False,82.27817419986904
444,7.3992589311506975,1136,600,1368.0,652.0,0.4228539261329407,1.350302565428225,24.22774531795417,53.13889274677083,0.4228539261329409,False,24.227745317954184,1.3503025654282261,False,77.36663806472507
445,7.415923928743379,1111,617,1336.0,695.0,0.359021422522087,1.2370941502573463,20.570412265298668,50.309861404770174,0.3590214225220869,False,20.57041226529866,1.2370941502573451,False,70.88027367006877
446,7.432588926336061,1084,632,1295.0,741.0,0.2942959675426469,1.0939668071559656,16.86191686791273,45.81776410952613,0.29429596754264686,False,16.861916867912726,1.0939668071559652,False,62.67968097743883
447,7.449253923928743,1055,646,1244.0,788.0,0.22773899193233446,0.9264491945147977,13.04848306828667,40.03314571070588,0.2277389919323345,False,13.048483068286671,0.9264491945147988,False,53.08162877899263
448,7.465918921521425,1025,656,1182.0,834.0,0.16242203113842016,0.7227935143402592,9.306096884173913,32.106920946951476,0.16242203113842013,False,9.306096884173911,0.7227935143402604,False,41.413017831125465
449,7.482583919114107,994,664,1109.0,872.0,0.09680391713163569,0.5050551888870511,5.546455891976891,23.391074852433736,0.0968039171316355,False,5.54645589197688,0.5050551888870523,False,28.93753074441069
450,7.499248916706788,964,669,1025.0,899.0,0.03475083081315579,0.25924884628266204,1.9910759401670013,12.862788795465372,0.034750830813155886,False,1.9910759401670068,0.259248846282663,False,14.85386473563243
451,7.51591391429947,934,671,938.0,910.0,-0.026470394237239202,0.01673483927434091,-1.5166418718412222,2.4754775330907366,-0.02647039423723907,False,-1.5166418718412147,0.01673483927434205,False,0.9588356612495726
452,7.532578911892152,903,671,851.0,905.0,-0.08937430480521746,-0.21866894587394195,-5.120770462254754,-7.408037246896762,-0.08937430480521735,False,-5.120770462254748,-0.2186689458739437,False,-12.52880770915161
453,7.549243909484834,872,668,769.0,885.0,-0.15249534009959287,-0.44316630201901835,-8.737339383118774,-16.65421934499095,-0.15249534009959298,False,-8.737339383118782,-0.4431663020190193,False,-25.39155872810978
454,7.565908907077516,841,662,696.0,855.0,-0.2164711472148361,-0.6443296090179702,-12.402883121765234,-24.514484090278923,-0.21647114721483618,False,-12.402883121765239,-0.6443296090179693,False,-36.91736721204411
455,7.582573904670197,809,652,634.0,818.0,-0.28444483304685253,-0.8117849994903502,-16.297488437887974,-30.214365904938784,-0.28444483304685253,False,-16.297488437887974,-0.8117849994903494,False,-46.51185434282671
456,7.599238902262878,777,640,581.0,780.0,-0.3539974368318961,-0.9505468408120752,-20.282559088916607,-34.17976311910901,-0.3539974368318961,False,-20.282559088916607,-0.9505468408120734,False,-54.46232220802552
457,7.61590389985556,747,625,537.0,742.0,-0.42238663644732694,-1.0624857017840694,-24.200971591158506,-36.67497491406407,-0.42238663644732677,False,-24.200971591158495,-1.0624857017840696,False,-60.87594650522259
458,7.632568897448242,720,608,500.0,707.0,-0.48765038522724286,-1.1479424006619559,-27.940308951449765,-37.831945730596075,-0.4876503852272429,False,-27.94030895144977,-1.1479424006619574,False,-65.77225468204593
459,7.649233895040924,695,589,470.0,674.0,-0.5522004618144148,-1.209592571301215,-31.638755907140947,-37.66579335879578,-0.5522004618144147,False,-31.63875590714094,-1.209592571301215,False,-69.30454926593673
460,7.665898892633606,674,570,446.0,645.0,-0.6107259643892086,-1.2529983209850046,-34.99202019855866,-36.79949533086052,-0.6107259643892085,False,-34.992020198558656,-1.2529983209850037,False,-71.79151552941913
461,7.682563890226287,656,552,426.0,619.0,-0.6638286769666948,-1.2873361631410276,-38.03458150994489,-35.724347452600796,-0.6638286769666948,False,-38.03458150994489,-1.2873361631410276,False,-73.7589289625457
462,7.699228887818969,642,535,410.0,598.0,-0.7097850201606185,-1.3056387682685937,-40.66768601681149,-34.13990497363823,-0.7097850201606186,False,-40.667686016811494,-1.3056387682685937,False,-74.80759099044973
463,7.715893885411651,631,520,398.0,580.0,-0.748829107483907,-1.3187613291734601,-42.90474743537616,-32.654710911325786,-0.7488291074839069,False,-42.90474743537615,-1.3187613291734586,False,-75.55945834670186
464,7.732558883004333,623,508,390.0,565.0,-0.7792632710395724,-1.3308732323252317,-44.648496560126645,-31.604922719043,-0.7792632710395724,False,-44.648496560126645,-1.3308732323252315,False,-76.25341927916965
465,7.749223880597015,618,500,384.0,556.0,-0.7992647630043072,-1.33589796738708,-45.79449763367078,-30.746817757714208,-0.7992647630043073,False,-45.79449763367079,-1.3358979673870799,False,-76.54131539138497
466,7.765888878189696,615,495,382.0,550.0,-0.811667235200651,-1.3389881280311573,-46.50510694604963,-30.21326160825841,-0.8116672352006509,False,-46.50510694604962,-1.3389881280311577,False,-76.71836855430806
467,7.782553875782378,614,495,380.0,548.0,-0.8131687999908693,-1.3480586872784857,-46.59114027119459,-30.646933045808726,-0.8131687999908692,False,-46.59114027119458,-1.3480586872784848,False,-77.23807331700326
468,7.79921887337506,616,497,383.0,552.0,-0.8069997410736581,-1.3389881280311573,-46.23767923167084,-30.480689322637186,-0.8069997410736582,False,-46.237679231670846,-1.3389881280311577,False,-76.71836855430806
469,7.815883870967742,620,504,387.0,560.0,-0.7900064257075687,-1.334926723459239,-45.26403398125911,-31.22163323218287,-0.7900064257075687,False,-45.26403398125911,-1.3349267234592403,False,-76.48566721344206
470,7.832548868560424,627,514,395.0,572.0,-0.7639947045333298,-1.3258176636680326,-43.77367214010414,-32.19008439196938,-0.7639947045333297,False,-43.77367214010414,-1.3258176636680332,False,-75.96375653207356
471,7.8492138661531055,636,527,405.0,591.0,-0.7307414087946764,-1.3005194182946131,-41.86839863937894,-32.6458752037113,-0.7307414087946764,False,-41.86839863937894,-1.3005194182946127,False,-74.51427384309021
472,7.865878863745786,648,543,420.0,614.0,-0.6890209412704655,-1.2689107086494193,-39.477991930929036,-33.225236253637135,-0.6890209412704653,False,-39.47799193092902,-1.2689107086494182,False,-72.70322818456611
473,7.882543861338468,664,560,439.0,642.0,-0.6401241693293517,-1.2213118021048206,-36.676413266889504,-33.299598463233515,-0.6401241693293516,False,-36.676413266889504,-1.2213118021048217,False,-69.97601173012309
474,7.89920885893115,682,578,464.0,675.0,-0.5874225572089082,-1.1521464653264586,-33.65683331885259,-32.35629652526933,-0.5874225572089085,False,-33.656833318852605,-1.1521464653264601,False,-66.013129844122
475,7.915873856523832,704,597,495.0,711.0,-0.5276270211631517,-1.0714496051147666,-30.230801469708364,-31.158738864326413,-0.527627021163152,False,-30.230801469708375,-1.0714496051147648,False,-61.389540334034685
476,7.932538854116514,730,614,534.0,751.0,-0.4636476090008061,-0.9607555284512624,-26.56505117707799,-28.482185747040436,-0.46364760900080615,False,-26.565051177077994,-0.9607555284512621,False,-55.0472369241184
477,7.949203851709195,758,631,581.0,791.0,-0.3968361066241155,-0.8358005431067935,-22.73703406796535,-25.150809566795942,-0.3968361066241153,False,-22.737034067965336,-0.8358005431067923,False,-47.88784363476123
478,7.965868849301877,788,645,637.0,829.0,-0.32947240863790356,-0.6872074879560368,-18.877378480961482,-20.49671022870678,-0.3294724086379035,False,-18.87737848096148,-0.6872074879560373,False,-39.374088709668285
479,7.982533846894559,819,656,702.0,863.0,-0.2626933453127091,-0.5144513130590278,-15.051219992590978,-14.424669010654764,-0.26269334531270916,False,-15.051219992590982,-0.5144513130590269,False,-29.475889003245694
480,7.999198844487241,853,664,774.0,889.0,-0.19182680277691236,-0.33766433024524956,-10.990866196605499,-8.355874818558936,-0.19182680277691233,False,-10.990866196605497,-0.33766433024525,False,-19.346741015164458
481,8.015863842079922,886,669,851.0,905.0,-0.12410329558404244,-0.14723191804075808,-7.110595060630179,-1.325172452721311,-0.12410329558404243,False,-7.110595060630178,-0.14723191804075952,False,-8.435767513351566
482,8.032528839672604,919,671,931.0,910.0,-0.056964779854728795,0.05016707685413893,-3.263841466567815,6.138203240818414,-0.05696477985472859,False,-3.263841466567803,0.05016707685413735,False,2.874361774250509
483,8.049193837265285,953,670,1009.0,903.0,0.012244286024331762,0.23586960333565749,0.701545912345228,12.812786874212797,0.012244286024331696,False,0.7015459123452242,0.23586960333565798,False,13.514332786558047
484,8.065858834857968,985,666,1083.0,885.0,0.0780305438461546,0.42076346927687347,4.470820835495177,19.63715012735216,0.07803054384615482,False,4.470820835495189,0.42076346927687425,False,24.107970962847375
485,8.082523832450649,1018,658,1150.0,858.0,0.14745743042710632,0.583373006993856,8.44868842131716,24.976122761286636,0.14745743042710613,False,8.448688421317149,0.5833730069938561,False,33.42481118260381
486,8.099188830043332,1049,648,1209.0,827.0,0.21459288149122355,0.729409542196857,12.295266422998148,29.49682188145129,0.21459288149122369,False,12.295266422998157,0.7294095421968585,False,41.79208830444952
487,8.115853827636013,1078,636,1261.0,792.0,0.2797472549829465,0.8648764080056549,16.02833704089292,33.525430938265714,0.2797472549829463,False,16.02833704089291,0.8648764080056566,False,49.55376797915873
488,8.132518825228695,1106,621,1303.0,755.0,0.3460372761128569,0.9734808376604899,19.826475475469838,35.94986795933627,0.34603727611285695,False,19.82647547546984,0.9734808376604889,False,55.77634343480606
489,8.149183822821376,1130,605,1339.0,719.0,0.4065943953095567,1.0714496051147666,23.296142824911396,38.09339750912339,0.40659439530955677,False,23.2961428249114,1.0714496051147648,False,61.389540334034685
490,8.165848820414059,1151,589,1369.0,686.0,0.4626691357318596,1.1521464653264586,26.508988788400984,39.50414105572092,0.4626691357318595,False,26.50898878840098,1.1521464653264601,False,66.013129844122
491,8.18251381800674,1168,572,1392.0,654.0,0.5133578657700254,1.219876329384468,29.413239088465886,40.48052611317479,0.5133578657700255,False,29.413239088465893,1.2198763293844692,False,69.89376520164073
492,8.199178815599423,1184,558,1411.0,626.0,0.5600248311277889,1.2797437360136907,32.087059246148954,41.236855685739684,0.5600248311277891,False,32.08705924614897,1.2797437360136925,False,73.32391493188875
493,8.215843813192103,1195,544,1425.0,603.0,0.5980778293717074,1.3196890376417834,34.267335443344216,41.3452766832112,0.5980778293717073,False,34.26733544334421,1.3196890376417834,False,75.61261212655542
494,8.232508810784786,1204,533,1436.0,582.0,0.6293014219171736,1.3626484931539147,36.05631551743557,42.017692100145,0.6293014219171735,False,36.056315517435564,1.362648493153916,False,78.07400761758063
495,8.249173808377467,1210,525,1444.0,566.0,0.6513386615415188,1.3973433420081949,37.31895634002901,42.7429196877461,0.6513386615415189,False,37.31895634002902,1.3973433420081953,False,80.06187602777514
496,8.265838805970148,1214,520,1448.0,554.0,0.6657093958882708,1.4265069322571542,38.1423387666016,43.59048789788776,0.6657093958882707,False,38.14233876660159,1.4265069322571549,False,81.73282666448941
497,8.28250380356283,1215,519,1450.0,548.0,0.6689585708194203,1.4480128343593874,38.32850277705617,44.636521312512684,0.6689585708194201,False,38.32850277705616,1.448012834359389,False,82.96502408956894
498,8.299168801155512,1213,521,1449.0,546.0,0.6624627582438701,1.4652577207593702,37.95632013196914,45.99676316650129,0.66246275824387,False,37.956320131969136,1.4652577207593716,False,83.9530832984705
499,8.315833798748194,1210,526,1446.0,549.0,0.649943725589731,1.4736455036453482,37.23903239730051,47.194635460008506,0.6499437255897309,False,37.239032397300505,1.473645503645347,False,84.43366785730896
500,8.332498796340875,1203,534,1439.0,557.0,0.6261035968613708,1.4736455036453482,35.873093638116885,48.560574219192134,0.6261035968613706,False,35.87309363811687,1.473645503645347,False,84.43366785730896
501,8.349163793933558,1194,545,1430.0,572.0,0.5949250857942533,1.4568848167836885,34.08669654246912,49.38665469592642,0.5949250857942534,False,34.08669654246913,1.4568848167836883,False,83.47335123839554
502,8.365828791526239,1182,558,1418.0,590.0,0.5562178004365333,1.4360250423171654,31.868932455063238,50.409241744805804,0.5562178004365332,False,31.868932455063234,1.4360250423171657,False,82.27817419986904
503,8.382493789118922,1168,574,1401.0,614.0,0.5111836246477447,1.4007798157852047,29.288664248515413,50.97010722308973,0.5111836246477446,False,29.288664248515406,1.4007798157852065,False,80.25877147160527
504,8.399158786711602,1150,590,1381.0,644.0,0.4597375605009623,1.341153884509762,26.34102190034548,50.501435359639736,0.45973756050096215,False,26.34102190034547,1.3411538845097617,False,76.84245725998518
505,8.415823784304285,1128,606,1355.0,680.0,0.40177122903843776,1.2556681921409223,23.019795753686427,48.924692124810555,0.40177122903843765,False,23.01979575368642,1.2556681921409236,False,71.94448787849704
506,8.432488781896966,1104,621,1321.0,718.0,0.3420180491088637,1.1504361610785447,19.596190731236018,46.31894589779715,0.3420180491088636,False,19.59619073123601,1.1504361610785452,False,65.91513662903319
507,8.449153779489649,1078,635,1280.0,760.0,0.280330407591555,1.0166592754527823,16.061749224178232,42.188536462094426,0.2803304075915549,False,16.06174922417823,1.0166592754527812,False,58.25028568627258
508,8.46581877708233,1050,648,1229.0,802.0,0.21663182782268647,0.8603326658299877,12.412089442444657,36.88134128685265,0.21663182782268642,False,12.412089442444653,0.8603326658299864,False,49.293430729297235
509,8.482483774675012,1020,658,1169.0,842.0,0.15154869990887535,0.6806775479424769,8.683100895473201,30.31684981094448,0.15154869990887532,False,8.6831008954732,0.6806775479424765,False,38.99995070641766
510,8.499148772267693,990,664,1099.0,876.0,0.08861032793160892,0.47490416918385475,5.076997811751385,22.133006755650303,0.08861032793160906,False,5.076997811751393,0.4749041691838549,False,27.210004567401697
511,8.515813769860376,961,669,1021.0,900.0,0.028622038362950776,0.2541247495556341,1.6399219992586114,12.920353620098275,0.028622038362950963,False,1.639921999258622,0.2541247495556327,False,14.560275619356796
512,8.532478767453057,931,671,939.0,910.0,-0.03257503100915501,0.033460310449650164,-1.8664117943323648,3.7835463642947995,-0.03257503100915482,False,-1.8664117943323542,0.03346031044965159,False,1.9171345699625217
513,8.549143765045738,901,670,856.0,905.0,-0.09360321939283793,-0.18919902209996817,-5.363069420046713,-5.477236034283862,-0.093603219392838,False,-5.363069420046718,-0.18919902209996664,False,-10.840305454330478
514,8.56580876263842,871,667,778.0,889.0,-0.15480881909979383,-0.39670866289121387,-8.869891965822434,-13.859840114122253,-0.15480881909979383,False,-8.869891965822434,-0.3967086628912142,False,-22.72973207994471
515,8.582473760231101,841,661,708.0,862.0,-0.21690722120458833,-0.5845503733034975,-12.427868320933468,-21.06440098215369,-0.21690722120458839,False,-12.42786832093347,-0.5845503733034967,False,-33.492269303087106
516,8.599138757823784,811,653,646.0,829.0,-0.27997423181884584,-0.7531512809621944,-16.04134185563719,-27.111047878368225,-0.27997423181884606,False,-16.041341855637203,-0.753151280962193,False,-43.152389734005325
517,8.615803755416465,781,641,594.0,794.0,-0.3456323913965238,-0.8850668158886104,-19.8032772900346,-30.90731584746506,-0.3456323913965238,False,-19.8032772900346,-0.8850668158886101,False,-50.710593137499636
518,8.632468753009148,753,628,550.0,758.0,-0.40865723379265767,-1.0012036108936881,-23.41433476381025,-33.95040657365637,-0.4086572337926575,False,-23.41433476381024,-1.0012036108936897,False,-57.36474133746671
519,8.649133750601829,726,612,514.0,724.0,-0.4728639379064912,-1.0847643974548002,-27.09310792597817,-35.05931381423367,-0.4728639379064914,False,-27.09310792597818,-1.0847643974548014,False,-62.1524217402119
520,8.665798748194511,703,595,484.0,693.0,-0.531513430084459,-1.1500328575180232,-30.453476298361256,-35.438552738791415,-0.5315134300844591,False,-30.453476298361263,-1.150032857518024,False,-65.89202903715272
521,8.682463745787192,683,578,458.0,665.0,-0.585679727353805,-1.2018367805890402,-33.55697652374578,-35.30319866759656,-0.585679727353805,False,-33.55697652374578,-1.2018367805890406,False,-68.86017519134236
522,8.699128743379875,666,562,438.0,640.0,-0.6342225897452057,-1.241171919374154,-36.338277664257376,-34.775634966033344,-0.6342225897452058,False,-36.33827766425738,-1.2411719193741533,False,-71.11391263029067
523,8.715793740972556,652,547,423.0,620.0,-0.6770626627616713,-1.2622029078710102,-38.79283304213313,-33.526066468015635,-0.6770626627616712,False,-38.792833042133125,-1.2622029078710106,False,-72.31889951014878
524,8.732458738565239,642,534,411.0,601.0,-0.7111796556221401,-1.2884989734952939,-40.74759274271596,-33.0779603455033,-0.7111796556221401,False,-40.74759274271596,-1.2884989734952939,False,-73.82555308821927
525,8.74912373615792,634,523,402.0,588.0,-0.7396982970654855,-1.2976277516072299,-42.381590534866525,-31.96700301127807,-0.7396982970654857,False,-42.38159053486654,-1.29762775160723,False,-74.34859354614461
526,8.765788733750602,629,516,398.0,578.0,-0.7578821741119939,-1.3085779924735028,-43.42344994481627,-31.55254618761745,-0.7578821741119937,False,-43.423449944816255,-1.3085779924735021,False,-74.97599613243368
527,8.782453731343283,626,512,394.0,571.0,-0.7685544272488781,-1.3217650009515085,-44.03492500745499,-31.696631055171682,-0.768554427248878,False,-44.03492500745498,-1.3217650009515083,False,-75.73155606262667
528,8.799118728935964,626,512,393.0,570.0,-0.7685544272488781,-1.326827764334597,-44.03492500745499,-31.986706029696023,-0.768554427248878,False,-44.03492500745498,-1.3268277643345954,False,-76.02163103715093
529,8.815783726528647,628,516,396.0,574.0,-0.7594497903292249,-1.3258176636680326,-43.51326773795987,-32.45048879411365,-0.7594497903292248,False,-43.513267737959865,-1.3258176636680332,False,-75.96375653207356
530,8.832448724121328,633,522,401.0,582.0,-0.7427411286488879,-1.3177206746302943,-42.555931942364595,-32.94390129108285,-0.7427411286488876,False,-42.55593194236458,-1.3177206746302943,False,-75.49983323344743
531,8.84911372171401,640,531,409.0,596.0,-0.7186282647040465,-1.2965035152647124,-41.17436660635201,-33.10981294219113,-0.7186282647040465,False,-41.17436660635201,-1.296503515264714,False,-74.28417954854321
532,8.865778719306691,650,544,422.0,615.0,-0.684381600984253,-1.2689107086494193,-39.212177312804045,-33.491050871762134,-0.6843816009842532,False,-39.21217731280405,-1.2689107086494182,False,-72.70322818456611
533,8.882443716899374,662,558,437.0,638.0,-0.6460359576099627,-1.2291808361470895,-37.01513378474342,-33.4117403848464,-0.6460359576099628,False,-37.015133784743426,-1.2291808361470906,False,-70.42687416958988
534,8.899108714492055,678,573,458.0,667.0,-0.6002326285766729,-1.1670022349097644,-34.39079634348689,-32.47350639917728,-0.600232628576673,False,-34.3907963434869,-1.1670022349097628,False,-66.86430274266408
535,8.915773712084738,696,590,484.0,700.0,-0.5493382791234857,-1.0921685650267206,-31.47476491875531,-31.10188437413518,-0.5493382791234858,False,-31.474764918755316,-1.0921685650267214,False,-62.576649292890544
536,8.932438709677418,718,606,518.0,735.0,-0.49324118698667146,-0.9979440791220989,-28.26063829635934,-28.917345627406437,-0.4932411869866713,False,-28.26063829635933,-0.9979440791220995,False,-57.177983923765794
537,8.949103707270101,743,622,558.0,772.0,-0.43240777557053783,-0.8894981015070477,-24.77514056883192,-26.189346532421197,-0.432407775570538,False,-24.77514056883193,-0.8894981015070478,False,-50.96448710125313
538,8.965768704862782,769,636,605.0,809.0,-0.37216059212929825,-0.7586982783921826,-21.323231230098433,-22.146978045615217,-0.3721605921292981,False,-21.323231230098422,-0.7586982783921812,False,-43.470209275713565
539,8.982433702455465,799,648,662.0,844.0,-0.30628786933705676,-0.6100407983436342,-17.54900222906777,-17.403760846813825,-0.30628786933705676,False,-17.54900222906777,-0.6100407983436327,False,-34.95276307588149
540,8.999098700048146,829,658,726.0,872.0,-0.24202300670904145,-0.44858283537036436,-13.866896829494483,-11.835006399239228,-0.24202300670904142,False,-13.86689682949448,-0.44858283537036314,False,-25.701903228733634
541,9.015763697640828,861,665,796.0,895.0,-0.17549543767913806,-0.2754261036960354,-10.055147902815774,-5.725605406699614,-0.175495437679138,False,-10.05514790281577,-0.2754261036960344,False,-15.780753309515333
542,9.03242869523351,893,669,871.0,908.0,-0.10998382060228361,-0.09179153515222487,-6.301608735234843,1.0423411759856183,-0.10998382060228362,False,-6.3016087352348436,-0.09179153515222538,False,-5.259267559249251
543,9.049093692826192,925,671,946.0,908.0,-0.04477656849917141,0.0883767861448488,-2.5655083960809524,7.629125249111026,-0.04477656849917144,False,-2.5655083960809546,0.088376786144849,False,5.063616853030098
544,9.065758690418873,957,669,1020.0,900.0,0.020447047761312603,0.2662520491509254,1.1715295402256305,14.083589162832142,0.020447047761312565,False,1.1715295402256283,0.2662520491509248,False,15.255118703057747
545,9.082423688011554,989,665,1089.0,882.0,0.08638243514087432,0.4318231512583066,4.949348957634669,19.792295105505673,0.0863824351408744,False,4.949348957634674,0.43182315125830684,False,24.741644063140345
546,9.099088685604237,1020,657,1152.0,857.0,0.15186155480684735,0.583373006993856,8.701026160726993,24.723785021876814,0.15186155480684738,False,8.701026160726995,0.5833730069938561,False,33.42481118260381
547,9.115753683196917,1049,647,1207.0,827.0,0.21503837412422597,0.7204010902378455,12.320791270673357,28.95515075657835,0.2150383741242261,False,12.320791270673366,0.7204010902378464,False,41.275942027251766
548,9.1324186807896,1077,635,1256.0,795.0,0.27829965900511133,0.8413867845980396,15.945395900922854,32.26251579462772,0.27829965900511144,False,15.945395900922861,0.8413867845980398,False,48.20791169555058
549,9.149083678382281,1103,622,1297.0,761.0,0.3392926144540447,0.9490855656709769,19.44003482817619,34.93856248155713,0.33929261445404446,False,19.44003482817618,0.9490855656709769,False,54.37859730973331
550,9.165748675974964,1126,607,1331.0,729.0,0.3969509435551679,1.0339713473479513,22.743613739446886,36.49858060104599,0.3969509435551677,False,22.743613739446875,1.0339713473479506,False,59.24219434049284
551,9.182413673567645,1146,592,1360.0,698.0,0.4499632237633739,1.1108940186339262,25.780993657741995,37.86854509630939,0.44996322376337394,False,25.780993657742,1.1108940186339247,False,63.649538754051314
552,9.199078671160327,1163,577,1382.0,669.0,0.4982872129824641,1.1730907075753607,28.549754289231554,38.66339224085205,0.49828721298246403,False,28.54975428923155,1.173090707575362,False,67.21314653008368
553,9.215743668753008,1177,564,1400.0,644.0,0.5396532168956647,1.2263527394005975,30.919851728779598,39.34498443318153,0.5396532168956645,False,30.919851728779584,1.2263527394005962,False,70.26483616196107
554,9.232408666345691,1187,552,1414.0,622.0,0.5729661428887062,1.2716783918832588,32.82854179141253,40.03326296148176,0.5729661428887063,False,32.82854179141253,1.2716783918832597,False,72.86180475289434
555,9.249073663938372,1195,543,1425.0,604.0,0.5993585822503019,1.3115474805122347,34.340717177886916,40.805418086480714,0.5993585822503018,False,34.34071717788691,1.3115474805122354,False,75.14613526436767
556,9.265738661531055,1201,536,1432.0,591.0,0.6197178539223275,1.3370531459259951,35.50721751865424,41.10028472759467,0.6197178539223276,False,35.507217518654244,1.3370531459259958,False,76.60750224624894
557,9.282403659123736,1204,532,1436.0,582.0,0.6306518848254808,1.3585258310788055,36.13369134247054,41.704105137847634,0.6306518848254807,False,36.133691342470534,1.3585258310788042,False,77.83779648031809
558,9.299068656716418,1204,532,1437.0,578.0,0.6306518848254808,1.3758780533719766,36.13369134247054,42.69831424041914,0.6306518848254807,False,36.133691342470534,1.3758780533719772,False,78.83200558288972
559,9.3157336543091,1202,535,1435.0,577.0,0.6229090541802449,1.3924539705442618,35.69005982501396,44.09167585340609,0.6229090541802451,False,35.690059825013975,1.3924539705442633,False,79.78173567842013
560,9.33239865190178,1197,540,1431.0,581.0,0.6069876640464079,1.3973433420081949,34.77783136636388,45.28404466141125,0.6069876640464078,False,34.77783136636387,1.3973433420081953,False,80.06187602777514
561,9.349063649494463,1190,549,1424.0,592.0,0.5823529461439831,1.3890631299681213,33.36636600105956,46.221088823345916,0.5823529461439829,False,33.366366001059546,1.3890631299681218,False,79.58745482440551
562,9.365728647087144,1180,560,1413.0,607.0,0.550038287875927,1.371750603426336,31.514872465892417,47.08064765496057,0.5500382878759269,False,31.51487246589241,1.3717506034263351,False,78.59552012085292
563,9.382393644679826,1167,573,1399.0,626.0,0.5103333432275865,1.3462021995782214,29.23994671174196,47.89175769531826,0.5103333432275865,False,29.23994671174196,1.3462021995782223,False,77.13170440706027
564,9.399058642272507,1152,587,1381.0,651.0,0.4665916633016297,1.2982736110342539,26.733733063172522,47.65186550229929,0.4665916633016298,False,26.733733063172526,1.2982736110342543,False,74.38559856547184
565,9.41572363986519,1133,602,1357.0,681.0,0.4151419967604226,1.2317372480675732,23.785884313005912,46.78746147032455,0.41514199676042285,False,23.785884313005923,1.2317372480675743,False,70.57334578333052
566,9.432388637457871,1111,616,1327.0,714.0,0.3597756950578168,1.1448666702609547,20.613628898198613,44.98239941294978,0.3597756950578166,False,20.613628898198602,1.144866670260953,False,65.59602831114827
567,9.449053635050554,1087,630,1291.0,751.0,0.30161904626623964,1.0354382438957448,17.281498371816642,42.04474294984711,0.3016190462662398,False,17.281498371816653,1.0354382438957437,False,59.32624132166369
568,9.465718632643235,1061,642,1248.0,789.0,0.24192056868440487,0.9045909619113205,13.86102756302115,37.968216740176906,0.2419205686844048,False,13.861027563021146,0.904590961911321,False,51.8292443031981
569,9.482383630235917,1033,653,1194.0,827.0,0.17985349979247828,0.7466116550131146,10.304846468766033,32.47285029876287,0.1798534997924781,False,10.304846468766023,0.7466116550131154,False,42.777696767528944
570,9.499048627828598,1005,661,1132.0,861.0,0.12000274348138555,0.5657580297420903,6.875650731474444,25.539896598384225,0.12000274348138573,False,6.875650731474454,0.5657580297420921,False,32.41554732985878
571,9.51571362542128,976,666,1063.0,888.0,0.059600111503172334,0.3734971461064775,3.4148348476408836,17.984975284441333,0.059600111503172126,False,3.4148348476408716,0.37349714610647666,False,21.39981013208218
572,9.532378623013962,946,670,987.0,905.0,-0.002040813493251108,0.17272951082565158,-0.11692999993663881,10.013601967605727,-0.002040813493251026,False,-0.1169299999366341,0.17272951082565058,False,9.896671967669041
573,9.549043620606644,917,670,909.0,909.0,-0.06114816264930121,-0.033460310449650164,-3.503531644784458,1.58639707482202,-0.06114816264930134,False,-3.5035316447844655,-0.03346031044965159,False,-1.9171345699625217
574,9.565708618199325,889,669,832.0,902.0,-0.11805784856471346,-0.23992309446966495,-6.764216461152685,-6.9823642596776665,-0.11805784856471346,False,-6.764216461152685,-0.2399230944696633,False,-13.74658072083025
575,9.582373615792008,860,665,761.0,883.0,-0.17749372925885132,-0.42628183119802276,-10.169641576569873,-14.254508234185023,-0.1774937292588512,False,-10.169641576569868,-0.4262818311980219,False,-24.424149810754837
576,9.599038613384689,831,658,695.0,856.0,-0.23807541972924604,-0.601858529694696,-13.64071675629141,-20.843236859163795,-0.23807541972924584,False,-13.640716756291399,-0.6018585296946952,False,-34.483953615455164
577,9.61570361097737,802,649,639.0,826.0,-0.2998468415082125,-0.7442449407560053,-17.179958518748684,-25.462135510534406,-0.2998468415082125,False,-17.179958518748684,-0.7442449407560048,False,-42.642094029283065
578,9.632368608570053,775,638,590.0,792.0,-0.3592491391335814,-0.8765899654416449,-20.583459466062315,-29.641445917262633,-0.35924913913358125,False,-20.583459466062305,-0.8765899654416458,False,-50.22490538332499
579,9.649033606162734,749,625,549.0,759.0,-0.41864125680126674,-0.9804895798595247,-23.986377144765054,-32.191537637740986,-0.4186412568012665,False,-23.98637714476504,-0.9804895798595261,False,-56.17791478250613
580,9.665698603755416,725,610,515.0,727.0,-0.47658588884881886,-1.0624857017840694,-27.306360006528283,-33.5695864986943,-0.47658588884881903,False,-27.306360006528294,-1.0624857017840696,False,-60.87594650522259
581,9.682363601348097,704,595,486.0,699.0,-0.5297209070493656,-1.1256651198620995,-30.350772293770426,-34.14508821941581,-0.5297209070493656,False,-30.350772293770426,-1.1256651198620986,False,-64.49586051318619
582,9.69902859894078,686,580,464.0,673.0,-0.5781306826692739,-1.1740876639036828,-33.12444812396648,-34.14581979608884,-0.5781306826692738,False,-33.124448123966474,-1.1740876639036841,False,-67.27026792005539
583,9.71569359653346,671,566,446.0,652.0,-0.6207394418475843,-1.2057089281011195,-35.56575019517298,-33.516282706263596,-0.6207394418475842,False,-35.565750195172974,-1.2057089281011208,False,-69.08203290143665
584,9.732358594126143,659,553,431.0,631.0,-0.6575069840741903,-1.241171919374154,-37.67237518782654,-33.44153744246417,-0.6575069840741903,False,-37.67237518782654,-1.2411719193741533,False,-71.11391263029067
585,9.749023591718824,649,542,420.0,617.0,-0.6887307023757184,-1.2542950680147809,-39.46136246720949,-32.404451194111985,-0.6887307023757185,False,-39.46136246720949,-1.2542950680147804,False,-71.86581366132145
586,9.765688589311507,642,534,414.0,605.0,-0.7111796556221401,-1.2689107086494193,-40.74759274271596,-31.9556354418502,-0.7111796556221401,False,-40.74759274271596,-1.2689107086494182,False,-72.70322818456611
587,9.782353586904188,639,529,408.0,597.0,-0.723074113185155,-1.2845105283909855,-41.42909496067417,-32.16793705624859,-0.723074113185155,False,-41.42909496067417,-1.2845105283909852,False,-73.59703201692277
588,9.79901858449687,637,528,407.0,594.0,-0.7277114778367312,-1.2913485626685244,-41.694796383272646,-32.29402613791889,-0.7277114778367313,False,-41.69479638327265,-1.2913485626685244,False,-73.98882252119154
589,9.815683582089552,638,529,409.0,594.0,-0.7246826068641672,-1.294227768195608,-41.52125485985504,-32.632533986389134,-0.7246826068641674,False,-41.521254859855055,-1.2942277681956078,False,-74.15378884624417
590,9.832348579682234,642,533,412.0,600.0,-0.7125788207144205,-1.2873361631410276,-40.827758997345654,-32.931169965200034,-0.7125788207144206,False,-40.82775899734566,-1.2873361631410276,False,-73.7589289625457
591,9.849013577274915,647,540,419.0,612.0,-0.6947382761967031,-1.2649174553900444,-39.80557109226519,-32.66886053401195,-0.6947382761967029,False,-39.80557109226518,-1.2649174553900444,False,-72.47443162627712
592,9.865678574867596,656,550,430.0,628.0,-0.6664465073583825,-1.2384641567771786,-38.18457214286968,-32.77419711869095,-0.6664465073583825,False,-38.18457214286968,-1.2384641567771801,False,-70.95876926156073
593,9.882343572460279,667,562,443.0,648.0,-0.6325218202501238,-1.204220936950718,-36.240830750264585,-32.75594653830117,-0.6325218202501239,False,-36.24083075026459,-1.204220936950719,False,-68.99677728856581
594,9.89900857005296,681,575,463.0,674.0,-0.5926618592902264,-1.1445144955968738,-33.95702321570623,-31.61882697353889,-0.5926618592902262,False,-33.95702321570622,-1.144514495596873,False,-65.57585018924506
595,9.915673567645642,697,590,487.0,703.0,-0.5475622359399975,-1.0771389680920471,-31.37300514010846,-30.342511680642495,-0.5475622359399974,False,-31.373005140108454,-1.0771389680920471,False,-61.71551682075095
596,9.932338565238323,717,605,517.0,735.0,-0.4960436783661781,-0.9944211062037129,-28.421209224526862,-28.55492321967649,-0.49604367836617813,False,-28.421209224526866,-0.9944211062037134,False,-56.97613244420338
597,9.949003562831006,739,619,554.0,769.0,-0.4424721373992265,-0.8894981015070477,-25.351786025108346,-25.612701076144774,-0.44247213739922664,False,-25.351786025108357,-0.8894981015070478,False,-50.96448710125313
598,9.965668560423687,764,633,598.0,804.0,-0.3839271163353227,-0.7705624566784743,-21.997403406642157,-22.152573212266752,-0.3839271163353226,False,-21.99740340664215,-0.7705624566784728,False,-44.14997661890882
599,9.98233355801637,791,645,650.0,836.0,-0.3236847879612712,-0.6359191142360691,-18.5457722427678,-17.889709114656632,-0.3236847879612714,False,-18.54577224276781,-0.6359191142360707,False,-36.43548135742452
600,9.99899855560905,820,655,708.0,865.0,-0.2612574420925327,-0.4899573262537283,-14.968948798285627,-13.10353813756733,-0.2612574420925329,False,-14.968948798285636,-0.4899573262537267,False,-28.072486935852865
601,10.015663553201733,850,663,772.0,888.0,-0.1981917380255974,-0.3337021765375503,-11.355550123229202,-7.764176206701958,-0.19819173802559753,False,-11.355550123229209,-0.33370217653754963,False,-19.119726329931115
602,10.032328550794414,880,668,843.0,903.0,-0.1364420412428247,-0.15616481407278227,-7.817553111363768,-1.1300316434518614,-0.13644204124282489,False,-7.81755311136378,-0.15616481407278116,False,-8.947584754815564
603,10.048993548387097,911,670,914.0,908.0,-0.07333762440914525,0.012604374487651676,-4.201936358159631,4.924113819704438,-0.07333762440914526,False,-4.201936358159632,0.012604374487651171,False,0.7221774615447815
604,10.065658545979778,942,670,985.0,905.0,-0.010203727493954234,0.18097667416105903,-0.5846305207051778,10.953830140448165,-0.010203727493954151,False,-0.5846305207051731,0.18097667416105878,False,10.369199619742966
605,10.08232354357246,973,667,1053.0,893.0,0.05333745310486183,0.34021811164468324,3.0560109528855315,16.437050958265463,0.05333745310486204,False,3.056010952885544,0.34021811164468474,False,19.49306191115108
606,10.098988541165141,1003,661,1116.0,872.0,0.11590232700762652,0.4916776489606526,6.640714173282136,21.5303399930781,0.11590232700762648,False,6.6407141732821335,0.49167764896065336,False,28.171054166360285
607,10.115653538757824,1032,653,1173.0,848.0,0.1778062292486788,0.6260465224935314,10.18754650708487,25.682277010636437,0.17780622924867862,False,10.187546507084859,0.6260465224935317,False,35.86982351772132
608,10.132318536350505,1060,643,1223.0,818.0,0.2393807572240271,0.7499101102337746,13.715507085582546,29.251177245003074,0.23938075722402719,False,13.71550708558255,0.749910110233774,False,42.96668433058557
609,10.148983533943186,1085,631,1266.0,787.0,0.2969400863952199,0.8594465026179657,17.013413718696135,32.22924359859257,0.29694008639522007,False,17.013413718696146,0.859446502617967,False,49.24265731728877
610,10.165648531535869,1108,618,1303.0,757.0,0.35224956882813424,0.9515177142934359,20.182413629155096,34.33553553179366,0.3522495688281344,False,20.182413629155104,0.9515177142934377,False,54.51794916094887
611,10.18231352912855,1129,605,1333.0,728.0,0.40460777606835163,1.0282170026689061,23.18231792689086,35.73017674962916,0.40460777606835174,False,23.182317926890867,1.0282170026689066,False,58.91249467652005
612,10.198978526721232,1146,591,1358.0,700.0,0.4509156819189738,1.0958921576110419,25.835565490220684,36.95442994237764,0.4509156819189739,False,25.83556549022069,1.0958921576110434,False,62.7899954325984
613,10.215643524313913,1161,579,1379.0,675.0,0.49229589546076385,1.1559820436738364,28.206477081515352,38.026415213903064,0.4922958954607637,False,28.20647708151534,1.1559820436738377,False,66.23289229541851
614,10.232308521906596,1173,567,1394.0,653.0,0.5285562986942396,1.19968669737435,30.284045150236032,38.452939347302646,0.5285562986942396,False,30.284045150236032,1.19968669737435,False,68.73698449753869
615,10.248973519499277,1182,558,1406.0,635.0,0.5562178004365333,1.2397002500907646,31.868932455063238,39.16065973645023,0.5562178004365332,False,31.868932455063234,1.2397002500907632,False,71.02959219151339
616,10.26563851709196,1188,551,1415.0,621.0,0.5760909412469986,1.2716783918832588,33.00757954917209,39.854225203722216,0.5760909412469983,False,33.00757954917208,1.2716783918832597,False,72.86180475289434
617,10.28230351468464,1192,547,1420.0,611.0,0.5886311389770549,1.2971370057128062,33.72607995336386,40.5943959242169,0.5886311389770551,False,33.726079953363865,1.2971370057128055,False,74.3204758775807
618,10.298968512277323,1193,546,1423.0,605.0,0.5917761705415029,1.3196890376417834,33.90627698844215,41.70633513811326,0.591776170541503,False,33.90627698844216,1.3196890376417834,False,75.61261212655542
619,10.315633509870004,1192,547,1422.0,604.0,0.5886311389770549,1.3278647437154307,33.72607995336386,42.35496562575103,0.5886311389770551,False,33.726079953363865,1.3278647437154305,False,76.08104557911487
620,10.332298507462687,1188,551,1419.0,606.0,0.5760909412469986,1.3370531459259951,33.00757954917209,43.599922697076806,0.5760909412469983,False,33.00757954917208,1.3370531459259958,False,76.60750224624894
621,10.348963505055368,1182,558,1412.0,615.0,0.5562178004365333,1.3278647437154307,31.868932455063238,44.21211312405164,0.5562178004365332,False,31.868932455063234,1.3278647437154305,False,76.08104557911487
622,10.36562850264805,1173,568,1402.0,627.0,0.5274332173504117,1.3186382998403725,30.219697329184815,45.33271195597491,0.5274332173504117,False,30.219697329184815,1.318638299840373,False,75.55240928515974
623,10.382293500240731,1161,579,1389.0,644.0,0.49229589546076385,1.2930760420007403,28.206477081515352,45.88132271460823,0.4922958954607637,False,28.20647708151534,1.2930760420007417,False,74.08779979612368
624,10.398958497833412,1146,591,1372.0,666.0,0.4509156819189738,1.2503737928658778,25.835565490220684,45.805575654759124,0.4509156819189739,False,25.83556549022069,1.2503737928658794,False,71.64114114497988
625,10.415623495426095,1129,604,1349.0,693.0,0.4054609381872018,1.1863776065766947,23.231200515541413,44.743229250135194,0.40546093818720186,False,23.231200515541417,1.1863776065766949,False,67.97442976567663
626,10.432288493018776,1109,618,1321.0,723.0,0.3542594226786661,1.110929418117079,20.297569772228687,43.353997222804324,0.35425942267866617,False,20.29756977222869,1.1109294181170775,False,63.651566995032915
627,10.448953490611459,1086,630,1287.0,756.0,0.2995916567210352,1.0108565296805083,17.165337507447482,40.75247533648648,0.29959165672103527,False,17.165337507447486,1.0108565296805097,False,57.91781284393404
628,10.46561848820414,1062,642,1247.0,792.0,0.24395981477843556,0.8894981015070477,13.977867757597647,36.98661934365548,0.24395981477843565,False,13.977867757597652,0.8894981015070478,False,50.96448710125313
629,10.482283485796822,1035,652,1197.0,826.0,0.184324408899699,0.7496990507181244,10.561010691196383,32.393580819916394,0.18432440889969914,False,10.56101069119639,0.7496990507181245,False,42.95459151111278
630,10.498948483389503,1008,660,1139.0,857.0,0.12640574788823597,0.5868302711420823,7.24251586019064,26.380381966768418,0.1264057478882359,False,7.242515860190635,0.5868302711420839,False,33.622897826959154
631,10.515613480982186,980,666,1076.0,884.0,0.06779716766339008,0.41481428312106017,3.884491570053073,19.882616134528504,0.06779716766338995,False,3.884491570053065,0.4148142831210606,False,23.767107704581594
632,10.532278478574867,952,669,1005.0,901.0,0.010224592559571838,0.22459412721667524,0.58582600090433,12.282469592035463,0.010224592559571644,False,0.5858260009043189,0.22459412721667604,False,12.868295592939832
633,10.54894347616755,924,670,931.0,909.0,-0.04690434841176336,0.02928033234577806,-2.687421204805186,4.365060670958662,-0.0469043484117635,False,-2.687421204805194,0.029280332345777538,False,1.6776394661534424
634,10.56560847376023,896,669,857.0,905.0,-0.10391877869129129,-0.16377410783361504,-5.954107431165023,-3.429457741221557,-0.10391877869129118,False,-5.954107431165017,-0.16377410783361412,False,-9.383565172386524
635,10.582273471352913,868,666,787.0,891.0,-0.16114202105844966,-0.34555558058171215,-9.2327577088574,-10.566118645667533,-0.16114202105844955,False,-9.232757708857394,-0.34555558058171343,False,-19.798876354525003
636,10.598938468945594,840,661,722.0,869.0,-0.21888906473457354,-0.5160340910978656,-12.541419590856929,-17.025155913920212,-0.2188890647345736,False,-12.541419590856933,-0.5160340910978647,False,-29.56657550477709
637,10.615603466538277,813,653,665.0,842.0,-0.2760644014816898,-0.6643314288295015,-15.817325078705936,-22.24606199112011,-0.27606440148169,False,-15.817325078705945,-0.6643314288295024,False,-38.063387069826106
638,10.632268464130957,787,643,615.0,811.0,-0.33272493626743715,-0.7971623265472071,-19.06373458688345,-26.61030231110107,-0.33272493626743715,False,-19.06373458688345,-0.7971623265472054,False,-45.674036897984415
639,10.64893346172364,762,632,573.0,780.0,-0.38849099829824885,-0.9064648979653952,-22.258894581313704,-29.677718348860257,-0.38849099829824896,False,-22.25889458131371,-0.906464897965396,False,-51.93661293017399
640,10.665598459316321,739,619,537.0,750.0,-0.4424721373992265,-0.995465855954191,-25.351786025108346,-31.68420617044476,-0.44247213739922664,False,-25.351786025108357,-0.9954658559541905,False,-57.035992195553064
641,10.682263456909002,718,605,508.0,722.0,-0.494221952526135,-1.0624857017840694,-28.31683202246247,-32.5591144827601,-0.4942219525261349,False,-28.316832022462464,-1.0624857017840696,False,-60.87594650522259
642,10.698928454501685,699,591,483.0,697.0,-0.5429203882328204,-1.1145835250392888,-31.10704685734473,-32.75388504222043,-0.5429203882328206,False,-31.107046857344745,-1.11458352503929,False,-63.86093189956522
643,10.715593452094366,684,578,464.0,675.0,-0.5839328585746794,-1.1555280696863057,-33.45688831533871,-32.74999318658548,-0.5839328585746792,False,-33.4568883153387,-1.155528069686305,False,-66.20688150192416
644,10.732258449687048,671,567,448.0,656.0,-0.6195158103991286,-1.191063344733282,-35.495641277496986,-32.74726150845549,-0.6195158103991285,False,-35.49564127749698,-1.1910633447332835,False,-68.24290278595257
645,10.74892344727973,661,556,437.0,641.0,-0.6502749255932068,-1.2081175181410788,-37.25800875967439,-31.962026185629096,-0.650274925593207,False,-37.258008759674404,-1.20811751814108,False,-69.22003494530355
646,10.765588444872412,654,548,429.0,630.0,-0.672416909223101,-1.2213118021048206,-38.526650971715085,-31.449360758407938,-0.6724169092231009,False,-38.526650971715085,-1.2213118021048217,False,-69.97601173012309
647,10.782253442465093,650,543,423.0,621.0,-0.6857295109062863,-1.2398233724737917,-39.28940686250036,-31.747239721924142,-0.6857295109062864,False,-39.289406862500364,-1.2398233724737935,False,-71.03664658442462
648,10.798918440057776,648,541,421.0,617.0,-0.6917336416984944,-1.2477247692036484,-39.63341821653842,-31.85594505276535,-0.6917336416984945,False,-39.63341821653843,-1.24772476920365,False,-71.48936326930385
649,10.815583437650456,648,542,422.0,619.0,-0.6903750641798222,-1.2424233526555866,-39.55557745857715,-31.630037017081854,-0.6903750641798223,False,-39.555577458577154,-1.2424233526555852,False,-71.18561447565894
650,10.83224843524314,652,546,425.0,623.0,-0.6783954110046497,-1.2437687765262002,-38.86919389160927,-32.393507693492054,-0.67839541100465,False,-38.869193891609285,-1.243768776526199,False,-71.26270158510127
651,10.84891343283582,657,551,432.0,633.0,-0.6634644716249327,-1.2213118021048206,-38.01371408098581,-31.962297649137213,-0.6634644716249327,False,-38.01371408098581,-1.2213118021048217,False,-69.97601173012309
652,10.865578430428503,665,560,442.0,648.0,-0.6384293010557998,-1.1949374762518046,-36.57930446798436,-31.88556970325808,-0.6384293010557998,False,-36.57930446798436,-1.1949374762518055,False,-68.46487417124249
653,10.882243428021184,675,570,457.0,667.0,-0.6090030164042272,-1.1521464653264586,-34.89330255069866,-31.11982729342327,-0.6090030164042273,False,-34.893302550698664,-1.1521464653264601,False,-66.013129844122
654,10.898908425613866,688,582,475.0,691.0,-0.5723426308960454,-1.0978031954866005,-32.79281718575728,-30.106672651600192,-0.5723426308960455,False,-32.792817185757286,-1.0978031954866019,False,-62.89948983735755
655,10.915573423206547,704,595,499.0,718.0,-0.5297209070493656,-1.0303768265243125,-30.350772293770426,-28.685471174156056,-0.5297209070493656,False,-30.350772293770426,-1.0303768265243107,False,-59.03624346792638
656,10.932238420799228,723,609,528.0,747.0,-0.4812058783526166,-0.9549263748553701,-27.571065906490634,-27.142185118449664,-0.4812058783526165,False,-27.57106590649063,-0.9549263748553685,False,-54.71325102494019
657,10.948903418391911,744,622,564.0,779.0,-0.43054103448789377,-0.8535417492649328,-24.668184183352732,-24.236155687741448,-0.4305410344878937,False,-24.668184183352732,-0.8535417492649344,False,-48.90433987109428
658,10.965568415984592,768,634,606.0,810.0,-0.3755596899113,-0.7440017078479142,-21.517985187159415,-21.11017262305138,-0.37555968991130007,False,-21.517985187159415,-0.7440017078479144,False,-42.628157810210794
659,10.982233413577275,793,646,655.0,840.0,-0.3191732405156712,-0.6182963634663426,-18.28727961506189,-17.138492499846297,-0.3191732405156711,False,-18.287279615061884,-0.6182963634663423,False,-35.425772114908156
660,10.998898411169955,821,655,711.0,866.0,-0.2592916047145987,-0.48056328863045333,-14.856314613320945,-12.677933614131238,-0.25929160471459856,False,-14.856314613320937,-0.48056328863045294,False,-27.534248227452174
661,11.015563408762638,849,662,772.0,888.0,-0.20058534169494707,-0.32837297413931005,-11.492693511309966,-7.321692013031039,-0.20058534169494724,False,-11.492693511309975,-0.32837297413930955,False,-18.814385524340963
662,11.032228406355319,879,667,838.0,902.0,-0.13873341833675065,-0.17272951082565158,-7.948839348118677,-1.9478326195504325,-0.1387334183367508,False,-7.948839348118685,-0.17272951082565058,False,-9.896671967669041
663,11.048893403948002,909,669,906.0,908.0,-0.07755375193923174,-0.012551642069567633,-4.443502671522502,3.7243465549774357,-0.07755375193923175,False,-4.443502671522503,-0.012551642069567492,False,-0.7191561165450674
664,11.065558401540683,938,670,973.0,906.0,-0.018365281890837627,0.14723191804075808,-1.0522531419130363,9.488020655264519,-0.018365281890837526,False,-1.0522531419130305,0.14723191804075952,False,8.435767513351566
665,11.082223399133365,968,667,1039.0,896.0,0.043094452704790676,0.3006455090926114,2.469130260410641,14.756588540158022,0.04309445270479051,False,2.469130260410631,0.300645509092611,False,17.225718800568625
666,11.098888396726046,996,662,1099.0,878.0,0.10131169886640574,0.44495819655390045,5.8047327603453756,19.68949396194566,0.10131169886640556,False,5.804732760345366,0.4449581965539018,False,25.494226722291103
667,11.115553394318729,1024,655,1154.0,856.0,0.16070729903360897,0.5740985169942165,9.207849971572648,23.68557207691553,0.16070729903360892,False,9.207849971572644,0.5740985169942157,False,32.89342204848813
668,11.13221839191141,1051,646,1204.0,830.0,0.2195776234975388,0.6936681856474233,12.580871101921586,27.163388318173023,0.21957762349753862,False,12.580871101921577,0.6936681856474216,False,39.74425942009452
669,11.148883389504093,1075,635,1247.0,801.0,0.27423109674075413,0.8031477784539459,15.712284454488998,30.304693576230182,0.27423109674075397,False,15.712284454488987,0.8031477784539476,False,46.01697803071927
670,11.165548387096774,1098,624,1283.0,773.0,0.3278192593947458,0.8927680854329957,18.7826600064233,32.36918337286225,0.327819259394746,False,18.782660006423306,0.8927680854329942,False,51.15184337928548
671,11.182213384689456,1118,611,1315.0,745.0,0.3777030204192251,0.9734808376604899,21.64078897936515,34.13555445544097,0.3777030204192249,False,21.64078897936514,0.9734808376604889,False,55.77634343480606
672,11.198878382282137,1135,599,1340.0,719.0,0.42176178995079805,1.0412067280128203,24.165170524063864,35.49158059169657,0.42176178995079816,False,24.16517052406387,1.0412067280128205,False,59.65675111576044
673,11.215543379874818,1149,588,1361.0,696.0,0.4597183561377334,1.0996300624817865,26.339921571384227,36.66424003452915,0.45971835613773315,False,26.339921571384213,1.0996300624817863,False,63.00416160591337
674,11.2322083774675,1161,578,1378.0,674.0,0.4933418486077156,1.154283591607591,28.266405782404114,37.86917237791317,0.4933418486077157,False,28.266405782404117,1.1542835916075909,False,66.1355781603173
675,11.248873375060182,1170,569,1390.0,657.0,0.5205292392289872,1.1902899496825317,29.824128520976533,38.37446199267166,0.5205292392289871,False,29.824128520976526,1.1902899496825299,False,68.19859051364809
676,11.265538372652864,1176,563,1400.0,644.0,0.5388822224654206,1.223818721575242,30.875677001898516,39.24397063345884,0.5388822224654204,False,30.875677001898506,1.2238187215752419,False,70.11964763535734
677,11.282203370245545,1180,559,1405.0,633.0,0.5512132214028147,1.2530510914335045,31.582191198191502,40.212347855209714,0.5512132214028149,False,31.582191198191513,1.2530510914335053,False,71.79453905340128
678,11.298868367838228,1181,558,1408.0,628.0,0.5543074962015512,1.2716783918832588,31.759480084812793,41.10232466808151,0.5543074962015511,False,31.759480084812786,1.2716783918832597,False,72.86180475289434
679,11.315533365430909,1180,559,1407.0,627.0,0.5512132214028147,1.2797437360136907,31.582191198191502,41.74172373369714,0.5512132214028149,False,31.582191198191513,1.2797437360136925,False,73.32391493188875
680,11.332198363023592,1176,563,1403.0,630.0,0.5388822224654206,1.2837911419237478,30.875677001898516,42.6801372066127,0.5388822224654204,False,30.875677001898506,1.2837911419237464,False,73.55581420851115
681,11.348863360616273,1170,569,1397.0,638.0,0.5205292392289872,1.2757061207728524,29.824128520976533,43.26844809831438,0.5205292392289871,False,29.824128520976526,1.2757061207728526,False,73.09257661929094
682,11.365528358208955,1161,578,1387.0,650.0,0.4933418486077156,1.2623783156924,28.266405782404114,44.06254385560388,0.4933418486077157,False,28.266405782404117,1.2623783156923984,False,72.3289496380079
683,11.382193355801636,1150,587,1373.0,666.0,0.4626643251485764,1.2303313799353668,26.508713162281865,43.98408231052124,0.46266432514857625,False,26.508713162281854,1.2303313799353681,False,70.49279547280317
684,11.398858353394319,1135,598,1356.0,687.0,0.4226549607555423,1.1879516842635818,24.216345441560016,43.848272332200956,0.4226549607555423,False,24.216345441560016,1.1879516842635809,False,68.06461777376092
685,11.415523350987,1118,610,1333.0,713.0,0.3784999592590434,1.1240326667257083,21.686450211416794,42.71587762680132,0.37849995925904345,False,21.686450211416794,1.1240326667257072,False,64.40232783821807
686,11.432188348579682,1099,622,1304.0,741.0,0.33122253092702914,1.0448475963935648,18.97765310176015,40.88770440597957,0.3312225309270289,False,18.97765310176014,1.0448475963935664,False,59.86535750773981
687,11.448853346172363,1077,634,1270.0,772.0,0.27888139250551586,0.9500568849473122,15.978726775297405,38.45552302952962,0.2788813925055158,False,15.978726775297403,0.9500568849473119,False,54.434249804827004
688,11.465518343765044,1054,644,1229.0,804.0,0.22664144210524095,0.8301443948520639,12.985598095388898,34.57817211607611,0.22664144210524118,False,12.98559809538891,0.8301443948520628,False,47.56377021146494
689,11.482183341357727,1028,653,1182.0,835.0,0.16960222796346738,0.702256931509007,9.717491858322353,30.518866450951464,0.16960222796346747,False,9.717491858322358,0.7022569315090053,False,40.23635830927372
690,11.498848338950408,1002,660,1126.0,863.0,0.1140857791681595,0.5483501198704639,6.536633648797067,24.881513915273292,0.11408577916815954,False,6.5366336487970695,0.548350119870463,False,31.41814756407031
691,11.51551333654309,975,665,1064.0,886.0,0.057667946921019626,0.3828446425313149,3.3041299717588752,18.631252254480174,0.05766794692101973,False,3.304129971758881,0.3828446425313139,False,21.93538222623898
692,11.532178334135772,948,669,997.0,902.0,0.002044986924353997,0.20727991668300638,0.11716911992492297,11.759095283834675,0.002044986924353953,False,0.11716911992492046,0.2072799166830066,False,11.87626440375962
693,11.548843331728454,921,669,927.0,908.0,-0.05311971498863897,0.025099330520065605,-3.0435354777868326,4.481621185190492,-0.0531197149886391,False,-3.04353547778684,0.025099330520067298,False,1.4380857074037539
694,11.565508329321135,895,668,858.0,905.0,-0.10615680151263623,-0.15486802523009655,-6.082336693282049,-2.790947533928043,-0.10615680151263618,False,-6.082336693282047,-0.15486802523009757,False,-8.87328422721014
695,11.582173326913818,868,665,791.0,892.0,-0.16146853343985165,-0.3270275502686965,-9.251465490270501,-9.48583292462819,-0.16146853343985157,False,-9.251465490270496,-0.3270275502686957,False,-18.737298414898632
696,11.598838324506499,842,660,729.0,872.0,-0.21535769969773805,-0.4897124682762516,-12.339087278326195,-15.719370328837234,-0.215357699697738,False,-12.339087278326192,-0.48971246827625237,False,-28.058457607163476
697,11.615503322099181,815,653,674.0,847.0,-0.2721458905311873,-0.6284897260326391,-15.592810939266347,-20.416997829737262,-0.27214589053118754,False,-15.592810939266359,-0.6284897260326403,False,-36.009808769003676
698,11.632168319691862,790,644,626.0,819.0,-0.3262695681796003,-0.7529611668960438,-18.693869240246958,-24.447627760141945,-0.3262695681796002,False,-18.69386924024695,-0.7529611668960428,False,-43.141497000388846
699,11.648833317284545,767,634,584.0,790.0,-0.377464561398954,-0.8648764080056549,-21.627126283916795,-27.926641695241845,-0.3774645613989538,False,-21.62712628391678,-0.8648764080056566,False,-49.55376797915873
700,11.665498314877226,744,622,549.0,763.0,-0.43054103448789377,-0.9447498043013652,-24.668184183352732,-29.46199229892597,-0.4305410344878937,False,-24.668184183352732,-0.9447498043013667,False,-54.13017648227878
701,11.682163312469909,725,610,520.0,736.0,-0.47658588884881886,-1.0196858582337704,-27.306360006528283,-31.11733609944195,-0.47658588884881903,False,-27.306360006528294,-1.0196858582337711,False,-58.42369610597027
702,11.69882831006259,707,598,497.0,713.0,-0.521204783494682,-1.0697829399913072,-29.86283435627511,-31.43121310032382,-0.521204783494682,False,-29.86283435627511,-1.0697829399913061,False,-61.294047456598854
703,11.715493307655272,692,586,477.0,693.0,-0.5608102336955696,-1.1090109130344556,-32.132059498501526,-31.40958525232276,-0.5608102336955696,False,-32.132059498501526,-1.1090109130344565,False,-63.54164475082434
704,11.732158305247953,680,575,462.0,675.0,-0.5944015854327934,-1.140718191739034,-34.056702181183894,-31.301635819257772,-0.5944015854327933,False,-34.056702181183894,-1.1407181917390332,False,-65.3583380004416
705,11.748823302840634,671,566,450.0,662.0,-0.6207394418475843,-1.1609999476843136,-35.56575019517298,-30.95464682204757,-0.6207394418475842,False,-35.565750195172974,-1.1609999476843136,False,-66.52039701722055
706,11.765488300433317,664,559,442.0,652.0,-0.6413869470383029,-1.1740876639036828,-36.74876510007561,-30.521502819979688,-0.6413869470383027,False,-36.7487651000756,-1.1740876639036841,False,-67.27026792005539
707,11.782153298025998,660,555,437.0,644.0,-0.6532424355526958,-1.191063344733282,-37.428034556016144,-30.814868229936323,-0.6532424355526958,False,-37.428034556016144,-1.1910633447332835,False,-68.24290278595257
708,11.79881829561868,658,553,435.0,642.0,-0.6591844349317851,-1.191063344733282,-37.76848604230732,-30.474416743645154,-0.659184434931785,False,-37.768486042307316,-1.1910633447332835,False,-68.24290278595257
709,11.815483293211361,659,554,437.0,643.0,-0.6562122885567105,-1.189513552323006,-37.59819459892044,-30.555911622801837,-0.6562122885567105,False,-37.59819459892044,-1.1895135523230067,False,-68.1541062217223
710,11.832148290804044,663,558,440.0,648.0,-0.6443471322800989,-1.1872011564167917,-36.91837122100743,-31.10324447472542,-0.6443471322800987,False,-36.91837122100742,-1.1872011564167906,False,-68.02161569573279
711,11.848813288396725,668,563,448.0,658.0,-0.6295720814498633,-1.1631648213372696,-36.07182316634368,-30.572611974370307,-0.6295720814498633,False,-36.07182316634368,-1.1631648213372685,False,-66.64443514071392
712,11.865478285989408,676,571,460.0,673.0,-0.6060764370193487,-1.1296168463799159,-34.72562190353513,-29.996655860911925,-0.6060764370193485,False,-34.72562190353512,-1.1296168463799177,False,-64.72227776444714
713,11.882143283582089,687,581,475.0,692.0,-0.5752348702082944,-1.088459305347185,-32.95853029169096,-29.405594076444082,-0.5752348702082943,False,-32.95853029169096,-1.088459305347186,False,-62.364124368135116
714,11.898808281174771,700,592,494.0,714.0,-0.5400624849340924,-1.0361074228188574,-30.9433010600711,-28.421281389626106,-0.5400624849340923,False,-30.943301060071093,-1.0361074228188585,False,-59.364582449697274
715,11.915473278767452,716,604,519.0,739.0,-0.49885085395217715,-0.9700185762352215,-28.582048537956773,-26.995921929610514,-0.498850853952177,False,-28.582048537956766,-0.9700185762352227,False,-55.577970467567354
716,11.932138276360135,734,616,549.0,767.0,-0.454431280095121,-0.8862453657259783,-26.03699442817781,-24.741124640948843,-0.4544312800951209,False,-26.036994428177803,-0.8862453657259799,False,-50.77811906912675
717,11.948803273952816,755,628,585.0,795.0,-0.40489178628508343,-0.7943000054057279,-23.19859051364819,-22.311447463318483,-0.4048917862850834,False,-23.198590513648185,-0.7943000054057272,False,-45.51003797696664
718,11.965468271545499,779,639,627.0,824.0,-0.35086853590368106,-0.6877865165269237,-20.103286271215318,-19.303978331782258,-0.35086853590368117,False,-20.103286271215325,-0.6877865165269235,False,-39.40726460299756
719,11.98213326913818,804,649,675.0,850.0,-0.2959498292952176,-0.5705827629957897,-16.95667616623314,-15.735308016338927,-0.2959498292952176,False,-16.95667616623314,-0.5705827629957909,False,-32.69198418257214
720,11.99879826673086,831,658,730.0,873.0,-0.23807541972924604,-0.439170389325224,-13.64071675629141,-11.521893039161153,-0.23807541972924584,False,-13.640716756291399,-0.43917038932522345,False,-25.162609795452525
721,12.015463264323543,858,664,789.0,892.0,-0.18185277012036438,-0.29386933503246765,-10.419396220659642,-6.418076405016752,-0.1818527701203645,False,-10.41939622065965,-0.29386933503246837,False,-16.837472625676426
722,12.032128261916224,886,668,852.0,904.0,-0.12435499454676144,-0.1430832936681563,-7.125016348901798,-1.073052497114505,-0.12435499454676124,False,-7.125016348901787,-0.14308329366815542,False,-8.198068846016241
723,12.048793259508907,915,669,916.0,908.0,-0.06534650020549478,0.004184076002074724,-3.7440786677256175,3.9838085638064715,-0.0653465002054947,False,-3.7440786677256135,0.004184076002076154,False,0.23972989608093428
724,12.065458257101588,943,669,980.0,905.0,-0.0081797766624548,0.15551373812965635,-0.4686666801182667,9.378947531250272,-0.008179776662454952,False,-0.46866668011827534,0.15551373812965608,False,8.910280851131997
725,12.08212325469427,971,666,1042.0,894.0,0.04934263225296999,0.3018856181454772,2.827124578161273,14.469647237272554,0.0493426322529702,False,2.827124578161285,0.30188561814547654,False,17.29677181543379
726,12.098788252286951,998,661,1100.0,877.0,0.10563443236308112,0.4411794804149806,6.052407145664704,19.22531508988825,0.10563443236308112,False,6.052407145664704,0.4411794804149807,False,25.277722235552954
727,12.115453249879634,1024,654,1152.0,856.0,0.161040518396468,0.5648049094433026,9.226942034716508,23.13399552465339,0.16104051839646782,False,9.226942034716497,0.5648049094433034,False,32.360937559369944
728,12.132118247472315,1049,646,1199.0,832.0,0.21548569150556338,0.6786624907483126,12.346420668726836,26.53807576498775,0.21548569150556318,False,12.346420668726825,0.6786624907483123,False,38.884496433714574
729,12.148783245064998,1072,636,1240.0,805.0,0.2675505088181495,0.7824308130563733,15.329514961857683,29.500468387262014,0.26755050881814935,False,15.329514961857672,0.7824308130563722,False,44.82998334911964
730,12.165448242657678,1092,626,1276.0,779.0,0.3143332932538261,0.8771281411474733,18.009971063892266,32.245769516013105,0.3143332932538261,False,18.009971063892266,0.8771281411474732,False,50.25574057990537
731,12.182113240250361,1111,615,1305.0,753.0,0.3605330048005516,0.9524999633285539,20.657019550241458,33.91720833485036,0.3605330048005517,False,20.65701955024146,0.9524999633285525,False,54.57422788509174
732,12.198778237843042,1127,604,1330.0,729.0,0.40147104706212555,1.0188665435038249,23.002596593357843,35.37415623649361,0.40147104706212566,False,23.002596593357847,1.018866543503826,False,58.37675282985151
733,12.215443235435725,1140,594,1350.0,707.0,0.43623038692072674,1.0771389680920471,24.99416006591655,36.7213567548344,0.4362303869207267,False,24.994160065916546,1.0771389680920471,False,61.71551682075095
734,12.232108233028406,1151,585,1365.0,688.0,0.46660618025016615,1.1222134914245323,26.734564823055067,37.563531948211235,0.466606180250166,False,26.734564823055056,1.1222134914245316,False,64.29809677126626
735,12.248773230621088,1159,578,1377.0,673.0,0.4894355417980816,1.1598306229354012,28.04259088872887,38.4108087554988,0.48943554179808135,False,28.042590888728856,1.1598306229354023,False,66.45339964422773
736,12.26543822821377,1165,573,1386.0,661.0,0.5064501362100118,1.1918512286637482,29.017455338659346,39.270589871255034,0.5064501362100118,False,29.017455338659346,1.1918512286637473,False,68.28804520991433
737,12.28210322580645,1168,570,1390.0,653.0,0.515549007458979,1.2130133105241727,29.538782259558097,39.96176092666895,0.5155490074589792,False,29.538782259558108,1.2130133105241718,False,69.500543186227
738,12.298768223399133,1168,570,1392.0,650.0,0.515549007458979,1.2277723863741932,29.538782259558097,40.80739368238859,0.5155490074589792,False,29.538782259558108,1.2277723863741947,False,70.34617594194678
739,12.315433220991814,1167,571,1391.0,649.0,0.5125108784742984,1.2357132291041089,29.364710291119533,41.43644242502846,0.5125108784742984,False,29.364710291119533,1.2357132291041104,False,70.8011527161481
740,12.332098218584497,1162,575,1386.0,653.0,0.4984594104666788,1.2357132291041089,28.55962047831983,42.24153223782816,0.49845941046667885,False,28.559620478319832,1.2357132291041104,False,70.8011527161481
741,12.348763216177177,1156,581,1379.0,663.0,0.48046105909762665,1.2184295098703264,27.528390906679633,42.28247764308354,0.4804610590976268,False,27.528390906679643,1.218429509870326,False,69.81086854976316
742,12.36542821376986,1146,589,1368.0,676.0,0.45283190489855857,1.197299180688419,25.945356979556873,42.65483288836089,0.4528319048985585,False,25.945356979556873,1.1972991806884181,False,68.60018986791772
743,12.382093211362541,1134,598,1352.0,693.0,0.420663349133035,1.1598306229354012,24.102234501161142,42.35116514306653,0.42066334913303516,False,24.102234501161153,1.1598306229354023,False,66.45339964422773
744,12.398758208955224,1120,609,1332.0,715.0,0.38331648613457575,1.1071487177940904,21.962416873296128,41.47253194962587,0.3833164861345759,False,21.96241687329614,1.1071487177940895,False,63.43494882292195
745,12.415423206547905,1103,619,1308.0,739.0,0.34143572344826956,1.0412067280128203,19.562825928581805,40.09392518717862,0.34143572344826945,False,19.5628259285818,1.0412067280128205,False,59.65675111576044
746,12.432088204140587,1084,630,1278.0,766.0,0.29552926229160165,0.95937879958371,16.93257945192348,38.035776718550366,0.2955292622916015,False,16.932579451923473,0.9593787995837104,False,54.96835617047387
747,12.448753201733268,1062,640,1242.0,795.0,0.24497866312686414,0.85988695361133,14.036243467926479,35.23164983236434,0.24497866312686423,False,14.036243467926484,0.8598869536113298,False,49.2678933002908
748,12.465418199325951,1039,649,1200.0,824.0,0.19370251139516506,0.7437555842988599,11.098336384027693,31.51571958558349,0.19370251139516492,False,11.098336384027686,0.7437555842988601,False,42.6140559696112
749,12.482083196918632,1015,657,1151.0,852.0,0.141603541257735,0.6090030164042272,8.11328527817484,26.78001727252382,0.141603541257735,False,8.11328527817484,0.6090030164042268,False,34.893302550698635
750,12.498748194511315,989,663,1096.0,875.0,0.08673833867598511,0.4674140695328358,4.969740728110304,21.811112741155586,0.08673833867598502,False,4.969740728110298,0.46741406953283615,False,26.78085346926591
751,12.515413192103995,963,667,1036.0,894.0,0.03284239616092653,0.31114087293310727,1.8817306891177479,15.945328163965533,0.032842396160926324,False,1.8817306891177359,0.3111408729331089,False,17.82705885308337
752,12.532078189696676,937,669,972.0,905.0,-0.020447047761312603,0.14723191804075808,-1.1715295402256305,9.607297053577117,-0.020447047761312565,False,-1.1715295402256283,0.14723191804075952,False,8.435767513351566
753,12.54874318728936,911,669,905.0,908.0,-0.07348706028758759,-0.025099330520065605,-4.210498403302206,2.7724126958985464,-0.07348706028758745,False,-4.210498403302198,-0.025099330520067298,False,-1.4380857074037539
754,12.56540818488204,885,668,840.0,902.0,-0.1263721375497085,-0.18998828791871572,-7.2405901296450095,-3.644936925013724,-0.12637213754970844,False,-7.240590129645006,-0.18998828791871603,False,-10.885527054658755
755,12.582073182474723,860,664,778.0,889.0,-0.17785277492476345,-0.349484524690076,-10.190213377879104,-9.83377489199787,-0.1778527749247636,False,-10.190213377879111,-0.3494845246900766,False,-20.023988269877005
756,12.598738180067404,835,659,720.0,869.0,-0.22969385748856505,-0.5010133868035894,-13.160488614174175,-15.54546392922691,-0.2296938574885652,False,-13.160488614174184,-0.5010133868035886,False,-28.705952543401043
757,12.615403177660086,810,652,670.0,846.0,-0.28249192063859624,-0.6251085342329235,-16.185594799136158,-19.630485950019505,-0.2824919206385963,False,-16.18559479913616,-0.6251085342329219,False,-35.81608074915557
758,12.632068175252767,787,643,624.0,820.0,-0.33272493626743715,-0.7442449407560053,-19.06373458688345,-23.578359442399645,-0.33272493626743715,False,-19.06373458688345,-0.7442449407560048,False,-42.642094029283065
759,12.64873317284545,765,633,586.0,794.0,-0.38202786699955554,-0.8382899622631684,-21.888584435459673,-26.141892410400917,-0.3820278669995556,False,-21.888584435459677,-0.8382899622631683,False,-48.03047684586059
760,12.66539817043813,744,622,554.0,768.0,-0.43054103448789377,-0.9156096063618447,-24.668184183352732,-27.792381942815616,-0.4305410344878937,False,-24.668184183352732,-0.9156096063618442,False,-52.460566126168324
761,12.682063168030814,726,611,527.0,745.0,-0.4738042311200719,-0.9781694787520191,-27.14698275862114,-28.898000022381197,-0.47380423112007186,False,-27.146982758621135,-0.9781694787520188,False,-56.04498278100233
762,12.698728165623494,710,600,504.0,724.0,-0.5137449322017106,-1.0289502939684376,-29.435416361392637,-29.519092811744212,-0.5137449322017105,False,-29.43541636139263,-1.028950293968439,False,-58.95450917313692
763,12.715393163216177,697,590,486.0,707.0,-0.5475622359399975,-1.0645029752076398,-31.37300514010846,-29.6185226184086,-0.5475622359399974,False,-31.373005140108454,-1.0645029752076383,False,-60.99152775851698
764,12.732058160808858,686,581,472.0,691.0,-0.5769885561841255,-1.0959967637684762,-33.059009096697366,-29.736979827233032,-0.5769885561841255,False,-33.059009096697366,-1.0959967637684755,False,-62.795988923930345
765,12.74872315840154,678,574,462.0,680.0,-0.5990486658899647,-1.1145835250392888,-34.32296027843754,-29.53797162112761,-0.5990486658899647,False,-34.32296027843754,-1.11458352503929,False,-63.86093189956522
766,12.765388155994222,672,568,455.0,672.0,-0.6165829172266964,-1.1238757821069176,-35.327598876953886,-29.065740134737023,-0.6165829172266966,False,-35.32759887695389,-1.1238757821069179,False,-64.39333901169091
767,12.782053153586904,669,565,451.0,666.0,-0.6253901995718351,-1.1369350638758247,-35.832218984310416,-29.309361756210997,-0.625390199571835,False,-35.83221898431041,-1.1369350638758249,False,-65.14158074052143
768,12.798718151179585,669,565,451.0,665.0,-0.6253901995718351,-1.140718191739034,-35.832218984310416,-29.526119016131258,-0.625390199571835,False,-35.83221898431041,-1.1407181917390332,False,-65.3583380004416
769,12.815383148772266,671,567,454.0,668.0,-0.6195158103991286,-1.135178757753937,-35.495641277496986,-29.54531053470727,-0.6195158103991285,False,-35.49564127749698,-1.1351787577539376,False,-65.0409518122043
770,12.832048146364949,675,571,458.0,674.0,-0.6078019961139605,-1.1276300247758781,-34.824489156956794,-29.783952114933474,-0.6078019961139605,False,-34.824489156956794,-1.127630024775879,False,-64.60844127189033
771,12.84871314395763,681,577,468.0,686.0,-0.5903241315881987,-1.0978031954866005,-33.823081284729234,-29.076408552628237,-0.5903241315881989,False,-33.823081284729234,-1.0978031954866019,False,-62.89948983735755
772,12.865378141550313,690,585,482.0,702.0,-0.5654500368972633,-1.0584068664841588,-32.39790063972986,-28.244345817478866,-0.5654500368972633,False,-32.39790063972986,-1.0584068664841588,False,-60.64224645720873
773,12.882043139142993,702,594,499.0,721.0,-0.5343589684122737,-1.011754337730803,-30.616513634987754,-27.35273982104095,-0.5343589684122736,False,-30.61651363498775,-1.0117543377308031,False,-57.969253456028724
774,12.898708136735676,716,604,521.0,742.0,-0.49885085395217715,-0.9549263748553701,-28.582048537956773,-26.131202486983504,-0.498850853952177,False,-28.582048537956766,-0.9549263748553685,False,-54.71325102494019
775,12.915373134328357,732,615,547.0,767.0,-0.45903934669068563,-0.883009810267973,-26.30101719581888,-24.29171820118356,-0.4590393466906857,False,-26.301017195818883,-0.8830098102679713,False,-50.59273539700234
776,12.93203813192104,752,626,579.0,792.0,-0.41217517516248553,-0.8060441969316666,-23.615897956875855,-22.567032628320426,-0.41217517516248536,False,-23.61589795687585,-0.8060441969316656,False,-46.18293058519622
777,12.94870312951372,773,637,617.0,817.0,-0.3637969563296534,-0.714090698612158,-20.84403019739426,-20.07035302263086,-0.3637969563296535,False,-20.844030197394265,-0.7140906986121571,False,-40.91438322002507
778,12.965368127106403,796,647,660.0,843.0,-0.3127301805019283,-0.6066051085945269,-17.91811946912492,-16.837793084416447,-0.31273018050192825,False,-17.918119469124917,-0.6066051085945254,False,-34.755912553541286
779,12.982033124699084,821,655,710.0,864.0,-0.2592916047145987,-0.48821733298113246,-14.856314613320945,-13.116478051631105,-0.25929160471459856,False,-14.856314613320937,-0.488217332981133,False,-27.97279266495209
780,12.998698122291767,847,662,763.0,885.0,-0.20456675165983704,-0.3602441466108803,-11.720811498809491,-8.919657696286011,-0.20456675165983684,False,-11.720811498809478,-0.36024414661088144,False,-20.640469195095566
781,13.015363119884448,873,666,821.0,899.0,-0.1511027784374433,-0.2195776234975388,-8.657551477165882,-3.923319624755699,-0.15110277843744324,False,-8.657551477165878,-0.21957762349753907,False,-12.580871101921602
782,13.03202811747713,900,669,882.0,907.0,-0.09582018050441393,-0.07548654493392346,-5.49009193508465,1.1650315003461855,-0.09582018050441388,False,-5.490091935084647,-0.07548654493392348,False,-4.325060434738461
783,13.048693115069812,927,670,943.0,908.0,-0.0407936828678654,0.0671258882021007,-2.33730585912382,6.183335949171207,-0.04079368286786522,False,-2.3373058591238096,0.0671258882020993,False,3.8460300900472957
784,13.065358112662492,954,668,1003.0,902.0,0.014343278601612561,0.20641910492155582,0.821809328252705,11.005134194620556,0.014343278601612663,False,0.8218093282527109,0.20641910492155446,False,11.82694352287319
785,13.082023110255175,980,664,1061.0,889.0,0.06807645825799948,0.34555558058171215,3.90049374238189,15.898382612143031,0.06807645825799957,False,3.900493742381896,0.34555558058171343,False,19.798876354525003
786,13.098688107847856,1006,659,1114.0,872.0,0.12255597310029112,0.4692655274257615,7.021940012765528,19.8649941797112,0.1225559731002912,False,7.021940012765533,0.4692655274257618,False,26.886934192476733
787,13.115353105440539,1030,652,1162.0,851.0,0.1740678234019038,0.585679727353805,9.973351629957632,23.58362489378814,0.17406782340190396,False,9.97335162995764,0.5856797273538064,False,33.55697652374586
788,13.13201810303322,1052,644,1205.0,828.0,0.22254489545662903,0.6936681856474233,12.750883261844972,26.99337615824966,0.22254489545662892,False,12.750883261844967,0.6936681856474216,False,39.74425942009452
789,13.148683100625902,1073,635,1243.0,803.0,0.270153199711405,0.7913152541034756,15.478638165418356,29.8603861590331,0.27015319971140483,False,15.478638165418346,0.7913152541034769,False,45.33902432445152
790,13.165348098218583,1092,626,1276.0,780.0,0.3143332932538261,0.8739235821214641,18.009971063892266,32.06216180862225,0.3143332932538261,False,18.009971063892266,0.8739235821214635,False,50.072132872514466
791,13.182013095811266,1108,616,1302.0,756.0,0.3537341981243363,0.9456877925619732,20.267476621968953,33.91644262887541,0.35373419812433626,False,20.26747662196895,0.9456877925619729,False,54.18391925084433
792,13.198678093403947,1122,607,1324.0,734.0,0.388956880179007,1.009531535755878,22.285587646832763,35.556308637339406,0.38895688017900687,False,22.28558764683276,1.0095315357558796,False,57.841896284172265
793,13.21534309099663,1134,598,1342.0,716.0,0.420663349133035,1.054762235697031,24.102234501161142,36.33118999406173,0.42066334913303516,False,24.102234501161153,1.05476223569703,False,60.4334244952228
794,13.23200808858931,1143,591,1355.0,699.0,0.4449857285828205,1.0996300624817865,25.495804191349578,37.508357414563804,0.4449857285828207,False,25.49580419134959,1.0996300624817863,False,63.00416160591337
795,13.248673086181993,1150,586,1365.0,686.0,0.4636476090008061,1.1354430516425942,26.56505117707799,38.49104355949743,0.46364760900080615,False,26.565051177077994,1.1354430516425928,False,65.05609473657535
796,13.265338083774674,1154,582,1373.0,677.0,0.4755164878470651,1.1615041288686656,27.24508784252073,39.3041966286731,0.47551648784706524,False,27.24508784252074,1.161504128868664,False,66.54928447119373
797,13.282003081367357,1156,581,1375.0,671.0,0.48046105909762665,1.1808784628640445,27.528390906679633,40.13096113332624,0.4804610590976268,False,27.528390906679643,1.1808784628640439,False,67.65935204000583
798,13.298668078960038,1156,581,1375.0,670.0,0.48046105909762665,1.1847911834231548,27.528390906679633,40.35514350777733,0.4804610590976268,False,27.528390906679643,1.1847911834231546,False,67.88353441445695
799,13.31533307655272,1152,584,1373.0,673.0,0.4695705407259744,1.1879516842635818,26.90441016727427,41.1602076064867,0.46957054072597426,False,26.904410167274264,1.1879516842635809,False,68.06461777376092
800,13.331998074145401,1147,588,1366.0,680.0,0.45577375597670555,1.1730907075753607,26.11391263029071,41.0992338997929,0.45577375597670544,False,26.113912630290702,1.173090707575362,False,67.21314653008368
801,13.348663071738082,1139,595,1356.0,691.0,0.4333242255965404,1.154283591607591,24.82764928745652,41.307928872860764,0.4333242255965404,False,24.82764928745652,1.1542835916075909,False,66.1355781603173
802,13.365328069330765,1128,602,1343.0,706.0,0.40517774567105497,1.1202565812607763,23.21497477957651,40.9709992984203,0.4051777456710548,False,23.2149747795765,1.1202565812607759,False,64.1859740779968
803,13.381993066923446,1116,611,1324.0,725.0,0.373687389343753,1.0694307653272264,21.41071026665902,39.86315906803663,0.3736873893437531,False,21.410710266659027,1.0694307653272261,False,61.27386933469563
804,13.398658064516129,1101,620,1302.0,746.0,0.33667481938672716,1.0108565296805083,19.290046219188735,38.62776662474522,0.3366748193867273,False,19.29004621918874,1.0108565296805097,False,57.91781284393404
805,13.41532306210881,1083,630,1275.0,770.0,0.2934942814709706,0.9407624172489815,16.815983639511256,37.085732393380724,0.29349428147097045,False,16.815983639511245,0.9407624172489832,False,53.9017160328921
806,13.431988059701492,1064,640,1242.0,796.0,0.24906652998338052,0.8511714147810849,14.270460986016278,34.49806872311909,0.24906652998338075,False,14.27046098601629,0.8511714147810849,False,48.76852970913538
807,13.448653057294173,1042,648,1203.0,822.0,0.20027029525730616,0.7466116550131146,11.47464268008251,31.303054087446377,0.20027029525730633,False,11.47464268008252,0.7466116550131154,False,42.777696767528944
808,13.465318054886856,1019,655,1158.0,848.0,0.15043379158672315,0.6241595344826653,8.619221354069868,27.14248571463702,0.15043379158672332,False,8.619221354069879,0.6241595344826649,False,35.761707068706876
809,13.481983052479537,995,662,1108.0,870.0,0.09925780617081072,0.49766095119340426,5.687053377315033,22.826818754533083,0.0992578061708107,False,5.687053377315032,0.4976609511934029,False,28.513872131848036
810,13.49864805007222,971,666,1052.0,889.0,0.04934263225296999,0.34841090277124015,2.827124578161273,17.13534968697366,0.0493426322529702,False,2.827124578161285,0.34841090277123854,False,19.962474265134848
811,13.5153130476649,945,669,993.0,903.0,-0.004089956744696894,0.20232162837830375,-0.23433725986219717,11.82651267015328,-0.00408995674469681,False,-0.23433725986219234,0.2023216283783036,False,11.592175410291063
812,13.531978045257583,920,670,932.0,908.0,-0.055046374610762935,0.050377507181057816,-3.153924942692806,6.040343486557426,-0.05504637461076278,False,-3.153924942692797,0.05037750718105727,False,2.8864185438645786
813,13.548643042850264,896,668,869.0,906.0,-0.10413019254942915,-0.11296242686470927,-5.966220552966901,-0.5060497499361636,-0.10413019254942935,False,-5.966220552966911,-0.11296242686470848,False,-6.472270302903024
814,13.565308040442947,871,666,809.0,898.0,-0.15512227544073073,-0.26113887238256783,-8.887851691219733,-6.074303563106821,-0.15512227544073065,False,-8.887851691219728,-0.26113887238256694,False,-14.962155254326499
815,13.581973038035628,847,662,752.0,882.0,-0.20456675165983704,-0.4076315054576269,-11.720811498809491,-11.634753360476514,-0.20456675165983684,False,-11.720811498809478,-0.4076315054576263,False,-23.35556485928597
816,13.598638035628309,823,656,700.0,862.0,-0.2548402763680008,-0.5382751147083189,-14.601272285833936,-16.239620003873007,-0.25484027636800066,False,-14.601272285833929,-0.5382751147083198,False,-30.840892289706986
817,13.615303033220991,801,649,655.0,839.0,-0.30179183990571395,-0.6551867204330519,-17.291398718085226,-20.24803515574642,-0.301791839905714,False,-17.29139871808523,-0.6551867204330506,False,-37.53943387383158
818,13.631968030813672,779,640,615.0,815.0,-0.3501666760901168,-0.7529611668960438,-20.06307266608825,-23.078424334300664,-0.350166676090117,False,-20.063072666088257,-0.7529611668960428,False,-43.141497000388846
819,13.648633028406355,759,631,580.0,791.0,-0.3949485504289395,-0.8413867845980396,-22.628885064387994,-25.57902663116258,-0.3949485504289396,False,-22.628885064387998,-0.8413867845980398,False,-48.20791169555058
820,13.665298025999036,741,621,552.0,770.0,-0.4369995068237632,-0.9031934852680342,-25.03822739030005,-26.710947399269607,-0.4369995068237631,False,-25.038227390300044,-0.9031934852680337,False,-51.74917478956962
821,13.681963023591718,725,611,528.0,748.0,-0.475639654038691,-0.9631430738004699,-27.252144745479598,-27.931888450544506,-0.4756396540386909,False,-27.25214474547959,-0.9631430738004703,False,-55.18403319602412
822,13.6986280211844,711,601,509.0,731.0,-0.5109221927406612,-0.9989585968779365,-29.273685303609472,-27.962426205806864,-0.5109221927406611,False,-29.27368530360947,-0.9989585968779373,False,-57.23611150941638
823,13.715293018777082,699,592,494.0,717.0,-0.5418460328264589,-1.0232340908548991,-31.04549082686316,-27.581504033028388,-0.5418460328264589,False,-31.04549082686316,-1.0232340908548991,False,-58.626994859891546
824,13.731958016369763,691,585,481.0,703.0,-0.5636877670010215,-1.0588591504876925,-32.29693001231225,-28.37123040944023,-0.5636877670010216,False,-32.29693001231226,-1.0588591504876916,False,-60.66816042175243
825,13.748623013962446,684,580,473.0,695.0,-0.5816295727966869,-1.071781720678776,-33.32491976124724,-28.083649392915888,-0.5816295727966869,False,-33.32491976124724,-1.071781720678775,False,-61.408569154163075
826,13.765288011555127,680,577,467.0,689.0,-0.5920605522879033,-1.0867054695403617,-33.922570862281454,-28.341066116163713,-0.5920605522879034,False,-33.92257086228146,-1.0867054695403624,False,-62.263636978445206
827,13.78195300914781,679,576,466.0,686.0,-0.5949630479838942,-1.094089758694875,-34.08887161571662,-28.597853965986374,-0.5949630479838941,False,-34.08887161571661,-1.0940897586948743,False,-62.686725581702966
828,13.79861800674049,680,576,468.0,688.0,-0.5932290367955567,-1.0847643974548002,-33.989520092996415,-28.16290164721542,-0.5932290367955568,False,-33.98952009299642,-1.0847643974548014,False,-62.1524217402119
829,13.815283004333173,683,579,472.0,694.0,-0.5845243567049134,-1.071781720678776,-33.490778661791005,-27.917790492372138,-0.5845243567049137,False,-33.49077866179101,-1.071781720678775,False,-61.408569154163075
830,13.831948001925854,689,584,481.0,703.0,-0.5683292161581751,-1.0511326142509112,-32.5628654598417,-27.662597045288322,-0.5683292161581752,False,-32.56286545984171,-1.0511326142509105,False,-60.22546250512998
831,13.848612999518537,697,591,493.0,716.0,-0.5464800321288946,-1.0210580998598446,-31.31099942915929,-27.191320330457156,-0.5464800321288945,False,-31.310999429159285,-1.021058099859843,False,-58.50231975961636
832,13.865277997111217,707,599,510.0,733.0,-0.5201735991148421,-0.9734808376604899,-29.803751843410467,-25.97259159139565,-0.520173599114842,False,-29.80375184341046,-0.9734808376604889,False,-55.77634343480606
833,13.881942994703898,720,608,529.0,752.0,-0.48765038522724286,-0.9247868620583448,-27.940308951449765,-25.046075193640434,-0.4876503852272429,False,-27.94030895144977,-0.9247868620583439,False,-52.98638414509015
834,13.898607992296581,736,618,554.0,773.0,-0.4489292606801973,-0.8653460875452751,-25.72175193690364,-23.858926697598864,-0.4489292606801971,False,-25.721751936903633,-0.8653460875452765,False,-49.5806786345026
835,13.915272989889262,754,628,584.0,796.0,-0.4067760370833954,-0.7913152541034756,-23.30655013193562,-22.032474192515835,-0.40677603708339527,False,-23.306550131935612,-0.7913152541034769,False,-45.33902432445152
836,13.931937987481945,774,637,619.0,819.0,-0.3618844326624451,-0.7054502392496215,-20.73445066304434,-19.68487070245315,-0.3618844326624453,False,-20.734450663044353,-0.7054502392496218,False,-40.4193213654975
837,13.948602985074626,795,646,659.0,842.0,-0.31529903100367357,-0.6066051085945269,-18.06530376107499,-16.690608792466385,-0.3152990310036734,False,-18.06530376107498,-0.6066051085945254,False,-34.755912553541286
838,13.965267982667308,819,654,705.0,863.0,-0.26375116118868913,-0.4993467216801301,-15.111828377786567,-13.498631288178641,-0.26375116118868913,False,-15.111828377786567,-0.49934672168012995,False,-28.61045966596521
839,13.98193298025999,843,661,755.0,882.0,-0.21293834957939714,-0.37894509813114835,-12.200468727380784,-9.511486062704831,-0.21293834957939728,False,-12.200468727380793,-0.3789450981311475,False,-21.71195479008557
840,13.998597977852672,868,665,808.0,896.0,-0.16146853343985165,-0.2541247495556341,-9.251465490270501,-5.3088101290863765,-0.16146853343985157,False,-9.251465490270496,-0.2541247495556327,False,-14.560275619356796
841,14.015262975445353,894,668,864.0,905.0,-0.10818253556195602,-0.12591262568579822,-6.198402704724019,-1.0158593344827533,-0.1081825355619559,False,-6.198402704724012,-0.12591262568579964,False,-7.214262039206842
842,14.031927973038036,920,669,924.0,908.0,-0.05515871592817881,0.01673483927434091,-3.160361626045675,4.119197287295182,-0.055158715928179,False,-3.160361626045686,0.01673483927434205,False,0.9588356612495726
843,14.048592970630716,945,668,982.0,904.0,-0.004098337709848645,0.15551373812965635,-0.23481745379363872,9.145098304925652,-0.004098337709848465,False,-0.23481745379362842,0.15551373812965608,False,8.910280851131997
844,14.0652579682234,970,666,1037.0,895.0,0.04728981948443431,0.2846323319793205,2.7095070703936126,13.598724264987975,0.047289819484434226,False,2.7095070703936077,0.2846323319793207,False,16.30823133538161
845,14.08192296581608,994,661,1089.0,881.0,0.09740388386999431,0.4076315054576269,5.58083145393307,17.774733405352944,0.09740388386999443,False,5.580831453933077,0.4076315054576263,False,23.35556485928597
846,14.098587963408763,1018,656,1137.0,862.0,0.14806800183754476,0.523838467711257,8.483671586226633,21.530061760228442,0.14806800183754465,False,8.483671586226626,0.5238384677112577,False,30.01373334645512
847,14.115252961001444,1039,649,1181.0,842.0,0.19370251139516506,0.6343193968699077,11.098336384027693,25.245487919901905,0.19370251139516492,False,11.098336384027686,0.634319396869909,False,36.343824303929665
848,14.131917958594125,1060,641,1218.0,819.0,0.24037981971765188,0.7259445040887914,13.772749149937061,27.820807095068215,0.24037981971765188,False,13.772749149937061,0.7259445040887904,False,41.593556245005225
849,14.148582956186807,1078,632,1251.0,796.0,0.28209415334480636,0.812098048402714,16.16280441197366,30.366986312312694,0.2820941533448065,False,16.162804411973667,0.8120980484027136,False,46.529790724286336
850,14.165247953779488,1094,624,1280.0,774.0,0.3197221596125898,0.8921338360465839,18.31873036260946,32.79677320367594,0.3197221596125899,False,18.318730362609465,0.8921338360465825,False,51.11550356628533
851,14.181912951372171,1108,615,1302.0,754.0,0.354481017046542,0.9490855656709769,20.310266194271847,34.06833111546147,0.3544810170465418,False,20.310266194271833,0.9490855656709769,False,54.37859730973331
852,14.198577948964852,1120,607,1321.0,736.0,0.3849400441509621,1.000213563799107,22.0554398954297,35.25257592199825,0.3849400441509623,False,22.05543989542971,1.0002135637991074,False,57.30801581742796
853,14.215242946557535,1130,601,1336.0,720.0,0.41004048220765227,1.0469578590836397,23.4935890600076,36.49267759353735,0.41004048220765243,False,23.493589060007608,1.0469578590836406,False,59.98626665354498
854,14.231907944150215,1137,596,1346.0,707.0,0.428437118368314,1.0825789938137642,24.54763866925127,37.47956866579669,0.428437118368314,False,24.54763866925127,1.0825789938137653,False,62.02720733504801
855,14.248572941742898,1141,592,1354.0,698.0,0.44007633690217524,1.1090284148283875,25.214516768071967,38.328130761678516,0.4400763369021754,False,25.214516768071977,1.109028414828387,False,63.54264752975047
856,14.265237939335579,1144,590,1358.0,693.0,0.44791636010549174,1.1222134914245323,25.663717008906637,38.63437976235967,0.44791636010549185,False,25.663717008906644,1.1222134914245316,False,64.29809677126626
857,14.281902936928262,1144,590,1358.0,690.0,0.44791636010549174,1.1336576580745592,25.663717008906637,39.29008221145057,0.44791636010549185,False,25.663717008906644,1.1336576580745579,False,64.95379922035714
858,14.298567934520943,1141,592,1355.0,693.0,0.44007633690217524,1.1298291380655072,25.214516768071967,39.51992441398519,0.4400763369021754,False,25.214516768071977,1.1298291380655066,False,64.73444118205711
859,14.315232932113625,1136,596,1349.0,699.0,0.4264463665213582,1.120380459717679,24.43357699036283,39.759494800387095,0.42644636652135803,False,24.43357699036282,1.1203804597176799,False,64.19307179075
860,14.331897929706306,1129,601,1341.0,708.0,0.4080409313286628,1.1033822572620609,23.37902323371983,39.84012329701429,0.4080409313286628,False,23.37902323371983,1.1033822572620622,False,63.21914653073419
861,14.348562927298989,1120,608,1328.0,722.0,0.3841266348280398,1.0694307653272264,22.00883497420966,39.265034360485984,0.38412663482803966,False,22.00883497420965,1.0694307653272261,False,61.27386933469563
862,14.36522792489167,1108,615,1311.0,739.0,0.354481017046542,1.0224462069244327,20.310266194271847,38.27158624165781,0.3544810170465418,False,20.310266194271833,1.0224462069244318,False,58.58185243592959
863,14.381892922484353,1094,624,1289.0,759.0,0.3197221596125898,0.9652516631899266,18.31873036260946,36.98611610615659,0.3197221596125899,False,18.318730362609465,0.9652516631899282,False,55.30484646876612
864,14.398557920077034,1078,632,1263.0,780.0,0.28209415334480636,0.8960553845713439,16.16280441197366,35.17738733393626,0.2820941533448065,False,16.162804411973667,0.8960553845713441,False,51.34019174590992
865,14.415222917669714,1059,641,1232.0,804.0,0.2383325442146874,0.8151512854161134,13.655448904116673,33.04927941489059,0.2383325442146873,False,13.655448904116668,0.815151285416114,False,46.70472831900731
866,14.431887915262397,1039,649,1195.0,827.0,0.19370251139516506,0.7196249120138116,11.098336384027693,30.13313390683693,0.19370251139516492,False,11.098336384027686,0.7196249120138134,False,41.23147029086472
867,14.448552912855078,1017,655,1153.0,850.0,0.14631528800503021,0.6090030164042272,8.38324848092935,26.5100540697693,0.14631528800503002,False,8.383248480929339,0.6090030164042268,False,34.893302550698635
868,14.46521791044776,994,661,1106.0,871.0,0.09740388386999431,0.4899573262537283,5.58083145393307,22.49165548191989,0.09740388386999443,False,5.580831453933077,0.4899573262537267,False,28.072486935852865
869,14.481882908040442,971,665,1054.0,889.0,0.04944420407659672,0.3548510431119804,2.8329442149725317,17.49852291115878,0.049444204076596776,False,2.8329442149725352,0.35485104311198157,False,20.331467126131365
870,14.498547905633124,947,668,998.0,901.0,0.0,0.21548569150556338,0.0,12.346420668726825,0.0,False,0.0,0.21548569150556318,False,12.346420668726825
871,14.515212903225805,923,669,940.0,907.0,-0.04904040332375124,0.07130746478529032,-2.8098081360702802,6.895424916045167,-0.049040403323751036,False,-2.8098081360702687,0.07130746478529204,False,4.085616779974975
872,14.531877900818488,899,668,882.0,907.0,-0.09804527729383924,-0.07101011124067928,-5.61758059012683,1.5490009132814124,-0.09804527729383938,False,-5.617580590126838,-0.07101011124067824,False,-4.068579676845349
873,14.548542898411169,876,666,824.0,900.0,-0.14506433454001594,-0.21866894587394195,-8.311574127016765,-4.217233582134753,-0.14506433454001577,False,-8.311574127016756,-0.2186689458739437,False,-12.52880770915161
874,14.565207896003852,852,662,770.0,888.0,-0.19460115594580635,-0.3480602716495644,-11.14982492406187,-8.792559657635103,-0.19460115594580651,False,-11.149824924061878,-0.3480602716495653,False,-19.942384581697034
875,14.581872893596532,830,657,720.0,870.0,-0.2405342479459046,-0.47670656810002165,-13.781597235653626,-13.531677182643392,-0.2405342479459045,False,-13.781597235653619,-0.47670656810002043,False,-27.313274418296935
876,14.598537891189215,808,651,674.0,850.0,-0.28697077034823365,-0.5926268480428776,-16.44221398457178,-17.51280323442588,-0.2869707703482338,False,-16.442213984571787,-0.592626848042876,False,-33.95501721899757
877,14.615202888781896,787,643,635.0,829.0,-0.33272493626743715,-0.6851436878918729,-19.06373458688345,-20.192107089349392,-0.33272493626743715,False,-19.06373458688345,-0.6851436878918733,False,-39.25584167623286
878,14.631867886374579,768,635,600.0,806.0,-0.37480951508104554,-0.7765488368811906,-21.47500333548889,-23.017967603596325,-0.3748095150810453,False,-21.475003335488875,-0.7765488368811901,False,-44.492970939085204
879,14.64853288396726,751,626,571.0,785.0,-0.41405595022033875,-0.8472660092618284,-23.72365842990432,-24.821108025690574,-0.4140559502203387,False,-23.723658429904315,-0.8472660092618298,False,-48.54476645559497
880,14.66519788155994,735,617,547.0,766.0,-0.45167764664898763,-0.9006126446884143,-25.879222853388303,-25.72208066337303,-0.4516776466489878,False,-25.87922285338831,-0.9006126446884153,False,-51.60130351676139
881,14.681862879152623,722,609,527.0,749.0,-0.483035761014645,-0.9481255380378293,-27.675910460029026,-26.64768131810899,-0.4830357610146452,False,-27.675910460029037,-0.9481255380378286,False,-54.323591778137974
882,14.698527876745304,710,601,511.0,735.0,-0.5127277171475381,-0.9781694787520191,-29.37713423193138,-26.66784854907097,-0.5127277171475382,False,-29.377134231931386,-0.9781694787520188,False,-56.04498278100233
883,14.715192874337987,701,594,499.0,724.0,-0.5361460220122347,-0.9989585968779365,-30.71890426402918,-26.51720724538715,-0.5361460220122347,False,-30.71890426402918,-0.9989585968779373,False,-57.23611150941638
884,14.731857871930668,695,589,490.0,715.0,-0.5522004618144148,-1.0196858582337704,-31.638755907140947,-26.784940198829275,-0.5522004618144147,False,-31.63875590714094,-1.0196858582337711,False,-58.42369610597027
885,14.74852286952335,691,586,485.0,709.0,-0.562574559421413,-1.0325212120865777,-32.23314791627871,-26.92595979401436,-0.5625745594214129,False,-32.2331479162787,-1.0325212120865785,False,-59.159107710293114
886,14.765187867116031,690,584,483.0,707.0,-0.5665690381239472,-1.0346503047826618,-32.462014687288814,-26.819081048681994,-0.566569038123947,False,-32.4620146872888,-1.0346503047826623,False,-59.281095735970844
887,14.781852864708714,691,585,484.0,708.0,-0.5636877670010215,-1.0346503047826618,-32.29693001231225,-26.98416572365856,-0.5636877670010216,False,-32.29693001231226,-1.0346503047826623,False,-59.281095735970844
888,14.798517862301395,693,588,489.0,713.0,-0.5568348707696853,-1.0210580998598446,-31.904287980815578,-26.598031778800873,-0.5568348707696851,False,-31.904287980815564,-1.021058099859843,False,-58.50231975961636
889,14.815182859894078,699,592,497.0,722.0,-0.5418460328264589,-0.9989585968779365,-31.04549082686316,-26.190620682553174,-0.5418460328264589,False,-31.04549082686316,-0.9989585968779373,False,-57.23611150941638
890,14.831847857486759,706,598,509.0,733.0,-0.5230021362659053,-0.9700185762352215,-29.965815084362347,-25.61215538320494,-0.5230021362659052,False,-29.96581508436234,-0.9700185762352227,False,-55.577970467567354
891,14.848512855079441,716,605,525.0,748.0,-0.4978618192902285,-0.9281334407726048,-28.525381026034967,-24.65274795519066,-0.49786181929022844,False,-28.525381026034964,-0.928133440772605,False,-53.178128981225626
892,14.865177852672122,729,613,544.0,766.0,-0.466415129610424,-0.8797913665868817,-26.723618427724567,-23.68471372975078,-0.4664151296104242,False,-26.723618427724578,-0.8797913665868826,False,-50.40833215747541
893,14.881842850264805,744,622,568.0,785.0,-0.43054103448789377,-0.8237274646460384,-24.668184183352732,-22.527923009877,-0.4305410344878937,False,-24.668184183352732,-0.8237274646460371,False,-47.19610719322966
894,14.898507847857486,761,631,597.0,805.0,-0.39116451938974106,-0.7558209923922049,-22.41207605629542,-20.89327687516743,-0.39116451938974084,False,-22.412076056295405,-0.7558209923922057,False,-43.30535293146289
895,14.915172845450169,779,640,630.0,827.0,-0.3501666760901168,-0.6727814411390625,-20.06307266608825,-18.48446444590925,-0.350166676090117,False,-20.063072666088257,-0.6727814411390618,False,-38.54753711199746
896,14.93183784304285,800,648,669.0,847.0,-0.30434418875458163,-0.5821819475136389,-17.437637534970417,-15.9189309662679,-0.3043441887545817,False,-17.43763753497042,-0.5821819475136394,False,-33.35656850123835
897,14.94850284063553,822,655,712.0,866.0,-0.25732371497108864,-0.48056328863045333,-14.743562836470735,-12.79068539098147,-0.2573237149710885,False,-14.743562836470728,-0.48056328863045294,False,-27.534248227452174
898,14.965167838228213,846,661,759.0,883.0,-0.20697228223081507,-0.3734971461064775,-11.858638248016227,-9.541171884066003,-0.2069722822308151,False,-11.858638248016229,-0.37349714610647666,False,-21.39981013208218
899,14.981832835820894,870,665,811.0,896.0,-0.15744879611045856,-0.2500650892513549,-9.021151506545086,-5.306522711119803,-0.15744879611045848,False,-9.021151506545083,-0.25006508925135407,False,-14.327674217664836
900,14.998497833413577,894,668,864.0,904.0,-0.10818253556195602,-0.12644049725838966,-6.198402704724019,-1.0461041477171729,-0.1081825355619559,False,-6.198402704724012,-0.12644049725838968,False,-7.2445068524411855
901,15.015162831006258,919,668,919.0,907.0,-0.05731420910603989,0.0,-3.2838622879063566,3.2838622879063575,-0.057314209106039904,False,-3.2838622879063575,0.0,False,0.0
902,15.03182782859894,943,668,974.0,905.0,-0.008196537749912585,0.130063287501013,-0.4696270196896474,7.921704463094319,-0.00819653774991247,False,-0.4696270196896407,0.13006328750101304,False,7.452077443404679
903,15.048492826191621,966,665,1027.0,896.0,0.03915523539900172,0.2581758664478214,2.2434297342040384,12.548957785389335,0.039155235399001675,False,2.243429734204036,0.25817586644782153,False,14.79238751959337
904,15.065157823784304,989,662,1077.0,884.0,0.08691738970361512,0.3773959672364249,4.979999596310984,16.64319653159366,0.08691738970361529,False,4.979999596310993,0.3773959672364242,False,21.623196127904603
905,15.081822821376985,1011,657,1124.0,868.0,0.13337536844147532,0.4916776489606526,7.641845702698888,20.529208463661355,0.13337536844147513,False,7.641845702698877,0.49167764896065336,False,28.171054166360285
906,15.098487818969668,1032,650,1165.0,849.0,0.17891717047809394,0.5891613515805157,10.251198750817432,23.50526014696936,0.17891717047809408,False,10.25119875081744,0.5891613515805147,False,33.75645889778675
907,15.115152816562349,1051,643,1202.0,829.0,0.22095465617910506,0.6819116146255717,12.659769262826917,26.410888256169798,0.22095465617910515,False,12.659769262826922,0.681911614625573,False,39.070657518996796
908,15.131817814155031,1069,636,1234.0,807.0,0.26142116885694905,0.7675429182578958,14.978329650880015,28.998640160452158,0.2614211688569492,False,14.978329650880026,0.7675429182578952,False,43.97696981133213
909,15.148482811747712,1084,628,1262.0,787.0,0.2967726307272793,0.8417183611451705,17.003819215667594,31.223090416619097,0.2967726307272791,False,17.003819215667583,0.8417183611451691,False,48.226909632286606
910,15.165147809340395,1098,621,1285.0,768.0,0.3298914871644057,0.9045909619113205,18.901389911814615,32.927854391383434,0.32989148716440564,False,18.90138991181461,0.904590961911321,False,51.8292443031981
911,15.181812806933076,1109,614,1304.0,751.0,0.35725475430190196,0.9583515603856817,20.469189632482173,34.44031006739425,0.357254754301902,False,20.469189632482177,0.9583515603856831,False,54.9094996998765
912,15.198477804525757,1118,608,1318.0,736.0,0.3801034762477838,1.0014831356942346,21.778324967249144,35.60243196155803,0.38010347624778396,False,21.778324967249155,1.001483135694233,False,57.38075692880708
913,15.21514280211844,1125,603,1330.0,725.0,0.3983110515251869,1.0339713473479513,22.821542185811083,36.42065215468178,0.39831105152518687,False,22.82154218581108,1.0339713473479506,False,59.24219434049284
914,15.23180779971112,1129,600,1337.0,716.0,0.4089078289509254,1.0620665024793434,23.428692808745403,37.42323534554157,0.40890782895092537,False,23.4286928087454,1.0620665024793432,False,60.851928154286945
915,15.248472797303803,1131,598,1340.0,712.0,0.41466720807707885,1.0714496051147666,23.758680925289738,37.63085940874505,0.4146672080770788,False,23.758680925289735,1.0714496051147648,False,61.389540334034685
916,15.265137794896484,1131,598,1342.0,710.0,0.41466720807707885,1.0828089561312686,23.758680925289738,38.28170227999825,0.4146672080770788,False,23.758680925289735,1.0828089561312702,False,62.04038320528809
917,15.281802792489167,1129,600,1339.0,712.0,0.4089078289509254,1.0808390005411683,23.428692808745403,38.49882025540166,0.40890782895092537,False,23.4286928087454,1.080839000541168,False,61.927513064147035
918,15.298467790081848,1124,604,1332.0,718.0,0.39546079982734195,1.0694307653272264,22.658234792974568,38.615634541721086,0.39546079982734206,False,22.658234792974575,1.0694307653272261,False,61.27386933469563
919,15.31513278767453,1117,608,1323.0,727.0,0.37808702699402397,1.0469578590836397,21.662790935406402,38.323475718138546,0.37808702699402374,False,21.662790935406388,1.0469578590836406,False,59.98626665354498
920,15.331797785267211,1108,614,1310.0,740.0,0.35523086204668164,1.013087483166104,20.353229148068834,37.69240791487976,0.35523086204668175,False,20.35322914806884,1.0130874831661032,False,58.04563706294855
921,15.348462782859894,1097,621,1292.0,756.0,0.32786045799946306,0.9652516631899266,18.785020512595423,36.51982595617063,0.32786045799946306,False,18.785020512595423,0.9652516631899282,False,55.30484646876612
922,15.365127780452575,1083,628,1271.0,774.0,0.2947301052093774,0.9104900774865703,16.886791123944043,35.28044760457572,0.2947301052093776,False,16.886791123944054,0.9104900774865712,False,52.16723872851982
923,15.381792778045257,1068,636,1245.0,794.0,0.259373555664615,0.8420538841953756,14.861010056883966,33.385123630108836,0.25937355566461484,False,14.861010056883956,0.8420538841953764,False,48.24613368699284
924,15.398457775637938,1050,643,1214.0,815.0,0.2188976218361119,0.7615931372123783,12.541909876659942,31.094162591737128,0.21889762183611206,False,12.54190987665995,0.7615931372123796,False,43.63607246839715
925,15.415122773230621,1031,650,1178.0,837.0,0.1768561314739792,0.6662053648835761,10.133109914469811,28.037645782332117,0.17685613147397916,False,10.13310991446981,0.6662053648835773,False,38.170755696802004
926,15.431787770823302,1010,656,1137.0,857.0,0.13158814145792064,0.5635034222608851,7.539445139509308,24.74692269721769,0.13158814145792075,False,7.539445139509314,0.5635034222608866,False,32.28636783672708
927,15.448452768415985,988,662,1092.0,875.0,0.0848579683993512,0.4542139265948053,4.862003447337333,21.162537542609996,0.08485796839935134,False,4.862003447337341,0.45421392659480375,False,26.024540989947234
928,15.465117766008666,965,665,1043.0,890.0,0.03709637607358392,0.3337021765375503,2.1254657842464466,16.9942605456847,0.03709637607358385,False,2.1254657842464426,0.33370217653754963,False,19.119726329931115
929,15.481782763601347,943,667,990.0,902.0,-0.008213367666771209,0.19739555984988075,-0.47059130289520257,11.780523776915427,-0.008213367666771276,False,-0.47059130289520645,0.19739555984988044,False,11.309932474020195
930,15.49844776119403,920,668,935.0,906.0,-0.055271516258581364,0.0629419593073733,-3.1668246089054226,6.773133231502075,-0.05527151625858151,False,-3.166824608905431,0.06294195930737345,False,3.606308622596669
931,15.51511275878671,897,668,880.0,906.0,-0.10210272476320247,-0.07130746478529032,-5.850055205717379,1.7644384257424939,-0.10210272476320226,False,-5.850055205717367,-0.07130746478529204,False,-4.085616779974975
932,15.531777756379393,875,665,826.0,899.0,-0.14737724202674138,-0.20641910492155582,-8.444093964410344,-3.382849558462922,-0.1473772420267414,False,-8.444093964410346,-0.20641910492155446,False,-11.82694352287319
933,15.548442753972074,853,662,774.0,888.0,-0.19260326426862212,-0.3362805753700938,-11.0353541630349,-8.232103537902448,-0.19260326426862218,False,-11.035354163034903,-0.33628057537009326,False,-19.267457700937324
934,15.565107751564756,832,657,727.0,873.0,-0.23657549957921717,-0.45247488956206683,-13.554777662088126,-12.37012384546634,-0.2365754995792173,False,-13.554777662088135,-0.4524748895620654,False,-25.924901507554374
935,15.581772749157437,811,651,684.0,854.0,-0.2811015569684659,-0.5590419890640936,-16.105932828849372,-15.92481371512192,-0.28110155696846606,False,-16.10593282884938,-0.5590419890640952,False,-32.030746543971375
936,15.59843774675012,792,644,646.0,835.0,-0.3223969667177263,-0.6526522676435522,-18.471985520745385,-18.922234904872766,-0.3223969667177262,False,-18.47198552074538,-0.6526522676435533,False,-37.39422042561822
937,15.615102744342801,774,637,613.0,815.0,-0.3618844326624451,-0.7352926439455092,-20.73445066304434,-21.394714542048913,-0.3618844326624453,False,-20.734450663044353,-0.7352926439455096,False,-42.129165205093265
938,15.631767741935484,757,629,585.0,796.0,-0.40031331033230605,-0.8001463565520431,-22.936263164951907,-22.908746058250106,-0.4003133103323062,False,-22.936263164951917,-0.8001463565520446,False,-45.8450092232021
939,15.648432739528165,743,621,561.0,778.0,-0.43327021606391036,-0.8590112204084543,-24.824554769183347,-24.393162714603204,-0.43327021606391014,False,-24.824554769183333,-0.8590112204084548,False,-49.217717483786586
940,15.665097737120847,730,613,543.0,763.0,-0.46457096977255274,-0.894752453712551,-26.617955852267016,-24.647583454436717,-0.46457096977255263,False,-26.61795585226701,-0.8947524537125524,False,-51.2655393067038
941,15.681762734713528,719,607,526.0,750.0,-0.49044341200958697,-0.9331236282727466,-28.100337598145085,-25.36370806581759,-0.49044341200958685,False,-28.100337598145078,-0.933123628272746,False,-53.464045663962644
942,15.698427732306211,711,601,515.0,740.0,-0.5109221927406612,-0.9539333784220542,-29.273685303609472,-25.38267121663028,-0.5109221927406611,False,-29.27368530360947,-0.9539333784220538,False,-54.65635652023972
943,15.715092729898892,705,596,508.0,732.0,-0.526877918934559,-0.9665726663845327,-30.18788107358616,-25.19265330295411,-0.5268779189345589,False,-30.18788107358615,-0.9665726663845327,False,-55.38053437654026
944,15.731757727491573,702,593,502.0,727.0,-0.5354195419366259,-0.9804895798595247,-30.677280021796452,-25.500634760709602,-0.5354195419366259,False,-30.677280021796452,-0.9804895798595261,False,-56.17791478250613
945,15.748422725084255,700,593,501.0,726.0,-0.5389939844863577,-0.9816349752143809,-30.882080494008065,-25.361460608205128,-0.5389939844863578,False,-30.882080494008072,-0.98163497521438,False,-56.24354110221315
946,15.765087722676936,701,593,502.0,728.0,-0.5372086657819632,-0.9747200809127987,-30.7797892671605,-25.067557575792964,-0.5372086657819635,False,-30.77978926716051,-0.9747200809127996,False,-55.84734684295353
947,15.781752720269619,705,596,508.0,732.0,-0.526877918934559,-0.9665726663845327,-30.18788107358616,-25.19265330295411,-0.5268779189345589,False,-30.18788107358615,-0.9665726663845327,False,-55.38053437654026
948,15.7984177178623,710,600,516.0,741.0,-0.5137449322017106,-0.9423066007622575,-29.435416361392637,-24.554774869603747,-0.5137449322017105,False,-29.43541636139263,-0.942306600762258,False,-53.99019123099643
949,15.815082715454983,717,605,529.0,753.0,-0.4960436783661781,-0.903888122555586,-28.421209224526862,-23.367765349911917,-0.49604367836617813,False,-28.421209224526866,-0.9038881225555855,False,-51.78897457443876
950,15.831747713047664,728,612,545.0,766.0,-0.4691877185245802,-0.8712401007256189,-26.882476070830478,-23.035904643300217,-0.4691877185245801,False,-26.88247607083047,-0.8712401007256183,False,-49.91838071413066
951,15.848412710640346,740,619,564.0,782.0,-0.44061021069434975,-0.8237274646460384,-25.24510548315621,-21.951001710073513,-0.4406102106943499,False,-25.24510548315622,-0.8237274646460371,False,-47.19610719322966
952,15.865077708233027,754,627,589.0,799.0,-0.4075886513758018,-0.7646296366009722,-23.35310950126252,-20.456941566595045,-0.4075886513758018,False,-23.35310950126252,-0.7646296366009722,False,-43.810051067857565
953,15.88174270582571,771,636,617.0,818.0,-0.368348921408963,-0.702256931509007,-21.104838584929634,-19.131519724344187,-0.368348921408963,False,-21.104838584929634,-0.7022569315090053,False,-40.23635830927372
954,15.89840770341839,790,643,650.0,837.0,-0.3269251524535411,-0.6251085342329235,-18.731431452258914,-17.084649296896732,-0.32692515245354103,False,-18.73143145225891,-0.6251085342329219,False,-35.81608074915557
955,15.915072701011074,810,651,687.0,856.0,-0.2830601943111488,-0.5404195002705842,-16.218154482181824,-14.745602049891694,-0.2830601943111488,False,-16.218154482181824,-0.540419500270584,False,-30.963756532073518
956,15.931737698603754,831,657,730.0,872.0,-0.23855582654719706,-0.439170389325224,-13.668242039409314,-11.494367756043255,-0.2385558265471972,False,-13.668242039409321,-0.43917038932522345,False,-25.162609795452525
957,15.948402696196437,853,662,775.0,886.0,-0.19260326426862212,-0.33508309769078787,-11.0353541630349,-8.163493120817106,-0.19260326426862218,False,-11.035354163034903,-0.3350830976907879,False,-19.19884728385201
958,15.965067693789118,876,665,824.0,898.0,-0.14535924504066455,-0.2195776234975388,-8.328471254038021,-4.2523998478835745,-0.14535924504066466,False,-8.328471254038028,-0.21957762349753907,False,-12.580871101921602
959,15.9817326913818,899,667,875.0,904.0,-0.09824531063006106,-0.10092178466729385,-5.6290416560542615,-0.15335066630977415,-0.09824531063006114,False,-5.629041656054266,-0.10092178466729251,False,-5.782392322363964
960,15.998397688974482,922,668,927.0,906.0,-0.05118476199522865,0.021005313472176913,-2.9326708377082165,4.136186647013247,-0.05118476199522881,False,-2.932670837708226,0.021005313472176823,False,1.203515809305021
961,16.015062686567163,945,667,978.0,903.0,-0.004106753093169157,0.13892970426308895,-0.23529961974088884,8.195385323016568,-0.004106753093169324,False,-0.2352996197408984,0.13892970426308793,False,7.960085703275619
962,16.031727684159844,967,664,1028.0,895.0,0.04129881836960612,0.2581758664478214,2.366247991455786,12.426139528137584,0.04129881836960614,False,2.3662479914557872,0.25817586644782153,False,14.79238751959337
963,16.048392681752528,989,661,1076.0,883.0,0.08709717960433452,0.3734971461064775,4.9903007988212815,16.409509333260953,0.0870971796043345,False,4.99030079882128,0.37349714610647666,False,21.39981013208218
964,16.06505767934521,1009,656,1119.0,868.0,0.12952290719556644,0.478627761768176,7.421115932570599,20.002234774538913,0.12952290719556636,False,7.421115932570594,0.4786277617681769,False,27.423350707109556
965,16.08172267693789,1029,650,1159.0,851.0,0.17272951082565158,0.5740985169942165,9.896671967669098,22.996750080819083,0.17272951082565147,False,9.896671967669093,0.5740985169942157,False,32.89342204848813
966,16.09838767453057,1046,644,1193.0,832.0,0.21021007127078178,0.6636157467843974,12.044149894960034,25.978231614208276,0.21021007127078173,False,12.04414989496003,0.6636157467843979,False,38.02238150916833
967,16.115052672123255,1062,637,1224.0,814.0,0.24652266601726802,0.7411792190017954,14.124708317102622,28.34173279450281,0.24652266601726813,False,14.124708317102627,0.741179219001797,False,42.46644111160551
968,16.131717669715936,1077,631,1250.0,795.0,0.28064088972885476,0.812098048402714,16.079538540259712,30.45025218402666,0.2806408897288546,False,16.0795385402597,0.8120980484027136,False,46.529790724286336
969,16.148382667308617,1089,624,1271.0,777.0,0.30953949243537965,0.8717500535547348,17.735306509168925,32.21229234982085,0.3095394924353796,False,17.73530650916892,0.8717500535547344,False,49.94759885898977
970,16.165047664901298,1100,618,1290.0,762.0,0.3360645051506339,0.922261703465222,19.25507778928384,33.586625425819236,0.3360645051506337,False,19.255077789283828,0.922261703465221,False,52.84170321510301
971,16.181712662493982,1108,613,1303.0,750.0,0.3559837507060229,0.9583515603856817,20.39636649069235,34.51313320918405,0.35598375070602284,False,20.396366490692348,0.9583515603856831,False,54.9094996998765
972,16.198377660086663,1114,609,1313.0,740.0,0.37122870866263963,0.9886143792812577,21.269838240460874,35.37359325830081,0.3712287086626396,False,21.26983824046087,0.988614379281259,False,56.64343149876176
973,16.215042657679344,1118,607,1320.0,733.0,0.3809100912607991,1.013087483166104,21.82454060318681,36.221096459761796,0.380910091260799,False,21.824540603186804,1.0130874831661032,False,58.04563706294855
974,16.231707655272025,1120,606,1323.0,728.0,0.38575673274487643,1.0296527136892508,22.102232705037462,36.892522153548725,0.38575673274487654,False,22.10223270503747,1.0296527136892522,False,58.99475485858627
975,16.24837265286471,1119,606,1322.0,729.0,0.38373999559116223,1.026041593568053,21.986682177742413,36.80117073858438,0.38373999559116223,False,21.986682177742413,1.0260415935680527,False,58.78785291632677
976,16.26503765045739,1116,608,1319.0,731.0,0.37606734250859775,1.026041593568053,21.54707153844343,37.240781377883366,0.37606734250859786,False,21.547071538443433,1.0260415935680527,False,58.78785291632677
977,16.28170264805007,1111,611,1312.0,738.0,0.3635929679154773,1.0072929045340115,20.832342522192402,36.88128964108062,0.36359296791547724,False,20.8323425221924,1.0072929045340118,False,57.71363216327302
978,16.298367645642752,1104,616,1301.0,748.0,0.34563679555757515,0.9804545462272519,19.803529629875136,36.37237787336066,0.3456367955575752,False,19.80352962987514,0.9804545462272536,False,56.1759075032359
979,16.315032643235433,1095,621,1287.0,760.0,0.32378998052902824,0.9441712528485336,18.551799332936422,35.54522859286388,0.3237899805290283,False,18.551799332936422,0.944171252848534,False,54.097027925800305
980,16.331697640828118,1083,627,1269.0,775.0,0.2953518137307975,0.8986834994141027,16.922412398308733,34.56835923616696,0.29535181373079755,False,16.922412398308737,0.8986834994141013,False,51.49077163447559
981,16.3483626384208,1070,634,1246.0,792.0,0.2645738855202524,0.8392382953707508,15.158967009687865,32.92584532080972,0.2645738855202522,False,15.158967009687853,0.8392382953707518,False,48.08481233049765
982,16.36502763601348,1054,641,1221.0,811.0,0.22806587303314785,0.7764963213891687,13.067211975765867,31.422750047267456,0.22806587303314796,False,13.067211975765874,0.7764963213891676,False,44.48996202303326
983,16.38169263360616,1037,647,1189.0,830.0,0.19038536540737644,0.6931236382026539,10.908277918898651,28.804781230866045,0.19038536540737638,False,10.908277918898648,0.6931236382026533,False,39.71305914976467
984,16.398357631198845,1018,653,1153.0,848.0,0.1489933281529106,0.6055446636049701,8.536688878769487,26.15846465246449,0.14899332815291055,False,8.536688878769484,0.6055446636049702,False,34.69515353123398
985,16.415022628791526,998,658,1114.0,867.0,0.10629244301132114,0.5066921655280692,6.090108378683524,22.941214218418935,0.10629244301132124,False,6.09010837868353,0.5066921655280687,False,29.031322597102438
986,16.431687626384207,977,663,1070.0,882.0,0.062032112412757426,0.4015805401088795,3.5541782355320866,19.454691847290796,0.062032112412757634,False,3.5541782355320986,0.4015805401088812,False,23.00887008282297
987,16.448352623976888,956,666,1022.0,894.0,0.018516402068009044,0.28177186727335213,1.0609116902642277,15.083427090019256,0.018516402068009086,False,1.0609116902642302,0.2817718672733527,False,16.144338780283512
988,16.465017621569572,934,667,972.0,903.0,-0.026687707407175736,0.15964666966066154,-1.5290929993111948,10.676173384186354,-0.026687707407175854,False,-1.5290929993112017,0.15964666966065977,False,9.147080384875052
989,16.481682619162253,912,667,920.0,906.0,-0.07174522924003457,0.033460310449650164,-4.110698835652568,6.027833405615007,-0.07174522924003446,False,-4.1106988356525616,0.03346031044965159,False,1.9171345699625217
990,16.498347616754934,891,666,868.0,904.0,-0.11472040423104049,-0.09633949292208074,-6.572994986473373,1.0531486416076885,-0.11472040423104035,False,-6.572994986473365,-0.09633949292208044,False,-5.519846344865676
991,16.515012614347615,870,664,818.0,898.0,-0.15776873759595397,-0.21866894587394195,-9.03948280335512,-3.4893249057963867,-0.157768737595954,False,-9.039482803355122,-0.2186689458739437,False,-12.52880770915161
992,16.531677611940296,849,660,770.0,886.0,-0.20139874102752064,-0.3362805753700938,-11.53929786012519,-7.728159840812174,-0.20139874102752042,False,-11.539297860125178,-0.33628057537009326,False,-19.267457700937324
993,16.54834260953298,829,656,725.0,872.0,-0.24300042634046246,-0.4487233440107211,-13.922898849188138,-11.787054931623127,-0.24300042634046237,False,-13.922898849188135,-0.44872334401071967,False,-25.709953780811183
994,16.56500760712566,810,650,686.0,855.0,-0.2836306971663148,-0.5439985830553079,-16.250841887982993,-14.917980982183138,-0.28363069716631495,False,-16.250841887983004,-0.5439985830553091,False,-31.168822870166192
995,16.581672604718342,793,644,650.0,837.0,-0.3204568940575121,-0.6376726985221499,-18.360827545366394,-18.175126790670937,-0.3204568940575121,False,-18.360827545366394,-0.6376726985221488,False,-36.53595433603726
996,16.598337602311023,776,637,619.0,819.0,-0.3580510733691138,-0.7117851063864423,-20.514815354179206,-20.267467162034244,-0.358051073369114,False,-20.51481535417922,-0.7117851063864435,False,-40.78228251621351
997,16.615002599903708,761,630,593.0,802.0,-0.3919475254685127,-0.7736340002476896,-22.45693899994212,-21.869024102073386,-0.39194752546851275,False,-22.456938999942125,-0.7736340002476894,False,-44.325963102015486
998,16.63166759749639,748,623,572.0,787.0,-0.422196710942615,-0.8206776369910396,-24.19008966131662,-22.83127527903941,-0.422196710942615,False,-24.19008966131662,-0.8206776369910393,False,-47.021364940356
999,16.64833259508907,736,617,554.0,773.0,-0.44982360487880013,-0.8621700546672264,-25.772994084915595,-23.62571127007995,-0.44982360487880024,False,-25.772994084915602,-0.862170054667228,False,-49.39870535499563
1000,16.66499759268175,727,611,541.0,762.0,-0.4719653469349555,-0.888884712169325,-27.041622455800614,-23.887720025202672,-0.4719653469349554,False,-27.04162245580061,-0.8888847121693253,False,-50.9293424810033
1001,16.681662590274435,719,606,530.0,754.0,-0.49141824559422714,-0.9064648979653952,-28.156191448272576,-23.780421481901367,-0.4914182455942271,False,-28.156191448272573,-0.906464897965396,False,-51.93661293017399
1002,16.698327587867116,714,603,523.0,747.0,-0.5034782466766621,-0.9247868620583448,-28.847178611219302,-24.139205533870896,-0.5034782466766621,False,-28.847178611219302,-0.9247868620583439,False,-52.98638414509015
1003,16.714992585459797,711,601,520.0,745.0,-0.5109221927406612,-0.9247868620583448,-29.273685303609472,-23.712698841480734,-0.5109221927406611,False,-29.27368530360947,-0.9247868620583439,False,-52.98638414509015
1004,16.731657583052478,711,601,519.0,744.0,-0.5109221927406612,-0.930636893115173,-29.273685303609472,-24.04788093105743,-0.5109221927406611,False,-29.27368530360947,-0.9306368931151745,False,-53.321566234666996
1005,16.748322580645162,713,602,522.0,747.0,-0.5062933515872567,-0.9214570858323191,-29.00847224148293,-23.787129779132993,-0.5062933515872565,False,-29.008472241482917,-0.9214570858323192,False,-52.79560202061594
1006,16.764987578237843,716,604,528.0,752.0,-0.49885085395217715,-0.903888122555586,-28.582048537956773,-23.20692603648202,-0.498850853952177,False,-28.582048537956766,-0.9038881225555855,False,-51.78897457443876
1007,16.781652575830524,723,609,538.0,761.0,-0.4812058783526166,-0.883009810267973,-27.571065906490634,-23.02166949051181,-0.4812058783526165,False,-27.57106590649063,-0.8830098102679713,False,-50.59273539700234
1008,16.798317573423205,731,614,552.0,772.0,-0.4618025926441555,-0.8476322329558251,-26.459339526709307,-22.106410000909285,-0.4618025926441556,False,-26.45933952670931,-0.8476322329558243,False,-48.56574952761854
1009,16.814982571015886,741,620,569.0,785.0,-0.43787063094583817,-0.8061666901939245,-25.088139125926986,-21.101809806215464,-0.437870630945838,False,-25.088139125926975,-0.8061666901939262,False,-46.18994893214254
1010,16.83164756860857,754,627,590.0,800.0,-0.4075886513758018,-0.7586982783921826,-23.35310950126252,-20.117099774451123,-0.4075886513758018,False,-23.35310950126252,-0.7586982783921812,False,-43.470209275713565
1011,16.84831256620125,769,634,614.0,816.0,-0.3736519528548152,-0.7054502392496215,-21.40867990540212,-19.010641460095353,-0.37365195285481523,False,-21.408679905402124,-0.7054502392496218,False,-40.4193213654975
1012,16.864977563793932,785,641,643.0,833.0,-0.33793037213628074,-0.636801041548249,-19.3619840926942,-17.124027977555464,-0.33793037213628097,False,-19.36198409269421,-0.6368010415482495,False,-36.48601207024968
1013,16.881642561386613,804,648,676.0,850.0,-0.29654580906970046,-0.5648049094433026,-16.990823291986167,-15.37011426738374,-0.2965458090697006,False,-16.990823291986175,-0.5648049094433034,False,-32.360937559369944
1014,16.898307558979297,823,654,713.0,866.0,-0.2558693216479237,-0.478627761768176,-14.660232237301377,-12.763118469808138,-0.25586932164792353,False,-14.660232237301368,-0.4786277617681769,False,-27.423350707109556
1015,16.91497255657198,844,659,754.0,880.0,-0.21180609147695792,-0.3867319776141511,-12.135595116791526,-10.022515003247177,-0.21180609147695773,False,-12.135595116791515,-0.3867319776141507,False,-22.158110120038668
1016,16.93163755416466,865,663,799.0,892.0,-0.16816880246043808,-0.28060513042474605,-9.635362626752356,-6.442127056303598,-0.1681688024604382,False,-9.635362626752363,-0.2806051304247461,False,-16.077489683055962
1017,16.94830255175734,887,666,846.0,901.0,-0.12283523887789499,-0.17272951082565158,-7.037940763184669,-2.85873120448442,-0.12283523887789505,False,-7.037940763184673,-0.17272951082565058,False,-9.896671967669041
1018,16.964967549350025,908,667,895.0,906.0,-0.07991159837834193,-0.05433975721276864,-4.578597321223466,1.4651585731662573,-0.07991159837834205,False,-4.578597321223473,-0.05433975721276951,False,-3.1134387480572667
1019,16.981632546942706,930,667,944.0,906.0,-0.03489342912114106,0.05851054432966771,-1.999246221380264,5.351653468483334,-0.03489342912114113,False,-1.999246221380268,0.058510544329667624,False,3.3524072471030655
1020,16.998297544535387,951,666,992.0,901.0,0.008230266837865256,0.17272951082565158,0.47155955407616096,9.425112413592927,0.008230266837865319,False,0.47155955407616457,0.17272951082565058,False,9.896671967669041
1021,17.014962542128067,972,663,1038.0,893.0,0.051713685607410506,0.2794477641263722,2.962975928371051,13.048201550437417,0.0517136856074103,False,2.9629759283710393,0.27944776412637395,False,16.01117747880856
1022,17.031627539720752,992,660,1082.0,881.0,0.09347678115858947,0.3867319776141511,5.35582504285519,16.802285077183488,0.09347678115858926,False,5.355825042855178,0.3867319776141507,False,22.158110120038668
1023,17.048292537313433,1011,655,1122.0,866.0,0.13393027125484244,0.4842825783850835,7.67363929194476,20.073708541234,0.13393027125484247,False,7.673639291944761,0.48428257838508415,False,27.74734783317879
1024,17.064957534906114,1028,650,1159.0,850.0,0.1706639610300881,0.5798821323938134,9.778324682009202,23.44647411920273,0.17066396103008818,False,9.778324682009206,0.5798821323938128,False,33.22479880121191
1025,17.081622532498795,1045,644,1190.0,833.0,0.208147833640982,0.6544158726530068,11.925992382419444,25.569275166968584,0.20814783364098188,False,11.925992382419437,0.6544158726530078,False,37.495267549388096
1026,17.098287530091476,1059,638,1218.0,816.0,0.23983467557654625,0.7290779656497262,13.741514691425424,28.031575676287886,0.23983467557654636,False,13.741514691425431,0.7290779656497257,False,41.773090367713294
1027,17.11495252768416,1072,632,1242.0,800.0,0.26980542862204254,0.7913152541034756,15.45871234976122,29.880311974690226,0.2698054286220426,False,15.458712349761223,0.7913152541034769,False,45.33902432445152
1028,17.13161752527684,1083,627,1261.0,785.0,0.2953518137307975,0.8448518227061051,16.922412398308733,31.48403135668599,0.29535181373079755,False,16.922412398308737,0.8448518227061044,False,48.406443754994676
1029,17.148282522869522,1092,622,1277.0,772.0,0.3169919227429521,0.8894981015070477,18.16229931290821,32.80218778834492,0.31699192274295207,False,18.162299312908207,0.8894981015070478,False,50.96448710125313
1030,17.164947520462203,1099,618,1290.0,761.0,0.334028245761362,0.9281334407726048,19.13840872028467,34.03972026094093,0.3340282457613619,False,19.138408720284666,0.928133440772605,False,53.178128981225626
1031,17.181612518054887,1104,615,1298.0,753.0,0.3463693824853923,0.9524999633285539,19.845503768965514,34.728724116126294,0.3463693824853924,False,19.84550376896552,0.9524999633285525,False,54.57422788509174
1032,17.19827751564757,1107,613,1302.0,748.0,0.3539532633183636,0.9652516631899266,20.280028133024928,35.02481833574111,0.35395326331836374,False,20.28002813302494,0.9652516631899282,False,55.30484646876612
1033,17.21494251324025,1107,613,1305.0,746.0,0.3539532633183636,0.9793053653039,20.280028133024928,35.830036153405864,0.35395326331836374,False,20.28002813302494,0.979305365303901,False,56.11006428643085
1034,17.23160751083293,1106,613,1303.0,747.0,0.3519197244244552,0.9734808376604899,20.163514936928276,35.612828497877835,0.3519197244244552,False,20.163514936928276,0.9734808376604889,False,55.77634343480606
1035,17.248272508425615,1102,616,1297.0,752.0,0.34157024177905976,0.9617933103906694,19.570533261203227,35.536164188098134,0.3415702417790598,False,19.57053326120323,0.961793310390668,False,55.10669744930126
1036,17.264937506018295,1097,619,1289.0,759.0,0.32924870971407394,0.9407624172489815,18.864561476744427,35.03715455614757,0.32924870971407394,False,18.864561476744427,0.9407624172489832,False,53.9017160328921
1037,17.281602503610976,1089,623,1277.0,769.0,0.3101943047518682,0.9104900774865703,17.772824491276904,34.39441423724286,0.31019430475186827,False,17.772824491276907,0.9104900774865712,False,52.16723872851982
1038,17.298267501203657,1080,628,1261.0,782.0,0.2885873618940774,0.8658213392168801,16.534837857345156,33.07307069214687,0.2885873618940775,False,16.53483785734516,0.865821339216879,False,49.60790854949195
1039,17.31493249879634,1068,634,1241.0,796.0,0.26046529276273245,0.8182221908244113,14.923561984943955,31.957116253242678,0.2604652927627322,False,14.923561984943943,0.8182221908244109,False,46.88067823818662
1040,17.331597496389023,1054,640,1218.0,812.0,0.22854460092252096,0.7615931372123783,13.094641063362152,30.54143140503493,0.22854460092252094,False,13.09464106336215,0.7615931372123796,False,43.63607246839715
1041,17.348262493981704,1038,646,1190.0,828.0,0.19285201408121797,0.6958181893838117,11.049606477451311,28.817839082675714,0.19285201408121777,False,11.0496064774513,0.6958181893838109,False,39.86744556012699
1042,17.364927491574385,1021,652,1158.0,846.0,0.15551373812965635,0.6148652991472469,8.910280851132013,26.318905759054044,0.15551373812965652,False,8.910280851132024,0.6148652991472474,False,35.22918661018609
1043,17.381592489167065,1003,657,1122.0,862.0,0.11686546516526553,0.5259487304013317,6.695897924802856,23.43874456745743,0.11686546516526564,False,6.695897924802862,0.5259487304013319,False,30.134642492260294
1044,17.39825748675975,983,661,1083.0,877.0,0.07470479292598507,0.4335814839517618,4.280269344057713,20.562119761397465,0.07470479292598498,False,4.280269344057707,0.43358148395176244,False,24.842389105455222
1045,17.41492248435243,963,664,1039.0,889.0,0.03304581701892995,0.3257452069169275,1.893385845746274,16.77043970720939,0.033045817018929835,False,1.8933858457462671,0.32574520691692754,False,18.66382555295566
1046,17.43158748194511,943,666,993.0,899.0,-0.008230266837865256,0.21138641644999373,-0.47155955407616096,12.5831090630556,-0.008230266837865319,False,-0.47155955407616457,0.21138641644999367,False,12.111549508979436
1047,17.448252479537793,923,666,945.0,904.0,-0.04934263225296999,0.09217503755646181,-2.827124578161273,8.108365206606392,-0.0493426322529702,False,-2.827124578161285,0.09217503755646206,False,5.281240628445133
1048,17.464917477130477,902,666,897.0,905.0,-0.09232933473159899,-0.020917450819302335,-5.290081205371269,4.091599555252776,-0.09232933473159921,False,-5.2900812053712825,-0.020917450819300853,False,-1.1984816501184048
1049,17.481582474723158,882,665,849.0,902.0,-0.13322675164037845,-0.13835097017712528,-7.633330587231303,-0.29359609545829557,-0.13322675164037845,False,-7.633330587231303,-0.13835097017712528,False,-7.926926682689598
1050,17.49824747231584,862,662,802.0,894.0,-0.17455384180675662,-0.25307565216460226,-10.00119843332138,-4.498968333231183,-0.1745538418067567,False,-10.001198433321383,-0.25307565216460404,False,-14.500166766552669
1051,17.51491246990852,843,659,758.0,883.0,-0.213800650632177,-0.36267880865381774,-12.249874938374758,-8.530090116321768,-0.21380065063217701,False,-12.24987493837476,-0.3626788086538184,False,-20.779965054696554
1052,17.531577467501204,824,654,718.0,869.0,-0.25389373154033834,-0.4580506525194391,-14.54703926208894,-11.697329930488328,-0.25389373154033823,False,-14.547039262088933,-0.45805065251943944,False,-26.244369192577288
1053,17.548242465093885,807,649,681.0,853.0,-0.29008693232102806,-0.5532943253222926,-16.62075691389206,-15.080672755613652,-0.290086932321028,False,-16.620756913892055,-0.5532943253222911,False,-31.70142966950563
1054,17.564907462686566,791,643,650.0,837.0,-0.3249867890533606,-0.6284897260326391,-18.620371410265943,-17.389437358737663,-0.3249867890533604,False,-18.620371410265935,-0.6284897260326403,False,-36.009808769003676
1055,17.581572460279247,776,637,622.0,822.0,-0.3580510733691138,-0.6942063613532516,-20.514815354179206,-19.260279262495843,-0.358051073369114,False,-20.51481535417922,-0.6942063613532525,False,-39.77509461667511
1056,17.598237457871928,763,631,598.0,806.0,-0.3873686407246949,-0.7559948751934432,-22.19458822924452,-21.12072745285919,-0.387368640724695,False,-22.194588229244527,-0.7559948751934442,False,-43.315315682103765
1057,17.614902455464613,751,625,579.0,793.0,-0.41488335224187306,-0.7971623265472071,-23.77106507369883,-21.902971824285686,-0.4148833522418731,False,-23.771065073698832,-0.7971623265472054,False,-45.674036897984415
1058,17.631567453057293,741,619,563.0,781.0,-0.43874500889581103,-0.8324222952401945,-25.13823729215973,-22.556046997696377,-0.43874500889581114,False,-25.138237292159737,-0.8324222952401961,False,-47.69428428985619
1059,17.648232450649974,733,615,552.0,773.0,-0.4571901341833641,-0.853140954667497,-26.195065123726554,-22.686310908482906,-0.4571901341833642,False,-26.195065123726557,-0.8531409546674986,False,-48.88137603220956
1060,17.664897448242655,727,611,545.0,767.0,-0.4719653469349555,-0.8621700546672264,-27.041622455800614,-22.357082899194914,-0.4719653469349554,False,-27.04162245580061,-0.862170054667228,False,-49.39870535499563
1061,17.68156244583534,723,609,539.0,762.0,-0.4812058783526166,-0.8771281411474733,-27.571065906490634,-22.684674673414744,-0.4812058783526165,False,-27.57106590649063,-0.8771281411474732,False,-50.25574057990537
1062,17.69822744342802,722,608,537.0,761.0,-0.4839963263002257,-0.8797913665868817,-27.73094679683958,-22.67738536063577,-0.4839963263002258,False,-27.730946796839586,-0.8797913665868826,False,-50.40833215747541
1063,17.7148924410207,722,608,540.0,763.0,-0.4839963263002257,-0.8653460875452751,-27.73094679683958,-21.849731837662937,-0.4839963263002258,False,-27.730946796839586,-0.8653460875452765,False,-49.5806786345026
1064,17.731557438613383,725,610,544.0,766.0,-0.47658588884881886,-0.8594465026179657,-27.306360006528283,-21.93629731076042,-0.47658588884881903,False,-27.306360006528294,-0.859446502617967,False,-49.24265731728877
1065,17.748222436206067,730,613,552.0,772.0,-0.46457096977255274,-0.8417183611451705,-26.617955852267016,-21.608953780019675,-0.46457096977255263,False,-26.61795585226701,-0.8417183611451691,False,-48.226909632286606
1066,17.764887433798748,737,617,563.0,782.0,-0.4479662376786797,-0.8119406011488455,-25.666574783342664,-20.854194877801103,-0.4479662376786795,False,-25.66657478334265,-0.8119406011488444,False,-46.5207696611437
1067,17.78155243139143,746,623,578.0,792.0,-0.425946989659276,-0.7824308130563733,-24.404964803779034,-20.42501854534065,-0.425946989659276,False,-24.404964803779034,-0.7824308130563722,False,-44.82998334911964
1068,17.79821742898411,758,628,596.0,804.0,-0.39922076957525254,-0.7440017078479142,-22.873665190626713,-19.754492619584056,-0.39922076957525254,False,-22.873665190626713,-0.7440017078479144,False,-42.628157810210794
1069,17.814882426576794,771,635,619.0,819.0,-0.36908700293360697,-0.690446457054692,-21.147127541228315,-18.412540427766174,-0.3690870029336071,False,-21.14712754122832,-0.6904464570546907,False,-39.55966796899442
1070,17.831547424169475,786,641,645.0,834.0,-0.3359982948934376,-0.6309494667237168,-19.251284220986015,-16.89945730831293,-0.3359982948934377,False,-19.25128422098602,-0.6309494667237168,False,-36.15074152929895
1071,17.848212421762156,802,647,675.0,849.0,-0.30105493263547256,-0.5612647910390186,-17.249177041607886,-14.908926674219952,-0.30105493263547256,False,-17.249177041607886,-0.5612647910390187,False,-32.15810371582784
1072,17.864877419354837,821,653,709.0,864.0,-0.26033919922808585,-0.487987370663628,-14.916337357584819,-13.043279437127183,-0.2603391992280857,False,-14.916337357584808,-0.4879873706636282,False,-27.959616794712016
1073,17.881542416947518,839,658,746.0,878.0,-0.22221032106491292,-0.39994405315716103,-12.731713561266483,-10.18339272599469,-0.2222103210649129,False,-12.731713561266481,-0.3999440531571601,False,-22.91510628726112
1074,17.898207414540202,859,661,786.0,888.0,-0.18095099340707774,-0.31114087293310727,-10.36772822092514,-7.459330632158134,-0.18095099340707765,False,-10.367728220925134,-0.3111408729331089,False,-17.82705885308337
1075,17.914872412132883,879,664,830.0,898.0,-0.13958224392387875,-0.20641910492155582,-7.997473471803832,-3.8294700510694355,-0.13958224392387875,False,-7.997473471803832,-0.20641910492155446,False,-11.82694352287319
1076,17.931537409725564,900,666,875.0,904.0,-0.09640801599283491,-0.10465821607405422,-5.523772427619184,-0.4727016447923641,-0.09640801599283488,False,-5.523772427619182,-0.10465821607405346,False,-5.996474072411495
1077,17.948202407318245,921,666,920.0,905.0,-0.05344699228153171,-0.004184076002074724,-3.0622870854000537,2.8225571893191956,-0.05344699228153171,False,-3.0622870854000537,-0.004184076002076154,False,-0.23972989608093428
1078,17.96486740491093,941,666,966.0,903.0,-0.012345051844224488,0.10509657413192951,-0.7073193685442566,6.728909507587597,-0.012345051844224297,False,-0.7073193685442456,0.10509657413193096,False,6.021590139043428
1079,17.98153240250361,961,664,1011.0,897.0,0.028917556608932894,0.21138641644999373,1.6568539475224957,10.454695561456932,0.028917556608933026,False,1.6568539475225033,0.21138641644999367,False,12.111549508979436
1080,17.99819740009629,979,661,1054.0,887.0,0.06643017564367905,0.3204225339290187,3.806168696695566,14.552690158324639,0.06643017564367915,False,3.806168696695572,0.320422533929019,False,18.358858855020213
1081,18.014862397688972,997,657,1093.0,876.0,0.10444040050629932,0.4131288322784014,5.9839941596669375,17.68654432505352,0.10444040050629955,False,5.98399415966695,0.413128832278403,False,23.67053848472055
1082,18.031527395281657,1014,653,1130.0,862.0,0.14071292253476148,0.5066921655280692,8.062256584193127,20.969066012909327,0.14071292253476164,False,8.062256584193136,0.5066921655280687,False,29.031322597102438
1083,18.048192392874338,1030,648,1162.0,847.0,0.17552533713154203,0.585679727353805,10.056861015248273,23.5001155084975,0.17552533713154217,False,10.056861015248282,0.5856797273538064,False,33.55697652374586
1084,18.06485739046702,1045,643,1191.0,832.0,0.2085844837050166,0.6577380027737101,11.951010588212743,25.734600996084893,0.2085844837050166,False,11.951010588212743,0.6577380027737085,False,37.68561158429753
1085,18.0815223880597,1058,638,1215.0,817.0,0.23777343526905567,0.7200153013186058,13.623414321243965,27.630423629152396,0.2377734352690557,False,13.623414321243967,0.7200153013186075,False,41.253837950396466
1086,18.098187385652384,1069,633,1235.0,803.0,0.2630738957086199,0.7734939638391385,15.073023924168698,29.244915682658668,0.26307389570862005,False,15.073023924168709,0.7734939638391367,False,44.317939606827245
1087,18.114852383245065,1078,628,1253.0,791.0,0.28447968627119735,0.8208862165611219,16.299485380545356,30.73383028886902,0.28447968627119735,False,16.299485380545356,0.8208862165611208,False,47.03331566941433
1088,18.131517380837746,1085,624,1266.0,779.0,0.3013452237101041,0.8626252207714327,17.26580949501459,32.158974956729374,0.3013452237101042,False,17.265809495014597,0.8626252207714344,False,49.42478445174407
1089,18.148182378430427,1091,621,1275.0,772.0,0.3156156620387663,0.8835888388388599,18.08344538304866,32.54246590728308,0.31561566203876623,False,18.083445383048655,0.8835888388388611,False,50.625911290331814
1090,18.164847376023108,1094,620,1281.0,767.0,0.322432217549411,0.9045909619113205,18.474005244625243,33.35523905857283,0.322432217549411,False,18.474005244625243,0.904590961911321,False,51.8292443031981
1091,18.181512373615792,1096,619,1285.0,763.0,0.32720752614998494,0.9197196053504169,18.747610273310656,33.94844144870593,0.32720752614998494,False,18.747610273310656,0.9197196053504157,False,52.69605172201651
1092,18.198177371208473,1095,619,1284.0,763.0,0.3251635104281804,0.9197196053504169,18.63049679919287,34.06555492282369,0.3251635104281805,False,18.630496799192873,0.9197196053504157,False,52.69605172201651
1093,18.214842368801154,1092,621,1280.0,767.0,0.3176633836949841,0.9104900774865703,18.20077119156748,33.96646753695231,0.31766338369498426,False,18.200771191567487,0.9104900774865712,False,52.16723872851982
1094,18.231507366393835,1088,623,1273.0,772.0,0.30814595161886693,0.8927680854329957,17.655462501803534,33.496380877482025,0.30814595161886693,False,17.655462501803534,0.8927680854329942,False,51.15184337928548
1095,18.24817236398652,1081,626,1262.0,781.0,0.291868147807195,0.8626252207714327,16.722813043652767,32.701971408091204,0.29186814780719494,False,16.722813043652764,0.8626252207714344,False,49.42478445174407
1096,18.2648373615792,1073,631,1248.0,791.0,0.27243290319969954,0.8301443948520639,15.609255553838885,31.954514657626124,0.2724329031996997,False,15.609255553838894,0.8301443948520628,False,47.56377021146494
1097,18.28150235917188,1062,636,1230.0,803.0,0.24704157923095627,0.7883832291580225,14.154439854180527,31.016591815469372,0.24704157923095638,False,14.154439854180534,0.788383229158022,False,45.17103166964988
1098,18.298167356764562,1050,641,1209.0,817.0,0.21981705099520277,0.7346953878814758,12.594589287037111,29.50035566629842,0.21981705099520266,False,12.594589287037104,0.7346953878814766,False,42.09494495333558
1099,18.314832354357247,1036,646,1184.0,832.0,0.18871450467323056,0.6721128273807938,10.812544650677962,27.69668371484635,0.18871450467323037,False,10.812544650677951,0.6721128273807935,False,38.5092283655243
1100,18.331497351949928,1020,651,1155.0,847.0,0.1537659334504229,0.6031529594223374,8.81013901959872,25.747979956126617,0.15376593345042266,False,8.810139019598706,0.6031529594223386,False,34.5581189757254
1101,18.34816234954261,1003,656,1122.0,861.0,0.11710874456686428,0.5259487304013317,6.7098368077569335,23.42480568450334,0.11710874456686415,False,6.709836807756926,0.5259487304013319,False,30.134642492260294
1102,18.36482734713529,985,660,1086.0,875.0,0.07900189713040302,0.439170389325224,4.526475279098783,20.636134516353785,0.07900189713040318,False,4.526475279098792,0.43917038932522345,False,25.162609795452525
1103,18.381492344727974,966,663,1047.0,887.0,0.039317202185869246,0.3469776052196545,2.2527097475128426,17.627642617129805,0.039317202185869427,False,2.252709747512853,0.34697760521965293,False,19.880352364642555
1104,18.398157342320655,947,665,1004.0,896.0,0.0,0.24192056868440487,0.0,13.861027563021146,0.0,False,0.0,0.2419205686844066,False,13.861027563021247
1105,18.414822339913336,927,666,960.0,902.0,-0.04112905637755206,0.13892970426308895,-2.3565213457893552,10.31660704906503,-0.04112905637755215,False,-2.3565213457893606,0.13892970426308793,False,7.960085703275619
1106,18.431487337506017,908,666,915.0,905.0,-0.08007532427453769,0.02928033234577806,-4.58797812407248,6.265617590225953,-0.08007532427453778,False,-4.587978124072485,0.029280332345777538,False,1.6776394661534424
1107,18.448152335098698,889,665,868.0,902.0,-0.11902238892389615,-0.0883767861448488,-6.819480552903885,1.7558636998738013,-0.11902238892389594,False,-6.819480552903873,-0.088376786144849,False,-5.063616853030098
1108,18.464817332691382,870,663,824.0,897.0,-0.15808997112168574,-0.19410609803032688,-9.057888128617657,-2.063572066272685,-0.15808997112168566,False,-9.057888128617654,-0.1941060980303284,False,-11.121460194890439
1109,18.481482330284063,852,660,783.0,888.0,-0.1953915545165731,-0.29386933503246765,-11.195111426299977,-5.642361199376406,-0.19539155451657297,False,-11.19511142629997,-0.29386933503246837,False,-16.837472625676426
1110,18.498147327876744,835,656,742.0,877.0,-0.23109066719589708,-0.39832013937745453,-13.240519915187205,-9.581542966203639,-0.23109066719589721,False,-13.240519915187212,-0.3983201393774536,False,-22.8220628813908
1111,18.514812325469425,818,652,707.0,864.0,-0.26678977987522107,-0.4823370214477118,-15.285928404074435,-12.349947227790526,-0.266789779875221,False,-15.285928404074431,-0.4823370214477123,False,-27.635875631864984
1112,18.53147732306211,802,647,674.0,849.0,-0.30105493263547256,-0.5648049094433026,-17.249177041607886,-15.111760517762002,-0.30105493263547256,False,-17.249177041607886,-0.5648049094433034,False,-32.360937559369944
1113,18.54814232065479,789,641,646.0,835.0,-0.3301864347476277,-0.635202544108615,-18.91828916351082,-17.476135749885323,-0.33018643474762754,False,-18.91828916351081,-0.6352025441086155,False,-36.394424913396186
1114,18.56480731824747,775,636,623.0,821.0,-0.36069189749368147,-0.6877865165269237,-20.666123430953263,-18.74114117204431,-0.36069189749368125,False,-20.666123430953252,-0.6877865165269235,False,-39.40726460299756
1115,18.581472315840152,764,631,602.0,809.0,-0.3854662753944192,-0.738374031554702,-22.085590724727712,-20.22012498541619,-0.38546627539441936,False,-22.08559072472772,-0.7383740315547023,False,-42.30571571014391
1116,18.598137313432836,754,626,586.0,797.0,-0.40840433601090487,-0.7765488368811906,-23.399844788267593,-21.093126150817636,-0.40840433601090487,False,-23.399844788267593,-0.7765488368811901,False,-44.492970939085204
1117,18.614802311025517,746,622,575.0,789.0,-0.426797937986313,-0.7972319305005993,-24.45372055150197,-21.224304359249324,-0.42679793798631316,False,-24.45372055150198,-0.797231930500601,False,-45.678024910751404
1118,18.6314673086182,739,618,565.0,783.0,-0.4433551918596499,-0.8119406011488455,-25.40238131877081,-21.118388342372967,-0.4433551918596499,False,-25.40238131877081,-0.8119406011488444,False,-46.5207696611437
1119,18.64813230621088,735,615,560.0,778.0,-0.4534816006313731,-0.8208862165611219,-25.982581803014806,-21.05073386639957,-0.4534816006313731,False,-25.982581803014806,-0.8208862165611208,False,-47.03331566941433
1120,18.66479730380356,733,614,557.0,777.0,-0.4581023793328488,-0.8237274646460384,-26.247332920673305,-20.94877427255642,-0.4581023793328489,False,-26.247332920673312,-0.8237274646460371,False,-47.19610719322966
1121,18.681462301396245,733,614,558.0,778.0,-0.4581023793328488,-0.8178351598988528,-26.247332920673305,-20.61117007893779,-0.4581023793328489,False,-26.247332920673312,-0.817835159898852,False,-46.858502999611055
1122,18.698127298988926,735,615,561.0,780.0,-0.4534816006313731,-0.8119406011488455,-25.982581803014806,-20.538187858128946,-0.4534816006313731,False,-25.982581803014806,-0.8119406011488444,False,-46.5207696611437
1123,18.714792296581606,739,618,569.0,786.0,-0.4433551918596499,-0.7913152541034756,-25.40238131877081,-19.936643005680637,-0.4433551918596499,False,-25.40238131877081,-0.7913152541034769,False,-45.33902432445152
1124,18.731457294174287,746,621,579.0,793.0,-0.42765208293227763,-0.7706499702428534,-24.502659451998177,-19.6523313247998,-0.42765208293227763,False,-24.502659451998177,-0.7706499702428538,False,-44.154990776798
1125,18.748122291766972,754,626,592.0,802.0,-0.40840433601090487,-0.7440017078479142,-23.399844788267593,-19.228313021943176,-0.40840433601090487,False,-23.399844788267593,-0.7440017078479144,False,-42.628157810210794
1126,18.764787289359653,764,631,609.0,813.0,-0.3854662753944192,-0.7054502392496215,-22.085590724727712,-18.333730640769783,-0.38546627539441936,False,-22.08559072472772,-0.7054502392496218,False,-40.4193213654975
1127,18.781452286952334,776,636,629.0,825.0,-0.35877067027057225,-0.6610431688506869,-20.556045219583467,-17.31893843151475,-0.3587706702705722,False,-20.556045219583464,-0.6610431688506857,False,-37.874983651098134
1128,18.798117284545015,790,642,653.0,837.0,-0.3275832815111281,-0.612444766409215,-18.769139469633572,-16.32136083049001,-0.3275832815111279,False,-18.76913946963356,-0.6124447664092152,False,-35.0905003001236
1129,18.8147822821377,805,647,681.0,851.0,-0.29518519164438933,-0.5461665634337878,-16.912865655983882,-14.380173339936304,-0.2951851916443893,False,-16.91286565598388,-0.5461665634337862,False,-31.293038995920107
1130,18.83144727973038,822,652,711.0,864.0,-0.2588873538510183,-0.4823370214477118,-14.833152744973269,-12.802722886891686,-0.25888735385101835,False,-14.83315274497327,-0.4823370214477123,False,-27.635875631864984
1131,18.84811227732306,839,657,746.0,876.0,-0.22266094063636496,-0.4015805401088795,-12.757532160876679,-10.251337921946183,-0.2226609406363651,False,-12.757532160876687,-0.4015805401088812,False,-23.00887008282297
1132,18.864777274915742,858,660,783.0,887.0,-0.18333461434938564,-0.31910505792279287,-10.504299640878378,-7.779073399375329,-0.18333461434938547,False,-10.504299640878369,-0.3191050579227941,False,-18.283373040253775
1133,18.881442272508426,877,663,823.0,896.0,-0.1439254493882163,-0.22773899193233446,-8.24632081446853,-4.802162253818142,-0.14392544938821628,False,-8.246320814468529,-0.22773899193233405,False,-13.048483068286645
1134,18.898107270101107,896,665,865.0,901.0,-0.10476960804480295,-0.13060816994581406,-6.002856362207086,-1.4804405456154728,-0.10476960804480306,False,-6.002856362207092,-0.1306081699458126,False,-7.483296907822464
1135,18.914772267693788,915,666,908.0,904.0,-0.06574871572105602,-0.029403288204005115,-3.767123919221955,2.082439601325666,-0.0657487157210559,False,-3.767123919221948,-0.02940328820400495,False,-1.684684317896282
1136,18.93143726528647,934,665,950.0,903.0,-0.02679770723750156,0.0671258882021007,-1.5353955253360199,5.381425615383396,-0.026797707237501633,False,-1.535395525336024,0.0671258882020993,False,3.8460300900472957
1137,18.94810226287915,952,664,993.0,899.0,0.010330211039878384,0.17272951082565158,0.5918774940644808,9.304794473604623,0.01033021103987819,False,0.5918774940644697,0.17272951082565058,False,9.896671967669041
1138,18.964767260471834,971,662,1033.0,892.0,0.04975144208251325,0.26330654956916083,2.8505476560175644,12.235806352447552,0.049751442082513364,False,2.850547656017571,0.2633065495691618,False,15.086354008465173
1139,18.981432258064515,988,659,1072.0,881.0,0.08538686639311167,0.36172924151993224,4.892307070172746,15.83325179538781,0.08538686639311166,False,4.892307070172745,0.3617292415199316,False,20.725558865560505
1140,18.998097255657196,1004,655,1107.0,870.0,0.11942892601833845,0.4467636600691884,6.84277341263094,18.754898749150936,0.11942892601833854,False,6.842773412630946,0.44676366006918755,False,25.59767216178183
1141,19.014762253249877,1019,651,1140.0,857.0,0.15169193280458584,0.5310873950188547,8.69130753588485,21.7377587512927,0.15169193280458604,False,8.691307535884862,0.5310873950188544,False,30.429066287177534
1142,19.03142725084256,1033,646,1168.0,844.0,0.18249600024803592,0.5984188934785372,10.456250592230882,23.83062638497808,0.1824960002480358,False,10.456250592230877,0.5984188934785379,False,34.286876977209005
1143,19.048092248435243,1045,642,1192.0,830.0,0.20902294280626463,0.6636157467843974,11.976132444203355,26.04624906496495,0.20902294280626466,False,11.976132444203357,0.6636157467843979,False,38.02238150916833
1144,19.064757246027924,1056,638,1213.0,817.0,0.23364478472634778,0.7200153013186058,13.386860070062406,27.866977880333952,0.23364478472634786,False,13.386860070062411,0.7200153013186075,False,41.253837950396466
1145,19.081422243620604,1065,633,1230.0,805.0,0.25482290470119107,0.7646296366009722,14.600276962642631,29.209774105214922,0.2548229047011912,False,14.600276962642639,0.7646296366009722,False,43.810051067857565
1146,19.09808724121329,1072,630,1243.0,795.0,0.27094685033842053,0.8032534085370008,15.524110996754258,30.49891919191356,0.2709468503384205,False,15.524110996754255,0.8032534085369996,False,46.02303018866777
1147,19.11475223880597,1078,627,1254.0,788.0,0.28508221497938124,0.8298791897663438,16.334007732559762,31.214567346788076,0.285082214979381,False,16.33400773255975,0.8298791897663449,False,47.5485750793479
1148,19.13141723639865,1082,625,1261.0,782.0,0.2945463829994291,0.8507810254762908,16.87626461671119,31.86989743289245,0.29454638299942904,False,16.876264616711186,0.8507810254762909,False,48.74616204960363
1149,19.14808223399133,1083,624,1264.0,779.0,0.29723230781769117,0.8626252207714327,17.030156772887047,32.39462767885693,0.29723230781769105,False,17.030156772887043,0.8626252207714344,False,49.42478445174407
1150,19.164747231584016,1083,624,1264.0,779.0,0.29723230781769117,0.8626252207714327,17.030156772887047,32.39462767885693,0.29723230781769105,False,17.030156772887043,0.8626252207714344,False,49.42478445174407
1151,19.181412229176697,1081,625,1261.0,781.0,0.2924872969984993,0.8567056281827387,16.75828767920344,32.32732910077144,0.29248729699849907,False,16.758287679203427,0.8567056281827377,False,49.08561677997482
1152,19.198077226769378,1077,628,1254.0,786.0,0.2824221327067877,0.8420538841953756,16.181596245182583,32.06453744181023,0.28242213270678773,False,16.181596245182586,0.8420538841953764,False,48.24613368699284
1153,19.21474222436206,1071,630,1245.0,794.0,0.268882633086811,0.8149753344026918,15.405840060238935,31.288807008298225,0.26888263308681104,False,15.405840060238939,0.8149753344026927,False,46.694647068537215
1154,19.23140722195474,1064,634,1232.0,802.0,0.25222116453122,0.7853981633974483,14.451208231513641,30.548791768486346,0.25222116453122023,False,14.451208231513654,0.7853981633974492,False,45.00000000000005
1155,19.248072219547424,1054,638,1215.0,813.0,0.22950800477250086,0.7437555842988599,13.149840037932655,29.464215931678535,0.22950800477250066,False,13.149840037932643,0.7437555842988601,False,42.6140559696112
1156,19.264737217140105,1043,642,1196.0,825.0,0.20487671703710847,0.6963485807629505,11.738571206722323,28.159263540919497,0.2048767170371084,False,11.73857120672232,0.696348580762951,False,39.89783474764184
1157,19.281402214732786,1030,647,1172.0,838.0,0.17589349786364963,0.6392994528464125,10.077955071380487,26.551205421741738,0.17589349786364972,False,10.07795507138049,0.6392994528464122,False,36.6291604931222
1158,19.298067212325467,1015,652,1145.0,851.0,0.1430832936681563,0.5786679855330974,8.198068846016293,24.957164464367555,0.1430832936681563,False,8.198068846016293,0.5786679855330981,False,33.1552333103839
1159,19.31473220991815,999,656,1115.0,864.0,0.10881220481724505,0.5087298243155532,6.234480095541226,22.91359175017181,0.10881220481724485,False,6.234480095541215,0.5087298243155516,False,29.14807184571295
1160,19.331397207510832,983,659,1081.0,876.0,0.07501554627708189,0.4241944079037666,4.298074199545107,20.00647506639162,0.07501554627708185,False,4.298074199545105,0.42419440790376584,False,24.30454926593667
1161,19.348062205103513,965,662,1044.0,887.0,0.03732705263531634,0.33766433024524956,2.1386825776663034,17.208058437498124,0.03732705263531644,False,2.138682577666309,0.33766433024525,False,19.346741015164458
1162,19.364727202696194,947,664,1005.0,895.0,0.0,0.24599699271376327,0.0,14.094589455409087,0.0,False,0.0,0.24599699271376352,False,14.094589455409114
1163,19.38139220028888,929,665,964.0,901.0,-0.03709637607358392,0.14723191804075808,-2.1254657842464466,10.561233297597932,-0.03709637607358385,False,-2.1254657842464426,0.14723191804075952,False,8.435767513351566
1164,19.39805719788156,911,665,921.0,903.0,-0.07409093254550916,0.041992107221369514,-4.245097735046148,6.651068251691457,-0.07409093254550925,False,-4.245097735046153,0.04199210722136826,False,2.405970516645228
1165,19.41472219547424,893,664,879.0,903.0,-0.11111073588203237,-0.05851054432966771,-6.366176224633251,3.0137689775301784,-0.11111073588203224,False,-6.366176224633244,-0.058510544329667624,False,-3.3524072471030655
1166,19.43138719306692,875,663,838.0,899.0,-0.14797864774025896,-0.15551373812965635,-8.478551973569955,-0.43172887756207007,-0.14797864774025893,False,-8.478551973569953,-0.15551373812965608,False,-8.910280851131997
1167,19.448052190659606,858,660,797.0,892.0,-0.18333461434938564,-0.2571115358951299,-10.504299640878378,-4.227106230038934,-0.18333461434938547,False,-10.504299640878369,-0.257111535895131,False,-14.731405870917378
1168,19.464717188252287,841,657,760.0,882.0,-0.21866894587394195,-0.34555558058171215,-12.528807709151511,-7.270068645373419,-0.21866894587394192,False,-12.52880770915151,-0.34555558058171343,False,-19.798876354525003
1169,19.481382185844968,826,653,726.0,871.0,-0.25044308961135187,-0.43007813505586256,-14.349332042947134,-10.292329956611201,-0.25044308961135187,False,-14.349332042947134,-0.43007813505586157,False,-24.641661999558284
1170,19.49804718343765,811,649,694.0,858.0,-0.2822377539774027,-0.5103426130441365,-16.171032122156838,-13.0694457109503,-0.2822377539774026,False,-16.17103212215683,-0.5103426130441377,False,-29.240477833107207
1171,19.51471218103033,797,644,667.0,845.0,-0.3126716858208328,-0.5740985169942165,-17.914767970774186,-14.978654077713983,-0.31267168582083293,False,-17.914767970774193,-0.5740985169942157,False,-32.89342204848813
1172,19.531377178623014,785,639,644.0,833.0,-0.3392926144540447,-0.6284897260326391,-19.44003482817619,-16.569773940827417,-0.33929261445404446,False,-19.44003482817618,-0.6284897260326403,False,-36.009808769003676
1173,19.548042176215695,774,635,623.0,821.0,-0.3633390443563825,-0.6819116146255717,-20.81779377393733,-18.252863745059393,-0.3633390443563824,False,-20.817793773937325,-0.681911614625573,False,-39.070657518996796
1174,19.564707173808376,764,631,607.0,811.0,-0.3854662753944192,-0.7172545775299638,-22.085590724727712,-19.0100694041781,-0.38546627539441936,False,-22.08559072472772,-0.7172545775299639,False,-41.09566012890582
1175,19.581372171401057,757,627,595.0,803.0,-0.4019180183546797,-0.7440017078479142,-23.028206161984702,-19.59995164822609,-0.4019180183546798,False,-23.028206161984706,-0.7440017078479144,False,-42.628157810210794
1176,19.59803716899374,750,624,585.0,797.0,-0.4175972393604252,-0.7617339426183755,-23.926559351666786,-19.71758067222656,-0.41759723936042503,False,-23.926559351666775,-0.761733942618374,False,-43.64414002389326
1177,19.614702166586422,746,621,580.0,794.0,-0.42765208293227763,-0.76475212986323,-24.502659451998177,-19.314409962805552,-0.42765208293227763,False,-24.502659451998177,-0.7647521298632292,False,-43.817069414803676
1178,19.631367164179103,744,620,577.0,792.0,-0.43226364181541027,-0.7706499702428534,-24.76688231297774,-19.388108463820252,-0.43226364181541044,False,-24.76688231297775,-0.7706499702428538,False,-44.154990776798
1179,19.648032161771784,744,620,577.0,792.0,-0.43226364181541027,-0.7706499702428534,-24.76688231297774,-19.388108463820252,-0.43226364181541044,False,-24.76688231297775,-0.7706499702428538,False,-44.154990776798
1180,19.66469715936447,745,621,581.0,795.0,-0.429528013912781,-0.7558209923922049,-24.610142379838855,-18.695210551623976,-0.42952801391278106,False,-24.61014237983886,-0.7558209923922057,False,-43.30535293146289
1181,19.68136215695715,749,623,588.0,799.0,-0.420316814493441,-0.7409171370285529,-24.08237952885732,-18.369045391794838,-0.4203168144934408,False,-24.08237952885731,-0.7409171370285534,False,-42.4514249206522
1182,19.69802715454983,754,626,596.0,805.0,-0.40840433601090487,-0.7231640938390715,-23.399844788267593,-18.03440568411384,-0.40840433601090487,False,-23.399844788267593,-0.7231640938390704,False,-41.43425047238136
1183,19.71469215214251,762,630,609.0,814.0,-0.3900480722634496,-0.6936681856474233,-22.34810834790941,-17.396151072185216,-0.3900480722634496,False,-22.34810834790941,-0.6936681856474216,False,-39.74425942009452
1184,19.731357149735192,771,634,625.0,823.0,-0.3698279119272131,-0.6577380027737101,-21.18957849956523,-16.4960330847324,-0.3698279119272132,False,-21.189578499565236,-0.6577380027737085,False,-37.68561158429753
1185,19.748022147327877,783,639,644.0,833.0,-0.3431619475962004,-0.6217107611239197,-19.66173128675181,-15.959671403514882,-0.34316194759620045,False,-19.66173128675181,-0.6217107611239214,False,-35.6214026902668
1186,19.764687144920558,796,644,667.0,844.0,-0.31462170562309005,-0.5728522476727977,-18.02649587541046,-14.795520200823775,-0.31462170562309,False,-18.026495875410458,-0.5728522476727989,False,-32.82201607623431
1187,19.78135214251324,810,649,692.0,856.0,-0.28420344197302244,-0.5181049902083273,-16.28365774814538,-13.40157153545863,-0.2842034419730224,False,-16.283657748145377,-0.5181049902083288,False,-29.68522928360408
1188,19.79801714010592,826,653,721.0,867.0,-0.25044308961135187,-0.45614305945352746,-14.349332042947134,-11.785740117924973,-0.25044308961135187,False,-14.349332042947134,-0.4561430594535274,False,-26.135072160872106
1189,19.814682137698604,842,657,753.0,879.0,-0.21667028098031266,-0.3812827744718905,-12.414292646085588,-9.43160113219214,-0.2166702809803125,False,-12.41429264608558,-0.38128277447189163,False,-21.845893778277794
1190,19.831347135291285,860,660,788.0,888.0,-0.1793034448424527,-0.30587887140485215,-10.273330641629288,-7.252237732093586,-0.17930344484245264,False,-10.273330641629284,-0.30587887140485037,False,-17.52556837372277
1191,19.848012132883966,877,663,824.0,895.0,-0.1439254493882163,-0.22459412721667524,-8.24632081446853,-4.621974778471253,-0.14392544938821628,False,-8.246320814468529,-0.22459412721667604,False,-12.868295592939832
1192,19.864677130476647,895,664,863.0,901.0,-0.1070274730493742,-0.13420944732917872,-6.1322224976793045,-1.557412405065954,-0.10702747304937432,False,-6.132222497679312,-0.13420944732918016,False,-7.689634902745342
1193,19.88134212806933,914,665,903.0,904.0,-0.06793652635910405,-0.04599264736156945,-3.892476235155931,1.2572916527044995,-0.06793652635910385,False,-3.89247623515592,-0.04599264736156883,False,-2.635184582451395
1194,19.898007125662012,931,665,943.0,903.0,-0.03297773075373703,0.050377507181057816,-1.8894847901079108,4.775903333972533,-0.03297773075373689,False,-1.8894847901079028,0.05037750718105727,False,2.8864185438645786
1195,19.914672123254693,949,664,983.0,900.0,0.004132207885452554,0.1430832936681563,0.23675807190710965,7.961310774109177,0.0041322078854526545,False,0.23675807190711542,0.14308329366815542,False,8.198068846016241
1196,19.931337120847374,965,662,1021.0,894.0,0.03732705263531634,0.23684876094692026,2.1386825776663034,11.43175180749518,0.03732705263531644,False,2.138682577666309,0.23684876094691987,False,13.570434385161464
1197,19.94800211844006,982,659,1057.0,886.0,0.07293926870703143,0.31910505792279287,4.1791122576835384,14.104260782570174,0.0729392687070316,False,4.179112257683548,0.3191050579227941,False,18.283373040253775
1198,19.96466711603274,997,656,1091.0,876.0,0.10465821607405422,0.4037940918851321,5.996474072411539,17.1392231849243,0.10465821607405434,False,5.996474072411546,0.40379409188513193,False,23.135697257335824
1199,19.98133211362542,1011,652,1121.0,864.0,0.1347712844777311,0.478627761768176,7.721825800130975,19.70152490697854,0.1347712844777309,False,7.721825800130964,0.4786277617681769,False,27.423350707109556
1200,19.9979971112181,1024,648,1149.0,852.0,0.16306895770941734,0.549738226935052,9.343163046346922,22.15451719403663,0.16306895770941754,False,9.343163046346934,0.5497382269350517,False,31.497680240383534
1201,20.014662108810782,1035,645,1172.0,840.0,0.18703538349272572,0.612444766409215,10.71633809374401,24.374162206379584,0.18703538349272586,False,10.716338093744017,0.6124447664092152,False,35.0905003001236
1202,20.031327106403467,1046,641,1193.0,828.0,0.21153771180407194,0.6662053648835761,12.120218094228058,26.050537602573865,0.211537711804072,False,12.120218094228061,0.6662053648835773,False,38.170755696802004
1203,20.047992103996148,1054,638,1209.0,818.0,0.22950800477250086,0.7109093731835666,13.149840037932655,27.58226666177653,0.22950800477250066,False,13.149840037932643,0.710909373183565,False,40.7321066997091
1204,20.06465710158883,1061,634,1223.0,810.0,0.24601493218598205,0.7440017078479142,14.095617311453928,28.53254049875685,0.24601493218598192,False,14.09561731145392,0.7440017078479144,False,42.628157810210794
1205,20.08132209918151,1066,632,1233.0,802.0,0.2574326118453179,0.7764963213891687,14.749802167766239,29.74015985526708,0.25743261184531807,False,14.74980216776625,0.7764963213891676,False,44.48996202303326
1206,20.097987096774194,1069,630,1239.0,797.0,0.2647471593915542,0.7943000054057279,15.16889487121335,30.34114310575333,0.264747159391554,False,15.168894871213341,0.7943000054057272,False,45.51003797696664
1207,20.114652094366875,1071,630,1244.0,794.0,0.268882633086811,0.812098048402714,15.405840060238935,31.12395066404742,0.26888263308681104,False,15.405840060238939,0.8120980484027136,False,46.529790724286336
1208,20.131317091959556,1071,630,1243.0,794.0,0.268882633086811,0.8092031895825182,15.405840060238935,30.95808747136398,0.26888263308681104,False,15.405840060238939,0.8092031895825187,False,46.36392753160295
1209,20.147982089552237,1070,630,1240.0,796.0,0.26681606488356047,0.7973023629557582,15.287434424116748,30.394625969055916,0.26681606488356024,False,15.287434424116736,0.7973023629557581,False,45.68206039317265
1210,20.16464708714492,1066,632,1234.0,801.0,0.2574326118453179,0.7824308130563733,14.749802167766239,30.080181181353463,0.25743261184531807,False,14.74980216776625,0.7824308130563722,False,44.82998334911964
1211,20.181312084737602,1061,634,1225.0,807.0,0.24601493218598205,0.7586982783921826,14.095617311453928,29.37459196425972,0.24601493218598192,False,14.09561731145392,0.7586982783921812,False,43.470209275713565
1212,20.197977082330283,1053,638,1212.0,814.0,0.22743660306946167,0.7346953878814758,13.031157462672299,29.06378749066324,0.2274366030694619,False,13.031157462672311,0.7346953878814766,False,42.09494495333558
1213,20.214642079922964,1044,641,1196.0,823.0,0.20738690097373813,0.6958181893838117,11.882394152092738,27.985051408034288,0.2073869009737379,False,11.882394152092726,0.6958181893838109,False,39.86744556012699
1214,20.23130707751565,1033,645,1177.0,834.0,0.1828797814560442,0.6510767214444798,10.47823963570619,26.825708642277228,0.1828797814560441,False,10.478239635706185,0.651076721444479,False,37.30394827798339
1215,20.24797207510833,1021,649,1155.0,845.0,0.1564923839352614,0.5996843151378045,8.966353125431365,25.393027172158064,0.15649238393526144,False,8.966353125431365,0.5996843151378037,False,34.35938029758938
1216,20.26463707270101,1008,653,1131.0,857.0,0.1282561451072411,0.5425793241259905,7.348535811262378,23.73896951221761,0.12825614510724126,False,7.348535811262387,0.5425793241259917,False,31.087505323480052
1217,20.28130207029369,993,656,1102.0,868.0,0.09633949292208074,0.47490416918385475,5.519846344865694,21.690158222535995,0.09633949292208088,False,5.519846344865702,0.4749041691838549,False,27.210004567401697
1218,20.297967067886372,977,660,1070.0,879.0,0.06241880999595735,0.4015805401088795,3.576334374997351,19.432535707825508,0.0624188099959575,False,3.57633437499736,0.4015805401088812,False,23.00887008282297
1219,20.314632065479056,961,662,1036.0,888.0,0.029037479172645066,0.3204225339290187,1.6637250042915919,16.695133850728606,0.029037479172644876,False,1.663725004291581,0.320422533929019,False,18.358858855020213
1220,20.331297063071737,944,664,999.0,895.0,-0.006198267730121377,0.23374318086890142,-0.35513458122808766,13.747632334979185,-0.006198267730121554,False,-0.3551345812280978,0.23374318086890256,False,13.392497753751163
1221,20.34796206066442,927,665,961.0,900.0,-0.041213762658320205,0.14368383054664818,-2.36137465817562,10.593851732771467,-0.04121376265832,False,-2.3613746581756083,0.14368383054664946,False,8.232477074595911
1222,20.3646270582571,910,665,922.0,903.0,-0.07614117549090753,0.050377507181057816,-4.362568002793945,7.248986546658566,-0.07614117549090738,False,-4.362568002793937,0.05037750718105727,False,2.8864185438645786
1223,20.381292055849784,893,664,883.0,902.0,-0.11111073588203237,-0.041992107221369514,-6.366176224633251,3.9602057079879396,-0.11111073588203224,False,-6.366176224633244,-0.04199210722136826,False,-2.405970516645228
1224,20.397957053442465,877,662,844.0,899.0,-0.14421993079792642,-0.13835097017712528,-8.263193356389984,0.3362666737003832,-0.1442199307979264,False,-8.263193356389982,-0.13835097017712528,False,-7.926926682689598
1225,20.414622051035145,861,660,807.0,893.0,-0.1772856404328955,-0.22773899193233446,-10.157718965078773,-2.890764103207897,-0.17728564043289552,False,-10.157718965078773,-0.22773899193233405,False,-13.048483068286645
1226,20.431287048627826,845,657,771.0,885.0,-0.21066377998456154,-0.31383515242790877,-12.070145489387922,-5.91128420757613,-0.21066377998456165,False,-12.07014548938793,-0.3138351524279095,False,-17.981429696964085
1227,20.44795204622051,831,654,738.0,875.0,-0.2400085251253937,-0.39832013937745453,-13.751475536844636,-9.070587344546208,-0.24000852512539383,False,-13.751475536844644,-0.3983201393774536,False,-22.8220628813908
1228,20.464617043813192,817,650,709.0,864.0,-0.26984915593846925,-0.46737893496746485,-15.461217740441903,-11.317622666513191,-0.26984915593846903,False,-15.46121774044189,-0.4673789349674635,False,-26.77884040695503
1229,20.481282041405873,804,646,683.0,853.0,-0.297744783916179,-0.5289750786241577,-17.05951949043173,-13.24851998233341,-0.29774478391617887,False,-17.059519490431725,-0.5289750786241569,False,-30.30803947276508
1230,20.497947038998554,793,642,661.0,842.0,-0.3217505543966422,-0.583373006993856,-18.43494882292201,-14.989862359681803,-0.32175055439664213,False,-18.434948822922006,-0.5833730069938561,False,-33.42481118260381
1231,20.514612036591238,783,638,642.0,833.0,-0.3438535862480507,-0.6260465224935314,-19.701359262450946,-16.168464255270372,-0.34385358624805074,False,-19.70135926245095,-0.6260465224935317,False,-35.86982351772132
1232,20.53127703418392,774,634,626.0,823.0,-0.3640705483760302,-0.6643314288295015,-20.85970586696,-17.203681202866058,-0.36407054837603026,False,-20.859705866960002,-0.6643314288295024,False,-38.063387069826106
1233,20.5479420317766,767,631,613.0,816.0,-0.3797415589058504,-0.6942063613532516,-21.757588631023765,-18.01750598565128,-0.3797415589058506,False,-21.75758863102378,-0.6942063613532525,False,-39.77509461667511
1234,20.56460702936928,761,629,605.0,811.0,-0.3927335094348515,-0.7086262721276703,-22.50197256397829,-18.09932208102619,-0.3927335094348514,False,-22.50197256397828,-0.7086262721276704,False,-40.60129464500447
1235,20.581272026961962,757,626,600.0,807.0,-0.40272494243908397,-0.7145112200339636,-23.074439506408524,-17.864037816280902,-0.4027249424390842,False,-23.074439506408538,-0.7145112200339625,False,-40.938477322689366
1236,20.597937024554646,755,625,597.0,806.0,-0.4073301450396791,-0.7176553721273997,-23.338298179225298,-17.780325788565253,-0.4073301450396789,False,-23.338298179225287,-0.7176553721273997,False,-41.11862396779054
1237,20.614602022147327,755,625,597.0,806.0,-0.4073301450396791,-0.7176553721273997,-23.338298179225298,-17.780325788565253,-0.4073301450396789,False,-23.338298179225287,-0.7176553721273997,False,-41.11862396779054
1238,20.631267019740008,756,626,601.0,809.0,-0.4046211502971036,-0.7027466474345994,-23.183084213752593,-17.081332751218014,-0.40462115029710377,False,-23.1830842137526,-0.7027466474345978,False,-40.264416964970515
1239,20.64793201733269,759,628,607.0,812.0,-0.39732436317257114,-0.690446457054692,-22.76500910751148,-16.794658861483025,-0.39732436317257136,False,-22.765009107511496,-0.6904464570546907,False,-39.55966796899442
1240,20.664597014925373,765,631,617.0,819.0,-0.3835609686047564,-0.6669082042393105,-21.976424687002414,-16.234600738558793,-0.3835609686047565,False,-21.97642468700242,-0.6669082042393093,False,-38.21102542556114
1241,20.681262012518054,772,634,629.0,826.0,-0.3679116232667625,-0.6401594336797237,-21.079783246992633,-15.598650518340468,-0.3679116232667625,False,-21.079783246992633,-0.6401594336797238,False,-36.678433765333104
1242,20.697927010110735,781,638,644.0,834.0,-0.3477187416081986,-0.6100407983436342,-19.92281635174979,-15.029946724131792,-0.3477187416081984,False,-19.922816351749777,-0.6100407983436327,False,-34.95276307588149
1243,20.714592007703416,792,642,663.0,843.0,-0.3236973397373469,-0.5705827629957897,-18.54649140656233,-14.145492776009743,-0.3236973397373468,False,-18.546491406562325,-0.5705827629957909,False,-32.69198418257214
1244,20.7312570052961,804,646,685.0,853.0,-0.297744783916179,-0.5217435110028235,-17.05951949043173,-12.83418167836749,-0.29774478391617887,False,-17.059519490431725,-0.5217435110028248,False,-29.89370116879929
1245,20.74792200288878,818,650,708.0,862.0,-0.26787162664433994,-0.478627761768176,-15.34791365802481,-12.075437049084696,-0.26787162664433994,False,-15.34791365802481,-0.4786277617681769,False,-27.423350707109556
1246,20.764587000481463,832,654,735.0,873.0,-0.23801706499924458,-0.41695260495747566,-13.6373732765477,-10.25225124450114,-0.23801706499924435,False,-13.637373276547688,-0.4169526049574763,False,-23.88962452104888
1247,20.781251998074143,848,658,766.0,882.0,-0.20422550587623237,-0.35091999741042856,-11.701259555632308,-8.404975242727023,-0.20422550587623256,False,-11.70125955563232,-0.3509199974104291,False,-20.106234798359367
1248,20.797916995666824,864,660,798.0,889.0,-0.17122352674864258,-0.28060513042474605,-9.810385436042578,-6.267104247013369,-0.17122352674864239,False,-9.810385436042568,-0.2806051304247461,False,-16.077489683055962
1249,20.81458199325951,880,662,832.0,896.0,-0.1381191010585188,-0.20232162837830375,-7.913641560794028,-3.678533849497048,-0.138119101058519,False,-7.913641560794039,-0.2023216283783036,False,-11.592175410291063
1250,20.83124699085219,897,664,868.0,900.0,-0.1029406244548341,-0.12226840393911868,-5.898063321703185,-1.1074001918090561,-0.10294062445483387,False,-5.898063321703172,-0.12226840393912042,False,-7.005463513512329
1251,20.84791198844487,914,664,905.0,902.0,-0.06807645825799948,-0.03779711649456458,-3.90049374238189,1.73487848947904,-0.06807645825799957,False,-3.900493742381896,-0.037797116494566296,False,-2.1656152529029575
1252,20.86457698603755,931,664,942.0,903.0,-0.03304581701892995,0.04599264736156945,-1.893385845746274,4.528570428197713,-0.033045817018929835,False,-1.8933858457462671,0.04599264736156883,False,2.635184582451395
1253,20.881241983630236,947,663,979.0,900.0,0.0,0.13420944732917872,0.0,7.689634902745266,0.0,False,0.0,0.13420944732918016,False,7.689634902745342
1254,20.897906981222917,963,661,1014.0,894.0,0.03325177256394547,0.21548569150556338,1.90518622924298,10.44123443948386,0.033251772563945625,False,1.9051862292429886,0.21548569150556318,False,12.346420668726825
1255,20.914571978815598,978,659,1047.0,888.0,0.06462803317241969,0.2926582356298651,3.7029135390111287,13.065168202325316,0.06462803317241983,False,3.7029135390111367,0.29265823562986526,False,16.768081741336452
1256,20.93123697640828,992,656,1079.0,879.0,0.09425767512363263,0.3719728371687995,5.4005669712993996,15.911906691979803,0.09425767512363281,False,5.40056697129941,0.3719728371687978,False,21.312473663279114
1257,20.947901974000963,1005,653,1107.0,868.0,0.1220124688992563,0.4429738631207448,6.990799515898603,18.389733275525895,0.1220124688992561,False,6.990799515898591,0.44297386312074494,False,25.38053279142451
1258,20.964566971593644,1017,650,1133.0,858.0,0.14784936525875556,0.5087298243155532,8.471144633014832,20.676927212698217,0.14784936525875558,False,8.471144633014834,0.5087298243155516,False,29.14807184571295
1259,20.981231969186325,1028,646,1156.0,847.0,0.17210025121943728,0.567051071390732,9.860618048014956,22.62901511104552,0.17210025121943717,False,9.860618048014949,0.5670510713907326,False,32.48963315906052
1260,20.997896966779006,1037,643,1175.0,837.0,0.1919902070893319,0.6182963634663426,11.000228574061374,24.425543540846803,0.191990207089332,False,11.000228574061381,0.6182963634663423,False,35.425772114908156
1261,21.01456196437169,1045,640,1191.0,829.0,0.20990533259363878,0.6577380027737101,12.02668965490534,25.65892192939229,0.20990533259363886,False,12.026689654905345,0.6577380027737085,False,37.68561158429753
1262,21.03122696196437,1051,638,1203.0,821.0,0.22328785067099835,0.6931236382026539,12.793451459995572,26.919607689769137,0.22328785067099854,False,12.793451459995584,0.6931236382026533,False,39.71305914976467
1263,21.047891959557052,1056,636,1212.0,815.0,0.23463242082816996,0.716849019645583,13.44344745039157,27.62897592339098,0.23463242082817004,False,13.443447450391576,0.7168490196455828,False,41.07242337378253
1264,21.064556957149733,1059,634,1218.0,811.0,0.24186663997820682,0.7318778949381332,13.8579376757614,28.075576823112716,0.2418666399782068,False,13.857937675761399,0.7318778949381333,False,41.93351449887411
1265,21.081221954742414,1060,634,1222.0,808.0,0.24394185686281278,0.7496990507181244,13.97683884482361,28.977752666289152,0.24394185686281267,False,13.976838844823602,0.7496990507181245,False,42.95459151111278
1266,21.0978869523351,1060,634,1221.0,809.0,0.24394185686281278,0.7437555842988599,13.97683884482361,28.637217124787576,0.24394185686281267,False,13.976838844823602,0.7437555842988601,False,42.6140559696112
1267,21.11455194992778,1058,635,1218.0,811.0,0.2392821944488185,0.7378150601204649,13.709859854545996,28.563829151547736,0.2392821944488186,False,13.709859854546002,0.7378150601204645,False,42.27368900609371
1268,21.13121694752046,1054,636,1212.0,814.0,0.23047942032825705,0.7259445040887914,13.20549804943084,28.38805819557444,0.23047942032825697,False,13.205498049430835,0.7259445040887904,False,41.593556245005225
1269,21.14788194511314,1049,638,1202.0,820.0,0.21913126669167343,0.6990462732401619,12.555296740788561,27.497104400221655,0.2191312666916736,False,12.55529674078857,0.6990462732401603,False,40.05240114101013
1270,21.164546942705826,1042,641,1190.0,828.0,0.20322882701944148,0.6695019593761246,11.644154063608266,26.715482584382766,0.20322882701944156,False,11.644154063608271,0.6695019593761238,False,38.35963664799099
1271,21.181211940298507,1033,644,1174.0,835.0,0.18326516206755578,0.6359191142360691,10.500320318251974,25.93516103917244,0.18326516206755583,False,10.500320318251976,0.6359191142360707,False,36.43548135742452
1272,21.197876937891188,1023,648,1156.0,844.0,0.16098781377080748,0.5961991412974801,9.223922282105343,24.935772263564093,0.16098781377080762,False,9.22392228210535,0.596199141297479,False,34.15969454566937
1273,21.21454193548387,1011,651,1135.0,855.0,0.13505395999403508,0.5461665634337878,7.7380219141868745,23.55501708173331,0.13505395999403502,False,7.738021914186872,0.5461665634337862,False,31.293038995920107
1274,21.231206933076553,998,654,1111.0,864.0,0.1071825999936803,0.4936573587028494,6.141110616876805,22.143372562372242,0.1071825999936804,False,6.141110616876811,0.49365735870284766,False,28.28448317924895
1275,21.247871930669234,985,658,1083.0,873.0,0.07933106674482007,0.42767828083120013,4.545335308748828,19.95882517228972,0.07933106674482016,False,4.545335308748833,0.4276782808311985,False,24.504160481038454
1276,21.264536928261915,970,660,1054.0,882.0,0.04788004477077987,0.36172924151993224,2.7433244882631134,17.982234377297427,0.04788004477077967,False,2.7433244882631023,0.3617292415199316,False,20.725558865560505
1277,21.281201925854596,955,662,1022.0,890.0,0.016595986545909314,0.2858139684375267,0.9508799859365008,15.425054131419087,0.016595986545909103,False,0.9508799859364886,0.2858139684375267,False,16.3759341173556
1278,21.29786692344728,939,663,988.0,896.0,-0.016561632614544807,0.20727991668300638,-0.9489116506596323,12.82517605441924,-0.01656163261454502,False,-0.9489116506596446,0.2072799166830066,False,11.87626440375962
1279,21.31453192103996,923,664,953.0,901.0,-0.0495461945911252,0.12591262568579822,-2.8387878410053813,10.053049880212154,-0.0495461945911253,False,-2.8387878410053875,0.12591262568579964,False,7.214262039206842
1280,21.331196918632642,907,664,918.0,902.0,-0.08245723746706603,0.04618561965887765,-4.724451697170886,7.370692777821021,-0.08245723746706624,False,-4.724451697170898,0.04618561965887835,False,2.6462410806501744
1281,21.347861916225323,891,663,880.0,901.0,-0.11542666036692471,-0.04618561965887765,-6.613460482314756,3.9672194016646207,-0.1154266603669245,False,-6.6134604823147445,-0.04618561965887835,False,-2.6462410806501744
1282,21.364526913818004,876,662,845.0,899.0,-0.146251163518114,-0.130063287501013,-8.37957441846561,0.927496975060934,-0.14625116351811407,False,-8.379574418465612,-0.13006328750101304,False,-7.452077443404679
1283,21.38119191141069,861,660,810.0,893.0,-0.1772856404328955,-0.21548569150556338,-10.157718965078773,-2.18870170364805,-0.17728564043289552,False,-10.157718965078773,-0.21548569150556318,False,-12.346420668726825
1284,21.39785690900337,847,657,777.0,886.0,-0.20665082877123345,-0.29665674760929417,-11.840220321472321,-5.156959280617918,-0.20665082877123364,False,-11.840220321472332,-0.29665674760929406,False,-16.997179602090224
1285,21.41452190659605,833,654,748.0,878.0,-0.23602367862589738,-0.36267880865381774,-13.523160650416017,-7.256804404280499,-0.23602367862589757,False,-13.523160650416028,-0.3626788086538184,False,-20.779965054696554
1286,21.43118690418873,821,651,721.0,869.0,-0.2613950986760279,-0.43007813505586256,-14.976835939542092,-9.664826060016262,-0.26139509867602806,False,-14.9768359395421,-0.43007813505586157,False,-24.641661999558284
1287,21.447851901781416,810,647,696.0,858.0,-0.28535570899098334,-0.49535339848099147,-16.349677785146664,-12.031981315276234,-0.2853557089909833,False,-16.34967778514666,-0.49535339848099014,False,-28.38165910042282
1288,21.464516899374097,799,644,675.0,849.0,-0.30876427147646973,-0.5439985830553079,-17.690889620033303,-13.47793325013281,-0.3087642714764698,False,-17.690889620033307,-0.5439985830553091,False,-31.168822870166192
1289,21.481181896966778,790,641,658.0,840.0,-0.3282439696248676,-0.585679727353805,-18.806994110125306,-14.74998241362048,-0.32824396962486757,False,-18.806994110125302,-0.5856797273538064,False,-33.55697652374586
1290,21.49784689455946,782,637,643.0,833.0,-0.34648509232021185,-0.6168629483728425,-19.85213345414883,-15.491510025611424,-0.34648509232021185,False,-19.85213345414883,-0.616862948372841,False,-35.34364347976018
1291,21.514511892152143,776,635,632.0,827.0,-0.35949303951646255,-0.6435011087932844,-20.59743392862303,-16.272463717220983,-0.3594930395164626,False,-20.597433928623033,-0.6435011087932843,False,-36.86989764584401
1292,21.531176889744824,771,633,624.0,822.0,-0.3705716638501821,-0.6610431688506869,-21.232192345756093,-16.642791305342104,-0.3705716638501819,False,-21.232192345756083,-0.6610431688506857,False,-37.874983651098134
1293,21.547841887337505,768,631,619.0,820.0,-0.3778274703941371,-0.6676028415268624,-21.64791943768812,-16.60290577274222,-0.3778274703941369,False,-21.647919437688106,-0.6676028415268611,False,-38.25082521043027
1294,21.564506884930186,766,631,617.0,819.0,-0.38165272739355743,-0.6701836821064823,-21.86709051930778,-16.531605963930886,-0.38165272739355727,False,-21.86709051930777,-0.670183682106483,False,-38.39869648323871
1295,21.58117188252287,766,631,619.0,819.0,-0.38165272739355743,-0.6636157467843974,-21.86709051930778,-16.15529098986051,-0.38165272739355727,False,-21.86709051930777,-0.6636157467843979,False,-38.02238150916833
1296,21.59783688011555,767,631,623.0,822.0,-0.3797415589058504,-0.6460094647365517,-21.757588631023765,-15.25602722388602,-0.3797415589058506,False,-21.75758863102378,-0.6460094647365509,False,-37.013615854909744
1297,21.614501877708232,771,633,630.0,826.0,-0.3705716638501821,-0.6309494667237168,-21.232192345756093,-14.918549183542865,-0.3705716638501819,False,-21.232192345756083,-0.6309494667237168,False,-36.15074152929895
1298,21.631166875300913,777,635,640.0,831.0,-0.35756585157643095,-0.6100407983436342,-20.487014193330708,-14.46574888255087,-0.35756585157643084,False,-20.4870141933307,-0.6100407983436327,False,-34.95276307588149
1299,21.647831872893594,784,638,652.0,837.0,-0.34191698086177513,-0.585679727353805,-19.590399947235056,-13.96657657651072,-0.34191698086177524,False,-19.590399947235063,-0.5856797273538064,False,-33.55697652374586
1300,21.66449687048628,792,642,667.0,845.0,-0.3236973397373469,-0.5519297832910718,-18.54649140656233,-13.076755763586238,-0.3236973397373468,False,-18.546491406562325,-0.5519297832910723,False,-31.623247170148588
1301,21.68116186807896,803,645,685.0,853.0,-0.30031134464472525,-0.5160340910978656,-17.206572588041453,-12.36000291673568,-0.3003113446447254,False,-17.206572588041464,-0.5160340910978647,False,-29.56657550477709
1302,21.69782686567164,814,649,705.0,861.0,-0.27632727497506515,-0.47490416918385475,-15.832386620422204,-11.377617946979493,-0.27632727497506515,False,-15.832386620422204,-0.4749041691838549,False,-27.210004567401697
1303,21.71449186326432,827,653,729.0,870.0,-0.24845777433800198,-0.4241944079037666,-14.235581856781325,-10.068967409155405,-0.24845777433800187,False,-14.235581856781318,-0.42419440790376584,False,-24.30454926593667
1304,21.731156860857006,841,656,755.0,878.0,-0.2191137857022512,-0.36958637437281977,-12.554295153872955,-8.62144426323162,-0.21911378570225137,False,-12.554295153872964,-0.36958637437281894,False,-21.175739417104534
1305,21.747821858449687,855,659,782.0,886.0,-0.18975598189842505,-0.31114087293310727,-10.872216900140602,-6.954841952942687,-0.18975598189842513,False,-10.872216900140607,-0.3111408729331089,False,-17.82705885308337
1306,21.764486856042367,870,661,812.0,893.0,-0.1587363454587446,-0.24497866312686414,-9.094922650116697,-4.9413208178097925,-0.1587363454587445,False,-9.09492265011669,-0.24497866312686511,False,-14.036243467926534
1307,21.78115185363505,886,663,845.0,898.0,-0.12562887920800037,-0.17272951082565158,-7.198004563577241,-2.6986674040918452,-0.12562887920800048,False,-7.198004563577247,-0.17272951082565058,False,-9.896671967669041
1308,21.797816851227733,902,664,878.0,901.0,-0.09270868299305783,-0.10092178466729385,-5.311816259718486,-0.47057606264556273,-0.09270868299305768,False,-5.311816259718477,-0.10092178466729251,False,-5.782392322363964
1309,21.814481848820414,917,664,912.0,903.0,-0.06190427440977209,-0.020917450819302335,-3.5468536574996463,2.3483720073811583,-0.061904274409771975,False,-3.5468536574996397,-0.020917450819300853,False,-1.1984816501184048
1310,21.831146846413095,933,664,947.0,902.0,-0.028917556608932894,0.058755822715722696,-1.6568539475224957,5.023314610952309,-0.028917556608933026,False,-1.6568539475225033,0.058755822715720996,False,3.366460663429704
1311,21.847811844005776,948,663,980.0,899.0,0.0020703904164819176,0.1347712844777311,0.11862463280874663,7.6032011673222355,0.0020703904164820486,False,0.11862463280875414,0.13477128447773268,False,7.721825800131065
1312,21.864476841598457,962,661,1012.0,895.0,0.03117492786795272,0.21050956212735614,1.7861917934584648,10.275117663586045,0.03117492786795273,False,1.7861917934584652,0.21050956212735628,False,12.06130945704451
1313,21.88114183919114,976,659,1043.0,888.0,0.06046898795111592,0.2846323319793205,3.4646178010263693,12.843613534355223,0.06046898795111577,False,3.464617801026361,0.2846323319793207,False,16.30823133538161
1314,21.897806836783822,989,656,1071.0,880.0,0.08800737352774077,0.35091999741042856,5.042451069170913,15.06378372918842,0.0880073735277409,False,5.042451069170921,0.3509199974104291,False,20.106234798359367
1315,21.914471834376503,1001,654,1098.0,872.0,0.11343499180721633,0.41864986146843797,6.499346279654567,17.48752387622351,0.11343499180721617,False,6.499346279654557,0.4186498614684382,False,23.986870155878094
1316,21.931136831969184,1012,651,1121.0,863.0,0.13713801855174806,0.47490416918385475,7.85742967380195,19.35257489359973,0.1371380185517479,False,7.857429673801941,0.4749041691838549,False,27.210004567401697
1317,21.947801829561868,1021,648,1141.0,854.0,0.15682131959424891,0.5274705837654604,8.985199750422703,21.23663851663993,0.15682131959424872,False,8.98519975042269,0.5274705837654601,False,30.22183826706262
1318,21.96446682715455,1029,646,1159.0,846.0,0.17418248308264742,0.5763752205911837,9.979921145744559,23.043946410052094,0.17418248308264728,False,9.97992114574455,0.576375220591185,False,33.02386755579672
1319,21.98113182474723,1036,643,1173.0,838.0,0.18990817897071757,0.612444766409215,10.88093715003721,24.209563150086378,0.18990817897071777,False,10.880937150037223,0.6124447664092152,False,35.0905003001236
1320,21.99779682233991,1042,641,1184.0,832.0,0.20322882701944148,0.6392994528464125,11.644154063608266,24.98500642951396,0.20322882701944156,False,11.644154063608271,0.6392994528464122,False,36.6291604931222
1321,22.014461819932595,1046,640,1193.0,827.0,0.21198393711374391,0.6662053648835761,12.14578492118418,26.024970775617742,0.21198393711374397,False,12.145784921184184,0.6662053648835773,False,38.170755696802004
1322,22.031126817525276,1048,639,1198.0,824.0,0.21659186600844138,0.681298225287849,12.409799799146727,26.625713099600155,0.21659186600844116,False,12.409799799146715,0.6812982252878506,False,39.03551289874697
1323,22.047791815117957,1048,639,1200.0,822.0,0.21659186600844138,0.6931236382026539,12.409799799146727,27.303259350617978,0.21659186600844116,False,12.409799799146715,0.6931236382026533,False,39.71305914976467
1324,22.064456812710638,1048,639,1199.0,823.0,0.21659186600844138,0.6872074879560368,12.409799799146727,26.96428891052152,0.21659186600844116,False,12.409799799146715,0.6872074879560373,False,39.374088709668285
1325,22.081121810303323,1046,640,1194.0,825.0,0.21198393711374391,0.6747409422235526,12.14578492118418,26.514023332905918,0.21198393711374397,False,12.145784921184184,0.6747409422235542,False,38.65980825409018
1326,22.097786807896004,1042,641,1187.0,829.0,0.20322882701944148,0.6569796522436236,11.644154063608266,25.998007235923897,0.20322882701944156,False,11.644154063608271,0.6569796522436242,False,37.64216129953219
1327,22.114451805488684,1036,643,1178.0,834.0,0.18990817897071757,0.6392994528464125,10.88093715003721,25.748223343085005,0.18990817897071777,False,10.880937150037223,0.6392994528464122,False,36.6291604931222
1328,22.131116803081365,1029,645,1166.0,841.0,0.17454951467564456,0.6100407983436342,10.000950506971257,24.951812568910334,0.1745495146756446,False,10.000950506971261,0.6100407983436327,False,34.95276307588149
1329,22.147781800674046,1021,648,1150.0,848.0,0.15682131959424891,0.5728522476727977,8.985199750422703,23.83681632581154,0.15682131959424872,False,8.98519975042269,0.5728522476727989,False,32.82201607623431
1330,22.16444679826673,1011,651,1132.0,856.0,0.13505395999403508,0.5332150139708782,7.7380219141868745,22.812947959353664,0.13505395999403502,False,7.738021914186872,0.533215013970878,False,30.550969873540538
1331,22.18111179585941,1000,654,1111.0,864.0,0.11135182629487822,0.4862426330875049,6.379989687770385,21.479661007471883,0.11135182629487828,False,6.379989687770388,0.4862426330875067,False,27.859650695242372
1332,22.197776793452093,988,657,1088.0,872.0,0.08574313408280543,0.4353532751523024,4.912719705169074,20.03118555825549,0.0857431340828052,False,4.912719705169061,0.43535327515230193,False,24.943905263424554
1333,22.214441791044774,974,659,1063.0,881.0,0.056307847189477546,0.3812827744718905,3.2262019974246376,18.61969178085308,0.05630784718947757,False,3.226201997424639,0.38128277447189163,False,21.845893778277794
1334,22.231106788637458,961,661,1034.0,888.0,0.02909781411771015,0.31114087293310727,1.6671819420009748,16.15987691108231,0.029097814117710286,False,1.6671819420009826,0.3111408729331089,False,17.82705885308337
1335,22.24777178623014,947,663,1004.0,894.0,0.0,0.24192056868440487,0.0,13.861027563021146,0.0,False,0.0,0.2419205686844066,False,13.861027563021247
1336,22.26443678382282,932,664,974.0,899.0,-0.030981818858170102,0.1768561314739792,-1.7751274622119702,11.908237376681791,-0.030981818858170307,False,-1.775127462211982,0.17685613147397916,False,10.13310991446981
1337,22.2811017814155,917,664,941.0,902.0,-0.06190427440977209,0.10050059905462982,-3.5468536574996463,9.305113821866394,-0.061904274409771975,False,-3.5468536574996397,0.10050059905463016,False,5.75826016436678
1338,22.297766779008185,902,664,907.0,902.0,-0.09270868299305783,0.021005313472176913,-5.311816259718486,6.515332069023524,-0.09270868299305768,False,-5.311816259718477,0.021005313472176823,False,1.203515809305021
1339,22.314431776600866,887,663,874.0,902.0,-0.12359046870183274,-0.05433975721276864,-7.08121224465871,3.9677734966014833,-0.12359046870183255,False,-7.081212244658699,-0.05433975721276951,False,-3.1134387480572667
1340,22.331096774193547,874,662,842.0,898.0,-0.15030996896966045,-0.1347712844777311,-8.612126840703912,0.8903010405729265,-0.15030996896966053,False,-8.612126840703915,-0.13477128447773268,False,-7.721825800131065
1341,22.347761771786228,860,659,810.0,893.0,-0.17966977758252994,-0.21050956212735614,-10.294319961533176,-1.76698949551133,-0.17966977758253,False,-10.29431996153318,-0.21050956212735628,False,-12.06130945704451
1342,22.364426769378912,847,657,780.0,887.0,-0.20665082877123345,-0.28346016365386906,-11.840220321472321,-4.400850715982001,-0.20665082877123364,False,-11.840220321472332,-0.2834601636538707,False,-16.241071037454407
1343,22.381091766971593,835,655,753.0,879.0,-0.23155998547658704,-0.35091999741042856,-13.267409871919076,-6.8388249264402505,-0.23155998547658685,False,-13.267409871919066,-0.3509199974104291,False,-20.106234798359367
1344,22.397756764564274,824,652,728.0,871.0,-0.25492363609838903,-0.4131288322784014,-14.60604844656653,-9.064490038153924,-0.25492363609838886,False,-14.606048446566522,-0.413128832278403,False,-23.67053848472055
1345,22.414421762156955,813,649,707.0,863.0,-0.27829965900511133,-0.4599023081609703,-15.945395900922854,-10.405065345025749,-0.27829965900511144,False,-15.945395900922861,-0.4599023081609701,False,-26.350461245948583
1346,22.431086759749636,804,646,688.0,855.0,-0.297744783916179,-0.5066921655280692,-17.05951949043173,-11.97180310667074,-0.29774478391617887,False,-17.059519490431725,-0.5066921655280687,False,-29.031322597102438
1347,22.44775175734232,797,643,672.0,848.0,-0.3133037117592952,-0.5475622359399975,-17.950980389590878,-13.422024750517593,-0.3133037117592954,False,-17.950980389590885,-0.5475622359399992,False,-31.373005140108557
1348,22.464416754935,790,641,660.0,842.0,-0.3282439696248676,-0.5740985169942165,-18.806994110125306,-14.086427938362872,-0.32824396962486757,False,-18.806994110125302,-0.5740985169942157,False,-32.89342204848813
1349,22.481081752527682,785,639,650.0,837.0,-0.3392926144540447,-0.5984188934785372,-19.44003482817619,-14.846842149032776,-0.33929261445404446,False,-19.44003482817618,-0.5984188934785379,False,-34.286876977209005
1350,22.497746750120363,780,637,643.0,833.0,-0.35035133589429296,-0.6100407983436342,-20.073652893513255,-14.879110182368331,-0.3503513358942931,False,-20.073652893513263,-0.6100407983436327,False,-34.95276307588149
1351,22.514411747713048,778,636,640.0,832.0,-0.35491990711407523,-0.6134600655737035,-20.335412742811712,-14.813259914380216,-0.3549199071140752,False,-20.33541274281171,-0.6134600655737046,False,-35.148672657192
1352,22.53107674530573,777,636,639.0,831.0,-0.35684667072064447,-0.6158699519395265,-20.445808165587536,-14.840940809472178,-0.35684667072064435,False,-20.44580816558753,-0.6158699519395263,False,-35.28674897505971
1353,22.54774174289841,777,636,641.0,833.0,-0.35684667072064447,-0.604223660410364,-20.445808165587536,-14.17365745787221,-0.35684667072064435,False,-20.44580816558753,-0.6042236604103657,False,-34.61946562345984
1354,22.56440674049109,779,637,646.0,836.0,-0.35228037678890156,-0.5891613515805157,-20.184178795282467,-13.572280102504344,-0.3522803767889018,False,-20.18417879528248,-0.5891613515805147,False,-33.75645889778675
1355,22.581071738083775,784,639,654.0,839.0,-0.34122861021316975,-0.5763752205911837,-19.550959214329286,-13.472908341467377,-0.34122861021316986,False,-19.550959214329293,-0.576375220591185,False,-33.02386755579672
1356,22.597736735676456,789,641,663.0,844.0,-0.3301864347476277,-0.5554937352655436,-18.91828916351082,-12.909157413162283,-0.33018643474762754,False,-18.91828916351081,-0.5554937352655429,False,-31.82744657667307
1357,22.614401733269137,796,643,676.0,850.0,-0.31525713916841674,-0.5253668738153162,-18.062903535718714,-12.038401029880983,-0.3152571391684167,False,-18.06290353571871,-0.5253668738153152,False,-30.101304565599644
1358,22.631066730861818,805,646,691.0,856.0,-0.2957823671850858,-0.4973427163468224,-16.947081294094232,-11.548557324150748,-0.2957823671850859,False,-16.947081294094236,-0.4973427163468216,False,-28.495638618244932
1359,22.647731728454502,815,649,708.0,863.0,-0.27435268203875546,-0.4636476090008061,-15.719250778915313,-10.84580039816267,-0.2743526820387556,False,-15.719250778915322,-0.46364760900080526,False,-26.56505117707794
1360,22.664396726047183,826,653,729.0,871.0,-0.25044308961135187,-0.41864986146843797,-14.349332042947134,-9.637538112930958,-0.25044308961135187,False,-14.349332042947134,-0.4186498614684382,False,-23.986870155878094
1361,22.681061723639864,838,656,752.0,878.0,-0.22511043829988273,-0.36958637437281977,-12.897878038923404,-8.277861378181166,-0.22511043829988253,False,-12.897878038923391,-0.36958637437281894,False,-21.175739417104534
1362,22.697726721232545,851,658,776.0,884.0,-0.19820006490559852,-0.3204225339290187,-11.356027218309778,-7.002831636710428,-0.1982000649055986,False,-11.356027218309784,-0.320422533929019,False,-18.358858855020213
1363,22.714391718825226,865,660,803.0,891.0,-0.1691999719277866,-0.26221833432139385,-9.69444428519418,-5.329559582372117,-0.16919997192778657,False,-9.694444285194178,-0.26221833432139263,False,-15.024003867566218
1364,22.73105671641791,879,662,832.0,896.0,-0.14015388379570667,-0.1982172523518861,-8.03022602386097,-3.3267859625817007,-0.1401538837957066,False,-8.030226023860966,-0.1982172523518848,False,-11.35701198644259
1365,22.74772171401059,893,663,861.0,900.0,-0.11133888432666442,-0.13420944732917872,-6.379248167613142,-1.3103867351321066,-0.11133888432666428,False,-6.379248167613134,-0.13420944732918016,False,-7.689634902745342
1366,22.764386711603272,908,664,892.0,902.0,-0.08040479267800013,-0.0671258882021007,-4.6068552730737915,0.7608251830264273,-0.08040479267800027,False,-4.6068552730737995,-0.0671258882020993,False,-3.8460300900472957
1367,22.781051709195953,922,664,923.0,903.0,-0.05160702895265297,0.004184076002074724,-2.9568649521964603,3.1965948482773143,-0.0516070289526529,False,-2.9568649521964563,0.004184076002076154,False,0.23972989608093428
1368,22.797716706788638,936,664,953.0,901.0,-0.022723360841641064,0.07160731485126633,-1.3019526725788753,5.404749595820886,-0.02272336084164106,False,-1.301952672578875,0.07160731485126703,False,4.102796923242061
1369,22.81438170438132,950,663,984.0,899.0,0.00621110025286632,0.1430832936681563,0.3558698306218785,7.8421990153944074,0.006211100252866419,False,0.3558698306218842,0.14308329366815542,False,8.198068846016241
1370,22.831046701974,963,661,1014.0,895.0,0.03325177256394547,0.21459288149122355,1.90518622924298,10.390080193755168,0.033251772563945625,False,1.9051862292429886,0.21459288149122457,False,12.295266422998207
1371,22.84771169956668,976,659,1040.0,889.0,0.06046898795111592,0.27139528080163583,3.4646178010263693,12.085186368675226,0.06046898795111577,False,3.464617801026361,0.27139528080163444,False,15.549804169701511
1372,22.864376697159365,987,657,1066.0,882.0,0.08366170373596188,0.33766433024524956,4.793462530944487,14.553278484219955,0.08366170373596171,False,4.793462530944478,0.33766433024525,False,19.346741015164458
1373,22.881041694752046,998,655,1090.0,876.0,0.10695867123311481,0.3944697829498962,6.128280443984807,16.47317326448589,0.10695867123311498,False,6.128280443984817,0.39446978294989776,False,22.601453708470782
1374,22.897706692344727,1007,652,1110.0,867.0,0.12644049725838966,0.4467636600691884,7.244506852441184,18.353165309340696,0.12644049725838968,False,7.2445068524411855,0.44676366006918755,False,25.59767216178183
1375,22.914371689937408,1016,650,1129.0,860.0,0.1457672347452753,0.4936573587028494,8.351847342197006,19.93263583705204,0.14576723474527542,False,8.351847342197013,0.49365735870284766,False,28.28448317924895
1376,22.93103668753009,1023,648,1144.0,853.0,0.16098781377080748,0.5332150139708782,9.223922282105343,21.32704759143521,0.16098781377080762,False,9.22392228210535,0.533215013970878,False,30.550969873540538
1377,22.947701685122773,1028,646,1155.0,847.0,0.17210025121943728,0.5635034222608851,9.860618048014956,22.425749788712057,0.17210025121943717,False,9.860618048014949,0.5635034222608866,False,32.28636783672708
1378,22.964366682715454,1033,645,1166.0,843.0,0.1828797814560442,0.5914909614909966,10.47823963570619,23.411696077863017,0.1828797814560441,False,10.478239635706185,0.5914909614909973,False,33.88993571356925
1379,22.981031680308135,1036,644,1172.0,839.0,0.18950863330684722,0.6090030164042272,10.858044869774687,24.035257680923966,0.18950863330684742,False,10.858044869774698,0.6090030164042268,False,34.893302550698635
1380,22.997696677900816,1037,643,1175.0,837.0,0.1919902070893319,0.6182963634663426,11.000228574061374,24.425543540846803,0.191990207089332,False,11.000228574061381,0.6182963634663423,False,35.425772114908156
1381,23.0143616754935,1038,643,1176.0,837.0,0.19407055132196704,0.6182963634663426,11.119423518525752,24.306348596382424,0.19407055132196716,False,11.119423518525757,0.6182963634663423,False,35.425772114908156
1382,23.03102667308618,1036,643,1174.0,837.0,0.18990817897071757,0.6182963634663426,10.88093715003721,24.54483496487096,0.18990817897071777,False,10.880937150037223,0.6182963634663423,False,35.425772114908156
1383,23.047691670678862,1034,644,1169.0,840.0,0.18534794999569476,0.6031529594223374,10.619655276155134,23.938463699570192,0.1853479499956947,False,10.619655276155132,0.6031529594223386,False,34.5581189757254
1384,23.064356668271543,1029,646,1161.0,844.0,0.17418248308264742,0.5880026035475675,9.979921145744559,23.71014638023523,0.17418248308264728,False,9.97992114574455,0.5880026035475687,False,33.690067525979856
1385,23.081021665864228,1024,648,1151.0,848.0,0.16306895770941734,0.5657580297420903,9.343163046346922,23.072384283511745,0.16306895770941754,False,9.343163046346934,0.5657580297420921,False,32.41554732985878
1386,23.09768666345691,1017,650,1138.0,854.0,0.14784936525875556,0.5353580828991518,8.471144633014832,22.202614045321425,0.14784936525875558,False,8.471144633014834,0.5353580828991511,False,30.67375867833621
1387,23.11435166104959,1008,652,1124.0,861.0,0.1285248947978767,0.5066921655280692,7.363934034281245,21.667388562821216,0.12852489479787677,False,7.3639340342812485,0.5066921655280687,False,29.031322597102438
1388,23.13101665864227,998,654,1106.0,867.0,0.1071825999936803,0.4692655274257615,6.141110616876805,20.74582357559992,0.1071825999936804,False,6.141110616876811,0.4692655274257618,False,26.886934192476733
1389,23.147681656234955,988,657,1085.0,873.0,0.08574313408280543,0.42208365861726244,4.912719705169074,19.27089253504071,0.0857431340828052,False,4.912719705169061,0.42208365861726094,False,24.183612240209694
1390,23.164346653827636,976,659,1063.0,881.0,0.06046898795111592,0.3734971461064775,3.4646178010263693,17.93519233105587,0.06046898795111577,False,3.464617801026361,0.37349714610647666,False,21.39981013208218
1391,23.181011651420317,963,661,1039.0,887.0,0.03325177256394547,0.3244030680696465,1.90518622924298,16.68174043224292,0.033251772563945625,False,1.9051862292429886,0.32440306806964614,False,18.586926661485883
1392,23.197676649012998,950,663,1012.0,892.0,0.00621110025286632,0.2644036224206001,0.3558698306218785,14.79334182204909,0.006211100252866419,False,0.3558698306218842,0.2644036224206019,False,15.149211652671076
1393,23.21434164660568,936,664,985.0,897.0,-0.022723360841641064,0.20727991668300638,-1.3019526725788753,13.178217076338495,-0.02272336084164106,False,-1.301952672578875,0.2072799166830066,False,11.87626440375962
1394,23.231006644198363,923,664,956.0,901.0,-0.0495461945911252,0.13835097017712528,-2.8387878410053813,10.765714523694985,-0.0495461945911253,False,-2.8387878410053875,0.13835097017712528,False,7.926926682689598
1395,23.247671641791044,909,664,926.0,902.0,-0.07835166878652505,0.07130746478529032,-4.489219939274794,8.574836719249683,-0.07835166878652489,False,-4.4892199392747845,0.07130746478529204,False,4.085616779974975
1396,23.264336639383725,895,664,896.0,903.0,-0.1070274730493742,0.004184076002074724,-6.1322224976793045,6.371952393760144,-0.10702747304937432,False,-6.132222497679312,0.004184076002076154,False,0.23972989608093428
1397,23.281001636976406,882,663,866.0,901.0,-0.13377187067393806,-0.0671258882021007,-7.664563607186518,3.818533517139151,-0.13377187067393814,False,-7.664563607186523,-0.0671258882020993,False,-3.8460300900472957
1398,23.29766663456909,870,661,836.0,898.0,-0.1587363454587446,-0.14248772198969495,-9.094922650116697,0.93097754767377,-0.1587363454587445,False,-9.09492265011669,-0.14248772198969561,False,-8.163945102442971
1399,23.31433163216177,857,659,809.0,894.0,-0.18572606946343181,-0.201483844513154,-10.641319925808201,-0.9028540048656203,-0.18572606946343173,False,-10.641319925808196,-0.20148384451315238,False,-11.54417393067374
1400,23.330996629754452,846,658,782.0,888.0,-0.20823415588169297,-0.27139528080163583,-11.930938282490295,-3.6188658872112955,-0.20823415588169292,False,-11.930938282490292,-0.27139528080163444,False,-15.549804169701511
1401,23.347661627347133,835,655,758.0,881.0,-0.23155998547658704,-0.32837297413931005,-13.267409871919076,-5.546975652421924,-0.23155998547658685,False,-13.267409871919066,-0.32837297413930955,False,-18.814385524340963
1402,23.364326624939817,825,653,736.0,875.0,-0.25242639036408826,-0.3812827744718905,-14.462966805584049,-7.382926972693687,-0.2524263903640884,False,-14.462966805584058,-0.38128277447189163,False,-21.845893778277794
1403,23.3809916225325,817,650,716.0,868.0,-0.26984915593846925,-0.43386126291907184,-15.461217740441903,-9.39720151903668,-0.26984915593846903,False,-15.46121774044189,-0.43386126291907345,False,-24.858419259478673
1404,23.39765662012518,809,648,699.0,861.0,-0.28674540413194144,-0.47670656810002165,-16.4293014515334,-10.883972966763606,-0.2867454041319415,False,-16.429301451533405,-0.47670656810002043,False,-27.313274418296935
1405,23.41432161771786,802,646,685.0,855.0,-0.3016625245270818,-0.5103426130441365,-17.28398949266347,-11.956488340443673,-0.30166252452708164,False,-17.28398949266346,-0.5103426130441377,False,-29.240477833107207
1406,23.430986615310545,797,644,675.0,850.0,-0.3126716858208328,-0.5346889039760393,-17.914767970774186,-12.720649579528608,-0.31267168582083293,False,-17.914767970774193,-0.5346889039760399,False,-30.635417550302826
1407,23.447651612903226,793,642,667.0,846.0,-0.3217505543966422,-0.5532943253222926,-18.43494882292201,-13.266480846583699,-0.32175055439664213,False,-18.434948822922006,-0.5532943253222911,False,-31.70142966950563
1408,23.464316610495906,790,641,662.0,844.0,-0.3282439696248676,-0.562574559421413,-18.806994110125306,-13.426153806153398,-0.32824396962486757,False,-18.806994110125302,-0.5625745594214138,False,-32.23314791627875
1409,23.480981608088587,788,641,660.0,843.0,-0.332126316931114,-0.5648049094433026,-19.029436225377207,-13.331501333992685,-0.33212631693111394,False,-19.029436225377204,-0.5648049094433034,False,-32.360937559369944
1410,23.49764660568127,788,641,660.0,843.0,-0.332126316931114,-0.5648049094433026,-19.029436225377207,-13.331501333992685,-0.33212631693111394,False,-19.029436225377204,-0.5648049094433034,False,-32.360937559369944
1411,23.514311603273953,789,641,665.0,846.0,-0.3301864347476277,-0.5439985830553079,-18.91828916351082,-12.250533706655306,-0.33018643474762754,False,-18.91828916351081,-0.5439985830553091,False,-31.168822870166192
1412,23.530976600866634,792,642,670.0,848.0,-0.3236973397373469,-0.5346889039760393,-18.54649140656233,-12.088926143740476,-0.3236973397373468,False,-18.546491406562325,-0.5346889039760399,False,-30.635417550302826
1413,23.547641598459315,797,644,678.0,851.0,-0.3126716858208328,-0.5217435110028235,-17.914767970774186,-11.978933198025022,-0.31267168582083293,False,-17.914767970774193,-0.5217435110028248,False,-29.89370116879929
1414,23.564306596051996,802,646,689.0,857.0,-0.3016625245270818,-0.4916776489606526,-17.28398949266347,-10.887064673696775,-0.30166252452708164,False,-17.28398949266346,-0.49167764896065336,False,-28.171054166360285
1415,23.58097159364468,810,648,702.0,861.0,-0.2847784415948719,-0.4692655274257615,-16.316602799698973,-10.570331392777756,-0.284778441594872,False,-16.316602799698977,-0.4692655274257618,False,-26.886934192476733
1416,23.59763659123736,818,651,717.0,867.0,-0.26732963494072737,-0.4373872306071295,-15.316859820876703,-9.743582505827092,-0.26732963494072726,False,-15.316859820876697,-0.43738723060712914,False,-25.060442326703765
1417,23.614301588830042,827,653,735.0,873.0,-0.24845777433800198,-0.39608144156430747,-14.235581856781325,-8.458213088311043,-0.24845777433800187,False,-14.235581856781318,-0.3960814415643057,False,-22.69379494509226
1418,23.630966586422723,838,656,755.0,879.0,-0.22511043829988273,-0.35631125565237476,-12.897878038923404,-7.517253102964574,-0.22511043829988253,False,-12.897878038923391,-0.35631125565237554,False,-20.415131141888015
1419,23.647631584015407,850,658,776.0,885.0,-0.20021018852499517,-0.3151281346539744,-11.471198818000769,-6.584313303502271,-0.20021018852499495,False,-11.471198818000754,-0.3151281346539747,False,-18.055512121503053
1420,23.664296581608088,862,660,800.0,891.0,-0.17526637600308098,-0.26221833432139385,-10.04202363552951,-4.981980232036769,-0.17526637600308081,False,-10.042023635529501,-0.26221833432139263,False,-15.024003867566218
1421,23.68096157920077,875,662,825.0,895.0,-0.14828118145093316,-0.21138641644999373,-8.495885878352018,-3.6156636306274104,-0.14828118145093327,False,-8.495885878352025,-0.21138641644999367,False,-12.111549508979436
1422,23.69762657679345,888,663,851.0,899.0,-0.12155102534672077,-0.15551373812965635,-6.964360747854794,-1.9459201032772213,-0.12155102534672091,False,-6.964360747854802,-0.15551373812965608,False,-8.910280851131997
1423,23.714291574386134,901,664,879.0,902.0,-0.09475669854491622,-0.09217503755646181,-5.429158907217128,0.14791827877200714,-0.09475669854491642,False,-5.42915890721714,-0.09217503755646206,False,-5.281240628445133
1424,23.730956571978815,915,664,907.0,903.0,-0.0660196174786768,-0.033460310449650164,-3.7826454465963018,1.8655108766338626,-0.0660196174786769,False,-3.782645446596308,-0.03346031044965159,False,-1.9171345699625217
1425,23.747621569571496,928,664,935.0,902.0,-0.03923605172882862,0.029403288204005115,-2.2480601688188573,3.932744486715138,-0.0392360517288286,False,-2.248060168818856,0.02940328820400495,False,1.684684317896282
1426,23.764286567164177,941,664,963.0,901.0,-0.012396059240252683,0.09256174873423176,-0.7102418770606245,6.013639423882491,-0.012396059240252555,False,-0.7102418770606171,0.09256174873423006,False,5.303397546821772
1427,23.780951564756858,953,662,990.0,898.0,0.012447489868861053,0.15551373812965635,0.7131886350175889,8.197092216114417,0.012447489868860906,False,0.7131886350175805,0.15551373812965608,False,8.910280851131997
1428,23.797616562349543,965,661,1016.0,894.0,0.037404583367481835,0.21548569150556338,2.1431247614019453,10.203295907324877,0.03740458336748187,False,2.1431247614019475,0.21548569150556318,False,12.346420668726825
1429,23.814281559942224,976,660,1040.0,889.0,0.06034331680283985,0.27252271576064285,3.4574173746235877,12.156984059904618,0.06034331680284,False,3.457417374623596,0.272522715760644,False,15.614401434528265
1430,23.830946557534904,986,658,1063.0,883.0,0.08140963188754032,0.32972910849878123,4.664428318869706,14.227657980721673,0.08140963188754036,False,4.664428318869708,0.3297291084987819,False,18.892086299591405
1431,23.847611555127585,995,656,1083.0,877.0,0.10050059905462982,0.37894509813114835,5.75826016436676,15.95369462571887,0.10050059905462971,False,5.758260164366754,0.3789450981311475,False,21.71195479008557
1432,23.86427655272027,1003,654,1101.0,871.0,0.1175983406109762,0.4241944079037666,6.737888594750847,17.566660671185865,0.1175983406109764,False,6.737888594750859,0.42419440790376584,False,24.30454926593667
1433,23.88094155031295,1010,652,1116.0,865.0,0.13269030554030165,0.46176791196650896,7.602594489760649,18.854757980488856,0.1326903055403017,False,7.602594489760652,0.4617679119665077,False,26.457352470249432
1434,23.89760654790563,1016,650,1128.0,860.0,0.1457672347452753,0.4899573262537283,8.351847342197006,19.720639593655953,0.14576723474527542,False,8.351847342197013,0.4899573262537267,False,28.072486935852865
1435,23.914271545498313,1021,648,1139.0,856.0,0.15682131959424891,0.5160340910978656,8.985199750422703,20.581375754354454,0.15682131959424872,False,8.98519975042269,0.5160340910978647,False,29.56657550477709
1436,23.930936543090997,1024,648,1146.0,852.0,0.16306895770941734,0.5389764998291462,9.343163046346922,21.53791565059669,0.16306895770941754,False,9.343163046346934,0.5389764998291469,False,30.88107869694365
1437,23.947601540683678,1026,647,1151.0,850.0,0.16757838453896406,0.5519297832910718,9.601534171703008,22.021712998445558,0.167578384538964,False,9.601534171703005,0.5519297832910723,False,31.623247170148588
1438,23.96426653827636,1027,647,1153.0,849.0,0.16965940324081513,0.5577088436287925,9.720767760406869,22.233595176644528,0.1696594032408152,False,9.720767760406872,0.5577088436287916,False,31.95436293705135
1439,23.98093153586904,1026,647,1152.0,849.0,0.16757838453896406,0.5577088436287925,9.601534171703008,22.352828765348395,0.167578384538964,False,9.601534171703005,0.5577088436287916,False,31.95436293705135
1440,23.99759653346172,1024,648,1148.0,851.0,0.16306895770941734,0.5483501198704639,9.343163046346922,22.07498451772343,0.16306895770941754,False,9.343163046346934,0.548350119870463,False,31.41814756407031
1441,24.014261531054405,1021,649,1142.0,854.0,0.1564923839352614,0.5332150139708782,8.966353125431365,21.58461674810917,0.15649238393526144,False,8.966353125431365,0.533215013970878,False,30.550969873540538
1442,24.030926528647086,1016,650,1133.0,857.0,0.1457672347452753,0.5144513130590278,8.351847342197006,21.124041661048732,0.14576723474527542,False,8.351847342197013,0.5144513130590269,False,29.475889003245694
1443,24.047591526239767,1010,652,1122.0,861.0,0.13269030554030165,0.49194194284930987,7.602594489760649,20.583602600970753,0.1326903055403017,False,7.602594489760652,0.4919419428493086,False,28.18619709073133
1444,24.064256523832448,1003,654,1110.0,867.0,0.1175983406109762,0.46552377940730005,6.737888594750847,19.934659228266586,0.1175983406109764,False,6.737888594750859,0.46552377940729883,False,26.672547823017368
1445,24.080921521425132,994,656,1094.0,872.0,0.09842047340148082,0.4335814839517618,5.639077743584428,19.203311361870753,0.09842047340148063,False,5.6390777435844175,0.43358148395176244,False,24.842389105455222
1446,24.097586519017813,985,658,1077.0,877.0,0.07933106674482007,0.3977056192195359,4.545335308748828,18.24151816116757,0.07933106674482016,False,4.545335308748833,0.3977056192195363,False,22.786853469916426
1447,24.114251516610494,974,660,1058.0,883.0,0.056190786201237096,0.3602441466108803,3.2194948968528294,17.42097429824267,0.056190786201236964,False,3.219494896852822,0.36024414661088144,False,20.640469195095566
1448,24.130916514203175,963,662,1037.0,889.0,0.03318283616649847,0.3151281346539744,1.9012364646144302,16.154275656888604,0.03318283616649831,False,1.9012364646144209,0.3151281346539747,False,18.055512121503053
1449,24.14758151179586,951,663,1013.0,893.0,0.008281384177674368,0.26330654956916083,0.47448836190715915,14.611865646557966,0.008281384177674322,False,0.47448836190715654,0.2633065495691618,False,15.086354008465173
1450,24.16424650938854,939,664,989.0,897.0,-0.016527420602720798,0.21138641644999373,-0.946951446773465,13.058500955752915,-0.01652742060272061,False,-0.9469514467734542,0.21138641644999367,False,12.111549508979436
1451,24.18091150698122,926,664,963.0,900.0,-0.04336123341741444,0.15551373812965635,-2.484415669299475,11.394696520431488,-0.04336123341741427,False,-2.484415669299465,0.15551373812965608,False,8.910280851131997
1452,24.197576504573902,914,664,936.0,902.0,-0.06807645825799948,0.09217503755646181,-3.90049374238189,9.181734370827003,-0.06807645825799957,False,-3.900493742381896,0.09217503755646206,False,5.281240628445133
1453,24.214241502166587,900,664,909.0,903.0,-0.09680391713163569,0.03763911919938858,-5.546455891976891,7.703018566691696,-0.0968039171316355,False,-5.54645589197688,0.037639119199390336,False,2.1565626747148925
1454,24.230906499759268,888,664,883.0,902.0,-0.12130234567234875,-0.021005313472176913,-6.95011245206259,5.746596642757557,-0.12130234567234854,False,-6.950112452062577,-0.021005313472176823,False,-1.203515809305021
1455,24.24757149735195,877,662,856.0,900.0,-0.14421993079792642,-0.08800737352774077,-8.263193356389984,3.22074228721906,-0.1442199307979264,False,-8.263193356389982,-0.08800737352774135,False,-5.042451069170946
1456,24.26423649494463,865,661,830.0,898.0,-0.1688548599063369,-0.14661956967353545,-9.674670822905883,1.273988286587992,-0.16885485990633686,False,-9.674670822905881,-0.14661956967353618,False,-8.400682536317941
1457,24.28090149253731,854,659,805.0,894.0,-0.1917686095922313,-0.20556531272254144,-10.987531972726849,-0.7904928605617012,-0.19176860959223152,False,-10.987531972726861,-0.2055653127225412,False,-11.778024833288537
1458,24.297566490129995,844,657,782.0,889.0,-0.21266768429071092,-0.26113887238256783,-12.184960748678375,-2.777194505648175,-0.21266768429071092,False,-12.184960748678375,-0.26113887238256694,False,-14.962155254326499
1459,24.314231487722676,835,656,761.0,883.0,-0.23109066719589708,-0.3151281346539744,-13.240519915187205,-4.814992206315839,-0.23109066719589721,False,-13.240519915187212,-0.3151281346539747,False,-18.055512121503053
1460,24.330896485315357,827,653,742.0,877.0,-0.24845777433800198,-0.36267880865381774,-14.235581856781325,-6.544383197915184,-0.24845777433800187,False,-14.235581856781318,-0.3626788086538184,False,-20.779965054696554
1461,24.347561482908038,820,651,725.0,871.0,-0.26337539401502635,-0.4076315054576269,-15.09029850465613,-8.265266354629865,-0.2633753940150263,False,-15.090298504656129,-0.4076315054576263,False,-23.35556485928597
1462,24.364226480500722,813,650,711.0,866.0,-0.27773754551737884,-0.4411794804149806,-15.913189170468403,-9.364533065084544,-0.27773754551737895,False,-15.91318917046841,-0.4411794804149807,False,-25.277722235552954
1463,24.380891478093403,808,648,700.0,862.0,-0.2887100876321168,-0.46737893496746485,-16.54186952417244,-10.236970882782675,-0.2887100876321167,False,-16.541869524172434,-0.4673789349674635,False,-26.77884040695503
1464,24.397556475686084,805,647,691.0,858.0,-0.29518519164438933,-0.49535339848099147,-16.912865655983882,-11.468793444439017,-0.2951851916443893,False,-16.91286565598388,-0.49535339848099014,False,-28.38165910042282
1465,24.414221473278765,801,646,685.0,856.0,-0.3036178269537087,-0.5046693593726996,-17.396020069380878,-11.519404272245817,-0.30361782695370865,False,-17.396020069380874,-0.5046693593726985,False,-28.91542434162664
1466,24.43088647087145,800,645,682.0,854.0,-0.3061876086596305,-0.5139782015977179,-17.543257715400127,-11.905523997873287,-0.3061876086596307,False,-17.543257715400134,-0.5139782015977161,False,-29.44878171327332
1467,24.44755146846413,799,645,682.0,854.0,-0.30814154367222074,-0.5103426130441365,-17.65520994506439,-11.585267888042754,-0.3081415436722206,False,-17.655209945064378,-0.5103426130441377,False,-29.240477833107207
1468,24.46421646605681,800,645,684.0,855.0,-0.3061876086596305,-0.5046693593726996,-17.543257715400127,-11.372166626226582,-0.3061876086596307,False,-17.543257715400134,-0.5046693593726985,False,-28.91542434162664
1469,24.480881463649492,802,646,689.0,857.0,-0.3016625245270818,-0.4916776489606526,-17.28398949266347,-10.887064673696775,-0.30166252452708164,False,-17.28398949266346,-0.49167764896065336,False,-28.171054166360285
1470,24.497546461242177,805,647,695.0,859.0,-0.29518519164438933,-0.478627761768176,-16.912865655983882,-10.510485051125627,-0.2951851916443893,False,-16.91286565598388,-0.4786277617681769,False,-27.423350707109556
1471,24.514211458834858,810,649,705.0,864.0,-0.28420344197302244,-0.45430208669331623,-16.28365774814538,-9.745934443368084,-0.2842034419730224,False,-16.283657748145377,-0.4543020866933176,False,-26.029592191513537
1472,24.53087645642754,817,651,717.0,867.0,-0.269303556462662,-0.4335814839517618,-15.4299571931736,-9.412431912281598,-0.269303556462662,False,-15.4299571931736,-0.43358148395176244,False,-24.842389105455222
1473,24.54754145402022,824,653,729.0,872.0,-0.2544076640821771,-0.40929219792623106,-14.57648542769073,-8.874230101115447,-0.2544076640821773,False,-14.576485427690743,-0.4092921979262307,False,-23.450715528806164
1474,24.5642064516129,832,655,745.0,878.0,-0.23753463189561275,-0.3719728371687995,-13.6097318958122,-7.702741767467008,-0.23753463189561286,False,-13.609731895812207,-0.3719728371687978,False,-21.312473663279114
1475,24.580871449205585,842,657,762.0,882.0,-0.21667028098031266,-0.34161549064780716,-12.414292646085588,-7.158833184324598,-0.2166702809803125,False,-12.41429264608558,-0.3416154906478077,False,-19.573125830410227
1476,24.597536446798266,852,659,781.0,887.0,-0.19578913552891666,-0.3018856181454772,-11.217891140321802,-6.0788806751120195,-0.19578913552891652,False,-11.217891140321793,-0.30188561814547654,False,-17.29677181543379
1477,24.614201444390947,863,661,802.0,892.0,-0.17289263035648103,-0.2581758664478214,-9.90601802834178,-4.886369491251576,-0.17289263035648084,False,-9.90601802834177,-0.25817586644782153,False,-14.79238751959337
1478,24.630866441983628,874,662,825.0,896.0,-0.15030996896966045,-0.20641910492155582,-8.612126840703912,-3.214816682169351,-0.15030996896966053,False,-8.612126840703915,-0.20641910492155446,False,-11.82694352287319
1479,24.647531439576312,886,663,848.0,899.0,-0.12562887920800037,-0.15964666966066154,-7.198004563577241,-1.9490758212979054,-0.12562887920800048,False,-7.198004563577247,-0.15964666966065977,False,-9.147080384875052
1480,24.664196437168993,898,664,873.0,902.0,-0.1008958967103772,-0.10465821607405422,-5.7809090516925,-0.21556502071903072,-0.10089589671037702,False,-5.78090905169249,-0.10465821607405346,False,-5.996474072411495
1481,24.680861434761674,911,665,897.0,903.0,-0.07409093254550916,-0.058755822715722696,-4.245097735046148,0.8786370716163473,-0.07409093254550925,False,-4.245097735046153,-0.058755822715720996,False,-3.366460663429704
1482,24.697526432354355,923,664,923.0,903.0,-0.0495461945911252,0.0,-2.8387878410053813,2.8387878410053875,-0.0495461945911253,False,-2.8387878410053875,0.0,False,0.0
1483,24.71419142994704,934,664,948.0,903.0,-0.026853047816137243,0.05851054432966771,-1.5385663069276563,4.890973554030724,-0.026853047816137288,False,-1.5385663069276587,0.058510544329667624,False,3.3524072471030655
1484,24.73085642753972,946,663,972.0,901.0,-0.0020703904164819176,0.10881220481724505,-0.11862463280874663,6.353104728349969,-0.0020703904164820486,False,-0.11862463280875414,0.1088122048172444,False,6.23448009554119
1485,24.7475214251324,957,662,996.0,897.0,0.020743912017768002,0.1644585463992785,1.1885386092088142,8.23424200432627,0.02074391201776793,False,1.18853860920881,0.1644585463992776,False,9.422780613535028
1486,24.764186422725082,967,661,1019.0,894.0,0.04155610383073065,0.2195776234975388,2.380989362508299,10.19988173941328,0.041556103830730606,False,2.3809893625082963,0.21957762349753907,False,12.580871101921602
1487,24.780851420317767,976,659,1039.0,889.0,0.06046898795111592,0.26735539552188037,3.4646178010263693,11.853717992428214,0.06046898795111577,False,3.464617801026361,0.26735539552188214,False,15.318335793454676
1488,24.797516417910447,984,658,1058.0,884.0,0.07725181444521777,0.3164314556251264,4.426202927438745,13.703983985062196,0.07725181444521789,False,4.426202927438752,0.31643145562512487,False,18.130186912500847
1489,24.81418141550313,992,656,1076.0,880.0,0.09425767512363263,0.35877067027057225,5.4005669712993996,15.155478248284078,0.09425767512363281,False,5.40056697129941,0.3587706702705731,False,20.556045219583513
1490,24.83084641309581,999,654,1091.0,875.0,0.1092676898773683,0.3944697829498962,6.260577467117551,16.34087624135314,0.10926768987736812,False,6.260577467117542,0.39446978294989776,False,22.601453708470782
1491,24.84751141068849,1004,653,1103.0,870.0,0.11992909269887084,0.428015417287721,6.871430852478515,17.65204612463868,0.11992909269887075,False,6.87143085247851,0.4280154172877211,False,24.52347697711719
1492,24.864176408281175,1009,652,1113.0,867.0,0.13060816994581406,0.45053974553412024,7.483296907822548,18.33072901418063,0.13060816994581392,False,7.48329690782254,0.4505397455341189,False,25.814025922003093
1493,24.880841405873856,1012,651,1121.0,863.0,0.13713801855174806,0.47490416918385475,7.85742967380195,19.35257489359973,0.1371380185517479,False,7.857429673801941,0.4749041691838549,False,27.210004567401697
1494,24.897506403466537,1014,650,1125.0,861.0,0.14159916959659125,0.4842825783850835,8.113034800441842,19.634313032736895,0.14159916959659125,False,8.113034800441842,0.48428257838508415,False,27.74734783317879
1495,24.914171401059217,1015,650,1129.0,860.0,0.14368383054664818,0.4973427163468224,8.232477074595836,20.26316154364915,0.14368383054664813,False,8.232477074595835,0.4973427163468216,False,28.495638618244932
1496,24.930836398651902,1015,650,1128.0,859.0,0.14368383054664818,0.49565174353452884,8.232477074595836,20.166275938233348,0.14368383054664813,False,8.232477074595835,0.49565174353453045,False,28.398753012829285
1497,24.947501396244583,1014,650,1126.0,860.0,0.14159916959659125,0.4899573262537283,8.113034800441842,19.959452135411123,0.14159916959659125,False,8.113034800441842,0.4899573262537267,False,28.072486935852865
1498,24.964166393837264,1011,651,1121.0,862.0,0.13505395999403508,0.48056328863045333,7.7380219141868745,19.796226313265326,0.13505395999403502,False,7.738021914186872,0.48056328863045294,False,27.534248227452174
1499,24.980831391429945,1007,652,1114.0,865.0,0.12644049725838966,0.46552377940730005,7.244506852441184,19.42804097057626,0.12644049725838968,False,7.2445068524411855,0.46552377940729883,False,26.672547823017368
1500,24.99749638902263,1002,654,1104.0,868.0,0.11551716902533926,0.4447819229791353,6.618646246451301,18.865480743966,0.11551716902533915,False,6.618646246451295,0.44478192297913566,False,25.48412699041732
1501,25.01416138661531,996,655,1092.0,873.0,0.10279429348966378,0.41481428312106017,5.889679174986849,17.87742852959471,0.10279429348966396,False,5.88967917498686,0.4148142831210606,False,23.767107704581594
1502,25.03082638420799,988,657,1078.0,877.0,0.08574313408280543,0.388318718172466,4.912719705169074,17.3363039520433,0.0857431340828052,False,4.912719705169061,0.3883187181724672,False,22.249023657212437
1503,25.047491381800672,980,658,1064.0,881.0,0.06892828711826758,0.3602441466108803,3.9492999409426917,16.691169254152804,0.06892828711826748,False,3.9492999409426863,0.36024414661088144,False,20.640469195095566
1504,25.064156379393353,970,660,1047.0,886.0,0.04788004477077987,0.32837297413931005,2.7433244882631134,16.071061036077886,0.04788004477077967,False,2.7433244882631023,0.32837297413930955,False,18.814385524340963
1505,25.080821376986037,960,662,1028.0,890.0,0.026964417361246214,0.28984648991161976,1.5449473118286923,15.062033266788314,0.026964417361245996,False,1.5449473118286796,0.2898464899116213,False,16.606980578617094
1506,25.09748637457872,949,663,1008.0,893.0,0.004140763083590734,0.25110728915311337,0.23724824865332556,14.150139624791265,0.004140763083590571,False,0.2372482486533162,0.251107289153115,False,14.387387873444684
1507,25.1141513721714,938,664,987.0,898.0,-0.018592898529898462,0.20641910492155582,-1.0652946146781748,12.89223813755144,-0.018592898529898427,False,-1.0652946146781728,0.20641910492155446,False,11.82694352287319
1508,25.13081636976408,927,664,964.0,899.0,-0.04129881836960612,0.15616481407278227,-2.366247991455786,11.313832746271403,-0.04129881836960614,False,-2.3662479914557872,0.15616481407278116,False,8.947584754815564
1509,25.147481367356765,915,664,941.0,901.0,-0.0660196174786768,0.1092676898773683,-3.7826454465963018,10.04322291371385,-0.0660196174786769,False,-3.782645446596308,0.10926768987736679,False,6.260577467117465
1510,25.164146364949445,904,664,917.0,902.0,-0.08861032793160892,0.05456762350389413,-5.076997811751385,8.203492336583384,-0.08861032793160906,False,-5.076997811751393,0.05456762350389255,False,3.1264945248319163
1511,25.180811362542126,893,664,894.0,902.0,-0.11111073588203237,0.004201655946871886,-6.366176224633251,6.606913377355056,-0.11111073588203224,False,-6.366176224633244,0.004201655946872052,False,0.2407371527218122
1512,25.197476360134807,882,662,869.0,901.0,-0.1340460964012508,-0.05433975721276864,-7.680275583995445,4.5668368359382185,-0.13404609640125065,False,-7.680275583995435,-0.05433975721276951,False,-3.1134387480572667
1513,25.21414135772749,871,661,847.0,900.0,-0.1567086347482373,-0.10008290267459158,-8.978743384331155,3.244415459658474,-0.15670863474823715,False,-8.978743384331146,-0.1000829026745933,False,-5.734327924672775
1514,25.230806355320173,861,660,824.0,896.0,-0.1772856404328955,-0.15551373812965635,-10.157718965078773,1.247438113946751,-0.17728564043289552,False,-10.157718965078773,-0.15551373812965608,False,-8.910280851131997
1515,25.247471352912854,852,659,803.0,893.0,-0.19578913552891666,-0.20641910492155582,-11.217891140321802,-0.6090523825514733,-0.19578913552891652,False,-11.217891140321793,-0.20641910492155446,False,-11.82694352287319
1516,25.264136350505535,843,657,783.0,889.0,-0.21466985588425674,-0.25307565216460226,-12.299676730849532,-2.2004900357030435,-0.21466985588425658,False,-12.299676730849523,-0.25307565216460404,False,-14.500166766552669
1517,25.28080134809822,836,655,765.0,884.0,-0.22956466767610892,-0.3006455090926114,-13.153086583164352,-4.072632217404298,-0.22956466767610895,False,-13.153086583164354,-0.300645509092611,False,-17.225718800568625
1518,25.2974663456909,829,653,749.0,879.0,-0.24448115073010107,-0.34021811164468324,-14.007738107336516,-5.48532380381448,-0.24448115073010124,False,-14.007738107336525,-0.34021811164468474,False,-19.49306191115108
1519,25.31413134328358,823,652,735.0,875.0,-0.25690652684343546,-0.3758588505430919,-14.719659717493244,-6.81546611126432,-0.2569065268434354,False,-14.71965971749324,-0.37585885054309287,False,-21.53512582875761
1520,25.33079634087626,819,651,724.0,871.0,-0.26535357679610433,-0.4076315054576269,-15.203640029117352,-8.151924830168666,-0.2653535767961044,False,-15.203640029117354,-0.4076315054576263,False,-23.35556485928597
1521,25.347461338468943,815,650,715.0,867.0,-0.2737977198079385,-0.4318231512583066,-15.687453785300336,-9.05419027784,-0.27379771980793866,False,-15.687453785300345,-0.43182315125830684,False,-24.741644063140345
1522,25.364126336061627,812,649,709.0,865.0,-0.28026982251286847,-0.44495819655390045,-16.05827795486803,-9.435948767422992,-0.2802698225128686,False,-16.058277954868036,-0.4449581965539018,False,-25.494226722291103
1523,25.380791333654308,811,648,704.0,863.0,-0.28280921129960296,-0.4617854137604411,-16.20377421489076,-10.25458103428495,-0.282809211299603,False,-16.203774214890764,-0.4617854137604418,False,-26.458355249175764
1524,25.39745633124699,810,648,704.0,863.0,-0.2847784415948719,-0.4580506525194391,-16.316602799698973,-9.927766392878286,-0.284778441594872,False,-16.316602799698977,-0.45805065251943944,False,-26.244369192577288
1525,25.41412132883967,810,648,706.0,864.0,-0.2847784415948719,-0.4487233440107211,-16.316602799698973,-9.393350981112283,-0.284778441594872,False,-16.316602799698977,-0.44872334401071967,False,-25.709953780811183
1526,25.430786326432354,812,649,709.0,864.0,-0.28026982251286847,-0.4467636600691884,-16.05827795486803,-9.539394206913848,-0.2802698225128686,False,-16.058277954868036,-0.44676366006918755,False,-25.59767216178183
1527,25.447451324025035,815,649,715.0,867.0,-0.27435268203875546,-0.43007813505586256,-15.719250778915313,-8.922411220643038,-0.2743526820387556,False,-15.719250778915322,-0.43007813505586157,False,-24.641661999558284
1528,25.464116321617716,819,651,723.0,870.0,-0.26535357679610433,-0.4131288322784014,-15.203640029117352,-8.46689845560309,-0.2653535767961044,False,-15.203640029117354,-0.413128832278403,False,-23.67053848472055
1529,25.480781319210397,824,652,733.0,874.0,-0.25492363609838903,-0.3890201032932934,-14.60604844656653,-7.683161617882527,-0.25492363609838886,False,-14.606048446566522,-0.3890201032932943,False,-22.2892100644491
1530,25.49744631680308,831,654,744.0,877.0,-0.2400085251253937,-0.3719728371687995,-13.751475536844636,-7.56099812643457,-0.24000852512539383,False,-13.751475536844644,-0.3719728371687978,False,-21.312473663279114
1531,25.514111314395763,838,656,758.0,881.0,-0.22511043829988273,-0.34161549064780716,-12.897878038923404,-6.675247791486784,-0.22511043829988253,False,-12.897878038923391,-0.3416154906478077,False,-19.573125830410227
1532,25.530776311988443,846,657,773.0,885.0,-0.2086581568302273,-0.30986207885047,-11.955231747350854,-5.798557601931006,-0.20865815683022726,False,-11.955231747350853,-0.3098620788504718,False,-17.75378934928196
1533,25.547441309581124,855,659,790.0,888.0,-0.18975598189842505,-0.27656855859928864,-10.872216900140602,-4.9739942536152295,-0.18975598189842513,False,-10.872216900140607,-0.276568558599287,False,-15.846211153755734
1534,25.56410630717381,865,660,809.0,893.0,-0.1691999719277866,-0.23586960333565749,-9.69444428519418,-3.819888501363843,-0.16919997192778657,False,-9.694444285194178,-0.23586960333565798,False,-13.514332786558047
1535,25.58077130476649,876,662,829.0,896.0,-0.146251163518114,-0.1982172523518861,-8.37957441846561,-2.977437567977054,-0.14625116351811407,False,-8.379574418465612,-0.1982172523518848,False,-11.35701198644259
1536,25.59743630235917,887,663,849.0,898.0,-0.12359046870183274,-0.1603144609293133,-7.08121224465871,-2.1041297615058694,-0.12359046870183255,False,-7.081212244658699,-0.1603144609293139,False,-9.18534200616462
1537,25.61410129995185,897,664,871.0,901.0,-0.1029406244548341,-0.1092676898773683,-5.898063321703185,-0.36251414541436944,-0.10294062445483387,False,-5.898063321703172,-0.10926768987736679,False,-6.260577467117465
1538,25.630766297544533,908,664,894.0,902.0,-0.08040479267800013,-0.058755822715722696,-4.6068552730737915,1.2403946096439937,-0.08040479267800027,False,-4.6068552730737995,-0.058755822715720996,False,-3.366460663429704
1539,25.647431295137217,919,664,915.0,902.0,-0.05778683077093763,-0.016805140515041995,-3.3109415146114434,2.3480778889752223,-0.05778683077093749,False,-3.3109415146114354,-0.016805140515042893,False,-0.9628636256362644
1540,25.664096292729898,930,664,938.0,902.0,-0.03510953355978257,0.033600794415993215,-2.0116280936484667,3.9368118019716163,-0.03510953355978241,False,-2.0116280936484574,0.0336007944159924,False,1.925183708323108
1541,25.68076129032258,940,663,960.0,901.0,-0.014491739065500022,0.0838366420684145,-0.8303154862580109,5.633801245327096,-0.014491739065499942,False,-0.8303154862580063,0.08383664206841601,False,4.803485759069166
1542,25.69742628791526,950,662,982.0,899.0,0.006223986020535215,0.13420944732917872,0.35660813072509234,7.333026772020168,0.00622398602053531,False,0.3566081307250978,0.13420944732918016,False,7.689634902745342
1543,25.714091285507944,959,661,1002.0,896.0,0.024942850963658336,0.18097667416105903,1.429120089241441,8.940079530501546,0.024942850963658447,False,1.4291200892414473,0.18097667416105878,False,10.369199619742966
1544,25.730756283100625,967,660,1021.0,892.0,0.04164257909858842,0.22868682567222423,2.3859440303888126,10.716845910873648,0.041642579098588595,False,2.3859440303888224,0.22868682567222365,False,13.10278994126242
1545,25.747421280693306,975,659,1038.0,889.0,0.05838867060885703,0.26735539552188037,3.3454243972670628,11.9729113961875,0.05838867060885722,False,3.3454243972670734,0.26735539552188214,False,15.318335793454676
1546,25.764086278285987,982,658,1054.0,885.0,0.07309131899540686,0.30714335966663053,4.187824097481197,13.41019411688542,0.07309131899540677,False,4.187824097481192,0.30714335966662887,False,17.59801821436651
1547,25.78075127587867,988,656,1068.0,881.0,0.08592238237474796,0.34161549064780716,4.92298987578231,14.650135954627894,0.08592238237474792,False,4.922989875782307,0.3416154906478077,False,19.573125830410227
1548,25.797416273471352,993,655,1079.0,877.0,0.09654105635048646,0.36958637437281977,5.531395078617528,15.644344338487066,0.09654105635048627,False,5.531395078617517,0.36958637437281894,False,21.175739417104534
1549,25.814081271064033,998,654,1090.0,874.0,0.1071825999936803,0.39608144156430747,6.141110616876805,16.55268432821555,0.1071825999936804,False,6.141110616876811,0.3960814415643057,False,22.69379494509226
1550,25.830746268656714,1001,654,1097.0,871.0,0.11343499180721633,0.4165127351873055,6.499346279654567,17.365075560028128,0.11343499180721617,False,6.499346279654557,0.4165127351873039,False,23.86442183968261
1551,25.8474112662494,1003,653,1101.0,870.0,0.1178446698602321,0.4241944079037666,6.752002221103837,17.55254704483289,0.11784466986023201,False,6.752002221103831,0.42419440790376584,False,24.30454926593667
1552,25.86407626384208,1004,653,1105.0,868.0,0.11992909269887084,0.439170389325224,6.871430852478515,18.291178942974042,0.11992909269887075,False,6.87143085247851,0.43917038932522345,False,25.162609795452525
1553,25.88074126143476,1004,653,1105.0,868.0,0.11992909269887084,0.439170389325224,6.871430852478515,18.291178942974042,0.11992909269887075,False,6.87143085247851,0.43917038932522345,False,25.162609795452525
1554,25.89740625902744,1003,653,1102.0,869.0,0.1178446698602321,0.4297622790966885,6.752002221103837,17.87156256505976,0.11784466986023201,False,6.752002221103831,0.42976227909668907,False,24.623564786163644
1555,25.914071256620122,1000,654,1099.0,871.0,0.11135182629487822,0.428015417287721,6.379989687770385,18.1434872893468,0.11135182629487828,False,6.379989687770388,0.4280154172877211,False,24.52347697711719
1556,25.930736254212807,997,654,1092.0,873.0,0.10509657413192951,0.40929219792623106,6.021590139043345,17.429125389762838,0.10509657413192963,False,6.021590139043352,0.4092921979262307,False,23.450715528806164
1557,25.947401251805488,993,655,1083.0,875.0,0.09654105635048646,0.388318718172466,5.531395078617528,16.71762857859484,0.09654105635048627,False,5.531395078617517,0.3883187181724672,False,22.249023657212437
1558,25.96406624939817,987,657,1074.0,879.0,0.08366170373596188,0.3734971461064775,4.793462530944487,16.606347601137728,0.08366170373596171,False,4.793462530944478,0.37349714610647666,False,21.39981013208218
1559,25.98073124699085,981,658,1062.0,881.0,0.07101011124067928,0.34841090277124015,4.068579676845409,15.893894588289523,0.07101011124067913,False,4.0685796768454,0.34841090277123854,False,19.962474265134848
1560,25.997396244583534,973,659,1048.0,885.0,0.054226535533913656,0.3204225339290187,3.1069516237094406,15.251907231310751,0.054226535533913545,False,3.1069516237094343,0.320422533929019,False,18.358858855020213
1561,26.014061242176215,965,661,1034.0,889.0,0.037404583367481835,0.29386933503246765,2.1431247614019453,14.694347864274429,0.03740458336748187,False,2.1431247614019475,0.29386933503246837,False,16.837472625676426
1562,26.030726239768896,955,662,1017.0,892.0,0.016595986545909314,0.26330654956916083,0.9508799859365008,14.135474022528609,0.016595986545909103,False,0.9508799859364886,0.2633065495691618,False,15.086354008465173
1563,26.047391237361577,946,662,1000.0,895.0,-0.0020746858199706176,0.22773899193233446,-0.11887074129995491,13.167353809586618,-0.002074685819970501,False,-0.11887074129994823,0.22773899193233405,False,13.048483068286645
1564,26.06405623495426,936,663,981.0,898.0,-0.02277039089380975,0.18919902209996817,-1.304647296078421,12.144952750408974,-0.022770390893809722,False,-1.3046472960784194,0.18919902209996664,False,10.840305454330478
1565,26.080721232546942,926,664,962.0,899.0,-0.04336123341741444,0.1520097378205026,-2.484415669299475,11.193932091304454,-0.04336123341741427,False,-2.484415669299465,0.15200973782050298,False,8.70951642200499
1566,26.097386230139623,915,664,941.0,901.0,-0.0660196174786768,0.1092676898773683,-3.7826454465963018,10.04322291371385,-0.0660196174786769,False,-3.782645446596308,0.10926768987736679,False,6.260577467117465
1567,26.114051227732304,905,664,920.0,903.0,-0.08656002198743286,0.06267929449123805,-4.959523934439511,8.550782971645043,-0.08656002198743273,False,-4.9595239344395035,0.06267929449123955,False,3.5912590372056163
1568,26.130716225324985,894,664,899.0,902.0,-0.10906956090661349,0.021005313472176913,-6.2492255132940295,7.452741322599049,-0.10906956090661346,False,-6.249225513294028,0.021005313472176823,False,1.203515809305021
1569,26.14738122291767,884,663,879.0,901.0,-0.1297025371559121,-0.021005313472176913,-7.431407971172507,6.227892161867491,-0.12970253715591218,False,-7.431407971172511,-0.021005313472176823,False,-1.203515809305021
1570,26.16404622051035,875,662,859.0,901.0,-0.14828118145093316,-0.06684586440739673,-8.495885878352018,4.665899969904407,-0.14828118145093327,False,-8.495885878352025,-0.06684586440739793,False,-3.829985908447669
1571,26.18071121810303,866,661,839.0,897.0,-0.16683387972902558,-0.11391151001120803,-9.558877188266344,3.0322284266618897,-0.16683387972902564,False,-9.558877188266347,-0.11391151001120647,False,-6.526648761604355
1572,26.197376215695712,858,659,819.0,895.0,-0.18370881390222102,-0.16377410783361504,-10.525739695951527,1.1421745235649492,-0.18370881390222094,False,-10.525739695951524,-0.16377410783361412,False,-9.383565172386524
1573,26.214041213288397,850,658,802.0,892.0,-0.20021018852499517,-0.20232162837830375,-11.471198818000769,-0.12097659229030665,-0.20021018852499495,False,-11.471198818000754,-0.2023216283783036,False,-11.592175410291063
1574,26.230706210881078,843,657,786.0,889.0,-0.21466985588425674,-0.2409177717439294,-12.299676730849532,-1.5038947997737424,-0.21466985588425658,False,-12.299676730849523,-0.2409177717439306,False,-13.80357153062334
1575,26.24737120847376,837,655,770.0,885.0,-0.2275674874105842,-0.28346016365386906,-13.03865658302297,-3.2024144544313504,-0.2275674874105844,False,-13.038656583022982,-0.2834601636538707,False,-16.241071037454407
1576,26.26403620606644,832,654,758.0,882.0,-0.23801706499924458,-0.31383515242790877,-13.6373732765477,-4.344056420416345,-0.23801706499924435,False,-13.637373276547688,-0.3138351524279095,False,-17.981429696964085
1577,26.280701203659124,828,653,747.0,878.0,-0.2464704571470284,-0.34555558058171215,-14.121716969184744,-5.677159385340195,-0.2464704571470282,False,-14.121716969184734,-0.34555558058171343,False,-19.798876354525003
1578,26.297366201251805,824,653,738.0,875.0,-0.2544076640821771,-0.36958637437281977,-14.57648542769073,-6.599253989413841,-0.2544076640821773,False,-14.576485427690743,-0.36958637437281894,False,-21.175739417104534
1579,26.314031198844486,822,652,733.0,874.0,-0.2588873538510183,-0.3812827744718905,-14.833152744973269,-7.012741033304474,-0.25888735385101835,False,-14.83315274497327,-0.38128277447189163,False,-21.845893778277794
1580,26.330696196437167,821,652,729.0,872.0,-0.2608661048213965,-0.39608144156430747,-14.946526824283355,-7.747268120809006,-0.2608661048213965,False,-14.946526824283355,-0.3960814415643057,False,-22.69379494509226
1581,26.34736119402985,821,651,727.0,871.0,-0.2613950986760279,-0.4037940918851321,-14.976835939542092,-8.158861317793749,-0.26139509867602806,False,-14.9768359395421,-0.40379409188513193,False,-23.135697257335824
1582,26.364026191622532,821,652,728.0,872.0,-0.2608661048213965,-0.39994405315716103,-14.946526824283355,-7.968579462977816,-0.2608661048213965,False,-14.946526824283355,-0.3999440531571601,False,-22.91510628726112
1583,26.380691189215213,823,652,731.0,873.0,-0.25690652684343546,-0.3944697829498962,-14.719659717493244,-7.8817939909774415,-0.2569065268434354,False,-14.71965971749324,-0.39446978294989776,False,-22.601453708470782
1584,26.397356186807894,825,653,735.0,874.0,-0.25242639036408826,-0.3867319776141511,-14.462966805584049,-7.695143314454633,-0.2524263903640884,False,-14.462966805584058,-0.3867319776141507,False,-22.158110120038668
1585,26.414021184400575,829,654,743.0,877.0,-0.24398561479390984,-0.36807500509724905,-13.979345989595695,-7.109798346732933,-0.2439856147939099,False,-13.979345989595698,-0.3680750050972499,False,-21.089144336328683
1586,26.43068618199326,833,655,751.0,879.0,-0.23554498072086333,-0.35091999741042856,-13.495733280795811,-6.610501517563513,-0.23554498072086316,False,-13.495733280795802,-0.3509199974104291,False,-20.106234798359367
1587,26.44735117958594,839,656,762.0,882.0,-0.2231133610549015,-0.32837297413931005,-12.783453941424366,-6.030931582916615,-0.22311336105490165,False,-12.783453941424373,-0.32837297413930955,False,-18.814385524340963
1588,26.46401617717862,846,657,774.0,886.0,-0.2086581568302273,-0.3046244292445449,-11.955231747350854,-5.498462384943132,-0.20865815683022726,False,-11.955231747350853,-0.30462442924454436,False,-17.45369413229396
1589,26.480681174771302,853,659,788.0,889.0,-0.19377966560484572,-0.2754261036960354,-11.102756994614063,-4.677996314901328,-0.1937796656048456,False,-11.102756994614056,-0.2754261036960344,False,-15.780753309515333
1590,26.497346172363986,861,660,802.0,891.0,-0.1772856404328955,-0.2500650892513549,-10.157718965078773,-4.169955252586112,-0.17728564043289552,False,-10.157718965078773,-0.25006508925135407,False,-14.327674217664836
1591,26.514011169956667,870,661,818.0,895.0,-0.1587363454587446,-0.21866894587394195,-9.094922650116697,-3.4338850590348184,-0.1587363454587445,False,-9.09492265011669,-0.2186689458739437,False,-12.52880770915161
1592,26.53067616754935,879,662,836.0,897.0,-0.14015388379570667,-0.18097667416105903,-8.03022602386097,-2.3389735958820004,-0.1401538837957066,False,-8.030226023860966,-0.18097667416105878,False,-10.369199619742966
1593,26.54734116514203,888,663,854.0,899.0,-0.12155102534672077,-0.1430832936681563,-6.964360747854794,-1.2337080981614899,-0.12155102534672091,False,-6.964360747854802,-0.14308329366815542,False,-8.198068846016241
1594,26.564006162734714,898,664,873.0,902.0,-0.1008958967103772,-0.10465821607405422,-5.7809090516925,-0.21556502071903072,-0.10089589671037702,False,-5.78090905169249,-0.10465821607405346,False,-5.996474072411495
1595,26.580671160327395,908,664,892.0,902.0,-0.08040479267800013,-0.0671258882021007,-4.6068552730737915,0.7608251830264273,-0.08040479267800027,False,-4.6068552730737995,-0.0671258882020993,False,-3.8460300900472957
1596,26.597336157920076,917,664,911.0,902.0,-0.06190427440977209,-0.025204745326941735,-3.5468536574996463,2.102728126563807,-0.061904274409771975,False,-3.5468536574996397,-0.025204745326941946,False,-1.4441255309358578
1597,26.614001155512756,927,664,932.0,902.0,-0.04129881836960612,0.021005313472176913,-2.366247991455786,3.5697638007608083,-0.04129881836960614,False,-2.3662479914557872,0.021005313472176823,False,1.203515809305021
1598,26.63066615310544,936,664,951.0,901.0,-0.022723360841641064,0.06320683189746022,-1.3019526725788753,4.923437376696222,-0.02272336084164106,False,-1.301952672578875,0.06320683189746035,False,3.621484704117347
1599,26.647331150698122,945,663,970.0,900.0,-0.004140763083590734,0.10509657413192951,-0.23724824865332556,6.258838387696668,-0.004140763083590571,False,-0.2372482486533162,0.10509657413193096,False,6.021590139043428
1600,26.663996148290803,953,662,988.0,898.0,0.012447489868861053,0.14723191804075808,0.7131886350175889,7.722578878333883,0.012447489868860906,False,0.7131886350175805,0.14723191804075952,False,8.435767513351566
1601,26.680661145883484,961,661,1005.0,895.0,0.02909781411771015,0.18586394582193286,1.6671819420009748,8.982037717243974,0.029097814117710286,False,1.6671819420009826,0.18586394582193222,False,10.649219659244906
1602,26.697326143476165,967,660,1021.0,892.0,0.04164257909858842,0.22868682567222423,2.3859440303888126,10.716845910873648,0.041642579098588595,False,2.3859440303888224,0.22868682567222365,False,13.10278994126242
1603,26.71399114106885,974,659,1035.0,889.0,0.056307847189477546,0.25924884628266204,3.2262019974246376,11.627662738207741,0.05630784718947757,False,3.226201997424639,0.259248846282663,False,14.85386473563243
1604,26.73065613866153,979,658,1048.0,886.0,0.06684586440739673,0.29386933503246765,3.8299859084476005,13.007486717228783,0.0668458644073966,False,3.8299859084475925,0.29386933503246837,False,16.837472625676426
1605,26.74732113625421,983,657,1058.0,884.0,0.07532889082834011,0.31910505792279287,4.316027519865624,13.96734552038809,0.07532889082834027,False,4.316027519865633,0.3191050579227941,False,18.283373040253775
1606,26.763986133846892,987,657,1067.0,881.0,0.08366170373596188,0.3430239404207034,4.793462530944487,14.860361527108818,0.08366170373596171,False,4.793462530944478,0.3430239404207036,False,19.65382405805332
1607,26.780651131439576,990,656,1073.0,879.0,0.09009159781316277,0.35631125565237476,5.161868324284264,15.253262817603707,0.09009159781316267,False,5.161868324284258,0.35631125565237554,False,20.415131141888015
1608,26.797316129032257,992,656,1078.0,877.0,0.09425767512363263,0.3711096294205465,5.4005669712993996,15.86244853116191,0.09425767512363281,False,5.40056697129941,0.3711096294205447,False,21.26301550246122
1609,26.813981126624938,993,656,1081.0,877.0,0.09633949292208074,0.37894509813114835,5.519846344865694,16.192108445219922,0.09633949292208088,False,5.519846344865702,0.3789450981311475,False,21.71195479008557
1610,26.83064612421762,992,655,1081.0,876.0,0.09445493539504667,0.3828446425313149,5.4118691523170295,16.523513073922008,0.09445493539504657,False,5.411869152317023,0.3828446425313139,False,21.93538222623898
1611,26.847311121810304,992,655,1079.0,877.0,0.09445493539504667,0.3734971461064775,5.4118691523170295,15.987940979765208,0.09445493539504657,False,5.411869152317023,0.37349714610647666,False,21.39981013208218
1612,26.863976119402984,990,656,1076.0,878.0,0.09009159781316277,0.36958637437281977,5.161868324284264,16.013871092820327,0.09009159781316267,False,5.161868324284258,0.36958637437281894,False,21.175739417104534
1613,26.880641116995665,987,656,1070.0,880.0,0.0838366420684145,0.3548510431119804,4.803485759069079,15.527981367062225,0.08383664206841468,False,4.80348575906909,0.35485104311198157,False,20.331467126131365
1614,26.897306114588346,983,657,1062.0,881.0,0.07532889082834011,0.33905907872732344,4.316027519865624,15.110626696803918,0.07532889082834027,False,4.316027519865633,0.339059078727324,False,19.426654216669576
1615,26.91397111218103,978,658,1054.0,884.0,0.06476286091828312,0.3244030680696465,3.7106385998103657,14.87628806167553,0.06476286091828332,False,3.7106385998103772,0.32440306806964614,False,18.586926661485883
1616,26.93063610977371,972,659,1043.0,886.0,0.05214475350839427,0.303135683518947,2.987674299780984,14.380720985668113,0.05214475350839409,False,2.987674299780974,0.3031356835189456,False,17.36839528544901
1617,26.947301107366393,965,660,1031.0,889.0,0.037482436691661486,0.28060513042474605,2.147585428298503,13.929904254757444,0.03748243669166129,False,2.147585428298492,0.2806051304247461,False,16.077489683055962
1618,26.963966104959074,958,661,1019.0,891.0,0.022865037346006013,0.25924884628266204,1.3100701383351536,13.543794597297214,0.0228650373460062,False,1.3100701383351643,0.259248846282663,False,14.85386473563243
1619,26.980631102551754,950,662,1005.0,894.0,0.006223986020535215,0.23277174150088592,0.35660813072509234,12.980230247185865,0.00622398602053531,False,0.3566081307250978,0.23277174150088698,False,13.336838377911015
1620,26.99729610014444,942,663,989.0,896.0,-0.010351597114119019,0.19904572336856055,-0.5931028258588226,11.997582705005845,-0.010351597114119038,False,-0.5931028258588237,0.19904572336855963,False,11.40447987914697
1621,27.01396109773712,933,663,973.0,899.0,-0.028977393851561332,0.16789592325037456,-1.6602823689828055,11.280010168681658,-0.028977393851561395,False,-1.660282368982809,0.1678959232503736,False,9.619727799698799
1622,27.0306260953298,923,664,956.0,900.0,-0.0495461945911252,0.13892970426308895,-2.8387878410053813,10.798873544281058,-0.0495461945911253,False,-2.8387878410053875,0.13892970426308793,False,7.960085703275619
1623,27.04729109292248,914,664,938.0,901.0,-0.06807645825799948,0.10092178466729385,-3.90049374238189,9.682886064745936,-0.06807645825799957,False,-3.900493742381896,0.10092178466729251,False,5.782392322363964
1624,27.063956090515166,904,664,920.0,902.0,-0.08861032793160892,0.0671258882021007,-5.076997811751385,8.923027901798765,-0.08861032793160906,False,-5.076997811751393,0.0671258882020993,False,3.8460300900472957
1625,27.080621088107847,895,663,902.0,902.0,-0.10724736851090882,0.02928033234577806,-6.14482157955932,7.822461045712798,-0.10724736851090899,False,-6.14482157955933,0.029280332345777538,False,1.6776394661534424
1626,27.097286085700528,887,663,884.0,902.0,-0.12359046870183274,-0.012551642069567633,-7.08121224465871,6.362056128113632,-0.12359046870183255,False,-7.081212244658699,-0.012551642069567492,False,-0.7191561165450674
1627,27.11395108329321,878,662,867.0,901.0,-0.14218749897589808,-0.04599264736156945,-8.146743590839675,5.511559008388237,-0.14218749897589822,False,-8.146743590839684,-0.04599264736156883,False,-2.635184582451395
1628,27.130616080885893,871,661,849.0,899.0,-0.1567086347482373,-0.09217503755646181,-8.978743384331155,3.6975027558860396,-0.15670863474823715,False,-8.978743384331146,-0.09217503755646206,False,-5.281240628445133
1629,27.147281078478574,863,660,832.0,897.0,-0.17324566645236494,-0.130063287501013,-9.926245506651705,2.474168063247026,-0.17324566645236494,False,-9.926245506651705,-0.13006328750101304,False,-7.452077443404679
1630,27.163946076071255,856,659,817.0,895.0,-0.18774179700423668,-0.16377410783361504,-10.756812606544605,1.373247434158035,-0.18774179700423677,False,-10.756812606544608,-0.16377410783361412,False,-9.383565172386524
1631,27.180611073663936,851,658,803.0,892.0,-0.19820006490559852,-0.20232162837830375,-11.356027218309778,-0.23614819198130393,-0.1982000649055986,False,-11.356027218309784,-0.2023216283783036,False,-11.592175410291063
1632,27.197276071256617,845,657,789.0,889.0,-0.21066377998456154,-0.23684876094692026,-12.070145489387922,-1.50028889577356,-0.21066377998456165,False,-12.07014548938793,-0.23684876094691987,False,-13.570434385161464
1633,27.2139410688493,841,656,778.0,887.0,-0.2191137857022512,-0.2662520491509254,-12.554295153872955,-2.700823549184832,-0.21911378570225137,False,-12.554295153872964,-0.2662520491509248,False,-15.255118703057747
1634,27.230606066441982,837,655,768.0,884.0,-0.2275674874105842,-0.2926582356298651,-13.03865658302297,-3.729425158313471,-0.2275674874105844,False,-13.038656583022982,-0.29265823562986526,False,-16.768081741336452
1635,27.247271064034663,834,655,760.0,882.0,-0.23355342755049574,-0.3151281346539744,-13.38162568945785,-4.673886432045186,-0.23355342755049557,False,-13.381625689457842,-0.3151281346539747,False,-18.055512121503053
1636,27.263936061627344,832,654,755.0,880.0,-0.23801706499924458,-0.32837297413931005,-13.6373732765477,-5.177012247793301,-0.23801706499924435,False,-13.637373276547688,-0.32837297413930955,False,-18.814385524340963
1637,27.28060105922003,832,654,751.0,879.0,-0.23801706499924458,-0.34555558058171215,-13.6373732765477,-6.1615030779772395,-0.23801706499924435,False,-13.637373276547688,-0.34555558058171343,False,-19.798876354525003
1638,27.29726605681271,832,654,749.0,878.0,-0.23801706499924458,-0.3548510431119804,-13.6373732765477,-6.694093849583601,-0.23801706499924435,False,-13.637373276547688,-0.35485104311198157,False,-20.331467126131365
1639,27.31393105440539,832,654,750.0,878.0,-0.23801706499924458,-0.35091999741042856,-13.6373732765477,-6.468861521811627,-0.23801706499924435,False,-13.637373276547688,-0.3509199974104291,False,-20.106234798359367
1640,27.33059605199807,834,654,752.0,879.0,-0.23402837907392682,-0.349484524690076,-13.40883840722376,-6.615149862653221,-0.23402837907392682,False,-13.40883840722376,-0.3494845246900766,False,-20.023988269877005
1641,27.347261049590756,836,655,757.0,880.0,-0.22956466767610892,-0.33766433024524956,-13.153086583164352,-6.193654432000079,-0.22956466767610895,False,-13.153086583164354,-0.33766433024525,False,-19.346741015164458
1642,27.363926047183437,839,655,764.0,882.0,-0.22356759295111894,-0.31910505792279287,-12.809479511997848,-5.473893528255848,-0.22356759295111894,False,-12.809479511997848,-0.3191050579227941,False,-18.283373040253775
1643,27.380591044776118,843,656,771.0,884.0,-0.2151070731365696,-0.30587887140485215,-12.324727434137365,-5.2008409395855155,-0.2151070731365694,False,-12.324727434137355,-0.30587887140485037,False,-17.52556837372277
1644,27.3972560423688,848,657,780.0,886.0,-0.20464180982977792,-0.28865006568130397,-11.72511201516508,-4.813318504547644,-0.20464180982977798,False,-11.725112015165081,-0.2886500656813027,False,-16.538430519712648
1645,27.413921039961483,854,658,791.0,889.0,-0.19216000559347318,-0.2662520491509254,-11.009957311716306,-4.245161391341469,-0.19216000559347313,False,-11.009957311716303,-0.2662520491509248,False,-15.255118703057747
1646,27.430586037554164,860,659,803.0,892.0,-0.17966977758252994,-0.23992309446966495,-10.294319961533176,-3.4522607592971717,-0.17966977758253,False,-10.29431996153318,-0.2399230944696633,False,-13.74658072083025
1647,27.447251035146845,867,660,816.0,894.0,-0.16514867741462683,-0.21459288149122355,-9.462322208025617,-2.8329442149725352,-0.1651486774146269,False,-9.462322208025622,-0.21459288149122457,False,-12.295266422998207
1648,27.463916032739526,875,661,831.0,896.0,-0.14858494558560809,-0.18509101269405182,-8.513290281236335,-2.091643571935185,-0.14858494558560809,False,-8.513290281236335,-0.18509101269405193,False,-10.60493385317152
1649,27.480581030332207,883,662,846.0,898.0,-0.13200790636490436,-0.15551373812965635,-7.5634958970671775,-1.3467849540648287,-0.13200790636490423,False,-7.5634958970671695,-0.15551373812965608,False,-8.910280851131997
1650,27.49724602792489,891,663,861.0,899.0,-0.11542666036692471,-0.12644049725838966,-6.613460482314756,-0.6310463701264154,-0.1154266603669245,False,-6.6134604823147445,-0.12644049725838968,False,-7.2445068524411855
1651,27.513911025517572,900,663,878.0,901.0,-0.09700308570613335,-0.09217503755646181,-5.557867410707244,0.2766267822621312,-0.09700308570613325,False,-5.557867410707238,-0.09217503755646206,False,-5.281240628445133
1652,27.530576023110253,908,664,894.0,901.0,-0.08040479267800013,-0.059003163794032726,-4.6068552730737915,1.22622300975662,-0.08040479267800027,False,-4.6068552730737995,-0.059003163794031366,False,-3.380632263317103
1653,27.547241020702934,917,663,911.0,902.0,-0.062032112412757426,-0.025099330520065605,-3.5541782355320866,2.116092528128421,-0.062032112412757634,False,-3.5541782355320986,-0.025099330520067298,False,-1.4380857074037539
1654,27.56390601829562,925,663,928.0,902.0,-0.045517193771413604,0.012551642069567633,-2.607943098381158,3.327099214926238,-0.04551719377141339,False,-2.6079430983811456,0.012551642069567492,False,0.7191561165450674
1655,27.5805710158883,933,663,945.0,901.0,-0.028977393851561332,0.050377507181057816,-1.6602823689828055,4.546700912847413,-0.028977393851561395,False,-1.660282368982809,0.05037750718105727,False,2.8864185438645786
1656,27.59723601348098,941,662,961.0,900.0,-0.012447489868861053,0.0838366420684145,-0.7131886350175889,5.51667439408667,-0.012447489868860906,False,-0.7131886350175805,0.08383664206841601,False,4.803485759069166
1657,27.61390101107366,948,662,976.0,899.0,0.0020746858199706176,0.1175983406109762,0.11887074129995491,6.6190178534508854,0.002074685819970501,False,0.11887074129994823,0.11759834061097507,False,6.737888594750783
1658,27.630566008666346,954,661,991.0,897.0,0.014551987288104556,0.15551373812965635,0.8337674551364155,8.076513395995606,0.014551987288104584,False,0.833767455136417,0.15551373812965608,False,8.910280851131997
1659,27.647231006259027,960,660,1005.0,895.0,0.02707671430845675,0.18919902209996817,1.5513814529560592,9.288924001374511,0.02707671430845693,False,1.5513814529560694,0.18919902209996664,False,10.840305454330478
1660,27.663896003851708,966,660,1018.0,892.0,0.039562679159935166,0.2204937613666717,2.266774542094462,10.36658739318056,0.039562679159935055,False,2.266774542094456,0.2204937613666722,False,12.63336193527504
1661,27.68056100144439,970,659,1029.0,890.0,0.04797984993341295,0.2500650892513549,2.749042902855606,11.578631314809266,0.047979849933412755,False,2.749042902855595,0.25006508925135407,False,14.327674217664836
1662,27.697225999037073,974,658,1037.0,888.0,0.05642539641811793,0.26735539552188037,3.23293707211075,12.08539872134383,0.056425396418117835,False,3.2329370721107447,0.26735539552188214,False,15.318335793454676
1663,27.713890996629754,977,658,1046.0,886.0,0.06267929449123805,0.29386933503246765,3.5912590372055306,13.24621358847086,0.06267929449123821,False,3.59125903720554,0.29386933503246837,False,16.837472625676426
1664,27.730555994222435,979,658,1051.0,884.0,0.06684586440739673,0.3084180111024965,3.8299859084476005,13.841064453544414,0.0668458644073966,False,3.8299859084475925,0.30841801110249634,False,17.671050361992005
1665,27.747220991815116,981,657,1055.0,883.0,0.07115847789723893,0.3164314556251264,4.077080460086743,14.053106452414193,0.07115847789723873,False,4.077080460086732,0.31643145562512487,False,18.130186912500847
1666,27.763885989407797,981,657,1058.0,883.0,0.07115847789723893,0.32837297413931005,4.077080460086743,14.737305064254256,0.07115847789723873,False,4.077080460086732,0.32837297413930955,False,18.814385524340963
1667,27.78055098700048,982,657,1058.0,882.0,0.07324400340426962,0.3257452069169275,4.196572269706484,14.467253283249176,0.07324400340426962,False,4.196572269706484,0.32574520691692754,False,18.66382555295566
1668,27.797215984593162,981,657,1056.0,883.0,0.07115847789723893,0.3204225339290187,4.077080460086743,14.281778394933454,0.07115847789723873,False,4.077080460086732,0.320422533929019,False,18.358858855020213
1669,27.813880982185843,979,657,1052.0,884.0,0.06698558409386475,0.31114087293310727,3.837991256797109,13.989067596286164,0.06698558409386468,False,3.837991256797105,0.3111408729331089,False,17.82705885308337
1670,27.830545979778524,976,658,1047.0,885.0,0.06059518299576745,0.303135683518947,3.471848244480367,13.896547040968711,0.060595182995767605,False,3.471848244480376,0.3031356835189456,False,17.36839528544901
1671,27.84721097737121,972,658,1041.0,887.0,0.05225364469082703,0.2926582356298651,2.99391330496057,13.774168436375868,0.05225364469082683,False,2.9939133049605586,0.29265823562986526,False,16.768081741336452
1672,27.86387597496389,968,659,1033.0,889.0,0.04381327986561159,0.2754261036960354,2.5103160229250507,13.27043728659033,0.043813279865611676,False,2.5103160229250556,0.2754261036960344,False,15.780753309515333
1673,27.88054097255657,963,660,1023.0,891.0,0.033320995878247196,0.2541247495556341,1.9091524329963763,12.651123186360495,0.03332099587824722,False,1.9091524329963774,0.2541247495556327,False,14.560275619356796
1674,27.89720597014925,957,661,1013.0,892.0,0.02078702624457386,0.23783592745745075,1.1910088724417596,12.435985987449781,0.02078702624457396,False,1.1910088724417651,0.23783592745744997,False,13.626994859891495
1675,27.913870967741936,951,661,1003.0,894.0,0.008315816623354337,0.2195776234975388,0.4764611957229348,12.104409906198642,0.008315816623354344,False,0.4764611957229352,0.21957762349753907,False,12.580871101921602
1676,27.930535965334617,944,662,990.0,896.0,-0.006223986020535215,0.19410609803032688,-0.35660813072509234,11.478068325615435,-0.00622398602053531,False,-0.3566081307250978,0.1941060980303284,False,11.121460194890439
1677,27.947200962927297,936,662,977.0,897.0,-0.02281761599004944,0.17272951082565158,-1.3073530947800545,11.20402506244915,-0.0228176159900495,False,-1.3073530947800578,0.17272951082565058,False,9.896671967669041
1678,27.96386596051998,928,663,964.0,899.0,-0.039317202185869246,0.15137544373402623,-2.2527097475128426,10.925883795392618,-0.039317202185869427,False,-2.252709747512853,0.15137544373402534,False,8.673174047879716
1679,27.980530958112663,920,663,948.0,900.0,-0.05584250248016998,0.1175983406109762,-3.199539709562572,9.93742830431341,-0.055842502480170086,False,-3.199539709562578,0.11759834061097507,False,6.737888594750783
1680,27.997195955705344,912,663,934.0,901.0,-0.07233733053859498,0.09217503755646181,-4.1446237411042945,9.425864369549418,-0.07233733053859481,False,-4.144623741104285,0.09217503755646206,False,5.281240628445133
1681,28.013860953298025,903,663,919.0,902.0,-0.09084655884315403,0.06684586440739673,-5.205124404999612,9.035110313447227,-0.09084655884315396,False,-5.205124404999609,0.06684586440739793,False,3.829985908447669
1682,28.030525950890706,896,663,903.0,901.0,-0.10520024942055292,0.029403288204005115,-6.027530295521267,7.712214613417556,-0.10520024942055306,False,-6.027530295521275,0.02940328820400495,False,1.684684317896282
1683,28.047190948483387,888,662,888.0,901.0,-0.12180072168538442,0.0,-6.978667294220091,6.978667294220081,-0.12180072168538425,False,-6.978667294220081,0.0,False,0.0
1684,28.06385594607607,881,661,874.0,901.0,-0.1363625931978319,-0.029158400245143854,-7.813001073695116,6.14234780229514,-0.13636259319783184,False,-7.813001073695112,-0.029158400245144378,False,-1.6706532713999978
1685,28.080520943668752,874,661,859.0,899.0,-0.15061776375778682,-0.0629419593073733,-8.629762183019675,5.023453560423005,-0.1506177637577868,False,-8.629762183019674,-0.06294195930737345,False,-3.606308622596669
1686,28.097185941261433,867,660,844.0,898.0,-0.16514867741462683,-0.09633949292208074,-9.462322208025617,3.9424758631599204,-0.1651486774146269,False,-9.462322208025622,-0.09633949292208044,False,-5.519846344865676
1687,28.113850938854114,861,659,832.0,896.0,-0.17764802643398853,-0.12175759779046096,-10.178482153496027,3.2022856764512158,-0.17764802643398836,False,-10.178482153496017,-0.12175759779045947,False,-6.976196477044725
1688,28.1305159364468,857,658,819.0,894.0,-0.1861057169635627,-0.15964666966066154,-10.663072125268393,1.5159917403932406,-0.1861057169635627,False,-10.663072125268393,-0.15964666966065977,False,-9.147080384875052
1689,28.14718093403948,852,657,807.0,892.0,-0.19658910841180655,-0.18919902209996817,-11.263726210236305,0.4234207559057506,-0.19658910841180655,False,-11.263726210236305,-0.18919902209996664,False,-10.840305454330478
1690,28.16384593163216,848,657,798.0,890.0,-0.20464180982977792,-0.21138641644999373,-11.72511201516508,-0.38643749381435405,-0.20464180982977798,False,-11.725112015165081,-0.21138641644999367,False,-12.111549508979436
1691,28.18051092922484,846,656,790.0,889.0,-0.20908386269653345,-0.23586960333565749,-11.979622896804159,-1.5347098897538627,-0.20908386269653345,False,-11.979622896804159,-0.23586960333565798,False,-13.514332786558047
1692,28.197175926817525,844,656,782.0,887.0,-0.21310107468102008,-0.26221833432139385,-12.209792188924617,-2.8142116786416826,-0.21310107468102002,False,-12.209792188924613,-0.26221833432139263,False,-15.024003867566218
1693,28.213840924410206,842,656,777.0,886.0,-0.2171113147349052,-0.2754261036960354,-12.43956201884655,-3.3411912906688546,-0.2171113147349053,False,-12.439562018846555,-0.2754261036960344,False,-15.780753309515333
1694,28.230505922002887,842,655,773.0,885.0,-0.2175541191340084,-0.2914567944778671,-12.46493284206499,-4.234311391928624,-0.21755411913400824,False,-12.46493284206498,-0.29145679447786677,False,-16.699244233993603
1695,28.24717091959557,842,656,772.0,884.0,-0.2171113147349052,-0.29788240885294875,-12.43956201884655,-4.6278427996178415,-0.2171113147349053,False,-12.439562018846555,-0.29788240885294925,False,-17.06740481846442
1696,28.26383591718825,842,656,773.0,884.0,-0.2171113147349052,-0.29386933503246765,-12.43956201884655,-4.3979106068298455,-0.2171113147349053,False,-12.439562018846555,-0.29386933503246837,False,-16.837472625676426
1697,28.280500914780934,845,656,775.0,885.0,-0.21109333322274654,-0.29665674760929417,-12.094757077012101,-4.902422525078139,-0.2110933332227467,False,-12.09475707701211,-0.29665674760929406,False,-16.997179602090224
1698,28.297165912373615,847,656,779.0,886.0,-0.20707267711703156,-0.28746320548528187,-11.864390451281128,-4.606037988327468,-0.20707267711703148,False,-11.864390451281123,-0.28746320548528104,False,-16.47042843960854
1699,28.313830909966295,850,657,785.0,887.0,-0.20061875577897106,-0.2754261036960354,-11.494607997300836,-4.286145312214557,-0.20061875577897093,False,-11.494607997300829,-0.2754261036960344,False,-15.780753309515333
1700,28.330495907558976,853,658,792.0,889.0,-0.1941749590686425,-0.2581758664478214,-11.125405641758725,-3.6669818778346412,-0.19417495906864257,False,-11.12540564175873,-0.25817586644782153,False,-14.79238751959337
1701,28.34716090515166,857,658,800.0,890.0,-0.1861057169635627,-0.2409177717439294,-10.663072125268393,-3.1404994053548716,-0.1861057169635627,False,-10.663072125268393,-0.2409177717439306,False,-13.80357153062334
1702,28.363825902744342,862,659,810.0,892.0,-0.1756248064838415,-0.2195776234975388,-10.062560189325932,-2.5183109125956444,-0.1756248064838415,False,-10.062560189325932,-0.21957762349753907,False,-12.580871101921602
1703,28.380490900337023,868,660,819.0,894.0,-0.16312096812879112,-0.20641910492155582,-9.346143023867745,-2.4808004990055252,-0.16312096812879107,False,-9.346143023867741,-0.20641910492155446,False,-11.82694352287319
1704,28.397155897929704,874,661,831.0,895.0,-0.15061776375778682,-0.1817331968267754,-8.629762183019675,-1.7827829925748329,-0.1506177637577868,False,-8.629762183019674,-0.18173319682677658,False,-10.412545175594582
1705,28.413820895522388,881,661,844.0,898.0,-0.1363625931978319,-0.15486802523009655,-7.813001073695116,-1.0602831535149775,-0.13636259319783184,False,-7.813001073695112,-0.15486802523009757,False,-8.87328422721014
1706,28.43048589311507,888,662,857.0,898.0,-0.12180072168538442,-0.13060816994581406,-6.978667294220091,-0.5046296136024591,-0.12180072168538425,False,-6.978667294220081,-0.1306081699458126,False,-7.483296907822464
1707,28.44715089070775,895,662,869.0,900.0,-0.1074681659256894,-0.10881220481724505,-6.157472339553647,-0.0770077559875867,-0.10746816592568953,False,-6.157472339553654,-0.1088122048172444,False,-6.23448009554119
1708,28.46381588830043,902,662,884.0,901.0,-0.0930911522812464,-0.07517189263510927,-5.333730135725064,1.0266979497227422,-0.09309115228124654,False,-5.333730135725072,-0.07517189263510815,False,-4.307032186002253
1709,28.480480885893115,909,663,898.0,901.0,-0.07851322242092665,-0.04618561965887765,-4.498476280691005,1.8522352000408795,-0.07851322242092662,False,-4.498476280691003,-0.04618561965887835,False,-2.6462410806501744
1710,28.497145883485796,917,663,912.0,901.0,-0.062032112412757426,-0.021005313472176913,-3.5541782355320866,2.350662426227052,-0.062032112412757634,False,-3.5541782355320986,-0.021005313472176823,False,-1.203515809305021
1711,28.513810881078477,924,663,926.0,901.0,-0.047583103276983396,0.008403163547646988,-2.7263109939062655,3.207776799744611,-0.04758310327698334,False,-2.7263109939062624,0.008403163547647807,False,0.48146580583839943
1712,28.530475878671158,931,662,941.0,901.0,-0.03318283616649847,0.041816613207517075,-1.9012364646144302,4.2971519149361646,-0.03318283616649831,False,-1.9012364646144209,0.04181661320751573,False,2.3959154503216675
1713,28.54714087626384,937,662,954.0,900.0,-0.020743912017768002,0.07130746478529032,-1.1885386092088142,5.274155389183683,-0.02074391201776793,False,-1.18853860920881,0.07130746478529204,False,4.085616779974975
1714,28.563805873856523,943,662,967.0,899.0,-0.008298564684669439,0.10092178466729385,-0.4754727324478717,6.257865054811922,-0.008298564684669607,False,-0.47547273244788135,0.10092178466729251,False,5.782392322363964
1715,28.580470871449204,949,661,979.0,897.0,0.0041579801956767365,0.12644049725838966,0.2382347165112572,7.006272135929923,0.004157980195676814,False,0.2382347165112616,0.12644049725838968,False,7.2445068524411855
1716,28.597135869041885,954,661,990.0,896.0,0.014551987288104556,0.1520097378205026,0.8337674551364155,7.875748966868547,0.014551987288104584,False,0.833767455136417,0.15200973782050298,False,8.70951642200499
1717,28.613800866634566,958,660,1001.0,895.0,0.0229126561874469,0.18097667416105903,1.3127984969750188,9.056401122767975,0.022912656187446867,False,1.312798496975017,0.18097667416105878,False,10.369199619742966
1718,28.63046586422725,962,660,1010.0,893.0,0.031239833430268277,0.20316631194892554,1.7899106082460694,9.850661605665666,0.03123983343026815,False,1.789910608246062,0.20316631194892665,False,11.640572213911804
1719,28.64713086181993,965,659,1017.0,891.0,0.03756061462447767,0.2204937613666717,2.152064693899928,10.481297241375092,0.03756061462447757,False,2.1520646938999226,0.2204937613666722,False,12.63336193527504
1720,28.663795859412613,968,658,1025.0,890.0,0.043904821824266624,0.2409177717439294,2.5155609908043455,11.288010539818934,0.043904821824266804,False,2.5155609908043557,0.2409177717439306,False,13.80357153062334
1721,28.680460857005293,970,658,1029.0,889.0,0.04808007172826762,0.2500650892513549,2.7547851887160046,11.572889028948891,0.04808007172826745,False,2.754785188715995,0.25006508925135407,False,14.327674217664836
1722,28.697125854597978,970,658,1032.0,888.0,0.04808007172826762,0.26330654956916083,2.7547851887160046,12.331568819749128,0.04808007172826745,False,2.754785188715995,0.2633065495691618,False,15.086354008465173
1723,28.71379085219066,971,658,1034.0,888.0,0.05016707685413893,0.26735539552188037,2.8743617742505996,12.443974019203964,0.050167076854139125,False,2.8743617742506107,0.26735539552188214,False,15.318335793454676
1724,28.73045584978334,971,658,1033.0,888.0,0.05016707685413893,0.26330654956916083,2.8743617742505996,12.211992234214513,0.050167076854139125,False,2.8743617742506107,0.2633065495691618,False,15.086354008465173
1725,28.74712084737602,970,658,1032.0,888.0,0.04808007172826762,0.26330654956916083,2.7547851887160046,12.331568819749128,0.04808007172826745,False,2.754785188715995,0.2633065495691618,False,15.086354008465173
1726,28.763785844968705,968,658,1029.0,889.0,0.043904821824266624,0.2581758664478214,2.5155609908043455,12.276826528789016,0.043904821824266804,False,2.5155609908043557,0.25817586644782153,False,14.79238751959337
1727,28.780450842561386,965,659,1024.0,889.0,0.03756061462447767,0.25110728915311337,2.152064693899928,12.23532317954466,0.03756061462447757,False,2.1520646938999226,0.251107289153115,False,14.387387873444684
1728,28.797115840154067,962,659,1018.0,891.0,0.03130500973207262,0.23684876094692026,1.7936449352637291,11.77678944989776,0.03130500973207262,False,1.7936449352637291,0.23684876094691987,False,13.570434385161464
1729,28.813780837746748,958,660,1012.0,892.0,0.0229126561874469,0.22868682567222423,1.3127984969750188,11.789991444287429,0.022912656187446867,False,1.312798496975017,0.22868682567222365,False,13.10278994126242
1730,28.83044583533943,954,660,1004.0,893.0,0.014582299635180306,0.21138641644999373,0.8355042246909916,11.276045284288456,0.014582299635180096,False,0.8355042246909796,0.21138641644999367,False,12.111549508979436
1731,28.847110832932113,948,661,995.0,894.0,0.002078999083687848,0.19904572336856055,0.11911787310687913,11.285362006040145,0.0020789990836878047,False,0.11911787310687665,0.19904572336855963,False,11.40447987914697
1732,28.863775830524794,943,661,986.0,896.0,-0.008315816623354337,0.18097667416105903,-0.4764611957229348,10.845660815465928,-0.008315816623354344,False,-0.4764611957229352,0.18097667416105878,False,10.369199619742966
1733,28.880440828117475,937,662,974.0,897.0,-0.020743912017768002,0.15616481407278227,-1.1885386092088142,10.136123364024451,-0.02074391201776793,False,-1.18853860920881,0.15616481407278116,False,8.947584754815564
1734,28.897105825710156,930,662,964.0,898.0,-0.03525509583586226,0.1430832936681563,-2.019968197724151,10.218037043740438,-0.03525509583586217,False,-2.0199681977241455,0.14308329366815542,False,8.198068846016241
1735,28.91377082330284,923,662,952.0,899.0,-0.04975144208251325,0.12175759779046096,-2.8505476560175644,9.826744133062373,-0.049751442082513364,False,-2.850547656017571,0.12175759779045947,False,6.976196477044725
1736,28.93043582089552,916,662,940.0,899.0,-0.06422689274733298,0.10092178466729385,-3.6799298856615765,9.462322208025622,-0.06422689274733306,False,-3.6799298856615814,0.10092178466729251,False,5.782392322363964
1737,28.947100818488202,909,662,927.0,900.0,-0.07867544227009067,0.07548654493392346,-4.5077707934013524,8.832831228139822,-0.07867544227009082,False,-4.50777079340136,0.07548654493392348,False,4.325060434738461
1738,28.963765816080883,902,662,915.0,901.0,-0.0930911522812464,0.05433975721276864,-5.333730135725064,8.447168883782288,-0.09309115228124654,False,-5.333730135725072,0.05433975721276951,False,3.1134387480572667
1739,28.980430813673568,895,662,903.0,901.0,-0.1074681659256894,0.033460310449650164,-6.157472339553647,8.074606909516099,-0.10746816592568953,False,-6.157472339553654,0.03346031044965159,False,1.9171345699625217
1740,28.99709581126625,889,661,890.0,900.0,-0.12000274348138555,0.004184076002074724,-6.875650731474444,7.115380627555286,-0.12000274348138573,False,-6.875650731474454,0.004184076002076154,False,0.23972989608093428
1741,29.01376080885893,882,661,878.0,900.0,-0.1343214419529685,-0.01673483927434091,-7.696051722016569,6.737216060767064,-0.13432144195296836,False,-7.696051722016561,-0.01673483927434205,False,-0.9588356612495726
1742,29.03042580645161,877,660,866.0,899.0,-0.14481249823893905,-0.04599264736156945,-8.297144969836873,5.661960387385447,-0.14481249823893894,False,-8.297144969836868,-0.04599264736156883,False,-2.635184582451395
1743,29.047090804044295,871,660,854.0,898.0,-0.15702977597173187,-0.07130746478529032,-8.997143421065061,4.911526641090187,-0.15702977597173184,False,-8.99714342106506,-0.07130746478529204,False,-4.085616779974975
1744,29.063755801636976,866,659,844.0,897.0,-0.16751753931191263,-0.09217503755646181,-9.598047996989447,4.316807368544337,-0.1675175393119126,False,-9.598047996989445,-0.09217503755646206,False,-5.281240628445133
1745,29.080420799229657,862,658,834.0,895.0,-0.1759846907972472,-0.1175983406109762,-10.083180041597045,3.3452914468462045,-0.1759846907972471,False,-10.083180041597037,-0.11759834061097507,False,-6.737888594750783
1746,29.097085796822338,859,658,825.0,894.0,-0.1820618142005356,-0.1430832936681563,-10.431373564185648,2.2333047181693484,-0.18206181420053547,False,-10.431373564185641,-0.14308329366815542,False,-8.198068846016241
1747,29.11375079441502,856,658,817.0,893.0,-0.18812536994648205,-0.1644585463992785,-10.778789717270678,1.35600910373561,-0.1881253699464822,False,-10.778789717270689,-0.1644585463992776,False,-9.422780613535028
1748,29.130415792007703,854,657,810.0,892.0,-0.19255298269183427,-0.18509101269405182,-11.032473240897692,0.4275393877261677,-0.19255298269183418,False,-11.032473240897689,-0.18509101269405193,False,-10.60493385317152
1749,29.147080789600384,852,657,804.0,891.0,-0.19658910841180655,-0.20232162837830375,-11.263726210236305,-0.3284492000547565,-0.19658910841180655,False,-11.263726210236305,-0.2023216283783036,False,-11.592175410291063
1750,29.163745787193065,852,657,800.0,890.0,-0.19658910841180655,-0.2195776234975388,-11.263726210236305,-1.3171448916852717,-0.19658910841180655,False,-11.263726210236305,-0.21957762349753907,False,-12.580871101921602
1751,29.180410784785746,852,657,797.0,889.0,-0.19658910841180655,-0.23277174150088592,-11.263726210236305,-2.0731121676746582,-0.19658910841180655,False,-11.263726210236305,-0.23277174150088698,False,-13.336838377911015
1752,29.19707578237843,852,657,795.0,889.0,-0.19658910841180655,-0.2409177717439294,-11.263726210236305,-2.5398453203869598,-0.19658910841180655,False,-11.263726210236305,-0.2409177717439306,False,-13.80357153062334
1753,29.21374077997111,853,657,795.0,889.0,-0.1945718481130871,-0.24497866312686414,-11.14814570894038,-2.8880977589860994,-0.19457184811308714,False,-11.148145708940383,-0.24497866312686511,False,-14.036243467926534
1754,29.230405777563792,855,658,798.0,889.0,-0.190143471033547,-0.24192056868440487,-10.894418392190264,-2.9666091708308944,-0.19014347103354723,False,-10.894418392190277,-0.2419205686844066,False,-13.861027563021247
1755,29.247070775156473,857,658,801.0,890.0,-0.1861057169635627,-0.23684876094692026,-10.663072125268393,-2.907362259893096,-0.1861057169635627,False,-10.663072125268393,-0.23684876094691987,False,-13.570434385161464
1756,29.263735772749158,860,658,806.0,891.0,-0.18003759404665778,-0.22773899193233446,-10.315394292563127,-2.7330887757235516,-0.18003759404665765,False,-10.31539429256312,-0.22773899193233405,False,-13.048483068286645
1757,29.28040077034184,863,659,812.0,892.0,-0.17360013271258498,-0.21548569150556338,-9.946554927342099,-2.39986574138473,-0.1736001327125849,False,-9.946554927342094,-0.21548569150556318,False,-12.346420668726825
1758,29.29706576793452,867,659,819.0,893.0,-0.16548720143690188,-0.20232162837830375,-9.48171820576577,-2.1104572045253107,-0.165487201436902,False,-9.481718205765777,-0.2023216283783036,False,-11.592175410291063
1759,29.3137307655272,871,660,829.0,894.0,-0.15702977597173187,-0.1775961672834879,-8.997143421065061,-1.1783674219781421,-0.15702977597173184,False,-8.99714342106506,-0.1775961672834896,False,-10.175510843043304
1760,29.33039576311988,876,660,837.0,895.0,-0.1468518377238986,-0.1644585463992785,-8.413990515319439,-1.008790098215643,-0.14685183772389854,False,-8.413990515319435,-0.1644585463992776,False,-9.422780613535028
1761,29.347060760712566,881,661,846.0,897.0,-0.1363625931978319,-0.14723191804075808,-7.813001073695116,-0.6227664396563765,-0.13636259319783184,False,-7.813001073695112,-0.14723191804075952,False,-8.435767513351566
1762,29.363725758305247,887,662,858.0,898.0,-0.12384426936134098,-0.12226840393911868,-7.095753951286169,0.0902904377739342,-0.12384426936134085,False,-7.095753951286162,-0.12226840393912042,False,-7.005463513512329
1763,29.380390755897928,893,661,868.0,899.0,-0.11179799184035019,-0.10465821607405422,-6.4055530904900815,0.40907901807854957,-0.11179799184035,False,-6.40555309049007,-0.10465821607405346,False,-5.996474072411495
1764,29.39705575349061,899,662,879.0,899.0,-0.09925780617081072,-0.08418871753885106,-5.687053377315033,0.8633951797198496,-0.0992578061708107,False,-5.687053377315032,-0.08418871753885071,False,-4.823658197595157
1765,29.413720751083293,905,662,891.0,900.0,-0.08691738970361512,-0.058755822715722696,-4.979999596310984,1.6135389328811875,-0.08691738970361529,False,-4.979999596310993,-0.058755822715720996,False,-3.366460663429704
1766,29.430385748675974,911,662,903.0,901.0,-0.0745503779455277,-0.033460310449650164,-4.271422017383911,2.3542874474214623,-0.07455037794552766,False,-4.271422017383908,-0.03346031044965159,False,-1.9171345699625217
1767,29.447050746268655,917,662,914.0,900.0,-0.06216047882113043,-0.012604374487651676,-3.5615330889631127,2.8393556274182976,-0.062160478821130294,False,-3.5615330889631047,-0.012604374487651171,False,-0.7221774615447815
1768,29.463715743861336,923,662,925.0,901.0,-0.04975144208251325,0.008368005512292491,-2.8505476560175644,3.32999905481413,-0.049751442082513364,False,-2.850547656017571,0.008368005512291887,False,0.4794513987965335
1769,29.48038074145402,929,662,937.0,900.0,-0.03732705263531634,0.033600794415993215,-2.1386825776663034,4.063866285989468,-0.03732705263531644,False,-2.138682577666309,0.0336007944159924,False,1.925183708323108
1770,29.4970457390467,934,662,947.0,899.0,-0.026964417361246214,0.054797406973115484,-1.5449473118286923,4.684607459648966,-0.026964417361245996,False,-1.5449473118286796,0.054797406973115415,False,3.1396601478202606
1771,29.513710736639382,939,661,959.0,899.0,-0.01663048328164201,0.0838366420684145,-0.9528565033009624,5.756342262370049,-0.01663048328164196,False,-0.9528565033009596,0.08383664206841601,False,4.803485759069166
1772,29.530375734232063,944,661,968.0,898.0,-0.0062369253651998165,0.10092178466729385,-0.35734950056403914,6.1397418229280865,-0.00623692536519993,False,-0.35734950056404563,0.10092178466729251,False,5.782392322363964
1773,29.547040731824747,948,660,976.0,897.0,0.0020833303192593924,0.1175983406109762,0.11936603462520555,6.618522560125631,0.0020833303192593355,False,0.11936603462520229,0.11759834061097507,False,6.737888594750783
1774,29.56370572941743,951,660,985.0,896.0,0.008333140440135918,0.1430832936681563,0.4774537773095774,7.720615068706716,0.008333140440135889,False,0.47745377730957567,0.14308329366815542,False,8.198068846016241
1775,29.58037072701011,954,660,992.0,895.0,0.014582299635180306,0.1603144609293133,0.8355042246909916,8.349837781473589,0.014582299635180096,False,0.8355042246909796,0.1603144609293139,False,9.18534200616462
1776,29.59703572460279,957,659,998.0,894.0,0.020873794516669653,0.17272951082565158,1.1959803282284913,8.700691639440599,0.020873794516669708,False,1.1959803282284944,0.17272951082565058,False,9.896671967669041
1777,29.61370072219547,959,659,1003.0,894.0,0.02504695301799658,0.18509101269405182,1.435084697593664,9.169849155577854,0.025046953017996643,False,1.4350846975936675,0.18509101269405193,False,10.60493385317152
1778,29.630365719788156,960,659,1007.0,892.0,0.027133214184531518,0.19904572336856055,1.5546186573981555,9.849861221748865,0.027133214184531518,False,1.5546186573981555,0.19904572336855963,False,11.40447987914697
1779,29.647030717380837,960,659,1009.0,892.0,0.027133214184531518,0.20727991668300638,1.5546186573981555,10.321645746361465,0.027133214184531518,False,1.5546186573981555,0.2072799166830066,False,11.87626440375962
1780,29.663695714973517,960,659,1011.0,892.0,0.027133214184531518,0.21548569150556338,1.5546186573981555,10.791802011328668,0.027133214184531518,False,1.5546186573981555,0.21548569150556318,False,12.346420668726825
1781,29.6803607125662,960,659,1010.0,892.0,0.027133214184531518,0.21138641644999373,1.5546186573981555,10.55693085158128,0.027133214184531518,False,1.5546186573981555,0.21138641644999367,False,12.111549508979436
1782,29.697025710158883,958,659,1008.0,892.0,0.02296047375036662,0.21138641644999373,1.3155382415169203,10.79601126746253,0.022960473750366805,False,1.3155382415169308,0.21138641644999367,False,12.111549508979436
1783,29.713690707751564,956,659,1006.0,893.0,0.01878693346237541,0.21050956212735614,1.0764119973872097,10.984897459657303,0.018786933462375366,False,1.0764119973872073,0.21050956212735628,False,12.06130945704451
1784,29.730355705344245,954,660,1002.0,893.0,0.014582299635180306,0.20316631194892554,0.8355042246909916,10.805067989220747,0.014582299635180096,False,0.8355042246909796,0.20316631194892665,False,11.640572213911804
1785,29.747020702936926,951,660,996.0,894.0,0.008333140440135918,0.18998828791871572,0.4774537773095774,10.408073277349155,0.008333140440135889,False,0.47745377730957567,0.18998828791871603,False,10.885527054658755
1786,29.76368570052961,948,660,990.0,895.0,0.0020833303192593924,0.1768561314739792,0.11936603462520555,10.013743879844606,0.0020833303192593355,False,0.11936603462520229,0.17685613147397916,False,10.13310991446981
1787,29.78035069812229,944,660,983.0,895.0,-0.006249918621698962,0.1644585463992785,-0.35809395932357113,9.780874572858657,-0.006249918621699102,False,-0.3580939593235791,0.1644585463992776,False,9.422780613535028
1788,29.797015695714972,939,661,975.0,896.0,-0.01663048328164201,0.1520097378205026,-0.9528565033009624,9.662372925305924,-0.01663048328164196,False,-0.9528565033009596,0.15200973782050298,False,8.70951642200499
1789,29.813680693307653,934,661,968.0,898.0,-0.02702044918726479,0.14248772198969495,-1.5481576989779677,9.7121028014209,-0.027020449187264983,False,-1.5481576989779788,0.14248772198969561,False,8.163945102442971
1790,29.830345690900337,929,661,959.0,898.0,-0.037404583367481835,0.12591262568579822,-2.1431247614019453,9.357386800608714,-0.03740458336748187,False,-2.1431247614019475,0.12591262568579964,False,7.214262039206842
1791,29.847010688493018,924,662,949.0,899.0,-0.047681674001158976,0.10509657413192951,-2.7319586803850746,8.753548819428413,-0.04768167400115919,False,-2.7319586803850866,0.10509657413193096,False,6.021590139043428
1792,29.8636756860857,918,662,939.0,900.0,-0.06009353321537142,0.08800737352774077,-3.44310582927001,8.485556898440915,-0.060093533215371586,False,-3.4431058292700194,0.08800737352774135,False,5.042451069170946
1793,29.88034068367838,912,662,930.0,899.0,-0.07248688337449732,0.07580383736113926,-4.153192487415711,8.496432439105108,-0.07248688337449716,False,-4.153192487415702,0.07580383736113916,False,4.343239951689381
1794,29.89700568127106,906,662,920.0,900.0,-0.0848579683993512,0.058755822715722696,-4.862003447337333,8.228464110767147,-0.08485796839935134,False,-4.862003447337341,0.058755822715720996,False,3.366460663429704
1795,29.913670678863745,901,661,909.0,900.0,-0.09534413249743787,0.033460310449650164,-5.462816393439307,7.379950963401748,-0.09534413249743778,False,-5.462816393439303,0.03346031044965159,False,1.9171345699625217
1796,29.930335676456426,895,661,900.0,900.0,-0.10768987083282068,0.020917450819302335,-6.170175095029609,7.3686567451480895,-0.10768987083282067,False,-6.170175095029608,0.020917450819300853,False,1.1984816501184048
1797,29.947000674049107,890,661,890.0,900.0,-0.11795303335431392,0.0,-6.758210991968015,6.758210991968017,-0.11795303335431395,False,-6.758210991968017,0.0,False,0.0
1798,29.963665671641788,884,660,881.0,899.0,-0.13050403311038825,-0.012551642069567633,-7.4773303066608,6.7581741901157155,-0.13050403311038838,False,-7.477330306660808,-0.012551642069567492,False,-0.7191561165450674
1799,29.980330669234473,880,660,872.0,899.0,-0.1386872611337421,-0.033460310449650164,-7.946194735192159,6.029060165229718,-0.1386872611337422,False,-7.946194735192164,-0.03346031044965159,False,-1.9171345699625217
1800,29.996995666827154,875,660,862.0,898.0,-0.14888994760949725,-0.05456762350389413,-8.530765609948133,5.404271085116134,-0.14888994760949714,False,-8.530765609948126,-0.05456762350389255,False,-3.1264945248319163
1801,30.013660664419834,871,659,856.0,897.0,-0.15735222521722608,-0.0629419593073733,-9.015618401939058,5.409309779342392,-0.15735222521722614,False,-9.015618401939061,-0.06294195930737345,False,-3.606308622596669
1802,30.030325662012515,868,659,848.0,896.0,-0.16345548567001617,-0.08418871753885106,-9.365309467153033,4.541651269557848,-0.1634554856700161,False,-9.36530946715303,-0.08418871753885071,False,-4.823658197595157
1803,30.0469906596052,865,658,841.0,896.0,-0.1698944044985329,-0.10050059905462982,-9.734232340654364,3.975972176287595,-0.1698944044985331,False,-9.734232340654374,-0.10050059905463016,False,-5.75826016436678
1804,30.06365565719788,863,658,836.0,896.0,-0.17395603775564647,-0.11296242686470927,-9.966946784216944,3.494676481313877,-0.1739560377556466,False,-9.966946784216953,-0.11296242686470848,False,-6.472270302903024
1805,30.08032065479056,861,658,831.0,895.0,-0.178011881248316,-0.12591262568579822,-10.199329498712506,2.985067459505755,-0.1780118812483158,False,-10.199329498712496,-0.12591262568579964,False,-7.214262039206842
1806,30.096985652383243,861,658,826.0,894.0,-0.178011881248316,-0.14723191804075808,-10.199329498712506,1.763561985361032,-0.1780118812483158,False,-10.199329498712496,-0.14723191804075952,False,-8.435767513351566
1807,30.113650649975927,861,658,822.0,893.0,-0.178011881248316,-0.1644585463992785,-10.199329498712506,0.7765488851774167,-0.1780118812483158,False,-10.199329498712496,-0.1644585463992776,False,-9.422780613535028
1808,30.130315647568608,861,658,820.0,893.0,-0.178011881248316,-0.17272951082565158,-10.199329498712506,0.30265753104340287,-0.1780118812483158,False,-10.199329498712496,-0.17272951082565058,False,-9.896671967669041
1809,30.14698064516129,861,658,820.0,893.0,-0.178011881248316,-0.17272951082565158,-10.199329498712506,0.30265753104340287,-0.1780118812483158,False,-10.199329498712496,-0.17272951082565058,False,-9.896671967669041
1810,30.16364564275397,863,658,820.0,893.0,-0.17395603775564647,-0.18097667416105903,-9.966946784216944,-0.40225283552604013,-0.1739560377556466,False,-9.966946784216953,-0.18097667416105878,False,-10.369199619742966
1811,30.18031064034665,865,658,821.0,893.0,-0.1698944044985329,-0.18509101269405182,-9.734232340654364,-0.8707015125171463,-0.1698944044985331,False,-9.734232340654374,-0.18509101269405193,False,-10.60493385317152
1812,30.196975637939335,867,659,824.0,893.0,-0.16548720143690188,-0.1817331968267754,-9.48171820576577,-0.9308269698287556,-0.165487201436902,False,-9.481718205765777,-0.18173319682677658,False,-10.412545175594582
1813,30.213640635532016,870,659,829.0,894.0,-0.15938798207481342,-0.17272951082565158,-9.132258677993628,-0.7644132896754783,-0.1593879820748132,False,-9.132258677993615,-0.17272951082565058,False,-9.896671967669041
1814,30.230305633124697,873,659,834.0,895.0,-0.15327677929331596,-0.16377410783361504,-8.782112550865213,-0.6014526215213546,-0.15327677929331607,False,-8.78211255086522,-0.16377410783361412,False,-9.383565172386524
1815,30.246970630717378,876,660,840.0,895.0,-0.1468518377238986,-0.1520097378205026,-8.413990515319439,-0.2955259066855285,-0.14685183772389854,False,-8.413990515319435,-0.15200973782050298,False,-8.70951642200499
1816,30.263635628310062,880,660,847.0,896.0,-0.1386872611337421,-0.13892970426308895,-7.946194735192159,-0.01389096808350596,-0.1386872611337422,False,-7.946194735192164,-0.13892970426308793,False,-7.960085703275619
1817,30.280300625902743,884,660,855.0,897.0,-0.13050403311038825,-0.12175759779046096,-7.4773303066608,0.5011338296159809,-0.13050403311038838,False,-7.477330306660808,-0.12175759779045947,False,-6.976196477044725
1818,30.296965623495424,888,661,863.0,898.0,-0.12205144090434622,-0.10509657413192951,-6.993032447309418,0.9714423082660697,-0.12205144090434628,False,-6.993032447309421,-0.10509657413193096,False,-6.021590139043428
1819,30.313630621088105,893,661,871.0,899.0,-0.11179799184035019,-0.09217503755646181,-6.4055530904900815,1.124312462044963,-0.11179799184035,False,-6.40555309049007,-0.09217503755646206,False,-5.281240628445133
1820,30.33029561868079,898,661,880.0,899.0,-0.10152088334272001,-0.07548654493392346,-5.816718147977838,1.4916577132393836,-0.10152088334272014,False,-5.816718147977845,-0.07548654493392348,False,-4.325060434738461
1821,30.34696061627347,903,661,889.0,899.0,-0.09122221141513902,-0.058755822715722696,-5.226647711937587,1.8601870485077976,-0.09122221141513887,False,-5.226647711937578,-0.058755822715720996,False,-3.366460663429704
1822,30.36362561386615,908,661,898.0,900.0,-0.0809040991552306,-0.041816613207517075,-4.635463426902643,2.239547976580896,-0.08090409915523056,False,-4.63546342690264,-0.04181661320751573,False,-2.3959154503216675
1823,30.380290611458832,913,661,907.0,900.0,-0.0705686942341137,-0.025099330520065605,-4.043288345363902,2.6052026379602387,-0.0705686942341135,False,-4.043288345363891,-0.025099330520067298,False,-1.4380857074037539
1824,30.396955609051513,918,662,916.0,900.0,-0.06009353321537142,-0.008403163547646988,-3.44310582927001,2.9616400234316456,-0.060093533215371586,False,-3.4431058292700194,-0.008403163547647807,False,-0.48146580583839943
1825,30.413620606644198,923,661,925.0,900.0,-0.049854704307963495,0.008368005512292491,-2.856464145718992,3.3359155445155677,-0.04985470430796335,False,-2.8564641457189834,0.008368005512291887,False,0.4794513987965335
1826,30.43028560423688,928,661,933.0,899.0,-0.039480513800170924,0.021005313472176913,-2.262066813757797,3.4655826230628244,-0.039480513800171035,False,-2.2620668137578037,0.021005313472176823,False,1.203515809305021
1827,30.44695060182956,932,661,941.0,899.0,-0.03117492786795272,0.03779711649456458,-1.7861917934584648,3.951807046361321,-0.03117492786795273,False,-1.7861917934584652,0.037797116494566296,False,2.1656152529029575
1828,30.46361559942224,936,661,949.0,899.0,-0.022865037346006013,0.05456762350389413,-1.3100701383351536,4.4365646631671565,-0.0228650373460062,False,-1.3100701383351643,0.05456762350389255,False,3.1264945248319163
1829,30.480280597014925,940,661,955.0,898.0,-0.014551987288104556,0.06320683189746022,-0.8337674551364155,4.455252159253764,-0.014551987288104584,False,-0.833767455136417,0.06320683189746035,False,3.621484704117347
1830,30.496945594607606,943,660,962.0,897.0,-0.008333140440135918,0.07999768653239922,-0.4774537773095774,5.060983586426586,-0.008333140440135889,False,-0.47745377730957567,0.0799976865323977,False,4.583529809116934
1831,30.513610592200287,946,660,968.0,897.0,-0.0020833303192593924,0.09256174873423176,-0.11936603462520555,5.422763581447077,-0.0020833303192593355,False,-0.11936603462520229,0.09256174873423006,False,5.303397546821772
1832,30.530275589792968,948,660,973.0,896.0,0.0020833303192593924,0.10553860603552644,0.11936603462520555,5.9275506669043745,0.0020833303192593355,False,0.11936603462520229,0.10553860603552678,False,6.046916701529602
1833,30.546940587385652,950,660,978.0,896.0,0.006249918621698962,0.11809202841909398,0.35809395932357113,6.408080863229485,0.006249918621699102,False,0.3580939593235791,0.11809202841909539,False,6.766174822553141
1834,30.563605584978333,951,660,981.0,896.0,0.008333140440135918,0.12644049725838966,0.4774537773095774,6.767053075131609,0.008333140440135889,False,0.47745377730957567,0.12644049725838968,False,7.2445068524411855
1835,30.580270582571014,951,659,983.0,895.0,0.008350536585148428,0.1347712844777311,0.47845050299859176,7.243375297132374,0.008350536585148394,False,0.47845050299858977,0.13477128447773268,False,7.721825800131065
1836,30.596935580163695,951,660,984.0,895.0,0.008333140440135918,0.13951326889294935,0.4774537773095774,7.516067716330211,0.008333140440135889,False,0.47745377730957567,0.1395132688929479,False,7.99352149363971
1837,30.61360057775638,951,659,985.0,895.0,0.008350536585148428,0.1430832936681563,0.47845050299859176,7.719618343017702,0.008350536585148394,False,0.47845050299858977,0.14308329366815542,False,8.198068846016241
1838,30.63026557534906,950,659,985.0,895.0,0.006262966127667456,0.14723191804075808,0.3588415263487375,8.076925987002742,0.006262966127667635,False,0.35884152634874783,0.14723191804075952,False,8.435767513351566
1839,30.64693057294174,948,659,983.0,895.0,0.0020876796392431856,0.14723191804075808,0.1196152323040288,8.316152281047442,0.0020876796392430563,False,0.11961523230402141,0.14723191804075952,False,8.435767513351566
1840,30.663595570534422,946,660,980.0,896.0,-0.0020833303192593924,0.1430832936681563,-0.11936603462520555,8.317434880641494,-0.0020833303192593355,False,-0.11936603462520229,0.14308329366815542,False,8.198068846016241
1841,30.680260568127103,944,660,977.0,896.0,-0.006249918621698962,0.13892970426308895,-0.35809395932357113,8.318179662599249,-0.006249918621699102,False,-0.3580939593235791,0.13892970426308793,False,7.960085703275619
1842,30.696925565719788,941,660,972.0,896.0,-0.012499349019361679,0.13060816994581406,-0.7161599454704085,8.199456853292961,-0.012499349019361894,False,-0.7161599454704208,0.1306081699458126,False,7.483296907822464
1843,30.71359056331247,938,660,967.0,897.0,-0.01874780319774436,0.12175759779046096,-1.0741699983726205,8.050366475417436,-0.01874780319774416,False,-1.0741699983726092,0.12175759779045947,False,6.976196477044725
1844,30.73025556090515,935,660,962.0,897.0,-0.02499479361892016,0.11343499180721633,-1.4320961841646465,7.931442463819213,-0.02499479361892032,False,-1.4320961841646556,0.1134349918072175,False,6.499346279654634
1845,30.74692055849783,931,661,955.0,898.0,-0.03325177256394547,0.10092178466729385,-1.90518622924298,7.687578551607029,-0.033251772563945625,False,-1.9051862292429886,0.10092178466729251,False,5.782392322363964
1846,30.763585556090515,927,661,948.0,899.0,-0.04155610383073065,0.08800737352774077,-2.380989362508299,7.423440431679217,-0.041556103830730606,False,-2.3809893625082963,0.08800737352774135,False,5.042451069170946
1847,30.780250553683196,923,661,941.0,898.0,-0.049854704307963495,0.07580383736113926,-2.856464145718992,7.19970409740839,-0.04985470430796335,False,-2.8564641457189834,0.07580383736113916,False,4.343239951689381
1848,30.796915551275877,918,661,933.0,899.0,-0.06021816629922303,0.0629419593073733,-3.4502467789624074,7.056555401559058,-0.060218166299223164,False,-3.450246778962415,0.06294195930737345,False,3.606308622596669
1849,30.813580548868558,913,661,926.0,899.0,-0.0705686942341137,0.05456762350389413,-4.043288345363902,7.169782870195909,-0.0705686942341135,False,-4.043288345363891,0.05456762350389255,False,3.1264945248319163
1850,30.830245546461242,909,661,918.0,899.0,-0.07883833245494494,0.03779711649456458,-4.517103713517607,6.682718966420472,-0.07883833245494509,False,-4.517103713517616,0.037797116494566296,False,2.1656152529029575
1851,30.846910544053923,904,661,910.0,899.0,-0.08916007580188726,0.025204745326941735,-5.108496044514639,6.552621575450488,-0.08916007580188712,False,-5.108496044514631,0.025204745326941946,False,1.4441255309358578
1852,30.863575541646604,900,661,902.0,900.0,-0.09740388386999431,0.008368005512292491,-5.58083145393307,6.060282852729635,-0.09740388386999443,False,-5.580831453933077,0.008368005512291887,False,0.4794513987965335
1853,30.880240539239285,895,661,895.0,899.0,-0.10768987083282068,0.0,-6.170175095029609,6.170175095029608,-0.10768987083282067,False,-6.170175095029608,0.0,False,0.0
1854,30.89690553683197,891,660,887.0,899.0,-0.11614162687999023,-0.01673483927434091,-6.654425046006596,5.695589384757084,-0.11614162687999041,False,-6.6544250460066054,-0.01673483927434205,False,-0.9588356612495726
1855,30.91357053442465,887,660,880.0,899.0,-0.12435499454676144,-0.02928033234577806,-7.125016348901798,5.447376882748319,-0.12435499454676124,False,-7.125016348901787,-0.029280332345777538,False,-1.6776394661534424
1856,30.93023553201733,883,660,873.0,898.0,-0.13255153229667402,-0.041992107221369514,-7.594643368591445,5.188672851946149,-0.13255153229667416,False,-7.594643368591453,-0.04199210722136826,False,-2.405970516645228
1857,30.946900529610012,880,660,867.0,898.0,-0.1386872611337421,-0.05456762350389413,-7.946194735192159,4.819700210360146,-0.1386872611337422,False,-7.946194735192164,-0.05456762350389255,False,-3.1264945248319163
1858,30.963565527202693,877,659,862.0,898.0,-0.1451105989029647,-0.06267929449123805,-8.314224879755592,4.722965842550059,-0.14511059890296485,False,-8.3142248797556,-0.06267929449123955,False,-3.5912590372056163
1859,30.980230524795378,875,659,857.0,897.0,-0.14919619504786114,-0.07548654493392346,-8.548312295653076,4.223251860914624,-0.1491961950478613,False,-8.548312295653085,-0.07548654493392348,False,-4.325060434738461
1860,30.99689552238806,872,659,852.0,896.0,-0.15531515240799018,-0.08418871753885106,-8.898902727408982,4.075244529813795,-0.1553151524079901,False,-8.898902727408977,-0.08418871753885071,False,-4.823658197595157
1861,31.01356051998074,871,658,849.0,896.0,-0.15767599042500863,-0.09217503755646181,-9.034168781898174,3.752928153453057,-0.15767599042500846,False,-9.034168781898165,-0.09217503755646206,False,-5.281240628445133
1862,31.03022551757342,870,658,846.0,896.0,-0.1597157936863347,-0.10050059905462982,-9.151040899809178,3.3927807354424253,-0.1597157936863347,False,-9.151040899809178,-0.10050059905463016,False,-5.75826016436678
1863,31.046890515166105,869,658,844.0,896.0,-0.16175425732195498,-0.10465821607405422,-9.267836262821115,3.2713621904095715,-0.16175425732195503,False,-9.267836262821117,-0.10465821607405346,False,-5.996474072411495
1864,31.063555512758786,869,658,844.0,895.0,-0.16175425732195498,-0.10509657413192951,-9.267836262821115,3.246246123777766,-0.16175425732195503,False,-9.267836262821117,-0.10509657413193096,False,-6.021590139043428
1865,31.080220510351467,869,658,843.0,895.0,-0.16175425732195498,-0.1092676898773683,-9.267836262821115,3.007258795703551,-0.16175425732195503,False,-9.267836262821117,-0.10926768987736679,False,-6.260577467117465
1866,31.096885507944148,870,658,843.0,895.0,-0.1597157936863347,-0.11343499180721633,-9.151040899809178,2.651694620154622,-0.1597157936863347,False,-9.151040899809178,-0.1134349918072175,False,-6.499346279654634
1867,31.113550505536832,871,658,845.0,896.0,-0.15767599042500863,-0.10881220481724505,-9.034168781898174,2.7996886863569492,-0.15767599042500846,False,-9.034168781898165,-0.1088122048172444,False,-6.23448009554119
1868,31.130215503129513,873,659,847.0,896.0,-0.15327677929331596,-0.1092676898773683,-8.782112550865213,2.521535083747653,-0.15327677929331607,False,-8.78211255086522,-0.10926768987736679,False,-6.260577467117465
1869,31.146880500722194,875,659,850.0,896.0,-0.14919619504786114,-0.10509657413192951,-8.548312295653076,2.5267221566097344,-0.1491961950478613,False,-8.548312295653085,-0.10509657413193096,False,-6.021590139043428
1870,31.163545498314875,878,659,854.0,897.0,-0.14306596114367587,-0.10050059905462982,-8.197075765515255,2.4388156011484954,-0.14306596114367576,False,-8.19707576551525,-0.10050059905463016,False,-5.75826016436678
1871,31.18021049590756,881,659,859.0,897.0,-0.13692488148173895,-0.09217503755646181,-7.845217819232643,2.5639771907875257,-0.13692488148173876,False,-7.845217819232633,-0.09217503755646206,False,-5.281240628445133
1872,31.19687549350024,884,660,863.0,897.0,-0.13050403311038825,-0.0883767861448488,-7.4773303066608,2.4137134536307103,-0.13050403311038838,False,-7.477330306660808,-0.088376786144849,False,-5.063616853030098
1873,31.21354049109292,887,660,870.0,898.0,-0.12435499454676144,-0.07130746478529032,-7.125016348901798,3.0393995689269135,-0.12435499454676124,False,-7.125016348901787,-0.07130746478529204,False,-4.085616779974975
1874,31.230205488685602,890,660,875.0,898.0,-0.11819648888042926,-0.0629419593073733,-6.772159966113561,3.16585134351689,-0.11819648888042922,False,-6.772159966113559,-0.06294195930737345,False,-3.606308622596669
1875,31.246870486278283,894,660,881.0,899.0,-0.10997119338305049,-0.05433975721276864,-6.300885248865798,3.1874465008085706,-0.10997119338305028,False,-6.300885248865787,-0.05433975721276951,False,-3.1134387480572667
1876,31.263535483870967,898,660,888.0,900.0,-0.10173093045019717,-0.04164257909858842,-5.828752960735209,3.4428089303463896,-0.10173093045019721,False,-5.828752960735212,-0.04164257909858904,False,-2.385944030388848
1877,31.28020048146365,902,660,895.0,899.0,-0.09347678115858947,-0.02928033234577806,-5.35582504285519,3.6781855767017104,-0.09347678115858926,False,-5.355825042855178,-0.029280332345777538,False,-1.6776394661534424
1878,31.29686547905633,906,661,902.0,899.0,-0.08503353996865581,-0.016805140515041995,-4.872062957260977,3.9091993316247566,-0.0850335399686557,False,-4.872062957260971,-0.016805140515042893,False,-0.9628636256362644
1879,31.31353047664901,910,661,909.0,900.0,-0.07677189126977804,-0.004184076002074724,-4.398705354995532,4.158975458914692,-0.0767718912697779,False,-4.398705354995524,-0.004184076002076154,False,-0.23972989608093428
1880,31.330195474241695,914,661,916.0,899.0,-0.06849972870255229,0.008403163547646988,-3.9247453524473928,4.406211158285734,-0.06849972870255217,False,-3.9247453524473856,0.008403163547647807,False,0.48146580583839943
1881,31.346860471834376,918,661,922.0,899.0,-0.06021816629922303,0.016805140515041995,-3.4502467789624074,4.413110404598628,-0.060218166299223164,False,-3.450246778962415,0.016805140515042893,False,0.9628636256362644
1882,31.363525469427056,922,660,929.0,899.0,-0.0520363148092162,0.02928033234577806,-2.981461219982192,4.659100686135661,-0.05203631480921622,False,-2.9814612199821933,0.029280332345777538,False,1.6776394661534424
1883,31.380190467019737,926,660,935.0,898.0,-0.04372211860158762,0.03779711649456458,-2.5050928672413995,4.670708120144247,-0.04372211860158748,False,-2.5050928672413915,0.037797116494566296,False,2.1656152529029575
1884,31.396855464612422,929,660,940.0,898.0,-0.037482436691661486,0.04618561965887765,-2.147585428298503,4.793826508948642,-0.03748243669166129,False,-2.147585428298492,0.04618561965887835,False,2.6462410806501744
1885,31.413520462205103,932,660,946.0,898.0,-0.031239833430268277,0.058755822715722696,-1.7899106082460694,5.156371271675868,-0.03123983343026815,False,-1.789910608246062,0.058755822715720996,False,3.366460663429704
1886,31.430185459797784,935,660,951.0,897.0,-0.02499479361892016,0.0674082643902822,-1.4320961841646465,5.294305238029813,-0.02499479361892032,False,-1.4320961841646556,0.06740826439028069,False,3.8622090538650813
1887,31.446850457390465,937,660,955.0,897.0,-0.020830320036217084,0.07580383736113926,-1.193489423982035,5.536729375671424,-0.02083032003621721,False,-1.1934894239820422,0.07580383736113916,False,4.343239951689381
1888,31.463515454983146,939,660,958.0,897.0,-0.016665123713940747,0.07999768653239922,-0.9548412538721887,5.538371062989214,-0.016665123713940577,False,-0.9548412538721789,0.0799976865323977,False,4.583529809116934
1889,31.48018045257583,940,660,962.0,896.0,-0.014582299635180306,0.09295170900941659,-0.8355042246909916,6.161244849458709,-0.014582299635180096,False,-0.8355042246909796,0.09295170900941585,False,5.325740624767678
1890,31.49684545016851,941,660,963.0,897.0,-0.012499349019361679,0.09256174873423176,-0.7161599454704085,6.01955749229227,-0.012499349019361894,False,-0.7161599454704208,0.09256174873423006,False,5.303397546821772
1891,31.513510447761192,942,659,965.0,897.0,-0.010438034261132142,0.09633949292208074,-0.5980553095758264,6.117901654441512,-0.010438034261132323,False,-0.5980553095758367,0.09633949292208044,False,5.519846344865676
1892,31.530175445353873,942,660,965.0,897.0,-0.010416289930969661,0.09674346233893974,-0.5968094512291772,6.139801538733244,-0.010416289930969658,False,-0.596809451229177,0.09674346233893871,False,5.542992087504016
1893,31.546840442946557,942,660,965.0,896.0,-0.010416289930969661,0.09715082314954833,-0.5968094512291772,6.163141593920142,-0.010416289930969658,False,-0.596809451229177,0.0971508231495477,False,5.566332142690939
1894,31.563505440539238,942,659,964.0,897.0,-0.010438034261132142,0.09217503755646181,-0.5980553095758264,5.8792959380209435,-0.010438034261132323,False,-0.5980553095758367,0.09217503755646206,False,5.281240628445133
1895,31.58017043813192,941,659,962.0,896.0,-0.012525440967380596,0.0883767861448488,-0.7176549039711672,5.781271757001259,-0.012525440967380508,False,-0.7176549039711622,0.088376786144849,False,5.063616853030098
1896,31.5968354357246,940,659,959.0,897.0,-0.01461273852041196,0.07966298504578714,-0.8372482443478485,5.401601070885241,-0.014612738520412005,False,-0.8372482443478511,0.07966298504578617,False,4.5643528265373385
1897,31.613500433317284,938,660,957.0,897.0,-0.01874780319774436,0.07999768653239922,-1.0741699983726205,5.657699807489644,-0.01874780319774416,False,-1.0741699983726092,0.0799976865323977,False,4.583529809116934
1898,31.630165430909965,936,660,953.0,897.0,-0.0229126561874469,0.07160731485126633,-1.3127984969750188,5.415595420217027,-0.022912656187446867,False,-1.312798496975017,0.07160731485126703,False,4.102796923242061
1899,31.646830428502646,933,660,949.0,898.0,-0.029158400245143854,0.0671258882021007,-1.6706532713999678,5.5166833614473445,-0.029158400245143934,False,-1.6706532713999724,0.0671258882020993,False,3.8460300900472957
1900,31.663495426095327,930,660,945.0,898.0,-0.0354018696175572,0.0629419593073733,-2.0283777159584453,5.634686338555095,-0.03540186961755731,False,-2.028377715958452,0.06294195930737345,False,3.606308622596669
1901,31.68016042368801,928,660,940.0,898.0,-0.039562679159935166,0.050377507181057816,-2.266774542094462,5.15319308595906,-0.039562679159935055,False,-2.266774542094456,0.05037750718105727,False,2.8864185438645786
1902,31.696825421280693,924,660,934.0,898.0,-0.04788004477077987,0.041992107221369514,-2.7433244882631134,5.1492950049084065,-0.04788004477077967,False,-2.7433244882631023,0.04199210722136826,False,2.405970516645228
1903,31.713490418873373,921,660,929.0,898.0,-0.05411378422907827,0.033600794415993215,-3.10049144980778,5.025675158130935,-0.0541137842290782,False,-3.100491449807776,0.0336007944159924,False,1.925183708323108
1904,31.730155416466054,918,660,922.0,898.0,-0.06034331680283985,0.016805140515041995,-3.4574173746235877,4.420281000259809,-0.06034331680284,False,-3.457417374623596,0.016805140515042893,False,0.9628636256362644
1905,31.746820414058735,914,661,916.0,899.0,-0.06849972870255229,0.008403163547646988,-3.9247453524473928,4.406211158285734,-0.06849972870255217,False,-3.9247453524473856,0.008403163547647807,False,0.48146580583839943
1906,31.76348541165142,910,660,910.0,899.0,-0.07693120304157028,0.0,-4.4078332471459785,4.40783324714598,-0.0769312030415703,False,-4.40783324714598,0.0,False,0.0
1907,31.7801504092441,907,660,904.0,899.0,-0.08314123188844123,-0.012551642069567633,-4.763641690726178,4.044485574181111,-0.08314123188844125,False,-4.763641690726179,-0.012551642069567492,False,-0.7191561165450674
1908,31.79681540683678,903,660,898.0,898.0,-0.09141120186028087,-0.021005313472176913,-5.237476066812514,4.033960257507491,-0.09141120186028084,False,-5.237476066812512,-0.021005313472176823,False,-1.203515809305021
1909,31.813480404429463,899,660,892.0,899.0,-0.09966865249116202,-0.02928033234577806,-5.710593137499642,4.032953671346165,-0.09966865249116186,False,-5.710593137499633,-0.029280332345777538,False,-1.6776394661534424
1910,31.830145402022147,896,660,886.0,898.0,-0.10585286555117299,-0.041992107221369514,-6.064922445447955,3.658951928802652,-0.10585286555117301,False,-6.064922445447956,-0.04199210722136826,False,-2.405970516645228
1911,31.846810399614828,893,660,880.0,898.0,-0.11202896242598788,-0.05456762350389413,-6.418786730238786,3.292292205406789,-0.11202896242598781,False,-6.418786730238781,-0.05456762350389255,False,-3.1264945248319163
1912,31.86347539720751,890,660,876.0,898.0,-0.11819648888042926,-0.058755822715722696,-6.772159966113561,3.405699302683753,-0.11819648888042922,False,-6.772159966113559,-0.058755822715720996,False,-3.366460663429704
1913,31.88014039480019,887,659,871.0,897.0,-0.1246119318484044,-0.0671258882021007,-7.139737771885419,3.2937076818380513,-0.12461193184840447,False,-7.139737771885423,-0.0671258882020993,False,-3.8460300900472957
1914,31.896805392392874,885,659,866.0,897.0,-0.12872065761784082,-0.07966298504578714,-7.375150417650768,2.810797591113364,-0.12872065761784102,False,-7.375150417650779,-0.07966298504578617,False,-4.5643528265373385
1915,31.913470389985555,882,659,864.0,897.0,-0.13487551991045182,-0.07548654493392346,-7.727798050501592,3.402737615763122,-0.13487551991045166,False,-7.727798050501583,-0.07548654493392348,False,-4.325060434738461
1916,31.930135387578236,881,659,860.0,896.0,-0.13692488148173895,-0.0883767861448488,-7.845217819232643,2.7816009662025607,-0.13692488148173876,False,-7.845217819232633,-0.088376786144849,False,-5.063616853030098
1917,31.946800385170917,879,658,857.0,896.0,-0.14131123158975045,-0.09217503755646181,-8.096537167888455,2.8152965394433487,-0.14131123158975045,False,-8.096537167888455,-0.09217503755646206,False,-5.281240628445133
1918,31.9634653827636,878,659,856.0,896.0,-0.14306596114367587,-0.09256174873423176,-8.197075765515255,2.893678218693375,-0.14306596114367576,False,-8.19707576551525,-0.09256174873423006,False,-5.303397546821772
1919,31.980130380356282,877,658,855.0,896.0,-0.14540992071629685,-0.09217503755646181,-8.331374756375727,3.0501341279305954,-0.14540992071629688,False,-8.331374756375729,-0.09217503755646206,False,-5.281240628445133
1920,31.996795377948963,877,658,854.0,896.0,-0.14540992071629685,-0.09633949292208074,-8.331374756375727,2.8115284115100265,-0.14540992071629688,False,-8.331374756375729,-0.09633949292208044,False,-5.519846344865676
1921,32.01346037554165,877,659,855.0,896.0,-0.1451105989029647,-0.09256174873423176,-8.314224879755592,3.0108273329337254,-0.14511059890296485,False,-8.3142248797556,-0.09256174873423006,False,-5.303397546821772
1922,32.030125373134325,877,658,856.0,896.0,-0.14540992071629685,-0.08800737352774077,-8.331374756375727,3.288923687204807,-0.14540992071629688,False,-8.331374756375729,-0.08800737352774135,False,-5.042451069170946
1923,32.04679037072701,878,659,856.0,896.0,-0.14306596114367587,-0.09256174873423176,-8.197075765515255,2.893678218693375,-0.14306596114367576,False,-8.19707576551525,-0.09256174873423006,False,-5.303397546821772
1924,32.06345536831969,880,659,860.0,896.0,-0.13897308632891572,-0.08418871753885106,-7.96257131255411,3.1389131149589455,-0.13897308632891558,False,-7.962571312554102,-0.08418871753885071,False,-4.823658197595157
1925,32.08012036591237,881,659,863.0,896.0,-0.13692488148173895,-0.07580383736113926,-7.845217819232643,3.501977867543251,-0.13692488148173876,False,-7.845217819232633,-0.07580383736113916,False,-4.343239951689381
1926,32.096785363505056,883,659,865.0,897.0,-0.13282501786349163,-0.07548654493392346,-7.610312937327837,3.2852525025893713,-0.13282501786349155,False,-7.610312937327833,-0.07548654493392348,False,-4.325060434738461
1927,32.11345036109773,885,659,870.0,897.0,-0.12872065761784082,-0.0629419593073733,-7.375150417650768,3.76884179505411,-0.12872065761784102,False,-7.375150417650779,-0.06294195930737345,False,-3.606308622596669
1928,32.13011535869042,888,659,874.0,897.0,-0.12255597310029112,-0.058755822715722696,-7.021940012765528,3.655479349335727,-0.1225559731002912,False,-7.021940012765533,-0.058755822715720996,False,-3.366460663429704
1929,32.1467803562831,891,659,878.0,898.0,-0.11638191247196057,-0.05433975721276864,-6.668192396304299,3.5547536482470914,-0.11638191247196072,False,-6.668192396304307,-0.05433975721276951,False,-3.1134387480572667
1930,32.16344535387578,893,660,883.0,898.0,-0.11202896242598788,-0.041992107221369514,-6.418786730238786,4.012816213593478,-0.11202896242598781,False,-6.418786730238781,-0.04199210722136826,False,-2.405970516645228
1931,32.180110351468464,896,660,887.0,898.0,-0.10585286555117299,-0.03779711649456458,-6.064922445447955,3.8993071925451006,-0.10585286555117301,False,-6.064922445447956,-0.037797116494566296,False,-2.1656152529029575
1932,32.19677534906114,899,660,892.0,898.0,-0.09966865249116202,-0.029403288204005115,-5.710593137499642,4.025908819603351,-0.09966865249116186,False,-5.710593137499633,-0.02940328820400495,False,-1.684684317896282
1933,32.213440346653826,903,660,898.0,898.0,-0.09141120186028087,-0.021005313472176913,-5.237476066812514,4.033960257507491,-0.09141120186028084,False,-5.237476066812512,-0.021005313472176823,False,-1.203515809305021
1934,32.23010534424651,906,660,904.0,898.0,-0.08520983779836598,-0.008403163547646988,-4.8821640788406855,4.400698273002344,-0.0852098377983661,False,-4.882164078840693,-0.008403163547647807,False,-0.48146580583839943
1935,32.24677034183919,909,660,909.0,898.0,-0.07900189713040302,0.0,-4.526475279098783,4.526475279098792,-0.07900189713040318,False,-4.526475279098792,0.0,False,0.0
1936,32.26343533943187,912,660,915.0,898.0,-0.07278784860392513,0.012604374487651676,-4.170436524842112,4.892613986386927,-0.07278784860392529,False,-4.1704365248421205,0.012604374487651171,False,0.7221774615447815
1937,32.28010033702455,915,660,920.0,898.0,-0.06656816377582381,0.021005313472176913,-3.8140748342903543,5.017590643595372,-0.06656816377582375,False,-3.814074834290351,0.021005313472176823,False,1.203515809305021
1938,32.296765334617234,918,660,925.0,898.0,-0.06034331680283985,0.029403288204005115,-3.4574173746235877,5.142101692519878,-0.06034331680284,False,-3.457417374623596,0.02940328820400495,False,1.684684317896282
1939,32.31343033220992,921,660,929.0,899.0,-0.05411378422907827,0.033460310449650164,-3.10049144980778,5.017626019770222,-0.0541137842290782,False,-3.100491449807776,0.03346031044965159,False,1.9171345699625217
1940,32.330095329802596,924,660,934.0,898.0,-0.04788004477077987,0.041992107221369514,-2.7433244882631134,5.1492950049084065,-0.04788004477077967,False,-2.7433244882631023,0.04199210722136826,False,2.405970516645228
1941,32.34676032739528,926,660,937.0,898.0,-0.04372211860158762,0.04618561965887765,-2.5050928672413995,5.1513339478915405,-0.04372211860158748,False,-2.5050928672413915,0.04618561965887835,False,2.6462410806501744
1942,32.363425324987965,929,660,941.0,898.0,-0.037482436691661486,0.050377507181057816,-2.147585428298503,5.034003972163122,-0.03748243669166129,False,-2.147585428298492,0.05037750718105727,False,2.8864185438645786
1943,32.38009032258064,930,659,945.0,897.0,-0.035475715557416625,0.0629419593073733,-2.0326087766465673,5.638917399243221,-0.0354757155574168,False,-2.032608776646577,0.06294195930737345,False,3.606308622596669
1944,32.39675532017333,932,659,947.0,897.0,-0.03130500973207262,0.0629419593073733,-1.7936449352637291,5.399953557860398,-0.03130500973207262,False,-1.7936449352637291,0.06294195930737345,False,3.606308622596669
1945,32.413420317766004,933,659,950.0,897.0,-0.029219239126328678,0.07130746478529032,-1.674139082522156,5.759755862497038,-0.029219239126328844,False,-1.6741390825221656,0.07130746478529204,False,4.085616779974975
1946,32.43008531535869,934,659,951.0,897.0,-0.027133214184531518,0.07130746478529032,-1.5546186573981555,5.640235437373029,-0.027133214184531518,False,-1.5546186573981555,0.07130746478529204,False,4.085616779974975
1947,32.44675031295137,934,659,952.0,897.0,-0.027133214184531518,0.07548654493392346,-1.5546186573981555,5.879679092136617,-0.027133214184531518,False,-1.5546186573981555,0.07548654493392348,False,4.325060434738461
1948,32.46341531054405,935,659,953.0,897.0,-0.02504695301799658,0.07548654493392346,-1.435084697593664,5.760145132332129,-0.025046953017996643,False,-1.4350846975936675,0.07548654493392348,False,4.325060434738461
1949,32.480080308136735,935,659,952.0,897.0,-0.02504695301799658,0.07130746478529032,-1.435084697593664,5.520701477568541,-0.025046953017996643,False,-1.4350846975936675,0.07130746478529204,False,4.085616779974975
1950,32.49674530572942,935,659,951.0,897.0,-0.02504695301799658,0.0671258882021007,-1.435084697593664,5.281114787641039,-0.025046953017996643,False,-1.4350846975936675,0.0671258882020993,False,3.8460300900472957
1951,32.5134103033221,934,659,950.0,897.0,-0.027133214184531518,0.0671258882021007,-1.5546186573981555,5.400648747445528,-0.027133214184531518,False,-1.5546186573981555,0.0671258882020993,False,3.8460300900472957
1952,32.53007530091478,933,659,948.0,897.0,-0.029219239126328678,0.0629419593073733,-1.674139082522156,5.280447705118809,-0.029219239126328844,False,-1.6741390825221656,0.06294195930737345,False,3.606308622596669
1953,32.54674029850746,931,659,945.0,897.0,-0.033390507903715665,0.058755822715722696,-1.9131351786811253,5.279595842110938,-0.03339050790371578,False,-1.9131351786811321,0.058755822715720996,False,3.366460663429704
1954,32.56340529610014,929,659,943.0,897.0,-0.03756061462447767,0.058755822715722696,-2.152064693899928,5.518525357329728,-0.03756061462447757,False,-2.1520646938999226,0.058755822715720996,False,3.366460663429704
1955,32.58007029369283,927,659,940.0,897.0,-0.04172941480521282,0.05456762350389413,-2.390919349889427,5.517413874721428,-0.04172941480521297,False,-2.3909193498894354,0.05456762350389255,False,3.1264945248319163
1956,32.596735291285505,925,660,935.0,898.0,-0.04580127978157396,0.041992107221369514,-2.624220027782057,5.030190544427357,-0.04580127978157389,False,-2.624220027782053,0.04199210722136826,False,2.405970516645228
1957,32.61340028887819,923,660,931.0,898.0,-0.04995839572194276,0.033600794415993215,-2.8624052261117474,4.787588934434892,-0.04995839572194294,False,-2.8624052261117576,0.0336007944159924,False,1.925183708323108
1958,32.63006528647087,920,660,927.0,898.0,-0.056190786201237096,0.029403288204005115,-3.2194948968528294,4.904179214749129,-0.056190786201236964,False,-3.219494896852822,0.02940328820400495,False,1.684684317896282
1959,32.64673028406355,918,660,923.0,898.0,-0.06034331680283985,0.021005313472176913,-3.4574173746235877,4.660933183928617,-0.06034331680284,False,-3.457417374623596,0.021005313472176823,False,1.203515809305021
1960,32.663395281656236,915,660,918.0,898.0,-0.06656816377582381,0.012604374487651676,-3.8140748342903543,4.536252295835158,-0.06656816377582375,False,-3.814074834290351,0.012604374487651171,False,0.7221774615447815
1961,32.68006027924891,912,660,914.0,898.0,-0.07278784860392513,0.008403163547646988,-4.170436524842112,4.6519023306804685,-0.07278784860392529,False,-4.1704365248421205,0.008403163547647807,False,0.48146580583839943
1962,32.6967252768416,909,660,908.0,898.0,-0.07900189713040302,-0.004201655946871886,-4.526475279098783,4.285738126376979,-0.07900189713040318,False,-4.526475279098792,-0.004201655946872052,False,-0.2407371527218122
1963,32.71339027443428,906,660,903.0,898.0,-0.08520983779836598,-0.012604374487651676,-4.8821640788406855,4.1599866172958855,-0.0852098377983661,False,-4.882164078840693,-0.012604374487651171,False,-0.7221774615447815
1964,32.73005527202696,904,659,899.0,898.0,-0.08953036960880614,-0.020917450819302335,-5.129712316830923,3.9312306667124406,-0.08953036960880612,False,-5.129712316830922,-0.020917450819300853,False,-1.1984816501184048
1965,32.746720269619644,901,659,894.0,898.0,-0.09573980587420454,-0.02928033234577806,-5.485486807993727,3.8078473418402443,-0.09573980587420472,False,-5.485486807993738,-0.029280332345777538,False,-1.6776394661534424
1966,32.76338526721232,898,659,890.0,898.0,-0.10194184551716662,-0.033460310449650164,-5.840837503908278,3.9237029339458296,-0.10194184551716656,False,-5.840837503908275,-0.03346031044965159,False,-1.9171345699625217
1967,32.780050264805006,896,659,886.0,898.0,-0.10607220057545969,-0.041816613207517075,-6.077489416638982,3.6815739663172287,-0.10607220057545952,False,-6.077489416638972,-0.04181661320751573,False,-2.3959154503216675
1968,32.79671526239769,894,659,882.0,897.0,-0.11019892606391007,-0.050377507181057816,-6.313933370336253,3.4275148264716453,-0.11019892606391002,False,-6.313933370336249,-0.05037750718105727,False,-2.8864185438645786
1969,32.81338025999037,891,659,879.0,897.0,-0.11638191247196057,-0.050377507181057816,-6.668192396304299,3.781773852439678,-0.11638191247196072,False,-6.668192396304307,-0.05037750718105727,False,-2.8864185438645786
1970,32.83004525758305,890,659,876.0,897.0,-0.11844094675803978,-0.058755822715722696,-6.78616637076937,3.4197057073395802,-0.11844094675803962,False,-6.786166370769361,-0.058755822715720996,False,-3.366460663429704
1971,32.84671025517573,888,659,872.0,897.0,-0.12255597310029112,-0.0671258882021007,-7.021940012765528,3.175909922718161,-0.1225559731002912,False,-7.021940012765533,-0.0671258882020993,False,-3.8460300900472957
1972,32.863375252768414,887,659,871.0,897.0,-0.1246119318484044,-0.0671258882021007,-7.139737771885419,3.2937076818380513,-0.12461193184840447,False,-7.139737771885423,-0.0671258882020993,False,-3.8460300900472957
1973,32.8800402503611,886,658,869.0,896.0,-0.12692899143611114,-0.07130746478529032,-7.272495507141338,3.1868787271664525,-0.12692899143611136,False,-7.272495507141351,-0.07130746478529204,False,-4.085616779974975
1974,32.896705247953776,885,658,867.0,896.0,-0.12898697377178114,-0.07548654493392346,-7.390409209287705,3.0653487745492503,-0.12898697377178125,False,-7.390409209287712,-0.07548654493392348,False,-4.325060434738461
1975,32.91337024554646,884,658,867.0,897.0,-0.13104385800043422,-0.07101011124067928,-7.508259994536548,3.4396803176911512,-0.13104385800043428,False,-7.508259994536552,-0.07101011124067824,False,-4.068579676845349
1976,32.930035243139145,884,658,867.0,896.0,-0.13104385800043422,-0.07130746478529032,-7.508259994536548,3.422643214561678,-0.13104385800043428,False,-7.508259994536552,-0.07130746478529204,False,-4.085616779974975
1977,32.94670024073182,884,659,867.0,896.0,-0.13077339164574633,-0.07160731485126633,-7.492763413912644,3.389966490670619,-0.13077339164574653,False,-7.492763413912655,-0.07160731485126703,False,-4.102796923242061
1978,32.963365238324506,885,659,868.0,896.0,-0.12872065761784082,-0.07160731485126633,-7.375150417650768,3.2723534944087436,-0.12872065761784102,False,-7.375150417650779,-0.07160731485126703,False,-4.102796923242061
1979,32.980030235917184,885,658,870.0,896.0,-0.12898697377178114,-0.0629419593073733,-7.390409209287705,3.7841005866910424,-0.12898697377178125,False,-7.390409209287712,-0.06294195930737345,False,-3.606308622596669
1980,32.99669523350987,886,659,871.0,897.0,-0.12666683219541655,-0.0629419593073733,-7.257474889089184,3.651166266492526,-0.12666683219541675,False,-7.257474889089195,-0.06294195930737345,False,-3.606308622596669
1981,33.01336023110255,888,659,873.0,897.0,-0.12255597310029112,-0.0629419593073733,-7.021940012765528,3.415631390168864,-0.1225559731002912,False,-7.021940012765533,-0.06294195930737345,False,-3.606308622596669
1982,33.03002522869523,889,659,876.0,897.0,-0.12049897252737911,-0.05456762350389413,-6.904082561481678,3.7775880366496826,-0.12049897252737907,False,-6.904082561481675,-0.05456762350389255,False,-3.1264945248319163
1983,33.046690226287915,891,659,878.0,897.0,-0.11638191247196057,-0.05456762350389413,-6.668192396304299,3.5416978714722895,-0.11638191247196072,False,-6.668192396304307,-0.05456762350389255,False,-3.1264945248319163
1984,33.06335522388059,893,659,882.0,898.0,-0.11226088532035049,-0.04599264736156945,-6.432074933258222,3.7968903508067955,-0.11226088532035039,False,-6.432074933258216,-0.04599264736156883,False,-2.635184582451395
1985,33.080020221473276,894,659,886.0,897.0,-0.11019892606391007,-0.033600794415993215,-6.313933370336253,4.38874966201309,-0.11019892606391002,False,-6.313933370336249,-0.0336007944159924,False,-1.925183708323108
1986,33.09668521906596,897,659,889.0,898.0,-0.10400746823962895,-0.033460310449650164,-5.959188967971692,4.042054398009252,-0.10400746823962903,False,-5.959188967971698,-0.03346031044965159,False,-1.9171345699625217
1987,33.11335021665864,899,660,893.0,898.0,-0.09966865249116202,-0.025204745326941735,-5.710593137499642,4.2664676065638005,-0.09966865249116186,False,-5.710593137499633,-0.025204745326941946,False,-1.4441255309358578
1988,33.13001521425132,901,660,897.0,898.0,-0.09554156077690334,-0.016805140515041995,-5.474128200609209,4.511264574973001,-0.09554156077690346,False,-5.474128200609215,-0.016805140515042893,False,-0.9628636256362644
1989,33.14668021184401,904,659,901.0,898.0,-0.08953036960880614,-0.012551642069567633,-5.129712316830923,4.410556200285854,-0.08953036960880612,False,-5.129712316830922,-0.012551642069567492,False,-0.7191561165450674
1990,33.163345209436685,906,660,905.0,898.0,-0.08520983779836598,-0.004201655946871886,-4.8821640788406855,4.64142692611888,-0.0852098377983661,False,-4.882164078840693,-0.004201655946872052,False,-0.2407371527218122
1991,33.18001020702937,909,660,909.0,898.0,-0.07900189713040302,0.0,-4.526475279098783,4.526475279098792,-0.07900189713040318,False,-4.526475279098792,0.0,False,0.0
1992,33.196675204622046,911,660,913.0,898.0,-0.07485984771076686,0.008403163547646988,-4.289153328819018,4.7706191346573705,-0.07485984771076692,False,-4.2891533288190224,0.008403163547647807,False,0.48146580583839943
1993,33.21334020221473,913,660,917.0,898.0,-0.07071522321994635,0.016805140515041995,-4.051683837828445,5.014547463464661,-0.07071522321994639,False,-4.051683837828447,0.016805140515042893,False,0.9628636256362644
1994,33.230005199807415,916,660,921.0,898.0,-0.06449376487050784,0.021005313472176913,-3.6952205319891918,4.898736341294219,-0.06449376487050795,False,-3.695220531989198,0.021005313472176823,False,1.203515809305021
1995,33.24667019740009,918,660,924.0,898.0,-0.06034331680283985,0.025204745326941735,-3.4574173746235877,4.901542905559428,-0.06034331680284,False,-3.457417374623596,0.025204745326941946,False,1.4441255309358578
1996,33.26333519499278,920,660,928.0,898.0,-0.056190786201237096,0.033600794415993215,-3.2194948968528294,5.14467860517598,-0.056190786201236964,False,-3.219494896852822,0.0336007944159924,False,1.925183708323108
1997,33.28000019258546,922,660,931.0,897.0,-0.0520363148092162,0.03795644518831435,-2.981461219982192,5.156205334592257,-0.05203631480921622,False,-2.9814612199821933,0.03795644518831409,False,2.174744114610039
1998,33.29666519017814,923,659,933.0,897.0,-0.05006251900353232,0.041992107221369514,-2.8683710506958815,5.274341567341179,-0.0500625190035322,False,-2.868371050695875,0.04199210722136826,False,2.405970516645228
1999,33.31333018777082,924,659,936.0,897.0,-0.04797984993341295,0.050377507181057816,-2.749042902855606,5.635461446720225,-0.047979849933412755,False,-2.749042902855595,0.05037750718105727,False,2.8864185438645786
2000,33.3299951853635,926,659,938.0,897.0,-0.04381327986561159,0.050377507181057816,-2.5103160229250507,5.39673456678966,-0.043813279865611676,False,-2.5103160229250556,0.05037750718105727,False,2.8864185438645786
2001,33.346660182956185,926,659,939.0,897.0,-0.04381327986561159,0.05456762350389413,-2.5103160229250507,5.636810547757048,-0.043813279865611676,False,-2.5103160229250556,0.05456762350389255,False,3.1264945248319163
2002,33.36332518054887,927,659,940.0,897.0,-0.04172941480521282,0.05456762350389413,-2.390919349889427,5.517413874721428,-0.04172941480521297,False,-2.3909193498894354,0.05456762350389255,False,3.1264945248319163
2003,33.37999017814155,927,659,940.0,897.0,-0.04172941480521282,0.05456762350389413,-2.390919349889427,5.517413874721428,-0.04172941480521297,False,-2.3909193498894354,0.05456762350389255,False,3.1264945248319163
2004,33.39665517573423,928,659,940.0,897.0,-0.039645187052279235,0.050377507181057816,-2.271501896102297,5.1579204399668965,-0.03964518705227915,False,-2.2715018961022926,0.05037750718105727,False,2.8864185438645786
2005,33.41332017332691,927,660,941.0,897.0,-0.04164257909858842,0.059003163794032726,-2.3859440303888126,5.766576293706001,-0.041642579098588595,False,-2.3859440303888224,0.059003163794031366,False,3.380632263317103
2006,33.42998517091959,927,659,940.0,897.0,-0.04172941480521282,0.05456762350389413,-2.390919349889427,5.517413874721428,-0.04172941480521297,False,-2.3909193498894354,0.05456762350389255,False,3.1264945248319163
2007,33.44665016851228,927,659,938.0,897.0,-0.04172941480521282,0.04618561965887765,-2.390919349889427,5.037160430539559,-0.04172941480521297,False,-2.3909193498894354,0.04618561965887835,False,2.6462410806501744
2008,33.463315166104955,926,659,937.0,897.0,-0.04381327986561159,0.04618561965887765,-2.5103160229250507,5.156557103575179,-0.043813279865611676,False,-2.5103160229250556,0.04618561965887835,False,2.6462410806501744
2009,33.47998016369764,925,659,935.0,897.0,-0.04589676423467868,0.041992107221369514,-2.6296908839540722,5.035661400599371,-0.04589676423467859,False,-2.629690883954067,0.04199210722136826,False,2.405970516645228
2010,33.496645161290324,923,659,932.0,897.0,-0.05006251900353232,0.03779711649456458,-2.8683710506958815,5.033986303598731,-0.0500625190035322,False,-2.868371050695875,0.037797116494566296,False,2.1656152529029575
2011,33.513310158883,922,660,930.0,898.0,-0.0520363148092162,0.033600794415993215,-2.981461219982192,4.906644928305352,-0.05203631480921622,False,-2.9814612199821933,0.0336007944159924,False,1.925183708323108
2012,33.529975156475686,920,659,927.0,897.0,-0.056307847189477546,0.029403288204005115,-3.2262019974246376,4.910886315320921,-0.05630784718947757,False,-3.226201997424639,0.02940328820400495,False,1.684684317896282
2013,33.54664015406836,918,659,924.0,897.0,-0.06046898795111592,0.025204745326941735,-3.4646178010263693,4.908743331962219,-0.06046898795111577,False,-3.464617801026361,0.025204745326941946,False,1.4441255309358578
2014,33.56330515166105,916,659,921.0,898.0,-0.06462803317241969,0.020917450819302335,-3.7029135390111287,4.901395189129618,-0.06462803317241983,False,-3.7029135390111367,0.020917450819300853,False,1.1984816501184048
2015,33.57997014925373,915,659,917.0,897.0,-0.06670672550418742,0.008403163547646988,-3.8220138365276277,4.3034796423659705,-0.06670672550418733,False,-3.8220138365276224,0.008403163547647807,False,0.48146580583839943
2016,33.59663514684641,913,659,914.0,898.0,-0.07086236095711784,0.004184076002074724,-4.060114209175477,4.299844105256342,-0.07086236095711795,False,-4.060114209175484,0.004184076002076154,False,0.23972989608093428
2017,33.613300144439094,910,660,911.0,898.0,-0.07693120304157028,0.004201655946871886,-4.4078332471459785,4.6485703998677925,-0.0769312030415703,False,-4.40783324714598,0.004201655946872052,False,0.2407371527218122
2018,33.62996514203177,908,659,908.0,898.0,-0.0812404220125049,0.0,-4.65473330717824,4.654733307178229,-0.0812404220125047,False,-4.654733307178229,0.0,False,0.0
2019,33.646630139624456,906,659,904.0,898.0,-0.08538686639311167,-0.008368005512292491,-4.892307070172746,4.412855671376185,-0.08538686639311166,False,-4.892307070172745,-0.008368005512291887,False,-0.4794513987965335
2020,33.66329513721714,904,659,901.0,898.0,-0.08953036960880614,-0.012551642069567633,-5.129712316830923,4.410556200285854,-0.08953036960880612,False,-5.129712316830922,-0.012551642069567492,False,-0.7191561165450674
2021,33.67996013480982,903,659,897.0,897.0,-0.09160097482053119,-0.025204745326941735,-5.2483492565005605,3.8042237255647224,-0.09160097482053109,False,-5.248349256500555,-0.025204745326941946,False,-1.4441255309358578
2022,33.6966251324025,901,659,894.0,897.0,-0.09573980587420454,-0.029403288204005115,-5.485486807993727,3.8008024900974298,-0.09573980587420472,False,-5.485486807993738,-0.02940328820400495,False,-1.684684317896282
2023,33.71329012999519,899,659,891.0,898.0,-0.09987534947044246,-0.033460310449650164,-5.7224360020505145,3.8053014320880854,-0.0998753494704423,False,-5.722436002050506,-0.03346031044965159,False,-1.9171345699625217
2024,33.729955127587864,897,659,888.0,897.0,-0.10400746823962895,-0.03779711649456458,-5.959188967971692,3.793573715068842,-0.10400746823962903,False,-5.959188967971698,-0.037797116494566296,False,-2.1656152529029575
2025,33.74662012518055,895,659,886.0,897.0,-0.10813602550736139,-0.03779711649456458,-6.195737874890824,4.030122621987953,-0.10813602550736157,False,-6.195737874890835,-0.037797116494566296,False,-2.1656152529029575
2026,33.763285122773226,894,659,883.0,897.0,-0.11019892606391007,-0.04618561965887765,-6.313933370336253,3.667692289686126,-0.11019892606391002,False,-6.313933370336249,-0.04618561965887835,False,-2.6462410806501744
2027,33.77995012036591,893,659,881.0,896.0,-0.11226088532035049,-0.05058970876938464,-6.432074933258222,3.5334981339765137,-0.11226088532035039,False,-6.432074933258216,-0.05058970876938318,False,-2.898576799281626
2028,33.796615117958595,892,659,880.0,897.0,-0.11432188639938566,-0.050377507181057816,-6.550161596658846,3.6637430527942487,-0.11432188639938579,False,-6.550161596658853,-0.05037750718105727,False,-2.8864185438645786
2029,33.81328011555127,891,658,879.0,897.0,-0.11662318985872532,-0.05016707685413893,-6.682016572257864,3.807654798007254,-0.11662318985872533,False,-6.682016572257865,-0.05016707685413735,False,-2.874361774250509
2030,33.82994511314396,891,658,878.0,896.0,-0.11662318985872532,-0.05456762350389413,-6.682016572257864,3.555522047425847,-0.11662318985872533,False,-6.682016572257865,-0.05456762350389255,False,-3.1264945248319163
2031,33.84661011073664,891,658,878.0,897.0,-0.11662318985872532,-0.05433975721276864,-6.682016572257864,3.568577824200649,-0.11662318985872533,False,-6.682016572257865,-0.05433975721276951,False,-3.1134387480572667
2032,33.86327510832932,891,659,878.0,897.0,-0.11638191247196057,-0.05456762350389413,-6.668192396304299,3.5416978714722895,-0.11638191247196072,False,-6.668192396304307,-0.05456762350389255,False,-3.1264945248319163
2033,33.879940105922,891,658,879.0,896.0,-0.11662318985872532,-0.050377507181057816,-6.682016572257864,3.7955980283932607,-0.11662318985872533,False,-6.682016572257865,-0.05037750718105727,False,-2.8864185438645786
2034,33.89660510351468,891,659,878.0,897.0,-0.11638191247196057,-0.05456762350389413,-6.668192396304299,3.5416978714722895,-0.11638191247196072,False,-6.668192396304307,-0.05456762350389255,False,-3.1264945248319163
2035,33.913270101107365,891,659,880.0,897.0,-0.11638191247196057,-0.04618561965887765,-6.668192396304299,4.021951315654158,-0.11638191247196072,False,-6.668192396304307,-0.04618561965887835,False,-2.6462410806501744
2036,33.92993509870005,892,659,881.0,897.0,-0.11432188639938566,-0.04618561965887765,-6.550161596658846,3.9039205160087036,-0.11432188639938579,False,-6.550161596658853,-0.04618561965887835,False,-2.6462410806501744
2037,33.94660009629273,893,659,883.0,897.0,-0.11226088532035049,-0.041992107221369514,-6.432074933258222,4.026104416612912,-0.11226088532035039,False,-6.432074933258216,-0.04199210722136826,False,-2.405970516645228
2038,33.96326509388541,894,659,885.0,897.0,-0.11019892606391007,-0.03779711649456458,-6.313933370336253,4.148318117433393,-0.11019892606391002,False,-6.313933370336249,-0.037797116494566296,False,-2.1656152529029575
2039,33.97993009147809,896,659,887.0,897.0,-0.10607220057545969,-0.03779711649456458,-6.077489416638982,3.9118741637361167,-0.10607220057545952,False,-6.077489416638972,-0.037797116494566296,False,-2.1656152529029575
2040,33.99659508907077,897,659,889.0,897.0,-0.10400746823962895,-0.033600794415993215,-5.959188967971692,4.034005259648539,-0.10400746823962903,False,-5.959188967971698,-0.0336007944159924,False,-1.925183708323108
2041,34.01326008666346,898,659,892.0,898.0,-0.10194184551716662,-0.025099330520065605,-5.840837503908278,4.402751796504623,-0.10194184551716656,False,-5.840837503908275,-0.025099330520067298,False,-1.4380857074037539
2042,34.029925084256135,900,659,895.0,897.0,-0.09780799720609208,-0.021005313472176913,-5.603985442536424,4.400469633231393,-0.0978079972060919,False,-5.6039854425364135,-0.021005313472176823,False,-1.203515809305021
2043,34.04659008184882,902,659,897.0,897.0,-0.09367079266750492,-0.021005313472176913,-5.36694108349301,4.163425274187987,-0.09367079266750489,False,-5.366941083493009,-0.021005313472176823,False,-1.203515809305021
2044,34.063255079441504,903,659,900.0,898.0,-0.09160097482053119,-0.012551642069567633,-5.2483492565005605,4.5291931399554874,-0.09160097482053109,False,-5.248349256500555,-0.012551642069567492,False,-0.7191561165450674
2045,34.07992007703418,905,659,903.0,897.0,-0.08745899434800394,-0.008403163547646988,-5.011031256599147,4.529565450760788,-0.08745899434800375,False,-5.011031256599136,-0.008403163547647807,False,-0.48146580583839943
2046,34.096585074626866,906,659,905.0,898.0,-0.08538686639311167,-0.004184076002074724,-4.892307070172746,4.652577174091887,-0.08538686639311166,False,-4.892307070172745,-0.004184076002076154,False,-0.23972989608093428
2047,34.11325007221954,908,659,909.0,898.0,-0.0812404220125049,0.004184076002074724,-4.65473330717824,4.894463203259087,-0.0812404220125047,False,-4.654733307178229,0.004184076002076154,False,0.23972989608093428
2048,34.12991506981223,910,659,911.0,897.0,-0.07709117606097186,0.004201655946871886,-4.416999025993654,4.657736178715464,-0.07709117606097182,False,-4.416999025993651,0.004201655946872052,False,0.2407371527218122
2049,34.14658006740491,912,659,914.0,897.0,-0.07293926870703143,0.008403163547646988,-4.1791122576835384,4.660578063521896,-0.0729392687070316,False,-4.179112257683548,0.008403163547647807,False,0.48146580583839943
2050,34.16324506499759,913,659,916.0,898.0,-0.07086236095711784,0.012551642069567633,-4.060114209175477,4.77927032572055,-0.07086236095711795,False,-4.060114209175484,0.012551642069567492,False,0.7191561165450674
2051,34.179910062590274,914,659,919.0,897.0,-0.0687848406660737,0.021005313472176913,-3.941081064645857,5.1445968739508725,-0.0687848406660736,False,-3.9410810646458514,0.021005313472176823,False,1.203515809305021
2052,34.19657506018295,915,659,921.0,897.0,-0.06670672550418742,0.025204745326941735,-3.8220138365276277,5.26613936746348,-0.06670672550418733,False,-3.8220138365276224,0.025204745326941946,False,1.4441255309358578
2053,34.213240057775636,917,659,923.0,897.0,-0.06254878140151611,0.025204745326941735,-3.5837811879932513,5.027906718929102,-0.06254878140151598,False,-3.583781187993244,0.025204745326941946,False,1.4441255309358578
2054,34.22990505536832,918,659,925.0,897.0,-0.06046898795111592,0.029403288204005115,-3.4646178010263693,5.149302118922669,-0.06046898795111577,False,-3.464617801026361,0.02940328820400495,False,1.684684317896282
2055,34.246570052961,919,659,926.0,897.0,-0.05838867060885703,0.029403288204005115,-3.3454243972670628,5.0301087151633554,-0.05838867060885722,False,-3.3454243972670734,0.02940328820400495,False,1.684684317896282
2056,34.26323505055368,919,659,928.0,897.0,-0.05838867060885703,0.03779711649456458,-3.3454243972670628,5.511039650169929,-0.05838867060885722,False,-3.3454243972670734,0.037797116494566296,False,2.1656152529029575
2057,34.27990004814637,920,659,928.0,897.0,-0.056307847189477546,0.033600794415993215,-3.2262019974246376,5.151385705747797,-0.05630784718947757,False,-3.226201997424639,0.0336007944159924,False,1.925183708323108
2058,34.296565045739044,920,659,928.0,897.0,-0.056307847189477546,0.033600794415993215,-3.2262019974246376,5.151385705747797,-0.05630784718947757,False,-3.226201997424639,0.0336007944159924,False,1.925183708323108
2059,34.31323004333173,921,659,929.0,897.0,-0.054226535533913656,0.033600794415993215,-3.1069516237094406,5.032135332032594,-0.054226535533913545,False,-3.1069516237094343,0.0336007944159924,False,1.925183708323108
2060,34.329895040924406,920,659,929.0,897.0,-0.056307847189477546,0.03779711649456458,-3.2262019974246376,5.391817250327494,-0.05630784718947757,False,-3.226201997424639,0.037797116494566296,False,2.1656152529029575
2061,34.34656003851709,920,659,929.0,897.0,-0.056307847189477546,0.03779711649456458,-3.2262019974246376,5.391817250327494,-0.05630784718947757,False,-3.226201997424639,0.037797116494566296,False,2.1656152529029575
2062,34.363225036109775,921,659,929.0,897.0,-0.054226535533913656,0.033600794415993215,-3.1069516237094406,5.032135332032594,-0.054226535533913545,False,-3.1069516237094343,0.0336007944159924,False,1.925183708323108
2063,34.37989003370245,920,659,927.0,897.0,-0.056307847189477546,0.029403288204005115,-3.2262019974246376,4.910886315320921,-0.05630784718947757,False,-3.226201997424639,0.02940328820400495,False,1.684684317896282
2064,34.39655503129514,920,659,926.0,897.0,-0.056307847189477546,0.025204745326941735,-3.2262019974246376,4.670327528360471,-0.05630784718947757,False,-3.226201997424639,0.025204745326941946,False,1.4441255309358578
2065,34.413220028887814,919,659,925.0,897.0,-0.05838867060885703,0.025204745326941735,-3.3454243972670628,4.789549928202906,-0.05838867060885722,False,-3.3454243972670734,0.025204745326941946,False,1.4441255309358578
2066,34.4298850264805,918,659,924.0,897.0,-0.06046898795111592,0.025204745326941735,-3.4646178010263693,4.908743331962219,-0.06046898795111577,False,-3.464617801026361,0.025204745326941946,False,1.4441255309358578
2067,34.44655002407318,917,659,922.0,897.0,-0.06254878140151611,0.021005313472176913,-3.5837811879932513,4.787296997298291,-0.06254878140151598,False,-3.583781187993244,0.021005313472176823,False,1.203515809305021
2068,34.46321502166586,916,659,920.0,897.0,-0.06462803317241969,0.016805140515041995,-3.7029135390111287,4.66577716464735,-0.06462803317241983,False,-3.7029135390111367,0.016805140515042893,False,0.9628636256362644
2069,34.479880019258545,915,659,918.0,897.0,-0.06670672550418742,0.012604374487651676,-3.8220138365276277,4.5441912980724295,-0.06670672550418733,False,-3.8220138365276224,0.012604374487651171,False,0.7221774615447815
2070,34.49654501685123,914,659,916.0,897.0,-0.0687848406660737,0.008403163547646988,-3.941081064645857,4.4225468704842,-0.0687848406660736,False,-3.9410810646458514,0.008403163547647807,False,0.48146580583839943
2071,34.51321001444391,912,659,914.0,897.0,-0.07293926870703143,0.008403163547646988,-4.1791122576835384,4.660578063521896,-0.0729392687070316,False,-4.179112257683548,0.008403163547647807,False,0.48146580583839943
2072,34.52987501203659,911,659,912.0,897.0,-0.07501554627708189,0.004201655946871886,-4.298074199545107,4.538811352266917,-0.07501554627708185,False,-4.298074199545105,0.004201655946872052,False,0.2407371527218122
2073,34.54654000962927,910,659,909.0,897.0,-0.07709117606097186,-0.004201655946871886,-4.416999025993654,4.17626187327184,-0.07709117606097182,False,-4.416999025993651,-0.004201655946872052,False,-0.2407371527218122
2074,34.56320500722195,908,659,907.0,897.0,-0.0812404220125049,-0.004201655946871886,-4.65473330717824,4.413996154456442,-0.0812404220125047,False,-4.654733307178229,-0.004201655946872052,False,-0.2407371527218122
2075,34.57987000481464,907,659,905.0,897.0,-0.08331400313758602,-0.008403163547646988,-4.773540754123378,4.29207494828502,-0.08331400313758586,False,-4.773540754123368,-0.008403163547647807,False,-0.48146580583839943
2076,34.596535002407315,906,658,903.0,897.0,-0.08556463029476112,-0.012551642069567633,-4.902492191487037,4.183336074941964,-0.08556463029476102,False,-4.902492191487032,-0.012551642069567492,False,-0.7191561165450674
