frame,time_s,Gx,Gy,Bx,By,theta1_rad,theta2_rel_rad,theta1_deg,theta2_rel_deg,theta1_rad_filled,theta1_interpolated,theta1_deg_filled,theta2_rel_rad_filled,theta2_rel_interpolated,theta2_rel_deg_filled
0,0.0,1275,138,1883.0,289.0,1.6981520625225002,1.327366249344575,97.29694615397516,-21.24446219842133,1.6981520625225004,False,97.29694615397517,1.3273662493445748,False,76.05248395555381
1,0.016665018266060767,1275,138,1883.0,290.0,1.6981520625225002,1.3258176636680326,97.29694615397516,-21.333189621901628,1.6981520625225004,False,97.29694615397517,1.3258176636680323,False,75.96375653207352
2,0.033330036532121535,1274,138,1882.0,290.0,1.6985373129162091,1.3258176636680326,97.31901937559043,-21.355262843516904,1.6985373129162094,False,97.31901937559044,1.3258176636680323,False,75.96375653207352
3,0.04999505479818231,1274,138,1880.0,289.0,1.6985373129162091,1.3265943625409746,97.31901937559043,-21.310761276144742,1.6985373129162094,False,97.31901937559044,1.326594362540975,False,76.0082580994457
4,0.06666007306424307,1274,137,1879.0,290.0,1.7015446152035858,1.32309711072204,97.49132510437715,-21.683444774050884,1.701544615203586,False,97.49132510437717,1.3230971107220402,False,75.80788033032628
5,0.08332509133030384,1274,136,1878.0,289.0,1.7045495408684426,1.322703621573588,97.66349466272399,-21.87815959988822,1.7045495408684426,False,97.66349466272399,1.322703621573588,False,75.78533506283577
6,0.09999010959636462,1274,136,1879.0,289.0,1.7045495408684426,1.32309711072204,97.66349466272399,-21.855614332397707,1.7045495408684426,False,97.66349466272399,1.3230971107220402,False,75.80788033032628
7,0.11665512786242538,1274,136,1878.0,289.0,1.7045495408684426,1.322703621573588,97.66349466272399,-21.87815959988822,1.7045495408684426,False,97.66349466272399,1.322703621573588,False,75.78533506283577
8,0.13332014612848614,1273,136,1877.0,289.0,1.704954928820954,1.322703621573588,97.68672168146834,-21.90138661863259,1.7049549288209542,False,97.68672168146836,1.322703621573588,False,75.78533506283577
9,0.14998516439454693,1273,136,1877.0,289.0,1.704954928820954,1.322703621573588,97.68672168146834,-21.90138661863259,1.7049549288209542,False,97.68672168146836,1.322703621573588,False,75.78533506283577
10,0.1666501826606077,1273,136,1877.0,289.0,1.704954928820954,1.322703621573588,97.68672168146834,-21.90138661863259,1.7049549288209542,False,97.68672168146836,1.322703621573588,False,75.78533506283577
11,0.18331520092666845,1273,136,1878.0,288.0,1.704954928820954,1.3246512567319926,97.68672168146834,-21.789795344024693,1.7049549288209542,False,97.68672168146836,1.3246512567319924,False,75.89692633744365
12,0.19998021919272924,1274,136,1877.0,289.0,1.7045495408684426,1.322308906137494,97.66349466272399,-21.90077512848507,1.7045495408684426,False,97.66349466272399,1.3223089061374935,False,75.7627195342389
13,0.21664523745879,1274,136,1877.0,288.0,1.7045495408684426,1.3238675881368283,97.66349466272399,-21.811469228320213,1.7045495408684426,False,97.66349466272399,1.323867588136828,False,75.85202543440377
14,0.23331025572485076,1274,138,1877.0,289.0,1.6985373129162091,1.3254274959156889,97.31901937559043,-21.37761780902829,1.6985373129162094,False,97.31901937559044,1.3254274959156884,False,75.9414015665621
15,0.24997527399091155,1274,138,1877.0,289.0,1.6985373129162091,1.3254274959156889,97.31901937559043,-21.37761780902829,1.6985373129162094,False,97.31901937559044,1.3254274959156884,False,75.9414015665621
16,0.2666402922569723,1275,140,1876.0,289.0,1.6921483273656603,1.3277761413833766,96.95295746817392,-20.876988428740752,1.6921483273656603,False,96.95295746817392,1.3277761413833762,False,76.07596903943315
17,0.2833053105230331,1275,140,1877.0,289.0,1.6921483273656603,1.3281641591658477,96.95295746817392,-20.854756647429134,1.6921483273656603,False,96.95295746817392,1.3281641591658477,False,76.0982008207448
18,0.29997032878909385,1276,141,1877.0,289.0,1.688786749849577,1.329344294815598,96.76035326399628,-20.59453565126787,1.6887867498495766,False,96.76035326399625,1.3293442948155985,False,76.16581761272843
19,0.3166353470551546,1276,141,1877.0,289.0,1.688786749849577,1.329344294815598,96.76035326399628,-20.59453565126787,1.6887867498495766,False,96.76035326399625,1.3293442948155985,False,76.16581761272843
20,0.3333003653212154,1276,142,1877.0,289.0,1.6857882990779198,1.3309136603229457,96.58855468970258,-20.332819056889726,1.6857882990779203,False,96.5885546897026,1.3309136603229454,False,76.25573563281283
21,0.34996538358727614,1276,143,1877.0,289.0,1.6827877699922975,1.3324842315719008,96.41663703679016,-20.070914299987603,1.6827877699922977,False,96.41663703679018,1.3324842315719003,False,76.34572273680253
22,0.3666304018533369,1276,143,1876.0,289.0,1.6827877699922975,1.3321019485754098,96.41663703679016,-20.092817502266165,1.6827877699922977,False,96.41663703679018,1.33210194857541,False,76.32381953452402
23,0.38329542011939766,1277,144,1876.0,289.0,1.6794575426354845,1.3332948954304802,96.22582906442578,-19.83365870992283,1.6794575426354843,False,96.22582906442577,1.3332948954304804,False,76.39217035450295
24,0.39996043838545847,1277,144,1876.0,289.0,1.6794575426354845,1.3332948954304802,96.22582906442578,-19.83365870992283,1.6794575426354843,False,96.22582906442577,1.3332948954304804,False,76.39217035450295
25,0.41662545665151923,1277,145,1876.0,289.0,1.6764619088947523,1.334872534298479,96.05419189411484,-19.571629490879744,1.676461908894752,False,96.05419189411482,1.334872534298479,False,76.48256240323508
26,0.43329047491758,1277,145,1876.0,289.0,1.6764619088947523,1.334872534298479,96.05419189411484,-19.571629490879744,1.676461908894752,False,96.05419189411482,1.334872534298479,False,76.48256240323508
27,0.44995549318364075,1278,146,1877.0,289.0,1.6731563603474802,1.3364513707616872,95.86479791338054,-19.291774844262275,1.6731563603474804,False,95.86479791338056,1.3364513707616874,False,76.57302306911828
28,0.4666205114497015,1278,146,1876.0,289.0,1.6731563603474802,1.3360737143096995,95.86479791338054,-19.313412965067055,1.6731563603474804,False,95.86479791338056,1.3360737143096992,False,76.55138494831347
29,0.4832855297157623,1278,146,1876.0,289.0,1.6731563603474802,1.3360737143096995,95.86479791338054,-19.313412965067055,1.6731563603474804,False,95.86479791338056,1.3360737143096992,False,76.55138494831347
30,0.4999505479818231,1278,147,1876.0,288.0,1.6701658467792764,1.3392396764081236,95.69345410734586,-18.960672892694273,1.6701658467792768,False,95.69345410734587,1.3392396764081234,False,76.73278121465155
31,0.5166155662478839,1278,148,1876.0,288.0,1.6671735489218793,1.340824435936251,95.52200806907096,-18.698426821914556,1.6671735489218795,False,95.52200806907098,1.3408244359362511,False,76.82358124715641
32,0.5332805845139446,1279,148,1876.0,289.0,1.6668850423122634,1.338865558984541,95.50547785797835,-18.79413199274035,1.6668850423122636,False,95.50547785797836,1.3388655589845406,False,76.71134586523796
33,0.5499456027800054,1279,149,1876.0,288.0,1.6638998691913085,1.3420410126630848,95.33444003703173,-18.4411540779739,1.663899869191308,False,95.33444003703171,1.3420410126630848,False,76.89328595905783
34,0.5666106210460662,1279,149,1876.0,288.0,1.6638998691913085,1.3420410126630848,95.33444003703173,-18.4411540779739,1.663899869191308,False,95.33444003703171,1.3420410126630848,False,76.89328595905783
35,0.5832756393121269,1279,150,1876.0,288.0,1.6609130309963747,1.3436305062804197,95.16330681437354,-18.178949579479436,1.6609130309963742,False,95.16330681437353,1.3436305062804195,False,76.98435723489409
36,0.5999406575781877,1279,149,1876.0,288.0,1.6638998691913085,1.3420410126630848,95.33444003703173,-18.4411540779739,1.663899869191308,False,95.33444003703171,1.3420410126630848,False,76.89328595905783
37,0.6166056758442484,1279,149,1876.0,288.0,1.6638998691913085,1.3420410126630848,95.33444003703173,-18.4411540779739,1.663899869191308,False,95.33444003703171,1.3420410126630848,False,76.89328595905783
38,0.6332706941103092,1279,149,1876.0,288.0,1.6638998691913085,1.3420410126630848,95.33444003703173,-18.4411540779739,1.663899869191308,False,95.33444003703171,1.3420410126630848,False,76.89328595905783
39,0.6499357123763699,1279,148,1876.0,289.0,1.6668850423122634,1.338865558984541,95.50547785797835,-18.79413199274035,1.6668850423122636,False,95.50547785797836,1.3388655589845406,False,76.71134586523796
40,0.6666007306424307,1278,148,1876.0,289.0,1.6671735489218793,1.3392396764081236,95.52200806907096,-18.789226854419397,1.6671735489218795,False,95.52200806907098,1.3392396764081234,False,76.73278121465155
41,0.6832657489084916,1278,147,1876.0,289.0,1.6701658467792764,1.3376561003298633,95.69345410734586,-19.051405118516495,1.6701658467792768,False,95.69345410734587,1.3376561003298635,False,76.64204898882939
42,0.6999307671745523,1278,146,1876.0,289.0,1.6731563603474802,1.3360737143096995,95.86479791338054,-19.313412965067055,1.6731563603474804,False,95.86479791338056,1.3360737143096992,False,76.55138494831347
43,0.7165957854406131,1278,146,1876.0,289.0,1.6731563603474802,1.3360737143096995,95.86479791338054,-19.313412965067055,1.6731563603474804,False,95.86479791338056,1.3360737143096992,False,76.55138494831347
44,0.7332608037066738,1278,146,1876.0,289.0,1.6731563603474802,1.3360737143096995,95.86479791338054,-19.313412965067055,1.6731563603474804,False,95.86479791338056,1.3360737143096992,False,76.55138494831347
45,0.7499258219727346,1277,145,1876.0,289.0,1.6764619088947523,1.334872534298479,96.05419189411484,-19.571629490879744,1.676461908894752,False,96.05419189411482,1.334872534298479,False,76.48256240323508
46,0.7665908402387953,1277,145,1877.0,289.0,1.6764619088947523,1.3352513460740332,96.05419189411484,-19.549925174910648,1.676461908894752,False,96.05419189411482,1.335251346074033,False,76.50426671920417
47,0.7832558585048561,1277,145,1877.0,289.0,1.6764619088947523,1.3352513460740332,96.05419189411484,-19.549925174910648,1.676461908894752,False,96.05419189411482,1.335251346074033,False,76.50426671920417
48,0.7999208767709169,1277,145,1877.0,289.0,1.6764619088947523,1.3352513460740332,96.05419189411484,-19.549925174910648,1.676461908894752,False,96.05419189411482,1.335251346074033,False,76.50426671920417
49,0.8165858950369776,1277,145,1876.0,289.0,1.6764619088947523,1.334872534298479,96.05419189411484,-19.571629490879744,1.676461908894752,False,96.05419189411482,1.334872534298479,False,76.48256240323508
50,0.8332509133030385,1277,145,1877.0,289.0,1.6764619088947523,1.3352513460740332,96.05419189411484,-19.549925174910648,1.676461908894752,False,96.05419189411482,1.335251346074033,False,76.50426671920417
51,0.8499159315690992,1278,146,1876.0,289.0,1.6731563603474802,1.3360737143096995,95.86479791338054,-19.313412965067055,1.6731563603474804,False,95.86479791338056,1.3360737143096992,False,76.55138494831347
52,0.86658094983516,1278,146,1876.0,289.0,1.6731563603474802,1.3360737143096995,95.86479791338054,-19.313412965067055,1.6731563603474804,False,95.86479791338056,1.3360737143096992,False,76.55138494831347
53,0.8832459681012207,1278,147,1876.0,289.0,1.6701658467792764,1.3376561003298633,95.69345410734586,-19.051405118516495,1.6701658467792768,False,95.69345410734587,1.3376561003298635,False,76.64204898882939
54,0.8999109863672815,1278,147,1877.0,289.0,1.6701658467792764,1.3380313983041348,95.69345410734586,-19.029902128530903,1.6701658467792768,False,95.69345410734587,1.3380313983041345,False,76.66355197881492
55,0.9165760046333423,1278,148,1877.0,289.0,1.6671735489218793,1.3396126103762291,95.52200806907096,-18.76785931200988,1.6671735489218795,False,95.52200806907098,1.3396126103762294,False,76.75414875706109
56,0.933241022899403,1278,148,1877.0,289.0,1.6671735489218793,1.3396126103762291,95.52200806907096,-18.76785931200988,1.6671735489218795,False,95.52200806907098,1.3396126103762294,False,76.75414875706109
57,0.9499060411654638,1278,148,1877.0,289.0,1.6671735489218793,1.3396126103762291,95.52200806907096,-18.76785931200988,1.6671735489218795,False,95.52200806907098,1.3396126103762294,False,76.75414875706109
58,0.9665710594315245,1278,148,1877.0,289.0,1.6671735489218793,1.3396126103762291,95.52200806907096,-18.76785931200988,1.6671735489218795,False,95.52200806907098,1.3396126103762294,False,76.75414875706109
59,0.9832360776975854,1278,148,1877.0,289.0,1.6671735489218793,1.3396126103762291,95.52200806907096,-18.76785931200988,1.6671735489218795,False,95.52200806907098,1.3396126103762294,False,76.75414875706109
60,0.9999010959636462,1278,147,1878.0,289.0,1.6701658467792764,1.3384055117431732,95.69345410734586,-19.008467007414872,1.6701658467792768,False,95.69345410734587,1.338405511743173,False,76.68498709993095
61,1.0165661142297069,1278,147,1878.0,288.0,1.6701658467792764,1.339984366392229,95.69345410734586,-18.918005299559365,1.6701658467792768,False,95.69345410734587,1.3399843663922288,False,76.77544880778646
62,1.0332311324957677,1278,146,1878.0,288.0,1.6731563603474802,1.3384055117431732,95.86479791338054,-19.17981081344957,1.6731563603474804,False,95.86479791338056,1.338405511743173,False,76.68498709993095
63,1.0498961507618285,1278,146,1878.0,288.0,1.6731563603474802,1.3384055117431732,95.86479791338054,-19.17981081344957,1.6731563603474804,False,95.86479791338056,1.338405511743173,False,76.68498709993095
64,1.0665611690278891,1277,146,1878.0,288.0,1.673464370411481,1.3387784461419527,95.88244559009534,-19.176090923079066,1.673464370411481,False,95.88244559009534,1.3387784461419532,False,76.70635466701631
65,1.08322618729395,1277,145,1877.0,288.0,1.6764619088947523,1.3368278361288315,96.05419189411484,-19.459598948326345,1.676461908894752,False,96.05419189411482,1.3368278361288315,False,76.59459294578848
66,1.0998912055600107,1277,145,1877.0,288.0,1.6764619088947523,1.3368278361288315,96.05419189411484,-19.459598948326345,1.676461908894752,False,96.05419189411482,1.3368278361288315,False,76.59459294578848
67,1.1165562238260716,1277,144,1877.0,288.0,1.6794575426354845,1.3352513460740332,96.22582906442578,-19.721562345221592,1.6794575426354843,False,96.22582906442577,1.335251346074033,False,76.50426671920417
68,1.1332212420921324,1276,144,1877.0,288.0,1.67978521451497,1.3356289657930092,96.24460328018542,-19.718700544823005,1.67978521451497,False,96.24460328018542,1.335628965793009,False,76.52590273536241
69,1.149886260358193,1276,143,1877.0,288.0,1.6827877699922975,1.334056002195415,96.41663703679016,-19.9808584768976,1.6827877699922977,False,96.41663703679018,1.3340560021954149,False,76.43577855989255
70,1.1665512786242538,1275,140,1877.0,288.0,1.6921483273656603,1.3297300067738695,96.95295746817392,-20.76504018812883,1.6921483273656603,False,96.95295746817392,1.32973000677387,False,76.18791728004511
71,1.1832162968903146,1274,139,1877.0,288.0,1.6955276856445498,1.3285509641630804,97.14658043501689,-21.026217320436093,1.6955276856445494,False,97.14658043501686,1.32855096416308,False,76.12036311458077
72,1.1998813151563754,1275,140,1877.0,288.0,1.6921483273656603,1.3297300067738695,96.95295746817392,-20.76504018812883,1.6921483273656603,False,96.95295746817392,1.32973000677387,False,76.18791728004511
73,1.216546333422436,1278,146,1877.0,288.0,1.6731563603474802,1.3380313983041348,95.86479791338054,-19.201245934565602,1.6731563603474804,False,95.86479791338056,1.3380313983041345,False,76.66355197881492
74,1.2332113516884968,1282,157,1877.0,288.0,1.639345470546762,1.3540857191687745,93.92757662621747,-16.344179818909844,1.639345470546762,False,93.92757662621747,1.3540857191687747,False,77.58339680730762
75,1.2498763699545576,1288,173,1877.0,288.0,1.591321303329153,1.3779758984214863,91.17599453001795,-12.22379127971895,1.5913213033291527,False,91.17599453001793,1.3779758984214858,False,78.95220325029898
76,1.2665413882206185,1294,196,1877.0,288.0,1.5247194526951466,1.414282532257822,87.35998958092867,-6.327569443480763,1.5247194526951464,False,87.35998958092866,1.4142825322578219,False,81.0324201374479
77,1.2832064064866793,1300,224,1877.0,288.0,1.4467900072688726,1.4603293281791023,82.8949612582081,0.7757459456293854,1.4467900072688726,False,82.8949612582081,1.4603293281791023,False,83.67070720383748
78,1.2998714247527399,1304,257,1877.0,288.0,1.3583643062861546,1.5167477963667597,77.82854179141253,9.074705526170813,1.3583643062861546,False,77.82854179141253,1.5167477963667597,False,86.90324731758335
79,1.3165364430188007,1306,297,1877.0,288.0,1.2557458396432897,1.5865568430926862,71.94893675267235,18.95407431413814,1.2557458396432892,False,71.94893675267232,1.5865568430926862,False,90.90301106681049
80,1.3332014612848615,1300,341,1876.0,288.0,1.1428889708856182,1.6625518466766624,65.48271448379595,29.77448955245797,1.1428889708856182,False,65.48271448379595,1.6625518466766627,False,95.25720403625391
81,1.3498664795509223,1290,390,1876.0,289.0,1.0214218420233456,1.7414743921476061,58.52316065041602,41.2559721497523,1.0214218420233454,False,58.523160650416,1.7414743921476061,False,99.7791328001683
82,1.3665314978169831,1268,443,1876.0,288.0,0.8843886199939454,1.820413534156591,50.67173537505224,53.63027710061476,0.8843886199939455,False,50.67173537505225,1.8204135341565912,False,104.30201247566701
83,1.3831965160830437,1234,499,1876.0,288.0,0.7326418816254121,1.8883353946262231,41.97728771165937,66.21636070559401,0.7326418816254119,False,41.97728771165936,1.888335394626223,False,108.19364841725337
84,1.3998615343491045,1187,554,1876.0,288.0,0.5705262306876357,1.9392338908629072,32.68874511990872,78.42117231526916,0.5705262306876357,False,32.68874511990872,1.9392338908629068,False,111.10991743517785
85,1.4165265526151654,1120,599,1876.0,288.0,0.3915669666089892,1.9610706803724471,22.435134583435115,89.92593872875497,0.3915669666089894,False,22.435134583435122,1.9610706803724476,False,112.3610733121901
86,1.4331915708812262,1043,630,1876.0,288.0,0.21018258666216955,1.9603764907568781,12.042575142884983,100.27872403415118,0.2101825866621696,False,12.042575142884987,1.960376490756878,False,112.32129917703614
87,1.449856589147287,967,642,1876.0,288.0,0.04326303140726714,1.9421653225775901,2.4787891085783333,108.79908699178168,0.04326303140726706,False,2.4787891085783293,1.9421653225775906,False,111.27787610036003
88,1.4665216074133476,897,638,1877.0,288.0,-0.10873967798244329,1.9138202672156,-6.230324614005643,115.88414867205897,-0.10873967798244344,False,-6.230324614005652,1.9138202672156002,False,109.65382405805332
89,1.4831866256794084,829,620,1877.0,288.0,-0.26201641795422714,1.8775882731834028,-15.012434911913022,122.59031862857826,-0.26201641795422725,False,-15.01243491191303,1.8775882731834024,False,107.5778837166652
90,1.4998516439454692,770,593,1877.0,288.0,-0.40489178628508343,1.8396453759124682,-23.19859051364819,128.6025063541904,-0.4048917862850834,False,-23.198590513648185,1.8396453759124682,False,105.40391584054223
91,1.51651666221153,721,558,1877.0,288.0,-0.5388618691315473,1.800247018613658,-30.874510841768558,134.02106708934048,-0.5388618691315474,False,-30.87451084176856,1.8002470186136579,False,103.14655624757195
92,1.5331816804775906,679,518,1877.0,288.0,-0.6703962917905493,1.7604749980289738,-38.41087812081931,139.2786654461814,-0.6703962917905493,False,-38.41087812081931,1.7604749980289736,False,100.8677873253621
93,1.5498466987436514,652,482,1877.0,288.0,-0.7736734075616667,1.7278592843495106,-44.32822097478833,143.3272655605101,-0.7736734075616667,False,-44.32822097478833,1.7278592843495106,False,98.99904458572178
94,1.5665117170097123,634,450,1876.0,288.0,-0.8590212852258782,1.7004988639508087,-49.21829415534652,146.64970212651903,-0.8590212852258783,False,-49.21829415534653,1.7004988639508092,False,97.43140797117253
95,1.583176735275773,623,429,1877.0,288.0,-0.9155483280973219,1.682766227708388,-52.45705514023531,148.87245789507637,-0.915548328097322,False,-52.45705514023531,1.6827662277083881,False,96.41540275484108
96,1.5998417535418339,618,419,1878.0,288.0,-0.942542437722766,1.6743923803484326,-54.00370369348673,149.9393203363156,-0.942542437722766,False,-54.00370369348673,1.6743923803484329,False,95.93561664282889
97,1.6165067718078945,617,415,1878.0,288.0,-0.9519815600572117,1.6711715819791684,-54.54452556555814,150.29560405516557,-0.9519815600572117,False,-54.54452556555814,1.6711715819791682,False,95.7510784896074
98,1.6331717900739553,616,412,1883.0,290.0,-0.9594623365381759,1.6667908244620284,-54.973142485398114,150.4732220582032,-0.9594623365381758,False,-54.973142485398114,1.6667908244620282,False,95.50007957280506
99,1.6498368083400161,614,406,1885.0,290.0,-0.9745237532754895,1.661810899374824,-55.83609809793388,151.05084898095086,-0.9745237532754896,False,-55.836098097933885,1.6618108993748244,False,95.21475088301698
100,1.666501826606077,610,396,1891.0,289.0,-1.0008097918013845,1.6541313696506121,-57.34217716558595,152.1169234067603,-1.0008097918013847,False,-57.342177165585966,1.654131369650612,False,94.77474624117433
101,1.6831668448721377,606,384,1894.0,287.0,-1.031671603530593,1.6459649892263093,-59.11042872579694,153.41727583476052,-1.0316716035305928,False,-59.11042872579693,1.645964989226309,False,94.30684710896352
102,1.6998318631381983,602,370,1895.0,286.0,-1.0673969423982426,1.6356703600491775,-61.15733986458794,154.8743481700496,-1.0673969423982426,False,-61.15733986458794,1.6356703600491773,False,93.71700830546165
103,1.7164968814042592,599,354,1900.0,282.0,-1.1071487177940904,1.6260819755091325,-63.43494882292201,156.60258316189058,-1.1071487177940904,False,-63.43494882292201,1.6260819755091322,False,93.16763433896857
104,1.73316189967032,596,339,1903.0,279.0,-1.1454574927485006,1.6166707757562089,-65.62987994612618,158.2582922590977,-1.1454574927485006,False,-65.62987994612618,1.6166707757562087,False,92.62841231297149
105,1.7498269179363808,595,326,1904.0,282.0,-1.177620062372886,1.6043971212108898,-67.47265944389913,159.39784315222226,-1.177620062372886,False,-67.47265944389913,1.6043971212108898,False,91.92518370832316
106,1.7664919362024414,594,318,835.0,393.0,-1.198129083565212,1.269093211592327,-68.64773980016378,141.36142463310728,-1.198129083565212,False,-68.64773980016378,1.2690932115923275,False,72.71368483294353
107,1.7831569544685022,594,319,793.0,476.0,-1.1956741365181063,0.9028328531939692,-68.50708169543651,120.23559378920518,-1.1956741365181063,False,-68.50708169543651,0.9028328531939689,False,51.728512093768664
108,1.799821972734563,595,331,737.0,543.0,-1.1655617225595818,0.5901765131664918,-66.78176746466222,100.59639083684925,-1.1655617225595818,False,-66.78176746466222,0.590176513166492,False,33.81462337218705
109,1.8164869910006238,599,354,665.0,599.0,-1.1071487177940904,0.2631411017032934,-63.43494882292201,78.51182336694345,-1.1071487177940904,False,-63.43494882292201,0.2631411017032934,False,15.07687454402147
110,1.8331520092666846,608,389,586.0,640.0,-1.018318840750561,-0.08742597824441141,-58.34537177366173,53.33623220045438,-1.018318840750561,False,-58.34537177366173,-0.08742597824441134,False,-5.0091395732073245
111,1.8498170275327452,625,434,515.0,653.0,-0.9029098088288937,-0.4654724244935359,-51.7329213268596,25.063315923658113,-0.9029098088288938,False,-51.73292132685961,-0.465472424493536,False,-26.669605403201498
112,1.866482045798806,656,488,467.0,632.0,-0.7570251451522229,-0.9197196053504169,-43.374345802500905,-9.321705919515665,-0.7570251451522227,False,-43.3743458025009,-0.9197196053504166,False,-52.69605172201656
113,1.8831470640648669,700,541,469.0,581.0,-0.6000502134017536,-1.3993363727301689,-34.38034472384487,-45.79572355273927,-0.6000502134017536,False,-34.38034472384487,-1.3993363727301689,False,-80.17606827658413
114,1.8998120823309277,747,580,511.0,532.0,-0.4636476090008061,-1.7714492041147831,-26.56505117707799,-74.93151184050778,-0.46364760900080615,False,-26.565051177077994,-1.7714492041147831,False,-101.49656301758577
115,1.9164771005969885,796,608,582.0,493.0,-0.33917039494842005,-2.0639013424107384,-19.433032166329724,-98.81980408519057,-0.33917039494841994,False,-19.43303216632972,-2.0639013424107384,False,-118.25283625152029
116,1.933142118863049,848,628,661.0,465.0,-0.2174869133275279,-2.2877302346425132,-12.461082232994883,-118.61620487649463,-0.2174869133275279,False,-12.461082232994883,-2.2877302346425132,False,-131.07728710948953
117,1.94980713712911,903,639,738.0,450.0,-0.09556854598900055,-2.4238875128863135,-5.475674339371643,-133.40285016347605,-0.09556854598900077,False,-5.475674339371657,-2.4238875128863135,False,-138.8785245028477
118,1.9664721553951707,959,643,816.0,438.0,0.0259121255437805,-2.5325054946820202,1.484655431871756,-146.58653187084226,0.02591212554378064,False,1.484655431871764,-2.5325054946820202,False,-145.10187643897052
119,1.9831371736612315,1018,636,883.0,426.0,0.15446151751529089,-2.5702551737561663,8.849993050812209,-156.11476677870462,0.15446151751529102,False,8.849993050812218,-2.5702551737561663,False,-147.2647737278924
120,1.9998021919272924,1074,620,941.0,409.0,0.2809991125560535,-2.5791684525213245,16.10006319638344,-163.87553017914297,0.28099911255605337,False,16.100063196383434,-2.5791684525213245,False,-147.77546698275955
121,2.016467210193353,1124,597,,,0.40141353944242936,,22.999301649459408,,0.4014135394424292,False,22.999301649459397,-2.6023127598242777,True,-149.10153811097257
122,2.0331322284594138,1170,566,1048.0,351.0,0.5238761847018004,-2.6254570671272313,30.015894370829148,179.55649638998523,0.5238761847018005,False,30.015894370829155,-2.6254570671272313,False,-150.4276092391856
123,2.0497972467254746,1205,533,1079.0,323.0,0.6311504101984826,-2.601173153319209,36.162254742323725,174.80150178974978,0.6311504101984826,False,36.162254742323725,-2.601173153319209,False,-149.03624346792648
124,2.0664622649915354,1233,500,1116.0,284.0,0.7293513123832582,-2.645169900184911,41.788751981888396,166.654176642475,0.7293513123832582,False,41.788751981888396,-2.645169900184911,False,-151.55707137563664
125,2.083127283257596,1255,467,1150.0,247.0,0.8206776369910396,-2.6962916097021075,47.021364940356015,158.4925054871782,0.8206776369910393,False,47.021364940356,-2.6962916097021075,False,-154.48612957246576
126,2.099792301523657,1271,439,1185.0,210.0,0.8964318905776496,-2.782343514456212,51.36176395103255,149.22169551502975,0.8964318905776496,False,51.36176395103255,-2.782343514456212,False,-159.4165405339377
127,2.116457319789718,1282,412,1220.0,177.0,0.9650964559895587,-2.8836406664500607,55.29595375123491,139.48360642888466,0.965096455989559,False,55.295953751234926,-2.8836406664500607,False,-165.22043981988045
128,2.1331223380557782,1289,390,1255.0,150.0,1.0201207758826454,-3.000862459599568,58.44861505168652,129.6146311140107,1.0201207758826456,False,58.44861505168653,-3.000862459599568,False,-171.93675383430275
129,2.149787356321839,1294,372,1294.0,129.0,1.0654122463902524,3.141592653589793,61.04362515971364,118.95637484028636,1.0654122463902524,False,61.04362515971364,3.1415926535897922,False,179.99999999999994
130,2.1664523745879,1297,357,1331.0,117.0,1.1025877460000846,3.000862459599568,63.17362438864726,108.7631294456555,1.1025877460000846,False,63.17362438864726,3.000862459599567,False,171.9367538343027
131,2.1831173928539607,1299,347,1367.0,115.0,1.1278116778165685,2.856474918417197,64.61884922445755,99.04510788582398,1.1278116778165685,False,64.61884922445755,2.856474918417196,False,163.66395711028147
132,2.1997824111200215,1300,341,1403.0,122.0,1.1428889708856182,2.7019699959959347,65.48271448379595,89.32876265775106,1.1428889708856182,False,65.48271448379595,2.701969995995934,False,154.81147714154696
133,2.2164474293860823,1300,339,1435.0,138.0,1.1475890854016606,2.550153637452238,65.75201120879335,80.36102932715497,1.1475890854016608,False,65.75201120879336,2.5501536374522367,False,146.11304053594822
134,2.233112447652143,1300,341,1463.0,164.0,1.1428889708856182,2.397347712833788,65.48271448379595,71.87519148692098,1.1428889708856182,False,65.48271448379595,2.3973477128337866,False,137.35790597071684
135,2.249777465918204,1299,348,1488.0,199.0,1.1254952829072107,2.238399168321759,64.48612957246576,63.76469563796458,1.1254952829072105,False,64.48612957246574,2.2383991683217577,False,128.25082521043026
136,2.2664424841842647,1297,360,1506.0,244.0,1.0957855705297999,2.0774884923229657,62.78388844269253,56.247434154409916,1.0957855705297996,False,62.78388844269252,2.0774884923229653,False,119.03132259710243
137,2.283107502450325,1294,375,1518.0,293.0,1.0588174316725312,1.9217163242053252,60.66577010971746,49.440464688641875,1.058817431672531,False,60.66577010971744,1.921716324205324,False,110.10623479835927
138,2.299772520716386,1288,395,1522.0,352.0,1.0082527773690289,1.752529523621672,57.768628825588756,42.64391635000575,1.0082527773690284,False,57.76862882558873,1.7525295236216714,False,100.41254517559447
139,2.3164375389824468,1278,420,1515.0,420.0,0.9434386295686794,1.5707963267948966,54.05505170389161,35.94494829610839,0.9434386295686794,False,54.05505170389161,1.5707963267948957,False,89.99999999999994
140,2.3331025572485076,1266,448,1499.0,489.0,0.8720629888779472,1.3966138437122493,49.96552873227042,30.054550121985024,0.8720629888779472,False,49.96552873227042,1.3966138437122488,False,80.02007885425543
141,2.3497675755145684,1249,477,1471.0,559.0,0.7937452149456031,1.2169712146209535,45.478250825087414,24.249063561602732,0.793745214945603,False,45.47825082508741,1.216971214620953,False,69.72731438669011
142,2.366432593780629,1226,509,1428.0,630.0,0.7033459591209569,1.0311051585149735,40.29875499521176,18.77921882186397,0.703345959120957,False,40.298754995211766,1.0311051585149729,False,59.07797381707568
143,2.38309761204669,1197,541,1369.0,702.0,0.6056886935622054,0.8184191892816931,34.703405839907006,12.188559578452473,0.6056886935622057,False,34.70340583990702,0.8184191892816921,False,46.89196541835942
144,2.399762630312751,1162,571,1299.0,764.0,0.5027450273248381,0.6173025397004024,28.805168236902468,6.563661970637527,0.502745027324838,False,28.805168236902464,0.6173025397004013,False,35.368830207539936
145,2.4164276485788116,1120,598,1224.0,809.0,0.3924105766706747,0.4579442487886165,22.483469879524463,3.754802828352237,0.3924105766706747,False,22.483469879524463,0.45794424878861584,False,26.23827270787665
146,2.433092666844872,1070,621,1134.0,848.0,0.27199911231412893,0.27480520613523457,15.584401166904446,0.16077733286709128,0.27199911231412877,False,15.584401166904437,0.27480520613523396,False,15.745178499771503
147,2.449757685110933,1017,636,,,0.15231973051662692,,8.727277695172774,,0.15231973051662706,False,8.72727769517278,0.1107723271158152,True,6.346786830578778
148,2.4664227033769937,962,642,,,0.03245613122901935,,1.8595993387455583,,0.03245613122901947,False,1.8595993387455652,-0.05326055190360357,True,-3.051604838613947
149,2.4830877216430545,904,640,853.0,871.0,-0.09320740275578476,-0.2172934309230211,-5.340390797282505,-7.10960571052409,-0.09320740275578476,False,-5.340390797282505,-0.21729343092302233,False,-12.449996507806672
150,2.4997527399091153,849,628,761.0,851.0,-0.21535769969773805,-0.3758588505430919,-12.339087278326195,-9.19603855043137,-0.215357699697738,False,-12.339087278326192,-0.37585885054309287,False,-21.53512582875761
151,2.516417758175176,799,609,683.0,816.0,-0.33220313538185103,-0.5107824828143067,-19.033837598393173,-10.231842916080108,-0.33220313538185087,False,-19.033837598393163,-0.5107824828143075,False,-29.265680514473324
152,2.533082776441237,752,583,607.0,770.0,-0.45066132608063364,-0.659560590248285,-25.82099197418928,-11.969046180194898,-0.4506613260806338,False,-25.82099197418929,-0.6595605902482857,False,-37.79003815438421
153,2.5497477947072977,714,553,542.0,717.0,-0.5583582934152337,-0.8092031895825182,-31.991573668820156,-14.372353862782772,-0.5583582934152336,False,-31.99157366882015,-0.8092031895825187,False,-46.36392753160295
154,2.5664128129733585,681,521,489.0,660.0,-0.6624627582438701,-0.9441712528485336,-37.95632013196914,-16.14070779383114,-0.66246275824387,False,-37.956320131969136,-0.9441712528485349,False,-54.097027925800354
155,2.5830778312394194,654,486,443.0,596.0,-0.7636987318122872,-1.0902330381644434,-43.756714152337395,-18.709037620210417,-0.763698731812287,False,-43.75671415233738,-1.0902330381644445,False,-62.465751772547875
156,2.5997428495054797,635,453,411.0,536.0,-0.8519663271732721,-1.215945283682916,-48.81407483429036,-20.854458039578333,-0.851966327173272,False,-48.81407483429035,-1.2159452836829168,False,-69.66853287386874
157,2.6164078677715406,620,421,387.0,472.0,-0.9356652834879903,-1.3553106352893332,-53.60967178077356,-24.0439075504996,-0.9356652834879902,False,-53.60967178077355,-1.3553106352893343,False,-77.65357933127322
158,2.6330728860376014,609,392,372.0,413.0,-1.0106029639173215,-1.4824195406500478,-57.90328459587435,-27.03309855109556,-1.0106029639173215,False,-57.90328459587435,-1.4824195406500484,False,-84.93638314696996
159,2.649737904303662,602,367,364.0,357.0,-1.0740934875043315,-1.6127884340162661,-61.541023636485825,-30.86494688015948,-1.0740934875043315,False,-61.541023636485825,-1.6127884340162666,False,-92.40597051664533
160,2.666402922569723,598,346,363.0,304.0,-1.126822105183483,-1.7476524582688757,-64.5621508890601,-35.57095902540971,-1.126822105183483,False,-64.5621508890601,-1.7476524582688775,False,-100.13310991446991
161,2.683067940835784,595,330,368.0,260.0,-1.1679635629946623,-1.8699142617065345,-66.91938278465621,-40.21881246244952,-1.1679635629946623,False,-66.91938278465621,-1.8699142617065352,False,-107.13819524710576
162,2.6997329591018446,594,318,378.0,218.0,-1.198129083565212,-2.0043778107466586,-68.64773980016378,-46.194649305291435,-1.198129083565212,False,-68.64773980016378,-2.004377810746659,False,-114.84238910545523
163,2.7163979773679054,593,311,391.0,184.0,-1.216366714526669,-2.1320611178339153,-69.69267908257238,-52.46542463325547,-1.216366714526669,False,-69.69267908257238,-2.132061117833917,False,-122.15810371582793
164,2.7330629956339663,593,309,408.0,157.0,-1.2213450512070827,-2.2585828433218205,-69.97791676335525,-59.42934783964232,-1.2213450512070827,False,-69.97791676335525,-2.258582843321822,False,-129.40726460299766
165,2.7497280139000266,593,311,429.0,137.0,-1.216366714526669,-2.3857716611975883,-69.69267908257238,-67.00196798596478,-1.216366714526669,False,-69.69267908257238,-2.385771661197589,False,-136.69464706853722
166,2.7663930321660875,594,319,451.0,125.0,-1.1956741365181063,-2.5063901094811785,-68.50708169543651,-75.09849339116735,-1.1956741365181063,False,-68.50708169543651,-2.5063901094811794,False,-143.60557508660392
167,2.7830580504321483,595,330,475.0,120.0,-1.1679635629946623,-2.62244653934327,-66.91938278465621,-83.33573591840157,-1.1679635629946623,False,-66.91938278465621,-2.6224465393432705,False,-150.2551187030578
168,2.799723068698209,598,347,501.0,124.0,-1.1244880203522438,-2.7313013517446394,-64.42841767920459,-92.06362235413998,-1.1244880203522438,False,-64.42841767920459,-2.7313013517446407,False,-156.49204003334464
169,2.81638808696427,602,368,527.0,135.0,-1.0718558614401719,-2.8301776484632994,-61.412817106881,-100.74441742232601,-1.0718558614401719,False,-61.412817106881,-2.8301776484633,False,-162.15723452920705
170,2.8330531052303307,610,394,553.0,153.0,-1.0050277237693792,-2.9093459175447616,-57.583846865625354,-109.10939535330549,-1.0050277237693792,False,-57.583846865625354,-2.909345917544762,False,-166.69324221893086
171,2.8497181234963915,621,423,580.0,179.0,-0.9302465129252259,-2.975115073302955,-53.299199097377425,-117.16233816863644,-0.9302465129252258,False,-53.29919909737742,-2.9751150733029554,False,-170.4615372660139
172,2.8663831417624523,637,457,603.0,211.0,-0.8415571082112607,-3.0042513761228595,-48.217670519739556,-123.91325392846996,-0.8415571082112607,False,-48.217670519739556,-3.004251376122861,False,-172.13092444820958
173,2.883048160028513,660,493,624.0,245.0,-0.7420919230027386,-2.997438266476639,-42.51873519880418,-129.22182682131702,-0.7420919230027385,False,-42.51873519880417,-2.997438266476639,False,-171.7405620201212
174,2.899713178294574,690,529,643.0,284.0,-0.6347334515977647,-2.9520585670024477,-36.36754789232324,-132.77294887235476,-0.6347334515977647,False,-36.36754789232324,-2.9520585670024495,False,-169.14049676467812
175,2.9163781965606344,729,566,657.0,327.0,-0.514109783017662,-2.848984670057911,-29.456320773298554,-133.77847671849113,-0.5141097830176617,False,-29.456320773298543,-2.848984670057913,False,-163.23479749178978
176,2.933043214826695,778,598,668.0,372.0,-0.3842131146660108,-2.6886207955764423,-22.013789903938374,-132.03283439369744,-0.3842131146660108,False,-22.013789903938374,-2.688620795576444,False,-154.04662429763593
177,2.949708233092756,830,622,676.0,425.0,-0.2587708919636976,-2.4780942108233583,-14.826479970355665,-127.15785954562521,-0.25877089196369774,False,-14.826479970355672,-2.4780942108233592,False,-141.98433951598093
178,2.966373251358817,888,637,687.0,495.0,-0.12839265766554855,-2.1858498274181586,-7.356357404703929,-117.88361235575593,-0.12839265766554853,False,-7.356357404703927,-2.18584982741816,False,-125.23996976045994
179,2.9830382696248776,944,642,711.0,579.0,-0.006493415228225434,-1.8348681468421886,-0.3720452872032956,-104.7581554898447,-0.006493415228225441,False,-0.372045287203296,-1.8348681468421901,False,-105.13020077704809
180,2.9997032878909384,992,640,,,0.09751580328754604,,5.5872439642043465,,0.09751580328754583,False,5.587243964204334,,False,
181,3.0163683061569992,1029,633,,,0.17907634821005863,,10.260318963051473,,0.1790763482100588,False,10.260318963051484,,False,
182,3.03303332442306,1052,627,,,0.23071655572812796,,13.21908490701659,,0.2307165557281281,False,13.219084907016597,,False,
183,3.049698342689121,1061,624,,,0.2513277841608404,,14.400021306791055,,0.25132778416084056,False,14.400021306791064,,False,
184,3.0663633609551812,1064,623,,,0.2582124061390448,,14.794481089685174,,0.25821240613904495,False,14.794481089685183,,False,
185,3.083028379221242,1072,620,,,0.2767981586319901,,15.859366266605688,,0.2767981586319901,False,15.859366266605688,,False,
186,3.099693397487303,1090,613,,,0.3189766364073911,,18.276015029422506,,0.31897663640739093,False,18.2760150294225,,False,
187,3.1163584157533637,1116,601,,,0.3817343748577686,,21.87176857441503,,0.3817343748577686,False,21.87176857441503,,False,
188,3.1330234340194245,1147,582,1281.0,385.0,0.46165557976321087,2.5442771644553863,26.45091630909712,119.32542712570897,0.4616555797632107,False,26.45091630909711,2.544277164455387,False,145.77634343480617
189,3.1496884522854853,1177,559,1231.0,324.0,0.5454484714146571,2.9157263511157514,31.25189535392198,135.80691878009014,0.545448471414657,False,31.251895353921974,2.915726351115751,False,167.05881413401212
190,3.166353470551546,1208,531,1174.0,290.0,0.6393859056861729,-3.0014387697940865,36.634113875967415,151.39611214789355,0.639385905686173,False,36.63411387596742,-3.0014387697940865,False,-171.96977397613904
191,3.183018488817607,1233,500,1122.0,283.0,0.7293513123832582,-2.668770990043877,41.788751981888396,165.30193380164724,0.7293513123832582,False,41.788751981888396,-2.6687709900438765,False,-152.90931421646437
192,3.1996835070836678,1254,469,1075.0,299.0,0.815590328274411,-2.3304122387936026,46.72988362181309,179.74733056968014,0.815590328274411,False,46.72988362181309,-2.3304122387936026,False,-133.5227858085068
193,3.2163485253497286,1271,439,,,0.8964318905776496,,51.36176395103255,,0.8964318905776496,False,51.36176395103255,-2.005044005428749,True,-114.88055924907303
194,3.233013543615789,1281,412,1034.0,385.0,0.9636964544904317,-1.6796757720638962,55.21573957402295,-151.45407226366228,0.9636964544904316,False,55.21573957402294,-1.679675772063896,False,-96.23833268963931
195,3.24967856188185,1289,391,1045.0,438.0,1.0180001644552443,-1.380504041317526,58.327112966909226,-137.4241681351573,1.0180001644552448,False,58.32711296690925,-1.3805040413175256,False,-79.09705516824803
196,3.2663435801479106,1292,377,1075.0,494.0,1.0519624198438806,-1.0763055073811572,60.27300686342352,-121.9407699030505,1.0519624198438802,False,60.2730068634235,-1.0763055073811572,False,-61.667763039626976
197,3.2830085984139714,1294,371,1117.0,544.0,1.067621294178075,-0.7968262372945526,61.17019427469858,-106.82497467696628,1.0676212941780747,False,61.17019427469857,-0.7968262372945523,False,-45.65478040226768
198,3.2996736166800322,1293,374,1168.0,586.0,1.0597801147283177,-0.5327541451804302,60.72092778582278,-91.24549182276137,1.0597801147283175,False,60.72092778582277,-0.5327541451804301,False,-30.52456403693857
199,3.316338634946093,1290,386,1227.0,624.0,1.029948193888754,-0.2587708919636976,59.011684626947414,-73.83816459730309,1.029948193888754,False,59.011684626947414,-0.25877089196369774,False,-14.826479970355672
200,3.333003653212154,1284,406,1289.0,651.0,0.9800596220628343,0.020405330686538086,56.15328001538694,-54.98414068747952,0.9800596220628339,False,56.153280015386926,0.020405330686537937,False,1.1691393279074105
201,3.3496686714782147,1271,436,1347.0,665.0,0.9021067479216459,0.3204399391575476,51.68690932618236,-33.32705322502601,0.9021067479216462,False,51.68690932618238,0.32043993915754765,False,18.359856101156364
202,3.3663336897442755,1251,475,1399.0,660.0,0.8004220746429954,0.6747409422235526,45.860806706148985,-7.20099845205889,0.8004220746429955,False,45.86080670614899,0.6747409422235524,False,38.65980825409008
203,3.382998708010336,1220,518,1425.0,629.0,0.6794138054078485,1.074530731961721,38.927543592792304,22.638532305717423,0.6794138054078482,False,38.92754359279229,1.0745307319617208,False,61.566075898509716
204,3.3996637262763967,1182,555,1416.0,589.0,0.5597969195614243,1.4265069322571542,32.07400087529405,49.65882578919533,0.5597969195614243,False,32.07400087529405,1.426506932257154,False,81.73282666448935
205,3.4163287445424575,1140,586,1377.0,548.0,0.44374973792766575,1.72978069872752,25.424987143291602,73.68414637698586,0.4437497379276656,False,25.42498714329159,1.7297806987275202,False,99.10913352027748
206,3.4329937628085183,1096,610,1324.0,518.0,0.33356376440245816,1.9543238427518885,19.11179589875698,92.86271209271501,0.33356376440245805,False,19.111795898756974,1.9543238427518883,False,111.97450799147197
207,3.449658781074579,1051,627,1265.0,498.0,0.22859535110240986,2.1132748495503297,13.097548834479316,107.98418099589858,0.2285953511024097,False,13.097548834479307,2.1132748495503293,False,121.08172983037788
208,3.46632379934064,1002,638,1200.0,486.0,0.11951502158420407,2.2255149137772263,6.847706325189831,120.66490547766655,0.11951502158420402,False,6.8477063251898285,2.2255149137772268,False,127.5126118028564
209,3.4829888176067008,950,642,1142.0,480.0,0.006493415228225434,2.271650734679347,0.3720452872032956,129.78395433771607,0.006493415228225441,False,0.372045287203296,2.271650734679347,False,130.15599962491933
210,3.4996538358727616,896,637,1090.0,477.0,-0.11113752853369468,2.2604429972965785,-6.3677113304954664,135.88155490549119,-0.11113752853369485,False,-6.367711330495475,2.260442997296579,False,129.51384357499572
211,3.5163188541388224,842,625,1043.0,476.0,-0.23171684119045063,2.208701970404347,-13.276397042315972,139.8256981487139,-0.23171684119045066,False,-13.276397042315972,2.2087019704043467,False,126.54930110639792
212,3.5329838724048828,790,604,1006.0,477.0,-0.35462883529577416,2.102318046828621,-20.318735556087862,140.77268683355442,-0.35462883529577427,False,-20.31873555608787,2.1023180468286213,False,120.45395127746657
213,3.5496488906709436,744,577,977.0,482.0,-0.47267444505633727,1.9579446726543939,-27.082250785416445,139.26421704863674,-0.47267444505633716,False,-27.082250785416438,1.9579446726543939,False,112.18196626322029
214,3.5663139089370044,703,543,948.0,492.0,-0.5918072776432443,1.7760287168011035,-33.908059294084815,135.66700906082337,-0.5918072776432441,False,-33.90805929408481,1.776028716801104,False,101.75894976673858
215,3.582978927203065,671,507,920.0,509.0,-0.7010218559739769,1.562764371005315,-40.16559369373673,129.70539652575803,-0.7010218559739769,False,-40.16559369373673,1.562764371005315,False,89.53980283202131
216,3.599643945469126,646,472,888.0,531.0,-0.8005740640138275,1.3316598562069004,-45.86951505562851,122.16800456328197,-0.8005740640138272,False,-45.8695150556285,1.3316598562069002,False,76.29848950765346
217,3.616308963735187,627,438,845.0,557.0,-0.8922560107558112,1.0711282683649013,-51.122503661487364,112.49363275595239,-0.8922560107558111,False,-51.12250366148736,1.0711282683649017,False,61.37112909446508
218,3.6329739820012477,615,410,792.0,582.0,-0.9649384781077766,0.7997238308876254,-55.286902285352376,101.1077025712473,-0.9649384781077766,False,-55.286902285352376,0.7997238308876256,False,45.820800285894926
219,3.6496390002673085,607,388,732.0,602.0,-1.0217711869873,0.5286553371208254,-58.543176642444756,88.83289627653379,-1.0217711869873,False,-58.543176642444756,0.5286553371208251,False,30.289719634089
220,3.6663040185333693,604,374,661.0,615.0,-1.0560568569865685,0.23224673604503185,-60.507600831181136,73.81435861225029,-1.0560568569865687,False,-60.50760083118115,0.232246736045032,False,13.306757781069182
221,3.68296903679943,602,371,588.0,617.0,-1.0651756538390198,-0.05684924733283777,-61.03006940506378,57.77284746439681,-1.0651756538390198,False,-61.03006940506378,-0.05684924733283747,False,-3.257221940666939
222,3.6996340550654905,604,377,520.0,606.0,-1.049455170604972,-0.3515730978263016,-60.12935206384667,39.985697368059554,-1.049455170604972,False,-60.12935206384667,-0.35157309782630186,False,-20.143654695787113
223,3.7162990733315513,609,393,455.0,579.0,-1.008482515401534,-0.6915569507681117,-57.78179184524494,18.158497273295676,-1.0084825154015338,False,-57.781791845244925,-0.6915569507681116,False,-39.62329457194925
224,3.732964091597612,618,418,412.0,538.0,-0.9445348891961419,-1.0433257430294363,-54.11786275379579,-5.660298979141582,-0.944534889196142,False,-54.1178627537958,-1.0433257430294365,False,-59.77816173293738
225,3.749629109863673,632,448,398.0,486.0,-0.8658416877878989,-1.4098085130240892,-49.60907443673052,-31.16700328116414,-0.8658416877878992,False,-49.60907443673053,-1.409808513024089,False,-80.77607771789465
226,3.7662941281297337,650,478,417.0,432.0,-0.7837174927109802,-1.7657146002178166,-44.90370466291402,-56.26428975419628,-0.7837174927109802,False,-44.90370466291402,-1.765714600217816,False,-101.16799441711028
227,3.7829591463957946,669,506,456.0,392.0,-0.7060946319666616,-2.0622145723891236,-40.45624234853285,-77.69994909973973,-0.7060946319666614,False,-40.45624234853285,-2.0622145723891236,False,-118.15619144827258
228,3.7996241646618554,691,530,513.0,363.0,-0.6315090637553995,-2.3243212300075933,-36.18280407744242,-96.99099263464895,-0.6315090637553995,False,-36.18280407744242,-2.324321230007593,False,-133.17379671209133
229,3.816289182927916,715,554,578.0,349.0,-0.5552274591434918,-2.5524651911240808,-31.81219007869443,-114.43329272676843,-0.5552274591434916,False,-31.812190078694417,-2.5524651911240817,False,-146.24548280546293
230,3.832954201193977,742,575,644.0,347.0,-0.47872184399576556,-2.735642666641496,-27.428741221677576,-129.31203783279415,-0.47872184399576545,False,-27.42874122167757,-2.735642666641496,False,-156.74077905447172
231,3.8496192194600374,773,595,714.0,354.0,-0.39701333826401564,-2.901501537077217,-22.74718869292781,-143.49660363231786,-0.39701333826401575,False,-22.747188692927814,-2.901501537077216,False,-166.24379232524564
232,3.866284237726098,809,613,781.0,367.0,-0.30852933455232145,-3.028259256824389,-17.67742872582782,-155.82904596163291,-0.30852933455232145,False,-17.67742872582782,-3.0282592568243896,False,-173.50647468746075
233,3.882949255992159,851,628,841.0,379.0,-0.21109333322274654,-3.101453581544061,-12.094757077012101,-165.6054435011959,-0.2110933332227467,False,-12.09475707701211,-3.1014535815440603,False,-177.70020057820796
234,3.89961427425822,894,637,,,-0.11545795241560493,,-6.615253384636451,,-0.11545795241560475,False,-6.61525338463644,3.1274069553276505,True,179.18721936013316
235,3.9162792925242806,940,641,,,-0.01518321494221765,,-0.8699341356290394,,-0.015183214942217749,False,-0.8699341356290451,3.073082185019773,True,176.07463929847418
236,3.9329443107903415,986,640,1016.0,397.0,0.0845803386481565,3.018757414711898,4.84609643432661,168.11596280248875,0.0845803386481565,False,4.84609643432661,3.0187574147118976,False,172.9620592368153
237,3.9496093290564023,1028,632,1078.0,394.0,0.17732136652096298,2.9345199764727616,10.159765919143553,157.9758436295753,0.17732136652096298,False,10.159765919143553,2.934519976472762,False,168.1356095487189
238,3.966274347322463,1068,621,1141.0,389.0,0.2677863785951564,2.836745560605437,15.34302930459487,147.19051887056932,0.2677863785951562,False,15.343029304594857,2.8367455606054364,False,162.53354817516419
239,3.982939365588524,1103,606,1202.0,387.0,0.3510308867424203,2.7170312732254356,20.112588289075486,135.56183647179844,0.3510308867424201,False,20.112588289075475,2.7170312732254356,False,155.6744247608739
240,3.9996043838545847,1133,590,1269.0,390.0,0.4258921991417431,2.5444159954971157,24.40182553836706,121.38247232919554,0.42589219914174326,False,24.40182553836707,2.544415995497115,False,145.78429786756254
241,4.0162694021206455,1161,571,1333.0,403.0,0.5007791289368101,2.3444303270425864,28.692530556316896,105.63343254569864,0.5007791289368102,False,28.6925305563169,2.344430327042586,False,134.3259631020155
242,4.032934420386706,1186,550,1390.0,426.0,0.5735199889859224,2.1169628902286846,32.86027483528281,88.43276416063739,0.5735199889859226,False,32.86027483528282,2.1169628902286846,False,121.29303899592021
243,4.049599438652767,1208,529,1437.0,463.0,0.6421243313244989,1.8514014572196427,36.791014107553906,69.28647557550202,0.6421243313244989,False,36.791014107553906,1.8514014572196427,False,106.07748968305596
244,4.0662644569188275,1230,504,1467.0,512.0,0.7179553005225935,1.5370538642374747,41.135808598991275,46.93089070609025,0.7179553005225934,False,41.13580859899127,1.5370538642374747,False,88.06669930508153
245,4.082929475184888,1248,478,1467.0,563.0,0.7904064687677912,1.2005662677734565,45.28695476023336,23.500425408958765,0.7904064687677912,False,45.28695476023336,1.200566267773457,False,68.78738016919215
246,4.099594493450949,1261,454,1439.0,607.0,0.8533207281509686,0.8607837339287261,48.89167629408076,0.42759873354724637,0.8533207281509685,False,48.89167629408075,0.8607837339287254,False,49.319275027627974
247,4.1162595117170095,1271,434,1387.0,639.0,0.9059184941666137,0.5149333956185002,51.90530629859386,-22.401795999313467,0.9059184941666141,False,51.90530629859388,0.5149333956185007,False,29.503510299280407
248,4.132924529983071,1276,422,1328.0,654.0,0.936599552828289,0.2204937613666717,53.66320147090114,-41.02983953562614,0.9365995528282891,False,53.66320147090115,0.2204937613666722,False,12.63336193527504
249,4.149589548249131,1277,418,1269.0,658.0,0.9459754440847565,-0.033320995878247196,54.200400469070345,-56.10955290206671,0.9459754440847563,False,54.20040046907033,-0.03332099587824722,False,-1.9091524329963774
250,4.166254566515192,1276,423,1208.0,657.0,0.9346300497865749,-0.28280921129960296,53.55035725887275,-69.75413147376352,0.9346300497865752,False,53.550357258872765,-0.2828092112996021,False,-16.203774214890714
251,4.182919584781253,1270,435,1151.0,650.0,0.9025069079643125,-0.5055174780416886,51.70983680775693,-80.67385476964296,0.9025069079643124,False,51.70983680775693,-0.5055174780416891,False,-28.964017961886054
252,4.199584603047314,1261,454,1101.0,641.0,0.8533207281509686,-0.7077448267852128,48.89167629408076,-89.44246784109095,0.8533207281509685,False,48.89167629408075,-0.7077448267852127,False,-40.550791547010185
253,4.216249621313374,1246,479,1053.0,632.0,0.7853981633974483,-0.9004941632820866,45.0,-96.59451503222799,0.7853981633974483,False,45.0,-0.9004941632820866,False,-51.59451503222799
254,4.232914639579436,1227,507,1010.0,627.0,0.7081223669045109,-1.0656563001179038,40.57242300244284,-101.63003141072534,0.7081223669045107,False,40.572423002442825,-1.0656563001179045,False,-61.05760840828254
255,4.249579657845496,1201,536,972.0,627.0,0.6197178539223275,-1.1925506843389575,35.50721751865424,-103.83533858671457,0.6197178539223276,False,35.507217518654244,-1.1925506843389577,False,-68.32812106806036
256,4.2662446761115564,1167,566,931.0,634.0,0.5180294201266665,-1.2902595350565746,29.680899436867374,-103.60732527212099,0.5180294201266666,False,29.68089943686738,-1.290259535056574,False,-73.92642583525357
257,4.282909694377618,1128,592,890.0,649.0,0.41393735223158684,-1.335728141969244,23.716863265690094,-100.24844837737902,0.4139373522315868,False,23.71686326569009,-1.3357281419692448,False,-76.53158511168897
258,4.299574712643678,1085,614,849.0,671.0,0.3078625584656751,-1.3338095015108722,17.639225270182738,-94.06088038120392,0.3078625584656751,False,17.639225270182738,-1.3338095015108724,False,-76.4216551110212
259,4.316239730909739,1037,630,805.0,702.0,0.19739555984988075,-1.2698760924344714,11.309932474020213,-84.06847307508023,0.19739555984988089,False,11.30993247402022,-1.2698760924344707,False,-72.75854060105998
260,4.3329047491758,985,640,764.0,741.0,0.08242154867336242,-1.1421252397826507,4.722406879915756,-70.16136279482879,0.08242154867336238,False,4.722406879915754,-1.1421252397826507,False,-65.43895591491304
261,4.349569767441861,931,641,735.0,781.0,-0.03469323248622935,-0.9505468408120752,-1.987775799127102,-52.474546408898526,-0.03469323248622924,False,-1.9877757991270955,-0.9505468408120752,False,-54.46232220802562
262,4.366234785707921,871,633,720.0,818.0,-0.16622240642218086,-0.6845509610689183,-9.523842348499233,-29.698038582374103,-0.16622240642218067,False,-9.523842348499223,-0.6845509610689184,False,-39.221880930873354
263,4.382899803973983,812,614,728.0,835.0,-0.3015723609254706,-0.36322608633380205,-17.278823498825446,-3.532498257155875,-0.3015723609254706,False,-17.278823498825446,-0.3632260863338015,False,-20.811321755981293
264,4.399564822240043,760,587,746.0,820.0,-0.430692511386508,-0.06001368368754056,-24.67686317033706,21.23833238200787,-0.4306925113865079,False,-24.676863170337054,-0.06001368368754001,False,-3.4385307883291576
265,4.416229840506103,717,555,763.0,786.0,-0.55016578035318,0.19656292057518973,-31.52217724675868,42.78440300448226,-0.5501657803531801,False,-31.522177246758684,0.19656292057518954,False,11.262225757723572
266,4.432894858772165,685,524,774.0,744.0,-0.650901528734289,0.3844187202182019,-37.29391047508804,59.31948070941143,-0.650901528734289,False,-37.29391047508804,0.38441872021820167,False,22.025570234323364
267,4.449559877038225,660,494,780.0,703.0,-0.7405032256883524,0.521204783494682,-42.42770954776608,72.29054390404119,-0.7405032256883524,False,-42.42770954776608,0.5212047834946816,False,29.862834356275084
268,4.466224895304286,641,464,784.0,662.0,-0.8226690315228932,0.625485040239229,-47.13546344237666,82.97311639665494,-0.8226690315228931,False,-47.135463442376654,0.6254850402392282,False,35.83765295427825
269,4.482889913570347,627,439,785.0,627.0,-0.8903650059303708,0.6989092634790736,-51.01415706595076,91.05870812589853,-0.8903650059303709,False,-51.01415706595077,0.6989092634790737,False,40.044551059947764
270,4.499554931836408,617,417,786.0,598.0,-0.9479717392079131,0.7511258740466489,-54.314779754289766,97.3511222202378,-0.947971739207913,False,-54.31477975428976,0.7511258740466484,False,43.03634246594801
271,4.516219950102468,610,398,787.0,573.0,-0.9966145432542484,0.7910799204382958,-57.10180712982666,102.42734782848595,-0.9966145432542484,False,-57.10180712982666,0.7910799204382961,False,45.32554069865932
272,4.5328849683685295,606,384,788.0,555.0,-1.031671603530593,0.8165495560390553,-59.11042872579694,105.89527205011593,-1.0316716035305928,False,-59.11042872579693,0.816549556039055,False,46.784843324318956
273,4.54954998663459,603,373,789.0,542.0,-1.059511685810909,0.8332489326209301,-60.705547941755995,108.447195064716,-1.059511685810909,False,-60.705547941755995,0.8332489326209309,False,47.741647122960046
274,4.56621500490065,602,369,791.0,535.0,-1.0696236789638274,0.8500964714617046,-61.284922471883405,109.99186246560248,-1.0696236789638274,False,-61.284922471883405,0.8500964714617041,False,48.706939993719075
275,4.5828800231667115,602,369,793.0,533.0,-1.0696236789638274,0.8613083573363409,-61.284922471883405,110.63425620660153,-1.0696236789638274,False,-61.284922471883405,0.8613083573363411,False,49.34933373471812
276,4.599545041432772,603,374,796.0,537.0,-1.0573034186561487,0.8694691951109236,-60.57902355375087,110.39593885024351,-1.057303418656149,False,-60.57902355375088,0.8694691951109235,False,49.816915296492624
277,4.616210059698833,606,385,800.0,547.0,-1.0295147577723476,0.8750448797189349,-58.98685056678878,109.12322905921648,-1.0295147577723478,False,-58.986850566788796,0.875044879718935,False,50.13637849242774
278,4.6328750779648935,611,399,805.0,562.0,-0.9931667951650577,0.8720156269380376,-56.90426571549174,106.8670808084958,-0.9931667951650578,False,-56.904265715491746,0.8720156269380368,False,49.962815093004004
279,4.649540096230955,618,418,810.0,583.0,-0.9445348891961419,0.8608847083313718,-54.11786275379579,103.44292318853428,-0.944534889196142,False,-54.1178627537958,0.8608847083313727,False,49.32506043473851
280,4.666205114497015,628,442,816.0,612.0,-0.883191924613535,0.8356351882567892,-50.60316978039193,98.48153928012594,-0.8831919246135351,False,-50.60316978039193,0.8356351882567896,False,47.878369499734056
281,4.682870132763076,643,468,823.0,646.0,-0.8124186125847132,0.7909846974581043,-46.548157698977974,91.86824252275964,-0.8124186125847133,False,-46.54815769897798,0.7909846974581036,False,45.320084823781634
282,4.699535151029137,662,496,828.0,686.0,-0.733863136337292,0.7180842876047432,-42.04726045236056,83.19045946677075,-0.733863136337292,False,-42.04726045236056,0.7180842876047429,False,41.14319901441014
283,4.716200169295197,687,528,832.0,732.0,-0.641659490249122,0.6179271492381627,-36.76438067579049,72.1689983736878,-0.6416594902491219,False,-36.764380675790484,0.617927149238163,False,35.40461769789731
284,4.732865187561258,719,558,831.0,781.0,-0.5427504983797107,0.46543972177758697,-31.09731288577945,57.76504456137845,-0.5427504983797107,False,-31.09731288577945,0.46543972177758697,False,26.667731675599004
285,4.749530205827319,760,587,823.0,825.0,-0.430692511386508,0.2587708919636976,-24.67686317033706,39.50334314069273,-0.4306925113865079,False,-24.676863170337054,0.25877089196369774,False,14.826479970355672
286,4.76619522409338,813,614,810.0,854.0,-0.2994701193675953,-0.012499349019361679,-17.158373930042185,16.442213984571787,-0.29947011936759527,False,-17.15837393004218,-0.012499349019361006,False,-0.71615994547037
287,4.78286024235944,871,632,797.0,855.0,-0.16658339665976332,-0.3204046601891193,-9.544525565558134,-8.813309199601706,-0.1665833966597634,False,-9.54452556555814,-0.3204046601891193,False,-18.357834765159843
288,4.799525260625502,930,640,799.0,831.0,-0.03693971063168149,-0.6011754942471185,-2.1164895156298855,-32.328329051421306,-0.03693971063168133,False,-2.1164895156298766,-0.6011754942471192,False,-34.444818567051236
289,4.816190278891562,987,639,815.0,795.0,0.08692636161256795,-0.8341400147073799,4.980513648828157,-52.77321601454144,0.08692636161256795,False,4.980513648828157,-0.8341400147073799,False,-47.79270236571328
290,4.832855297157623,1037,629,842.0,758.0,0.1978238253483231,-0.9863524270855453,11.334470279592026,-67.84830146407904,0.1978238253483231,False,11.334470279592026,-0.9863524270855457,False,-56.51383118448704
291,4.849520315423684,1082,614,873.0,726.0,0.3015723609254706,-1.0788543839455869,17.278823498825446,-79.09262640809405,0.3015723609254706,False,17.278823498825446,-1.0788543839455862,False,-61.81380290926857
292,4.866185333689744,1123,594,909.0,699.0,0.4019729387657953,-1.1146532673413692,23.03135286975075,-86.89628070887865,0.40197293876579554,False,23.031352869750762,-1.1146532673413692,False,-63.864927839127894
293,4.882850351955805,1158,572,945.0,679.0,0.4937892313884258,-1.1052725473875966,28.29203892756563,-91.6194911045482,0.4937892313884258,False,28.29203892756563,-1.105272547387596,False,-63.32745217698253
294,4.899515370221866,1187,547,979.0,667.0,0.5791476800268267,-1.047518004662921,33.182717780330215,-93.20107841148088,0.5791476800268267,False,33.182717780330215,-1.0475180046629209,False,-60.01836063115066
295,4.916180388487927,1213,522,1017.0,661.0,0.6610431688506869,-0.9539333784220542,37.874983651098205,-92.53134017133794,0.661043168850687,False,37.87498365109821,-0.9539333784220538,False,-54.65635652023972
296,4.932845406753987,1232,499,1055.0,660.0,0.7291661171133018,-0.8327001308932526,41.778141074534105,-89.48834417470869,0.7291661171133019,False,41.77814107453411,-0.8327001308932527,False,-47.710203100174596
297,4.949510425020049,1247,477,1094.0,663.0,0.7904232467282607,-0.6883587774154488,45.287916066557095,-84.72796880324756,0.7904232467282606,False,45.28791606655709,-0.6883587774154485,False,-39.44005273669045
298,4.966175443286109,1257,459,1138.0,668.0,0.83798122500839,-0.5175989262082513,48.01278750418334,-77.66902145641947,0.8379812250083898,False,48.01278750418333,-0.517598926208251,False,-29.656233952236114
299,4.98284046155217,1264,448,1184.0,674.0,0.8689637834341276,-0.34021811164468324,49.787957340495595,-69.2810192516466,0.8689637834341273,False,49.78795734049557,-0.34021811164468296,False,-19.49306191115098
300,4.999505479818231,1267,441,1231.0,679.0,0.8866002956884601,-0.15012248601576222,50.798455057999604,-59.399839916714505,0.88660029568846,False,50.7984550579996,-0.1501224860157624,False,-8.601384858714907
301,5.016170498084292,1267,441,1281.0,681.0,0.8866002956884601,0.0582673029695334,50.798455057999604,-47.459984514235245,0.88660029568846,False,50.7984550579996,0.058267302969532864,False,3.338470543764322
302,5.032835516350352,1264,448,1330.0,678.0,0.8689637834341276,0.2794477641263722,49.787957340495595,-33.776779861687146,0.8689637834341273,False,49.78795734049557,0.2794477641263722,False,16.011177478808456
303,5.049500534616413,1256,461,1374.0,668.0,0.832820210144982,0.5181049902083273,47.71708313450577,-18.03185385090178,0.8328202101449822,False,47.717083134505785,0.518104990208327,False,29.68522928360398
304,5.066165552882474,1244,481,1412.0,647.0,0.7787092999437755,0.7913861157813615,44.61675635436525,0.7263280451582684,0.7787092999437757,False,44.61675635436526,0.7913861157813606,False,45.34308439952348
305,5.082830571148534,1228,504,1433.0,619.0,0.7144431008059572,1.059565614517107,40.93457437842097,19.77406345059478,0.7144431008059571,False,40.93457437842096,1.0595656145171066,False,60.70863782901572
306,5.0994955894145955,1206,529,1435.0,585.0,0.6384390259388577,1.3309616512183504,36.57986166273984,39.67862364583473,0.6384390259388577,False,36.57986166273984,1.3309616512183506,False,76.25848530857459
307,5.116160607680656,1181,553,1419.0,552.0,0.5602844365217491,1.5749979827417686,32.101933539561706,58.13880361316008,0.5602844365217492,False,32.10193353956171,1.5749979827417686,False,90.2407371527218
308,5.132825625946717,1155,573,1392.0,528.0,0.4867823137713481,1.7584360985992629,27.89057212071122,72.86039487247686,0.4867823137713483,False,27.890572120711226,1.7584360985992635,False,100.75096699318809
309,5.1494906442127775,1126,592,1355.0,510.0,0.40986105260175276,1.9146499130429473,23.483308500869864,86.21805076158108,0.40986105260175254,False,23.48330850086985,1.9146499130429468,False,109.70135926245092
310,5.166155662478839,1093,609,1313.0,500.0,0.3280310021758578,2.0308009646618235,18.794791974123374,97.56153233209534,0.3280310021758579,False,18.79479197412338,2.0308009646618235,False,116.35632430621872
311,5.182820680744899,1058,622,1271.0,497.0,0.24604305868019466,2.1014939111459032,14.097228840864808,106.30950294023584,0.24604305868019472,False,14.097228840864812,2.1014939111459032,False,120.40673178110069
312,5.1994856990109595,1020,633,1230.0,502.0,0.15977431138787265,2.128539111298672,9.15439371713411,112.80191388880678,0.15977431138787246,False,9.154393717134099,2.1285391112986716,False,121.95630760594088
313,5.216150717277021,977,639,1191.0,512.0,0.06526664607254767,2.106391605359085,3.739503362931072,116.94784562593057,0.06526664607254773,False,3.739503362931075,2.106391605359086,False,120.6873489888617
314,5.232815735543081,933,640,1157.0,529.0,-0.03042539082495181,2.0308661335305627,-1.7432464843057967,118.1033046916589,-0.03042539082495166,False,-1.7432464843057882,2.0308661335305622,False,116.36005820735309
315,5.249480753809142,890,635,1123.0,552.0,-0.12462548412631562,1.9130043848837164,-7.1405142602125204,116.7475917040696,-0.12462548412631547,False,-7.140514260212512,1.9130043848837168,False,109.60707744385711
316,5.266145772075203,847,625,1090.0,583.0,-0.22104706267501872,1.7419449322110787,-12.665063765042362,112.47115652493947,-0.2210470626750185,False,-12.66506376504235,1.7419449322110783,False,99.80609275989707
317,5.282810790341264,808,611,1055.0,620.0,-0.31197432954853643,1.5343751925803897,-17.874812399554628,105.78803512398385,-0.3119743295485362,False,-17.874812399554614,1.5343751925803897,False,87.91322272442923
318,5.299475808607324,775,595,1011.0,665.0,-0.39290756028342394,1.282452362729772,-22.511944943022158,95.99105275401865,-0.3929075602834238,False,-22.51194494302215,1.2824523627297726,False,73.47910781099652
319,5.316140826873386,748,578,951.0,714.0,-0.4636476090008061,0.9805235795875137,-26.56505117707799,82.7449140005024,-0.46364760900080615,False,-26.565051177077994,0.9805235795875138,False,56.179862823424415
320,5.332805845139446,729,565,876.0,757.0,-0.5152212675651027,0.6534263411807619,-29.520004146860916,66.95857571919395,-0.5152212675651029,False,-29.520004146860927,0.6534263411807615,False,37.43857157233301
321,5.349470863405506,717,555,791.0,784.0,-0.55016578035318,0.31255239068523183,-31.52217724675868,49.430110109746494,-0.5501657803531801,False,-31.522177246758684,0.3125523906852319,False,17.90793286298781
322,5.366135881671568,714,552,693.0,791.0,-0.5595652652966947,-0.08764102844704821,-32.06072806361883,27.03926702141699,-0.5595652652966949,False,-32.060728063618846,-0.0876410284470488,False,-5.021461042201883
323,5.382800899937628,718,556,,,-0.547041920013252,,-31.343193233492503,,-0.5470419200132519,False,-31.3431932334925,-0.5044868979058066,True,-28.904970069649966
324,5.399465918203689,727,564,540.0,706.0,-0.5202671900100465,-0.9213327673645632,-29.809114206706532,-22.979364890391448,-0.5202671900100464,False,-29.809114206706525,-0.9213327673645626,False,-52.78847909709795
325,5.41613093646975,737,571,505.0,623.0,-0.4928731562936871,-1.350302565428225,-28.23955169092006,-49.12708637380494,-0.4928731562936872,False,-28.239551690920067,-1.3503025654282244,False,-77.36663806472497
326,5.432795954735811,743,575,507.0,545.0,-0.47672533422715996,-1.6972368240532862,-27.314349638179834,-69.93015721426134,-0.4767253342271598,False,-27.314349638179824,-1.6972368240532862,False,-97.24450685244119
327,5.449460973001871,746,577,531.0,471.0,-0.4686726923316185,-2.0288469793143356,-26.85296724363508,-89.39140194894219,-0.46867269233161846,False,-26.852967243635078,-2.028846979314336,False,-116.24436919257728
328,5.4661259912679325,746,578,572.0,410.0,-0.46765962358284785,-2.3386524301349425,-26.794922679973926,-107.1999913147719,-0.46765962358284785,False,-26.794922679973926,-2.3386524301349425,False,-133.99491399474581
329,5.482791009533993,745,577,625.0,366.0,-0.47067560573765166,-2.624490481310431,-26.967725728530954,-123.4045022228148,-0.47067560573765155,False,-26.967725728530947,-2.6244904813104313,False,-150.37222795134576
330,5.499456027800053,743,575,688.0,338.0,-0.47672533422715996,-2.913561520269334,-27.314349638179834,-139.62042882497286,-0.4767253342271598,False,-27.314349638179824,-2.913561520269333,False,-166.93477846315264
331,5.5161210460661145,742,574,751.0,330.0,-0.47975900433319046,3.1047241217680597,-27.488166131690388,-154.62424513853873,-0.4797590043331903,False,-27.488166131690377,3.1047241217680597,False,177.8875887297709
332,5.532786064332175,741,574,814.0,338.0,-0.48175428188550057,2.8416056278639434,-27.60248711439495,-169.5855033683787,-0.48175428188550073,False,-27.60248711439496,2.8416056278639417,False,162.81200951722627
333,5.549451082598236,742,575,,,-0.47872184399576556,,-27.428741221677576,,-0.47872184399576545,False,-27.42874122167757,2.5846993331088655,True,148.09236309741647
334,5.5661161008642965,746,577,927.0,406.0,-0.4686726923316185,2.3277930383537844,-26.85296724363508,160.2256839212415,-0.46867269233161846,False,-26.852967243635078,2.3277930383537857,False,133.3727166776065
335,5.582781119130358,753,582,969.0,459.0,-0.4496204729566421,2.088445436171671,-25.76135548309156,145.42046471908668,-0.4496204729566422,False,-25.761355483091563,2.0884454361716713,False,119.65910923599512
336,5.599446137396418,763,588,1003.0,525.0,-0.4236689218775161,1.8275046572282823,-24.27444113443946,128.98274503412222,-0.42366892187751626,False,-24.27444113443947,1.8275046572282818,False,104.70830389968272
337,5.616111155662479,779,597,1026.0,600.0,-0.3829846867843836,1.5586511749979846,-21.943406170884934,111.24754023137614,-0.3829846867843836,False,-21.943406170884934,1.5586511749979834,False,89.30413406049115
338,5.63277617392854,799,607,1036.0,677.0,-0.3336464243005496,1.2836030723744256,-19.1165319620526,92.66157057913273,-0.3336464243005497,False,-19.11653196205261,1.2836030723744258,False,73.54503861708015
339,5.649441192194601,825,619,1029.0,755.0,-0.27106433154088755,0.982793723247329,-15.53084217382774,71.84077464784797,-0.2710643315408876,False,-15.530842173827743,0.9827937232473296,False,56.30993247402024
340,5.666106210460661,862,630,1001.0,828.0,-0.18668933081424932,0.6120805182509012,-10.696510735778114,45.76614115373492,-0.1866893308142492,False,-10.696510735778109,0.6120805182509024,False,35.069630417956866
341,5.682771228726722,906,637,952.0,872.0,-0.08947598877991465,0.19330057864443415,-5.126596524849018,16.201903858611757,-0.08947598877991458,False,-5.126596524849014,0.19330057864443262,False,11.075307333762641
342,5.699436246992783,955,640,898.0,867.0,0.017389551289330653,-0.24601493218598205,0.9963478965049255,-15.09196520795885,0.01738955128933073,False,0.9963478965049298,-0.24601493218598236,False,-14.095617311453944
343,5.716101265258843,1002,636,858.0,819.0,0.12003420047965851,-0.6666928262542713,6.877453084711635,-45.076138260730055,0.12003420047965863,False,6.877453084711641,-0.6666928262542697,False,-38.19868517601834
344,5.732766283524905,1037,628,838.0,755.0,0.19825392873777856,-1.0027675648437602,11.359113388562095,-68.81346268672065,0.19825392873777847,False,11.35911338856209,-1.0027675648437615,False,-57.45434929815864
345,5.749431301790965,1065,620,834.0,689.0,0.26201641795422714,-1.2805314268658525,15.012434911913022,-88.3814812051916,0.26201641795422725,False,15.01243491191303,-1.2805314268658528,False,-73.3690462932786
346,5.766096320057026,1087,611,844.0,620.0,0.31407450139413756,-1.5337762109209665,17.99514338255977,-105.87404698589832,0.3140745013941375,False,17.995143382559768,-1.5337762109209656,False,-87.87890360333849
347,5.782761338323087,1104,604,862.0,560.0,0.35462883529577416,-1.750649826587375,20.318735556087862,-120.62358202485389,0.35462883529577427,False,20.31873555608787,-1.7506498265873738,False,-100.30484646876597
348,5.799426356589148,1116,597,888.0,503.0,0.38504617258526574,-1.9618444820652081,22.06152060680163,-134.466929490167,0.38504617258526563,False,22.061520606801622,-1.9618444820652066,False,-112.40540888336527
349,5.816091374855208,1125,592,920.0,456.0,0.4078174654740793,-2.1565441427318435,23.36621958338691,-146.92709729557976,0.4078174654740794,False,23.366219583386915,-2.1565441427318426,False,-123.56087771219279
350,5.832756393121269,1130,589,953.0,417.0,0.42071695981223095,-2.341868822702168,24.1053061668159,-158.28450588092102,0.4207169598122311,False,24.10530616681591,-2.3418688227021676,False,-134.17919971410507
351,5.84942141138733,1132,588,,,0.4257037911911736,,24.39103055797272,,0.4257037911911734,False,24.39103055797271,-2.5559718105726255,True,-146.44639730022297
352,5.86608642965339,1132,588,1042.0,357.0,0.4257037911911736,-2.7700747984430842,24.39103055797272,176.89537455568637,0.4257037911911734,False,24.39103055797271,-2.7700747984430834,False,-158.71359488634087
353,5.882751447919452,1129,590,1076.0,348.0,0.41777163608367024,-2.92598849671898,23.936551547869637,168.4166566863045,0.4177716360836703,False,23.93655154786964,-2.925988496718979,False,-167.64679176582584
354,5.899416466185512,1124,593,1123.0,345.0,0.40489178628508343,-3.1375604173786997,23.19859051364819,157.03243960324727,0.4048917862850834,False,23.198590513648185,-3.137560417378701,False,-179.7689698831046
355,5.916081484451573,1117,596,1167.0,354.0,0.38794425647867853,2.9378479727059363,22.227568582569024,146.09872110454617,0.38794425647867836,False,22.227568582569013,2.937847972705935,False,168.32628968711515
356,5.932746502717634,1109,601,1211.0,375.0,0.3673329934539913,2.7176353810858975,21.046630200820395,134.66240739082863,0.3673329934539913,False,21.046630200820395,2.7176353810858984,False,155.7090375916491
357,5.949411520983695,1101,605,1254.0,412.0,0.3476370029359983,2.471290490076983,19.918133070809713,121.67638196141826,0.3476370029359983,False,19.918133070809713,2.4712904900769814,False,141.5945150322279
358,5.966076539249755,1092,609,1288.0,461.0,0.32594047401193976,2.2175547530581867,18.67501353337764,108.38151465603195,0.3259404740119396,False,18.67501353337763,2.217554753058188,False,127.05652818940966
359,5.982741557515816,1085,612,1311.0,523.0,0.3091989123270746,1.9459510730408123,17.715792706376938,93.7789909178154,0.30919891232707464,False,17.71579270637694,1.9459510730408134,False,111.4947836241924
360,5.999406575781877,1078,615,1320.0,600.0,0.29251097920226604,1.6327006012046688,16.759644569528845,76.78720908797082,0.292510979202266,False,16.75964456952884,1.632700601204668,False,93.54685365749961
361,6.016071594047937,1075,616,1305.0,687.0,0.28555467076960855,1.2713810851414065,16.361077455346305,56.48369287601905,0.2855546707696086,False,16.361077455346308,1.2713810851414067,False,72.84477033136538
362,6.0327366123139985,1076,615,1261.0,765.0,0.28829024394699204,0.8894981015070477,16.51781425295957,34.44667284829354,0.2882902439469919,False,16.517814252959564,0.8894981015070478,False,50.96448710125313
363,6.049401630580059,1080,614,1191.0,822.0,0.29736514522392365,0.49020682724655507,17.037767795625633,11.049014494100614,0.29736514522392365,False,17.037767795625633,0.4902068272465563,False,28.086782289726326
364,6.06606664884612,1082,613,1100.0,848.0,0.30222723332575485,0.07644647637726203,17.316344923481335,-12.936284468417664,0.30222723332575496,False,17.316344923481342,0.07644647637726365,False,4.380060455063754
365,6.0827316671121805,1080,614,1011.0,841.0,0.29736514522392365,-0.2950902060220442,17.037767795625633,-33.9451911763347,0.29736514522392365,False,17.037767795625633,-0.2950902060220457,False,-16.90742338070917
366,6.099396685378242,1070,618,934.0,815.0,0.27377070446322926,-0.604223660410364,15.685905920066407,-50.30537154352615,0.2737707044632294,False,15.685905920066412,-0.6042236604103657,False,-34.61946562345984
367,6.116061703644302,1053,624,865.0,775.0,0.2343520705846013,-0.8941123818351138,13.427384564649621,-64.65625045419118,0.23435207058460117,False,13.427384564649614,-0.8941123818351144,False,-51.22886588954159
368,6.1327267219103625,1030,630,812.0,732.0,0.18239454201689326,-1.1331651512544636,10.450437463789546,-75.37601812197387,0.1823945420168931,False,10.450437463789536,-1.1331651512544632,False,-64.9255806581843
369,6.149391740176424,1001,636,767.0,693.0,0.11787210319721633,-1.3318598862087332,6.753574035530993,-83.06352441806548,0.1178721031972163,False,6.753574035530991,-1.3318598862087327,False,-76.30995038253447
370,6.166056758442484,968,639,729.0,656.0,0.04571975139628839,-1.4997862155542174,2.619548795394677,-88.55096911854928,0.045719751396288366,False,2.619548795394676,-1.4997862155542165,False,-85.93142032315455
371,6.182721776708545,934,639,695.0,626.0,-0.028314870681310483,-1.6251360840076652,-1.6223225874978044,-91.4911161605594,-0.028314870681310556,False,-1.6223225874978087,-1.6251360840076643,False,-93.11343874805716
372,6.199386794974606,899,637,662.0,604.0,-0.10464912235417742,-1.7091472969720218,-5.995953040642524,-91.93097364204708,-0.10464912235417723,False,-5.9959530406425126,-1.70914729697202,False,-97.9269266826895
373,6.216051813240667,865,630,630.0,587.0,-0.18024458307328312,-1.7517730009559556,-10.32725389019428,-90.0419457295487,-0.18024458307328306,False,-10.327253890194276,-1.7517730009559571,False,-100.36919961974307
374,6.232716831506727,833,621,599.0,578.0,-0.2529657137305685,-1.752529523621672,-14.493867758276153,-85.91867741731836,-0.25296571373056853,False,-14.493867758276156,-1.7525295236216714,False,-100.41254517559447
375,6.249381849772789,803,609,568.0,574.0,-0.32384698738404083,-1.7186456920536521,-18.555065585131956,-79.91607904788287,-0.32384698738404083,False,-18.555065585131956,-1.7186456920536521,False,-98.47114463301483
376,6.266046868038849,775,595,538.0,578.0,-0.39290756028342394,-1.642403641646163,-22.511944943022158,-71.59085198021987,-0.3929075602834238,False,-22.51194494302215,-1.6424036416461618,False,-94.10279692324195
377,6.282711886304909,750,580,513.0,587.0,-0.4576296274886475,-1.5412690460310805,-26.220246235243543,-62.08796519649197,-0.45762962748864755,False,-26.220246235243547,-1.5412690460310792,False,-88.30821143173544
378,6.299376904570971,728,564,493.0,604.0,-0.518304363603578,-1.402199387185467,-29.696652537699055,-50.643454383858625,-0.518304363603578,False,-29.696652537699055,-1.4021993871854654,False,-80.34010692155758
379,6.316041922837031,707,546,482.0,624.0,-0.5803981873938742,-1.2370941502573463,-33.25436657471205,-37.625907095356794,-0.5803981873938744,False,-33.254366574712066,-1.2370941502573451,False,-70.88027367006877
380,6.332706941103092,690,529,482.0,645.0,-0.6347334515977647,-1.0620665024793434,-36.36754789232324,-24.484380261963736,-0.6347334515977647,False,-36.36754789232324,-1.0620665024793432,False,-60.851928154286945
381,6.349371959369153,675,513,493.0,666.0,-0.6849113143943804,-0.8717500535547348,-39.242527655555826,-10.705071203433974,-0.6849113143943804,False,-39.242527655555826,-0.8717500535547344,False,-49.94759885898977
382,6.366036977635214,664,499,513.0,683.0,-0.7256686311549844,-0.6872074879560368,-41.577749890216246,2.203661180547991,-0.7256686311549845,False,-41.57774989021625,-0.6872074879560373,False,-39.374088709668285
383,6.382701995901274,657,490,537.0,696.0,-0.7520771675192011,-0.5274705837654604,-43.09084756700362,12.869009299940975,-0.7520771675192011,False,-43.09084756700362,-0.5274705837654601,False,-30.22183826706262
384,6.3993670141673356,653,484,564.0,707.0,-0.7686773138546436,-0.37973298206161465,-44.04196589132404,22.284868677276524,-0.7686773138546434,False,-44.04196589132403,-0.3797329820616149,False,-21.75709721404753
385,6.416032032433396,652,484,593.0,717.0,-0.7703742521519011,-0.24800589908633625,-44.139193293851015,29.92950198185655,-0.770374252151901,False,-44.13919329385101,-0.24800589908633697,False,-14.209691311994508
386,6.432697050699457,655,488,620.0,727.0,-0.7587378150228503,-0.14540992071629685,-43.47247455778707,35.14109980141133,-0.7587378150228501,False,-43.47247455778706,-0.14540992071629688,False,-8.331374756375729
387,6.449362068965518,662,497,646.0,739.0,-0.73229199808531,-0.0660196174786768,-41.957240861490426,38.174595414894114,-0.73229199808531,False,-41.957240861490426,-0.0660196174786769,False,-3.782645446596308
388,6.466027087231578,672,509,671.0,753.0,-0.6962312580674133,-0.004098337709848645,-39.89111265234643,39.656295198552776,-0.6962312580674133,False,-39.89111265234643,-0.004098337709848465,False,-0.23481745379362842
389,6.482692105497639,685,525,694.0,769.0,-0.6495028834504079,0.03686853182173346,-37.21377400328577,39.32618527351488,-0.649502883450408,False,-37.21377400328578,0.03686853182173522,False,2.1124112702292
390,6.4993571237637,704,544,715.0,787.0,-0.5886363170242062,0.045236607779168096,-33.72637663361174,36.318243338846735,-0.5886363170242062,False,-33.72637663361174,0.045236607779166604,False,2.5918667052349145
391,6.516022142029761,728,564,736.0,807.0,-0.518304363603578,0.03290992437495586,-29.696652537699055,31.582252308478736,-0.518304363603578,False,-29.696652537699055,0.032909924374955324,False,1.885599770779654
392,6.532687160295821,756,584,755.0,826.0,-0.4416291459459121,-0.004132207885452554,-25.303486172667835,25.066728100760717,-0.44162914594591207,False,-25.30348617266783,-0.004132207885451322,False,-0.2367580719070391
393,6.5493521785618825,791,604,772.0,842.0,-0.3525531338101769,-0.07966298504578714,-20.199806621434103,15.635453794896698,-0.35255313381017706,False,-20.199806621434114,-0.07966298504578617,False,-4.5643528265373385
394,6.566017196827943,830,620,791.0,854.0,-0.25989497816981644,-0.16514867741462683,-14.890885365775146,5.428563157749518,-0.2598949781698163,False,-14.890885365775139,-0.1651486774146278,False,-9.462322208025673
395,6.582682215094004,873,632,812.0,860.0,-0.16227718494798268,-0.26142116885694905,-9.297797808783297,-5.680531842096727,-0.1622771849479827,False,-9.297797808783299,-0.2614211688569483,False,-14.978329650879974
396,6.5993472333600645,917,638,835.0,858.0,-0.06540874400548731,-0.35677665496721434,-3.747644974766046,-16.694151583650516,-0.06540874400548713,False,-3.7476449747660356,-0.3567766549672129,False,-20.441796558416478
397,6.616012251626125,961,640,866.0,852.0,0.03042539082495181,-0.4212837605930887,1.7432464843057967,-25.881027943689563,0.03042539082495166,False,1.7432464843057882,-0.4212837605930879,False,-24.137781459383724
398,6.632677269892186,1001,636,900.0,846.0,0.11787210319721633,-0.4482937292584039,6.753574035530993,-32.43891270421793,0.1178721031972163,False,6.753574035530991,-0.4482937292584026,False,-25.685338668686857
399,6.6493422881582465,1038,628,938.0,839.0,0.2003985538258785,-0.44257793044999155,11.481991354748095,-36.839838875167096,0.20039855382587834,False,11.481991354748086,-0.4425779304499926,False,-25.35784752041906
400,6.666007306424308,1071,617,982.0,833.0,0.2764853277633808,-0.3908398725642596,15.841442378132966,-38.23491754149599,0.276485327763381,False,15.841442378132975,-0.39083987256426056,False,-22.393475163363068
401,6.682672324690368,1099,606,1030.0,829.0,0.3427264984306649,-0.30007373343394766,19.63678188737413,-36.82974035587304,0.34272649843066505,False,19.636781887374138,-0.3000737334339476,False,-17.1929584684989
402,6.699337342956429,1122,593,1079.0,823.0,0.4007934485752348,-0.18482287784652188,22.963773059854553,-33.55334391792221,0.4007934485752349,False,22.963773059854557,-0.1848228778465213,False,-10.589570858067631
403,6.71600236122249,1141,582,1133.0,816.0,0.4496204729566421,-0.03417472361619509,25.76135548309156,-27.71942291232561,0.4496204729566422,False,25.761355483091563,-0.034174723616196445,False,-1.958067429234119
404,6.732667379488551,1155,572,1187.0,805.0,0.48783643865964244,0.13648520124556013,27.95096902789018,-20.130943030525902,0.48783643865964255,False,27.95096902789019,0.1364852012455593,False,7.820025997364234
405,6.749332397754611,1165,564,1238.0,789.0,0.5163371328704748,0.31372933605498354,29.583938519363816,-11.608571653971776,0.5163371328704747,False,29.58393851936381,0.3137293360549833,False,17.975366865392033
406,6.765997416020672,1170,560,1289.0,764.0,0.5306883944415277,0.5280744484263596,30.406205238073433,-0.14976807454417607,0.5306883944415279,False,30.406205238073447,0.5280744484263593,False,30.256437163529245
407,6.782662434286733,1172,559,1331.0,734.0,0.5357502735028181,0.7375305651068033,30.69622954469102,11.561159097827396,0.5357502735028179,False,30.696229544691004,0.7375305651068018,False,42.25738864251832
408,6.799327452552793,1171,559,1363.0,698.0,0.5337970805279163,0.9441712528485336,30.584319830654543,23.512708095145744,0.5337970805279162,False,30.584319830654536,0.944171252848534,False,54.097027925800305
409,6.815992470818855,1168,562,1385.0,657.0,0.5244861421832759,1.1581441641483134,30.050842360200125,36.305930313204655,0.5244861421832758,False,30.050842360200118,1.1581441641483146,False,66.35677267340485
410,6.832657489084915,1164,564,1395.0,621.0,0.5143654982476019,1.3288757581104917,29.47097217673133,46.66800026024752,0.514365498247602,False,29.470972176731337,1.3288757581104917,False,76.13897243697885
411,6.849322507350976,1158,569,1397.0,585.0,0.4970022715120406,1.5039504623875,28.476132566054954,57.69388152549743,0.49700227151204057,False,28.476132566054954,1.5039504623875004,False,86.17001409155243
412,6.865987525617037,1152,574,1390.0,556.0,0.47975900433319046,1.64628287172882,27.488166131690388,66.83689430304808,0.4797590043331903,False,27.488166131690377,1.6462828717288218,False,94.32506043473856
413,6.882652543883098,1143,580,1380.0,534.0,0.4556156532112245,1.7625055141412067,26.104854009099295,74.87927331972709,0.45561565321122455,False,26.1048540090993,1.762505514141207,False,100.98412732882639
414,6.899317562149158,1133,586,1365.0,517.0,0.42959264381417656,1.859878768789623,24.61384540041917,81.9493584572141,0.4295926438141766,False,24.613845400419173,1.859878768789624,False,106.56320385763333
415,6.915982580415219,1121,594,1348.0,509.0,0.39787435761716944,1.9290841385805424,22.796521467942608,87.73185799835248,0.3978743576171695,False,22.79652146794261,1.9290841385805422,False,110.52837946629509
416,6.93264759868128,1107,601,1331.0,506.0,0.36318852094656756,1.9719104731976338,20.809169417837015,92.17297827403246,0.36318852094656773,False,20.809169417837026,1.9719104731976351,False,112.98214769186953
417,6.94931261694734,1089,609,1312.0,511.0,0.3196511872919141,1.9848522770152353,18.31466394817249,95.40899448173181,0.3196511872919139,False,18.31466394817248,1.9848522770152357,False,113.72365842990435
418,6.9659776352134015,1069,617,1294.0,521.0,0.2722446315824586,1.9740778085137327,15.598468384768877,97.50785847350268,0.2722446315824585,False,15.59846838476887,1.9740778085137336,False,113.10632685827163
419,6.982642653479462,1048,625,1277.0,539.0,0.22318519755490365,1.930045465928478,12.787569869689479,97.79588959637286,0.2231851975549035,False,12.787569869689472,1.9300454659284796,False,110.58345946606241
420,6.999307671745523,1024,631,1258.0,564.0,0.16910122600137703,1.8496603198258783,9.688786560366802,96.28894329847402,0.16910122600137711,False,9.688786560366808,1.8496603198258796,False,105.97772985884093
421,7.0159726900115835,998,636,1238.0,595.0,0.11137924270907854,1.7399962987226831,6.381560532593445,93.31288375260074,0.11137924270907851,False,6.381560532593444,1.7399962987226836,False,99.69444428519421
422,7.032637708277645,973,639,1216.0,630.0,0.0565844121547924,1.6078164426688266,3.2420480026983607,88.87904839396312,0.056584412154792485,False,3.2420480026983656,1.6078164426688275,False,92.1210963966615
423,7.049302726543705,947,639,1187.0,674.0,0.0,1.4259838285559576,0.0,81.70285503016314,0.0,False,0.0,1.4259838285559567,False,81.70285503016308
424,7.0659677448097655,924,638,1149.0,724.0,-0.05017618946781854,1.2057089281011195,-2.8748838885547743,71.95691678999134,-0.05017618946781832,False,-2.874883888554762,1.2057089281011208,False,69.08203290143665
425,7.082632763075827,904,636,1102.0,774.0,-0.09402022244739168,0.9621070194674849,-5.386961935116707,60.51163359051453,-0.09402022244739161,False,-5.386961935116703,0.962107019467485,False,55.124671655397826
426,7.099297781341887,889,634,1040.0,819.0,-0.12706501501269232,0.6845509610689183,-7.280289083993715,46.50217001486707,-0.1270650150126924,False,-7.280289083993719,0.6845509610689184,False,39.221880930873354
427,7.115962799607948,879,632,961.0,855.0,-0.14932266069369737,0.3523668169245701,-8.55555824341289,28.7446896936497,-0.14932266069369726,False,-8.555558243412882,0.35236681692456884,False,20.18913145023674
428,7.132627817874009,874,632,874.0,869.0,-0.160121789775487,0.0,-9.174302762216422,9.17430276221642,-0.16012178977548697,False,-9.17430276221642,0.0,False,0.0
429,7.14929283614007,873,632,792.0,853.0,-0.16227718494798268,-0.35131183296192064,-9.297797808783297,-10.830887512939716,-0.1622771849479827,False,-9.297797808783299,-0.3513118329619189,False,-20.128685321722912
430,7.16595785440613,871,631,718.0,812.0,-0.16694594363187668,-0.7017613914108175,-9.565297976935476,-30.6426679761326,-0.16694594363187676,False,-9.565297976935481,-0.7017613914108161,False,-40.20796595306798
431,7.182622872672192,866,630,667.0,758.0,-0.17809293823119754,-0.9992049109586021,-10.203973721731684,-47.04625054494144,-0.17809293823119754,False,-10.203973721731684,-0.9992049109586034,False,-57.25022426667319
432,7.199287890938252,858,628,630.0,698.0,-0.19610745407882738,-1.272913917941948,-11.23612944977241,-61.69646573176321,-0.19610745407882746,False,-11.236129449772415,-1.272913917941949,False,-72.93259518153567
433,7.215952909204313,846,625,608.0,639.0,-0.22318519755490365,-1.512040504079174,-12.787569869689479,-73.84596946688072,-0.2231851975549035,False,-12.787569869689472,-1.5120405040791738,False,-86.6335393365702
434,7.232617927470374,834,621,598.0,587.0,-0.2508390115940297,-1.7138796204630529,-14.372016701571027,-83.82605214444526,-0.25083901159402977,False,-14.372016701571031,-1.7138796204630538,False,-98.19806884601634
435,7.249282945736434,820,616,593.0,540.0,-0.2834417794422321,-1.893867884386145,-16.24001769971784,-92.27061903097841,-0.2834417794422319,False,-16.24001769971783,-1.8938678843861467,False,-108.51063673069635
436,7.265947964002495,806,610,593.0,501.0,-0.316858909276123,-2.0437894581031926,-18.154678202640497,-98.94583196000202,-0.31685890927612315,False,-18.154678202640508,-2.0437894581031912,False,-117.10051016264245
437,7.282612982268556,794,605,596.0,470.0,-0.34555558058171215,-2.169215220273434,-19.798876354524932,-104.48800062268405,-0.3455555805817121,False,-19.79887635452493,-2.1692152202734327,False,-124.2868769772089
438,7.299278000534617,783,599,599.0,445.0,-0.37307770650241867,-2.267669071468329,-21.37577801300902,-108.55208911447649,-0.37307770650241867,False,-21.37577801300902,-2.2676690714683296,False,-129.92786712748554
439,7.315943018800677,775,595,602.0,427.0,-0.39290756028342394,-2.341532784272019,-22.511944943022158,-111.64800118728118,-0.3929075602834238,False,-22.51194494302215,-2.341532784272019,False,-134.15994613030335
440,7.332608037066739,769,591,603.0,416.0,-0.40870296689424473,-2.382581326285247,-23.41695507751523,-113.09489926531153,-0.40870296689424457,False,-23.416955077515222,-2.3825813262852478,False,-136.5118543428268
441,7.349273055332799,765,589,603.0,410.0,-0.41867794714847856,-2.406006622934491,-23.98847934680916,-113.86554562786125,-0.4186779471484785,False,-23.988479346809157,-2.406006622934491,False,-137.8540249746704
442,7.36593807359886,764,588,601.0,409.0,-0.4216303109589769,-2.4029440287832573,-24.157637332737878,-113.52091392270538,-0.42163031095897674,False,-24.15763733273787,-2.4029440287832564,False,-137.6785512554432
443,7.382603091864921,765,589,598.0,414.0,-0.41867794714847856,-2.3795820379713875,-23.98847934680916,-112.35152843409054,-0.4186779471484785,False,-23.988479346809157,-2.379582037971389,False,-136.34000778089978
444,7.399268110130981,769,591,593.0,425.0,-0.40870296689424473,-2.326963052820125,-23.41695507751523,-109.90820693195558,-0.40870296689424457,False,-23.416955077515222,-2.326963052820126,False,-133.3251620094709
445,7.415933128397042,775,594,588.0,440.0,-0.3937616073661636,-2.2597207150097582,-22.560878236368602,-106.91158161197524,-0.3937616073661636,False,-22.560878236368602,-2.2597207150097596,False,-129.47245984834393
446,7.432598146663103,783,599,583.0,463.0,-0.37307770650241867,-2.167972984887574,-21.37577801300902,-102.83992411942837,-0.37307770650241867,False,-21.37577801300902,-2.167972984887573,False,-124.21570213243734
447,7.449263164929164,793,604,578.0,494.0,-0.3483922157232353,-2.043702930457826,-19.9614035761527,-97.13414891759912,-0.3483922157232353,False,-19.9614035761527,-2.043702930457826,False,-117.09555249375181
448,7.465928183195224,804,609,576.0,531.0,-0.3217505543966422,-1.9004207342156394,-18.43494882292201,-90.45113854678729,-0.32175055439664213,False,-18.434948822922006,-1.9004207342156398,False,-108.88608736970933
449,7.4825932014612855,815,614,579.0,576.0,-0.29525745185327623,-1.730442996455558,-16.917005860979835,-82.23007452389531,-0.295257451853276,False,-16.91700586097982,-1.730442996455558,False,-99.14708038487515
450,7.499258219727346,827,618,589.0,629.0,-0.26741079718387356,-1.5246107071360189,-15.321510074864795,-72.03224884448507,-0.2674107971838735,False,-15.321510074864792,-1.52461070713602,False,-87.35375891934993
451,7.515923237993407,837,621,610.0,688.0,-0.2444450452479506,-1.2837911419237478,-14.00566941559201,-59.55014479291923,-0.24444504524795052,False,-14.005669415592005,-1.2837911419237464,False,-73.55581420851115
452,7.5325882562594675,846,624,644.0,747.0,-0.2236712862350292,-1.0238504507310606,-12.815420699529758,-45.84688897992705,-0.22367128623502897,False,-12.815420699529744,-1.0238504507310608,False,-58.66230967945682
453,7.549253274525528,853,626,696.0,804.0,-0.2077222151319205,-0.7227935143402592,-11.901606238167568,-29.511411592957835,-0.20772221513192068,False,-11.901606238167581,-0.7227935143402604,False,-41.413017831125465
454,7.565918292791589,857,628,767.0,846.0,-0.19825392873777856,-0.3915295526610869,-11.359113388562095,-11.0738775335633,-0.19825392873777847,False,-11.35911338856209,-0.3915295526610869,False,-22.43299092212539
455,7.5825833110576495,861,628,844.0,864.0,-0.18965710727177423,-0.07190969295698986,-10.866551801332578,6.746429888815435,-0.1896571072717741,False,-10.866551801332571,-0.07190969295698935,False,-4.12012191251711
456,7.599248329323711,868,630,920.0,862.0,-0.17378466278889326,0.2204937613666717,-9.95712772190779,22.590489657182793,-0.17378466278889348,False,-9.957127721907803,0.2204937613666722,False,12.63336193527504
457,7.615913347589771,878,632,994.0,843.0,-0.1514853781393879,0.5026612604204073,-8.67947282533027,37.47984157214598,-0.1514853781393879,False,-8.67947282533027,0.5026612604204068,False,28.800368746815682
458,7.632578365855832,893,635,1054.0,816.0,-0.11812876206342231,0.7269851586319571,-6.768279505339208,48.421460863599,-0.11812876206342215,False,-6.7682795053391995,0.7269851586319582,False,41.65318135825986
459,7.649243384121893,912,637,1104.0,785.0,-0.07643721926085405,0.9140946646754624,-4.379530061363023,56.75329642269326,-0.07643721926085423,False,-4.379530061363033,0.9140946646754635,False,52.373766361330276
460,7.665908402387954,934,638,1149.0,753.0,-0.028376660396571378,1.079632728508636,-1.625862877399569,63.484261645137856,-0.028376660396571385,False,-1.6258628773995694,1.079632728508635,False,61.858398767738215
461,7.682573420654014,957,639,1184.0,725.0,0.02178304636078779,1.2086505488000436,1.2480766214109476,68.0024987310023,0.02178304636078776,False,1.2480766214109458,1.208650548800044,False,69.25057535241328
462,7.699238438920075,982,637,1216.0,701.0,0.07643721926085405,1.3038212119709955,4.379530061363023,70.3239226242069,0.07643721926085423,False,4.379530061363033,1.3038212119709947,False,74.70345268556989
463,7.715903457186136,1007,633,1244.0,683.0,0.13168385355563755,1.3628748399132904,7.544929038756831,70.54204729284244,0.1316838535556375,False,7.544929038756828,1.3628748399132888,False,78.08697633159916
464,7.732568475452196,1031,629,1268.0,670.0,0.18494450730644865,1.3994959839867276,10.596539712785924,69.58867361516184,0.18494450730644862,False,10.596539712785923,1.3994959839867285,False,80.18521332794778
465,7.749233493718258,1054,622,1291.0,661.0,0.2375121352138771,1.407701034584656,13.608442930895698,67.04688516700459,0.23751213521387715,False,13.6084429308957,1.4077010345846546,False,80.65532809790024
466,7.765898511984318,1075,615,1312.0,656.0,0.28617589722383185,1.3994959839867276,16.396671109295177,63.78854221865254,0.28617589722383174,False,16.39667110929517,1.3994959839867285,False,80.18521332794778
467,7.782563530250379,1093,607,1328.0,656.0,0.3294588810483856,1.3652310140723551,18.876603407175118,59.34537175953632,0.3294588810483856,False,18.876603407175118,1.3652310140723536,False,78.22197516671136
468,7.79922854851644,1111,598,1341.0,661.0,0.37388943481085557,1.3034409312730162,21.42228661919375,53.25937758735166,0.37388943481085546,False,21.42228661919374,1.3034409312730162,False,74.68166420654542
469,7.815893566782501,1125,590,1350.0,670.0,0.4095921041965272,1.2291808361470895,23.467898892343662,46.958975277246154,0.40959210419652736,False,23.467898892343673,1.2291808361470906,False,70.42687416958988
470,7.832558585048561,1138,583,1354.0,681.0,0.4425875335537144,1.1448666702609547,25.358397737732545,40.23763057341583,0.4425875335537146,False,25.358397737732556,1.144866670260953,False,65.59602831114827
471,7.849223603314622,1148,575,1352.0,696.0,0.4707110636769227,1.0354382438957448,26.969757318801417,32.35648400286233,0.47071106367692295,False,26.96975731880143,1.0354382438957437,False,59.32624132166369
472,7.865888621580683,1156,570,1344.0,713.0,0.49195147410228807,0.9205214012016899,28.186743191300526,24.55524804902508,0.4919514741022879,False,28.186743191300515,0.9205214012016896,False,52.741991240325596
473,7.882553639846743,1162,566,1331.0,730.0,0.5081976466184256,0.8004120501833142,29.11758030971664,16.742652037200713,0.5081976466184255,False,29.117580309716633,0.800412050183315,False,45.8602323469174
474,7.8992186581128045,1164,563,1312.0,747.0,0.5154831269662883,0.677386438697402,29.535007585374675,9.276376451383713,0.5154831269662883,False,29.535007585374675,0.6773864386974005,False,38.81138403675831
475,7.915883676378865,1164,564,1289.0,764.0,0.5143654982476019,0.5585993153435624,29.47097217673133,2.5344110313521595,0.514365498247602,False,29.470972176731337,0.5585993153435638,False,32.00538320808357
476,7.932548694644926,1161,566,1264.0,779.0,0.5062182229295715,0.45041586707721765,29.004167686477086,-3.197239477227017,0.5062182229295713,False,29.00416768647707,0.4504158670772185,False,25.806928209250106
477,7.9492137129109866,1154,571,1236.0,793.0,0.48689923181126904,0.3538251121739431,27.89727103094763,-7.624585417637767,0.48689923181126904,False,27.89727103094763,0.3538251121739435,False,20.27268561330989
478,7.965878731177048,1144,578,1206.0,807.0,0.45961943340660155,0.2644036224206001,26.334253716392467,-11.185042063721502,0.4596194334066017,False,26.334253716392475,0.2644036224206019,False,15.149211652671076
479,7.982543749443108,1131,587,1177.0,820.0,0.424589326595801,0.19491827342292004,24.327176440241114,-13.159182023130793,0.4245893265958012,False,24.327176440241125,0.19491827342292112,False,11.167994417110382
480,7.999208767709169,1113,598,1147.0,832.0,0.37802909068540413,0.14428939453774245,21.65947142944192,-13.39229809393128,0.37802909068540425,False,21.659471429441925,0.14428939453774348,False,8.267173335510694
481,8.015873785975229,1091,608,1116.0,844.0,0.32455166751873477,0.10553860603552644,18.59544078275663,-12.54852408122704,0.324551667518735,False,18.59544078275664,0.10553860603552678,False,6.046916701529602
482,8.032538804241291,1066,618,1086.0,854.0,0.2652858658766935,0.08454375551299814,15.19976047920816,-10.355760104127487,0.26528586587669345,False,15.199760479208157,0.08454375551299975,False,4.844000375080772
483,8.049203822507351,1038,627,1055.0,863.0,0.20083492719954302,0.07190969295698986,11.506993707350956,-7.386871794833813,0.20083492719954288,False,11.506993707350949,0.07190969295698935,False,4.12012191251711
484,8.065868840773412,1007,634,1022.0,870.0,0.13139713165507363,0.06347394017680681,7.528501083960549,-3.8917122027636566,0.13139713165507372,False,7.5285010839605535,0.06347394017680585,False,3.636788881196846
485,8.082533859039472,975,638,990.0,874.0,0.0610593763581379,0.06347394017680681,3.4984445650221807,0.13834431617472523,0.06105937635813774,False,3.4984445650221714,0.06347394017680585,False,3.636788881196846
486,8.099198877305534,941,639,957.0,874.0,-0.013071150950181746,0.06798019333723407,-0.7489217828238298,4.643899951530705,-0.013071150950181742,False,-0.7489217828238296,0.0679801933372346,False,3.8949781687069014
487,8.115863895571595,908,637,921.0,872.0,-0.08513290044814961,0.055262822949821336,-4.877755893386367,8.044082412389846,-0.08513290044814958,False,-4.877755893386366,0.0552628229498211,False,3.1663265190034555
488,8.132528913837655,877,632,885.0,868.0,-0.15364666849011643,0.033885329904117606,-8.803305640729365,10.74479203164373,-0.15364666849011632,False,-8.803305640729358,0.03388532990411619,False,1.9414863909142963
489,8.149193932103715,848,625,847.0,861.0,-0.21890687116091093,-0.004237262776246715,-12.542439823934272,12.299662550167449,-0.218906871160911,False,-12.542439823934277,-0.0042372627762468085,False,-0.24277727376682823
490,8.165858950369776,822,616,807.0,852.0,-0.279208199033747,-0.06347394017680681,-15.997451410082373,12.360662528885474,-0.27920819903374694,False,-15.99745141008237,-0.06347394017680585,False,-3.636788881196846
491,8.182523968635838,799,607,768.0,841.0,-0.3336464243005496,-0.13171166687264657,-19.1165319620526,11.5700093376169,-0.3336464243005497,False,-19.11653196205261,-0.13171166687264702,False,-7.546522624435733
492,8.199188986901898,779,597,728.0,829.0,-0.3829846867843836,-0.21638584481804565,-21.943406170884934,9.54541051643815,-0.3829846867843836,False,-21.943406170884934,-0.21638584481804557,False,-12.397995654446786
493,8.215854005167959,763,588,688.0,813.0,-0.4236689218775161,-0.3217505543966422,-24.27444113443946,5.839492311517438,-0.42366892187751626,False,-24.27444113443947,-0.3217505543966439,False,-18.43494882292211
494,8.232519023434019,750,580,652.0,795.0,-0.4576296274886475,-0.42767828083120013,-26.220246235243543,1.716085754204993,-0.45762962748864755,False,-26.220246235243547,-0.4276782808311985,False,-24.504160481038454
495,8.249184041700081,739,572,617.0,776.0,-0.48783643865964244,-0.5389764998291462,-27.95096902789018,-2.9301096690534365,-0.48783643865964255,False,-27.95096902789019,-0.5389764998291469,False,-30.88107869694365
496,8.265849059966142,732,567,586.0,754.0,-0.507098504392337,-0.6628915955810121,-29.054604099077146,-8.92628660240787,-0.5070985043923368,False,-29.05460409907714,-0.6628915955810122,False,-37.98089070148501
497,8.282514078232202,728,564,560.0,732.0,-0.518304363603578,-0.7853981633974483,-29.696652537699055,-15.303347462300943,-0.518304363603578,False,-29.696652537699055,-0.7853981633974492,False,-45.00000000000005
498,8.299179096498262,725,562,539.0,708.0,-0.5264452546902202,-0.9053021487624722,-30.163091238439325,-21.70690106977494,-0.5264452546902203,False,-30.16309123843933,-0.9053021487624733,False,-51.86999230821432
499,8.315844114764325,724,561,524.0,687.0,-0.5295419184311851,-1.0086095828948674,-30.340517001367807,-27.448555274958427,-0.5295419184311854,False,-30.34051700136782,-1.0086095828948665,False,-57.789072276326195
500,8.332509133030385,726,562,514.0,668.0,-0.5244861421832759,-1.1071487177940904,-30.050842360200125,-33.38410646272189,-0.5244861421832758,False,-30.050842360200118,-1.1071487177940895,False,-63.43494882292195
501,8.349174151296445,730,565,509.0,651.0,-0.513252272866261,-1.19968669737435,-29.407189060733653,-39.32979543680504,-0.5132522728662607,False,-29.40718906073364,-1.19968669737435,False,-68.73698449753869
502,8.365839169562506,735,569,508.0,637.0,-0.49898642625345774,-1.2797437360136907,-28.589816258639026,-44.734098673249626,-0.4989864262534578,False,-28.58981625863903,-1.2797437360136925,False,-73.32391493188875
503,8.382504187828566,742,574,511.0,630.0,-0.47975900433319046,-1.332960399337446,-27.488166131690388,-48.884839008418076,-0.4797590043331903,False,-27.488166131690377,-1.3329603993374448,False,-76.3730051401084
504,8.399169206094628,751,580,518.0,626.0,-0.4556156532112245,-1.3758780533719766,-26.104854009099295,-52.727151573790366,-0.45561565321122455,False,-26.1048540090993,-1.3758780533719772,False,-78.83200558288972
505,8.415834224360689,761,587,528.0,628.0,-0.42866189017228035,-1.3966138437122493,-24.560517144972085,-55.45956170928337,-0.4286618901722803,False,-24.56051714497208,-1.3966138437122488,False,-80.02007885425543
506,8.432499242626749,774,594,540.0,635.0,-0.3958197495444111,-1.3973433420081949,-22.67880109682005,-57.38307493095506,-0.3958197495444109,False,-22.678801096820035,-1.3973433420081953,False,-80.06187602777514
507,8.44916426089281,788,602,556.0,649.0,-0.3603278971457573,-1.3709152708204868,-20.645267747275916,-57.90239134077223,-0.3603278971457575,False,-20.645267747275927,-1.3709152708204861,False,-78.54765908804812
508,8.465829279158871,804,609,575.0,668.0,-0.3217505543966422,-1.3186382998403725,-18.43494882292201,-57.117460462237716,-0.32175055439664213,False,-18.434948822922006,-1.318638299840373,False,-75.55240928515974
509,8.482494297424932,821,616,596.0,691.0,-0.28132628414588484,-1.2490457723982544,-16.118808747657365,-55.44624242942064,-0.281326284145885,False,-16.118808747657376,-1.2490457723982544,False,-71.56505117707799
510,8.499159315690992,839,622,625.0,721.0,-0.239648223207965,-1.1374999258658443,-13.7308317576255,-51.44311319093139,-0.23964822320796486,False,-13.730831757625493,-1.1374999258658427,False,-65.17394494855681
511,8.515824333957053,857,627,658.0,753.0,-0.1986858817144267,-1.0063464931453565,-11.383862471072147,-46.275544313947805,-0.19868588171442658,False,-11.38386247107214,-1.006346493145358,False,-57.659406785020046
512,8.532489352223113,875,631,696.0,785.0,-0.15830933121343224,-0.8603326658299877,-9.070456536068335,-40.22297419322897,-0.15830933121343227,False,-9.070456536068336,-0.8603326658299864,False,-49.293430729297235
513,8.549154370489175,892,634,744.0,818.0,-0.12055788776188422,-0.677386438697402,-6.907458155767844,-31.903925880990567,-0.12055788776188425,False,-6.907458155767846,-0.6773864386974005,False,-38.81138403675831
514,8.565819388755235,908,636,802.0,847.0,-0.08531869170238952,-0.46554154613022614,-4.888400948124756,-21.785164833132132,-0.08531869170238959,False,-4.888400948124761,-0.46554154613022547,False,-26.67356578125684
515,8.582484407021296,922,637,863.0,866.0,-0.05465012343495702,-0.2521580269545241,-3.1312214226920303,-11.316369292148249,-0.05465012343495701,False,-3.13122142269203,-0.2521580269545254,False,-14.447590714840356
516,8.599149425287356,935,638,929.0,874.0,-0.02619488032186981,-0.0254182532590757,-1.5008560872934316,0.044497452953751744,-0.026194880321869896,False,-1.5008560872934364,-0.025418253259076096,False,-1.4563586343397101
517,8.615814443553418,948,638,998.0,870.0,0.002183402643923857,0.212270495716091,0.1250997564745423,12.037103763207286,0.002183402643924026,False,0.125099756474552,0.21227049571609058,False,12.162203519681812
518,8.632479461819479,962,638,1057.0,856.0,0.03273938925534959,0.4109657038594954,1.8758288281674866,21.67077152760486,0.03273938925534958,False,1.8758288281674862,0.41096570385949605,False,23.54660035577237
519,8.649144480085539,977,637,1112.0,834.0,0.06555146114865315,0.6007777505596751,3.755822064733613,30.666207467699106,0.06555146114865318,False,3.7558220647336147,0.6007777505596756,False,34.422029532432745
520,8.6658094983516,994,635,1160.0,807.0,0.10293163851782576,0.7676485483409506,5.8975484654376364,38.085473503843176,0.10293163851782561,False,5.897548465437628,0.7676485483409508,False,43.983021969280834
521,8.68247451661766,1011,633,1198.0,782.0,0.14035146078080515,0.8980148856558342,8.041546351236033,43.41091653676647,0.14035146078080496,False,8.041546351236022,0.898014885655833,False,51.452462888002444
522,8.699139534883722,1028,629,1231.0,756.0,0.1784812207087725,1.011754337730803,10.226220668955612,47.7430327870731,0.1784812207087727,False,10.226220668955623,1.0117543377308031,False,57.969253456028724
523,8.715804553149782,1046,624,1258.0,735.0,0.2193842533342031,1.088459305347185,12.569791807678698,49.79433256045637,0.2193842533342032,False,12.569791807678701,1.088459305347186,False,62.364124368135116
524,8.732469571415843,1062,619,1280.0,719.0,0.256202136257891,1.140718191739034,14.679301109812798,50.67903689062885,0.25620213625789123,False,14.67930110981281,1.1407181917390332,False,65.3583380004416
525,8.749134589681903,1078,613,1299.0,705.0,0.2937858184267767,1.1763265438450003,16.832687476651035,50.56585881487828,0.29378581842677676,False,16.83268747665104,1.1763265438450006,False,67.39854629152931
526,8.765799607947965,1092,607,1314.0,696.0,0.3273605937185548,1.189513552323006,18.756380398970038,49.397725822752214,0.32736059371855486,False,18.75638039897004,1.1895135523230067,False,68.1541062217223
527,8.782464626214026,1104,601,1325.0,691.0,0.3569472807831406,1.1840643491807454,20.45157269754511,47.3903171824162,0.35694728078314064,False,20.451572697545114,1.184064349180744,False,67.84188987996123
528,8.799129644480086,1115,595,1333.0,690.0,0.3846540099025246,1.1598306229354012,22.039051340198032,44.41434830402963,0.3846540099025244,False,22.03905134019802,1.1598306229354023,False,66.45339964422773
529,8.815794662746146,1123,591,1337.0,693.0,0.4045981005372862,1.1260144038157613,23.181763559796263,41.334109449786446,0.40459810053728607,False,23.181763559796256,1.1260144038157627,False,64.51587300958278
530,8.832459681012207,1129,587,1337.0,699.0,0.42050171120340823,1.0768549578753155,24.092973329984297,37.60627090400932,0.4205017112034084,False,24.092973329984307,1.076854957875316,False,61.69924423399365
531,8.849124699278269,1133,585,1334.0,709.0,0.4305271948067609,1.018031774680088,24.667391228034013,33.661532871348214,0.43052719480676105,False,24.66739122803402,1.0180317746800895,False,58.32892409938231
532,8.86578971754433,1135,584,1327.0,722.0,0.43554256154035026,0.9475969968608307,24.954750574579,29.338558024818102,0.4355425615403501,False,24.954750574578988,0.9475969968608311,False,54.29330859939714
533,8.88245473581039,1134,584,1315.0,736.0,0.43350598661318646,0.872266086107955,24.83806342659035,25.139101919790328,0.4335059866131865,False,24.838063426590352,0.8722660861079561,False,49.97716534638073
534,8.89911975407645,1132,586,1298.0,753.0,0.4275549645730508,0.7823951694214506,24.49709497990124,20.330846139370884,0.427554964573051,False,24.497094979901252,0.7823951694214522,False,44.82794111927221
535,8.915784772342512,1127,588,1278.0,770.0,0.41549209594089065,0.6925726055164151,23.805943518457717,15.875543784011755,0.41549209594089076,False,23.805943518457724,0.6925726055164141,False,39.68148730246941
536,8.932449790608572,1120,593,1254.0,787.0,0.39668082712225794,0.6044717026433267,22.728137207864016,11.905540188685485,0.3966808271222577,False,22.728137207864005,0.6044717026433268,False,34.633677396549515
537,8.949114808874633,1109,599,1226.0,803.0,0.36893186301233033,0.5207283914070707,21.13823867850517,8.697300421756388,0.3689318630123304,False,21.138238678505175,0.5207283914070722,False,29.835539100261638
538,8.965779827140693,1096,605,1195.0,820.0,0.3371987635911148,0.43152255892362384,19.320066010800485,5.404355380208533,0.33719876359111467,False,19.320066010800478,0.4315225589236249,False,24.724421391009088
539,8.982444845406754,1081,612,1162.0,833.0,0.3007746103626195,0.35131183296192064,17.233115758469893,2.895569563253114,0.30077461036261965,False,17.2331157584699,0.3513118329619189,False,20.128685321722912
540,8.999109863672816,1062,619,1126.0,846.0,0.256202136257891,0.27480520613523457,14.679301109812798,1.065877389958743,0.25620213625789123,False,14.67930110981281,0.27480520613523396,False,15.745178499771503
541,9.015774881938876,1042,625,1089.0,857.0,0.21032587366505767,0.19988105597440972,12.050784883409552,-0.5984439714576956,0.21032587366505773,False,12.050784883409555,0.19988105597440864,False,11.452340911951783
542,9.032439900204936,1019,631,1052.0,865.0,0.15830933121343224,0.14010172439663027,9.070456536068335,-1.0432190256363822,0.15830933121343227,False,9.070456536068336,0.14010172439662938,False,8.027237510431904
543,9.049104918470997,993,635,1013.0,871.0,0.10075655458590707,0.08454375551299814,5.772925336051975,-0.9289249609713034,0.10075655458590704,False,5.772925336051974,0.08454375551299975,False,4.844000375080772
544,9.065769936737059,967,638,972.0,874.0,0.04364039700002614,0.021183271578959544,2.5004105643768773,-1.2866985066230676,0.04364039700002609,False,2.500410564376874,0.02118327157895905,False,1.213712057753781
545,9.08243495500312,941,639,932.0,875.0,-0.013071150950181746,-0.03811712217263136,-0.7489217828238298,-1.4350284448524748,-0.013071150950181742,False,-0.7489217828238296,-0.038117122172632634,False,-2.1839502276763807
546,9.09909997326918,914,637,891.0,872.0,-0.07208494869020889,-0.09756161810402565,-4.130163326366061,-1.4597056334617273,-0.07208494869020887,False,-4.13016332636606,-0.0975616181040273,False,-5.589868959827889
547,9.11576499153524,888,634,850.0,867.0,-0.12923168306131808,-0.16166679733512207,-7.404430018785816,-1.8583951559135141,-0.12923168306131805,False,-7.404430018785814,-0.16166679733512268,False,-9.262825174699353
548,9.1324300098013,863,629,811.0,860.0,-0.18494450730644865,-0.22141745017602193,-10.596539712785924,-2.089745692848324,-0.18494450730644862,False,-10.596539712785923,-0.22141745017602332,False,-12.686285405634322
549,9.149095028067363,840,623,772.0,849.0,-0.23699586303470885,-0.29226848261129845,-13.578862713949336,-3.166887824370754,-0.23699586303470888,False,-13.578862713949338,-0.29226848261129845,False,-16.74575053832009
550,9.165760046333423,819,615,735.0,837.0,-0.28617589722383185,-0.36172924151993224,-16.396671109295177,-4.328887756265358,-0.28617589722383174,False,-16.39667110929517,-0.3617292415199316,False,-20.725558865560505
551,9.182425064599483,800,607,701.0,823.0,-0.33155416187593817,-0.4297622790966885,-18.996654155488557,-5.626910630675065,-0.3315541618759381,False,-18.996654155488557,-0.42976227909668907,False,-24.623564786163644
552,9.199090082865544,783,599,669.0,807.0,-0.37307770650241867,-0.5013655614676703,-21.37577801300902,-7.3503526522953475,-0.37307770650241867,False,-21.37577801300902,-0.5013655614676686,False,-28.726130665304265
553,9.215755101131606,769,591,640.0,790.0,-0.40870296689424473,-0.5751378162377683,-23.41695507751523,-9.53601443127961,-0.40870296689424457,False,-23.416955077515222,-0.5751378162377669,False,-32.95296950879475
554,9.232420119397666,757,584,615.0,774.0,-0.43960414695950123,-0.6418147697509796,-25.18746227722822,-11.585815258663605,-0.4396041469595011,False,-25.187462277228214,-0.6418147697509795,False,-36.77327753589182
555,9.249085137663727,747,578,593.0,758.0,-0.4656556384304023,-0.707710521467902,-26.680102788531915,-13.868723208581505,-0.46565563843040225,False,-26.68010278853191,-0.7077105214679023,False,-40.54882599711344
556,9.265750155929787,740,573,574.0,742.0,-0.4847924933550529,-0.7764431788964815,-27.776563808868538,-16.710353373621004,-0.4847924933550529,False,-27.776563808868538,-0.7764431788964821,False,-44.48691718248957
557,9.282415174195847,735,569,560.0,729.0,-0.49898642625345774,-0.8301443948520639,-28.589816258639026,-18.97395395282599,-0.4989864262534578,False,-28.58981625863903,-0.8301443948520628,False,-47.56377021146494
558,9.29908019246191,732,567,548.0,717.0,-0.507098504392337,-0.8868451186969318,-29.054604099077146,-21.75787828403557,-0.5070985043923368,False,-29.05460409907714,-0.8868451186969324,False,-50.81248238311276
559,9.31574521072797,731,567,541.0,707.0,-0.5090708884223831,-0.9357695914045828,-29.167613379577798,-24.44803480458631,-0.5090708884223831,False,-29.167613379577798,-0.9357695914045827,False,-53.61564818416411
560,9.33241022899403,732,568,537.0,701.0,-0.5060036942319871,-0.9722183243280441,-28.991876097521057,-26.712130651756915,-0.5060036942319872,False,-28.991876097521065,-0.9722183243280433,False,-55.70400674927793
561,9.34907524726009,737,570,536.0,696.0,-0.49394136891958124,-1.0108565296805083,-28.30075576600638,-29.61705707792759,-0.49394136891958107,False,-28.30075576600637,-1.0108565296805097,False,-57.91781284393404
562,9.365740265526153,742,574,539.0,696.0,-0.47975900433319046,-1.0296527136892508,-27.488166131690388,-31.506588726895792,-0.4797590043331903,False,-27.488166131690377,-1.0296527136892522,False,-58.99475485858627
563,9.382405283792213,750,580,545.0,698.0,-0.4576296274886475,-1.0485039198364328,-26.220246235243543,-33.85460317430726,-0.45762962748864755,False,-26.220246235243547,-1.0485039198364312,False,-60.07484940955071
564,9.399070302058274,759,586,556.0,706.0,-0.4336566041439282,-1.0369221875965875,-24.846693175422534,-34.56457185733451,-0.43365660414392826,False,-24.846693175422537,-1.0369221875965877,False,-59.41126503275708
565,9.415735320324334,771,592,570.0,716.0,-0.40371945387959823,-1.018031774680088,-23.131420814627468,-35.19750328475475,-0.40371945387959807,False,-23.131420814627457,-1.0180317746800895,False,-58.32892409938231
566,9.432400338590394,784,599,587.0,729.0,-0.3710064563809658,-0.9874940411587728,-21.25710412273381,-35.32213672998187,-0.37100645638096585,False,-21.257104122733814,-0.9874940411587723,False,-56.57924085271566
567,9.449065356856456,799,606,609.0,747.0,-0.3343726049526631,-0.9323670257390969,-19.15813904858276,-34.262556483432896,-0.3343726049526632,False,-19.15813904858277,-0.9323670257390972,False,-53.420695532015664
568,9.465730375122517,815,614,635.0,766.0,-0.29525745185327623,-0.8695364039286193,-16.917005860979835,-32.903760217112826,-0.295257451853276,False,-16.91700586097982,-0.8695364039286204,False,-49.820766078092724
569,9.482395393388577,832,620,666.0,787.0,-0.25564492527793553,-0.7823951694214506,-14.647375272363,-30.18056584690912,-0.25564492527793536,False,-14.647375272362991,-0.7823951694214522,False,-44.82794111927221
570,9.499060411654638,850,625,702.0,809.0,-0.21462038499791372,-0.677386438697402,-12.296842257853307,-26.51454177890509,-0.21462038499791358,False,-12.296842257853298,-0.6773864386974005,False,-38.81138403675831
571,9.5157254299207,869,630,744.0,829.0,-0.17162806838088,-0.5608546114746988,-9.833563964207116,-22.30103819374267,-0.17162806838088018,False,-9.833563964207126,-0.5608546114746993,False,-32.13460215794982
572,9.53239044818676,887,633,789.0,848.0,-0.13168385355563755,-0.42767828083120013,-7.544929038756831,-16.959231442281727,-0.1316838535556375,False,-7.544929038756828,-0.4276782808311985,False,-24.504160481038454
573,9.54905546645282,906,636,839.0,862.0,-0.08967115902777809,-0.2882060948349638,-5.137778956338114,-11.375213907652453,-0.08967115902777811,False,-5.137778956338116,-0.2882060948349654,False,-16.51299286399067
574,9.56572048471888,924,638,893.0,872.0,-0.05017618946781854,-0.13171166687264657,-2.8748838885547743,-4.671638735880945,-0.05017618946781832,False,-2.874883888554762,-0.13171166687264702,False,-7.546522624435733
575,9.582385502984941,942,638,946.0,874.0,-0.010916596895798417,0.01694752980640491,-0.625474928774865,1.5964968598540419,-0.010916596895798492,False,-0.6254749287748693,0.016947529806405015,False,0.9710219310791725
576,9.599050521251003,960,638,999.0,872.0,0.028376660396571378,0.16514867741462683,1.625862877399569,7.836459330626052,0.028376660396571385,False,1.6258628773995694,0.1651486774146278,False,9.462322208025673
577,9.615715539517064,978,637,1050.0,863.0,0.06772994077273506,0.3084180111024965,3.8806397529487526,13.79041060904327,0.0677299407727352,False,3.8806397529487606,0.30841801110249634,False,17.671050361992005
578,9.632380557783124,996,635,1096.0,850.0,0.10727885564840275,0.4353532751523024,6.14662565964667,18.797279603777906,0.10727885564840278,False,6.146625659646672,0.43535327515230193,False,24.943905263424554
579,9.649045576049184,1014,632,1139.0,833.0,0.14715853499053985,0.5563601789155386,8.431562974286182,23.44552716671754,0.14715853499054,False,8.431562974286189,0.5563601789155399,False,31.87709014100381
580,9.665710594315247,1031,628,1176.0,816.0,0.18534794999569476,0.6569796522436236,10.619655276155134,27.022506023377037,0.1853479499956947,False,10.619655276155132,0.6569796522436242,False,37.64216129953219
581,9.682375612581307,1048,623,1206.0,800.0,0.22415946124325437,0.7287424425995209,12.843391067164825,28.910475245842377,0.22415946124325448,False,12.84339106716483,0.7287424425995219,False,41.75386631300726
582,9.699040630847367,1064,618,1234.0,783.0,0.2610286491810302,0.8003224283875333,14.955839930074022,30.899257466192704,0.2610286491810303,False,14.95583993007403,0.8003224283875348,False,45.85509739626681
583,9.715705649113428,1078,612,1256.0,770.0,0.2944272928487476,0.8448518227061051,16.869441253695562,31.537002501299156,0.2944272928487477,False,16.869441253695566,0.8448518227061044,False,48.406443754994676
584,9.732370667379488,1092,607,1274.0,758.0,0.3273605937185548,0.8782237212784815,18.756380398970038,31.562132298560503,0.32736059371855486,False,18.75638039897004,0.8782237212784807,False,50.318512697530494
585,9.74903568564555,1103,601,1288.0,749.0,0.3548603669474331,0.8960553845713439,20.332001342551614,31.0081904033583,0.3548603669474333,False,20.332001342551624,0.8960553845713441,False,51.34019174590992
586,9.76570070391161,1112,596,1298.0,743.0,0.3776018209650838,0.9019841688587639,21.63499067775383,30.04489538546873,0.37760182096508377,False,21.634990677753827,0.901984168858764,False,51.679886063222554
587,9.782365722177671,1119,592,1305.0,739.0,0.3954802994665962,0.9019841688587639,22.659352040005864,29.020534023216676,0.395480299466596,False,22.659352040005853,0.901984168858764,False,51.679886063222554
588,9.799030740443731,1124,590,1309.0,737.0,0.40753806061371817,0.8993600652048293,23.350210864112775,28.17932513473446,0.4075380606137182,False,23.35021086411278,0.8993600652048279,False,51.52953599884716
589,9.815695758709793,1126,588,1309.0,737.0,0.4134385867176949,0.8874520230528199,23.68828610677741,27.158969334495815,0.41343858671769507,False,23.688286106777422,0.8874520230528198,False,50.84725544127321
590,9.832360776975854,1127,588,1307.0,741.0,0.41549209594089065,0.866302262552679,23.805943518457717,25.829519908444915,0.41549209594089076,False,23.805943518457724,0.8663022625526793,False,49.63546342690267
591,9.849025795241914,1125,589,1301.0,747.0,0.4104848984059351,0.8392382953707508,23.519052232516454,24.565760097981137,0.4104848984059353,False,23.519052232516465,0.8392382953707518,False,48.08481233049765
592,9.865690813507975,1121,592,1292.0,754.0,0.3996070439396113,0.8124186125847132,22.895797081438566,23.652360617539397,0.3996070439396111,False,22.89579708143856,0.8124186125847146,False,46.54815769897805
593,9.882355831774037,1114,595,1279.0,764.0,0.382581924152702,0.773422688001768,21.920329571944,22.393526230220765,0.382581924152702,False,21.920329571944,0.7734226880017694,False,44.31385580216484
594,9.899020850040097,1105,600,1263.0,775.0,0.35981396670998533,0.7343913930408705,20.615821702342863,21.461705629632235,0.35981396670998533,False,20.615821702342863,0.7343913930408696,False,42.07752733197505
595,9.915685868306158,1094,605,1243.0,788.0,0.3330018376879912,0.6833443037420767,19.07959986962237,20.07314468910441,0.3330018376879913,False,19.079599869622378,0.683344303742075,False,39.15274455872669
596,9.932350886572218,1081,611,1220.0,802.0,0.30143099681144914,0.6291075220107366,17.27072393171741,18.77448193943134,0.30143099681144925,False,17.270723931717416,0.629107522010738,False,36.04520587114883
597,9.949015904838278,1066,617,1192.0,816.0,0.26586475250104136,0.56444983364954,15.232928239599868,17.107664975380175,0.2658647525010416,False,15.23292823959988,0.5644498336495403,False,32.34059321498005
598,9.96568092310434,1049,623,1162.0,830.0,0.22630420670923132,0.4996851311426771,12.966275930495122,15.663573169421328,0.22630420670923135,False,12.966275930495124,0.49968513114267665,False,28.629849099916427
599,9.9823459413704,1030,628,1129.0,843.0,0.18319074692421145,0.43152255892362384,10.496056644606483,14.228364746402548,0.18319074692421156,False,10.496056644606488,0.4315225589236249,False,24.724421391009088
600,9.999010959636461,1010,632,1090.0,854.0,0.1384883290400289,0.34587455983724136,7.934796765812691,11.88235575380629,0.13848832904002872,False,7.934796765812681,0.3458745598372417,False,19.817152519618997
601,10.015675977902522,990,636,1050.0,864.0,0.09402022244739168,0.25732371497108864,5.386961935116707,9.356600901354026,0.09402022244739161,False,5.386961935116703,0.25732371497108986,False,14.743562836470804
602,10.032340996168584,968,638,1009.0,871.0,0.045819436675290585,0.17418248308264742,2.6252603411610873,7.354660804583472,0.045819436675290426,False,2.625260341161078,0.17418248308264594,False,9.979921145744473
603,10.049006014434644,946,638,964.0,874.0,-0.002183402643923857,0.07612380322052725,-0.1250997564745423,4.486672401495128,-0.002183402643924026,False,-0.125099756474552,0.07612380322052559,False,4.3615726450205
604,10.065671032700704,924,638,919.0,874.0,-0.05017618946781854,-0.021183271578959544,-2.8748838885547743,1.6611718308009555,-0.05017618946781832,False,-2.874883888554762,-0.02118327157895905,False,-1.213712057753781
605,10.082336050966765,903,636,876.0,871.0,-0.096193427558869,-0.11439203107265948,-5.5114774160206155,-1.042703174372142,-0.09619342755886917,False,-5.511477416020624,-0.11439203107265783,False,-6.554180590392665
606,10.099001069232825,882,633,831.0,864.0,-0.1425151014970395,-0.2172934309230211,-8.165513832658924,-4.284482675147691,-0.1425151014970396,False,-8.16551383265893,-0.21729343092302145,False,-12.44999650780662
607,10.115666087498887,862,628,789.0,854.0,-0.18750340940850596,-0.3124299188543654,-10.743154003420964,-7.157761740548967,-0.18750340940850574,False,-10.743154003420951,-0.31242991885436666,False,-17.900915743969993
608,10.132331105764948,843,623,751.0,842.0,-0.23058733264673315,-0.3977056192195359,-13.211680969836992,-9.57517250007941,-0.23058733264673315,False,-13.211680969836992,-0.3977056192195363,False,-22.786853469916426
609,10.148996124031008,825,617,715.0,827.0,-0.2722446315824586,-0.4825132950224769,-15.598468384768877,-12.047506978969794,-0.2722446315824585,False,-15.59846838476887,-0.4825132950224784,False,-27.645975363738767
610,10.165661142297068,809,611,682.0,811.0,-0.30987130888129805,-0.5657580297420903,-17.75431819109308,-14.661229138765595,-0.3098713088812981,False,-17.754318191093084,-0.5657580297420921,False,-32.41554732985878
611,10.18232616056313,795,604,654.0,796.0,-0.34421868298246766,-0.6334258829691446,-19.72227776444705,-16.570351964032536,-0.3442186829824676,False,-19.722277764447046,-0.6334258829691457,False,-36.29262972847966
612,10.198991178829191,781,598,628.0,779.0,-0.37802909068540413,-0.7017613914108175,-21.65947142944192,-18.548494523626132,-0.37802909068540425,False,-21.659471429441925,-0.7017613914108161,False,-40.20796595306798
613,10.215656197095251,771,592,608.0,765.0,-0.40371945387959823,-0.7556450413787833,-23.131420814627468,-20.16385086636526,-0.40371945387959807,False,-23.131420814627457,-0.7556450413787843,False,-43.29527168099279
614,10.232321215361312,761,587,590.0,751.0,-0.42866189017228035,-0.8062906454277421,-24.560517144972085,-21.636533898916667,-0.4286618901722803,False,-24.56051714497208,-0.8062906454277439,False,-46.19705104388885
615,10.248986233627372,754,583,577.0,739.0,-0.44663223428796167,-0.8483778258303929,-25.590142019198378,-23.01832683336796,-0.4466322342879616,False,-25.590142019198375,-0.8483778258303936,False,-48.60846885256639
616,10.265651251893434,750,579,567.0,731.0,-0.45862252566999373,-0.8776726885922428,-26.2771351105209,-24.009805739714402,-0.45862252566999384,False,-26.277135110520906,-0.8776726885922415,False,-50.28694085023523
617,10.282316270159495,746,577,560.0,724.0,-0.4686726923316185,-0.9019841688587639,-26.85296724363508,-24.826918819587476,-0.46867269233161846,False,-26.852967243635078,-0.901984168858764,False,-51.679886063222554
618,10.298981288425555,745,576,557.0,720.0,-0.47169572497008755,-0.9171604298753748,-27.026174255149655,-25.523247513113624,-0.4716957249700875,False,-27.02617425514965,-0.9171604298753735,False,-52.5494217682632
619,10.315646306691615,745,577,557.0,719.0,-0.47067560573765166,-0.9238996453133528,-26.967725728530954,-25.96782464155786,-0.47067560573765155,False,-26.967725728530947,-0.9238996453133517,False,-52.93555037008876
620,10.332311324957677,748,579,559.0,721.0,-0.4626446003100761,-0.9264491945147977,-26.50758301228422,-26.574045766708345,-0.4626446003100759,False,-26.507583012284208,-0.9264491945147988,False,-53.08162877899263
621,10.348976343223738,753,582,567.0,727.0,-0.4496204729566421,-0.9086375020292555,-25.76135548309156,-26.29973849049456,-0.4496204729566422,False,-25.761355483091563,-0.9086375020292543,False,-52.06109397358605
622,10.365641361489798,759,586,576.0,735.0,-0.4336566041439282,-0.8874520230528199,-24.846693175422534,-26.00056226585068,-0.43365660414392826,False,-24.846693175422537,-0.8874520230528198,False,-50.84725544127321
623,10.382306379755859,768,591,590.0,746.0,-0.41074995008480686,-0.8543577136071252,-23.534238575068663,-25.416852609066314,-0.41074995008480686,False,-23.534238575068663,-0.8543577136071256,False,-48.951091184135
624,10.398971398021919,779,597,608.0,759.0,-0.3829846867843836,-0.8124186125847132,-21.943406170884934,-24.604751528093043,-0.3829846867843836,False,-21.943406170884934,-0.8124186125847146,False,-46.54815769897805
625,10.415636416287981,790,603,628.0,774.0,-0.35539843921439945,-0.7583777142101835,-20.362830612521822,-23.089011688500214,-0.3553984392143996,False,-20.36283061252183,-0.7583777142101837,False,-43.45184230102205
626,10.432301434554041,805,609,652.0,790.0,-0.3196511872919141,-0.7017613914108175,-18.31466394817249,-21.893302004895578,-0.3196511872919139,False,-18.31466394817248,-0.7017613914108161,False,-40.20796595306798
627,10.448966452820102,820,616,682.0,806.0,-0.2834417794422321,-0.6281701124208794,-16.24001769971784,-19.751478558257,-0.2834417794422319,False,-16.24001769971783,-0.6281701124208787,False,-35.9914962579748
628,10.465631471086162,837,622,714.0,822.0,-0.2439137008031669,-0.5513759646786446,-13.975225621438181,-17.6162900796025,-0.2439137008031671,False,-13.975225621438193,-0.5513759646786447,False,-31.59151570104069
629,10.482296489352224,856,627,750.0,837.0,-0.20083492719954302,-0.46744987204615696,-11.506993707350956,-15.275911094824197,-0.20083492719954288,False,-11.506993707350949,-0.4674498720461564,False,-26.78290480217512
630,10.498961507618285,874,631,791.0,851.0,-0.16047076983121153,-0.36076170795815665,-9.194297846543678,-11.475825429389873,-0.16047076983121134,False,-9.194297846543668,-0.360761707958158,False,-20.670123275933616
631,10.515626525884345,893,634,833.0,862.0,-0.11838653584689209,-0.25732371497108864,-6.783048855201145,-7.960513981269597,-0.1183865358468923,False,-6.783048855201158,-0.25732371497108986,False,-14.743562836470804
632,10.532291544150405,913,637,877.0,870.0,-0.0742614362926959,-0.1532942815467293,-4.254866880151114,-4.528248475966641,-0.0742614362926961,False,-4.254866880151125,-0.15329428154672797,False,-8.78311535611769
633,10.548956562416466,933,638,924.0,874.0,-0.030558170277499512,-0.03811712217263136,-1.7508541865428378,-0.4330960411334791,-0.030558170277499297,False,-1.7508541865428253,-0.038117122172632634,False,-2.1839502276763807
634,10.565621580682528,953,638,971.0,874.0,0.01309968731977706,0.07612380322052725,0.7505567963642668,3.611015848656335,0.013099687319777065,False,0.750556796364267,0.07612380322052559,False,4.3615726450205
635,10.582286598948588,972,637,1014.0,870.0,0.05465012343495702,0.17834235625063474,3.1312214226920303,7.087042898887906,0.05465012343495701,False,3.13122142269203,0.178342356250635,False,10.218264321579962
636,10.598951617214649,991,635,1058.0,862.0,0.0964035356659503,0.28700518487114873,5.523515723797856,10.920670067690917,0.09640353566595028,False,5.523515723797855,0.28700518487114834,False,16.444185791488746
637,10.615616635480709,1009,633,1098.0,852.0,0.13602022773606387,0.38600514337174185,7.79338497768476,14.323080607858289,0.13602022773606404,False,7.79338497768477,0.3860051433717402,False,22.116465585542958
638,10.632281653746771,1027,629,1133.0,840.0,0.17632341051404016,0.46554154613022614,10.102587251807146,16.570978529449725,0.1763234105140401,False,10.102587251807144,0.46554154613022547,False,26.67356578125684
639,10.648946672012832,1043,625,1167.0,827.0,0.21247412399909663,0.5505493997838679,12.173870560887554,19.37028646018876,0.2124741239990966,False,12.173870560887552,0.5505493997838684,False,31.544157021076337
640,10.665611690278892,1058,620,1195.0,813.0,0.2471165540439645,0.6173025397004024,14.158735594535681,21.210094613004326,0.2471165540439646,False,14.158735594535688,0.6173025397004039,False,35.36883020754009
641,10.682276708544952,1072,615,1218.0,801.0,0.27981710852324315,0.6654941780324244,16.032339353935967,22.09766833784978,0.27981710852324326,False,16.032339353935974,0.665494178032425,False,38.13000769178578
642,10.698941726811013,1084,610,1239.0,788.0,0.308436695008178,0.7164386131877714,17.672120870932385,23.376787944932634,0.30843669500817805,False,17.67212087093239,0.7164386131877727,False,41.0489088158651
643,10.715606745077075,1094,605,1256.0,778.0,0.3330018376879912,0.7525741359704854,19.07959986962237,24.039721892191004,0.3330018376879913,False,19.079599869622378,0.7525741359704838,False,43.119321761813275
644,10.732271763343135,1103,601,1269.0,769.0,0.3548603669474331,0.779410211013535,20.332001342551614,24.324914257924846,0.3548603669474333,False,20.332001342551624,0.7794102110135341,False,44.65691560047642
645,10.748936781609196,1109,598,1279.0,762.0,0.369736288171262,0.8033603032453056,21.184328845046092,24.8448259592599,0.36973628817126203,False,21.184328845046096,0.8033603032453058,False,46.029154804305996
646,10.765601799875256,1113,595,1284.0,759.0,0.3805063771123649,0.8062906454277421,21.80140948635181,24.395641557536937,0.3805063771123649,False,21.80140948635181,0.8062906454277439,False,46.19705104388885
647,10.782266818141318,1116,594,1287.0,756.0,0.38756606049165404,0.8124186125847132,22.205899548683735,24.342258150294246,0.387566060491654,False,22.205899548683732,0.8124186125847146,False,46.54815769897805
648,10.798931836407379,1116,594,1287.0,756.0,0.38756606049165404,0.8124186125847132,22.205899548683735,24.342258150294246,0.387566060491654,False,22.205899548683732,0.8124186125847146,False,46.54815769897805
649,10.815596854673439,1114,595,1283.0,759.0,0.382581924152702,0.8004120501833142,21.920329571944,23.939902774973348,0.382581924152702,False,21.920329571944,0.800412050183315,False,45.8602323469174
650,10.8322618729395,1110,597,1277.0,764.0,0.3726259927509078,0.7853981633974483,21.349896721499427,23.65010327850057,0.3726259927509079,False,21.34989672149943,0.7853981633974492,False,45.00000000000005
651,10.84892689120556,1104,600,1267.0,771.0,0.35772655684158866,0.7614506464752407,20.496221926769774,23.13168642376961,0.3577265568415888,False,20.496221926769785,0.7614506464752395,False,43.62790835053932
652,10.865591909471622,1096,604,1254.0,779.0,0.33793492582887,0.7343913930408705,19.362245000060767,22.715282331914324,0.3379349258288702,False,19.362245000060774,0.7343913930408696,False,42.07752733197505
653,10.882256927737682,1085,609,1237.0,790.0,0.3112246273649168,0.6985302406869417,17.83185762854148,22.19097702507785,0.31122462736491663,False,17.83185762854147,0.6985302406869422,False,40.02283465361937
654,10.898921946003743,1073,614,1215.0,802.0,0.2825549524695875,0.6468966814815439,16.189206257026942,20.875243372884228,0.2825549524695874,False,16.189206257026935,0.6468966814815431,False,37.06444962991114
655,10.915586964269803,1059,619,1192.0,814.0,0.24979661299943873,0.5985780024668524,14.312291661530596,19.983701589191426,0.24979661299943867,False,14.312291661530592,0.5985780024668514,False,34.29599325072197
656,10.932251982535865,1043,624,1165.0,826.0,0.21293834957939714,0.5433264688263294,12.200468727380784,18.929844834114192,0.21293834957939728,False,12.200468727380793,0.5433264688263293,False,31.130313561494958
657,10.948917000801925,1026,629,1132.0,839.0,0.17416393983980724,0.46744987204615696,9.97885869619133,16.804046105983808,0.17416393983980738,False,9.978858696191338,0.4674498720461564,False,26.78290480217512
658,10.965582019067986,1008,632,1099.0,851.0,0.13414527189195705,0.3938180418362781,7.68595792104405,14.87815377228116,0.13414527189195713,False,7.685957921044055,0.3938180418362798,False,22.564111693325316
659,10.982247037334046,989,635,1061.0,860.0,0.09204684886340674,0.3097029445424562,5.2738959573517645,12.470775667705166,0.09204684886340653,False,5.273895957351753,0.3097029445424546,False,17.744671625056842
660,10.998912055600107,969,637,1020.0,868.0,0.04810290778365479,0.2172934309230211,2.7560935983104162,9.693902909496193,0.048102907783655,False,2.7560935983104287,0.21729343092302145,False,12.44999650780662
661,11.015577073866169,950,638,978.0,872.0,0.006550124663196896,0.11909188524916606,0.37529449848573193,6.448167900547784,0.006550124663196932,False,0.37529449848573404,0.11909188524916559,False,6.823462399033493
662,11.032242092132229,930,638,936.0,874.0,-0.03710087174874438,0.0254182532590757,-2.125723367459203,3.582082001798891,-0.037100871748744435,False,-2.125723367459206,0.025418253259076096,False,1.4563586343397101
663,11.04890711039829,910,636,891.0,872.0,-0.08096298156698613,-0.08033520628225284,-4.638837140583785,0.035968874297850575,-0.08096298156698634,False,-4.638837140583798,-0.08033520628225332,False,-4.602868266285972
664,11.06557212866435,891,634,849.0,867.0,-0.12272809793439324,-0.17834235625063474,-7.031802039308969,-3.1864622822709814,-0.12272809793439343,False,-7.03180203930898,-0.178342356250635,False,-10.218264321579962
665,11.082237146930412,873,630,809.0,858.0,-0.16298573918701562,-0.2736593210820904,-9.338394976235987,-6.3411291461832535,-0.16298573918701553,False,-9.338394976235984,-0.27365932108208924,False,-15.679524122419187
666,11.098902165196472,855,626,769.0,847.0,-0.20342477189110914,-0.3711096294205465,-11.655380877772055,-9.607634624689254,-0.2034247718911093,False,-11.655380877772066,-0.3711096294205447,False,-21.26301550246122
667,11.115567183462533,839,622,734.0,834.0,-0.239648223207965,-0.45986690867781754,-13.7308317576255,-12.617601247341492,-0.23964822320796486,False,-13.730831757625493,-0.4598669086778173,False,-26.348433004966985
668,11.132232201728593,823,616,702.0,820.0,-0.2770875383866211,-0.5353580828991518,-15.875946505222576,-14.797812173113668,-0.2770875383866209,False,-15.875946505222567,-0.5353580828991511,False,-30.67375867833621
669,11.148897219994653,809,611,673.0,805.0,-0.30987130888129805,-0.6114175272111867,-17.75431819109308,-17.277325638433073,-0.3098713088812981,False,-17.754318191093084,-0.6114175272111879,False,-35.03164382952623
670,11.165562238260716,797,605,648.0,790.0,-0.3392926144540447,-0.6780282413619009,-19.44003482817619,-19.40812179253824,-0.33929261445404446,False,-19.44003482817618,-0.6780282413619005,False,-38.84815662071442
671,11.182227256526776,785,600,627.0,777.0,-0.3681307713251636,-0.7287424425995209,-21.0923395058275,-20.66152680717971,-0.3681307713251636,False,-21.0923395058275,-0.7287424425995219,False,-41.75386631300726
672,11.198892274792836,776,594,609.0,764.0,-0.39169993943742404,-0.7764963213891687,-22.442753365294347,-22.047208657738967,-0.39169993943742387,False,-22.442753365294337,-0.7764963213891676,False,-44.48996202303326
673,11.215557293058897,768,590,597.0,754.0,-0.41164249089720767,-0.8062906454277421,-23.58537739666241,-22.611673647226333,-0.41164249089720784,False,-23.585377396662416,-0.8062906454277439,False,-46.19705104388885
674,11.232222311324959,762,587,586.0,746.0,-0.4266274931268761,-0.8361009389134209,-24.443954780416536,-23.461100266247936,-0.4266274931268761,False,-24.443954780416536,-0.8361009389134217,False,-47.90505504666452
675,11.24888732959102,759,585,579.0,739.0,-0.4345976672677702,-0.8630858053269945,-24.900612120674076,-24.55056188221249,-0.43459766726777005,False,-24.90061212067407,-0.8630858053269961,False,-49.45117400288666
676,11.26555234785708,756,584,575.0,736.0,-0.4416291459459121,-0.872266086107955,-25.303486172667835,-24.673679173712824,-0.44162914594591207,False,-25.30348617266783,-0.8722660861079561,False,-49.97716534638073
677,11.28221736612314,756,584,575.0,735.0,-0.4416291459459121,-0.8755148675989263,-25.303486172667835,-24.859820641705717,-0.44162914594591207,False,-25.30348617266783,-0.8755148675989268,False,-50.16330681437358
678,11.298882384389202,758,585,578.0,738.0,-0.43662715981354133,-0.866302262552679,-25.016893478100023,-24.618569948802627,-0.43662715981354117,False,-25.016893478100013,-0.8663022625526793,False,-49.63546342690267
679,11.315547402655262,761,587,583.0,742.0,-0.42866189017228035,-0.8543577136071252,-24.560517144972085,-24.390574039162896,-0.4286618901722803,False,-24.56051714497208,-0.8543577136071256,False,-48.951091184135
680,11.332212420921323,767,590,593.0,750.0,-0.4136892132788634,-0.8272898084933772,-23.702645950966243,-23.6975685098904,-0.4136892132788632,False,-23.702645950966236,-0.8272898084933757,False,-47.40021446085655
681,11.348877439187383,774,594,605.0,759.0,-0.3958197495444111,-0.7973736387931285,-22.67880109682005,-23.007343101015177,-0.3958197495444109,False,-22.678801096820035,-0.797373638793129,False,-45.68614419783526
682,11.365542457453444,784,599,621.0,770.0,-0.3710064563809658,-0.7614506464752407,-21.25710412273381,-22.370804227805582,-0.37100645638096585,False,-21.257104122733814,-0.7614506464752395,False,-43.62790835053932
683,11.382207475719506,795,604,640.0,782.0,-0.34421868298246766,-0.7164386131877714,-19.72227776444705,-21.326631051417976,-0.3442186829824676,False,-19.722277764447046,-0.7164386131877727,False,-41.0489088158651
684,11.398872493985566,808,610,663.0,796.0,-0.31265353452982425,-0.662158824765641,-17.91372797840668,-20.02517804800721,-0.31265353452982403,False,-17.91372797840667,-0.6621588247656405,False,-37.938906026413854
685,11.415537512251626,822,616,689.0,810.0,-0.279208199033747,-0.6009735741735002,-15.997451410082373,-18.435797988951514,-0.27920819903374694,False,-15.99745141008237,-0.6009735741735014,False,-34.43324939903396
686,11.432202530517687,839,621,718.0,824.0,-0.2401710078601731,-0.5375167508036844,-13.76078511179124,-17.036656126845067,-0.2401710078601731,False,-13.76078511179124,-0.537516750803686,False,-30.79744123863641
687,11.448867548783749,855,626,752.0,838.0,-0.20342477189110914,-0.4522629016485536,-11.655380877772055,-14.257374617030306,-0.2034247718911093,False,-11.655380877772066,-0.45226290164855243,False,-25.912755494802294
688,11.46553256704981,873,630,787.0,850.0,-0.16298573918701562,-0.3726449038498295,-9.338394976235987,-12.012585271417604,-0.16298573918701553,False,-9.338394976235984,-0.37264490384982807,False,-21.35098024765351
689,11.48219758531587,892,634,825.0,860.0,-0.12055788776188422,-0.2882060948349638,-6.907458155767844,-9.605534708222724,-0.12055788776188425,False,-6.907458155767846,-0.2882060948349654,False,-16.51299286399067
690,11.49886260358193,911,636,867.0,868.0,-0.07878396098914381,-0.1874291124436737,-4.513988458001263,-6.224908642904181,-0.07878396098914386,False,-4.513988458001266,-0.18742911244367377,False,-10.738897100905447
691,11.51552762184799,929,637,909.0,872.0,-0.03936695950580846,-0.08490179344972196,-2.2555606319452415,-2.6089538058152812,-0.039366959505808374,False,-2.255560631945237,-0.08490179344972049,False,-4.864514437760442
692,11.532192640114053,948,637,952.0,874.0,0.0021881803150002777,0.01687603484692138,0.12537349686312294,0.8415520747811793,0.002188180315000121,False,0.12537349686311397,0.016876034846919907,False,0.966925571644217
693,11.548857658380113,966,637,996.0,871.0,0.04155156244279169,0.12750955821523827,2.3807291601462652,4.9250303731645735,0.04155156244279157,False,2.380729160146258,0.12750955821523746,False,7.3057595333107805
694,11.565522676646173,983,635,1036.0,866.0,0.07895639460049377,0.22553382659079477,4.523868176177815,8.398268224910108,0.07895639460049386,False,4.52386817617782,0.22553382659079446,False,12.922136401087903
695,11.582187694912234,1001,633,1074.0,858.0,0.118645431793701,0.31372933605498354,6.79788250028634,11.17748436510571,0.11864543179370113,False,6.797882500286347,0.3137293360549833,False,17.975366865392033
696,11.598852713178296,1017,630,1111.0,847.0,0.15431877592611903,0.40877849630808727,8.841814560191672,14.579468033965822,0.15431877592611887,False,8.841814560191663,0.4087784963080878,False,23.421282594157535
697,11.615517731444356,1032,626,1143.0,836.0,0.1883245343585995,0.4862426330875049,10.790200997514214,17.069449697728043,0.1883245343585993,False,10.790200997514201,0.4862426330875067,False,27.859650695242372
698,11.632182749710417,1046,622,1172.0,823.0,0.22034518951470242,0.5599397971143883,12.624849395202729,19.457337760863325,0.2203451895147026,False,12.62484939520274,0.5599397971143887,False,32.08218715606606
699,11.648847767976477,1059,618,1197.0,810.0,0.2503434185262638,0.6231993299340659,14.343621310432098,21.363070090170783,0.25034341852626385,False,14.343621310432102,0.6231993299340672,False,35.70669140060296
700,11.665512786242537,1070,614,1218.0,799.0,0.2761681153392931,0.6747409422235526,15.823267445023625,22.83654080906646,0.276168115339293,False,15.82326744502362,0.6747409422235542,False,38.65980825409018
701,11.6821778045086,1081,610,1235.0,789.0,0.30209016655551474,0.710463660964909,17.308491576035088,23.39807769466762,0.3020901665555149,False,17.3084915760351,0.7104636609649084,False,40.706569270702666
702,11.69884282277466,1088,607,1250.0,780.0,0.3189376222940554,0.7525741359704854,18.273779685386927,24.84554207642645,0.3189376222940554,False,18.273779685386927,0.7525741359704838,False,43.119321761813275
703,11.71550784104072,1095,604,1259.0,774.0,0.33583413021950237,0.7674360235495911,19.241878278024384,24.728966917669638,0.3358341302195025,False,19.24187827802439,0.7674360235495925,False,43.9708451956941
704,11.73217285930678,1099,602,1266.0,769.0,0.3457233939716455,0.7853981633974483,19.808491353513894,25.191508646486103,0.34572339397164553,False,19.808491353513897,0.7853981633974492,False,45.00000000000005
705,11.748837877572843,1102,600,1270.0,766.0,0.3535419597511187,0.7913861157813615,20.256462174523122,25.086622225000422,0.35354195975111846,False,20.256462174523108,0.7913861157813606,False,45.34308439952348
706,11.765502895838903,1103,600,1270.0,766.0,0.3556358843007598,0.7884011573734461,20.37643521383639,24.795623666891483,0.35563588430075965,False,20.37643521383638,0.7884011573734462,False,45.17205888072789
707,11.782167914104964,1101,600,1267.0,768.0,0.3514447940035517,0.779410211013535,20.136303428248137,24.520612172228336,0.35144479400355166,False,20.136303428248134,0.7794102110135341,False,44.65691560047642
708,11.798832932371024,1098,602,1261.0,773.0,0.34362427053018435,0.7614506464752407,19.688220439641196,23.939687910898186,0.3436242705301842,False,19.688220439641185,0.7614506464752395,False,43.62790835053932
709,11.815497950637084,1092,605,1252.0,778.0,0.3287926915049544,0.7463789386806289,18.83843355798076,23.925929545872947,0.3287926915049546,False,18.838433557980775,0.7463789386806283,False,42.76436310385367
710,11.832162968903146,1085,608,1239.0,787.0,0.3119055841521311,0.710463660964909,17.870873578479646,22.83569569222305,0.311905584152131,False,17.870873578479642,0.7104636609649084,False,40.706569270702666
711,11.848827987169207,1076,612,1223.0,796.0,0.2901820979088641,0.6740778123472797,16.626209500429947,21.995604210480664,0.2901820979088643,False,16.626209500429955,0.6740778123472779,False,38.621813710910516
712,11.865493005435267,1065,616,1205.0,806.0,0.26431030401848205,0.6350267353903137,15.143864902078704,21.24048691375719,0.264310304018482,False,15.1438649020787,0.6350267353903121,False,36.38435181583579
713,11.882158023701328,1052,620,1182.0,818.0,0.2342552135942509,0.5809769580203017,13.421835067886203,19.865692621026277,0.23425521359425083,False,13.421835067886201,0.580976958020301,False,33.287527688912455
714,11.89882304196739,1038,625,1155.0,829.0,0.20171332230944347,0.5207283914070707,11.557322039893183,18.278217060368384,0.2017133223094434,False,11.557322039893178,0.5207283914070722,False,29.835539100261638
715,11.91548806023345,1023,628,1126.0,840.0,0.16804302533816318,0.4522629016485536,9.628156128486703,16.28459936631565,0.16804302533816307,False,9.628156128486697,0.45226290164855243,False,25.912755494802294
716,11.93215307849951,1006,632,1094.0,850.0,0.12979711769095592,0.38366592426060625,7.436827036654607,14.545611166464033,0.12979711769095603,False,7.436827036654614,0.38366592426060464,False,21.982438203118544
717,11.94881809676557,989,634,1058.0,860.0,0.09224844821555765,0.29632096365471494,5.285446749382584,11.692493849282037,0.09224844821555767,False,5.285446749382585,0.29632096365471483,False,16.97794059866462
718,11.965483115031631,971,636,1022.0,867.0,0.05258306161094172,0.2172934309230211,3.0127875041833403,9.437209003623268,0.052583061610941506,False,3.012787504183328,0.21729343092302145,False,12.44999650780662
719,11.982148133297693,952,637,982.0,871.0,0.010940482512353295,0.12750955821523827,0.6268434737945273,6.6789160595163,0.010940482512353356,False,0.6268434737945308,0.12750955821523746,False,7.3057595333107805
720,11.998813151563754,934,637,942.0,873.0,-0.028438720308175677,0.033885329904117606,-1.6294186484114501,3.570905039325826,-0.028438720308175736,False,-1.6294186484114535,0.03388532990411619,False,1.9414863909142963
721,12.015478169829814,916,636,902.0,872.0,-0.06787801603209809,-0.05925259366343235,-3.889123840360559,0.4942002982422784,-0.0678780160320982,False,-3.8891238403605652,-0.05925259366343383,False,-3.3949235421183634
722,12.032143188095874,897,634,862.0,868.0,-0.10969010348702159,-0.14847197480207144,-6.284779984159571,-2.2220375479718406,-0.10969010348702168,False,-6.284779984159577,-0.14847197480207086,False,-8.506817532131366
723,12.048808206361937,880,631,823.0,861.0,-0.14748012314500925,-0.2429315830794659,-8.44998861827868,-5.468965802606429,-0.14748012314500913,False,-8.449988618278672,-0.24293158307946427,False,-13.918954420885026
724,12.065473224627997,863,628,787.0,852.0,-0.18534794999569476,-0.32709809700579284,-10.619655276155134,-8.121685169037576,-0.1853479499956947,False,-10.619655276155132,-0.3270980970057913,False,-18.74134044519263
725,12.082138242894057,847,623,754.0,841.0,-0.22201261624079507,-0.40322973795400596,-12.720385909255155,-10.38297624967553,-0.22201261624079516,False,-12.720385909255159,-0.40322973795400685,False,-23.10336215893074
726,12.098803261160118,832,618,722.0,829.0,-0.25676172784356055,-0.48056328863045333,-14.711363345922695,-12.822884881529502,-0.25676172784356055,False,-14.711363345922695,-0.48056328863045294,False,-27.534248227452174
727,12.115468279426178,819,614,695.0,816.0,-0.28679975786598944,-0.5505493997838679,-16.432415691095127,-15.11174132998119,-0.2867997578659893,False,-16.432415691095123,-0.5505493997838684,False,-31.544157021076337
728,12.13213329769224,806,609,671.0,803.0,-0.3175488984497703,-0.6079530078917312,-18.194211670200207,-16.63892982427962,-0.3175488984497701,False,-18.194211670200197,-0.6079530078917301,False,-34.83314149447977
729,12.1487983159583,796,604,650.0,791.0,-0.342127213714417,-0.6628915955810121,-19.60244540240643,-18.37844529907856,-0.3421272137144169,False,-19.602445402406424,-0.6628915955810122,False,-37.98089070148501
730,12.165463334224361,787,600,633.0,780.0,-0.36397895650964407,-0.707710521467902,-20.854458039578347,-19.694367957535082,-0.3639789565096443,False,-20.854458039578358,-0.7077105214679023,False,-40.54882599711344
731,12.182128352490421,779,596,619.0,770.0,-0.3838176232885688,-0.7435065183015194,-21.991129917177126,-20.608655621966236,-0.38381762328856883,False,-21.99112991717713,-0.743506518301519,False,-42.59978553914334
732,12.198793370756484,773,593,607.0,763.0,-0.39873891930737265,-0.7734939638391385,-22.846057203919948,-21.4718824029074,-0.3987389193073727,False,-22.84605720391995,-0.7734939638391367,False,-44.317939606827245
733,12.215458389022544,769,591,601.0,757.0,-0.40870296689424473,-0.7913861157813615,-23.41695507751523,-21.926129322008308,-0.40870296689424457,False,-23.416955077515222,-0.7913861157813606,False,-45.34308439952348
734,12.232123407288604,767,589,597.0,753.0,-0.41458880821835925,-0.8033603032453056,-23.754188944270684,-22.274965860035294,-0.4145888082183591,False,-23.754188944270673,-0.8033603032453058,False,-46.029154804305996
735,12.248788425554665,766,589,596.0,752.0,-0.41663522762514044,-0.806416088959574,-23.871440139392913,-22.332798289437022,-0.4166352276251404,False,-23.87144013939291,-0.8064160889595726,False,-46.20423842882985
736,12.265453443820725,768,590,598.0,754.0,-0.41164249089720767,-0.8033603032453056,-23.58537739666241,-22.44377740764358,-0.41164249089720784,False,-23.585377396662416,-0.8033603032453058,False,-46.029154804305996
737,12.282118462086787,771,592,603.0,758.0,-0.40371945387959823,-0.7913861157813615,-23.131420814627468,-22.21166358489607,-0.40371945387959807,False,-23.131420814627457,-0.7913861157813606,False,-45.34308439952348
738,12.298783480352848,776,595,612.0,764.0,-0.3908494091800958,-0.7703842766115825,-22.394021571201264,-21.74574608188139,-0.3908494091800958,False,-22.394021571201264,-0.7703842766115834,False,-44.13976765308271
739,12.315448498618908,783,598,623.0,772.0,-0.37388943481085557,-0.7435065183015194,-21.42228661919375,-21.177498919949628,-0.37388943481085546,False,-21.42228661919374,-0.743506518301519,False,-42.59978553914334
740,12.332113516884968,792,602,638.0,782.0,-0.3520017031001712,-0.707710521467902,-20.168211969056877,-20.380614028056552,-0.3520017031001714,False,-20.168211969056888,-0.7077105214679023,False,-40.54882599711344
741,12.34877853515103,802,607,657.0,793.0,-0.3273605937185548,-0.662158824765641,-18.756380398970038,-19.182525627443834,-0.32736059371855486,False,-18.75638039897004,-0.6621588247656405,False,-37.938906026413854
742,12.36544355341709,814,612,677.0,804.0,-0.2986615861065406,-0.6197566324002528,-17.1120483865878,-18.39739097518749,-0.2986615861065407,False,-17.112048386587805,-0.6197566324002537,False,-35.50943936177535
743,12.382108571683151,828,617,701.0,816.0,-0.26586475250104136,-0.5680287619511365,-15.232928239599868,-17.31272246224158,-0.2658647525010416,False,-15.23292823959988,-0.5680287619511368,False,-32.54565070184146
744,12.398773589949212,843,622,729.0,828.0,-0.23109066719589708,-0.5054483408736572,-13.240519915187205,-15.719536778763127,-0.23109066719589721,False,-13.240519915187212,-0.5054483408736559,False,-28.96005669395026
745,12.415438608215272,858,626,758.0,840.0,-0.19696433952300868,-0.43713866872033735,-11.285225369250192,-13.760975410392591,-0.19696433952300874,False,-11.285225369250195,-0.4371386687203369,False,-25.04620077964276
746,12.432103626481334,875,630,791.0,850.0,-0.1586552621864014,-0.3647348142644133,-9.090276920822323,-11.807488578016521,-0.15865526218640147,False,-9.090276920822326,-0.3647348142644127,False,-20.897765498838822
747,12.448768644747394,893,633,828.0,860.0,-0.118645431793701,-0.27888139250551586,-6.79788250028634,-9.180844275011054,-0.11864543179370113,False,-6.797882500286347,-0.27888139250551447,False,-15.978726775297327
748,12.465433663013455,910,635,864.0,866.0,-0.08114014305501291,-0.19656292057518973,-4.648987746139977,-6.613238011583606,-0.08114014305501271,False,-4.648987746139967,-0.19656292057518954,False,-11.262225757723572
749,12.482098681279515,928,636,903.0,871.0,-0.04164257909858842,-0.10598435798959989,-2.3859440303888126,-3.6865123768188863,-0.041642579098588595,False,-2.3859440303888224,-0.10598435798959827,False,-6.072456407207607
750,12.498763699545577,945,637,943.0,873.0,-0.004376339675604069,-0.008474373402970617,-0.25074579312776496,-0.23480003688037235,-0.004376339675604246,False,-0.2507457931277751,-0.00847437340297219,False,-0.48554583000822377
751,12.515428717811638,962,636,982.0,872.0,0.032882879805511994,0.08454375551299814,1.8840502310918026,2.9599501439888756,0.032882879805511855,False,1.8840502310917946,0.08454375551299975,False,4.844000375080772
752,12.532093736077698,979,635,1021.0,868.0,0.07021405691112528,0.17834235625063474,4.022969123498848,6.195295198081096,0.07021405691112514,False,4.02296912349884,0.178342356250635,False,10.218264321579962
753,12.548758754343758,995,633,1058.0,861.0,0.10556635606326933,0.2695890779209262,6.048506661000621,9.397809706691937,0.10556635606326914,False,6.0485066610006095,0.26958907792092646,False,15.446316367692573
754,12.565423772609819,1010,631,1092.0,853.0,0.1387914745261451,0.3538251121739431,7.952165722745591,12.320519890564281,0.13879147452614493,False,7.9521657227455815,0.3538251121739435,False,20.27268561330989
755,12.582088790875881,1024,628,1124.0,842.0,0.1702119252854744,0.43713866872033735,9.752424941653784,15.293775837988992,0.17021192528547457,False,9.752424941653793,0.4371386687203369,False,25.04620077964276
756,12.598753809141941,1036,625,1152.0,831.0,0.19739555984988075,0.5128502897712041,11.309932474020213,18.074224651931072,0.19739555984988089,False,11.30993247402022,0.5128502897712046,False,29.38415712595132
757,12.615418827408002,1048,621,1177.0,820.0,0.22514212326083172,0.5751378162377683,12.899693453459816,20.05327605533501,0.22514212326083172,False,12.899693453459816,0.5751378162377669,False,32.95296950879475
758,12.632083845674062,1059,618,1198.0,809.0,0.2503434185262638,0.6291075220107366,14.343621310432098,21.701584560716654,0.25034341852626385,False,14.343621310432102,0.629107522010738,False,36.04520587114883
759,12.648748863940124,1068,615,1216.0,800.0,0.27130251125999794,0.6747409422235526,15.544488866498376,23.115319387591708,0.2713025112599978,False,15.54448886649837,0.6747409422235542,False,38.65980825409018
760,12.665413882206185,1075,612,1229.0,792.0,0.28805544705062586,0.707710521467902,16.504361381755018,24.0444646153584,0.2880554470506258,False,16.504361381755015,0.7077105214679023,False,40.54882599711344
761,12.682078900472245,1081,609,1240.0,785.0,0.3027521367590798,0.7346953878814758,17.346419674862783,24.74852527847276,0.30275213675907997,False,17.34641967486279,0.7346953878814766,False,42.09494495333558
762,12.698743918738305,1086,607,1247.0,781.0,0.31470841728833,0.7466116550131146,18.03146408786326,24.746232679665628,0.3147084172883301,False,18.031464087863267,0.7466116550131154,False,42.777696767528944
763,12.715408937004366,1088,606,1250.0,778.0,0.3196363926416607,0.75546698504364,18.313816277153602,24.971253527319853,0.31963639264166055,False,18.31381627715359,0.7554669850436397,False,43.285069804473444
764,12.732073955270428,1089,606,1251.0,778.0,0.3217505543966422,0.75546698504364,18.43494882292201,24.850120981551434,0.32175055439664213,False,18.434948822922006,0.7554669850436397,False,43.285069804473444
765,12.748738973536488,1088,606,1248.0,780.0,0.3196363926416607,0.7435065183015194,18.313816277153602,24.28596926198975,0.31963639264166055,False,18.31381627715359,0.743506518301519,False,42.59978553914334
766,12.765403991802549,1085,608,1243.0,784.0,0.3119055841521311,0.7315580314241459,17.870873578479646,24.04431409102276,0.311905584152131,False,17.870873578479642,0.7315580314241465,False,41.91518766950245
767,12.782069010068609,1080,610,1233.0,790.0,0.2999690383350126,0.7044940642422177,17.18695988119422,23.17757669190315,0.29996903833501243,False,17.186959881194213,0.704494064242219,False,40.36453657309744
768,12.798734028334671,1074,612,1221.0,797.0,0.28592611272937934,0.6714362615900673,16.38235951197524,22.088104489177514,0.2859261127293795,False,16.38235951197525,0.6714362615900669,False,38.470464001152735
769,12.815399046600731,1065,615,1206.0,805.0,0.2648899172827165,0.6384293010557998,15.177074295869138,21.402230172115214,0.2648899172827166,False,15.177074295869145,0.6384293010558011,False,36.579304467984436
770,12.832064064866792,1055,619,1188.0,814.0,0.2412233159735234,0.5985780024668524,13.821077925433585,20.474915325288425,0.24122331597352353,False,13.821077925433594,0.5985780024668514,False,34.29599325072197
771,12.848729083132852,1044,623,1166.0,825.0,0.21555965189963744,0.5433264688263294,12.350658287158403,18.77965527433657,0.21555965189963722,False,12.35065828715839,0.5433264688263293,False,31.130313561494958
772,12.865394101398914,1031,626,1142.0,834.0,0.18616007759191802,0.49020682724655507,10.666186759844832,17.420595529881425,0.18616007759191788,False,10.666186759844825,0.4902068272465563,False,28.086782289726326
773,12.882059119664975,1016,629,1114.0,844.0,0.15248196438009143,0.42767828083120013,8.73657301084339,15.767587470195151,0.1524819643800912,False,8.736573010843378,0.4276782808311985,False,24.504160481038454
774,12.898724137931035,1001,632,1083.0,853.0,0.11890545721254882,0.3552950139583206,6.812780859352442,13.544123922500996,0.11890545721254897,False,6.81278085935245,0.35529501395831886,False,20.356904781853345
775,12.915389156197095,985,634,1051.0,861.0,0.08350579621789717,0.28294808572151336,4.78452968816502,11.42720144498352,0.08350579621789711,False,4.784529688165017,0.28294808572151453,False,16.211731133148614
776,12.932054174463156,969,636,1016.0,867.0,0.048208233431018044,0.20072333458743719,2.762128313378814,8.738471608273628,0.04820823343101788,False,2.7621283133788044,0.20072333458743685,False,11.500599921652434
777,12.948719192729218,952,637,979.0,871.0,0.010940482512353295,0.11487660541689913,0.6268434737945273,5.955101181383474,0.010940482512353356,False,0.6268434737945308,0.11487660541689948,False,6.581944655178031
778,12.965384210995278,935,636,943.0,873.0,-0.026309717252922193,0.03374246255742194,-1.507435758774968,3.440736453693453,-0.026309717252922304,False,-1.5074357587749743,0.033742462557423636,False,1.9333006949185805
779,12.982049229261339,917,636,905.0,872.0,-0.06569480155246474,-0.050803704058221655,-3.764034864905718,0.8531970387379532,-0.06569480155246454,False,-3.7640348649057067,-0.050803704058221655,False,-2.9108378261677537
780,12.9987142475274,901,634,868.0,868.0,-0.10097698144374605,-0.14010172439663027,-5.785554864697478,-2.241682645734478,-0.100976981443746,False,-5.785554864697477,-0.14010172439662938,False,-8.027237510431904
781,13.015379265793461,884,632,834.0,863.0,-0.1384883290400289,-0.21316188819196974,-7.934796765812691,-4.27847978062672,-0.13848832904002872,False,-7.934796765812681,-0.21316188819196924,False,-12.213276546439376
782,13.032044284059522,868,628,799.0,855.0,-0.17454485913881465,-0.2950902060220442,-10.000683764359536,-6.906739616349548,-0.1745448591388148,False,-10.000683764359545,-0.2950902060220457,False,-16.90742338070917
783,13.048709302325582,853,625,767.0,846.0,-0.20817565108436634,-0.3711096294205465,-11.92758620452221,-9.335429297939118,-0.2081756510843662,False,-11.927586204522203,-0.3711096294205447,False,-21.26301550246122
784,13.065374320591642,839,621,739.0,836.0,-0.2401710078601731,-0.4353532751523024,-13.76078511179124,-11.18312015163334,-0.2401710078601731,False,-13.76078511179124,-0.43535327515230193,False,-24.943905263424554
785,13.082039338857703,826,616,713.0,824.0,-0.27071024795315146,-0.49766095119340426,-15.51055467865561,-13.003317453192496,-0.2707102479531516,False,-15.510554678655618,-0.4976609511934029,False,-28.513872131848036
786,13.098704357123765,815,612,690.0,814.0,-0.29654580906970046,-0.5541370513421143,-16.990823291986167,-14.758891021741192,-0.2965458090697006,False,-16.990823291986175,-0.5541370513421136,False,-31.749714313727317
787,13.115369375389825,804,608,671.0,803.0,-0.32245132512986346,-0.5985780024668524,-18.475100028341878,-15.820893222380137,-0.3224513251298635,False,-18.47510002834188,-0.5985780024668514,False,-34.29599325072197
788,13.132034393655886,796,604,653.0,793.0,-0.342127213714417,-0.6477204930362879,-19.60244540240643,-17.5092051527057,-0.3421272137144169,False,-19.602445402406424,-0.6477204930362888,False,-37.11165055511218
789,13.148699411921946,789,600,640.0,785.0,-0.35981396670998533,-0.6780282413619009,-20.615821702342863,-18.23233491837158,-0.35981396670998533,False,-20.615821702342863,-0.6780282413619005,False,-38.84815662071442
790,13.165364430188008,783,598,630.0,779.0,-0.37388943481085557,-0.7017613914108175,-21.42228661919375,-18.785679333874317,-0.37388943481085546,False,-21.42228661919374,-0.7017613914108161,False,-40.20796595306798
791,13.182029448454069,780,596,622.0,773.0,-0.3817491270939607,-0.7287424425995209,-21.872613815287213,-19.881252497719988,-0.3817491270939608,False,-21.87261381528722,-0.7287424425995219,False,-41.75386631300726
792,13.198694466720129,777,595,619.0,770.0,-0.3887877612900393,-0.7343913930408705,-22.275897848258975,-19.801629483716127,-0.3887877612900392,False,-22.27589784825897,-0.7343913930408696,False,-42.07752733197505
793,13.21535948498619,777,595,618.0,769.0,-0.3887877612900393,-0.7403835476229212,-22.275897848258975,-20.14495465145761,-0.3887877612900392,False,-22.27589784825897,-0.7403835476229226,False,-42.42085249971666
794,13.23202450325225,778,595,620.0,770.0,-0.3867226252643735,-0.7343913930408705,-22.157574269867904,-19.9199530621072,-0.3867226252643734,False,-22.157574269867897,-0.7343913930408696,False,-42.07752733197505
795,13.248689521518312,782,597,625.0,774.0,-0.37677968629029945,-0.7255893400179174,-21.587885830697324,-19.985321012012193,-0.37677968629029923,False,-21.58788583069731,-0.725589340017919,False,-41.5732068427096
796,13.265354539784372,786,599,633.0,779.0,-0.36685393619637385,-0.7044940642422177,-21.019182241813805,-19.34535433128354,-0.36685393619637363,False,-21.019182241813795,-0.704494064242219,False,-40.36453657309744
797,13.282019558050433,793,602,644.0,786.0,-0.3499121213845346,-0.6806775479424769,-20.04848775580319,-18.951462950614484,-0.34991212138453465,False,-20.048487755803194,-0.6806775479424765,False,-38.99995070641766
798,13.298684576316493,801,606,658.0,794.0,-0.33017732122041954,-0.6502749255932068,-18.917766996865314,-18.34024176280906,-0.33017732122041954,False,-18.917766996865314,-0.6502749255932052,False,-37.2580087596743
799,13.315349594582555,811,610,675.0,803.0,-0.3063240082550418,-0.6138487856050115,-17.551072836544485,-17.619871837853594,-0.306324008255042,False,-17.551072836544495,-0.6138487856050112,False,-35.170944674398065
800,13.332014612848615,822,614,695.0,813.0,-0.28042860955995497,-0.5680287619511365,-16.06737578250743,-16.478274919334027,-0.2804286095599551,False,-16.067375782507437,-0.5680287619511368,False,-32.54565070184146
801,13.348679631114676,835,619,718.0,824.0,-0.24979661299943873,-0.5186206282202724,-14.312291661530596,-15.402481503914384,-0.24979661299943867,False,-14.312291661530592,-0.5186206282202726,False,-29.714773165444974
802,13.365344649380736,849,623,742.0,834.0,-0.2177126946712697,-0.469318625710637,-12.47401855108408,-14.415957949015393,-0.21771269467126952,False,-12.474018551084072,-0.4693186257106383,False,-26.889976500099543
803,13.382009667646797,864,627,772.0,844.0,-0.18359143241291814,-0.4009920846051986,-10.519014232021513,-12.456139834009184,-0.1835914324129182,False,-10.519014232021517,-0.40099208460519975,False,-22.97515406603078
804,13.398674685912859,879,630,802.0,853.0,-0.14997643131931654,-0.33247400392925547,-8.593016541030494,-10.45634068193178,-0.14997643131931637,False,-8.593016541030485,-0.3324740039292564,False,-19.049357222962342
805,13.415339704178919,896,633,833.0,860.0,-0.11211070852242967,-0.2707196292562142,-6.42347043655657,-9.087621751170863,-0.11211070852242955,False,-6.4234704365565625,-0.27071962925621307,False,-15.511092187727375
806,13.43200472244498,913,635,868.0,866.0,-0.07458665353113578,-0.19239560151592244,-4.273500455338619,-6.749955508404529,-0.07458665353113592,False,-4.273500455338627,-0.19239560151592272,False,-11.023455963743155
807,13.44866974071104,929,636,904.0,870.0,-0.03945320109703948,-0.10643387697397651,-2.260501911141272,-3.837710036682221,-0.039453201097039425,False,-2.2605019111412687,-0.10643387697397699,False,-6.098211947823516
808,13.465334758977102,945,636,939.0,872.0,-0.004385936788792128,-0.0254182532590757,-0.2512956672089501,-1.2050629671307445,-0.004385936788791955,False,-0.2512956672089402,-0.025418253259076096,False,-1.4563586343397101
809,13.481999777243162,961,636,976.0,871.0,0.030692113370018564,0.06374331253268707,1.7585285604391097,1.8936942198672266,0.030692113370018426,False,1.7585285604391017,0.0637433125326865,False,3.6522227803063028
810,13.498664795509223,977,634,1012.0,868.0,0.06598336852085021,0.14847197480207144,3.7805685343010906,4.726248997830315,0.0659833685208504,False,3.7805685343011017,0.14847197480207086,False,8.506817532131366
811,13.515329813775283,991,633,1045.0,863.0,0.09682650885402476,0.2306059362595526,5.547750302321716,7.664996576013532,0.09682650885402477,False,5.547750302321717,0.23060593625955406,False,13.212746878335325
812,13.531994832041343,1005,631,1078.0,855.0,0.12790107897380007,0.3150392457653196,7.328192020368178,10.72222714296934,0.1279010789738,False,7.328192020368173,0.3150392457653197,False,18.050419163337512
813,13.548659850307406,1018,628,1109.0,847.0,0.15717494282186167,0.3938180418362781,9.005460868902707,13.558650824422523,0.15717494282186184,False,9.005460868902718,0.3938180418362798,False,22.564111693325316
814,13.565324868573466,1029,625,1135.0,837.0,0.18222550562255238,0.4636476090008061,10.440752391809704,16.124298785268277,0.18222550562255257,False,10.440752391809715,0.46364760900080526,False,26.56505117707794
815,13.581989886839526,1040,623,1159.0,827.0,0.2069273335622249,0.5280744484263596,11.856062879011278,18.400374284517998,0.2069273335622248,False,11.856062879011272,0.5280744484263593,False,30.256437163529245
816,13.598654905105587,1049,620,1180.0,817.0,0.22779453308827394,0.5868302711420823,13.05166534211128,20.57123248484778,0.2277945330882738,False,13.05166534211127,0.5868302711420839,False,33.622897826959154
817,13.615319923371649,1057,617,1196.0,809.0,0.24659330112091352,0.626625073946363,14.128755410426978,21.77421666377275,0.24659330112091338,False,14.128755410426969,0.6266250739463644,False,35.902972074199795
818,13.63198494163771,1064,615,1210.0,801.0,0.2627473906026095,0.6654941780324244,15.054316559604832,23.0756911321809,0.26274739060260943,False,15.054316559604828,0.665494178032425,False,38.13000769178578
819,13.64864995990377,1069,613,1220.0,796.0,0.2746355532654874,0.6898813257218057,15.735458106352741,23.791830222396754,0.2746355532654876,False,15.735458106352754,0.6898813257218066,False,39.52728832874956
820,13.66531497816983,1073,612,1226.0,791.0,0.28379410920832787,0.7072444213259714,16.26020470831196,24.2619157178384,0.28379410920832804,False,16.26020470831197,0.7072444213259708,False,40.522120426150316
821,13.68197999643589,1075,611,1230.0,789.0,0.28868730858884056,0.7164386131877714,16.540564381131365,24.50834443473365,0.2886873085888406,False,16.540564381131368,0.7164386131877727,False,41.0489088158651
822,13.698645014701953,1075,610,1230.0,789.0,0.2893218703089962,0.7136651667229491,16.576922089536843,24.313079949188378,0.28932187030899614,False,16.576922089536843,0.7136651667229508,False,40.89000203872532
823,13.715310032968013,1074,611,1227.0,791.0,0.28655382801014384,0.7044940642422177,16.418324948298913,23.946211624798433,0.2865538280101436,False,16.418324948298903,0.704494064242219,False,40.36453657309744
824,13.731975051234073,1072,612,1221.0,795.0,0.281659450883516,0.6833443037420767,16.137897795597773,23.014846763129004,0.2816594508835162,False,16.137897795597784,0.683344303742075,False,39.15274455872669
825,13.748640069500134,1068,614,1212.0,800.0,0.2718973074598434,0.6588060361174762,15.578568178419943,22.16823720885473,0.2718973074598434,False,15.578568178419943,0.6588060361174755,False,37.74680538727462
826,13.765305087766196,1061,616,1201.0,806.0,0.2557425100544006,0.6350267353903137,14.652966468199175,21.731385347636717,0.25574251005440063,False,14.652966468199178,0.6350267353903121,False,36.38435181583579
827,13.781970106032256,1053,618,1185.0,815.0,0.23744382187043556,0.5903417805676446,13.60452886463207,20.21956363213213,0.23744382187043556,False,13.60452886463207,0.5903417805676447,False,33.8240924967642
828,13.798635124298317,1044,621,1167.0,823.0,0.21650704676787125,0.5469458760638359,12.404940014640554,18.932750305902648,0.21650704676787136,False,12.40494001464056,0.5469458760638375,False,31.337690320543285
829,13.815300142564377,1034,624,1147.0,832.0,0.1934944092894011,0.49766095119340426,11.086413011659634,17.427459120188466,0.19349440928940087,False,11.086413011659621,0.4976609511934029,False,28.513872131848036
830,13.831965160830437,1022,627,1123.0,841.0,0.16623681626698583,0.44096718872938945,9.524667971789997,15.740890846152855,0.16623681626698605,False,9.52466797179001,0.4409671887293882,False,25.26555881794279
831,13.8486301790965,1009,629,1096.0,849.0,0.13721690156807098,0.3765817504806407,7.861949337712515,13.714595606476857,0.13721690156807087,False,7.861949337712509,0.37658175048063924,False,21.57654494418929
832,13.86529519736256,995,632,1068.0,857.0,0.1057981729237937,0.31372933605498354,6.061788788728641,11.9135780766634,0.10579817292379357,False,6.061788788728633,0.3137293360549833,False,17.975366865392033
833,13.88196021562862,980,634,1036.0,863.0,0.07255961626736535,0.23983467557654625,4.1573597752088265,9.584154916216589,0.07255961626736518,False,4.157359775208817,0.23983467557654592,False,13.741514691425404
834,13.89862523389468,965,635,1004.0,868.0,0.03953982118113306,0.16584457152637153,2.265464876380902,7.236729127235698,0.03953982118113286,False,2.2654648763808907,0.165844571526371,False,9.502194003616564
835,13.915290252160743,949,636,971.0,871.0,0.004385936788792128,0.09334495938239547,0.2512956672089501,5.096976544222412,0.004385936788791955,False,0.2512956672089402,0.09334495938239584,False,5.348272211431377
836,13.931955270426803,933,636,936.0,872.0,-0.030692113370018564,0.012711179763426197,-1.7585285604391097,2.486825513515528,-0.030692113370018426,False,-1.7585285604391017,0.012711179763424951,False,0.7282969530763499
837,13.948620288692863,917,634,902.0,871.0,-0.06598336852085021,-0.06320683189746022,-3.7805685343010906,0.15908383018375485,-0.0659833685208504,False,-3.7805685343011017,-0.06320683189746035,False,-3.621484704117347
838,13.965285306958924,902,633,869.0,868.0,-0.09901291488023128,-0.13951326889294935,-5.67302213992532,-2.32049935371447,-0.09901291488023123,False,-5.673022139925316,-0.1395132688929479,False,-7.99352149363971
839,13.981950325224984,886,631,836.0,862.0,-0.1344391444006359,-0.21316188819196974,-7.70279557550627,-4.510480970933132,-0.13443914440063587,False,-7.7027955755062685,-0.21316188819196924,False,-12.213276546439376
840,13.998615343491046,872,628,806.0,856.0,-0.1658725281749212,-0.28177186727335213,-9.50379580158782,-6.640542978695656,-0.16587252817492137,False,-9.503795801587831,-0.2817718672733527,False,-16.144338780283512
841,14.015280361757107,857,625,778.0,848.0,-0.19955538370528714,-0.3404649468595299,-11.433681265426673,-8.073523261770253,-0.19955538370528725,False,-11.43368126542668,-0.3404649468595302,False,-19.507204527196933
842,14.031945380023167,844,621,751.0,839.0,-0.22944697162218625,-0.40322973795400596,-13.14634309600924,-9.957019062921457,-0.22944697162218608,False,-13.14634309600923,-0.40322973795400685,False,-23.10336215893074
843,14.048610398289227,832,617,728.0,830.0,-0.25732371497108864,-0.4542139265948053,-14.743562836470735,-11.280978153476582,-0.2573237149710885,False,-14.743562836470728,-0.45421392659480375,False,-26.024540989947234
844,14.06527541655529,821,614,707.0,821.0,-0.2825549524695875,-0.5033993843966541,-16.189206257026942,-12.653453878385125,-0.2825549524695874,False,-16.189206257026935,-0.5033993843966549,False,-28.84266013541211
845,14.08194043482135,811,610,689.0,812.0,-0.3063240082550418,-0.5433264688263294,-17.551072836544485,-13.579240724950488,-0.306324008255042,False,-17.551072836544495,-0.5433264688263293,False,-31.130313561494958
846,14.09860545308741,804,607,674.0,804.0,-0.3231550478551618,-0.5833022856361237,-18.51542037044892,-14.905338776835395,-0.3231550478551619,False,-18.515420370448922,-0.5833022856361225,False,-33.420759147284244
847,14.11527047135347,797,604,662.0,798.0,-0.34003262418576286,-0.6079530078917312,-19.48243426260225,-15.350707231877584,-0.34003262418576297,False,-19.482434262602258,-0.6079530078917301,False,-34.83314149447977
848,14.131935489619531,792,602,652.0,792.0,-0.3520017031001712,-0.6350267353903137,-20.168211969056877,-16.216139846779004,-0.3520017031001714,False,-20.168211969056888,-0.6350267353903121,False,-36.38435181583579
849,14.148600507885593,789,600,646.0,788.0,-0.35981396670998533,-0.6502749255932068,-20.615821702342863,-16.642187057331512,-0.35981396670998533,False,-20.615821702342863,-0.6502749255932052,False,-37.2580087596743
850,14.165265526151654,787,599,642.0,786.0,-0.3647726858796196,-0.659560590248285,-20.899935382553522,-16.890102771830637,-0.36477268587961964,False,-20.899935382553526,-0.6595605902482866,False,-37.79003815438426
851,14.181930544417714,787,599,642.0,785.0,-0.3647726858796196,-0.662158824765641,-20.899935382553522,-17.038970643860353,-0.36477268587961964,False,-20.899935382553526,-0.6621588247656405,False,-37.938906026413854
852,14.198595562683774,789,600,644.0,786.0,-0.35981396670998533,-0.662158824765641,-20.615821702342863,-17.323084324071015,-0.35981396670998533,False,-20.615821702342863,-0.6621588247656405,False,-37.938906026413854
853,14.215260580949836,793,602,649.0,789.0,-0.3499121213845346,-0.6562122885567105,-20.04848775580319,-17.549706843117246,-0.34991212138453465,False,-20.048487755803194,-0.6562122885567092,False,-37.598194598920365
854,14.231925599215897,797,604,658.0,795.0,-0.34003262418576286,-0.6291075220107366,-19.48243426260225,-16.562771608546498,-0.34003262418576297,False,-19.482434262602258,-0.629107522010738,False,-36.04520587114883
855,14.248590617481957,803,606,668.0,801.0,-0.3259699386396457,-0.6055446636049701,-18.676701732190114,-16.01845179904386,-0.32596993863964574,False,-18.676701732190118,-0.6055446636049702,False,-34.69515353123398
856,14.265255635748018,811,610,682.0,807.0,-0.3063240082550418,-0.5797577962605973,-17.551072836544485,-15.666602028993216,-0.306324008255042,False,-17.551072836544495,-0.5797577962605978,False,-33.21767486553771
857,14.281920654014078,821,613,699.0,815.0,-0.28317321164752707,-0.5433264688263294,-16.224629898568107,-14.905683662926872,-0.2831732116475272,False,-16.22462989856811,-0.5433264688263293,False,-31.130313561494958
858,14.29858567228014,831,617,717.0,824.0,-0.25946262874180737,-0.5033993843966541,-14.866113568275331,-13.976546567136742,-0.25946262874180714,False,-14.866113568275319,-0.5033993843966549,False,-28.84266013541211
859,14.3152506905462,844,621,738.0,832.0,-0.22944697162218625,-0.46554154613022614,-13.14634309600924,-13.527222685247636,-0.22944697162218608,False,-13.14634309600923,-0.46554154613022547,False,-26.67356578125684
860,14.33191570881226,857,625,762.0,841.0,-0.19955538370528714,-0.4143517155480171,-11.433681265426673,-12.306923269479919,-0.19955538370528725,False,-11.43368126542668,-0.4143517155480154,False,-23.740604534906495
861,14.348580727078321,871,628,788.0,849.0,-0.16804302533816318,-0.3592664560504758,-9.628156128486703,-10.956295523827851,-0.16804302533816307,False,-9.628156128486697,-0.35926645605047725,False,-20.584451652314623
862,14.365245745344383,886,631,815.0,856.0,-0.1344391444006359,-0.3056661507103368,-7.70279557550627,-9.810584800205772,-0.13443914440063587,False,-7.7027955755062685,-0.3056661507103371,False,-17.513380375712067
863,14.381910763610444,902,633,846.0,862.0,-0.09901291488023128,-0.23983467557654625,-5.67302213992532,-8.068492551500114,-0.09901291488023123,False,-5.673022139925316,-0.23983467557654592,False,-13.741514691425404
864,14.398575781876504,917,634,876.0,867.0,-0.06598336852085021,-0.17418248308264742,-3.7805685343010906,-6.199352611443474,-0.0659833685208504,False,-3.7805685343011017,-0.17418248308264594,False,-9.979921145744473
865,14.415240800142564,933,636,908.0,870.0,-0.030692113370018564,-0.10643387697397651,-1.7585285604391097,-4.3396833873843885,-0.030692113370018426,False,-1.7585285604391017,-0.10643387697397699,False,-6.098211947823516
866,14.431905818408627,948,636,942.0,871.0,0.002192978940673848,-0.025526369158899505,0.12564843786168162,-1.5882016569595372,0.0021929789406738287,False,0.12564843786168053,-0.025526369158900053,False,-1.462553219097882
867,14.448570836674687,963,635,974.0,871.0,0.0351503513672087,0.04657645976759853,2.0139667817429614,0.6546677876013067,0.0351503513672089,False,2.013966781742973,0.04657645976759994,False,2.668634569344356
868,14.465235854940747,977,634,1006.0,868.0,0.06598336852085021,0.12330291708117037,3.7805685343010906,3.2841682161015076,0.0659833685208504,False,3.7805685343011017,0.12330291708116903,False,7.064736750402533
869,14.481900873206808,990,632,1039.0,864.0,0.09484730041287884,0.208147833640982,5.434350011867388,6.491642370552057,0.0948473004128787,False,5.43435001186738,0.20814783364098233,False,11.925992382419462
870,14.498565891472868,1002,631,1068.0,858.0,0.12135200057076367,0.28294808572151336,6.952957468173915,9.25877366497464,0.12135200057076378,False,6.952957468173922,0.28294808572151453,False,16.211731133148614
871,14.51523090973893,1014,629,1095.0,850.0,0.14812750357904475,0.35131183296192064,8.48708078488826,11.641604536834752,0.1481275035790448,False,8.487080784888263,0.3513118329619189,False,20.128685321722912
872,14.53189592800499,1024,626,1122.0,842.0,0.1709604536067691,0.4259296565339419,9.79531245530998,14.608659233541639,0.17096045360676904,False,9.795312455309979,0.4259296565339419,False,24.403971688851616
873,14.548560946271051,1033,624,1143.0,834.0,0.19132451561850763,0.4825132950224769,10.962087262325289,16.683888101413395,0.19132451561850772,False,10.962087262325294,0.4825132950224784,False,27.645975363738767
874,14.565225964537111,1042,621,1162.0,826.0,0.21217709189427822,0.5295895987820763,12.156851874901571,18.186397009338,0.21217709189427802,False,12.15685187490156,0.5295895987820778,False,30.34324888423966
875,14.581890982803174,1049,620,1179.0,817.0,0.22779453308827394,0.5833022856361237,13.05166534211128,20.369093805173048,0.2277945330882738,False,13.05166534211127,0.5833022856361225,False,33.420759147284244
876,14.598556001069234,1054,618,1191.0,811.0,0.2395994788623477,0.6173025397004024,13.728038912346502,21.640791295193516,0.23959947886234767,False,13.7280389123465,0.6173025397004039,False,35.36883020754009
877,14.615221019335294,1058,616,1200.0,806.0,0.24929130485351036,0.6418147697509796,14.283339637415319,22.4899378984765,0.24929130485351036,False,14.283339637415319,0.6418147697509795,False,36.77327753589182
878,14.631886037601355,1061,615,1206.0,802.0,0.25630503960188644,0.659560590248285,14.685197037121519,23.104841117262644,0.25630503960188644,False,14.685197037121519,0.6595605902482866,False,37.79003815438426
879,14.648551055867415,1062,615,1209.0,800.0,0.2584549362080187,0.6714362615900673,14.808377039042396,23.66208696211037,0.2584549362080186,False,14.808377039042393,0.6714362615900669,False,38.470464001152735
880,14.665216074133477,1062,615,1209.0,800.0,0.2584549362080187,0.6714362615900673,14.808377039042396,23.66208696211037,0.2584549362080186,False,14.808377039042393,0.6714362615900669,False,38.470464001152735
881,14.681881092399538,1061,615,1205.0,803.0,0.25630503960188644,0.6536358969195218,14.685197037121519,22.765381194615202,0.25630503960188644,False,14.685197037121519,0.6536358969195213,False,37.4505782317367
882,14.698546110665598,1058,616,1199.0,806.0,0.24929130485351036,0.6384293010557998,14.283339637415319,22.29596483056904,0.24929130485351036,False,14.283339637415319,0.6384293010558011,False,36.579304467984436
883,14.715211128931658,1054,618,1190.0,811.0,0.2395994788623477,0.6138487856050115,13.728038912346502,21.442905762051588,0.23959947886234767,False,13.7280389123465,0.6138487856050112,False,35.170944674398065
884,14.73187614719772,1048,620,1177.0,817.0,0.22563663705466852,0.5797577962605973,12.928027006757668,20.289647858780008,0.2256366370546683,False,12.928027006757656,0.5797577962605978,False,33.21767486553771
885,14.74854116546378,1041,622,1163.0,824.0,0.20954773939938778,0.5433264688263294,12.006201074092155,19.12411248740281,0.20954773939938764,False,12.006201074092148,0.5433264688263293,False,31.130313561494958
886,14.765206183729841,1032,624,1145.0,832.0,0.1891527964262619,0.49766095119340426,10.837656918322049,17.67621521352607,0.18915279642626182,False,10.837656918322043,0.4976609511934029,False,28.513872131848036
887,14.781871201995902,1022,627,1124.0,840.0,0.16623681626698583,0.4466038050058087,9.524667971789997,16.06384516952642,0.16623681626698605,False,9.52466797179001,0.44660380500580743,False,25.588513141316355
888,14.798536220261962,1012,629,1101.0,848.0,0.1437673766128265,0.38600514337174185,8.237263911582774,13.879201673960273,0.14376737661282668,False,8.237263911582785,0.3860051433717402,False,22.116465585542958
889,14.815201238528024,999,631,1076.0,855.0,0.11479244450142707,0.3310960767041321,6.577122589921505,12.393285218565051,0.11479244450142723,False,6.5771225899215136,0.33109607670413155,False,18.970407808486513
890,14.831866256794084,986,633,1047.0,861.0,0.0858809510609847,0.26142116885694905,4.920616036363993,10.057713614516013,0.08588095106098459,False,4.920616036363986,0.2614211688569483,False,14.978329650879974
891,14.848531275060145,973,634,1019.0,866.0,0.05720623717916056,0.1957371865774664,3.277675952190276,7.937238732463306,0.057206237179160624,False,3.2776759521902794,0.19573718657746753,False,11.214914684653635
892,14.865196293326205,959,635,989.0,870.0,0.026367514039356506,0.12697278961407893,1.510747270707073,5.764257687182183,0.026367514039356443,False,1.5107472707070695,0.12697278961407932,False,7.275004957889278
893,14.881861311592267,945,636,957.0,872.0,-0.004385936788792128,0.050803704058221655,-0.2512956672089501,3.1621334933766936,-0.004385936788791955,False,-0.2512956672089402,0.050803704058221655,False,2.9108378261677537
894,14.898526329858328,930,635,926.0,872.0,-0.037345266244523126,-0.01687603484692138,-2.139726140603553,1.1728005689592556,-0.03734526624452306,False,-2.139726140603549,-0.016876034846919907,False,-0.966925571644217
895,14.915191348124388,915,634,896.0,870.0,-0.07036820394690929,-0.08033520628225284,-4.031801098073724,-0.5710671682122197,-0.07036820394690935,False,-4.0318010980737276,-0.08033520628225332,False,-4.602868266285972
896,14.931856366390448,901,633,865.0,866.0,-0.10119837157767966,-0.1532942815467293,-5.798239584997711,-2.9848757711200444,-0.10119837157767986,False,-5.798239584997722,-0.15329428154672797,False,-8.78311535611769
897,14.948521384656509,887,631,836.0,862.0,-0.13226104573984832,-0.2172934309230211,-7.577999714880045,-4.871996792926563,-0.1322610457398481,False,-7.577999714880033,-0.21729343092302145,False,-12.44999650780662
898,14.965186402922571,873,628,809.0,856.0,-0.16370045250386445,-0.2736593210820904,-9.379345032853223,-6.300179089566034,-0.16370045250386456,False,-9.379345032853228,-0.27365932108208924,False,-15.679524122419187
899,14.981851421188631,860,626,783.0,850.0,-0.1926480771747091,-0.3310960767041321,-11.0379217534214,-7.932486055065145,-0.192648077174709,False,-11.037921753421394,-0.33109607670413155,False,-18.970407808486513
900,14.998516439454692,848,622,761.0,842.0,-0.22034518951470242,-0.3765817504806407,-12.624849395202729,-8.95169554898665,-0.2203451895147026,False,-12.62484939520274,-0.37658175048063924,False,-21.57654494418929
901,15.015181457720752,837,619,740.0,835.0,-0.24551456875616126,-0.42208365861726244,-14.066948598702506,-10.11666364150726,-0.2455145687561613,False,-14.066948598702508,-0.42208365861726094,False,-24.183612240209694
902,15.031846475986814,827,616,721.0,828.0,-0.2685794305188804,-0.4636476090008061,-15.388467832758984,-11.176583344319004,-0.26857943051888045,False,-15.388467832758987,-0.46364760900080526,False,-26.56505117707794
903,15.048511494252875,818,613,706.0,821.0,-0.2895488044251388,-0.49394136891958124,-16.589924456619347,-11.710831309387045,-0.28954880442513886,False,-16.58992445661935,-0.4939413689195824,False,-28.300755766006446
904,15.065176512518935,811,610,693.0,814.0,-0.3063240082550418,-0.5244092235441183,-17.551072836544485,-12.495362410266026,-0.306324008255042,False,-17.551072836544495,-0.5244092235441187,False,-30.04643524681052
905,15.081841530784995,806,607,682.0,809.0,-0.3189376222940554,-0.5505493997838679,-18.273779685386927,-13.270377335689384,-0.3189376222940554,False,-18.273779685386927,-0.5505493997838684,False,-31.544157021076337
906,15.098506549051056,802,605,674.0,805.0,-0.3287926915049544,-0.5693131911006619,-18.83843355798076,-13.780809513212064,-0.3287926915049546,False,-18.838433557980775,-0.5693131911006617,False,-32.61924307119281
907,15.115171567317118,799,604,669.0,802.0,-0.33583413021950237,-0.5809769580203017,-19.241878278024384,-14.045649410888112,-0.3358341302195025,False,-19.24187827802439,-0.580976958020301,False,-33.287527688912455
908,15.131836585583178,798,604,667.0,800.0,-0.33793492582887,-0.5891790735930257,-19.362245000060767,-14.395229294247347,-0.3379349258288702,False,-19.362245000060774,-0.5891790735930265,False,-33.757474294308146
909,15.148501603849239,798,604,667.0,800.0,-0.33793492582887,-0.5891790735930257,-19.362245000060767,-14.395229294247347,-0.3379349258288702,False,-19.362245000060774,-0.5891790735930265,False,-33.757474294308146
910,15.165166622115299,800,605,670.0,802.0,-0.3330018376879912,-0.5833022856361237,-19.07959986962237,-14.34115927766194,-0.3330018376879913,False,-19.079599869622378,-0.5833022856361225,False,-33.420759147284244
911,15.181831640381361,803,606,676.0,805.0,-0.3259699386396457,-0.5680287619511365,-18.676701732190114,-13.868948969651319,-0.32596993863964574,False,-18.676701732190118,-0.5680287619511368,False,-32.54565070184146
912,15.198496658647421,808,608,684.0,809.0,-0.31402056078770135,-0.5527645521148087,-17.9920528134666,-13.679023087151187,-0.31402056078770135,False,-17.9920528134666,-0.5527645521148088,False,-31.671075900617787
913,15.215161676913482,815,611,695.0,815.0,-0.29719408809250963,-0.5317240672588056,-17.027966943939997,-13.437577975519876,-0.29719408809250947,False,-17.027966943939987,-0.531724067258807,False,-30.465544919459965
914,15.231826695179542,822,614,709.0,821.0,-0.28042860955995497,-0.4996851311426771,-16.06737578250743,-12.562473317409017,-0.2804286095599551,False,-16.067375782507437,-0.49968513114267665,False,-28.629849099916427
915,15.248491713445603,831,617,724.0,827.0,-0.25946262874180737,-0.47123759607702354,-14.866113568275331,-12.13381183482875,-0.25946262874180714,False,-14.866113568275319,-0.47123759607702453,False,-26.999925403104147
916,15.265156731711665,842,620,742.0,834.0,-0.2342552135942509,-0.43713866872033735,-13.421835067886203,-11.624365711756585,-0.23425521359425083,False,-13.421835067886201,-0.4371386687203369,False,-25.04620077964276
917,15.281821749977725,854,624,763.0,841.0,-0.20647442842569014,-0.3970794452249823,-11.83011332616804,-10.920863016619604,-0.20647442842569008,False,-11.830113326168036,-0.39707944522498195,False,-22.750976342787617
918,15.298486768243786,866,627,784.0,848.0,-0.17926283240694726,-0.3552950139583206,-10.27100372047908,-10.085901061374358,-0.1792628324069474,False,-10.271003720479086,-0.35529501395831886,False,-20.356904781853345
919,15.315151786509846,880,630,808.0,854.0,-0.14780310965029603,-0.31099828060554097,-8.468494381871292,-9.350394532651496,-0.14780310965029608,False,-8.468494381871295,-0.310998280605542,False,-17.81888891452284
920,15.331816804775908,894,632,835.0,860.0,-0.11672363547165363,-0.2532174056543325,-6.687771681949261,-7.82051696129609,-0.11672363547165343,False,-6.68777168194925,-0.2532174056543326,False,-14.508288643245365
921,15.348481823041968,908,634,861.0,865.0,-0.08569271168063324,-0.20072333458743719,-4.909830714331696,-6.5907692073207516,-0.08569271168063342,False,-4.909830714331706,-0.20072333458743685,False,-11.500599921652434
922,15.365146841308029,923,634,889.0,868.0,-0.052814275479653866,-0.14428939453774245,-3.026035083025438,-5.241138252485205,-0.052814275479653894,False,-3.0260350830254397,-0.14428939453774348,False,-8.267173335510694
923,15.38181185957409,937,635,919.0,870.0,-0.021974484296662558,-0.07644647637726203,-1.2590452071752678,-3.121015247888389,-0.02197448429666249,False,-1.2590452071752638,-0.07644647637726365,False,-4.380060455063754
924,15.39847687784015,951,635,947.0,871.0,0.008790982324488225,-0.01694752980640491,0.5036861849672812,-1.4747081160464564,0.008790982324488272,False,0.503686184967284,-0.016947529806405015,False,-0.9710219310791725
925,15.415141896106212,965,634,977.0,871.0,0.03962682225392679,0.05058970876938464,2.270449670665093,0.6281271286166289,0.039626822253926886,False,2.2704496706650987,0.05058970876938318,False,2.898576799281626
926,15.431806914372272,978,633,1006.0,868.0,0.06832614614294795,0.11858985925770553,3.914799804384986,2.879898624131978,0.06832614614294785,False,3.9147998043849803,0.11858985925770682,False,6.794698428517035
927,15.448471932638332,990,632,1034.0,864.0,0.09484730041287884,0.1874291124436737,5.434350011867388,5.304547089038041,0.0948473004128787,False,5.43435001186738,0.18742911244367377,False,10.738897100905447
928,15.465136950904393,1001,630,1060.0,859.0,0.11942892601833845,0.2521580269545241,6.84277341263094,7.604817302209334,0.11942892601833854,False,6.842773412630946,0.2521580269545254,False,14.447590714840356
929,15.481801969170455,1011,629,1086.0,853.0,0.14158523671592263,0.3230892416826378,8.112236505183072,10.399413449314324,0.1415852367159225,False,8.112236505183063,0.32308924168263786,False,18.511649954497386
930,15.498466987436515,1020,627,1108.0,846.0,0.16188190137669575,0.3820799399363353,9.275149728437697,12.616418266526297,0.16188190137669567,False,9.275149728437693,0.38207993993633593,False,21.891567994964042
931,15.515132005702576,1028,625,1128.0,839.0,0.1800512454889318,0.43713866872033735,10.316176462589695,14.730024317053102,0.18005124548893203,False,10.316176462589707,0.4371386687203369,False,25.04620077964276
932,15.531797023968636,1035,623,1146.0,831.0,0.19609291186763672,0.49020682724655507,11.235296242446397,16.851486047279856,0.19609291186763667,False,11.235296242446394,0.4902068272465563,False,28.086782289726326
933,15.548462042234696,1040,622,1159.0,826.0,0.207382201350178,0.5280744484263596,11.882124883497443,18.374312280031813,0.20738220135017782,False,11.882124883497431,0.5280744484263593,False,30.256437163529245
934,15.565127060500759,1044,620,1171.0,820.0,0.21698382469575528,0.5657580297420903,12.432257377673302,19.983289952185384,0.21698382469575517,False,12.432257377673295,0.5657580297420921,False,32.41554732985878
935,15.581792078766819,1047,619,1180.0,815.0,0.22396882397939996,0.5961991412974801,12.832468356528045,21.3272261891414,0.2239688239794,False,12.832468356528047,0.596199141297479,False,34.15969454566937
936,15.59845709703288,1049,618,1184.0,812.0,0.2287988453872256,0.6079530078917312,13.109208198154292,21.72393329632554,0.2287988453872254,False,13.109208198154278,0.6079530078917301,False,34.83314149447977
937,15.61512211529894,1049,618,1186.0,811.0,0.2287988453872256,0.6173025397004024,13.109208198154292,22.259622009385712,0.2287988453872254,False,13.109208198154278,0.6173025397004039,False,35.36883020754009
938,15.631787133565002,1049,618,1185.0,811.0,0.2287988453872256,0.6138487856050115,13.109208198154292,22.061736476243787,0.2287988453872254,False,13.109208198154278,0.6138487856050112,False,35.170944674398065
939,15.648452151831062,1047,619,1181.0,814.0,0.22396882397939996,0.6020696709098432,12.832468356528045,21.663582759436352,0.2239688239794,False,12.832468356528047,0.6020696709098416,False,34.49605111596432
940,15.665117170097123,1043,620,1174.0,817.0,0.2148154004016586,0.5868302711420823,12.308015817427927,21.314882009531143,0.2148154004016587,False,12.308015817427933,0.5868302711420839,False,33.622897826959154
941,15.681782188363183,1039,622,1164.0,822.0,0.20521468807138726,0.5585993153435624,11.75793552058417,20.24744768749933,0.2052146880713872,False,11.757935520584166,0.5585993153435638,False,32.00538320808357
942,15.698447206629243,1033,623,1152.0,827.0,0.19174590244629638,0.5280744484263596,10.98623094909999,19.27020621442928,0.1917459024462964,False,10.986230949099992,0.5280744484263593,False,30.256437163529245
943,15.715112224895305,1026,625,1136.0,833.0,0.17569757675705638,0.48645734054528994,10.06672961885516,17.805222907548174,0.17569757675705633,False,10.066729618855156,0.48645734054528944,False,27.871952526403305
944,15.731777243161366,1018,627,1119.0,841.0,0.15752078322464075,0.44096718872938945,9.025276064367054,16.240282753575794,0.15752078322464058,False,9.025276064367043,0.4409671887293882,False,25.26555881794279
945,15.748442261427426,1009,629,1099.0,847.0,0.13721690156807098,0.3915295526610869,7.861949337712515,14.571041584412882,0.13721690156807087,False,7.861949337712509,0.3915295526610869,False,22.43299092212539
946,15.765107279693487,998,630,1076.0,853.0,0.11285180433688262,0.3364750591017295,6.465932098939534,12.812668699004504,0.11285180433688247,False,6.4659320989395255,0.3364750591017298,False,19.278600797944055
947,15.781772297959549,987,632,1051.0,859.0,0.08826563798480856,0.27480520613523457,5.057248532559135,10.687929967212405,0.08826563798480835,False,5.057248532559123,0.27480520613523396,False,15.745178499771503
948,15.798437316225609,976,633,1026.0,865.0,0.06393042077262162,0.212270495716091,3.6629432927667063,8.499260226915128,0.06393042077262168,False,3.66294329276671,0.21227049571609058,False,12.162203519681812
949,15.81510233449167,963,634,998.0,868.0,0.035227711080049844,0.14847197480207144,2.018399166793103,6.488418365338289,0.03522771108004985,False,2.0183991667931034,0.14847197480207086,False,8.506817532131366
950,15.83176735275773,950,634,970.0,870.0,0.006607833340113323,0.08454375551299814,0.3786009621143273,4.4653994129663515,0.006607833340113167,False,0.3786009621143183,0.08454375551299975,False,4.844000375080772
951,15.848432371023792,937,634,941.0,871.0,-0.022022870612974532,0.01687603484692138,-1.261817538886129,2.2287431105304383,-0.022022870612974366,False,-1.2618175388861195,0.016876034846919907,False,0.966925571644217
952,15.865097389289852,924,634,913.0,870.0,-0.05061751899241546,-0.04657645976759853,-2.900170207688693,0.23153563834442287,-0.05061751899241562,False,-2.9001702076887024,-0.04657645976759994,False,-2.668634569344356
953,15.881762407555913,911,633,884.0,868.0,-0.07930353143078678,-0.11439203107265948,-4.543757651467153,-2.0104229389256103,-0.07930353143078683,False,-4.543757651467156,-0.11439203107265783,False,-6.554180590392665
954,15.898427425821973,898,632,858.0,865.0,-0.1079853790984506,-0.1700165110096919,-6.187106471461434,-3.554122056933401,-0.10798537909845063,False,-6.187106471461435,-0.17001651100969184,False,-9.741228528394837
955,15.915092444088033,885,630,832.0,860.0,-0.13691577575514777,-0.22648128693404307,-7.8446960995295685,-5.131725780482484,-0.1369157757551478,False,-7.84469609952957,-0.22648128693404246,False,-12.97642188001203
956,15.931757462354096,872,628,808.0,855.0,-0.1658725281749212,-0.27480520613523457,-9.50379580158782,-6.241382698183723,-0.16587252817492137,False,-9.503795801587831,-0.27480520613523396,False,-15.745178499771503
957,15.948422480620156,861,625,786.0,850.0,-0.19090495432863097,-0.3217505543966422,-10.93804817116829,-7.496900651753717,-0.19090495432863097,False,-10.93804817116829,-0.3217505543966439,False,-18.43494882292211
958,15.965087498886216,850,622,766.0,843.0,-0.21603232686382637,-0.36322608633380205,-12.377740567687926,-8.433581188293388,-0.21603232686382645,False,-12.377740567687932,-0.36322608633380327,False,-20.811321755981396
959,15.981752517152277,840,619,748.0,837.0,-0.23907427656048005,-0.3993424536827075,-13.697947037058931,-9.182690139358765,-0.23907427656047986,False,-13.697947037058919,-0.3993424536827064,False,-22.880637176417636
960,15.998417535418339,832,617,733.0,831.0,-0.25732371497108864,-0.43329640092905236,-14.743562836470735,-10.082492214972358,-0.2573237149710885,False,-14.743562836470728,-0.4332964009290521,False,-24.826055051443088
961,16.015082553684397,824,614,719.0,826.0,-0.2761681153392931,-0.45986690867781754,-15.823267445023625,-10.525165559943368,-0.276168115339293,False,-15.82326744502362,-0.4598669086778173,False,-26.348433004966985
962,16.031747571950458,818,612,708.0,821.0,-0.2901820979088641,-0.4844779290370232,-16.626209500429947,-11.13233110063008,-0.2901820979088643,False,-16.626209500429955,-0.48447792903702336,False,-27.758540601060034
963,16.048412590216522,814,610,700.0,817.0,-0.2999690383350126,-0.5033993843966541,-17.18695988119422,-11.65570025421785,-0.29996903833501243,False,-17.186959881194213,-0.5033993843966549,False,-28.84266013541211
964,16.065077608482582,810,608,694.0,814.0,-0.3097877190420836,-0.5128502897712041,-17.749528846095913,-11.634628279855372,-0.3097877190420837,False,-17.74952884609592,-0.5128502897712046,False,-29.38415712595132
965,16.081742626748643,807,608,690.0,813.0,-0.31613263597168684,-0.5186206282202724,-18.113065807523288,-11.601707357921683,-0.31613263597168695,False,-18.11306580752329,-0.5186206282202726,False,-29.714773165444974
966,16.098407645014703,807,607,690.0,812.0,-0.3168244858682192,-0.5186206282202724,-18.152705886651155,-11.56206727879381,-0.316824485868219,False,-18.15270588665114,-0.5186206282202726,False,-29.714773165444974
967,16.115072663280763,808,608,691.0,813.0,-0.31402056078770135,-0.5186206282202724,-17.9920528134666,-11.722720351978374,-0.31402056078770135,False,-17.9920528134666,-0.5186206282202726,False,-29.714773165444974
968,16.131737681546824,810,609,695.0,815.0,-0.30911077812829574,-0.5091569617566516,-17.71074298875614,-11.461802029603865,-0.30911077812829557,False,-17.710742988756135,-0.509156961756652,False,-29.172545018360022
969,16.148402699812884,814,610,702.0,818.0,-0.2999690383350126,-0.49394136891958124,-17.18695988119422,-11.11379588481216,-0.29996903833501243,False,-17.186959881194213,-0.4939413689195824,False,-28.300755766006446
970,16.165067718078944,820,612,711.0,822.0,-0.28592611272937934,-0.4787693296313251,-16.38235951197524,-11.049102436207386,-0.2859261127293795,False,-16.38235951197525,-0.47876932963132646,False,-27.43146194818271
971,16.181732736345005,826,615,722.0,827.0,-0.27130251125999794,-0.4560719963496107,-15.544488866498376,-10.586511678440198,-0.2713025112599978,False,-15.54448886649837,-0.4560719963496105,False,-26.13100054493857
972,16.19839775461107,834,617,735.0,832.0,-0.25303867128373453,-0.43152255892362384,-14.49804791815617,-10.22637347285287,-0.2530386712837345,False,-14.498047918156166,-0.4315225589236249,False,-24.724421391009088
973,16.21506277287713,843,620,750.0,837.0,-0.23210383807515567,-0.40489178628508343,-13.29857033049428,-9.900020183153918,-0.23210383807515544,False,-13.298570330494268,-0.40489178628508427,False,-23.198590513648238
974,16.23172779114319,853,623,768.0,843.0,-0.20908840068402673,-0.3686959026580498,-11.979882904335007,-9.144836241737478,-0.2090884006840268,False,-11.97988290433501,-0.3686959026580503,False,-21.12471914607251
975,16.24839280940925,864,625,787.0,849.0,-0.18439802491841173,-0.3310960767041321,-10.565228578373178,-8.405179230113367,-0.18439802491841162,False,-10.565228578373173,-0.33109607670413155,False,-18.970407808486513
976,16.26505782767531,876,628,808.0,854.0,-0.15717494282186167,-0.29226848261129845,-9.005460868902707,-7.740289669417374,-0.15717494282186184,False,-9.005460868902718,-0.29226848261129845,False,-16.74575053832009
977,16.28172284594137,889,630,831.0,859.0,-0.1281822038537019,-0.24805873552229335,-7.3442992895026755,-6.868419327276647,-0.12818220385370171,False,-7.344299289502665,-0.2480587355222923,False,-14.212718616779261
978,16.29838786420743,902,632,854.0,863.0,-0.09923053641842683,-0.20487671703710847,-5.68549093559507,-6.053080271127245,-0.09923053641842694,False,-5.685490935595076,-0.2048767170371093,False,-11.738571206722371
979,16.31505288247349,916,633,879.0,866.0,-0.06832614614294795,-0.15748332232447285,-3.914799804384986,-5.108329908505696,-0.06832614614294785,False,-3.9147998043849803,-0.15748332232447382,False,-9.023129712890727
980,16.33171790073955,929,634,904.0,868.0,-0.03962682225392679,-0.10643387697397651,-2.270449670665093,-3.8277622771583912,-0.039626822253926886,False,-2.2704496706650987,-0.10643387697397699,False,-6.098211947823516
981,16.348382919005616,942,634,930.0,870.0,-0.011012770623724561,-0.050803704058221655,-0.6309852774850726,-2.2798525486826895,-0.01101277062372441,False,-0.630985277485064,-0.050803704058221655,False,-2.9108378261677537
982,16.365047937271676,955,634,956.0,870.0,0.01761932189762579,0.004237262776246715,1.0095127826163905,-0.7667355088495581,0.017619321897625717,False,1.0095127826163863,0.0042372627762468085,False,0.24277727376682823
983,16.381712955537736,968,634,983.0,869.0,0.04622255989878771,0.06374331253268707,2.648357600491181,1.0038651798151568,0.04622255989878754,False,2.6483576004911717,0.0637433125326865,False,3.6522227803063028
984,16.398377973803797,979,632,1008.0,867.0,0.0706785340506056,0.1227834924355091,4.04958170327138,2.9853942071597532,0.07067853405060553,False,4.049581703271376,0.12278349243550934,False,7.034975910431155
985,16.415042992069857,990,631,1033.0,863.0,0.09505634168819427,0.18326516206755578,5.446327194686995,5.053993123564986,0.09505634168819421,False,5.446327194686991,0.18326516206755628,False,10.500320318252003
986,16.431708010335917,999,630,1057.0,859.0,0.11504529637346365,0.24805873552229335,6.591609935031183,7.621108681748145,0.11504529637346383,False,6.591609935031193,0.2480587355222923,False,14.212718616779261
987,16.448373028601978,1008,628,1078.0,854.0,0.13532849095795416,0.3003634415449125,7.753751379765096,9.455806140782803,0.13532849095795418,False,7.753751379765098,0.30036344154491346,False,17.209557520547953
988,16.465038046868038,1016,627,1098.0,848.0,0.1531536147872126,0.3552950139583206,8.775055744479678,11.581849037373757,0.1531536147872128,False,8.775055744479689,0.35529501395831886,False,20.356904781853345
989,16.4817030651341,1022,625,1116.0,842.0,0.16697016902492895,0.40877849630808727,9.566685989714417,13.854596604443078,0.16697016902492878,False,9.566685989714408,0.4087784963080878,False,23.421282594157535
990,16.498368083400162,1027,624,1130.0,837.0,0.17826745829923377,0.45041586707721765,10.213972985070495,15.592955224179567,0.17826745829923363,False,10.213972985070487,0.4504158670772185,False,25.806928209250106
991,16.515033101666223,1032,623,1142.0,832.0,0.1895696326639322,0.4844779290370232,10.861539875488669,16.897000725571353,0.189569632663932,False,10.861539875488656,0.48447792903702336,False,27.758540601060034
992,16.531698119932283,1035,622,1151.0,828.0,0.1965252380504784,0.5128502897712041,11.260066708096227,18.124090417855047,0.19652523805047828,False,11.26006670809622,0.5128502897712046,False,29.38415712595132
993,16.548363138198344,1037,622,1158.0,824.0,0.20087380669253485,0.5396911682799233,11.509221338208997,19.412804844715282,0.20087380669253463,False,11.509221338208985,0.5396911682799228,False,30.922026182924267
994,16.565028156464404,1037,621,1161.0,822.0,0.20131710837464076,0.5527645521148087,11.534620653644716,20.13645524697307,0.20131710837464079,False,11.534620653644717,0.5527645521148088,False,31.671075900617787
995,16.581693174730464,1037,621,1162.0,822.0,0.20131710837464076,0.5563601789155386,11.534620653644716,20.342469487359015,0.20131710837464079,False,11.534620653644717,0.5563601789155399,False,31.87709014100381
996,16.598358192996525,1036,622,1160.0,822.0,0.19870047428972334,0.5549957273385867,11.384698564048872,20.41421426024555,0.19870047428972315,False,11.384698564048861,0.5549957273385857,False,31.798912824294362
997,16.615023211262585,1033,622,1155.0,825.0,0.19216912660189162,0.5411436131056458,11.010479907003585,19.994765234410227,0.19216912660189145,False,11.010479907003575,0.5411436131056462,False,31.00524514141383
998,16.63168822952865,1030,624,1147.0,829.0,0.18480395440132172,0.5186206282202724,10.58848662452385,19.12628654092111,0.18480395440132158,False,10.58848662452384,0.5186206282202726,False,29.714773165444974
999,16.64835324779471,1025,624,1137.0,833.0,0.17390118913788663,0.49194194284930987,9.96380418990718,18.222392900824232,0.17390118913788655,False,9.963804189907174,0.4919419428493086,False,28.18619709073133
1000,16.66501826606077,1019,626,1124.0,838.0,0.1600541072260854,0.45986690867781754,9.170424837789025,17.178008167177982,0.16005410722608548,False,9.17042483778903,0.4598669086778173,False,26.348433004966985
1001,16.68168328432683,1012,627,1109.0,843.0,0.14440174567201616,0.42208365861726244,8.273610581328027,15.910001658881756,0.14440174567201636,False,8.27361058132804,0.42208365861726094,False,24.183612240209694
1002,16.69834830259289,1004,629,1092.0,848.0,0.1262733259836871,0.3820799399363353,7.2349286439449045,14.656639351019114,0.126273325983687,False,7.2349286439449,0.38207993993633593,False,21.891567994964042
1003,16.71501332085895,995,630,1072.0,854.0,0.10626486289107881,0.3310960767041321,6.088528154195175,12.881879654291382,0.10626486289107895,False,6.088528154195183,0.33109607670413155,False,18.970407808486513
1004,16.73167833912501,986,632,1050.0,859.0,0.08607001721734388,0.27480520613523457,4.931448729172134,10.813729770599394,0.08607001721734386,False,4.931448729172133,0.27480520613523396,False,15.745178499771503
1005,16.74834335739107,975,633,1028.0,863.0,0.06173161933997215,0.22648128693404307,3.536961250688573,9.43946062932348,0.06173161933997218,False,3.536961250688574,0.22648128693404246,False,12.97642188001203
1006,16.765008375657132,964,634,1003.0,867.0,0.03742744782696203,0.16584457152637153,2.1444347984310084,7.357759205185592,0.037427447826961835,False,2.1444347984309973,0.165844571526371,False,9.502194003616564
1007,16.781673393923196,953,634,978.0,869.0,0.013215089688860083,0.10598435798959989,0.757168865058535,5.315287542149173,0.013215089688860093,False,0.7571688650585355,0.10598435798959827,False,6.072456407207607
1008,16.798338412189256,941,634,952.0,870.0,-0.013215089688860083,0.04657645976759853,-0.757168865058535,3.425803434402815,-0.013215089688860093,False,-0.7571688650585355,0.04657645976759994,False,2.668634569344356
1009,16.815003430455317,929,634,926.0,870.0,-0.03962682225392679,-0.012711179763426197,-2.270449670665093,1.5421527175886725,-0.039626822253926886,False,-2.2704496706650987,-0.012711179763424951,False,-0.7282969530763499
1010,16.831668448721377,918,633,900.0,870.0,-0.06393042077262162,-0.07580383736113926,-3.6629432927667063,-0.6802966589226718,-0.06393042077262168,False,-3.66294329276671,-0.07580383736113916,False,-4.343239951689381
1011,16.848333466987437,906,632,876.0,867.0,-0.09046040585489717,-0.12697278961407893,-5.18299946852613,-2.092005489363132,-0.09046040585489701,False,-5.18299946852612,-0.12697278961407932,False,-7.275004957889278
1012,16.864998485253498,894,631,851.0,864.0,-0.11698009411086492,-0.18249600024803592,-6.702465679595736,-3.75378491263515,-0.11698009411086474,False,-6.7024656795957265,-0.1824960002480367,False,-10.456250592230928
1013,16.881663503519558,883,629,829.0,860.0,-0.14158523671592263,-0.22964244228513467,-8.112236505183072,-5.045306234831731,-0.1415852367159225,False,-8.112236505183063,-0.22964244228513309,False,-13.157542740014717
1014,16.89832852178562,872,627,809.0,855.0,-0.16623681626698583,-0.2695890779209262,-9.524667971789997,-5.9216483959025625,-0.16623681626698605,False,-9.52466797179001,-0.26958907792092646,False,-15.446316367692573
1015,16.91499354005168,862,625,789.0,850.0,-0.18873776752013358,-0.31372933605498354,-10.813877513624963,-7.16148935176708,-0.18873776752013338,False,-10.813877513624952,-0.3137293360549833,False,-17.975366865392033
1016,16.931658558317743,853,623,771.0,845.0,-0.20908840068402673,-0.3538251121739431,-11.979882904335007,-8.292802708974852,-0.2090884006840268,False,-11.97988290433501,-0.3538251121739435,False,-20.27268561330989
1017,16.948323576583803,844,620,757.0,840.0,-0.22995027235320847,-0.3765817504806407,-13.175180103722662,-8.4013648404667,-0.22995027235320853,False,-13.175180103722665,-0.37658175048063924,False,-21.57654494418929
1018,16.964988594849864,837,618,743.0,835.0,-0.24605277656985744,-0.40877849630808727,-14.09778563492826,-9.32349695922925,-0.24605277656985747,False,-14.097785634928261,-0.4087784963080878,False,-23.421282594157535
1019,16.981653613115924,831,616,733.0,831.0,-0.2600312895821321,-0.42767828083120013,-14.898695434400302,-9.60546504663825,-0.2600312895821322,False,-14.898695434400306,-0.4276782808311985,False,-24.504160481038454
1020,16.998318631381984,826,614,724.0,828.0,-0.2718973074598434,-0.4447819229791353,-15.578568178419943,-9.905558811997354,-0.2718973074598434,False,-15.578568178419943,-0.44478192297913566,False,-25.48412699041732
1021,17.014983649648045,822,613,718.0,825.0,-0.2810427182635284,-0.4560719963496107,-16.10256161938444,-10.028438925554154,-0.28104271826352845,False,-16.102561619384442,-0.4560719963496105,False,-26.13100054493857
1022,17.031648667914105,820,612,714.0,823.0,-0.28592611272937934,-0.46554154613022614,-16.38235951197524,-10.291206269281643,-0.2859261127293795,False,-16.38235951197525,-0.46554154613022547,False,-26.67356578125684
1023,17.048313686180165,819,612,712.0,823.0,-0.28805544705062586,-0.469318625710637,-16.504361381755018,-10.38561511834445,-0.2880554470506258,False,-16.504361381755015,-0.4693186257106383,False,-26.889976500099543
1024,17.064978704446226,819,612,713.0,823.0,-0.28805544705062586,-0.46554154613022614,-16.504361381755018,-10.16920439950185,-0.2880554470506258,False,-16.504361381755015,-0.46554154613022547,False,-26.67356578125684
1025,17.08164372271229,821,612,716.0,824.0,-0.28379410920832787,-0.45986690867781754,-16.26020470831196,-10.088228296655041,-0.28379410920832804,False,-16.26020470831197,-0.4598669086778173,False,-26.348433004966985
1026,17.09830874097835,824,613,721.0,826.0,-0.2767738744094542,-0.45041586707721765,-15.857974883145626,-9.948953326104434,-0.2767738744094541,False,-15.857974883145621,-0.4504158670772185,False,-25.806928209250106
1027,17.11497375924441,828,615,729.0,830.0,-0.26702995642302707,-0.43152255892362384,-15.299689506601739,-9.424731884407278,-0.26702995642302696,False,-15.299689506601734,-0.4315225589236249,False,-24.724421391009088
1028,17.13163877751047,833,617,738.0,833.0,-0.2551823906208184,-0.4143517155480171,-14.620873988631656,-9.119730546274942,-0.2551823906208184,False,-14.620873988631656,-0.4143517155480154,False,-23.740604534906495
1029,17.14830379577653,840,619,749.0,837.0,-0.23907427656048005,-0.395442373270991,-13.697947037058931,-8.959231992005758,-0.23907427656047986,False,-13.697947037058919,-0.39544237327099196,False,-22.657179029064753
1030,17.16496881404259,848,621,763.0,841.0,-0.22082876972934834,-0.3686959026580498,-12.65255650055797,-8.472162645514521,-0.22082876972934828,False,-12.652556500557967,-0.3686959026580503,False,-21.12471914607251
1031,17.181633832308652,856,624,778.0,846.0,-0.2021553681271201,-0.33787818824027843,-11.582649399597463,-7.776344776097245,-0.2021553681271202,False,-11.58264939959747,-0.3378781882402784,False,-19.358994175694715
1032,17.198298850574712,866,626,794.0,851.0,-0.17965618329938,-0.3097029445424562,-10.29354106648318,-7.451130558573755,-0.17965618329938016,False,-10.293541066483188,-0.3097029445424546,False,-17.744671625056842
1033,17.214963868840773,877,628,812.0,855.0,-0.15499674192394097,-0.27888139250551586,-8.880659150520245,-7.09806762477715,-0.15499674192394108,False,-8.880659150520252,-0.27888139250551447,False,-15.978726775297327
1034,17.231628887106837,888,630,832.0,859.0,-0.13036749383571414,-0.23983467557654625,-7.469507182484196,-6.27200750894123,-0.13036749383571422,False,-7.469507182484201,-0.23983467557654592,False,-13.741514691425404
1035,17.248293905372897,900,632,852.0,863.0,-0.10360995023518131,-0.20487671703710847,-5.93641286403638,-5.802158342685942,-0.10360995023518127,False,-5.936412864036378,-0.2048767170371093,False,-11.738571206722371
1036,17.264958923638957,912,633,875.0,866.0,-0.07710950098011111,-0.15748332232447285,-4.418048966520252,-4.605080746370415,-0.07710950098011127,False,-4.41804896652026,-0.15748332232447382,False,-9.023129712890727
1037,17.281623941905018,924,634,897.0,868.0,-0.05061751899241546,-0.11487660541689913,-2.900170207688693,-3.6817744474893286,-0.05061751899241562,False,-2.9001702076887024,-0.11487660541689948,False,-6.581944655178031
1038,17.298288960171078,936,634,919.0,870.0,-0.02422433534860819,-0.07190969295698986,-1.387952176984821,-2.732169735532312,-0.02422433534860824,False,-1.387952176984824,-0.07190969295698935,False,-4.12012191251711
1039,17.31495397843714,948,634,943.0,870.0,0.002202639609674876,-0.021183271578959544,0.1262019534227134,-1.3399140111765293,0.002202639609675039,False,0.12620195342272275,-0.02118327157895905,False,-1.213712057753781
1040,17.3316189967032,959,634,967.0,870.0,0.02642556525981821,0.033885329904117606,1.5140733606351122,0.4274130302792606,0.026425565259818207,False,1.514073360635112,0.03388532990411619,False,1.9414863909142963
1041,17.34828401496926,970,633,990.0,868.0,0.05072906605268776,0.08490179344972196,2.9065613834593873,1.9579530543011294,0.05072906605268779,False,2.906561383459389,0.08490179344972049,False,4.864514437760442
1042,17.36494903323532,980,632,1013.0,866.0,0.07287954335185144,0.14010172439663027,4.175690246901805,3.85154726353015,0.07287954335185143,False,4.175690246901804,0.14010172439662938,False,8.027237510431904
1043,17.381614051501383,989,631,1034.0,863.0,0.09285856444932829,0.19158649656275636,5.320403834590058,5.6566938301535306,0.09285856444932827,False,5.320403834590057,0.19158649656275628,False,10.977097664743589
1044,17.398279069767444,997,630,1054.0,859.0,0.11065722117389565,0.24395091425953555,6.34019174590991,7.6371660495193,0.11065722117389587,False,6.340191745909922,0.24395091425953552,False,13.977357795429198
1045,17.414944088033504,1004,628,1073.0,855.0,0.12655218958280093,0.2950902060220442,7.250906351233955,9.65651702947512,0.1265521895828008,False,7.250906351233947,0.2950902060220457,False,16.90742338070917
1046,17.431609106299565,1010,627,1089.0,851.0,0.1400173575698668,0.33905907872732344,8.022403647327497,11.40425056934205,0.14001735756986688,False,8.0224036473275,0.339059078727324,False,19.426654216669576
1047,17.448274124565625,1016,626,1103.0,846.0,0.1534916462553563,0.3765817504806407,8.794423520946923,12.782121423242451,0.15349164625535616,False,8.794423520946914,0.37658175048063924,False,21.57654494418929
1048,17.464939142831685,1020,626,1116.0,841.0,0.16223853648476144,0.4199492092830034,9.295583414956054,14.76573388681617,0.1622385364847614,False,9.29558341495605,0.41994920928300417,False,24.06131730177227
1049,17.481604161097746,1023,625,1125.0,838.0,0.169154482645093,0.4466038050058087,9.69183794128276,15.89667520003367,0.16915448264509303,False,9.69183794128276,0.44660380500580743,False,25.588513141316355
1050,17.498269179363806,1025,624,1132.0,835.0,0.17390118913788663,0.469318625710637,9.96380418990718,16.926172310192293,0.17390118913788655,False,9.963804189907174,0.4693186257106383,False,26.889976500099543
1051,17.514934197629866,1026,624,1136.0,833.0,0.17608517173521832,0.4844779290370232,10.088937175264304,17.669603425795717,0.17608517173521854,False,10.088937175264316,0.48447792903702336,False,27.758540601060034
1052,17.53159921589593,1026,624,1137.0,832.0,0.17608517173521832,0.49020682724655507,10.088937175264304,17.997845114461956,0.17608517173521854,False,10.088937175264316,0.4902068272465563,False,28.086782289726326
1053,17.54826423416199,1025,624,1136.0,832.0,0.17390118913788663,0.49020682724655507,9.96380418990718,18.122978099819075,0.17390118913788655,False,9.963804189907174,0.4902068272465563,False,28.086782289726326
1054,17.56492925242805,1023,624,1132.0,833.0,0.1695282114579218,0.4807237478991648,9.713251024940284,17.830190841392838,0.16952821145792196,False,9.713251024940293,0.48072374789916594,False,27.543441866333183
1055,17.58159427069411,1020,625,1126.0,836.0,0.1625967325351735,0.46554154613022614,9.31610653688292,17.357459244373967,0.1625967325351736,False,9.316106536882925,0.46554154613022547,False,26.67356578125684
1056,17.598259288960172,1016,626,1118.0,839.0,0.1534916462553563,0.4466038050058087,8.794423520946923,16.794089620369515,0.15349164625535616,False,8.794423520946914,0.44660380500580743,False,25.588513141316355
1057,17.614924307226232,1011,627,1107.0,843.0,0.14221023968631394,0.4182243295792291,8.148046537569632,15.81444243700856,0.14221023968631386,False,8.148046537569629,0.4182243295792283,False,23.962488974578136
1058,17.631589325492293,1005,628,1094.0,847.0,0.12874815683868931,0.38600514337174185,7.376726006945285,14.739739578597765,0.12874815683868945,False,7.376726006945293,0.3860051433717402,False,22.116465585542958
1059,17.648254343758353,998,629,1080.0,851.0,0.11310100907540943,0.3538251121739431,6.480210478691782,13.79247513461807,0.11310100907540921,False,6.4802104786917685,0.3538251121739435,False,20.27268561330989
1060,17.664919362024413,990,630,1062.0,856.0,0.09526630364781384,0.3084180111024965,5.458357128831492,12.212693233160525,0.09526630364781363,False,5.45835712883148,0.30841801110249634,False,17.671050361992005
1061,17.681584380290477,982,631,1044.0,859.0,0.07745008716444297,0.2655096587899116,4.437563117442932,10.775019751177568,0.07745008716444302,False,4.437563117442934,0.26550965878991306,False,15.21258286862058
1062,17.698249398556538,973,632,1024.0,863.0,0.05745880658180615,0.2172934309230211,3.292147112996009,9.157849394810581,0.05745880658180624,False,3.292147112996014,0.21729343092302145,False,12.44999650780662
1063,17.714914416822598,963,633,1003.0,866.0,0.03530541191226364,0.1700165110096919,2.022851096543608,7.718377431851234,0.03530541191226355,False,2.0228510965436026,0.17001651100969184,False,9.741228528394837
1064,17.73157943508866,953,634,981.0,868.0,0.013215089688860083,0.11909188524916606,0.757168865058535,6.066293533974982,0.013215089688860093,False,0.7571688650585355,0.11909188524916559,False,6.823462399033493
1065,17.74824445335472,942,634,958.0,869.0,-0.011012770623724561,0.06798019333723407,-0.6309852774850726,4.52596344619194,-0.01101277062372441,False,-0.630985277485064,0.0679801933372346,False,3.8949781687069014
1066,17.76490947162078,932,634,935.0,870.0,-0.03302763321706266,0.012711179763426197,-1.892343990643776,2.620640943720192,-0.03302763321706248,False,-1.8923439906437656,0.012711179763424951,False,0.7282969530763499
1067,17.78157448988684,921,633,912.0,870.0,-0.05733224402163453,-0.03795644518831435,-3.2848956124538042,1.110151497843745,-0.057332244021634615,False,-3.284895612453809,-0.03795644518831409,False,-2.174744114610039
1068,17.7982395081529,910,632,890.0,868.0,-0.08167629977394518,-0.08454375551299814,-4.679707263292379,-0.16429311178829709,-0.08167629977394508,False,-4.679707263292373,-0.08454375551299975,False,-4.844000375080772
1069,17.81490452641896,899,631,868.0,865.0,-0.10603100630789418,-0.13171166687264657,-6.0751291589673455,-1.4713934654683731,-0.10603100630789397,False,-6.075129158967334,-0.13171166687264702,False,-7.546522624435733
1070,17.831569544685024,889,630,848.0,862.0,-0.1281822038537019,-0.17491808048840873,-7.3442992895026755,-2.6777684830127892,-0.12818220385370171,False,-7.344299289502665,-0.1749180804884105,False,-10.022067772515555
1071,17.848234562951085,879,628,829.0,859.0,-0.15063590829718568,-0.21316188819196974,-8.630801788548439,-3.582474757890958,-0.15063590829718576,False,-8.630801788548444,-0.21316188819196924,False,-12.213276546439376
1072,17.864899581217145,870,626,810.0,855.0,-0.1709604536067691,-0.25624867775891386,-9.79531245530998,-4.886655286083623,-0.17096045360676904,False,-9.795312455309979,-0.256248677758915,False,-14.681967741393677
1073,17.881564599483205,862,624,794.0,851.0,-0.1891527964262619,-0.2910525907812059,-10.837656918322049,-5.838428149789302,-0.18915279642626182,False,-10.837656918322043,-0.2910525907812058,False,-16.676085068111345
1074,17.898229617749266,854,622,780.0,847.0,-0.207382201350178,-0.31774523536139215,-11.882124883497443,-6.323336063101339,-0.20738220135017782,False,-11.882124883497431,-0.317745235361393,False,-18.205460946598823
1075,17.914894636015326,848,621,766.0,843.0,-0.22082876972934834,-0.3538251121739431,-12.65255650055797,-7.620129112751895,-0.22082876972934828,False,-12.652556500557967,-0.3538251121739435,False,-20.27268561330989
1076,17.931559654281386,842,619,756.0,839.0,-0.23476945308659616,-0.3726449038498295,-13.451298820456538,-7.899681427197045,-0.23476945308659625,False,-13.451298820456543,-0.37264490384982807,False,-21.35098024765351
1077,17.948224672547447,837,618,748.0,836.0,-0.24605277656985744,-0.38760404972168905,-14.09778563492826,-8.110290536303431,-0.24605277656985747,False,-14.097785634928261,-0.3876040497216877,False,-22.208076171231617
1078,17.964889690813507,833,616,741.0,833.0,-0.2557425100544006,-0.4009920846051986,-14.652966468199175,-8.322187597831524,-0.25574251005440063,False,-14.652966468199178,-0.40099208460519975,False,-22.97515406603078
1079,17.98155470907957,831,615,736.0,832.0,-0.260602391747341,-0.4126521626465833,-14.931417178137554,-8.711810148457657,-0.2606023917473408,False,-14.931417178137542,-0.4126521626465838,False,-23.643227326595248
1080,17.99821972734563,830,615,734.0,831.0,-0.2627473906026095,-0.4182243295792291,-15.054316559604832,-8.90817241497336,-0.26274739060260943,False,-15.054316559604828,-0.4182243295792283,False,-23.962488974578136
1081,18.014884745611692,830,615,734.0,831.0,-0.2627473906026095,-0.4182243295792291,-15.054316559604832,-8.90817241497336,-0.26274739060260943,False,-15.054316559604828,-0.4182243295792283,False,-23.962488974578136
1082,18.031549763877752,831,616,736.0,832.0,-0.2600312895821321,-0.4143517155480171,-14.898695434400302,-8.841909100506292,-0.2600312895821322,False,-14.898695434400306,-0.4143517155480154,False,-23.740604534906495
1083,18.048214782143813,833,616,740.0,833.0,-0.2557425100544006,-0.40489178628508343,-14.652966468199175,-8.545624045449008,-0.25574251005440063,False,-14.652966468199178,-0.40489178628508427,False,-23.198590513648238
1084,18.064879800409873,837,617,746.0,836.0,-0.24659330112091352,-0.3938180418362781,-14.128755410426978,-8.435356282898246,-0.24659330112091338,False,-14.128755410426969,-0.3938180418362798,False,-22.564111693325316
1085,18.081544818675933,841,619,754.0,838.0,-0.23692298346589624,-0.37814231532260145,-13.57468702224364,-8.091271701046583,-0.23692298346589613,False,-13.574687022243634,-0.37814231532260223,False,-21.66595872329027
1086,18.098209836941994,847,620,764.0,841.0,-0.22347660114063303,-0.3592664560504758,-12.804266065286752,-7.780185587027796,-0.22347660114063306,False,-12.804266065286754,-0.35926645605047725,False,-20.584451652314623
1087,18.114874855208054,853,622,776.0,845.0,-0.20954773939938778,-0.33247400392925547,-12.006201074092155,-7.043156148870143,-0.20954773939938764,False,-12.006201074092148,-0.3324740039292564,False,-19.049357222962342
1088,18.131539873474118,861,624,788.0,849.0,-0.19132451561850763,-0.31372933605498354,-10.962087262325289,-7.013279603066764,-0.19132451561850772,False,-10.962087262325294,-0.3137293360549833,False,-17.975366865392033
1089,18.14820489174018,870,626,803.0,853.0,-0.1709604536067691,-0.28700518487114873,-9.79531245530998,-6.648873336178793,-0.17096045360676904,False,-9.795312455309979,-0.28700518487114834,False,-16.444185791488746
1090,18.16486991000624,879,627,819.0,856.0,-0.15096780988593556,-0.25624867775891386,-8.649818348797494,-6.032149392596123,-0.15096780988593572,False,-8.649818348797503,-0.256248677758915,False,-14.681967741393677
1091,18.1815349282723,889,629,836.0,860.0,-0.12846456045285604,-0.22553382659079477,-7.360477130951875,-5.561659270136041,-0.1284645604528558,False,-7.360477130951861,-0.22553382659079446,False,-12.922136401087903
1092,18.19819994653836,899,631,854.0,862.0,-0.10603100630789418,-0.19239560151592244,-6.0751291589673455,-4.948326804775796,-0.10603100630789397,False,-6.075129158967334,-0.19239560151592272,False,-11.023455963743155
1093,18.21486496480442,910,632,873.0,865.0,-0.08167629977394518,-0.15748332232447285,-4.679707263292379,-4.343422449598303,-0.08167629977394508,False,-4.679707263292373,-0.15748332232447382,False,-9.023129712890727
1094,18.23152998307048,920,633,893.0,867.0,-0.059532220075248346,-0.11487660541689913,-3.4109449553557223,-3.1709996998222936,-0.059532220075248166,False,-3.410944955355712,-0.11487660541689948,False,-6.581944655178031
1095,18.24819500133654,931,633,913.0,869.0,-0.03530541191226364,-0.07612380322052725,-2.022851096543608,-2.3387215484769994,-0.03530541191226355,False,-2.0228510965436026,-0.07612380322052559,False,-4.3615726450205
1096,18.2648600196026,942,633,934.0,869.0,-0.011037079403564878,-0.033885329904117606,-0.6323780679750354,-1.3091083229393545,-0.01103707940356502,False,-0.6323780679750435,-0.03388532990411619,False,-1.9414863909142963
1097,18.281525037868665,952,633,955.0,869.0,0.011037079403564878,0.012711179763426197,0.6323780679750354,0.09591888510138273,0.01103707940356502,False,0.6323780679750435,0.012711179763424951,False,0.7282969530763499
1098,18.298190056134725,962,633,975.0,868.0,0.033100488715338224,0.055262822949821336,1.8965183032092885,1.2698082157941737,0.033100488715338106,False,1.8965183032092816,0.0552628229498211,False,3.1663265190034555
1099,18.314855074400786,971,632,995.0,867.0,0.05304752976147111,0.1017747993348465,3.039399568926921,2.791866893750653,0.05304752976147098,False,3.0393995689269135,0.1017747993348479,False,5.831266462677642
1100,18.331520092666846,979,631,1015.0,865.0,0.07083472608744631,0.15264932839526515,4.058530847775905,4.687631414779301,0.07083472608744623,False,4.0585308477758995,0.1526493283952668,False,8.746162262555302
1101,18.348185110932906,987,630,1033.0,862.0,0.08865588186743746,0.1957371865774664,5.07960786001457,6.135306824638991,0.08865588186743745,False,5.079607860014569,0.19573718657746753,False,11.214914684653635
1102,18.364850129198967,993,630,1050.0,858.0,0.10186838497479264,0.24497866312686414,5.836628524869507,8.19961494305698,0.10186838497479256,False,5.836628524869503,0.24497866312686511,False,14.036243467926534
1103,18.381515147465027,999,628,1065.0,855.0,0.11555434167368747,0.28294808572151336,6.620776082314977,9.590955050833557,0.1155543416736875,False,6.620776082314979,0.28294808572151453,False,16.211731133148614
1104,18.398180165731087,1004,627,1078.0,852.0,0.12683228097372218,0.31774523536139215,7.266954405811692,10.938506540787094,0.12683228097372234,False,7.266954405811702,0.317745235361393,False,18.205460946598823
1105,18.414845183997148,1008,627,1090.0,848.0,0.13562754427367862,0.3552950139583206,7.7708858726055015,12.58601890924795,0.1356275442736785,False,7.770885872605495,0.35529501395831886,False,20.356904781853345
1106,18.431510202263212,1011,626,1099.0,845.0,0.14252480091216446,0.3820799399363353,8.166069568209329,13.725498426754687,0.14252480091216446,False,8.166069568209329,0.38207993993633593,False,21.891567994964042
1107,18.448175220529272,1013,626,1106.0,843.0,0.14691583304301073,0.40489178628508343,8.417657177013156,14.780933336635044,0.14691583304301092,False,8.417657177013169,0.40489178628508427,False,23.198590513648238
1108,18.464840238795333,1014,625,1110.0,841.0,0.14943933773112683,0.4182243295792291,8.562243345223687,15.400245629354508,0.14943933773112672,False,8.562243345223681,0.4182243295792283,False,23.962488974578136
1109,18.481505257061393,1014,625,1113.0,840.0,0.14943933773112683,0.43152255892362384,8.562243345223687,16.162178045785332,0.14943933773112672,False,8.562243345223681,0.4315225589236249,False,24.724421391009088
1110,18.498170275327453,1014,625,1112.0,840.0,0.14943933773112683,0.42767828083120013,8.562243345223687,15.941917135814847,0.14943933773112672,False,8.562243345223681,0.4276782808311985,False,24.504160481038454
1111,18.514835293593514,1012,626,1109.0,841.0,0.14472101948513486,0.4238204829554705,8.291903623328777,15.991221321215912,0.14472101948513494,False,8.291903623328782,0.42382048295547037,False,24.283124944544696
1112,18.531500311859574,1010,626,1104.0,843.0,0.14032719718106226,0.40877849630808727,8.04015614937497,15.381126444782542,0.14032719718106224,False,8.040156149374969,0.4087784963080878,False,23.421282594157535
1113,18.548165330125634,1007,627,1097.0,845.0,0.13343065294931777,0.3915295526610869,7.645013271670718,14.787977650454664,0.13343065294931789,False,7.6450132716707255,0.3915295526610869,False,22.43299092212539
1114,18.564830348391695,1002,628,1087.0,848.0,0.12215659193283865,0.3686959026580498,6.999057157453494,14.125661988618992,0.12215659193283868,False,6.999057157453495,0.3686959026580503,False,21.12471914607251
1115,18.58149536665776,997,629,1077.0,851.0,0.1109016601814936,0.34587455983724136,6.3541970693936385,13.462955450225333,0.11090166018149361,False,6.354197069393639,0.3458745598372417,False,19.817152519618997
1116,18.59816038492382,991,630,1064.0,854.0,0.09746795181854247,0.3150392457653196,5.584502276986941,12.465916886350563,0.09746795181854262,False,5.5845022769869495,0.3150392457653197,False,18.050419163337512
1117,18.61482540318988,984,630,1049.0,858.0,0.08203768258471533,0.2777202847941562,4.700412973138083,11.211787230738334,0.08203768258471555,False,4.700412973138096,0.27772028479415667,False,15.912200203876429
1118,18.63149042145594,977,631,1034.0,861.0,0.06642099674230201,0.2429315830794659,3.805642784386095,10.113311636499036,0.06642099674230195,False,3.805642784386092,0.24293158307946427,False,13.918954420885026
1119,18.648155439722,968,632,1017.0,863.0,0.04642679137774483,0.20902294280626463,2.660059202279139,9.31607324192421,0.04642679137774497,False,2.660059202279147,0.2090229428062642,False,11.976132444203332
1120,18.66482045798806,960,632,998.0,866.0,0.028753135509706637,0.16098781377080748,1.6474333124739293,7.576488969631424,0.028753135509706595,False,1.647433312473927,0.16098781377080584,False,9.22392228210525
1121,18.68148547625412,951,633,979.0,868.0,0.008829792595606996,0.11858985925770553,0.5059098497041453,6.288788578812818,0.0088297925956069,False,0.5059098497041398,0.11858985925770682,False,6.794698428517035
1122,18.69815049452018,941,633,959.0,869.0,-0.013244258664729069,0.07612380322052725,-0.7588401242685469,5.120412769289145,-0.013244258664729003,False,-0.7588401242685431,0.07612380322052559,False,4.3615726450205
1123,18.71481551278624,932,633,939.0,869.0,-0.033100488715338224,0.029652323188272874,-1.8965183032092885,3.595471274655232,-0.033100488715338106,False,-1.8965183032092816,0.029652323188273044,False,1.6989529714459506
1124,18.731480531052306,922,633,920.0,869.0,-0.055131712255685916,-0.008474373402970617,-3.1588144295804788,2.67326859957235,-0.055131712255685805,False,-3.1588144295804725,-0.00847437340297219,False,-0.48554583000822377
1125,18.748145549318366,913,632,900.0,868.0,-0.07507984550723963,-0.05502913189365728,-4.301758274059086,1.1488212662837725,-0.07507984550723945,False,-4.301758274059076,-0.05502913189365799,False,-3.1529370077753547
1126,18.764810567584426,904,631,880.0,867.0,-0.09505634168819427,-0.10134650326566776,-5.446327194686995,-0.36039971084458544,-0.09505634168819421,False,-5.446327194686991,-0.10134650326566685,False,-5.806726905531526
1127,18.781475585850487,895,630,863.0,864.0,-0.11504529637346365,-0.13590910222025068,-6.591609935031183,-1.1954080196012618,-0.11504529637346383,False,-6.591609935031193,-0.13590910222024988,False,-7.787017954632404
1128,18.798140604116547,886,629,845.0,862.0,-0.1350307455342165,-0.17418248308264742,-7.736691823615595,-2.2432293221289523,-0.13503074553421657,False,-7.736691823615598,-0.17418248308264594,False,-9.979921145744473
1129,18.814805622382607,878,627,828.0,859.0,-0.1531536147872126,-0.212270495716091,-8.775055744479678,-3.387147775202149,-0.1531536147872128,False,-8.775055744479689,-0.21227049571609058,False,-12.162203519681812
1130,18.831470640648668,870,626,814.0,856.0,-0.1709604536067691,-0.23883119958465762,-9.79531245530998,-3.888707296937515,-0.17096045360676904,False,-9.795312455309979,-0.23883119958465926,False,-13.684019752247595
1131,18.848135658914728,863,624,800.0,852.0,-0.1869792699189111,-0.2695890779209262,-10.713123022791036,-4.733193344901529,-0.18697926991891123,False,-10.713123022791043,-0.26958907792092646,False,-15.446316367692573
1132,18.86480067718079,857,623,788.0,849.0,-0.20043242686969728,-0.29632096365471494,-11.483932137198172,-5.494008461466461,-0.2004324268696971,False,-11.483932137198162,-0.29632096365471483,False,-16.97794059866462
1133,18.881465695446852,853,622,778.0,846.0,-0.20954773939938778,-0.3230892416826378,-12.006201074092155,-6.505448880405238,-0.20954773939938764,False,-12.006201074092148,-0.32308924168263786,False,-18.511649954497386
1134,18.898130713712913,848,620,770.0,843.0,-0.2213144423477913,-0.3364750591017295,-12.68038349181982,-6.5982173061242095,-0.2213144423477913,False,-12.68038349181982,-0.3364750591017298,False,-19.278600797944055
1135,18.914795731978973,845,619,763.0,841.0,-0.228295603962611,-0.3538251121739431,-13.080374588447723,-7.19231102486213,-0.22829560396261117,False,-13.080374588447732,-0.3538251121739435,False,-20.27268561330989
1136,18.931460750245034,842,619,759.0,840.0,-0.23476945308659616,-0.3592664560504758,-13.451298820456538,-7.1331528318580055,-0.23476945308659625,False,-13.451298820456543,-0.35926645605047725,False,-20.584451652314623
1137,18.948125768511094,841,618,757.0,839.0,-0.23744382187043556,-0.36322608633380205,-13.60452886463207,-7.20679289134925,-0.23744382187043556,False,-13.60452886463207,-0.36322608633380327,False,-20.811321755981396
1138,18.964790786777154,841,619,756.0,838.0,-0.23692298346589624,-0.3702300590214402,-13.57468702224364,-7.637932808564249,-0.23692298346589613,False,-13.574687022243634,-0.37023005902144135,False,-21.21261983080796
1139,18.981455805043215,842,619,757.0,839.0,-0.23476945308659616,-0.3686959026580498,-13.451298820456538,-7.673420325615945,-0.23476945308659625,False,-13.451298820456543,-0.3686959026580503,False,-21.12471914607251
1140,18.998120823309275,844,619,761.0,840.0,-0.23045574664629373,-0.3592664560504758,-13.204141647368807,-7.38031000494574,-0.23045574664629376,False,-13.204141647368807,-0.35926645605047725,False,-20.584451652314623
1141,19.014785841575335,847,620,766.0,842.0,-0.22347660114063303,-0.3498556018570981,-12.804266065286752,-7.240983360134259,-0.22347660114063306,False,-12.804266065286754,-0.3498556018570973,False,-20.045249425420963
1142,19.0314508598414,851,621,773.0,844.0,-0.21434308965628568,-0.3364750591017295,-12.280954405099381,-6.997646392844661,-0.21434308965628546,False,-12.280954405099369,-0.3364750591017298,False,-19.278600797944055
1143,19.04811587810746,856,622,781.0,847.0,-0.20304521725346514,-0.3217505543966422,-11.633633998940438,-6.801314823981583,-0.20304521725346536,False,-11.63363399894045,-0.3217505543966439,False,-18.43494882292211
1144,19.06478089637352,861,624,792.0,850.0,-0.19132451561850763,-0.29632096365471494,-10.962087262325289,-6.015853336339328,-0.19132451561850772,False,-10.962087262325294,-0.29632096365471483,False,-16.97794059866462
1145,19.08144591463958,868,625,802.0,852.0,-0.17569757675705638,-0.28294808572151336,-10.06672961885516,-6.14500151429338,-0.17569757675705633,False,-10.066729618855156,-0.28294808572151453,False,-16.211731133148614
1146,19.09811093290564,875,627,815.0,855.0,-0.1597021081792875,-0.25732371497108864,-9.150256778014878,-5.593306058455849,-0.15970210817928754,False,-9.15025677801488,-0.25732371497108986,False,-14.743562836470804
1147,19.1147759511717,883,628,829.0,858.0,-0.14189705460416394,-0.2306059362595526,-8.13010235415598,-5.082644524179265,-0.14189705460416402,False,-8.130102354155985,-0.23060593625955406,False,-13.212746878335325
1148,19.13144096943776,892,630,844.0,860.0,-0.12161902326134658,-0.20574261139803554,-6.968256741378544,-4.819926557729085,-0.12161902326134655,False,-6.968256741378542,-0.20574261139803696,False,-11.788183299107704
1149,19.148105987703822,901,631,859.0,863.0,-0.1016440669541142,-0.17909477459664214,-5.823776049015904,-4.43759866821848,-0.1016440669541141,False,-5.8237760490158985,-0.17909477459664203,False,-10.261374717234379
1150,19.164771005969882,910,632,876.0,865.0,-0.08167629977394518,-0.14490004858016167,-4.679707263292379,-3.6224539715914763,-0.08167629977394508,False,-4.679707263292373,-0.14490004858016192,False,-8.302161234883874
1151,19.181436024235946,920,632,893.0,867.0,-0.05966361652678794,-0.11439203107265948,-3.4184734174719367,-3.1357071729208346,-0.059663616526787866,False,-3.4184734174719322,-0.11439203107265783,False,-6.554180590392665
1152,19.198101042502007,929,632,911.0,868.0,-0.03980197745911064,-0.07612380322052725,-2.2804853246818757,-2.0810873203387206,-0.03980197745911074,False,-2.2804853246818815,-0.07612380322052559,False,-4.3615726450205
1153,19.214766060768067,938,633,929.0,869.0,-0.01986493625116497,-0.03811712217263136,-1.1381770074881843,-1.0457732201881358,-0.019864936251165144,False,-1.1381770074881943,-0.038117122172632634,False,-2.1839502276763807
1154,19.231431079034127,947,633,946.0,869.0,0.0,-0.004237262776246715,0.0,-0.24277727376682823,0.0,False,0.0,-0.0042372627762468085,False,-0.24277727376682823
1155,19.248096097300188,956,633,964.0,869.0,0.01986493625116497,0.033885329904117606,1.1381770074881843,0.8033093834262037,0.019864936251165144,False,1.1381770074881943,0.03388532990411619,False,1.9414863909142963
1156,19.264761115566248,964,632,982.0,868.0,0.0375929003624723,0.07612380322052725,2.1539145304254856,2.207658114595122,0.037592900362472204,False,2.15391453042548,0.07612380322052559,False,4.3615726450205
1157,19.28142613383231,971,632,999.0,866.0,0.05304752976147111,0.11909188524916606,3.039399568926921,3.784062830106604,0.05304752976147098,False,3.0393995689269135,0.11909188524916559,False,6.823462399033493
1158,19.29809115209837,978,631,1015.0,865.0,0.06862819617663381,0.15682131959424891,3.93210599651697,5.053093753905738,0.06862819617663396,False,3.9321059965169787,0.1568213195942505,False,8.985199750422794
1159,19.31475617036443,984,630,1030.0,862.0,0.08203768258471533,0.1957371865774664,4.700412973138083,6.514501711515489,0.08203768258471555,False,4.700412973138096,0.19573718657746753,False,11.214914684653635
1160,19.331421188630493,989,630,1043.0,860.0,0.09306372872441795,0.2306059362595526,5.3321588816595575,7.880587996675687,0.09306372872441804,False,5.332158881659562,0.23060593625955406,False,13.212746878335325
1161,19.348086206896554,994,629,1056.0,857.0,0.10429722865024622,0.2655096587899116,5.9757910165700405,9.236791852050466,0.10429722865024615,False,5.975791016570036,0.26550965878991306,False,15.21258286862058
1162,19.364751225162614,997,628,1067.0,854.0,0.11114717703865855,0.3003634415449125,6.368264149108507,10.841293371439384,0.11114717703865873,False,6.368264149108517,0.30036344154491346,False,17.209557520547953
1163,19.381416243428674,1000,628,1074.0,852.0,0.11775624512387521,0.3190695956723733,6.746935856906029,11.534405346066597,0.11775624512387539,False,6.74693585690604,0.31906959567237436,False,18.281341202972687
1164,19.398081261694735,1002,627,1081.0,850.0,0.12242715336582026,0.3404649468595299,7.014559185662352,12.492645341534564,0.12242715336582011,False,7.0145591856623435,0.3404649468595302,False,19.507204527196933
1165,19.414746279960795,1003,627,1086.0,848.0,0.1246303249362799,0.3592664560504758,7.140791618192899,13.443660034121649,0.1246303249362799,False,7.140791618192899,0.35926645605047725,False,20.584451652314623
1166,19.431411298226855,1003,628,1088.0,847.0,0.12435499454676144,0.3702300590214402,7.125016348901798,14.087603481906095,0.12435499454676124,False,7.125016348901787,0.37023005902144135,False,21.21261983080796
1167,19.448076316492916,1002,627,1088.0,847.0,0.12242715336582026,0.3726449038498295,7.014559185662352,14.336421061991244,0.12242715336582011,False,7.0145591856623435,0.37264490384982807,False,21.35098024765351
1168,19.464741334758976,1001,628,1086.0,848.0,0.11995700201220146,0.3686959026580498,6.8730299383414675,14.251689207731024,0.11995700201220139,False,6.873029938341463,0.3686959026580503,False,21.12471914607251
1169,19.48140635302504,999,628,1081.0,849.0,0.11555434167368747,0.3552950139583206,6.620776082314977,13.736128699538467,0.1155543416736875,False,6.620776082314979,0.35529501395831886,False,20.356904781853345
1170,19.4980713712911,996,629,1075.0,851.0,0.10870123344831388,0.34188206252704473,6.228121904454682,13.360277369572703,0.10870123344831395,False,6.228121904454685,0.3418820625270449,False,19.58839927402739
1171,19.51473638955716,993,629,1067.0,853.0,0.10209369182912506,0.3190695956723733,5.849537656718124,12.43180354625451,0.10209369182912509,False,5.849537656718125,0.31906959567237436,False,18.281341202972687
1172,19.53140140782322,989,629,1058.0,855.0,0.09326979896201444,0.29632096365471494,5.343965836557094,11.633974762107544,0.0932697989620146,False,5.3439658365571026,0.29632096365471483,False,16.97794059866462
1173,19.54806642608928,985,630,1048.0,858.0,0.08424457825939624,0.2695890779209262,4.826858781122976,10.61945758656959,0.08424457825939635,False,4.826858781122982,0.26958907792092646,False,15.446316367692573
1174,19.564731444355342,979,631,1035.0,860.0,0.07083472608744631,0.23983467557654625,4.058530847775905,9.68298384364953,0.07083472608744623,False,4.0585308477758995,0.23983467557654592,False,13.741514691425404
1175,19.581396462621402,971,631,1021.0,862.0,0.05316493050838316,0.21316188819196974,3.046126136236665,9.167150410202746,0.053164930508383,False,3.0461261362366563,0.21316188819196924,False,12.213276546439376
1176,19.598061480887463,963,632,1006.0,865.0,0.035383456124151315,0.18249600024803592,2.0273227005001964,8.428927891730682,0.03538345612415128,False,2.027322700500194,0.1824960002480367,False,10.456250592230928
1177,19.614726499153527,956,633,990.0,866.0,0.01986493625116497,0.14490004858016167,1.1381770074881843,7.16398422739568,0.019864936251165144,False,1.1381770074881943,0.14490004858016192,False,8.302161234883874
1178,19.631391517419587,948,633,975.0,868.0,0.002207501932990164,0.11439203107265948,0.12648054402730746,6.427700046365461,0.00220750193299013,False,0.12648054402730552,0.11439203107265783,False,6.554180590392665
1179,19.648056535685647,940,633,959.0,868.0,-0.015451308883573751,0.08067557996359599,-0.8852947869817718,5.5076650286660005,-0.015451308883573933,False,-0.8852947869817822,0.08067557996359653,False,4.622370241684269
1180,19.664721553951708,933,632,942.0,869.0,-0.03096355218298102,0.03795644518831435,-1.7740808588178993,3.9488249734279606,-0.03096355218298097,False,-1.7740808588178965,0.03795644518831409,False,2.174744114610039
1181,19.681386572217768,925,632,926.0,869.0,-0.048634185505007387,0.004219384243003488,-2.7865335694932476,3.0282864787613453,-0.0486341855050072,False,-2.786533569493237,0.004219384243004498,False,0.24175290926815948
1182,19.69805159048383,916,632,909.0,868.0,-0.06847683859794851,-0.029652323188272874,-3.9234338460609828,2.2244808746150513,-0.0684768385979484,False,-3.9234338460609766,-0.029652323188273044,False,-1.6989529714459506
1183,19.71471660874989,908,631,892.0,867.0,-0.08625991559508195,-0.06769302269396865,-4.942329104752907,1.063804601905204,-0.08625991559508206,False,-4.942329104752913,-0.0676930226939696,False,-3.87852450284776
1184,19.73138162701595,899,630,875.0,865.0,-0.10626486289107881,-0.1017747993348465,-6.088528154195175,0.25726169151761685,-0.10626486289107895,False,-6.088528154195183,-0.1017747993348479,False,-5.831266462677642
1185,19.74804664528201,891,629,860.0,863.0,-0.12408087174661006,-0.13171166687264657,-7.109310269384816,-0.4372123550508832,-0.1240808717466102,False,-7.109310269384824,-0.13171166687264702,False,-7.546522624435733
1186,19.764711663548074,885,628,846.0,861.0,-0.1375193464846038,-0.16584457152637153,-7.879278154965031,-1.6229158486515545,-0.13751934648460384,False,-7.879278154965035,-0.165844571526371,False,-9.502194003616564
1187,19.781376681814134,879,627,833.0,859.0,-0.15096780988593556,-0.1957371865774664,-8.649818348797494,-2.565096335856082,-0.15096780988593572,False,-8.649818348797503,-0.19573718657746753,False,-11.214914684653635
1188,19.798041700080194,873,625,821.0,856.0,-0.1647842459438798,-0.22141745017602193,-9.441441822830066,-3.2448435828041697,-0.16478424594387997,False,-9.441441822830077,-0.22141745017602332,False,-12.686285405634322
1189,19.814706718346255,868,624,809.0,853.0,-0.17608517173521832,-0.2521580269545241,-10.088937175264304,-4.358653539575988,-0.17608517173521854,False,-10.088937175264316,-0.2521580269545254,False,-14.447590714840356
1190,19.831371736612315,863,624,800.0,851.0,-0.1869792699189111,-0.2707196292562142,-10.713123022791036,-4.797969164936407,-0.18697926991891123,False,-10.713123022791043,-0.27071962925621307,False,-15.511092187727375
1191,19.848036754878375,859,622,792.0,849.0,-0.1965252380504784,-0.28700518487114873,-11.260066708096227,-5.1841190833925515,-0.19652523805047828,False,-11.26006670809622,-0.28700518487114834,False,-16.444185791488746
1192,19.864701773144436,856,622,786.0,847.0,-0.20304521725346514,-0.30161904626623964,-11.633633998940438,-5.647864372876202,-0.20304521725346536,False,-11.63363399894045,-0.30161904626623937,False,-17.281498371816628
1193,19.881366791410496,855,621,782.0,846.0,-0.20566702989297378,-0.31372933605498354,-11.783852797858337,-6.1915140675337135,-0.20566702989297392,False,-11.783852797858344,-0.3137293360549833,False,-17.975366865392033
1194,19.898031809676556,854,621,779.0,845.0,-0.20783904438543416,-0.3230892416826378,-11.908300061317567,-6.60334989317981,-0.20783904438543432,False,-11.908300061317576,-0.32308924168263786,False,-18.511649954497386
1195,19.91469682794262,854,621,779.0,845.0,-0.20783904438543416,-0.3230892416826378,-11.908300061317567,-6.60334989317981,-0.20783904438543432,False,-11.908300061317576,-0.32308924168263786,False,-18.511649954497386
1196,19.93136184620868,854,621,780.0,845.0,-0.20783904438543416,-0.3190695956723733,-11.908300061317567,-6.373041141655061,-0.20783904438543432,False,-11.908300061317576,-0.31906959567237436,False,-18.281341202972687
1197,19.94802686447474,856,622,782.0,846.0,-0.20304521725346514,-0.3190695956723733,-11.633633998940438,-6.647707204032186,-0.20304521725346536,False,-11.63363399894045,-0.31906959567237436,False,-18.281341202972687
1198,19.9646918827408,858,622,787.0,847.0,-0.19870047428972334,-0.3056661507103368,-11.384698564048872,-6.12868181166318,-0.19870047428972315,False,-11.384698564048861,-0.3056661507103371,False,-17.513380375712067
1199,19.981356901006862,862,623,792.0,849.0,-0.1895696326639322,-0.3003634415449125,-10.861539875488669,-6.348017645059219,-0.189569632663932,False,-10.861539875488656,-0.30036344154491346,False,-17.209557520547953
1200,19.998021919272922,865,624,800.0,851.0,-0.18262686827622934,-0.27888139250551586,-10.463748777919566,-5.514977997377851,-0.18262686827622954,False,-10.463748777919577,-0.27888139250551447,False,-15.978726775297327
1201,20.014686937538983,870,625,808.0,853.0,-0.17133716776074026,-0.2655096587899116,-9.816896586415371,-5.395686282205132,-0.17133716776074026,False,-9.816896586415371,-0.26550965878991306,False,-15.21258286862058
1202,20.031351955805043,876,626,818.0,855.0,-0.15786813623386528,-0.24805873552229335,-9.045177925796787,-5.16754069098253,-0.1578681362338652,False,-9.045177925796782,-0.2480587355222923,False,-14.212718616779261
1203,20.048016974071103,883,627,829.0,857.0,-0.14221023968631394,-0.2306059362595526,-8.148046537569632,-5.064700340765621,-0.14221023968631386,False,-8.148046537569629,-0.23060593625955406,False,-13.212746878335325
1204,20.064681992337167,889,628,841.0,859.0,-0.12874815683868931,-0.20487671703710847,-7.376726006945285,-4.361845199777028,-0.12874815683868945,False,-7.376726006945293,-0.2048767170371093,False,-11.738571206722371
1205,20.081347010603228,897,629,853.0,861.0,-0.1109016601814936,-0.1874291124436737,-6.3541970693936385,-4.384700031511808,-0.11090166018149361,False,-6.354197069393639,-0.18742911244367377,False,-10.738897100905447
1206,20.098012028869288,904,630,867.0,863.0,-0.09526630364781384,-0.15748332232447285,-5.458357128831492,-3.5647725840591704,-0.09526630364781363,False,-5.45835712883148,-0.15748332232447382,False,-9.023129712890727
1207,20.11467704713535,912,631,881.0,865.0,-0.07745008716444297,-0.13171166687264657,-4.437563117442932,-3.1089595069927727,-0.07745008716444302,False,-4.437563117442934,-0.13171166687264702,False,-7.546522624435733
1208,20.13134206540141,920,632,895.0,866.0,-0.05966361652678794,-0.10643387697397651,-3.4184734174719367,-2.6797385303515577,-0.059663616526787866,False,-3.4184734174719322,-0.10643387697397699,False,-6.098211947823516
1209,20.14800708366747,929,632,911.0,867.0,-0.03980197745911064,-0.07644647637726203,-2.2804853246818757,-2.0995751303817967,-0.03980197745911074,False,-2.2804853246818815,-0.07644647637726365,False,-4.380060455063754
1210,20.16467210193353,937,632,926.0,868.0,-0.02212028522875539,-0.04657645976759853,-1.2673989852332606,-1.4012355841110171,-0.02212028522875542,False,-1.2673989852332623,-0.04657645976759994,False,-2.668634569344356
1211,20.18133712019959,944,632,941.0,868.0,-0.006637070683989758,-0.012711179763426197,-0.38027613852261966,-0.34802081455380557,-0.006637070683989776,False,-0.3802761385226207,-0.012711179763424951,False,-0.7282969530763499
1212,20.19800213846565,952,632,956.0,868.0,0.011061495731246677,0.01694752980640491,0.6337770205024109,0.33724491057674716,0.011061495731246485,False,0.6337770205023999,0.016947529806405015,False,0.9710219310791725
1213,20.214667156731714,959,632,971.0,867.0,0.026542437751397186,0.05101951586697104,1.5207696611437658,1.4024332708344003,0.026542437751396974,False,1.5207696611437536,0.0510195158669724,False,2.9232029319782558
1214,20.231332174997775,965,631,985.0,866.0,0.039890136694051906,0.08490179344972196,2.2855364767691126,2.5789779609914096,0.039890136694051836,False,2.2855364767691086,0.08490179344972049,False,4.864514437760442
1215,20.247997193263835,971,631,999.0,865.0,0.05316493050838316,0.11909188524916606,3.046126136236665,3.7773362627968616,0.053164930508383,False,3.0461261362366563,0.11909188524916559,False,6.823462399033493
1216,20.264662211529895,976,630,1012.0,864.0,0.06435545164726249,0.15264932839526515,3.6872957680463823,5.058866494508836,0.06435545164726264,False,3.6872957680463907,0.1526493283952668,False,8.746162262555302
1217,20.281327229795956,981,630,1023.0,862.0,0.07541227280096435,0.17909477459664214,4.320804954984468,5.940569762249926,0.07541227280096452,False,4.320804954984478,0.17909477459664203,False,10.261374717234379
1218,20.297992248062016,984,629,1035.0,860.0,0.08221957316323535,0.2172934309230211,4.710834535620473,7.739161972186122,0.08221957316323536,False,4.7108345356204735,0.21729343092302145,False,12.44999650780662
1219,20.314657266328076,988,629,1044.0,858.0,0.09106149360485653,0.23983467557654625,5.217439259715816,8.524075431709598,0.09106149360485638,False,5.217439259715807,0.23983467557654592,False,13.741514691425404
1220,20.331322284594137,990,628,1051.0,856.0,0.09568901398248113,0.26142116885694905,5.48257664696449,9.495753003915537,0.09568901398248109,False,5.482576646964488,0.2614211688569483,False,14.978329650879974
1221,20.347987302860197,991,628,1057.0,855.0,0.09790030773846166,0.28294808572151336,5.609274446445807,10.602456686702741,0.09790030773846148,False,5.609274446445796,0.28294808572151453,False,16.211731133148614
1222,20.36465232112626,992,628,1061.0,854.0,0.1001106414126568,0.29632096365471494,5.735917237292832,11.242023361371796,0.10011064141265669,False,5.735917237292826,0.29632096365471483,False,16.97794059866462
1223,20.38131733939232,992,628,1063.0,853.0,0.1001106414126568,0.3056661507103368,5.735917237292832,11.777463138419215,0.10011064141265669,False,5.735917237292826,0.3056661507103371,False,17.513380375712067
1224,20.397982357658382,992,628,1064.0,853.0,0.1001106414126568,0.3097029445424562,5.735917237292832,12.008754387764093,0.10011064141265669,False,5.735917237292826,0.3097029445424546,False,17.744671625056842
1225,20.414647375924442,990,628,1062.0,853.0,0.09568901398248113,0.3097029445424562,5.48257664696449,12.262094978092456,0.09568901398248109,False,5.482576646964488,0.3097029445424546,False,17.744671625056842
1226,20.431312394190503,989,628,1058.0,853.0,0.09347678115858947,0.2975617247378059,5.35582504285519,11.693205929254633,0.09347678115858926,False,5.355825042855178,0.2975617247378075,False,17.049030972109914
1227,20.447977412456563,987,629,1053.0,855.0,0.088852297283522,0.28413389852586585,5.09086163438752,11.188811567743002,0.08885229728352195,False,5.090861634387517,0.2841338985258659,False,16.279673202130517
1228,20.464642430722623,984,629,1047.0,856.0,0.08221957316323535,0.2707196292562142,4.710834535620473,10.800257652106952,0.08221957316323536,False,4.7108345356204735,0.27071962925621307,False,15.511092187727375
1229,20.481307448988684,980,630,1039.0,858.0,0.07320229908789706,0.2532174056543325,4.194182788390857,10.314105854854493,0.07320229908789688,False,4.194182788390847,0.2532174056543326,False,14.508288643245365
1230,20.497972467254744,976,630,1029.0,860.0,0.06435545164726249,0.22648128693404307,3.6872957680463823,9.28912611196569,0.06435545164726264,False,3.6872957680463907,0.22648128693404246,False,12.97642188001203
1231,20.514637485520808,970,630,1019.0,862.0,0.05106667411114033,0.208147833640982,2.9259049003383257,9.000087482081113,0.0510666741111403,False,2.9259049003383235,0.20814783364098233,False,11.925992382419462
1232,20.53130250378687,965,631,1009.0,863.0,0.039890136694051906,0.1874291124436737,2.2855364767691126,8.453360624136339,0.039890136694051836,False,2.2855364767691086,0.18742911244367377,False,10.738897100905447
1233,20.54796752205293,958,631,996.0,864.0,0.024385409172718538,0.16166679733512207,1.3971810272963765,7.86564414740293,0.024385409172718475,False,1.397181027296373,0.16166679733512268,False,9.262825174699353
1234,20.56463254031899,952,632,983.0,866.0,0.011061495731246677,0.13171166687264657,0.6337770205024109,6.912745603933307,0.011061495731246485,False,0.6337770205023999,0.13171166687264702,False,7.546522624435733
1235,20.58129755858505,945,632,970.0,866.0,-0.004424749884311072,0.10643387697397651,-0.2535194937720237,6.351731441595501,-0.004424749884310852,False,-0.2535194937720111,0.10643387697397699,False,6.098211947823516
1236,20.59796257685111,937,632,956.0,867.0,-0.02212028522875539,0.08067557996359599,-1.2673989852332606,5.8897692269175055,-0.02212028522875542,False,-1.2673989852332623,0.08067557996359653,False,4.622370241684269
1237,20.61462759511717,931,632,942.0,867.0,-0.035383456124151315,0.04677436912252888,-2.0273227005001964,4.7072966406081465,-0.03538345612415128,False,-2.027322700500194,0.046774369122527304,False,2.67997394010785
1238,20.63129261338323,923,631,928.0,867.0,-0.05316493050838316,0.021183271578959544,-3.046126136236665,4.259838193990463,-0.053164930508383,False,-3.0461261362366563,0.02118327157895905,False,1.213712057753781
1239,20.64795763164929,916,630,913.0,867.0,-0.06878022328532914,-0.012657551834051962,-3.940816508216789,3.2155922091575286,-0.06878022328532918,False,-3.940816508216791,-0.012657551834053038,False,-0.7252242990593136
1240,20.664622649915355,909,630,900.0,866.0,-0.08424457825939624,-0.03811712217263136,-4.826858781122976,2.6429085534466776,-0.08424457825939635,False,-4.826858781122982,-0.038117122172632634,False,-2.1839502276763807
1241,20.681287668181415,903,629,887.0,865.0,-0.09768365289272209,-0.06769302269396865,-5.596861038173871,1.718336535326161,-0.09768365289272207,False,-5.59686103817387,-0.0676930226939696,False,-3.87852450284776
1242,20.697952686447476,896,628,873.0,864.0,-0.11335131213320451,-0.09715082314954833,-6.494551787502659,0.9282196448116862,-0.11335131213320437,False,-6.494551787502651,-0.0971508231495477,False,-5.566332142690939
1243,20.714617704713536,891,627,860.0,862.0,-0.1246303249362799,-0.13115761070157025,-7.140791618192899,-0.3739859260269521,-0.1246303249362799,False,-7.140791618192899,-0.13115761070157106,False,-7.514777544219902
1244,20.731282722979596,886,627,849.0,860.0,-0.13562754427367862,-0.15748332232447285,-7.7708858726055015,-1.252243840285181,-0.1356275442736785,False,-7.770885872605495,-0.15748332232447382,False,-9.023129712890727
1245,20.747947741245657,881,626,838.0,858.0,-0.14691583304301073,-0.18326516206755578,-8.417657177013156,-2.082663141238809,-0.14691583304301092,False,-8.417657177013169,-0.18326516206755628,False,-10.500320318252003
1246,20.764612759511717,876,625,828.0,857.0,-0.15821701171047062,-0.20401797959254858,-9.065167018181889,-2.624202157257299,-0.15821701171047042,False,-9.065167018181878,-0.20401797959254964,False,-11.689369175439253
